867
880.379
844.499
851
868.272
891
937
954.666
937.213
977
937.685
961.588
933.937
950.276
924.553
923.832
937.239
906
931.505
918.545
929
938.542
945
977
992
977
976
1018.33
969
965.436
964.455
959.584
955.245
952.141
914
926.102
922.747
923.389
926.53
927.981
929.619
930.54
931.401
932.167
932.785
933.219
933.586
1039
1016
1001.39
996.674
1008
1008
1003.06
998.92
995.776
992
989.734
891
932.905
914
916.063
969
964.709
984
961
963.026
963.765
961.386
958.817
930
934.538
953
948.404
947.459
953
953.987
956.742
957.906
1000
992.02
984
983.134
983.023
980.099
937
949.282
946.159
942.864
961
963.229
959.249
959.118
960.789
957.549
954.035
953.745
1000
1000
988.233
979.889
974.178
967.82
969
964.624
960.748
959.659
959.337
984
1000
961
961
953
961
984
982.189
977
970.826
967.188
984
986.888
984.572
975.29
970.229
969.788
974.004
977.713
974.996
961
957.923
962.01
971.797
891
935.602
961
957.891
956.78
954.365
1000
992.812
984.227
980.264
983.554
986.036
980.622
974.744
977.916
979.957
975.743
938
948.791
954.834
956.393
950.044
898
912.86
919.768
923.4
918.682
914
921.792
929.084
961
952.495
945.078
948.533
956.249
875
896.216
836
840.596
890
938
953
961
957.64
951.578
942.762
933.424
923.296
914.777
844
852.137
836
833.546
835.63
838.038
867
877.086
886.402
867
873.001
874.058
872.273
867
866.972
867.106
865.888
865.104
864.792
865.626
867.294
852
856.729
858.027
859.307
861.043
862.998
864.996
865.722
836
850.816
828
831.528
831.234
830.866
781
836.084
824.233
758
816.562
805.799
804.684
808.33
811.108
789
766
779.503
778.826
777.84
780.781
783.351
773
758
758
758
758.995
773
771.093
774.633
777.155
779.377
781.096
782.526
782.99
783.732
783.135
782.755
782.548
781.516
780.67
820
808.251
802.488
799.939
798.367
796.079
793.602
797
793.352
789
787.953
786.992
786.396
785.935
785.547
785.12
784.696
784.334
784.276
784.371
797
797
797
789
773
781.229
781.694
783.445
783.843
784.63
786.999
790.435
792.344
791.464
789.54
789.135
766
773.291
775.096
777.17
750
727
734
736.599
739.95
742.643
746.451
742
746.661
748.953
751.919
754.451
757.335
760.538
763.347
766.055
768.347
770.326
772.064
773.494
773.469
711
725.52
711
718
727
711
742
742.416
744.892
766
764.644
763.413
766
763.362
760.152
789
779.793
789
782.875
805
797.807
794.777
812
804.163
789
793.3
790.083
787.704
820
808.304
803.947
804.619
820
814.324
810.881
810.014
809.365
807.194
804.982
803.724
860
836.806
844
836
834.749
833.91
875
867
857.841
852.434
850.428
852
850.499
846.995
836
835.368
836
834.46
832.375
899
877.367
930
907.671
898.67
895.748
889.987
884.412
844
847.806
844.804
844.074
898
892.281
867
867.98
867.649
875
906
875
860
861.779
862.261
851
821
824.518
825.784
827.484
828.975
844
853.889
858.607
861.202
863.616
865.061
805
819.163
820
821.845
812
816.612
819.638
821.36
822.899
825.376
827.73
829.243
782
796.358
798.67
800.962
802.793
807.239
742
750
753.105
755.698
759.417
764.007
768.719
773.243
777.262
742
750
752.657
755.183
758.313
761.303
765.139
768.871
772.019
775.111
781
783.844
786.339
758
766.001
769.136
769.019
766.603
767.43
770.667
769.351
763.84
765.326
766.936
764.123
760.96
773
771.617
781
773.704
772.028
773.919
771.548
766
767.69
769.731
765
758
763.074
766.009
750
750
754.498
755.954
751.561
756.858
762.06
797
786.078
782.077
797
794.394
785.501
789
781
776.063
773.487
774.012
758
761.571
766
773
769.089
769.459
828
810.314
803.279
801.997
797.007
788.136
883
842.966
825.28
906
863.006
845.314
961
976
924.373
909.275
912.536
908.232
897.906
892.372
892.527
890.292
961
953
930.71
922.718
922.067
918.095
984
969
949.292
942.993
939.978
961
945.263
934.628
930.421
928.174
1000
977
956.888
946.985
914
929
937.266
938.979
931.964
924.955
953
945
944.59
938.521
933.854
936.503
941.331
938.253
932.287
929.063
932.724
936.87
933.598
928.738
828
805
828
797
812.267
819.522
789
789
805
805.743
843
847.797
858.351
866.023
906
908.659
910.46
912.287
914.168
914.584
913.893
912.085
910.605
906
905.316
904.454
903.077
902.187
901.52
900.912
899.282
897.643
895.969
890
891
888.389
885.562
883.518
881.896
881.76
881.61
881.498
881.359
867
875
844
902.716
836
895.829
885.04
883.628
859
899.727
886.997
884.731
890
887.34
888.57
889.421
922
908.186
905.344
905.284
907.199
906.385
904.691
903.928
902.876
902.057
883
895.78
889.127
883
885.274
883.381
883.641
884.309
884.682
885.439
914
906.87
914
911.33
910.785
914
922
937
934.545
914
913.874
922
923.365
922.158
919.235
917.08
917.419
917.736
916.546
914.967
913.42
912.044
910.975
910.233
909.607
938
932.004
928.479
925.67
923.269
920.389
916.722
914.216
912.701
912.267
912.458
914
922
914
915.041
916.085
916.996
916.642
916.105
914
913.707
945
938
953
944.146
940.269
939.058
938.669
936.673
930
928.975
914
915.765
914.979
915.888
917.13
953
953
950.19
947.146
899
937
931.25
930.459
922
923.92
930
927.767
914
918.026
914
914.819
913.767
915.365
916.271
992
964.513
1031
1011.37
1039
1028.84
1022.27
1019.21
1013.94
1010.41
1007.15
1005.72
1004.69
992
1008
1003.49
1002.43
1002.99
1002.84
1003.21
1003.21
1003.93
1004.08
1004.84
1000
1002.25
1001.14
1001.54
1000.11
1001.15
1000.89
1001.57
1002.21
883
1019.09
898
980.623
974.755
972.366
973.003
1031
1016
1012.05
1000
1000
1005.33
1006.43
984
996.062
953
972.872
970.657
967.965
967.766
992
984.765
985
1000
1015
1009.24
1006.3
1006.08
1005.35
1001.52
998.813
1000
996.577
993.508
991.775
992.103
883
883
890
883
891
890
896.623
891
898
898.93
899
902.485
945
922
922
928.419
930.24
931.57
933.908
936.287
938.788
940.951
942.816
907
920.453
914
922
922
921.342
922
922
921.713
920.571
919.408
918.304
917.377
992
946
953
949.374
914
923.698
925.272
945
930
928.814
931.941
933.124
945
938.745
936.078
914
922
891
899.257
900.098
930
929.495
929.557
929.634
931.491
992
971.027
961
955.106
950.323
968
963.644
955.507
950.514
949.51
950.716
984
975.288
968.489
963.61
961.098
962.731
953
951.158
914
914
915.03
915.631
917.006
898
902.163
906
907.481
908.936
945
957.696
957.944
958.934
960.849
959.188
955.971
952.904
949.692
946.368
943.388
891
905.826
905.934
922
927.87
929
931.704
930.939
928.061
925.607
922.758
919.916
937
930
929.777
928.657
927.422
926.452
926.362
914
919.712
883
909.544
904.07
883
894.301
891.861
930
920.35
922.333
953
945.78
945.188
946.101
930
945
914
906
907.747
905.341
859
881.61
877.868
877.229
882.116
883.33
945
922
945
939.598
936.649
933.548
930.8
927.659
844
870.236
871.846
869.804
876.831
883.388
883.693
886.828
914
912.907
922
918.732
913.096
906
901.837
898.837
906
902.211
903.292
906
883
893.775
867
844
849.709
850.057
853.579
857.14
860.47
862.983
864.73
821
828
828.705
827.636
830.956
891
891.349
883
875
890
888.791
899
896.019
891.495
887.244
984
947.485
929.538
923.428
919.983
916.191
911.359
906.581
902.656
953
938.328
927.908
921.883
1000
974.742
956.827
950.756
947.12
1000
974.133
961
955.032
954.025
992
992
971.812
963.854
1016
1006
989.343
979.757
979.516
984.814
980.256
969.178
963.982
967.111
969.755
969
992
977
967.623
1000
999.336
989.586
992
992
992
983.337
976
976.792
976.811
1008
998.59
1039
1062
1048.91
1041.56
1036.89
1029.86
1022.5
1017.2
1039
1031
1039
1034.19
1070
1078
1067.98
1055
1053.59
1052.52
1048.99
1045.25
1041.91
1039.4
1036.85
1034.14
1008
1039
1047
1044.2
1042.05
1063
1078
1073.05
1055
1054.2
1057.09
1054.61
1086
1080.34
1071
1067.21
1067.6
1065.88
1062
1055
1055
1078
1070
1086
1079.45
1075.06
1073.78
1074.69
1117
1107.05
1098.39
1091.41
1117
1115.33
1109.66
1102.81
1099.55
1101.25
1031
1068.02
1065.63
1078
1071.69
1070.23
1073.1
1101
1094.56
1090.02
1087.71
1070
1077.43
1078
1077.49
1074.31
1031
1063
1039
1043.89
1043.36
1063
1059.16
1060.12
1062.84
1055
1060.53
1062.37
969
1020.48
1016.98
1013.8
1014.66
1018.15
969
995.056
992.267
989.309
992.113
984
989.738
991.563
953
970.898
969.568
967.103
1000
991.397
995.275
998.328
999.41
1001.16
984
992.172
990.895
1000
993.736
996.071
1000
998.46
999.106
1023
1014.18
1012.13
1010.95
1010.29
1009.72
1024
1070
1059.33
1051.72
1039
1039
1047
1039
1016
1014.57
1014.69
1039
1035.95
1030.51
1026.15
1047
1049.24
1044.82
1036.41
1032.68
1035.05
1036.55
1032.74
1026.73
1039
1055
1070
1055.22
1045.33
1008
1016.39
1020.83
1027.05
1026.54
1021.98
1021.61
1025.98
1031
1024
1062
1059.72
1050.87
1047
1048.07
1047
1041.34
1000
1000
1001.86
1004.75
1005.77
1006.52
1009.83
1013.33
1015.71
1008
1010.65
1000
1002.34
992
994.133
992.668
994.285
995.702
997.403
1039
1044.11
1040.64
1034.32
1031.74
1047
1048.75
1039
1034.11
1033.03
1039
1038.26
1033.46
1039
1038.57
1037.48
1034.17
1031.62
1039
1039
1036.52
1033.44
1039
1038.74
1031
1029.81
1029.75
1029.75
1028.44
1027.33
1078
1013.7
1027.43
1039
1035.5
1033.55
1036.13
1039.5
1036.06
1086
1004.72
1022.83
1027.15
1026.4
1039
1031
1034.18
1036.72
969
1016
1009.43
1055
1031.76
1027.69
1030.85
1023
1027.56
1026.62
1031
1026.13
1028.13
1028.46
1029.32
1027.91
1029.81
1028.35
1030.12
1028.89
1030.63
1031.38
1008
1000
1005.7
1006.57
1008.08
1009.85
1011.34
1023
1023.01
1024.83
1025.97
1027.39
1027.02
976
993.781
984
977
969
953
958.139
959.53
962.096
965.387
968.404
971.683
974.86
978.119
981.494
984.929
977
981.41
992
992.967
994.207
994.974
996.206
997.739
999.182
999.305
997.807
997.567
1008
1006.5
1008
1000
1000
1001.06
1000
1015
1016
1011.17
1007.09
1008
1008.52
1008
969
980.748
986.533
987.856
987.015
989.047
1000
992
993.141
995.988
998.517
996.149
969
986.528
985
984
980.488
1023
1015.86
1006.48
1039
1031
1019.01
1017.9
1000
1000
1000.26
996.954
993.396
995.859
1062
1039
1055
1048.89
1043.25
1016
1016.71
1014.14
1009.21
1000
1000
998.806
997.879
1023
1019.61
1024
1021.36
1016
1014.25
1012.23
1031
1027.85
1023.68
1020.1
1018.5
1018.9
1017.29
1014.53
1012.58
1013.08
1013.58
1014.07
1014.67
1014.8
1015.32
945
990.136
985.767
883
966.259
851
938.184
927.887
924.024
926.252
805
859.895
860.306
789
816.735
823.236
766
781
789.019
788.939
781
786.127
781
784.853
812
805
797
803.369
806.408
807.974
797
805.431
806.719
758
781
780.878
780.811
820
813.21
809.454
810.079
811.423
804.894
758
773.135
742
743.757
744.743
743.851
746.405
749.287
751.123
753.218
755.288
766
767.906
770.927
774
776.269
789
790.711
781
783.984
783.54
781.645
779.974
778.444
779.771
780.095
779.631
789
758
767.726
766.973
765.9
773
771.29
770.939
789
784.348
783.442
783.315
782.652
781.037
780.083
779.818
779.559
844
799.413
836
815.254
811.38
809.358
806.668
803.9
801.14
799.397
797.694
796.177
795.102
937
817.821
890
821.777
825.238
824.597
805
805
806.254
803.867
852
825.909
822.095
822.491
823.362
822.88
822.482
953
969
886.052
877.633
953
922.286
901.58
896.652
895.007
852
855.153
859
855.598
859
858.808
859.948
860.47
922
906.79
894.736
937
929.376
913.175
922
917.722
906.481
899.492
895.864
889.06
885.6
885.075
884.241
882.971
961
938.629
953
945.823
940.395
935.662
929.929
924.928
1055
987.777
1039
1004.17
992.021
987.295
981.217
1078
1109
1065.27
1045.2
1039.57
1055
1053.72
1046.77
1040.65
1086
1076.58
1066.83
1062.26
1059.34
961
988.533
989.027
875
921.124
924.415
921.888
1024
1025.05
1055
1050.99
1047.51
969
983.586
985.558
883
875
879.705
879.276
882.843
844
860.575
864.116
865.083
852
859.322
862.065
863.426
865.24
922
923.206
923.897
867
880.212
882.439
882.948
882.163
883.408
889.578
898
898.024
897.379
898.221
900.394
852
860.996
867
867
883
883.822
883.153
881.732
883
881.289
867
859
860.815
861.751
863.375
865.938
868.58
891
893.721
890.866
887.186
881.915
874.761
871.671
906
903.983
898.994
922
919.936
911.656
905.093
901.031
895.5
929
922
914.788
929
928.19
924.008
920.763
930
945
922
906
908.73
922
961
984
969.537
977
971.347
964.811
957.342
950.278
944.038
914
912.41
911.332
1016
1031
1008.92
998.573
990.377
978.907
965.856
954.052
945.044
938.316
933.548
930.954
930.899
931.315
931.402
930.65
928.814
927.688
927.496
927.536
906
910.318
908.121
953
961.614
922
922.68
953
922
926.511
929.3
932.087
931.959
933.833
935.964
934.702
992
954.431
949.913
977
966.199
958.128
1023
1008
987.34
985.714
1039
1016.74
1039
1025.09
1018.46
1016
1039
1026.73
1020.61
1021.01
1021.69
1019.06
1016.26
961
953
954.286
945
946
948.943
951.14
953.271
922
929.476
928.326
961
967.243
938
945.633
937
939.718
940.815
992
1000
998.648
992.421
990.597
1078
1039
1032
1024.71
1020.35
1018.16
1039
1030.98
1031
1039
1035.06
1030.77
953
975.533
937
961
959.25
962.02
969
972.033
973.895
946
945
946.21
944.685
898
913.271
910.662
909.932
912.18
914.876
917.921
1062
1036.49
1039
1031.69
1025.16
1062
1047
1039
1034.09
1033.59
1030.1
1025.32
1020.24
961
967.536
961
953
954.664
930
936.167
936.99
914
914
922
906
910.299
891
896.443
895.76
895.782
914
913.774
920.385
926.834
932.713
940.072
947.137
953.139
957.894
859
914.142
828
870.919
868.146
797
828.189
830.648
827.427
812
824.396
826.843
844
828
838.011
839.67
840.545
898
906
902.289
901.754
903.09
904.464
898
883
885.006
883
881.222
879.057
859
862.823
890
883.566
878.617
874.872
946
976
946.658
1000
987.498
973.603
945
941.064
935.616
922
916.546
916.924
915.682
914.141
922
923.606
922.755
1000
979.891
970.785
967.474
961.506
954.656
948.593
942.64
992
980.272
971.784
966.766
963.997
922
926.038
924.9
891
898
898.242
899.844
1047
1086
1024.45
1012.39
1055
1039
992
987.746
986.868
979.959
974.531
971.038
930
931.276
931.201
931.671
933.672
936.287
939.131
1023
1016
1004.77
977
970.541
992
991.727
983.517
976.072
972.076
975.273
977.723
976.351
972.551
992
993.767
1039
1070
1049.83
1036.44
1029.73
977
979.148
978.056
978.931
978.642
975.853
974.905
1101
1061.43
1044.87
1078
1072.31
1094
1109
1094.46
1086.99
1085.37
1055
1052.33
1048.33
1043.08
1040.95
1039.37
1039.29
1039.64
1040.47
1041.4
1042.65
1094
1085.44
1080.69
1078.34
985
1041.42
1036.48
914
991.776
867
939.411
867
892.788
896.174
895.712
828
854.081
859.498
821
831.425
836.303
836
838.75
841.267
859
852
856.126
859.42
862.404
865.229
868.472
871.094
873.282
898
895.33
894.796
897.501
896.823
897.658
893.382
894.509
892.48
891.949
937
923.885
916.679
859
867
867.143
868.467
869.063
868.912
969
976
945.742
936.088
930.518
921.223
914
906.347
900.422
895.474
867
836
836.342
836.361
839.067
842.255
852
898
911.815
910.514
907.553
902.945
894.871
886.634
879.848
874.505
870.565
868.612
867.771
869.351
872.039
836
845.869
845.476
906
914.783
908.844
901.754
894.918
885.02
874.598
866.438
860.035
854.936
851.812
850.885
914
906
900.293
914
908.619
897.443
887.997
878.657
906
903.281
895.048
898
896.229
890.197
883.786
878.917
875.517
873.856
953
933.122
921.239
916.187
1008
1000
968.218
957.111
953.14
946.027
922
915.924
913.2
938
935.039
927.535
921.811
921.02
945
943.386
934.781
926.957
924.09
927.957
883
894.977
977
959.792
939.75
932.972
935.749
938.073
1039
1007.89
987.902
980.99
980.253
1039
1031
1007.6
993.431
991.21
996.985
1039
1022.95
1008.04
995.889
994.06
984
986.077
983.54
969
965.672
965.024
966.816
968.906
968.71
966.277
965.441
1008
1011.83
1007.37
1047
1008
1002.28
1002.52
1031
1032.75
1027.91
992
988.224
991.119
1023
1008
984
980.789
969
976.642
945
922
921.68
930
935.609
992
1008
1003.51
998.507
1031
1036.49
1030.93
1018.1
1012.28
1016.59
1017.61
1011.16
1003.39
969
971.159
973.464
914
906
883
882.665
883.407
891
896.711
922
936.209
946.517
953.961
960.588
966.755
971.407
914
883
885.81
883
890.382
898.992
909.196
961
978.929
922
928.026
933.433
875
884.048
883
884.77
885.66
888.133
891.226
892.22
892.344
892.861
894.097
895.129
945
945.32
936.442
945
899
903.071
900.938
922
918.748
945
940.505
934.556
930.139
1039
997.646
977.88
1008
1000
1015
1024
1012.35
1007.61
1008.19
1006.62
1002.67
998.778
997.267
922
946.528
944.702
953
951.212
1031
1016.51
1013.86
1024
1023
1012.67
1008.73
1002.39
938
955.814
959.413
961
953
963.522
966.137
960.883
969
971.709
965.288
966.094
969.031
965.397
976
953
959.545
958.536
955.853
956.713
957.358
958.822
960.7
962.496
964.82
967.123
968.61
969.823
1023
995.043
988.084
986.487
985.056
982.059
979.353
977.681
976.236
922
974.619
959.999
922
946.627
944.321
943.036
945.205
946.448
1000
983.12
979.909
981.642
983.043
980.265
953
930
934.773
936.433
937.886
941.726
947.759
950.172
949.328
951.409
952.744
951.558
948.902
948.045
992
953
955.328
955.348
953.088
914
926.931
922
921.897
922.242
925.091
927.17
929.291
931.273
933.319
935.411
922
929.767
922
922
923.987
922.767
883
909.568
905.658
904.485
860
894.911
890.755
889.391
892.719
894.561
895.952
897.785
1008
1000
982.082
976.957
977
971.831
965.326
959.759
1063
1032.3
1000
994.887
995.25
930
934.645
935.641
961
955.69
949.671
961
985
980.969
970.978
964.167
962.417
959.753
945
941.982
943.149
944.718
946.136
922
927.309
937
941.812
941.469
939.728
883
883
914
914
915.28
914
917.373
867
882.649
884.547
888.365
889.346
891.108
895.888
900.729
904.871
906.762
969
969
956.412
922
921.95
860
859
859.512
891
922
924.894
917.865
911.615
976
971.395
954.857
939.04
931.006
926.703
919.162
909.599
902.246
898.894
897.764
930
934.653
926.961
985
983.692
969.914
959.189
952.132
961
953.372
961
955.286
948.162
941.438
936.026
931.723
928.222
925.915
953
961.107
992
986.616
977.107
968.106
959.436
1031
1016
992
980.442
976
969
966.217
1000
992
986.209
977.927
973.072
974.716
979.262
981.397
976.728
937
953
946
952.249
952.643
952.101
992
986.619
981.883
953
958.143
959.974
961.788
958.918
969
969.512
953
956.729
938
929
938
953
956.869
953
957.795
960.801
957.585
952.807
954.95
954.055
875
875
883
922
931.046
938.455
946.082
944.642
944.198
944.792
941.003
937.334
828
859.622
836
836
875
885.658
893.922
914
916.912
906
907.24
907.035
898
897.806
897.303
894.736
893.066
891.655
875
878.31
876.001
875.845
877.348
878.808
880.536
882.436
884.14
885.182
887.239
887.82
887.081
886.718
953
915.787
984
922
921.735
920.208
917.727
914.552
912.101
914
914
922
953
953
946.894
1008
994.255
986.281
981.734
922
927.497
953
961
952.306
961
959.246
945
944.931
941.513
936.808
933.389
932.088
932.196
932.521
922
923.364
923.353
922.237
921.964
921.74
1008
978.994
968.46
961.629
922
924.591
924.665
925.343
927.429
928.414
930.347
930.987
931.595
946
944.659
942.727
941.024
939.711
938.177
936.652
935.199
933.747
930
930.355
929.179
922
906
912.13
883
900.893
895.791
898.587
900.045
945
969
966.652
965.115
964.038
959.563
954.083
949.492
944.175
906
910.99
907.165
909.852
913.024
916.353
828
869.651
864.819
867
872.606
875.182
878.457
880.356
882.442
969
955.605
953
985
979.121
961
962.9
961.884
976
953
955.852
958.041
955.042
952.875
1000
992
1000
969
973.889
977.332
972.906
968.024
964.734
964.021
977
972.662
992
992
1016
1000
994.066
993.61
1008
1002.44
996.588
1000
1039
1030.37
1022.68
1039
1035.06
1029.49
1024.79
1021.95
1018.96
1015.3
1011.64
992
996.867
994.102
992.177
992.507
992.723
993.398
945
982.953
969
971.2
972.898
973.121
974.205
974.851
975.5
961
961
962.543
961.806
962.907
963.288
965.006
966.611
953
962.392
961.2
962.676
964.518
906
960.344
875
953.132
942.558
940.662
941.512
943.818
937
943.246
943.572
944.811
914
906
912.518
913.592
898
883
883
890
875
879.326
881.621
891
887.512
889.833
891.971
893.962
945
933.065
927.237
926.737
953
951.782
914
915.996
922.899
924.373
917.344
961
953
942.529
938.51
992
981.128
969
960.299
961.682
961
953.34
947.79
945.69
943.656
939.355
969
962.993
952.086
947.598
949.906
946.95
953
953
969
963.97
957.768
954.424
953.865
951.788
948.895
946.17
947.044
947.603
948.249
949.428
950.664
951.755
951.398
949.417
948.606
948.288
947.967
883
906
934.993
928.933
931.782
936.154
936.015
937.892
938.978
939.56
941.204
977
967.552
964.663
964.195
962.152
984
975.038
984
978.715
976.448
976.297
973.802
971.895
977
973.651
984
961
967.32
965.323
963.58
962.239
960.96
960.924
960.913
969
966.852
966.765
992
1000
994.131
992.546
991.42
990.299
987.653
986.027
945
930
930.749
929.992
945
953.793
964.144
971.827
975.899
978.148
978.811
875
867
867
867.966
873.311
879.985
875
882.164
907
916.207
914
899
906.354
883
844
848.831
820
823.51
825.249
789
799.614
800.62
803.548
808.475
813.443
819.054
813
828
831.48
820
826.184
828
829.583
831.58
833.618
836.108
838.58
797
789
792.597
795.42
758
774.661
777.239
775.364
750
760.524
763.583
761.578
750
756.168
758.811
797
792.031
791.13
795.126
797.504
891
869.721
857.421
852.08
847.013
839.858
832.613
826.871
822.439
818.748
815.245
812.264
810.593
930
880.642
860.443
855.641
850.887
845.086
839.415
834.586
830.589
827.023
968
977
984
954.1
938.396
1016
1014.01
998.802
977
968.937
970.489
970.923
964.425
955.497
883
922
953
949.208
934.14
977
981.69
977.881
965.715
960.053
976
973.551
976
930
914
906
891
914
922.087
906
906
913.676
922.496
906
908.021
930
938.91
932.101
922.939
928.883
969
969.803
961
949.374
949.645
922
920.775
918.728
920.454
919.566
890
895.343
899.178
875
880.034
867
870.135
871.72
867
898
904.893
930
953
953.713
992
992.592
984.527
978.695
973.113
967.522
875
899.578
898
899.33
906
911.846
883
898
895.335
894.389
897.318
852
875
867
868.624
871.188
871.586
874.195
883
881.55
885.942
888.328
844
875
870.372
869.841
984
969
948.521
944.167
938
930.057
922.097
915.451
910.593
907.097
903.643
901.153
900.533
875
882.315
898
893.398
893.608
895.146
895.673
875
883
881.092
880.361
880.549
880.869
881.185
881.426
881.653
930
898
914
914
912.876
911.369
910.552
909.893
953
942.328
937.06
930
929.101
906
907
905.556
903.759
902.304
901.394
901.643
901.397
922
918.276
922
920.399
919.299
937
934.019
930.802
928.069
875
883
883
885.139
888.154
891.512
895.078
897.651
900.928
938
939.933
934.835
929.921
925.538
918.956
911.597
867
875
860
859.209
860.486
883
883
888.57
893.228
895.551
875
867
860
859.749
859.702
914
923.429
961
956.546
945.921
936.237
924.782
875
859
856.483
875
889.516
875
877.976
883.164
887.358
906
914
911.135
903.787
891
883.595
878.469
874.991
872.815
872.098
872.088
828
841.33
906
912.808
913.565
946
946.086
937.556
945
939.473
914
907.781
900.724
892.124
914
917.291
945
938
932.294
927.825
920.754
953
946.879
939.722
935.636
906
908.371
914
899
914
911.729
911.764
922
921.078
938
934.559
931.716
929.052
927.78
927.258
891
901.747
901.239
901.229
875
884.656
886.155
883.683
867
874.615
874.596
874.531
877.432
878.551
880.191
906
902.277
902.692
904.229
904.641
902.895
901.545
901.364
930
923.261
918.809
915.51
916.517
1039
1086
1055
1009.49
985.351
974.926
969.931
968.083
965.253
959.238
875
844
859
844
883
899.931
910.157
913.056
867
875
879.626
885.356
883
880.26
878.433
880.059
880.754
875
875
875.634
877.273
879.221
881.724
883.869
885.824
887.614
889.401
891.163
889.844
888.008
887.17
891
914
906
821
836
876.425
875.448
867
870.772
875
879.434
867
872.108
874.709
876.905
874.429
844
875
883
875
868.414
859
869.86
875.33
871.4
860.639
860
914
899.465
887.11
878.214
836
820
824.901
829.115
834.416
835.07
789
797
799.979
806.132
809.193
805.172
828
836
841.875
837.227
834.149
922
915.121
945
922.27
908.353
922
920.999
909.367
900.499
901.116
903.275
961
914
908.328
910.569
913.156
909.7
904.703
901.41
901.505
900.679
906
901.768
953
941.176
1000
1000
987.159
992
961
958.116
954.818
883
913.034
890
893.032
893.655
895.285
930
928.405
931.11
933.91
934.837
914
917.706
891
914
907.591
908.598
909.879
910.556
914
913.823
915.635
992
978.141
973.045
992
961
961
958.862
961
956.348
952.993
951.256
949.556
947.72
945.938
944.338
943.602
943.434
961
956.56
954.136
955.086
954.485
953.562
1047
992.046
981.93
979.241
976.235
970.656
1031
1008
994.842
1031
1021.1
1070
1043.24
1000
1005.6
930
922
922.426
923.163
914
917.396
883
889.345
888.856
888.553
889.481
890.414
859
867.507
866.912
866.756
867.305
868.128
869.256
870.861
872.532
875
844
864.902
864.735
867.116
870.818
873.964
820
871.784
852
854.518
856.615
858.59
922
903.075
883
875
867
871.642
871.788
868.641
866.232
867.342
868.692
867.079
867.948
867.493
766
826.648
821.941
818.636
819.825
822.382
824.183
797
797
799.881
836
826.808
827.131
829.376
832.215
834.013
836.032
820
789
800.28
802.179
867
857.54
867
844
836
859
858.193
867
855.365
846.558
836
834.351
833.457
831.573
827.87
823.998
822.763
992
913.085
969
976
942.616
933.286
922
913.239
904.663
897.176
891.323
886.667
884.255
875
883
881.257
875
877.149
875
876.637
877.189
878.06
883
882.223
883.299
961
932.089
925.95
921.366
961
961.099
953.795
947.867
948.65
898
899.327
898
906
922
918.013
922
922.393
922.491
919.594
916.246
907
945
953
969
956.359
946.608
937
930.633
924.757
906
907.046
905.625
907.34
909.83
912.572
1000
984.527
1000
992
1008
984
977
992
987.277
980.93
975.445
992
989.939
1015
1000
985
988.172
988.234
985.189
969
953
954.733
953.882
952.758
952.523
906
969
959.343
957.63
957.126
960.474
963.921
965.63
985
980.864
979.808
979.374
981.099
981.708
1000
993.616
990.321
988.072
988.451
988.389
985.603
982.675
981.198
980.569
979.238
978.023
977.725
1078
1021.2
1013.41
1009.49
1006.78
1062
1020.89
1014.55
1014.03
1039
1028.6
1023.74
1022.72
1023.04
1023.24
1039
1032.69
1055
1070
1063
1056.77
1054.86
1055.9
1070
1063.62
1058.11
1055.27
1054.16
1052.88
1050.26
1047.27
1032
1033.46
1032.33
1032.22
1032.34
1032.62
1047
1048.97
1055
1055.31
1055.15
1054.68
922
1031.21
820
941.248
936.331
932.684
789
797
805.506
789
794.158
789
794.723
836
835.53
837.806
841.433
844.715
828
820
825.138
826.761
827.891
828
828
836
837.517
906
900.091
898.86
892.68
883
878.43
876.565
906
900.322
888.637
881.812
883
882.858
879.797
875.434
871.881
869.516
868.559
867.848
867.004
865.826
865.373
865.181
945
906
899.412
896.936
883
878.693
877.199
876.076
875.715
874.861
875.377
961
924.623
1000
970.661
1039
1008.35
1000
996.093
989.196
985.03
980.843
945
950.827
947.785
944.12
1008
1047
1031
1022.46
1039
1039
1031.83
1027.22
1023.11
1019.43
1015.36
1016
1011.45
1007.8
1005.73
1015
1011.34
1008
1031
1094
1073.83
1061.65
1109
1102.12
1089.91
1082.32
1077.75
1069.11
1060.28
1063
1023
985
1000
1002.57
1011.51
1019.16
1027.87
1034.29
1000
1005.65
1007.84
1007.07
1023
1063
1063.89
1055.12
1053.48
1046.64
1037.66
1032.76
1029.35
1026.23
1025.61
1025.87
1026.13
1025.93
1062
1060.94
1055.64
1049.76
1023
1020.94
1019.55
1031
1034.39
1034.58
1032.31
1029.98
1028.43
1026.83
1025.07
1054
1057.23
1062
1054.13
1078
1079.27
1074.71
1070
1063.89
1060.28
1056.86
1052.59
1048.88
1045.7
1070
1094
1090.26
1082.27
1078
1074.27
1071.79
961
1018.02
1014.49
1016
1017.3
1020
1022.6
1024.54
1025.61
985
953
953
953.266
955.645
958.937
963.502
966.767
970.03
973.02
1000
985
991.086
994.516
922
947.942
947.644
949.149
952.167
955.201
958.169
959.72
962.164
964.499
966.7
992
969
973.212
975.152
883
912.282
923.397
919.86
925.307
930.687
961
955.983
958.214
992
984.471
979.013
953
962.243
959.968
914
932.035
934.347
930.257
945
950.963
945.356
945.41
949.98
946.791
943.218
945.416
945.575
942.837
941.451
940.397
939.24
938.066
937.009
936.834
984
973.68
970.37
968.737
967.033
964.856
962.545
953
952.977
969
965.346
906
883
910.392
916.196
921.198
923.738
927.828
932.048
836
863.921
869.062
871.966
875.19
879.383
937
941.128
934.612
931.254
935.274
929
919.173
915.161
915.87
883
890
892.706
894.075
914
917.14
912.086
906.255
905.523
875
879.2
879.66
883
885.876
888.163
888.798
887.501
886.221
884.513
898
899
901.511
903.404
898
906
904.697
902.614
867
859
862.069
875
879.792
881.372
884.989
914
916.198
908.763
903.079
899.54
892.56
884.933
922
922.513
911.814
906.536
907.759
901.836
859
883
885.772
882.05
877.866
883.128
886.446
891
890
887.253
859
836
844
859
852
855.845
862.187
865.348
865.633
906
883
881.347
886.028
945
930
916.954
910.725
910.173
961
946.142
929.831
919.757
969
961
947.594
935.152
936.882
943.838
939.388
929.824
922
925.62
927.903
953
941.788
934.45
930.515
932.947
930
923.817
922
945
946.884
936.981
928.732
930.411
937.049
961
949.477
937.628
992
1000
977.878
965.628
966.257
1016
1007.07
987.605
976.308
961
969
971.466
964.614
956.111
953.206
1000
992
980.956
970.788
969.238
974.996
977.415
968.367
1008
1000.59
1016
1031
1047
1034.32
1021.99
1020.03
1022.09
1017.67
945
963.458
968.054
891
924.308
914
914
916.918
920.83
923.287
925.624
891
904.624
904.813
903.179
961
952.155
953.201
957.007
958.002
852
828
831.572
831.71
837.508
797
816.002
789
797.134
798.67
800.71
758
758
759.411
760.064
761.445
820
826.066
833.972
840.382
846.053
848.497
813
817.345
789
790.428
791.245
793.364
796.805
799.861
802.414
804.327
805.848
806.368
805.511
803.948
891
906
914
897.133
882.548
873.495
866.106
858.536
849.989
843.178
797
797.56
797.529
800.943
758
768.63
769.404
773
775.724
781
783.613
786.37
788.604
883
877.674
868.679
875
867
859.829
854.576
836
834.491
832.569
831.046
836
835.231
891
884.533
906
896.015
888.03
882.172
876.177
870.233
864.832
860.532
857.234
854.037
875
870.581
867.054
875
891
929
923.824
915.508
992
981.23
964.86
954.105
947.545
961
953.391
922
920.398
926.712
929.755
924.308
1047
1021.77
1039
1019.49
1000
993.349
986.558
978.668
953
948.182
930
927.085
953
953.89
945
946.626
948.861
891
907.406
907.145
908.958
1070
1055
1030.42
1022.76
1011.69
998.229
987.587
969
963.06
922
923.183
977
987.043
984.376
1031
1016
1004.86
996.464
984.606
973.477
965.117
1000
994.832
987.939
945
969
966.604
962.611
961.048
964.12
967.047
1063
1078
1053.47
1008
1001.16
1002.57
998.53
990.797
985.566
1000
1001.27
998.061
977
979.016
982.904
1086
1058.42
1034.9
1094
1087.94
1070.24
1086
1079.85
1066.61
1057.29
1053.09
1046.99
1031
1026.5
1027.05
1055
1049.58
1044.82
1043.74
1045.13
1043.52
1040.09
1037
1035.41
1034.39
1094
1086
1075.52
1109
1103.05
1092.6
1071
1031
1031.42
1039
1047.94
1052.34
1055
1057.07
1031
1008
1009.21
1008
1047
1063.18
1065.97
1061.27
1039
1036.42
1037.59
1008
1039
1044.24
953
973.154
977.45
986.967
990.383
1071
1072.97
1062.37
1058.57
1053.69
1041.02
1030.02
1102
1094
1077.95
1070.98
1065.34
1051.82
1086
1078
1086
1078.54
1072.47
1067.67
1061.07
1055.48
1051.7
1049.39
1048.29
1047.07
1045.36
1044.2
1044.06
1044
1044.43
1044.87
1045.06
1045.29
1045.58
1045.83
1047
1047.25
1086
1091.9
1090.12
1087.5
1125
1130.28
1124.82
1115.97
1055
1054.36
1031
1033.95
1031
1036.48
1024
1028.7
1030.14
1000
1009.43
1010.02
1031
1035.34
1047
1050.67
1054.04
1109
1108.38
1099.51
1090.47
1087.2
1082.18
1062
1057.83
1056.02
1054
1054.58
1054.81
1039
1041.19
1038.89
1038.23
1039.26
1040.05
1040.89
1041.61
1042.04
1042.02
1086
1086
1070
1063
1059.46
1056.28
1053.01
1051.01
1078
1082.51
1080.13
953
1016.58
1014.16
1015.85
1015.29
1023
1008
1008
1012.61
1015.7
1015.2
1016.11
1017.46
1019.67
1016
1031
1028.48
1029.9
1031.23
1125
1109
1088.49
1203
1024
1034.27
1034.38
922
1004.35
1000.26
998.631
1000.97
914
965.152
953
953.415
953.936
955.507
957.111
958.371
959.364
1047
1023.55
1047
1038.44
1038.04
1040
1039.61
1038.77
1038.19
1023
1027.42
1026.75
1023
1021.73
1020.99
1039
1039
1035.82
1036.11
1086
1074.34
1109
1097.78
1031
1037.42
969
1004.27
999.706
1001.7
1005.51
1007.57
938
967.198
964.194
962.226
964.972
967.342
969.575
971.715
1000
996.325
998.348
1001.39
1008
1008.67
1009.69
1011.37
992
998.839
999.826
999.085
1000.73
1001.98
1003.48
1004.78
1023
1018.61
969
983.797
945
951.393
992
1008
1008
1005.91
1005.57
1004.12
992
993.324
995.079
993.068
1000
999.035
997.825
1031
1026.22
1024
1017.35
977
983.533
984.899
985.332
985.557
985.193
992
992.233
990.084
988.971
988.516
988.153
987.837
1008
976
946
951.362
952.986
956.142
959.275
992
1003.33
961
969.368
972.282
914
930.311
933.41
933.387
936.706
875
894.954
852
855.831
856.526
875
881.605
890.766
900.122
907.309
913.087
914
918.549
851
844
847.216
848.874
828
836
820
826.674
828.205
830.608
833.876
837.246
742
792.452
790.277
788.673
793.788
727
734
737.576
737.979
739.091
741.933
746.06
821
859
856.095
852.463
852.423
853.615
849.24
828
828.393
820
814.766
811.953
820
818.738
867
844
841.609
875
865.381
857.379
852.979
851.293
836
832.991
829.429
825.575
822.078
818.762
816.51
727
807.913
796.956
798.481
802.503
703
739.636
711
714.426
715.349
711
714.898
716.664
688
703
702.497
702.424
703.609
719
717.979
727
728.943
781
777.264
777.739
779.378
780.823
781
780.497
779.332
778.191
778.116
777.284
777.152
777.073
789
786.682
784.836
785.661
797
805
799.915
797.678
797
789
788.33
789
785.393
783.135
781.748
828
836
828
818.109
813.828
809.77
804.48
798.7
794.486
791.753
790.46
789.7
789.027
788.367
836
831.358
825.769
819.338
813.451
806.893
758
758
758.702
760.22
763.436
766.892
797
808.707
805
836
859
849.584
844
837.887
829.229
820.52
805
797
797
781
797
798.056
800.396
797
799.828
820
821.533
818.599
815.027
812.518
828
836
831.55
825.477
821.335
819.184
817.817
815.351
812.272
811.149
811.33
811.824
813
811.91
810.915
810.82
797
801.164
800.805
802.158
803.33
804.23
758
750
742
743.891
746.129
749.521
753.097
756.687
719
753.998
742
745.877
749.072
751.053
753.747
756.109
758.512
750
755.152
756.716
757.6
759.291
761.209
711
719
711
714.623
716.834
719.377
722.585
711
750
739.689
766
789
783.001
779.971
781
776.281
766
764.423
766
773
769.149
768.12
768.438
768.312
836
828
813
806.837
805
804.728
800.836
796.273
828
819.802
812.819
808.686
977
874.588
850.454
847.393
842.464
836.279
961
905.533
961
923.007
969
961
941.577
937.062
932.634
927.359
1047
986.566
965.39
958.929
1031
1055
1022.73
1009.37
1009.63
1010.65
1005.09
999.049
994.221
990.919
1078
1055
1031.04
1031
1028.83
1025.44
1047
1034.91
1070
1055.49
1109
1086.5
1031
1032.23
1031
1031.23
1062
1110
1109
1090.75
1082.38
1075.87
1016
1078
1068.21
1061.82
1094
1083.4
1074.22
1073.85
1071
1064.13
1061.36
1059.18
1008
1039
1037.67
1033.56
1078
1078
1117
1071
1075.44
1093
1032
1055.25
1000
1015.73
1015.82
1013.36
1019.36
1024.88
1024.7
1028.41
1028.77
1031.11
1032.19
1033.48
1034.76
1036.14
1037.62
1039.06
1040.62
1042.25
1039
1042.31
1043.01
1044.67
1055
1053.26
1047
1051.21
1047
1049.43
1048.7
1048.06
1039
1031
1031.53
1031.39
1031
1055
1054.79
1052.14
1050.43
1046.49
1039
1035.66
1078
1048.87
1049.86
1050.76
1049.34
1046.45
1044.57
1044.23
1043.94
1043.42
1043.02
1000
984
1000
1007.97
992
1003.37
1007.89
953
937
939.61
1000
1008
1014.68
1039
1038.87
1034.46
1034.94
1070
1064.61
1078
1069.08
1094
1088.23
1075.86
1109
1071
1068.1
1070.27
1063.72
1058.83
1056.37
1055.35
1053.65
1051.83
1039
1040.65
1039.3
1086
1075.17
1109
1101.22
1097.95
1096.34
1094.03
1091.02
1087.51
1084.48
1082.26
1080.37
1078.82
1078.67
1078.54
1078.7
1078.58
1079.27
1079.31
1079.53
914
1000.71
805
805
816.218
816.101
823.315
832.257
839.383
845.088
850.684
855.05
859.056
758
750
758.405
759.513
760.7
764.241
768.62
773.274
777.665
781.791
930
928.734
927.468
926.202
961
961.637
960.102
953.175
952.102
1000
995.569
987.51
982.013
982.122
914
916.737
918.862
813
820
823.451
825.498
827.048
774
784.39
773
773.239
773.219
773.372
774.582
776.019
778.155
779.929
820
824.901
830.249
834.783
797
807.766
810.025
797
774
820
820.758
797
797
781
789
786.894
750
742
744.801
746.641
750
719
727.221
729.573
732.19
733.105
735.246
738.398
741.673
711
719.124
719
721.916
724.026
726.324
729.707
732.997
735.821
738.062
741.04
743.973
781
777.026
774
766.372
759.846
752.668
745.733
741.921
804
790.211
836
818.84
807.907
922
892.794
870.493
857.857
853.677
850.954
844.564
837.549
833.011
953
909.828
880.776
984
955.507
1000
974.207
958.83
957.911
1039
1004.32
983.397
979.537
1024
1009
1031
1018.04
1039
1034.61
1028.96
1028.27
1027.86
1026.25
1024.44
1008
1010.33
1009.45
1005.62
1002.1
1016
1031
1047
1040.98
1035.57
1032.85
1000
1004.89
1003.28
1002.54
1117
1110
1091.99
1156
1143.7
1125.55
1114.22
1094
1083.34
1075.51
1068.69
1063.93
1061.25
1060
1140
1094
1078
1055
1078
1074.16
1070.51
1069.93
1070.63
1070.83
961
1031.77
1026.04
1022.16
1023.6
1027.13
1029.68
1070
1062.45
1063.78
1065.82
1068.04
1093
1086.76
1109
1101.05
1098.48
1070
1077.89
1079.01
1075.23
1110
1099.25
1101
1099.96
1099.28
1098.84
1101
1097.42
1098.14
1102
1078
1083.04
1080.63
1077.65
1076.87
1076.56
1077.19
1055
1063.91
1078
1047
1060.41
1060.16
1058.11
1031
1045.81
1047
1043.71
1047.35
1047.86
1050.34
1051.01
1053.16
1053.8
1055.81
1056.14
1058.12
1058.27
1060.21
1059.48
992
1017.99
1024.54
1021.17
1055
1050.25
1052.4
1054.86
1053.16
1054.81
1053.43
1094
1081.49
1077.59
1063
1066.48
1047
1051.74
1048.58
1045.6
1047
1045.48
1047
1046.6
1055
1070
1066.41
1063.52
1061.97
1060.07
1055
1047
1078
1070.15
1024
1056.49
1053.21
1052.01
1051.04
1055
1047
1050.53
1051.98
1049.74
1063
1070
1062.53
1047
1052.79
1055.98
1000
1021.38
930
965.801
966.375
965.761
971.531
976.515
1000
999.26
1004.37
1008.38
1016
1017.27
1019.7
1022.79
1024.86
1027.04
1029.01
1030.92
1032.85
1034.58
1036.23
1038.01
1062
1058.36
1055
1056.76
1058.93
1063
1062.44
1063.79
1061.18
1059.34
1101
1090.59
1081.99
1075.76
1073.91
1074.83
1073.79
1071.19
1039
1045.78
1044.6
1044.96
1044.04
1043.67
1015
1028.69
1027.59
1026.6
1027.56
1000
1011.67
1010.39
946
1007.26
997.714
995.401
998.926
1001.53
1039
1031.99
1034.31
1037.58
1038.72
1039.69
1039.92
976
1000.28
961
966.639
967.743
992
991.022
996.665
999.337
1001.38
1002.74
1024
1047
1042.49
1039
1033.73
1029.37
1022.2
1016.02
1055
1047.76
1041.25
1036.57
946
969.073
973.676
1008
1011.13
1008.73
1009.74
1012.58
1014.94
1055
1048.62
1039.49
1024
1031
1031.05
1026.34
1021.49
984
992.124
1039
1036.87
1031.21
1008
1010.26
1017.5
1047
1040.67
1070
1056.05
1047.09
1078
1047
1042.82
1038.76
1039
1086
1076.81
1066.77
1094
1090.57
1086
1078.79
1078
1075.01
1069.34
1064.65
1060.96
1057.44
1054.29
1051.69
1051.02
1050.16
953
1029.11
976
986.892
989.951
989.255
991.617
993.446
995.567
1023
1015.66
1017.96
1021.37
1023.4
1062
1052.72
1052.35
1054.26
1055.42
1055.97
1055.89
1055.73
1055.68
1055.74
1055.73
1055.8
1056.12
1055.87
1047
1039
1039.91
1038.09
1036.47
1039
1037.56
1036.26
1036.04
1035.36
1034.93
1008
1030.38
1025.39
1025.3
1026.72
1023
1026.54
1025.51
1016
1022.01
1008
1008
1009.47
1008.2
1016
1013.31
1016.31
1039
1034.96
1039
1038.84
1039.64
1055
1051.77
1050.44
1050.57
1050.9
1039
992
1003.19
1003.92
1005.83
1009.28
1008
1011.12
1062
1059
1071
1063.96
1057.29
1054
1045.81
1037.51
1030.79
1025.39
1021.87
1020.7
1020.72
984
1031
1023.06
1023.81
1025.91
1026.52
1027.52
1027.5
1027.12
1027.05
1025.65
945
1020.34
1006.87
1003.71
1031
1021.89
1039
1034.74
1036.35
1037.9
1037.43
1038.18
1047
1041.98
1040.71
1041.16
1039
1037.96
1031
1047
1036.78
1037.27
1055
1044.18
1043.51
1043.63
1024
1032.61
1027.97
1000
1000
1000.76
1031
1032.53
1034.16
1036.09
1024
1027.78
1027.76
1008
1031
1029.66
1027.18
1030.17
1029.36
1025.72
1047
1039
1039
1039.87
1035.81
1033.37
1034.37
992
1007.78
1008.95
1008
1010.7
1016
1014.47
1023
1022.52
961
998.825
995.933
929
972.813
930
942.266
944.16
941.496
1008
977
984.696
1000
992
995.754
996.822
996.909
1016
1000
1004.48
1008
1003.48
1004.46
1003.45
1004.38
1003.12
1003.96
938
986.926
973.782
971.926
974.056
974.718
1039
1020.59
1039
1032.24
1029.48
1027.95
1070
1054.22
1049.33
1047.46
1048.3
1048.44
1047
1045.63
1044.68
1044.17
1043.79
1043.16
1042.99
1042.77
1042.59
1015
1030.94
1025.63
953
1054.72
1035.05
1029.64
1030.2
969
1027.69
1016.95
977
998.622
999.138
995.658
997.445
961
981.34
982.354
977.975
979.313
982.623
983.717
984.447
961
953
959.45
958.834
959.716
961.066
962.84
964.56
966.004
967.356
969.341
971.183
973.034
1016
1008
1015
1010.63
1008
1006.43
992
922
944.033
946.586
985
991.621
991.71
992.142
986.655
980.86
975.874
970.422
1023
1018.62
1010.48
1003.3
995.8
986.902
978.848
973.384
970.108
968.535
1047
1036.2
1027.13
1018.13
1070
1094
1072.28
1055.53
1047.83
1086
1086.17
1071.98
1070
1069.82
1073.15
1069.12
1059.64
1054.51
1054.25
1024
1031
1000
1003.86
1003.98
1006.23
1008.02
1009.7
1011.37
1012.55
1047
1053.23
1054.9
1062
1063.84
1064.62
1063.86
1061.24
1058.29
1056.37
1055.35
1054.8
1054.44
1070
1078
1078.24
1076.6
1075.09
1008
1026.93
1025.61
1027.5
1029.24
1031
1032.8
1033.3
1047
1045.73
1045.9
1046.98
1016
1031.2
1029.41
1028.28
1030.7
1032.36
1039
1024
1039
1037.28
1008
1024.21
1023.03
1021.55
953
1009.71
999.989
997.121
997.504
1055
1015
1019.62
1024.78
1023
1016
1024.28
1024.63
1016.21
1039
1033.19
1025.82
1028.41
1031
1022.36
1016
1029.3
1026.71
1000
1018.36
1015
1009.48
1008.99
1013.53
1010.3
1008.45
1010.69
1011.88
1015
1010.37
1016
1000
1005.27
922
1008.15
922
985.643
977.36
1039
1020.99
1016
1015.56
1018.02
1020.24
1020.05
1019.04
1047
1036.56
1033.42
1062
1039
1040.99
1055
1070
1063
1059.09
1060.56
1062.01
1060.91
1059.59
1016
1039
1031.18
1026.21
1026.8
1025.22
1025.69
1025.68
1025.53
1025.45
1031
1029.92
1030.25
1030.87
1047
1044.35
1044.17
1043.93
1044.39
1045.06
1031
1035.03
1033.93
1032.66
1033.87
1032.89
1000
1042.63
1031.03
1030.75
984
1000
1016
1009.84
1008.72
1011.6
1014.03
1013.55
1014.49
1016.27
1055
1042.87
1039.1
1031
1035.64
1023
1000
1006.88
1009.11
1010.11
1016
1017.08
1019.74
1018.95
1016.97
961
937
922
922
923.526
927.398
932.448
937.593
906
917.065
922
937
938
953
962.889
972.083
979.304
984
988.316
991.856
994.026
994.71
994.996
993.994
1016
1031
1028.06
1022.95
922
924.763
928.685
1008
1023
1031
1015.9
1006.16
1078
1039
1029.54
1021.66
1018.31
1014.81
1006.81
998.441
992.919
1039
1035.44
1039
1026.93
1020.99
1055
1050.54
1040.4
1070
1063.62
1056.03
1070
1064.87
1078
1039
1043.65
1046.52
1042.04
1037.27
1034.49
1036.11
984
1004.13
1005.02
1004.5
1004.98
1007.91
1031
1027.78
992
1008
1010.48
1007.13
1031
1000
1008.1
1010.35
1008.86
1009.16
1008
1010.56
1047
1037.94
1032.75
1028.93
1047
1042.78
1008
1015.99
1018.02
1015.44
1011.87
1031
1047
1036.1
1030.35
1031
1032.71
1026.87
1022.57
1024.01
1047
1039.4
1030.32
1027.22
1030.13
1032.06
1025.83
969
983.313
993.381
1000
1039
1035.31
1016
1020.65
1028
1028.88
1018.74
1013.9
1019.31
1026.03
1022.26
1012.81
1014.16
1022.48
945
914
920.356
953
966.447
972.633
983.608
984
986.116
986.102
977
977.724
978.143
953
956.366
958.183
959.996
962.63
965.224
1023
1021.82
992
993.552
996.032
992
961
963.627
966.292
964.336
960.169
961.893
961.263
959.339
958.256
960.369
1023
1006.71
993.64
990.295
988.632
980.694
971.965
967.598
964.74
962.298
960.104
959.958
960.149
960.652
962.144
963.695
964.369
965.139
965.085
965.168
963.938
1055
983.924
983.76
981.852
979.331
975.881
992
987.496
986.198
1000
997.927
992.261
991.325
991.996
990.642
988.726
992
989.969
989.388
988.953
988.148
989.132
987.611
992
989.454
989.775
990.19
989.717
990.207
990.761
1000
994.458
993.552
994.253
992.945
991.526
991.509
991.566
991.569
991.397
991.218
1062
1055
970.756
974.387
984.406
984.37
986.622
989.261
990.395
991.432
1086
1039
1019.75
1015.7
1014.04
1009.82
1023
1017.15
1012.56
1009.13
1007.79
1006.5
1003.53
1000.68
998.933
998.631
998.098
997.461
997.146
997.678
999.064
1000.46
999.622
1002.08
1003.42
1004.74
1005.1
1006.18
1006.63
953
977
974.089
1039
1020
1016.32
1015.78
1014.74
1011.85
1009.74
1008.07
1047
1030.37
1022.37
1018.65
1017.61
1016.99
1013.66
1010.34
1008.05
1006.66
1005.28
1032
1023.78
1019.2
1016.92
1017.26
1017.96
1015.51
1013.35
1055
1037.41
1030.34
1039
1037.18
1023
969
1007.78
1010.13
938
953
968.698
965.119
953
965.782
970.482
966.036
970.464
977.208
984
977.299
992
994.892
984
984.685
991.683
1000
992
989.379
995.601
996.443
989.983
989.895
1023
1011.85
999.842
997.961
1002.81
999.427
992.332
992.003
993.977
990.731
985.689
987.98
990.267
987.433
983.608
987.556
906
979.818
971.167
967.413
968.533
971.21
953
969
967.585
965.96
967.466
968.911
970.223
977
975.301
977.536
978.716
979.987
981.146
982.161
982.884
983.823
984.544
992
985
988.061
987.387
987.045
986.861
992
990.787
992
991.952
991.943
992.539
977
981.708
980.271
992
987.224
987.462
988.221
992
977
1015
969
986.001
985.254
985.064
984.734
983.958
985.977
907
987.387
975.083
969
1031
992.845
988.916
992.493
993.065
1000
994.237
994.262
995.796
969
984.948
981.052
977.41
978.519
979.23
992
984.745
961
980.096
976.409
973.546
961
946
955.809
957.031
984
978.601
977.631
992
990.379
961
969.525
972.339
969.342
965.644
970.463
974.38
970.079
953
961.138
966.94
965.79
955.919
976
982.922
972.582
965.461
975.542
984
969
963.83
974.587
977.309
964.026
965.239
977.43
961
976
981.411
969.079
968.246
945
952.478
956.745
955.112
952.22
959.504
962.59
957.65
959.162
965.369
963.872
958.006
962.91
966.268
960.418
961
967.079
963.463
1008
992
984
985.082
982.731
976.391
973.772
973.277
970.833
967.545
966.432
965.394
964.388
963.408
992
983.003
980.241
953
930
953
961
965.021
966.561
967.954
967.769
965.972
963.802
1000
992
988.222
984
982.708
984
980.872
976.918
973.427
970.878
968.498
961
961.054
960.584
960.47
961.196
1024
1031
1055
1042.15
1031.79
1020.56
1047
1049.62
1043.62
1034.53
1028.16
1025.93
984
984
985
987.291
989.723
992
992.215
1008
1011.67
1013.09
1010.44
883
968.213
962.88
961.635
960.399
914
931.259
953
950.113
948.287
951.816
957.413
961
961
963.297
965.68
977
1015
1004.45
1016
1008.4
1039
1033.08
1026.2
1025.88
1047
1040.15
1039
1036.29
1036.87
1036.19
1000
1006.19
1004
1039
1031.07
1063
1056.17
1051.38
1048.12
1043.7
1039.55
1035.59
1031.59
1027.96
1025.02
1023
1022.35
1022.69
984
998.913
996.685
997.393
1000.86
1002.23
1005.18
1005.92
1055
1049.63
1046.76
1045.81
1043.53
1039.63
1036.51
1033.41
945
996.445
976
980.756
983.004
983.587
985.939
986.649
1008
1008
1008.96
1011.07
1016
1014.98
1015.19
1000
1004.97
1003.65
1001.49
1001.29
1001.21
992
997.827
984
991.052
989.643
992
989.726
991.945
991.652
992.44
992
969
992
984.415
992
988.83
989.929
991.156
992
992.739
993.516
994.356
995.014
1000
998.024
998.627
999.248
998.73
999.18
977
988.306
984.305
945
977.328
968.635
968.254
969.419
970.872
969.662
971.716
970.569
930
956.755
930
937
938
936.827
939.221
922
922
924.315
922.888
945
939.235
942.888
945.275
914
928.805
926.739
925.587
926.475
927.094
927.684
929.663
929.467
953
946.911
946.016
946.707
976
968.854
964.034
961.817
1023
1006.49
996.476
991.351
1008
1008
1001.09
996.245
1015
1011.42
1005.31
1001.33
1002.14
1003.54
1000.52
997.409
995.991
992
1000
1000
961
982.05
961
965.274
964.638
969
984
982.171
982.964
977
984
984.613
985.484
984.376
984.851
985.42
1023
1000
1000
999.792
999.783
998.685
922
914
960.533
828
902.165
899.25
836
868.415
871.202
865.377
870.438
875.598
876.542
879.029
881.022
882.463
883.657
961
969
962.505
961.712
963.231
964.754
963.722
962.522
961.651
960.912
953
953.323
952.759
922
928.89
926.916
922.814
922.877
961
957.415
914
919.876
919.365
917.014
916.871
917.277
916.949
916.537
916.386
914
953
950.661
922
906
909.61
911.189
867
867
867.731
883
898
902.252
906
910.476
912.317
911
908.929
909.552
909.171
907.294
969
951.466
942.957
984
974.776
984
973.194
967.77
966.661
962.882
922
927.629
924.369
921.005
953
947.781
947.775
947.156
944.481
953
949.107
946.39
961
956.273
953.095
950.982
968
962.923
958.452
956.932
961
958.56
957.672
961
959.657
960.192
959.684
961
977
976
973.326
953
961
961.199
953
955.165
945
930
935.225
936.864
939.501
941.063
943.74
946.623
948.745
875
898
899
914
937
940.958
943.837
945.719
946.891
947.63
948.086
949.003
949.983
951.312
952.755
954.401
955.909
953
955.716
957.199
958.631
960.159
960.927
969
953
958.381
957.142
955.527
954.956
953.616
953.236
953.076
875
938.171
891
914
912.669
938
929.763
931.129
934.538
936.528
860
888.418
889.743
885.609
891
898
897.438
901.495
902.866
905.09
906.484
908.146
909.648
911.277
912.947
914.691
914
930
923.128
923.795
924.297
925.604
961
943.986
939.092
939.805
938
939.122
914
924.152
929
922
920.827
953
942.916
939.13
961
953.309
947.843
947.135
946.769
875
913.115
912.44
907.232
907.766
915.241
914.395
909.355
828
867.082
869.146
864.867
922
922
917.092
924.917
923.634
916.829
921.499
918.011
912.643
913.919
912.3
910.177
909.207
908.653
945
933.774
929.689
930.416
928.164
926.595
1016
1031
1008
1008
999.59
993.47
984.96
930
945
943.094
941.657
941.561
942.359
944.279
944.689
899
912.484
911.097
875
914
911.348
914.588
918.256
920.431
922.457
883
895.436
890
888.932
890.987
875
883.584
884.649
886.579
889.101
891.246
893.964
896.126
898.484
900.798
903.207
905.6
891
898.589
897.508
894.933
883
887.972
887.355
906
899.953
930
937
930.742
926.087
921.149
915.177
906
902.845
899.657
897.201
896.436
891
892.482
892.116
852
894.735
828
897.147
828
888.585
880.261
877.986
875
878.513
879.845
880.479
881.554
906
897.532
859
891.108
885.814
883.821
884.53
885.806
1000
951.859
938.44
929.188
1000
972.51
958.915
969
938
914
929
925.159
919.604
922
922.925
969
957.096
898
891
897.185
901.523
898.012
896.185
897.941
901.159
902.933
929
899
914
916.149
918.833
914.502
912.66
915.849
828
828
836.341
840.077
843.455
848.634
855.002
858.563
861.725
864.667
867.86
871.208
874.358
876.919
984
944.07
934.265
930.537
926.654
953
945.281
936.629
933.316
932.737
931.819
914
914.281
912.975
911.529
910.295
914
913.183
930
927.968
953
948.158
943.284
945
930
927.283
929
938
935.117
933.253
934.342
935.485
914
919.821
919.893
919.906
860
914.958
906.788
904.101
905.538
875
892.329
891.463
888.84
889.276
891.605
945
933.71
953
945.059
944.388
945.107
943.581
940.769
939.057
930
914
906
930
921.449
920.413
920.494
921.019
961
992
981.035
973.908
968.496
965.458
969
964.809
959.437
955.489
952.019
948.288
945.163
942.336
940.298
969
966.713
964.712
960.717
957.787
957.3
954.99
951.597
938
937.093
936.302
936.727
937.449
937.752
938.415
939.853
891
948.697
937.692
890
932.811
925.696
922
945
961
953.991
953
961
959.724
956.497
957.575
958.799
906
927.468
867
883.026
884.291
882.637
888.237
836
828
830.185
830.169
836
838.875
828
834.919
836.433
837.499
838.682
839.884
836
839.509
841.442
836
841.76
883
875
906
906.521
906.05
906
903.965
901.159
897.643
922
920.287
915.305
898
898.211
900.83
900.078
897.709
895.004
893.544
961
953
940.366
977
969.781
962.944
957.622
951.026
969
960.324
984
961
961.72
969
992
984.648
978.012
974.511
975.195
977.083
1062
1028.71
1011.42
1004.92
1002.16
1002.82
999.702
994.404
989.042
985.413
992
988.704
985.806
983.581
982.167
982.142
980.84
980.134
978.928
978.772
978.654
978.679
978.794
979.934
979.49
980.901
980.722
981.385
981.67
982.672
984.557
986.511
989.296
945
961
988.876
984
961
938
949.853
953.561
955.651
953
957.345
960.623
962.913
945
952.455
955.809
958.309
952.369
961
966.096
965.771
954.185
959.987
967.772
964.581
949.891
954.984
962.73
984
965.021
956.419
965.529
945
922
929.044
945
953
946.781
938
947.56
953
949.151
984
979.483
969.015
965.897
969.565
968.684
959.345
954.011
956.941
922
890
891.991
883
884.558
887.054
890.567
894.584
953
961
958.572
960.027
960.731
930
931.105
928.097
945
946.899
947.213
953
953.559
950.461
947.614
944.725
941.545
938.439
875
875
879.255
882.016
886.16
805
812
789
791.794
789
774
781
783.18
786.063
773
781.323
782.581
784.643
787.266
883
893.296
894.587
894.331
896.761
901.706
903.024
901.758
900.436
899.594
899.644
897.84
895.465
711
736.938
786.032
798.999
711
748.997
758.487
719
703
717.135
719.632
719.066
688
703.834
680
686.719
688.579
690.819
672
682.901
685.336
672
682.173
684.924
689.351
692.765
696.432
701.613
704.633
707.162
711
712.767
727
726.89
750
744.046
738.488
742
740.711
737.953
711
703
701.61
698.679
697.893
698.342
699.09
699.457
699.829
700.072
699.611
699.131
698.621
698.109
697.785
697.561
750
744.845
766
760.566
751.121
743.57
738.543
734.429
731.224
728.357
725.728
724.4
789
781
769.66
760.664
754.807
753.361
751.092
797
789
812
797.448
828
821.59
815.27
809.416
836
827.48
819.733
820
805
806.131
803.834
800.51
798.036
796.41
795.832
859
835.711
829.003
826.309
826.274
844
851
852
859
875
870.434
867.198
865.088
861.835
858.023
854.613
851.289
848.165
845.72
843.945
843.384
843.083
842.949
851
848.121
847.472
848.454
846.958
845.239
930
869.051
867.373
859
860.381
858.725
856.89
855.242
859
857.323
859
858.768
875
870.91
875
871.866
869.635
875
872.554
870.668
869.934
869.322
868.495
868.542
869.131
869.57
868.792
937
885.407
882.324
881.786
881.352
879.133
877.806
876.596
875.545
874.486
883
879.304
878.012
879.369
878.913
880.269
878.774
880.226
878.897
880.473
879.055
880.655
880.837
875
881.767
867
899.385
884.412
851
908.388
836
929.809
878.234
876.556
828
924.779
861.008
930
953
903.4
903.445
902.976
901.999
898.318
875
867
870.502
869.975
875
870.096
883
878.531
878.928
875
883
878.864
879.184
879.206
875
879.117
867
876.085
872.607
873.427
873.975
874.519
859
859
852
853.832
867
865.138
867.537
868.698
869.673
869.994
870.839
875
874.62
898
893.305
891.724
890.808
890.281
889.552
887.921
886.391
885.284
883
890
875
875
874.782
874.359
873.846
873.402
874.035
873.878
874.184
874.435
874.539
874.887
875.093
875.34
938
874.417
876.873
945
914
893.539
891.97
892.157
875
878.892
953
883.557
884.944
887.588
969
889.435
938
907.149
904.313
1008
915.218
992
926.352
925.335
922.229
918.395
915.353
961
924.576
969
939.089
936.619
937.121
935.023
984
948.992
977
958.261
956.84
955.851
953.455
969
984
969.1
914
922
924.416
875
897.378
895.174
893.353
914
907
911.244
912.693
867
884.242
882.595
859
867.231
860
862.947
864.474
865.994
868.521
870.605
873.07
875.294
877.565
879.798
836
855.607
867
862.806
865.507
867.269
969
935.962
928.77
925.43
919.943
914.793
911.355
908.221
875
906
898.704
895.545
922
914.661
922
916.915
914
911.889
908.798
905.796
867
891
929
916.362
968
949.057
1015
994.302
984
930
937.761
933.867
930.26
899
909.527
914
910.652
914
914.548
915.967
992
967.938
1000
969
966.664
963.898
922
928.383
924.478
918.855
867
888.451
888.641
890.54
922
931.95
906
913.555
917.356
913.683
907
859
836
836
836.771
839.942
844.99
850.142
854.815
858.976
864.28
868.909
873.938
875
878.855
875
877.123
878.751
878.319
930
923.255
915.135
906.574
875
876.802
875.335
873.058
871.32
868.719
867.285
851
844
842.617
842.319
842.625
843.331
844
844.469
860
863.001
868.097
872.775
876.932
879.962
881.968
891
892.19
891.267
890.73
890
888.551
859
864.742
862.398
861.258
875
898
907
900.736
895.433
890.037
883.175
877.207
872.606
869.496
945
922
916.251
911.575
945
930
920.2
891
891.36
891.52
889.078
886.086
885.381
886.325
875
844
850.257
851.472
854.121
844
849.277
852.397
854.57
875
878.875
881.163
882.447
953
941.793
932.565
929.034
945
941.36
945
914
916.891
918.684
915.6
922
917.125
915.859
916.168
915.862
914.427
906
899
899.441
898.787
914
911.204
909.693
908.771
909.161
922
945
941.225
935.856
930.952
945
930
930.685
928.904
927.219
925.958
924.364
1000
975.831
945
922
945
938
937.332
933.208
945
943.476
941.28
922
927.074
875
903.806
902.562
901.755
902.568
904.967
906.705
908.12
909.084
945
937.958
953
969
922
937
937.034
934.753
933.55
933.251
933.435
914
921.099
918.324
916.603
916.816
917.063
917.474
917.545
917.503
820
907.683
895.17
892.122
836
863.073
863.946
859.934
862
864.726
867
868.916
870.797
872.61
874.121
875.792
877.396
843
844
813
823.226
824.523
852
875
875
876.811
891
891.25
886.499
886.34
882.48
877.44
874.062
922
914.051
906.994
883
882.097
969
944.708
928.592
1000
981.258
967.909
960.764
956.518
969
959.362
969
953
922
922
923.254
920.86
918.08
916.446
917.699
919.051
930
926.834
926.56
926.606
927.043
927.017
926.22
867
914.155
907.655
906.914
908.155
906
910.085
922
919.804
921.072
922.202
923.729
924.692
924.06
925.413
924.168
852
887.41
836
858.089
855.525
867
863.987
867
869.697
867
867
869.555
867
869.236
869.14
870.645
844
857.367
855.544
856.591
867
862.841
867
844
858.334
856.918
844
851.402
849.253
850.917
813
836.494
832.714
831.875
833.666
875
863.12
861.556
864.029
862.979
860.235
861.624
860.637
858.291
828
839.062
797
789
790.595
789.489
792.661
796.556
765
777.694
775.001
828
824.649
844
843.785
845.717
906
899.23
891.564
884.428
881.647
878.473
872.853
868.331
866.01
864.277
862.984
862.165
861.768
890
886.964
883.942
882.132
875
873.729
871.716
868.528
865.414
863.268
789
854.326
842.869
841.649
843.413
845.056
773
807.983
750
764.557
763.585
765
758
763.133
765.387
766.609
805
797.401
801.467
807.445
930
898.597
930
917.583
913.253
910.437
875
876.187
871.997
836
867
862.595
859.273
821
851
847.682
836
867
861.502
858.422
859
857.224
855.981
853.503
867
861.291
859.546
883
875.136
874.778
876.883
844
859.494
857.856
853.706
855.29
856.87
853.809
855.477
856.254
854.268
855.325
855.59
855.446
855.884
855.907
856.051
856.07
898
862.021
863.205
863.901
863.643
863.097
862.51
862.08
862.177
862.427
861.901
891
868.494
867.635
867.343
875
871.838
871.024
870.479
953
858.772
930
869.445
873.252
876.265
873.746
872.087
914
922
891.278
891.403
930
904.819
900.261
899.406
898.932
896.974
894.728
894.129
906
898.377
896.87
897.586
897.358
899
896.069
896.266
895.719
894.756
894.607
914
909.2
891
893.128
894.13
893.948
893.357
859
897.709
891
922
906
903.063
901.712
903.383
883
892.405
892.506
930
912.636
906.731
969
950.007
937.186
953
938
931.849
953
946.272
936.115
930
933.11
929.767
924.85
925.779
924.629
922.138
953
945.326
938.323
939.6
922
914
916.728
915.911
945
942.296
939.121
940.524
936.771
932.471
906
909.961
911.553
913.17
914
922
930
930.302
927.815
927.639
890
896.159
875
874.385
906
912.783
916.146
919.751
945
930
929.808
914
910.718
908.377
904.968
867
867
868.477
869.899
873.169
930
953
943.451
898
900.335
860
890
891.38
891.831
891.221
891.607
891.585
889.444
938
945
938.768
929.746
945
938
930.314
924.151
930
926.147
920.84
946
953
953
942.994
938.462
939.972
938.121
914
914
913.896
912.465
929
930.079
929.677
928.902
928.714
927.56
925.84
924.951
925.083
930
929.88
928.746
928.14
928.002
927.693
926.897
844
939.597
844
867
852
863.743
864.231
865.155
867.239
869.243
871.114
891
875
890
886.742
906
899.822
901.152
836
867
891
914
903.537
899.015
899.517
902.715
961
938.064
926.24
953
946.333
939.935
936.846
933.887
931.037
927.924
924.711
921.952
961
961
945
942.955
944.949
930
931.024
953
945.521
961
946
945.051
945.639
944.15
940.869
937
935.767
935.591
935.276
906
919.967
919.5
919.356
922
921.891
923.391
924.464
925.044
925.592
926.377
945
945
944.06
922
926.589
906
914
914
914.796
916.659
917.189
918.793
953
948.33
945.638
942.946
941.118
939.15
935.863
883
903.846
891
891.525
890.702
892.831
894.83
896.747
938
939.221
938.268
937.596
953
952.744
946
943.025
941.005
953
961
945
945.05
961
959.279
955.348
951.794
951.936
952.866
950.666
938
938.719
938.296
945
942.008
938.925
937.971
945
945.171
943.266
939.941
945
950.728
914
926.707
932.458
933.814
937
922
934.283
937.338
937.263
867
920.637
875
888.335
883
886.767
888.751
890.671
891
893.906
896.364
906
904.9
907.143
909.444
911.774
953
944.041
939.825
937.008
930
931.706
931.598
929.19
875
895.495
892.717
889.964
922
914.371
913.281
914.27
914.688
937
930.455
926.18
923.669
922
953
938
933.076
930
929.852
928.386
925.871
924.794
938
933.903
931.572
953
938
938.363
938.999
914
921.506
921.416
919.832
919.583
920.731
921.503
921.278
921.872
922.612
922.538
953
953
947.509
946
945.204
945
942.222
939.749
938.002
969
962.867
958.588
955.843
954.29
937
899
908.252
899
914
919.986
923.664
875
886.741
888.052
890.499
893.095
896.74
899.975
902.687
961
962.85
955.81
951.189
947.295
945
961
955.613
961
945
944.716
943.84
961
957.387
951.114
947.059
969
968.067
953
977
976
971.4
965.56
962.895
962.033
958.638
954.782
969
966.336
953
954.281
959.883
961
953.74
961
961
957.9
953.33
958.785
969
969
956.882
961.296
946
898
942.125
941.351
914
926.255
945
942.263
938.24
961
962.588
961
956.629
962.873
963.959
956.548
954.278
961
959.23
976
977
971.959
968.531
969.232
966.79
961.962
959.881
984
1000
990.257
985.065
981.569
981.607
1000
984
992
988.797
987.401
992
989.731
988.091
986.071
985.423
985.081
985
983.705
983.589
983.493
983.397
983.288
983.19
985
984.003
984.471
992
989.841
988.861
992
991.118
990.667
990.502
883
1018.89
999.84
989.456
986.407
985.768
977
984.499
984.476
982.918
983.041
983.961
984.064
984.074
984.292
984.419
961
977.784
977.519
975.309
975.449
992
992
990.651
989.458
990.104
989.629
987.533
984.418
984.357
984.4
984.016
983.368
992
988.172
987.939
988.186
987.627
986.998
986.466
992
989.276
988.769
988.583
988.275
922
1004.24
937
930
961
954.73
953.281
955.499
946
952.675
954.429
961
953
956.911
958.664
959.946
961.076
962.162
953
958.643
958.747
958.357
959.654
959.755
961.401
962.454
963.437
964.333
969
967.979
945
946
947.321
947.884
948.852
950.446
952.153
953.234
953.969
955.364
956.651
957.854
958.668
992
978.623
961
961.871
961.76
960.963
959.574
930
947.983
946.444
945.23
961
958.543
957.348
956.915
957.021
955.824
992
976.114
971.502
961
976
977
1000
1008
1031
1023.86
1018.06
1012.88
1031
1008
1009.61
1007.04
1003.46
1000.42
1000
997.548
995.908
1000
997.091
1000
998.632
998.414
997.957
997.331
996.589
961
1001.49
961
977
1000
992.188
991.235
976
938
957.802
956.914
956.281
957.899
959.547
961.058
945
953
953
952.586
952.845
953.198
953.95
961
961
945
952.69
945
948.384
922
935.261
937
961
938
945.401
947.779
946.8
984
961
961.728
953
956.671
953
922
934.981
936.386
934.41
945
953
950.714
950.089
951.61
950.145
947.069
948.006
945.83
961
954.4
953
952.553
976
967.548
963.477
962.032
961.84
960.866
1000
989.261
984.332
981.922
980.491
979.927
977.33
974.201
969
992
961
992
969
992
984.659
984
984
983.401
983.232
982.958
982.719
982.48
982.233
982.104
982.007
1000
991.606
990.036
989.514
990.372
990.69
990.284
990.181
990.135
990.107
989.941
989.964
989.924
922
1023.08
993.633
930
1047.97
946
990.351
986.278
981.814
981.485
982.194
983.023
982.404
983.388
983.589
984.537
984.366
985.071
984.76
985.29
984.538
985.453
984.09
985.42
984.07
986.095
953
989.014
976.727
975.261
975.519
976.108
977.014
969
968
969.774
969.061
968.469
953
970.125
964.196
963.656
964.561
965.121
965.577
867
980.112
964.236
957.784
956.527
957.598
959.338
960.07
945
955.074
953
953.318
954.454
955.601
956.788
957.601
958.181
958.942
959.648
960.396
960.951
953
953
961
958.801
969
961.857
962.444
984
979.27
977.557
974.907
974.11
973.466
971.841
970.184
969.716
969.376
968.865
968.359
953
964.059
961.746
961.534
962.375
962.228
963.183
963.042
963.764
963.657
852
990.217
965.796
959.261
828
944.185
934.155
797
905.69
766
860.535
855.152
849.11
848.775
851.145
854.627
703
696
706.03
708.293
710.153
716.115
722.088
725.621
728.739
731.566
734.189
736.476
875
862.37
861.104
860.12
860.862
828
828
820
816.866
813.024
797
796.958
797.186
797.49
805
804.549
805
805.817
804.759
812
808.89
820
816.275
813.016
789
797
793.777
891
863.282
992
938.867
969
955.346
944.946
937.615
930
924.724
920.2
907
906.464
883
898
894.402
867
874.142
836
849.692
846.468
845.687
844
846.605
846.914
914
899.088
894.954
945
922
922.884
924.621
924.151
923.058
906
914
910.593
922
922
919.225
920.779
920.04
945
937.669
922
925.106
926.563
923.834
883
894.338
898
894.474
891
893.621
894.995
893.745
893.909
896.004
898.317
897.743
899.664
901.554
844
873.612
871.198
869.985
870.967
820
846.596
844.884
842.894
875
870.808
874.062
876.97
883
882.202
883.785
867
859
862.746
860.893
861.695
862.956
864.36
866.036
797
828
825.809
822.62
825.533
827.75
828.12
830.741
914
889.082
906
899.664
896.972
883
883.122
879.854
876.259
873.052
870.502
869.673
868.571
883
878.155
876.753
877.876
877.489
877.326
876.681
876.581
876.675
844
844
836
835.837
891
883.438
883.453
914
914
908.999
907.074
904.716
875
844
843.898
828
828
827.388
805
797
796.418
794.703
773
766
750
750.197
750
750.293
751.203
789
789
799.44
809.806
813
820
826.247
828
831.649
834.449
836.508
859
844
845.554
844
841.028
837.849
834.487
831.545
820
819.131
816.49
813.566
811.582
810.14
809.008
808.214
807.617
807.186
820
819.754
836
840.799
844
845.108
845.461
844.823
828
828.26
826.874
875
898
884.424
875.188
867.612
937
936.661
919.357
903.322
894.975
930
934.497
921.246
945
942.72
937.092
914
914
918.528
917.792
909.51
903.571
883
887.783
836
851.588
853.687
859
867
875
878.746
882.557
884.549
885.517
886.389
887.817
888.974
859
867.031
865.337
836
859
855.539
858.65
852
857.542
856.895
922
953
953
943.647
933.974
924.921
883
878.311
873.679
870.146
870.631
871.394
872.35
875
875.485
876.245
876.627
876.919
877.159
877.305
877.343
877.485
877.559
876.724
876.27
875.792
859
865.442
863.269
863.684
865.231
867.029
875
876.21
878.817
880.645
880.395
879.788
906
892.3
875
876.696
876.613
876.362
844
851
867
866.68
865.693
922
945
914.664
910.9
912.004
903.54
895.62
892.755
887.597
859
862.045
864.452
864.296
862.383
875
914
907.414
895.909
977
992
969
958.025
951.889
939.261
927.563
918.496
910.206
903.069
897.424
896.598
896.835
938
942.149
936.946
930.733
924.489
917.22
911.584
907.652
904.232
901.748
898
897.081
898
875
879.187
876.591
877.124
879.334
881.694
884.427
887.518
883
886.569
886.849
887.975
883
885.248
884.501
945
914
912.797
898
899.735
875
875
875.834
851
865.876
836
847.328
846.864
845.604
847.997
849.802
851.354
852.881
854.398
890
884.719
891
891.209
891.092
891.04
890.008
887.372
884.646
882.36
882.204
882.283
882.011
882.151
882.282
930
920.637
916.416
930
926.587
924.291
921.909
918.505
915.385
922
918.54
916.685
915.411
914.407
913.487
912.273
911.119
953
945.233
953
947.056
891
890
891
892.917
895.348
906
908.049
909.781
914
915.738
914
915.753
915.919
953
946.029
939.945
859
875.966
887.729
892.401
893.079
890.699
894.911
897.693
898.882
895.945
897.974
900.748
914
910.94
906.742
904.989
875
883.832
875
878.14
879.481
881.476
1008
992
977.346
966.569
953.852
940.295
977
967.79
945
937.97
922
918.758
914
911.359
909.58
909.393
909.539
909.522
914
913.662
883
892.554
891.83
836
873.104
869.021
866.782
869.914
871.418
874.059
876.866
879.259
881.563
883.497
930
923.545
925.444
926.692
938
953
948.894
945.967
945.442
946.061
944.705
875
867
867.437
868.574
871.51
914
914
914
914
922
922
937
934.649
930.899
927.507
923.444
919.55
915.942
906
905.882
904.646
904.397
904.869
922
945
946.418
930
926.571
924.491
930
906
891
891.271
891.614
893.764
896.624
875
880.397
881.561
885.355
887.653
890.744
894.565
875
879.812
880.974
884.348
969
958.114
945.508
969
966.601
955.694
947.776
1008
1001.24
985.997
976.715
980.248
980.675
975.224
970.292
969.976
969.887
967.864
964.285
962.851
914
928.28
927.175
925.719
927.505
953
953
961
959.578
960.721
960.886
953
930
929
891
896.204
893.729
896.757
901.122
867
875
875.015
875.411
879.858
898
891
890
893.583
875
875
883
880.874
884.346
886.632
875
906
900.872
953
943.777
938.556
934.32
928.103
921.589
916.205
910.851
907.29
961
943.245
937.284
953
947.304
942.947
939.907
935.796
932.777
906
906
902.727
900.41
900.749
938
931.578
931.813
930.005
923.822
919.836
917.886
922
922.673
937
899
922
919.228
922
920.93
921.642
922.825
923.647
922
922
922
921.682
921.291
922
914
916.727
916.745
915.932
915.817
916.203
917.443
916.92
918.523
860
922.916
909.09
914
910.928
908.635
912.577
910.895
913.316
945
925.165
923.526
925.902
925.823
922
914
914
922
916.629
914.232
915.577
914.682
915.575
913.929
938
945
938.342
961
953.573
922
924.842
925.133
922.213
920.861
923.036
922.829
919.92
914
917.257
918.52
917.515
946
943.212
922
930
931.446
929
930
929.649
927.703
924.652
925.359
924.762
922.909
883
913.614
911.796
909.435
891
902.464
875
883.264
884.666
883.367
884.322
883
885.677
885.984
859
870.091
868.642
883
906
904.162
905.847
907.2
908.103
907.771
945
938.035
933.606
930
929.162
953
946.981
941.485
937.77
938.407
976
969.043
960.047
954.232
953.54
961
953
949.32
946.243
943.617
941.548
938.589
935.71
934.394
945
942.544
941.055
891
943.309
935.702
883
883
883
886.135
886.484
888.314
859
873.327
874.217
836
851.372
851.579
850.754
853.059
828
840.414
841.935
842.393
844.276
846.214
848.999
851.295
853.499
855.532
857.869
859.904
861.906
863.683
866.222
868.891
871.153
873.275
874.912
875
836
844.995
847.253
846.419
789
806.514
816.996
815.832
818.959
822.864
781
804.271
804.925
803.933
807.222
809.913
812.899
815.623
818.192
820.857
688
748.295
749.391
703
711
718.949
719.591
721.419
728.377
731.705
734.888
859
844
835.632
843
852
845.625
867
836
844
843.418
838.363
837.097
875
868.569
883
891
883
883.677
884.883
882.577
881.041
878.89
877.178
875.263
875
852
855.428
851.632
844
836
838.01
837.077
875
914
911.277
905.925
899.95
893.364
930
926.971
917.517
908.924
905.858
906.086
903.16
899.481
1117
1008.99
965.945
959.058
954.583
947.118
938.561
931.912
922
920.07
918.976
916.982
915.404
914.952
915.27
915.674
916.906
937
907
917.566
919.226
919.818
921.184
914
919.232
922
921.952
923.425
924.335
930
931.164
933.063
932.491
867
878.956
919.651
914.365
828
888.468
883.95
881.084
880.952
885.4
888.611
781
766
770.6
772.908
777.4
787.851
798.95
805.521
811.384
818.149
823.527
826.749
828.874
830.739
711
739.265
740.009
711
722.355
734
727
736.593
743.057
745.26
749.787
752.442
756.506
759.995
774
775.754
789
789.116
789.679
789
791.176
793.107
794.283
796.059
805
820
820.801
828
829.965
832.569
831.543
830.308
828.632
825.589
781
797.384
792.438
790.494
790.956
789
789.437
788.699
797
795.636
796.929
789
789
788.433
787.282
787.009
786.787
786.983
789
781
789
787.555
781
782
781
783.129
782.469
783.845
783.93
784.812
785.294
786.063
786.711
787.347
787.984
758
791.364
766
782.379
758
817.835
766
765
772.485
771.406
769.978
772.406
765
771.911
770.55
771.877
770.435
772.752
771.463
773.647
772.49
774.566
773.365
775.478
774.281
776.416
775.206
777.083
820
813
791.383
788.863
786.991
820
813.843
797
793.096
792.761
794.633
795.844
793.046
788.749
785.804
786.87
788.954
789
785.97
782.515
782.102
785.244
787.535
786.895
805
801.451
796.576
797
796.887
805
803.731
797
792.928
792.658
795.039
812
808.391
800.894
795.704
794.575
797
801.141
801.669
796.771
790.749
789.534
792.432
800.467
802.238
797.127
836
844
815.501
808.371
808.243
809.847
807.454
800.994
836
834.695
822.276
816.306
818.225
820.008
789
797
800.446
802.617
797
820
797
797.065
799.16
801.003
798.853
797.495
797
798.798
820
815.476
811.654
809.046
809.315
821
828
820.319
815.011
813.93
816.668
817.842
815.409
810.964
828
826.156
823.039
818.792
818.179
789
799.781
800.593
820
816.342
812.391
811.527
813.936
836
830.87
824.217
828
829.049
829.239
823.306
890
869.718
856.469
853.73
852.775
846.387
930
889.352
906
883
880.687
938
915.761
938
922.061
915.632
914
914.639
911.738
867
874.391
828
834.864
832.881
832.969
867
862.969
867.436
870.038
871.628
872.829
828
841.925
812
814.52
812.477
813.796
813
815.477
836
837.294
843.069
789
789
789.729
791.25
793.349
789
793.043
794.856
796.603
789
792.252
793.595
795.106
796.883
798.652
789
789
791.117
792.594
789
797
797
799.844
801.457
805
806.553
805.301
806.455
805.862
804.563
802.527
800.292
789
791.462
790.506
791.123
792.107
793.056
793.861
794.555
828
807.815
808.303
808.106
807.599
805.282
804.156
803.651
859
811.609
813.07
812.852
812.344
813
828
822.349
859
843.517
839.56
906
899
906
894.722
899
906
906
900.416
896.966
896.116
895.401
893.667
891.415
867
844
848.249
845.244
844.391
846.381
847.816
891
885.528
885.738
885.051
820
832.36
834.025
859
864.619
867.822
873.464
929
930
918.765
953
952.767
936.863
926.847
926.221
918.761
891
888.457
889.647
886.342
891
890.405
889.624
887.749
885.707
914
911.93
930
923.314
919.677
915.772
914
930
924.966
919.303
930
927.957
928.078
927.201
924.951
953
947.5
914
918.587
919.56
920.586
773
876.55
773
821.051
789
798.667
801.943
802.832
805.445
807.605
875
863.444
937
922.853
922.434
925.121
926.347
925.922
969
959.876
954.871
955.085
955.775
955.736
955.245
954.825
954.43
851
852
853.14
851.613
852.198
853.946
914
908.301
945
940.456
945
930
925.669
961
953.364
953
953
951.736
950.616
948.566
930
932.759
930.702
929.101
928.857
928.874
929.709
953
914
922
922.011
919.447
918.443
918.033
918.525
953
944.266
942.191
941.727
945
953
946
945.904
953
951.512
950.001
949.04
961
958.016
956.234
955.232
955.504
954.937
961
958.074
953
954.294
953.631
952.83
938
943.994
943.689
943.068
1000
948.133
950.53
1000
959.537
969
965.496
968
969
961
964.236
963.072
961.286
959.966
984
977
972.255
953
958.728
960.536
958.396
875
924.9
844
867
870.018
866.109
868.606
872.27
874.757
877.761
880.198
881.926
884.232
885.618
887.359
888.996
890.721
892.628
914
898
891
914
911.015
909.611
953
953
946
942.013
942.479
946
942.983
940.105
953
951.636
948.9
946
944.789
943.644
953
949.607
947.174
945.916
961
957.078
953.76
930
935.581
936.089
935.047
933.631
932.881
891
906
907.87
929
928.533
945
946.048
976
972.746
968.528
965.684
930
945
941.884
938.452
936.181
936.863
937.022
934.6
914
899
901.549
902.64
937
946.158
946.606
947.323
898
905.678
906.405
905.602
906
930
937.001
945
943.13
943.438
941.508
937.335
933.899
953
953.416
949.149
944.738
943.701
942.4
938.785
935.316
932.274
930.939
930.239
929.541
928.882
906
913.863
912.432
913.185
914
915.155
914
914.954
915.333
922
922.833
925.329
927.446
929.574
931.483
933.172
934.529
922
906
906
883
887.448
887.973
890.429
914
924.148
914
917.899
919.386
914
915.889
906
904.288
914
891
898
899.068
898.255
900.492
922
922.489
920.763
920.234
917.23
922
918.61
915.989
914
922
914
914
913.876
937
930.399
928.491
930
945
922
924.491
922
921.264
919.237
918.712
918.198
917.898
917.644
875
912.718
891
894.699
896.275
895.356
896.48
897.23
897.856
898.342
898.702
899.059
922
922
920.391
922
921.653
922
937
922
930
928.459
927.63
930
914
906
907.838
907.373
906.54
906.36
907.238
914
922
922.571
922.003
921.485
836
859
867
867.512
870.677
937
922
921.168
926.58
920.601
914.524
918.08
922
911.959
930
922
913.971
916.355
914.701
953
938
931.991
933.292
961
946.724
930
933.08
935.29
930.987
930
926.986
924.564
922.308
961
969
957.378
953.86
953.22
950.67
922
923.492
924.37
925.039
923.504
923.907
925.944
926.59
945
945.991
941.932
945
945.327
941.232
936.998
934.541
932.105
929.779
928.693
946
946.79
944.429
938
938.661
939.196
938.422
953
953
922
927.55
953
948.546
942.146
961
961
953
953
954.899
949.795
945.22
938
938.933
939.61
939.232
945
945.273
942.517
940.537
942.194
941.974
938.352
937.714
939.669
939.283
953
949.861
947.252
947.071
946.34
943.495
941.668
852
844
851
844
859
868.099
877.177
884.292
891.414
896.549
901.473
905.891
910.108
922
914
922
922.45
921.453
921.106
930
926.4
929
928.703
928.532
928.616
914
906
907.594
922
917.741
914.646
930
926.803
925.457
924.315
922.534
920.382
918.382
916.604
914
913.608
913.714
913.675
914.409
915.112
915.784
916.402
916.918
930
931.463
930.082
926.295
953
949.382
944.671
945
943.798
941.463
939.287
937.126
935.626
934.182
933.035
945
945
943.481
941.496
941.524
941.556
941.054
930
931.771
931.442
931.223
930.991
931.212
931.813
891
948.072
906
945
936.374
935.594
934.826
934.312
935.569
934.634
937
935.895
945
940.575
939.98
941.723
929
930
931.444
929.266
929.7
929.265
961
953
949.305
947.543
938
945
943.56
945
930
945
942.137
940.463
939.869
940.94
953
946.107
944.137
945
945.308
942.97
942.191
942.195
914
922
906
922
922.069
930
922
926.448
927.611
928.23
928.983
929.846
930.854
931.69
932.25
932.925
933.194
933.898
933.923
945
942.63
942.05
941.724
930
937
935.316
934.915
914
924.092
921.975
921.807
921.597
922.402
922.849
984
969
948.448
948.3
948.046
944.58
941.277
938.49
914
922.748
922
922
924.111
914
922
921.895
922.509
923.165
923.545
924.292
924.552
924.447
924.648
930
945
942.515
940.666
937.728
936.457
937.339
937.231
936.724
936.193
935.855
936.021
935.878
945
943.785
942.602
941.72
961
958.106
954.845
961
938
945
944.863
944.713
953
950.128
953
969
953
953
953
952.854
951.781
945
947.234
947.229
946.767
946.613
946.493
947.107
947.044
947.218
947.436
947.69
875
875
932.899
898
910.717
913.908
913.084
914
917.049
917.446
919.542
929
891
908.341
907.154
905.283
907.28
909.121
922
917.552
920.288
921.849
923.123
945
935.914
932.741
934.109
932.877
932.112
938
934.418
933.393
933.906
930
931.355
930.308
930
929.763
938
935.647
935.11
936.342
936.109
935.858
935.606
935.31
934.94
934.627
934.264
933.365
914
952.878
930
932.749
933.732
953
926.679
953
933.311
936.691
961
936.854
938.45
939.699
930
937.269
935.493
934.76
933.848
935.416
934.904
935.706
935.203
936.331
935.989
922
937
931.771
945
935.703
937.179
938.024
937.414
937.588
937.836
937.696
937.721
953
941.828
789
900.802
773
858.884
852.08
849.578
851.783
854.895
857.648
859.794
861.626
863.217
852
858.982
859.35
891
867
898
930
922.218
919.298
919.908
969
956.39
950.608
950.012
950.937
950.478
948.867
948.049
946.636
844
927.845
917.053
883
890.826
895.48
891.437
946
935.572
931.081
932.062
931.178
925.647
922.545
920.759
917.719
916.083
915.236
914.807
914.863
915.131
916.222
917.11
918.079
919.135
906
914.516
910.513
910.543
844
859
875
883
884.583
888.045
890.599
893.115
896.054
898.564
901.016
903.217
905.274
907.081
930
925.315
922.21
920.885
921.199
919.685
917.2
915.5
1000
959.028
948.655
985
971.777
985
976.048
971.87
992
986.676
981.891
980.309
969
971.093
970.658
968.399
967.158
966.669
966.819
966.691
966.222
891
898
933.35
925.433
928.588
933.323
934.382
935.735
936.645
938.711
938.909
939.796
941.498
942.112
943.744
906
930
926.059
924.613
926.824
914
921.549
922
914
891
903.071
904.575
902.067
905.138
907.588
906.24
908.389
953
942.409
969
953
969
965.386
962.356
960.375
958.022
961
957.076
956.736
956.298
961
958.356
958.375
958.643
958.476
958.385
969
965.741
964.056
965.184
964.254
961
961.69
961.487
960.801
960.047
960.163
960.229
945
983.789
941.024
982.584
954.03
960.005
960.888
953
959.867
959.536
961
906
875
902.884
906.221
908.52
913.846
917.258
867
890.754
887.604
914
945
942.369
930
937.54
935.868
929.73
931.101
929.926
926.492
925.206
923.699
906
910.295
907.921
906.769
908.12
908.224
908.405
908.647
908.764
908.763
961
948.665
937
935.361
932.828
927.884
923.89
921.263
920.436
919.555
920.055
919.854
953
948.988
943.879
939.339
934.991
929.396
961
955.98
948.654
942.175
938.118
937.774
937.661
934.55
930.805
928.242
927.555
927.868
928.483
928.736
928.005
928.324
928.907
929.365
928.904
928.331
969
951.135
969
966.109
976
973.294
970.913
970.057
968.625
984
982.493
979.39
992
992
990.171
989.827
989.258
988.699
961
967.391
963.914
961
959.655
959.408
969
965.69
966.924
967.637
969
961
964.955
961
962.441
962.026
962.764
963.373
930
945
942.583
941.424
943.977
914
929
930
953
949.142
946
984
961
953
957.081
955.926
954.113
955.89
955.199
953.853
953.606
953.722
952.733
952.018
953
952.069
952.524
951.717
952.231
969
963.81
962.181
961.236
960.906
922
960.124
950.725
875
958.683
942.43
938.27
937.564
836
925.807
836
875.381
875.286
872.504
805
837.953
797
789
798.117
798.374
798.981
802.353
805.082
807.27
809.248
811.055
812.683
814.347
815.765
817.193
818.679
820.685
822.457
823.733
953
903.242
889.354
885.753
882.432
883.008
880.176
877.19
1000
1008
1031
1003.37
986.099
1023
1008
999.199
990.365
985.61
984.821
976
1000
995.18
989.071
986
985.237
983.892
969
961
959.863
953
953.376
953.329
953.911
954.711
955.284
955.627
955.787
956.125
956.572
957.141
957.843
958.66
953
955.719
956.423
945
951.31
949.893
952.239
952.591
955.596
957.233
959.311
960.741
961.527
992
970.467
969.822
969.343
969.101
968.069
967.246
966.737
969
968.266
967.551
967.181
961
963.676
962.843
984
961
963.672
976
930
982.053
965.771
964.6
964.234
963.809
964.346
963.639
964.384
963.96
969
965.52
969
961
969.64
965.758
992
963.995
968.892
970.087
968.275
977
970.992
971.39
971.952
970.525
971.339
1000
970.047
972.473
977
975.684
985
1000
989.593
987.655
987.773
1000
992
990.798
990.61
969
974.934
974.84
973.686
969
953
959.229
960.206
960.977
961.368
963.304
964.927
965.128
953
956.711
957.501
961
984
969
970.427
972.625
973.266
970.528
953
958.282
959.562
962.188
960.498
958.4
961.692
965.054
1000
992
977.151
992
991.817
969
968.131
970.322
969
963.129
961.137
963.595
965.574
962.339
959.048
962.447
965.883
985
974.587
953
930
934.586
937.069
922
928.157
953
962.816
959.586
969
975.574
973.441
967.22
967.308
969.317
966.626
961
958.958
959.282
992
987.177
985
979.153
1000
998.094
989.589
983.202
983.629
1000
993.826
985
992
992.954
991.528
961
967.569
969.941
972.43
953
957.855
962.598
965.875
961.371
959.684
964.733
968.412
964.044
1016
1009.18
996.001
993.197
1000
995.419
1000
1000
985
984
987.353
985.315
985
984
992
990.112
1000
993.71
990.235
1008
1003.08
1000
996.58
996.64
996.464
994.003
991.616
1016
992
993.393
977
986.458
986.231
986.029
986.566
987.693
988.06
988.614
953
973.397
970.702
970.336
970.8
971.945
972.497
973.026
973.446
984
980.724
982.038
984
983.217
953
967.178
965.763
964.956
965.923
967.607
968.378
969.731
968.958
1000
990.288
988.586
988.327
961
992
980.672
984
1000
991.836
990.177
990.153
984
985.681
985.128
983.33
982.803
977
978.498
978.298
977.996
977.726
984
981.959
953
977
992
983.375
977
992
989.035
1008
992
993.409
994.588
1000
1000
969
976
978.412
978.916
953
953
956.464
958.99
957.81
961
963.383
966.636
961
953
957.866
969
969.427
962.922
960.96
965.382
930
940.955
943.007
946.764
946.705
948.448
952.875
938
944.392
945
947.076
944.686
946.484
949.045
950.571
949.03
950.285
951.69
952.91
951.299
952.719
954.078
954.609
955.044
1000
974.401
992
987.531
983.729
981.145
978.537
976.828
975.061
969
968.019
969
992
961
964.396
963.603
969
1000
992.683
985
984.16
992
991.044
969
972.305
972.186
971.873
971.484
969
970.11
971.604
1000
992.894
986.709
983.89
976
976.329
976.4
961
963.646
964.416
961
953
954.542
955.63
957.069
957.088
959.557
961.687
1000
984
982.888
982.673
992
990.042
992
988.906
1000
998.031
992
990.991
991.278
990.135
988.631
987.275
986.168
992
990.785
989.461
1000
998.478
997.59
997.241
1039
1020.47
1015.7
1013.42
1047
1054
1039
1033.67
1034.42
1035.9
1032.63
1028.86
1025.7
1026.15
1025.42
1022.74
1020.29
1015
985
1015
1016
1014.31
1012.72
1013.19
992
999.863
1001.01
1000.75
1000.05
961
977
978.029
961
967.058
969.522
969.695
1000
984
977
1000
995.253
992.356
984
990.235
992
969
976.893
979.266
977.17
975.199
978.089
980.982
977.643
976.496
980.331
980.508
969
975.294
978.66
984
972.793
969
976.522
978.31
972.076
972.059
980.21
981.817
973.883
976.202
986.051
983.145
1008
1008
988.704
988.238
1023
1011.44
998.135
1015
1014.91
1003.57
997.772
1005.37
1005.94
992
993.406
1000.19
1008
997.645
994.173
999.841
1047
1026.61
1013.11
1011.52
1008
1003.97
998.046
997.042
999.826
999.62
994.668
995.006
999.046
1039
1019.16
1039
1033.25
1008
1006.71
1008.14
1007.32
1003.5
1000.33
999.811
969
982.557
953
956.69
953
954.039
938
944.097
943.939
961
961.145
969
953
959.325
961.127
961.406
962.26
962.925
984
985.022
986.822
988.156
989.104
989.221
988.286
992
990.432
992
990.552
989.309
988.175
987.028
986.159
985.342
976
985
992
1008
1004.97
1003.23
1031
1028.1
1023.43
1019.45
1017.11
1014.63
1011.17
1008.44
1006.37
984
969
968.973
984
996.376
969
976.539
981.926
985.666
985.439
984
986.906
989.122
987.533
1000
1001.41
999.047
995.888
1031
1029.24
1021.98
1017.71
1018.61
1018.47
1012.45
1007.44
961
961
963.821
966.744
953
959.581
962.028
963.586
965.372
961
964.173
964.451
1000
1002.22
1000
1000
1000.68
984
983.492
981.331
979.341
969
971.058
972.386
972.568
974.215
974.906
977.03
976.925
975.752
974.565
973.609
972.849
1015
1002.85
998.644
996.034
977
976.68
984
983.46
982.867
992
992.517
989.891
987.193
985.811
984.378
1000
984
982.833
983.816
961
976.607
969
992
985.013
977
978.757
980.228
979.838
979.138
977
1000
993.207
990.605
989.305
989.189
989.218
1008
1001.06
998.727
1008
1005.75
1004.39
1000
1000.96
1008
1004.78
1002.63
1002.34
1003.2
1015
1000
1001.71
1003.01
1002.6
1001.49
1039
1022.49
1016
1015.4
1015.76
1023
1017.69
977
992
995.497
996.801
994.132
984
991.807
1000
1023
1031
1019.84
1015.61
1017
1018.17
1014.95
1008.56
992
995.199
997.354
999.654
1008
1002.32
992
992
995.412
998.763
969
973.606
975.496
980.123
969
971.278
973.613
976.924
975.996
973.231
975.021
978.128
980.928
980.087
953
961.832
964.414
976
974.169
967.651
970.139
977.027
981.943
976.541
976
977.739
969
969
971.606
974.426
1000
990.153
980.007
976.812
980.3
983.89
979.129
972.719
985
987.952
983.397
974.825
976.943
981.04
982.295
977
972.487
969
976
979.906
969
970.444
977
982.858
975.386
977
992
992.515
946
953
962.332
969.223
963.011
965.617
982.757
992
978.601
1008
1009.53
995.052
988.973
1039
1034.09
1013.97
1009.21
1031
1039
1016.87
1011.63
1008
1005.12
995.156
994.349
997.971
995.082
987.959
1062
1016
1010.25
1014.42
1023
1024
1012.22
1012.46
1031
1026.18
1014.32
1010.62
1016.6
1020.22
1015.07
1009.87
1012.57
1019.02
1017.06
1009.68
1031
1028.78
1020
1015.39
1020.35
1024
1015
1010.48
1016.18
1020.36
1000
1006.44
1031
1021.14
1007.38
1016.03
1025.88
1016
1006.79
1039
1008
1008.71
1047
1017.48
1012.95
1022.63
1018.78
1008.92
1031
1024.45
1011.4
1018.05
1024.7
1009.01
1013.12
1025.38
1016
1031
1030.02
1000
1013.72
1055
1019.35
1047
1078
1044.52
1043.92
1047.26
1034.93
1033.68
1040.15
1070
1050.1
1000
1017.82
977
980.792
983.095
984.566
986.647
984
988.198
990.089
1054
1032
1030.5
1032.49
1086
1074.19
1063.17
1031
1034.37
1039.6
1000
1004.42
1006.43
1009.07
1007.19
1006.64
1010.14
1012.45
984
989.275
991.227
993.727
992.384
992
1008
1008.82
1005.39
1003.13
1006.17
938
976
961
962.787
964.194
984
982.819
985.224
987.484
989.753
991.422
992.567
993.747
961
977.653
975.813
953
964.079
966.179
961
961
984
976.081
961
971.138
972.378
976
977
961
992
992
984.111
982.995
985.367
981.575
976.757
982.185
979.773
974.636
976.349
978.423
973.125
1024
1005.1
1047
1039
1031.93
1029.16
1025.81
1020.94
1017.61
1070
1051.34
1043.08
1040.11
1040.09
1041.13
1038.08
992
1002.08
999.772
1000
1024
1019.11
1023
1023.32
1022.93
1021.3
1018.78
1017.51
1015.61
1055
1047.72
1043.09
953
989.006
990.842
990.404
991.225
992.92
996.134
984
961
968.719
970.178
971.562
945
953.166
955.032
956.5
957.727
959.304
962.253
965.159
967.174
968.904
970.821
973.062
1078
1040.44
1008
1006.04
1008.46
1004.02
998.311
995.301
993.543
1125
1060.95
1038.52
1033.69
1030.66
1025.39
1020.54
1086
1065.11
1050.32
1042.57
1038.62
1035.36
1047
1041.13
1035.2
1031.51
1029.57
1027.68
1024
1022.92
1022.75
1022.71
1023.02
1023.36
1031
1008
1021.21
1017.95
1018.89
1020.43
1039
1016
1023.3
1023.35
992
1014.27
1009.94
1078
1016
984
1000
1001.94
1004.4
1007.98
1023
1020.73
1055
1047
1041.75
1038.93
1031.65
1008
1012.67
1010.35
1005.57
1008.16
1009.78
1008.28
1009.89
992
999.452
1000.07
997.93
1000.88
999.829
1054
1041.34
1036.07
1034.33
1027.62
1047
1040.17
1035.01
1034.13
1000
1055
1038.68
1034.33
1031
1032.5
1032.79
1029.89
1028.08
1027.8
1047
1037.88
1034.94
1034.42
1039
1036.29
1034.43
1055
1031
1032.12
1039
1035.01
1039
1035.1
985
1042.65
969
1025.88
1018.61
1015.77
1015.45
1016.73
1017.76
836
934.311
930.03
898
891
908.351
908.462
910.164
916.282
919.106
921.969
924.556
906
917.693
918.645
918.979
920.531
922.246
922
930
929.436
930.182
932.945
891
911.637
899
901.807
903.805
903.71
906.214
905.563
907.856
907.406
908.859
908.307
961
940.387
936.768
935.13
934.553
922
953
942.254
938.525
935.951
936.203
936.744
935.065
984
968.719
992
981.212
992
987.655
984.114
992
987.257
984.268
983.608
969
984
977.386
974.94
974.06
973.761
992
985.066
969
974.657
973.632
972.353
1000
990.964
1000
997.236
996.311
994.649
1008
1001.9
1000.47
1001.38
1039
1027.83
1024.12
1021.73
1024
1023.35
1000
1004.58
1002.34
998.555
1039
1031
1027.09
1025.88
1023.46
1020.6
1017.59
1015.44
1013.43
945
984.409
981.964
961
969.148
969
976
961
968.683
969.458
938
953.264
950.069
949.58
952.062
952.828
955.085
956.083
957.848
959.399
960.985
962.899
964.724
966.574
968.68
968
961
965.888
962.962
962.047
961.83
977
984
977.652
974.316
972.886
973.426
1008
995.041
989.589
1016
1011.33
1004.78
1039
1030.07
1021.43
1018.55
1070
1055.84
1042.71
1039
1000
1039
1033.83
1026.89
1021.41
1039
1035.49
1029.05
1039
1035.69
1032.74
1029.45
1030.17
1028.84
984
977
980.841
982.135
981.267
986.325
953
964.459
965.544
965.407
967.999
985
987.57
991.204
994.445
1039
1008
1012.18
1031
1025.23
1020.31
1021.92
1022.33
977
986.787
988.633
985.466
961
970.024
953
953.707
956.072
957.716
953
938
942.998
944.18
953
969
970.894
973.977
976.845
978.94
980.464
961
965.621
966.881
976
961
964.558
967.479
966.197
962.79
945
930
932.884
934.871
961
976
992
989.931
984
976.735
961
952.767
977
982.2
979.226
972.192
967.094
1000
1003.06
961
906
908.4
867
869.674
870.795
875.653
880.701
922
944.23
952.112
992
997.424
988.993
982.07
961
977
977.25
972.502
968.265
968.232
966.935
962.944
960.002
958.279
1008
1005.05
998.435
991.782
990.018
1055
1062
1031
1032
1031
1026.57
1024
1016.65
1008
1003.67
1000.68
1008
1004.92
1002.08
1000
1000.69
1008
1000
999.057
998.491
937
938
942.732
969
977.719
984
990.437
993.382
969
984
981.424
982.089
992
991.17
991.56
991.419
1008
1003
1016
1009.89
1006.62
1000
999.467
996.925
994.168
1015
1008.43
1047
1035.69
1031.58
1030.26
1023
1020.94
1017.57
1014.45
1011.88
1010.78
1010.1
1009.57
914
1001.2
987.725
852
947.281
844
859
865.175
864.641
890
887.701
891
929
926.705
929.789
934.837
938.703
941.546
943.935
945.887
947.595
949.07
950.31
951.264
952.163
992
983.364
980.308
930
955.168
953.743
969
961
984
979.366
975.329
974.466
971.326
968.392
965.312
969
984
978.17
977
1000
993.959
987.093
982.8
982.927
981.325
977.667
969
984
1000
994.046
992
988.604
989.351
989.187
1000
996.423
991.961
990.113
990.778
990.377
987.394
984.292
984.102
984.007
992
989.852
987.09
985.406
986.268
988.011
992
989.596
986.5
984.894
985.851
987.082
969
1000
984
985.126
986.051
969
1005.23
984
985.166
985.727
985.264
984.255
1039
1000
995.558
1031
1008
1004.82
1004.43
1002.99
1008
1003.74
1002.56
1003.15
1002
1000.85
1000.1
999.715
999.496
984
993.695
989.785
1008
998.412
998.595
1000.21
999.23
999.971
999.539
992
996.157
994.5
994.424
1000
997.825
999.061
999.31
999.338
1000.08
999.619
1000.47
992
1005.15
993.002
1000.15
996.127
997.352
997.324
1023
985.877
1016
1031
1024
1017.89
1039
1024
1031
1028.99
1027.35
1026.51
1025.97
1025.29
1024.61
969
961
922
914
913.566
915.524
953
970.61
987.419
997.429
1003.86
1006.87
984
992.089
969
968.975
966.802
965.311
922
932.479
929.348
931.642
937.244
941.294
961
976
980.871
980.902
977.76
985
992
986.642
984
979.685
974.538
970.722
967.541
1000
1024
1031
1000
995.018
995.825
995.735
991.537
1000
996.303
992.853
1008
992
991.544
990.126
988.659
984
983.452
982.995
984
983.842
984.306
984.879
985.485
986.002
986.38
961
984
979.435
984
982.733
977
980.918
1016
1008
1004.63
953
922
925.567
928.344
934.162
941.441
946.297
951.263
956.376
969
973.003
973.952
984
961
963.006
953
953
961
969
970.902
967.101
962.345
961.917
959.68
956.353
1031
1006.32
996.221
989.489
981.828
1039
1010.76
995.85
1039
1016
1031
1016
1012.7
1012.66
1009.62
1006.1
1054
1034.4
1023
1022.03
1021.99
1018.95
1014.94
1011.39
1008.82
961
984
980.296
992
989.993
992.711
984
989.311
945
967.212
962.823
961.204
963.705
953
958.863
959.097
959.713
960.617
961.461
962.392
963.301
965.202
961
964.903
964.873
945
938
953
946.656
948.906
984
975.5
961
965.535
966.008
969
961
965.574
966.706
961.672
960.245
964.356
953
953
955.972
946
948.712
952.511
950.726
992
978.145
974.287
974.651
971.494
953
955.586
953
950.415
951.826
953.827
954.921
956.059
957.773
958.672
957.412
956.476
955.725
977
971.157
966.385
964.334
961.895
1000
992
1008
997.259
992.361
990.677
991.294
984
982.263
992
988.714
986.798
984.422
982.992
983.359
982.095
980.883
979.782
984
961
969
945
951.656
951.162
891
963.436
948.177
836
828
832.443
833.99
837.758
842.61
848.241
853.138
856.822
859.769
862.437
727
734
734.326
735.26
738.317
742.881
747.386
703
723.383
724.291
719
726
727
742
743.494
747.281
750.248
754.883
789
789.583
791.715
789
792.524
797
798.313
781
784.035
789
788.946
787.312
783.475
789
787.774
785.793
784.281
783.301
782.213
780.09
778.213
805
798.813
795.825
792.941
792.646
791.178
789.132
820
803.772
796.711
797.414
798.07
789
788.613
789.655
781
783.33
783.865
783.6
784.153
784.74
785.281
844
798.72
799.79
844
822.271
816.231
814.027
812.57
810.987
809.022
806.924
750
750
742
742
742.617
745.23
867
827.119
828
827.501
820.535
814.161
808.307
774
774.571
797
828
822.857
817.286
813.983
806.8
799.092
793.544
788.733
836
832.188
823.218
815.313
809.144
802.859
805
801.692
797.69
852
846.242
860
851.817
875
870.032
861.516
853.523
847.641
758
789.639
758
759.861
759.143
828
836.884
837.728
837.731
833.348
825.799
819.901
814.614
810.784
809.129
828
826.909
813
851
845.278
844.149
844.293
842.066
840.233
953
904.648
906
896.86
875
872.827
868.456
862.702
857.82
853.256
850.603
849.968
849.45
849.19
849.362
849.542
849.752
849.902
850.027
969
945
902.133
895.354
891
890
883.32
878.364
874.469
871.372
870.818
906
909.116
901.501
1039
1000
971.238
968
958.365
946.605
937.597
930.29
924.035
918.997
914.909
911.472
859
877.72
898
875
860
859
861.692
863.195
865.134
945
935.578
929.627
927.287
922.073
915.908
906
902.836
891
891.399
890.523
914
930
930.013
925.225
992
953
946.664
947.001
938.431
931.038
925.057
919.44
914.473
910.895
907.663
905.032
903.725
903.211
904.582
906.101
907.807
909.477
910.982
912.203
912.902
912.878
1047
1078
992
981.564
930
922
918.041
917.639
914
916.173
917.991
920.14
1039
1014.61
996.22
984.133
974.942
965.477
955.583
947.547
941.324
936.615
914
914.872
913.49
930
932.382
933.637
1039
1063
1038.92
1117
1102
1080.67
1068.54
1059.51
1049.72
976
975.225
973.718
984
985.432
986.107
989.625
991.286
990.375
937
946.081
946.842
948.389
949.664
844
904.925
904.521
844
865.438
828
834.521
820
824.473
826.998
829.437
832.279
835.082
758
803.243
802.378
801.185
803.237
805.87
809.56
945
921.138
945
933.694
953
951.796
938
938.075
937.109
953
947.617
945.386
945
946.379
946.571
828
820
813
813.623
805
810.015
812.602
813.572
805
807.162
807.657
807.769
807.814
906
891
892.448
893.324
895.995
898.292
969
965.063
958.379
947.703
944.376
946.559
961
953
961
961
961
984
982.354
953
930
933.839
935.218
930
925.97
914
930
937
914
922
923.945
925.431
923.258
922.197
924.164
926.17
925.476
923.874
925.923
926.403
926.323
926.203
927.185
928.665
928.696
928.534
928.748
930.295
922
927.477
926.337
925.179
926.118
925.442
926.581
836
943.595
924.956
919.286
918.626
920.044
921.184
891
912.025
910.499
907.713
908.866
910.694
805
865.039
861.738
858.116
859.763
862.969
864.971
866.701
868.522
870.188
871.816
851
863.447
813
836.034
835.39
828
828
831.54
813
823.791
825.383
826.497
828.661
830.822
789
808.472
809.978
807.467
797
789
795.186
789
792.38
794.62
796.76
799.246
801.655
804.125
828
797
806.665
820
814.335
812.591
875
858.317
849.127
846.518
840.113
922
888.171
870.743
945
920.295
900.522
898.402
899.214
892.591
886.815
887.06
885.707
881.569
1000
985
947.858
938.614
934.692
927.517
919.19
911.923
1031
1039
1039
1078
1047
1037.67
1032.01
1047
1037.02
1055
1046.68
1040.52
1038.13
1035.7
1031.6
1027.17
1094
1080.17
1068.49
1063.08
1061.07
1059.5
1055.9
1051.7
1047.93
1045.29
1042.87
1062
1056.91
1054.62
1052.04
1051.16
1051.68
1050.84
1049.87
1049.04
1048.35
992
1000
1035.6
1029.86
1031.45
1034.99
1016
1025.4
1024.24
1025.21
1026.96
1039
1036.57
1038.09
1039
1070
1055
1047
1049.46
1047.98
1000
1016.59
1018.57
1008
1013.34
1018.29
1014.6
1024
1024.53
984
1000.98
1002.77
998.535
1002.63
1006.33
1008
992
1008
1006.75
1002.46
1005.18
1007.7
1005.34
1006.81
1009.09
1008.12
1009.11
1011.08
1009.44
1009.83
961
1000
992
1008
999.916
1001.35
1008
1015
1006.4
1008
1011.18
1023
1008
1011.96
1023
1000
1009.32
1007.89
1008
1005.39
1007.64
1031
1020.44
1017.39
953
971.267
974.995
974.569
974.877
979.642
982.083
983.151
984.822
1031
1047
1035.02
1023
1024.23
1016
1008.83
1005.24
1003.6
1000.58
997.571
996.517
996.382
1000
998.619
969
978.648
977.157
978.965
980.913
981.766
982.918
1000
992
992.49
992
990.827
989.436
988.078
988.125
1015
1012.3
1010.92
1008.75
1008.22
1008.3
1007.5
1005.54
1003.77
1003.39
992
993.978
992.845
984
987.041
986.861
986.635
1008
984
989.984
990.559
990.624
1000
984
989.228
989.809
969
979.214
1000
1000
998.077
998.851
999.82
999.075
1000
998.371
998.059
997.591
996.428
945
961.066
979.433
969
1008
1000.74
998.953
1001.43
995.098
992.818
994.376
1000
993.668
994.902
994.127
969
979.323
977.568
974.539
978.609
977
992
969
980.82
977
984
980.267
981.534
981.938
981.509
981.465
982.101
982.074
982.739
983.193
984
985
984.891
985.729
986.17
986.838
987.229
987.175
992
1008
1001.37
999.31
1000
1000
1008
1006.35
1016
1013.28
1011.6
1011.21
1011.71
1011.48
1016
1000
1001.8
1039
1023
1016
1014.97
1014.68
1031
1039
1032.2
961
992.248
990.895
992.414
945
965.084
967.643
992
984.751
982.504
986.324
992.206
969
974.211
978.883
1000
991.84
992
996.254
1000.75
961
969
973.894
978
969.991
969.818
979.226
983.637
975.578
970.283
977.778
922
937.78
883
888.183
889.661
891
895.98
937
930
937.152
906
915.707
917.86
917.662
930
945
961
961.319
961.77
961.784
959.588
922
928.071
924.507
921.597
924.263
925.999
927.341
928.699
930.222
929.107
929.053
927.543
926.452
953
947.615
945.567
942.926
953
950.351
946.42
961
957.181
953.934
952.798
953.327
976
970.559
966.892
963.359
1000
994.027
1015
1008
1000.36
999.723
1000.85
1000
996.246
993.165
992.17
1031
1019.61
1013.78
1016
1015
1015.72
1000
1001.95
999.506
996.311
993.707
991.908
1000
1000
999
1023
1018.5
1015.71
1000
999.914
985
986.892
986.892
984
986.171
977
979.943
979.507
979.882
980.993
982.039
961
1000
991.959
991.204
991.076
992.019
1023
1016.51
1013.8
1010.92
1010.12
1000
999.81
999.082
997.411
996.092
1000
998.774
997.931
997.262
996.6
995.856
995.2
969
984
980.05
979.608
1039
1016.88
1013.95
1013.2
1011.25
1007.46
1004.72
1002.21
969
985.472
981.581
983.569
986.071
987.147
961
974.571
970.776
971.223
972.711
973.055
973.988
974.517
992
986.716
987.636
988.411
1031
1019.72
992
996.288
998.042
996.629
994.849
994.329
994.813
992
990.911
989.919
969
977.491
984
982.682
981.591
983.1
984.426
983.992
982.731
982.363
982.249
992
989.61
988.492
988.505
989.52
989.644
989.568
990.075
1000
997.464
996.141
1000
999.346
998.122
997.579
969
985.226
982.629
1008
1000.31
998.295
1023
1008
1005.67
1007.21
1023
1016
1013.12
1013.51
1014.86
1012.86
1010.92
1010.31
1009.94
1008.77
1007.31
1006.86
1047
1032.95
1047
1041.67
1039
1038.2
1036.05
1034.1
1031.57
1029.63
1031
1039
1037.19
1036.13
1035.19
1035.2
1034.9
1034.37
1033.71
1033.08
1032.53
1032.07
1031.64
1031.29
961
981.324
1012.63
992
999.044
969
976
978.562
977
984
1016
1014.92
1017.8
1020.75
1020.69
976
930
935.63
945
961
968.198
979.193
984.9
961
938
944.766
946.726
947.669
949.844
953.554
955.76
984
988.669
1016
1013.65
1003.15
1023
992
983.455
945
946.368
947.706
950.904
954.012
957.078
959.46
1000
1002.8
1055
1048.45
1036.65
1027.91
1018.86
1009.13
1001.83
996.321
992
988.527
985.436
1031
1031.17
1027.61
1021.19
1016.35
906
945
966.522
1000
1008
1005.89
1000
969
971.923
922
898
898.011
898.922
902.582
922
934.919
946.086
955.22
962.525
967.412
992
995.262
993.791
898
914.054
914.665
917.435
921.146
1055
1034.82
1020.44
1023
1008.64
1000
989.361
1031
1039
1017.9
1047
1039
1039
1027.77
1023.06
1070
1053.65
1037.73
1000
1016
1000
1031
1031
1008
1010.19
985
987.973
986.965
985.979
986.401
988.145
989.891
991.926
993.136
1054
1047
1041.29
1016
1016.29
1018.64
1016
1000
999.332
1000.4
1000.78
1000.61
999.577
1001.68
1002
1001.32
1000.4
1001.84
1001.63
1001.05
1000.58
999.819
999.471
999.146
998.961
999.083
999.501
999.892
1000.29
992
984
994.688
1008
1008.18
1006
1006.85
1007.78
1003.85
1002.81
1002.83
999.771
998.767
998.306
997.09
996.189
996.624
996.954
996.908
1000
1000
1000.29
1000
999.558
998.965
998.147
997.449
1016
1002.63
1003.22
1003.24
1003.02
1002.87
1002.65
1002.39
1002.15
1001.9
1008
1008
1005.23
1004.72
1005.61
1006.29
1005.94
1005.47
1008
1000
1007.15
1002.92
1004.06
1000
1005.12
1002.11
1002.79
1002.85
1002.82
1003.39
1003.36
1003.43
1039
944.262
1017.17
1008
1005.46
1005.44
1006.98
1007.82
1008.15
1031
1012.05
1063
1029.82
1070
1039
1041.46
1039
1008
1022
1018.28
1014.82
1014.62
1014.61
1014.63
1014.6
1014.75
1015.03
1015.21
1015.19
1015.03
984
1022.9
1010.09
976
996.47
993.761
969
982.253
984
980.629
983.083
1000
996.002
998.127
1000.7
1001.24
1001.53
1031
1023.05
1020.55
1031
1039
1024
1026.67
1028.82
1023
1019.9
1039
1032.19
1031
1028.82
1028.29
1032
1028.24
1026.84
1025.97
1025.03
1024.01
1023.21
1022.72
1022.48
1022.14
1021.87
1021.81
1021.8
1021.78
1022.38
1022.27
1023.13
1022.9
992
1075.14
963.573
1061.29
1035.74
1047
1034.46
1039
1031
1032.69
1031
1032.17
1039
1031
1032.94
1033.03
1031.65
1032.18
1031.27
1039
1034.66
1034.75
1031
1039
1034.66
1034.95
1034.71
1034.95
1033.68
1034.31
1032.43
961
1013.78
992
994.264
953
985.048
979.581
978.271
1047
1047
1042.72
1031
1016
1047
1040.23
1037.04
1035.76
1037.42
1037.76
1035.42
1008
1070
1047
1041.63
1040.42
1040.55
1047
1041.06
1031
1035.21
1032.37
1086
1062.46
1086
1076
1072.39
1069.77
1066.1
1062.36
1058.63
1054.93
1051.64
1049.11
1078
1067.1
1055
1055
1056.62
1056.73
1101
1089.61
1086.32
1084.53
1083.18
1094
1089.45
1085.93
1084.17
1082.59
1081
906
891
906
909.996
914.579
1024
1062
1008
1032.62
1040.75
1032.34
1034.79
1039.88
1063
1055.87
1094
1088.9
1079.21
1078.55
1086
1078.46
1078
1077.41
1076.17
1073.38
1072.06
1069.84
1068.12
1067.32
1066.99
1064.5
1062.72
1060.9
1057.97
1094
1083.13
1081.01
1080.18
1079.84
1078.29
1070
1016
1057.75
1054.52
1056.52
1031
1046.31
961
1022.77
922
989.295
982.413
979.15
981.201
985.18
986.39
988.671
989.844
991.195
992.236
993.267
867
867
868.622
868.277
992
985.56
988.506
1062
1049.98
1045.78
1094
1076.93
1055
1057.57
1008
1013.07
992
1055
1044.57
1039.3
1039.04
1035.71
1000
969
971.251
1023
1039
1029.95
1047
1047.71
1042.55
1035.34
1028.35
1020.56
1012.65
1006.95
1005.78
1006.06
1007.21
1039
1047.26
1086
1078
1067.89
1058.46
1047.39
1036.58
1039
1039
1039
1031
1047
961
953
945
946
984
999.065
1011.92
1020.14
1025.09
1027.75
1024
1023
1039
1036.19
1008
1012.54
1011.5
1008.4
1016
1013.74
1015.2
1015.77
1031
1039
1035.51
1039
1055
1016
1020.43
1017.61
1013.68
1010.79
859
946.184
942.347
852
859
867.999
867.01
891
906
922
930.855
938.56
906
927.304
930.002
907
916.472
953
949.571
1015
1002.35
1001.09
1000.78
999.509
1039
1025.99
1018.73
1078
1047
1040.41
1047
1042.5
1038.85
1055
1050.5
1086
1070
1086
1083.19
1079.18
1079.88
1077.78
1076.58
1074.74
1072.99
1070.96
1070
1070
1068.61
1068.25
1067.71
1067.7
1066.39
1067.63
1066.56
1067.57
1067.17
1039
1083.41
1069.19
1039
1065.76
1060.97
1031
1070
1060.32
1059.43
1059.86
1024
1062
1052.99
1051.93
1051.66
1053.25
1053.86
1023
1016
1031
1029.85
1039
1039.31
1041.62
1042.2
1042.78
1044.31
1044.13
1043.95
1044.25
1008
1022.91
1022.43
1008
1014.38
1016
1014.29
1016
1008
1011.65
1010.75
1000
1005.99
984
991.74
990.511
989.338
991.257
991.272
945
953
954.283
952.529
956.335
958.748
961.618
969
970.983
974.643
977.738
945
962.509
945
949.036
984
975.361
976.38
977.862
1008
1000.65
997.256
1031
1021.38
1031
1016
1047
1038.67
1016
1008
1010.13
1032
1022.88
1047
1039.55
1047
1043.78
1041.41
1040.26
1037.99
1031
1029.94
1026.93
1024.13
1022.65
1021.14
1020.66
1047
1040.74
1039.27
1038.69
1037.52
1035.87
1024
1039
1035.33
1039
1036.53
1039
1037.5
1055
1049.49
1048.24
1047.92
1047.74
1047.06
1047
1045.22
1043.95
1043.27
1042.44
1041.95
1041.67
1023
1041.23
1034.29
1034.31
1035.1
1016
1031
1027.51
1023
1047
1036.63
1036.93
1038.15
1038.07
1038.09
1038.95
1031
1037.44
1035.33
1047
1040.47
1031
1039
1037.7
1036.65
1037.35
1037.7
1037.09
977
1036.01
1023
1020.4
1019.78
1047
1030.42
1029.29
1039
1035.33
1016
1033.6
1030.77
1023
1026.13
1029.69
1070
1049.12
1044.82
1078
1066.67
1059.17
1059.41
1060.9
1055
1051.66
1053.87
1051.05
1000
1000
1006.09
1007.09
1008
1014.32
1018.5
1018.66
1019.66
1022.58
961
961
961
960.999
977
982.961
988.74
992.998
1000
1008
1011.45
1016
1019.16
1021.63
1023.41
1024.69
1000
1005.66
1000
1000
998.594
997.138
998.585
997.157
997.985
997.541
969
1002.77
991.082
989.909
990.379
990.641
990.774
990.705
992
991.368
992.153
991.817
992.68
992.683
993.84
993.397
994.817
994.59
930
994.287
982.492
961
969.235
977
992
980.745
983.36
985.581
984.239
986.28
1008
995.952
995.718
998.098
996.431
977
986.083
984.635
980.384
981.154
1039
1012.45
1031
1024.32
1018.68
1014.43
1009.94
1003.7
998.787
1031
1000
1016
1012.42
1006.75
1008.11
1007.43
992
996.804
996.609
992.951
995.528
996.281
994.632
995.75
995.172
995.855
1000
998.433
961
986.544
984
983.538
985.874
1008
1015
1009.84
1000
1000
1001.16
984
990.856
992.28
989.61
977
984.595
986.688
984.242
982.46
1000
999.908
991.207
993.488
1000.72
994.698
987.238
914
955.513
960.884
1000
990.604
990.696
1000
996.23
990.264
992
993.629
986.583
986.561
1000
996.565
988.506
992.222
995.274
1000
990.598
993.338
997.506
992
987.784
1000
997.19
984
1000
995.935
992
990.082
992.715
991.255
981.625
1008
989.462
988.794
996.387
930
996.709
983.976
985
981.834
985.634
983.181
982.915
984
985.926
982.997
977
986.451
983.807
981.138
1008
993.259
992
994.071
991.839
992
1000
1000
1000
1008
1003.79
1004.15
1004.07
1008
1005.36
1005.09
1005.2
1005.11
1004.89
1031
1021.48
1019.04
1017.65
1017.8
1018.41
1017.05
1015.65
1014.72
1014.34
1014.11
1013.68
1016
1015.38
1015.24
1015.22
1031
1031
1027.07
1024.61
1022.99
1023.11
1022.68
1020.69
1018.68
1017.45
1023
1022.06
1016
1017.01
1018.88
1021.21
1021.03
1039
1033
1039
1035.84
1033.34
1031.88
1023
1023.01
1016
1015.92
1015.64
1016
1017.1
1018.54
1020.3
1021.92
1023.42
1024.62
1025.49
1025.49
1025.33
1024.61
1015
1018.79
1016.95
1016.84
1017.62
1017.55
1018.42
1018.81
1016
1018.58
1017.37
1018.75
992
1075.87
981.687
1086
984.914
1003.84
1039
1009.31
1012.57
1014.71
1013.19
992
1014.05
1008
1006.44
1016
1012.35
1012.66
1047
1029.41
1026.48
1024
1062
1047
1055
1078
1067.34
1064.24
1065
1062.76
1078
1055
1059.33
1058.9
1054.99
1053.31
1052.08
1052.08
1051.05
1050.92
1049.84
1049.78
1094
1080.98
1077.64
1075.51
1074.68
1074.38
1072.39
1117
1102.18
1096.47
1032
1048.64
1052.61
1054.72
1055.14
1053.66
1078
1079.02
1075.15
1117
1133
1086
1085.08
1089.27
1086.81
1109
1102.29
1095.6
1092.39
1092.2
1088.57
1055
1078
1077.63
1073.34
1078
1055
1061.91
1063.66
1061.19
1061.32
1047
1039
1041.14
1040.16
1040.09
1040.47
1041.04
1016
1027.41
1039
1036.32
1038.69
1041.45
1044.14
1046.94
1039
1043.51
1045.19
1044.61
1045.11
1047
1047.07
1047.16
1046.74
1047.6
1125
1125
1070
1068.11
1064.7
1016
1039.82
1036.42
992
1029.43
1025.74
1026.05
984
1003.56
1004.95
1003.09
1004.85
1007.28
1009.47
1011.36
1012.74
1014.27
937
883
875
874.978
876.735
881.231
887.677
892.947
898.826
904.931
969
982.563
986.956
945
930
934.348
935.709
936.506
936.678
936.813
938.717
945
947.111
946.99
946.496
1008
1031
1015.68
1000.3
990.112
1000
1001.44
992.059
930
945
948.32
952.499
1000
993.988
982.879
1031
1033.47
1019.36
1039
1037.2
1025.22
1013.84
1009.32
985
977.592
973.462
970.703
968.65
1008
1000
998.817
1002.16
999.513
993.915
991.318
987.831
984.3
981.909
979.458
1008
1004.78
1003.69
1001.54
1024
1031
1027.88
1022.98
1020.59
1000
997.159
995.882
994.217
992.874
991.393
991.941
992.357
992.537
1047
1031
1026.41
1024.18
1008
1004.42
1001.83
998.752
996.343
994.928
994.043
994.127
994.236
994.429
994.475
994.768
995.999
996.366
998.075
1008
1009.84
1009.8
1008
1006.92
1006.01
1004.99
969
999.027
961
992
986.695
985.669
986.33
1000
994.766
1008
1003.92
1003.42
1005.29
992
998.679
1016
1007.16
1006.2
1047
1035.7
1032.73
1078
1066.46
1055
1054.29
1053.56
1050.52
1047
1039
1040.62
1037.74
1035.13
1032.97
992
969
971.342
970.524
972.932
977.379
981.91
985.587
989.515
993.086
992
995.363
997.106
998.705
1000.23
1002.24
1004.2
1006.18
1008.74
1011.12
1013.36
1015.54
1017.58
1017.71
1016.95
1015.77
1008
1007.04
1031
1025.24
1023.09
1016
1008
1000
1001.06
1002.2
1003.75
1055
1029.15
1024
1031
1008
1015
1014.1
1012.61
1010.94
1009.54
1010.89
1011.62
1010.58
1009.58
1010.89
984
1004.1
1000.65
999.728
1001.23
1001.64
1008
1006.51
1007.03
1007.45
1007.12
1008
1031
1016
1017.47
1023
1021.68
1020.79
906
860
936.897
944.142
954.592
962.825
967.93
971.374
974.652
977.344
1000
1008
1039
1023
1021.32
1031
1025.98
1019.35
1015.66
1012.67
1008.81
1054
1055
1016
1017.67
1022.02
1021.93
1062
1049.43
1039.79
1036.42
1035.18
1033.72
1008
1015
1008
992
994.651
992
1039
1039.22
1015
1015.69
1019.17
1000
1001.66
1003.37
1005.14
1003.67
1003.06
1008
1009.61
1007.64
1031
1031.46
1025.75
1022.44
1015
1016
1013.11
1009.2
1007.71
1070
1036.33
1029.91
1030.12
1062
1048.5
1040.52
1037.45
1037.96
1039.09
1035.89
1032.29
1029.79
1047
1042.34
1038.74
1035.06
1034.19
1035.8
1035.42
1032.5
1029.59
1029.6
1031.11
1030.03
1028.88
1028.05
1028.9
1029.76
1029.74
1028.07
1027.16
1028.53
1029.9
1031.22
1039
1037.13
1034.53
1062
1055
1046.51
1045.11
1045.63
1044.18
1063
1058.75
1052.57
1049.85
1047
1047.39
1046.69
1044.27
1042.31
1041.55
1041.45
1039
1063
1057.07
1054.6
1053.18
1047
1044.25
1044.12
1043.16
1042.56
1042.46
1042.36
1070
1058.2
1070
1066.21
1063.49
1070
1068.04
1065.31
1039
1043.99
1043.73
1044.2
1055
1056.5
1056.03
1070
1068.92
977
1047.1
1039.68
1035.73
945
1009.21
1002.49
998.029
969
985.662
989.001
1000
992.453
996.966
1004.24
1004.22
976
969
981.82
983.802
978.283
977.16
983.987
990.196
986.085
981.489
987.436
995.218
993.145
984.915
983.863
990.903
1016
1001.13
1008
1004.52
999.426
1015
1016
1004.24
999.866
1007.1
1009.69
1016
1000
1000.44
1004.95
1006.76
1016
1007.03
1002.59
1004.84
1007.19
1016
1008.94
1003.29
1002.43
1005.28
1016
1012.29
1003.13
1000.3
1006.08
1016.01
1009.99
998.359
1000.38
1007.23
1018.8
1001.62
997.743
1002.45
1000
1005.57
1003.54
997.917
1000.42
1009.24
1014.14
969
984
988.754
993.188
992.532
984
988.43
998.956
1004.34
992
1008
1008
1008.11
1008
1002.11
1031
1031
1022.43
1017.08
1008
1011.33
1010.51
1005.41
1001.29
1003.92
1031
1039
1030.51
1008
1023
1024.85
1026.31
1018.48
1013.35
1015
1018.06
1016.5
1010.22
1006.43
1008.81
1013.71
992
994.842
997.069
1002.6
1002.52
1000
1002.17
992
995.446
996.623
996.912
995.477
1023
1025.2
1008
1010.45
1031
1031.02
1021.79
1018.53
1031
1016
1010.67
1008
1008
1004.9
1002.23
1004.55
1047
1036.2
1027.4
1025.91
1000
1001.14
1002.31
1031
1023
1018.17
1016
1017.35
1016.91
1054
1042.34
1034.21
1030.59
1039
1036.7
1031.78
1026.31
1022.98
1021.79
1039
1035.66
1030.89
1026.69
1039
1039.46
1037.4
1032.38
1028.52
1030.04
1032.17
1030.33
1025.94
1023.5
1026.95
1031
1029.69
977
1020.28
1015.31
1015.18
1011.95
1009.27
1012.97
1018.76
1019.74
1013.37
914
990.354
983.113
979.587
976.65
978.129
938
958.405
960.404
958.975
957.608
957.989
961
961
992
969
992
987.468
986.694
987.041
1031
1008
1005.8
1007.08
1005.72
1004.14
1002.94
1000.66
1047
1030.22
1024.08
992
997.757
998.956
953
967.977
966.695
965.652
966.724
1008
1001.46
1039
1031
1026.55
1025.75
1020.99
1016.19
1000
998.507
995.401
1008
1005.15
1006.19
1007.29
1008
1008
1005.65
1005.78
1006.05
1005.22
1005.09
1004.31
1004.41
1004
1003.21
1002.91
1002.76
1002.55
1002.7
1002.42
1002.78
1008
1008.44
1009.4
1009.3
1070
979.137
994.012
1047
989.215
1047
962.759
1039
1078
984.44
1055
1001.84
1008.63
1009.56
1007.69
1007.52
1007.88
1008.17
1008.36
961
953
959.759
960.28
960.349
953
969
967.012
968.391
992
986.355
988.089
990.343
1000
997.002
996.568
984
1008
1008
1003.66
1000.08
1002.55
1047
1037.34
1030.74
1025.46
1032
1031.33
1039
1024
1023.29
1023.65
1022.15
1019.27
1016.04
1000
1003.45
1002.2
1000.96
999.513
998.692
999.029
999.674
999.713
999.713
914
891
946.79
922
922
929.58
932.182
935.455
938.572
941.667
944.468
947.07
949.48
951.777
953.939
898
920.763
921.242
918.377
883
897.603
961
984
972.427
966.346
966.033
962.059
952.572
1016
1016
993.275
1039
1030.24
1013.8
1007.84
1005.73
996.201
988.197
1023
1013.08
1016
1039
1030.17
1021.19
1020.26
1039
1030.2
1047
1031
1029.82
1008
1012.28
1009.25
992
995.683
996.313
994.266
995.957
997.836
999.01
999.813
1000.55
1016
1023
1047
1045.34
1040.36
1070
1072.09
1031
1033.27
1036.72
1033.88
1024
1024.08
1026.38
1063
1055.61
1048.35
1045.12
1045.53
1047
1043.62
1031
1000
969
992
999.549
1003.81
1005.48
1023
1030.42
1031.88
1028.18
1028.45
1031.15
1008
1010.34
1012.19
1013.79
1011.13
1117
1098.23
1085.98
1080.73
1070
1063
1054.94
1117
1101.14
1117
1102.99
1095.83
1125
1118.28
1108.02
1086
1086.98
1087.14
1084.2
1080.11
1148
1172
1149.94
1139.66
1133.77
1063
1070
1069.14
1070.57
1072.46
1047
1051.66
1053.72
1056.15
1057.16
1059.25
1055
1057.69
1058.9
1047
1049.92
1050.94
1052.52
1054.17
1055.78
1008
1028.52
937
992.535
987.263
929
955.179
977
1008
1039
1038.45
1042.79
1024
1031
1031.03
1029.15
1028.97
1039
1037.15
1037.44
1038.17
1078
1068.25
1065.13
1078
1073.41
1071.43
1069.84
1066.99
1064.79
1055
1055.53
1052.13
1039
1040.34
1037.24
1035.7
1035.32
1035.87
1036.26
1036.81
1036.92
1037.47
1037.75
1038.02
1038.14
1038.36
1031
1033.9
984
1036.52
1024.79
1023.31
1000
1014.76
1013.36
1012.32
1014.37
1015.38
1016.92
1018.37
1019.7
1021.1
1022.47
1023.84
1025.17
1026.37
1016
1022.54
1021.03
1022.15
1022.18
1023.61
1039
1030.54
1028.73
1039
1033.23
1033.02
1032.52
1023
1008
1011.61
1011.79
1000
1006.67
1006.97
1031
1008
1015.58
1016.59
1015.61
1017.07
1018.5
1017.98
1055
1046.92
1043.94
1043.46
1041.78
1086
1075.81
1068.32
1064.31
1031
1033.61
1032.92
1031.52
1029.17
1039
1037.38
1047
1044.74
1070
1064.03
1060.49
1047
1046.22
1045.06
1055
1050.53
1046.95
1045.64
1045.46
1047
1045.18
1031
1035.93
1035.67
1035.99
1037.2
1037.84
1039.3
1000
1045.33
1036.77
1035.86
1035.44
1023
1016
1000
1000
1001.03
1002.59
1002.95
1005.06
1007
875
972.029
922
927.86
961
969
966.73
972.335
975.936
961
972.3
973.719
973.772
992
986.955
988.03
1000
997.32
997.853
999.173
999.836
1000
1001.09
1001.78
1002.87
1004.07
1005.23
1005.99
1007.22
1007.72
1005.87
1004.65
1003.99
1003.71
1003.41
1003.06
953
965.656
971.852
969
974.081
992
977
999.288
953
1002.23
984
984.512
986.801
985.594
985
986.908
1000
994.293
994.89
995.7
1000
997.17
998.314
998.512
1000
998.893
953
961
969
965.541
992
987.294
1031
1022.21
1020.85
1020.54
1017.7
1015.04
1031
1039
1030.8
1031
1029.75
1008
1011.4
1008
1000
976
961
962.555
961.906
1016
1024.07
1021.51
1021.6
1109
1063
1054
1054.34
1008
1009.17
1008
1024
1022.57
1022.03
1024.03
1022.25
1017.73
1014.19
1011.04
1007.75
1000
998.385
997.824
1008
1000
1016
1039
1031
1055
1050.22
1055
1048.97
1016
1019.4
1016.74
1013.65
1014.52
1015.41
1014.55
1015.05
1031
1032.48
1054
1047
1045.18
1042.78
1039
1035.13
1016
1018.02
1015.52
1014.76
1016
1031
1047
1047.34
1044.57
1041.24
1036.43
1039
1023
1023.32
1031
1008
1014.11
992
994.048
993.604
993.658
995.786
997.859
1000.01
1002.63
1005.32
1008.2
1011.15
945
975.069
953
961
959.559
961.52
977
974.948
969
975.442
977.15
979.543
981.837
1000
998.422
1000.68
1002.31
1003.18
1003.97
1002.5
914
953
992
992
986.213
991.34
992.519
1000
993.775
994.498
1023
1012.29
1005.01
1003.58
1003.89
998.656
995.651
996.544
994.828
1047
1025.77
1047
1036.76
1039
1023
1032
1062
1047
1040.51
1047
1043.98
1055
1049.8
1047.17
1046.41
1024
1029.44
1026.65
1023.56
1039
1034.34
1034.65
1062
1054.56
1052.04
1051.41
1039
1040.22
1039.1
1000
1012.98
1015.67
1000
1007.14
1024
1023.03
1026.77
1016
1019.11
1039
1036.35
1039
1039
1031
1031.62
1029.82
1031
1027.74
1026.67
1026.93
1026.2
1026.37
1026.62
1027.08
1027.54
1028.04
1028.58
1029.2
961
976.194
969
973.279
975.053
978.873
981.632
984.425
986.923
989.378
991.91
1000
1003.01
1007.22
1011.4
1015.17
1018.69
1021.88
1024.72
1039
1040.7
1055
1055.63
1055.93
1057.08
1058.19
1057.96
1047
1054
1054.29
1052.42
1050.63
1048.82
1024
1039
1034.87
1047
1054
1051.01
1049.47
1048.73
1047.18
1044.91
1039
1039
1016
1023
1021.69
1021.69
953
1030.81
891
1005.5
997.306
992.881
994.662
820
797
822.885
781
797.628
809.838
814.376
820.008
825.67
830.715
719
781.922
750
753.22
756.156
758.46
828
827.353
828
836
867
866.9
866.982
867.603
869.237
868.401
868.368
867.977
867.593
867.457
866.26
865.605
735
734
778.321
776.971
785.314
793.679
796.051
797.594
797.63
797.513
796.177
795.121
794.297
793.917
795.294
796.279
797.63
766
773
774.427
774.797
773
775.736
777.682
779.679
781.717
783.389
781
783.412
781
780.702
780.607
780.162
780.523
781.395
797
795.122
793.756
791.499
773
766
767.71
768.576
735
757.22
754.276
755.114
756.718
757.394
759.421
759.406
711
746.488
739.685
738.512
711
711
711
711.18
712.42
714.396
716.45
718.208
703
709.872
711.212
712.863
711
734
732.018
732.321
734.321
736.082
735.03
734.494
735.86
734.649
733.259
732.125
731.236
730.673
703
712.581
711.593
680
687
688.286
695
695.308
699.276
695
699.14
698.11
699.432
699.455
700.008
700.488
680
692.329
688.728
689.219
691.384
688
703
698.918
701.457
701.621
702.217
703.479
718
713.66
695
700.672
700.549
742
721.203
717.808
716.653
716.149
797
745.709
736.719
733.331
731.067
729.874
727.753
725.395
773
746.789
781
763.684
758.038
756.472
755.392
953
821.486
795.468
961
865.839
825.755
820.607
817.202
811.854
852
839.039
830.879
867
854.707
845.614
841.898
838.917
835.625
832.108
829.619
828.529
827.458
827.263
826.651
953
865.53
852.311
848.946
842.225
840.572
838.259
835.131
835.169
835.312
834.437
834.518
835.705
836.064
837.137
930
864.104
856.336
853.28
850.757
914
865.379
883
874.233
870.266
969
900.358
1039
957.238
934.099
929.839
926.024
1008
977
952.367
947.36
948.865
947.482
945
940.534
937.605
922
922.498
921.273
919.02
969
953.442
947.573
946.243
944.677
891
906
906.306
905.157
906.961
906
908.531
875
887.603
884.552
884.738
886.847
890.071
892.857
895.515
922
924.285
924.919
953
937
930
932.404
938
953
930
933.515
898
903.668
901.953
900.627
900.754
901.873
903.605
890
894.862
893.414
892.891
961
947.825
945
940.891
936.473
930.655
924.048
914
911.182
909.539
890
860
863.854
863.539
866.59
871.207
906
922
924.865
925.556
921.292
914.075
1000
961
953.445
945
937.583
930.88
924.483
921.071
918.62
917.046
916.149
915.599
915.074
961
952.348
945.933
940.386
935.39
932.486
928.816
867
910.808
905.237
922
953
969
992
983.963
976.727
972.463
961
945
939.915
934.858
883
894.376
891.29
893.646
897.822
901.739
904.64
945
951.566
914
921.692
919.95
914.97
914.368
913.036
912.969
911.641
911.846
912.326
913.239
914.771
916.235
918.031
898
883
887.621
930
945
934.671
929.821
927.166
977
969.657
957.723
948.606
946.66
948.63
946.376
940.715
922
920.56
922.118
924.425
923.735
920.005
918.76
937
922
920.159
918.953
920.561
922.259
921.041
918.532
917.724
1039
977.259
964.09
1016
1000
981.993
969
972.323
938
940.326
930
984
971.674
964.22
960.838
961.956
946
945.252
944.289
943.091
942.152
941.386
942.071
942.805
945
944.554
945.199
945.733
922
914
914.292
914.89
898
907
908.2
910.742
883
875
877.269
876.068
860
869.537
870.893
873.81
876.868
844
861.966
859.182
860.539
863.508
865.757
969
976
963.604
958.369
955.823
914
910.933
906.973
906
902.117
899.032
896.996
894.703
892.468
961
947.222
937.908
931.195
923.304
915.199
909.492
905.518
902.237
946
961
953.12
942.901
933.226
953
955.356
951.084
922
918.413
921.343
926.33
927.06
920.737
961
962.68
992
977.875
992
988.148
979.206
970.276
938
945
944.209
941.714
937.961
937
922
924.729
924.826
891
906
903.541
904.519
908.255
890
875
879.645
992
969.28
963.333
960.622
1031
1047
1028.53
1017.58
1016.38
1016.68
961
960.846
961
969
963.496
969
972.967
972.614
967.455
906
969
1000
986.165
971.336
967.881
974.17
973.419
963.838
958.571
961.499
1031
1009.55
1000
1031
1026.15
1015.69
1006.08
1016
1015.07
1023
1011.82
1007.74
1011.85
1011.07
1000
998.274
969
1031
1017.73
1094
1056.95
1042.56
1094
1086
1071.57
1066.02
1065.35
953
930
945
922
929.851
935.972
939.35
943.328
947.302
950.264
952.099
953.307
954.268
955.098
955.883
956.654
957.516
930
939.173
922
927.078
977
972.653
975.03
984
986.614
988.809
990.371
1023
1018.23
1015
1011.32
1008
1005.76
1002.67
999.538
1031
1025.99
1047
1040.96
1133
1107.44
1140
1125
1115.32
1111.74
1106.34
1101.78
1180
1156
1139.6
1134.32
1135.73
1136.47
1125
1094
1097.86
1102
1179
1159.91
1149.38
1143.63
1086
1094.38
1095.85
1094.27
1093.38
1032
1117
1108.18
1047
1058.8
1016
1027.13
1028.97
1117
1125
1156
1140.8
1135.58
1136.44
1136.18
992
1017.74
1031.24
1036.02
1036.27
1051.96
1062.89
1061.81
1060.57
1064.82
1064
1060.08
1059.47
1059.27
1058.92
1057.19
1057.06
1125
1105.42
1094.14
1088.98
1086.82
1087.34
1086.41
1117
1111.47
1109
1107.08
1108.4
1107.01
1101.72
1097.93
1078
1078.13
1063
1063.97
1062.46
1063.3
1064.34
1065.24
1066.14
1066.8
1067.22
1000
1060.51
1047
1045.47
1047.16
1049.34
1050.22
1051.89
1053
1054.45
1055.86
1031
1046.15
1043.42
1042.34
1044.21
1045.83
1031
1043.58
1043.23
1043.29
1055
1048.26
1050.54
1052.96
1053.6
1047
1050.58
1047
1070
1059.43
1056.83
1056.93
1057.04
1056.31
1055.66
1055.35
1055.1
1008
1039
1033.09
1032.85
1034.25
1034.7
1035.97
1035.5
1024
1047
1039
1031
1034.93
1035.38
1034.16
906
1023.73
1011.9
1004.88
969
988.203
1008
999.581
999.554
1003.85
961
978.344
922
936.431
938.386
939.232
941.152
944.577
969
968.6
970.098
973.226
976.483
978.646
1000
996.337
994.977
993.746
993.288
991.82
961
970.177
966.728
977
973.92
975.424
1000
995.903
992.239
989.787
992
992
987.824
1008
1003.87
997.53
1023
1017.15
1006.42
1007.94
1009.39
1000.52
997.248
1000.99
997.761
993.022
995.048
1039
1031
1024.27
1039
1039
1030.39
1055
1048.78
1039
1039
1039.35
1034.65
1039
1036.04
1032.21
1030.19
1029.9
1070
1060.13
1055.04
1055
1039
1039
1037.82
1034.78
1032
1030.89
1030.6
1086
1061.13
1055.24
1055
1053.13
1047
1042.74
1040.27
1038.37
1037.22
1036.53
1035.97
1036.29
1023
1008
1011.26
961
1008.25
998.927
1000.96
1005.08
1008
1009.63
1011.48
1013.24
1014.81
1016.26
1017.47
1039
1035.01
1037.16
1039.2
1039.85
1055
1052.03
1049.98
1050.21
1050.07
1049.78
1049.05
1048.4
1071
1063.01
1078
1086
1081.81
1079.48
1078.75
1077.51
1076.01
1047
1053.92
1047
1078
1068.56
1067.46
1067.99
1068.3
1066.8
1065
1064.65
1064.04
1062.79
1062.13
1061.72
1055
1070
1067.12
1066.78
1066.67
1067.58
1068.5
1068.21
1068.99
1069.43
1070.06
1070.05
1070.45
1071.08
1071.15
1070.32
1069.9
1069.97
1062
1066.74
1047
1089.48
1056.87
1064.7
1065.54
1065.18
1064.79
1047
1101.83
1058.94
1063.73
1047
1075.49
1065.44
1064.2
1063.02
1065.44
1024
1072.23
1059.84
1057.74
1056.61
1058.32
1055
1057.51
1039
1056.58
1052.93
1047
1049.46
1050.86
1039
1070
1047
1055
1047
1039
1045.16
1044.48
1023
1040.81
1037.75
1035.7
1036.9
1038.13
1037.77
1000
1026.38
1021.94
1019.67
961
1007.5
1000
997.024
1000.09
1002.52
1002.64
1004.79
1006.53
1000
1004.55
1016
1011.52
1011.79
1014.07
1015.07
1014.79
1016.13
1015.8
1047
1033.88
1030.09
1029.17
1062
1050.55
1045.8
1042.82
1042.57
1008
1008
1006.84
1005.42
977
993.614
992.717
993.532
1031
1032.56
1016
1020.02
1031
1008
969
977.73
979.846
976.843
930
937
939.759
937.581
938
945.809
949.122
951.935
977
984.465
969
974.312
979.547
975.411
970.545
973.738
972.962
1008
1000.65
1031
1000
996.97
999.277
996.315
991.909
988.925
988.364
1062
1028.25
1039
1029.61
1025.54
1039
1034.01
1039
1032.79
1029.17
1029.14
1016
1017.58
1014.58
1011.77
1010.19
1008.86
1016
1039
1033.46
1030.69
1028.13
1026.94
1026.72
1025.45
1031
1028.6
1027.31
1026.31
1026.19
1026.05
1025.49
1024.99
1055
1044.68
1042.04
1040.64
1039.36
1037.26
1008
1039
1030.28
1028.78
1028.5
1028.77
1031
1039
1036.01
1034.9
1034.61
1035.58
1035.11
1034.54
1024
1031.15
1029.5
1028.96
1028.61
1047
1038.33
1036.45
1036.61
1038.09
1037.23
1036.2
1008
1030.73
1023.58
1031
1027.77
1026.87
1028.1
1028.74
1039
1033.44
969
961
961
962.812
966.306
970.859
974.583
978.29
981.576
1039
1039.64
1031
1032.25
1034.57
1032.03
1031
1027.63
1025.11
1022.3
1019.53
1039
1038.78
1039
1035.86
1034.8
1033.71
1016
1016.29
1013.67
1047
1042.04
1062
1054.73
1048.56
1044.08
1031
1027.92
1025.21
1024.08
1024.51
1025.25
1026.12
1026.99
1027.77
1008
1008
1023
1024.04
1025.63
1026.84
992
1003.62
1004.63
1005.8
1000
1003.26
992
996.24
994.86
992
994.016
984
988.603
1008
1006.34
1015
1012.06
1008
1011.62
1014.65
1016.33
1012.63
1009.42
1010.92
1012.12
1032
1026.81
1023.86
1047
1039
1036.17
1033.91
1031.87
1029.48
1026.59
1023.42
977
1004.22
1000.63
953
953
969
966.174
969.834
973.835
975.625
978.244
979.673
981.617
983.05
984.358
985.365
953
963.953
976
971.329
992
984
988.146
1023
1015.28
1031
1024.77
1019
1015.95
1031
1016
1015.48
1014.01
1011.28
969
980.801
1000
995.28
1039
1031.81
1028.5
1047
1038.96
1031.62
1030.96
1025.02
1019.42
1016
1010.98
1031
1025.37
1008
1023
1022.71
1017.68
1018.29
1020.53
1017.06
1013.55
1014.84
1013.33
1010.36
1010.98
1010.59
1010.33
938
1015.84
953
976.1
976.344
953
961
984
975.08
977
979.268
980.773
969
976.194
976.841
976.844
978.268
979.246
1000
984
988.179
990.683
989.345
990.754
992
990.509
992.185
990.011
991.332
992
990.604
1039
1020.71
1013.99
1012.16
1010.88
1009.59
1007.47
1005.33
1004.1
1003.1
1039
1016
1014.23
1013.38
1012.81
1000
1002.53
1001.87
1000.58
999.893
999.236
999.833
999.603
1039
1024
1020.31
1019.11
1018.09
1015.66
1013.84
1055
1036.31
1031.16
1070
1058.09
1054.1
1051.97
1049.01
1045.49
1041.95
1039.18
1036.18
1033.38
1031.17
1029.56
1024
1023
1031
1016
1021.22
1021.08
1023
1023.36
1024.47
1025.16
1047
1043.29
1042.48
1041.85
1041.68
1039
1039
1038.63
1038.34
1039
1038.77
1038.75
1038.71
1038.69
1039
1038.94
1038.91
1038.89
1038.87
1038.83
1062
1051.27
1049.75
1048.54
1048.25
1048
1063
1056.19
1052.85
1055
1056.1
1056.38
1008
1008
1039.15
1016
1023.46
1026.88
1025.84
1027.08
922
961
991.13
984.443
988.331
1039
1033.58
1008
1024.08
985
984
993.119
990.816
986.868
995.444
999.526
992.901
996.739
1002.21
997.151
996.877
1001.7
1001
1000.09
1001.99
1003.42
1001.37
1002.56
1004.11
1001.04
998.818
997.986
996.741
995.604
1101
1033.58
1094
1036.68
1109
1024.1
1025.53
1027.28
1025.17
1022.54
1086
1038.52
1037.1
1039
1037.64
1036.85
1036.33
1008
1016.46
1008
1008
1007.27
1031
1022.19
1022.03
1023.34
1023.98
1023.92
1024.01
1024.72
1025.68
1025.42
1055
1047.25
1044.82
1070
1064
1061.07
1058.61
1056.96
1039
1041.42
1038.88
1035.75
1034.92
1034.48
1034.34
1034.53
1034.02
1054
1050.86
1054
1024
1030.56
1030.12
1029.77
1031.03
1031.59
1032.66
1032.98
984
930
914
913.549
913.845
917.746
923.094
1078
1039
1041.66
1031
1028.99
1039
1035.81
1032.65
1031.29
1028.81
1024.6
1021.22
1019.19
1017.13
1015.35
1012.48
1070
1059.73
1055
1047.81
1040.8
1039
1033.29
1027.67
1023.97
1078
1078
1086
1070
1055
1031
1008
1006.17
1004.37
1039
1039
1042.79
1041.59
1035.33
1030.8
1031
1029.2
1025.44
1022.03
1047
1047
1070
1069.46
1047
1078
1077.99
1071.99
1063.17
1057.24
1078
1079.62
1086
1075.84
1070.2
1072.65
1075.25
1072.77
1070
1078
1076.76
1074.89
1071.3
1069.48
1069.86
1078
1055
1070
1068.44
1067.99
1039
1078
1068.38
1066.4
1064.05
1047
1062
1062.79
1060.61
1056.39
1058.28
1061.83
1070
1055
1078
1070.86
1068.42
1047
1062.76
1062.86
1059.01
1053.84
1058.22
1061.87
1057.36
1052.06
1057.66
1008
1038.19
1016
1031
1027.96
1027.76
1029.35
1029.94
1030.67
1032.35
1032.41
1033.27
1033.6
1035.2
1034.49
1036.35
1035.6
1037.62
922
992.192
986.062
983.256
985.247
988.534
990.752
993.239
961
976.847
978.635
975.312
1008
999.526
1039
1055
1051.41
1086
1079.53
1077.93
1076.43
1073.09
1071.2
1068.57
1067.29
1066.22
1065.74
1047
1053.69
1062
1047
1050.18
1050.06
1049.56
1031
1037.21
1034.14
1033.32
1031.74
1032.91
1032.64
1033.56
1000
1021.28
1016
1016.77
1016
1019.12
1019.75
1022.28
1039
1037.77
1039
1040.95
1008
1024.41
1021.19
1055
1046.87
1045.18
1094
1084.51
1078.78
1075.11
1069.64
1065.3
1070
1065.4
1063
1060.55
1102
1092.47
1083.36
1079.14
1079.51
1078.92
1075.02
1071.38
1068.48
1047
1050.82
1049.36
1048.58
1049
1049.5
1055
1055.7
1057.03
1057.84
1059.23
1060.44
1061.05
1061.31
1061.2
1061.18
1024
1041.1
1037.74
1036.55
1031
1039
1037.83
1040.58
1040.62
1042.87
1023
1039.02
1035.12
1034.04
1035.64
953
1044.2
992
998.871
1001.73
1000
1002.69
1005.12
1006.83
1008.69
1010.41
1012.1
1013.77
1015.4
1017.01
1018.33
1019.81
1021.24
1022.7
1039
1031.69
1032.68
1024
1029.82
1029.23
1027.22
1027.67
1027.33
1028.45
1000
1023
1014.5
1014.18
1071
1043.56
1040.07
1038.84
1037.98
1035.26
1078
1056.33
1049.75
1049.1
1047
1044.77
1042.16
1040.56
1110
1079.84
1071.11
1068.17
1071
1066.39
1063.1
1059.41
1055.81
1078
1066.64
1062.48
1061.03
1060.2
1059.37
1058.34
1057.21
1047
1050.65
1050.43
1049.65
1039
1070
1061.42
1059.43
1058.53
1071
1078
1073.76
1117
1094
1092.05
1091.89
1090.81
1087.94
1086
1084.05
1081.37
1055
1065.17
1061.85
1060.69
1078
1074.17
1075.06
1075.87
1074.76
1073.94
1072.95
1024
1049.76
1045.77
1045.89
1047
1047
1048.73
1047
1048.9
1049.08
1051.16
1039
1046.68
1008
1032.91
1028.06
1026.63
1029.24
1028.91
1030.88
1039
1037.23
1047
1045.47
1047.31
1047
1078
1069.36
1066.85
1047
1049.97
1051.32
1050.61
1049.26
1047.69
1048.4
1048.64
1047.95
1047.93
1048.14
1031
1038.16
1036.19
1035.82
1035.93
1035.9
1036.91
1036.53
1101
1054.89
1055.34
1055.48
1054.56
1047
1045.93
1046.86
1045.66
1086
1062.23
1058.99
1058.2
1057.55
1039
1044.4
1043.64
1042.51
1055
1070
1064.77
1000
1008
1028.35
1008
1015.46
1024
1023.44
1078
1073.9
1109
1125
1125
1113.8
1107.4
1099.4
1125
1113.79
1105.67
1125
1117
1111.29
1109.95
1107.24
1103.58
1094
1125
1115.52
1094
1125
1117.02
1112.83
1149
1125
1124.7
1123.92
1119.95
1133
1128.51
1125.9
1125.47
1125.76
1122.79
1121.55
1122.37
1120.43
1086
1086
1089.93
1078
1084.78
1063
1078
1074.67
1076.22
1077.82
1078.56
1039
1061.74
1057.16
1056.71
1059.28
1060.47
1062.96
1063.72
1066.1
992
1000
1000.57
1002.15
1005.78
1009.34
1031
1033.43
1047
1049.67
1053.07
1055.49
1057.7
1059.76
1061.72
1063.44
1065.4
1078
1063
1070
1068.62
1066.66
1125
1117
1105.97
1099.45
1096.51
1094
1092.05
1089
1085.44
1082.37
1079.54
1076.8
1074.19
1072.75
1078
1055
1047
1049.79
1048.52
1049.11
1039
1045.02
1039
1063
1056.97
1060.33
1062.83
1064.51
1065.97
1067.42
1069.18
1070.7
1000
1015
1039.3
1023
1030.34
1039
1039
1040.07
1044.03
1023
1034.99
1037.48
1034.37
1037.85
1039.97
1038.72
1041.31
1042.74
1042.92
1044.56
1046.16
906
975.046
977.408
891
944.934
937
914
928.176
953
947.185
937
899
906
912.184
910.98
912.078
968
961
961.366
965.221
968.391
968.636
968.221
968.918
968.65
967.929
967.186
1008
992.982
982.524
981.943
980.333
1031
1039
1020.72
1055
1049.03
1055
1048.49
1078
1070.59
1047
1050.37
1050.24
1044.45
1039
1037.44
1037.02
1036.09
1034.85
1034.18
1034.55
1071
1061.75
1057.71
1055.8
1054.99
1070
1064.72
1060.83
1057.85
1063
1061.5
1058.9
1063
1061.26
1060.64
1063
1078
1075.26
1072.19
1068.9
1055
1057.12
1056.98
1056.82
1056.2
1055.28
1055.39
1056.08
1056.06
1054
1054.91
1055.29
1055
1055.51
1055.25
1056.12
1031
1076.07
1039
1050.81
1050.99
1050.44
1050.83
1051.46
1051.99
1031
1039
1039
1032
1035.98
1035.12
1035.62
1070
1057.84
1086
1078.46
1077.51
1077.8
1000
1028.64
1032.07
1039
1037.7
1041.79
1043.34
1055
1052.67
1052.04
1047
1049.03
1008
1008
1009.75
1008.69
1047
1050.08
1070
1065.42
1060.91
1056.29
1039
1070
1024
1035.47
1008
1013.91
1000
1002.23
1001.1
1016
1012.6
1063
1055.4
1057.33
1056.22
1054.55
1049.96
1039
1071
1059.16
1070
1063.93
1063.13
1063.36
1008
1029.79
1025.16
1023.3
1025.99
1026.34
1027.36
1070
1059.37
1057.61
1039
1047
1044
1031
1047
1042.53
1040.73
1042.86
1062
1055.75
1031
1041.22
1041.76
1037.52
1039.16
1041.53
1000
1012.66
1015.6
1012.23
1014.6
1019.06
1017.97
1017.93
984
996.278
985
984.603
986.942
988.925
1047
1044.03
1040.6
1041.89
1037.58
1062
1057.29
1050.14
1050.99
1008
1000
1000.87
999.566
1016
1008
1012.13
1013.26
1011.66
1010.65
1047
1055
1048.6
1043.12
1039.39
1035
1028.42
1000
1001.62
992
969
971.779
972.319
974.018
977.55
981.237
985.293
989.319
1000
1008
1012.87
1016.19
1016
1016.84
1016.74
1013.85
1010.8
1007.73
1004.63
1002.88
1002.71
1002.67
1002.73
1002.83
1003.04
1070
1045.43
1037.85
1016
1014.71
1008
1006.71
1004.84
1039
969
969
953
945
947.884
948.82
953
953.013
954.675
929
937.206
891
902.7
961
951.86
953.822
956.643
960.671
963.75
965.97
967.309
969.081
970.505
1070
1039
1026.64
1021.12
1016.56
1013.06
1009.31
1054
1071
1056.99
1045.56
1041.5
1039
1039
1008
1008.03
1007.18
1004.24
1001.93
1000.88
1001.49
1002.33
1002.56
1031
1028.81
1027.64
1024.07
1020.63
992
984
983.285
982.18
984.144
986.061
1016
1029.9
1023
1026.15
1029.28
1026.05
1022.36
1019.67
1015.23
1010.97
1007.51
1004.67
1002.44
1008
1031
1034.02
1030.58
992
930
953
956.463
977
987.515
994.796
998.681
1001.1
1001.17
997.75
993.724
992.058
844
891.756
929.883
938.69
944.435
955.444
963.305
964.875
852
878.291
883.84
884.651
885.909
897.565
905.746
904.612
907.155
909.325
909.232
910.281
911.766
945
1000
1047
1024.1
1005.09
998.336
1102
1086.81
1056.38
1026.49
953
958.804
968.68
976.892
922
921.757
925.937
941.565
950.579
977
971.184
965.193
965.603
968.899
968.625
961.888
955.359
844
891
875
881.68
875
876.831
880.07
883.969
885.709
888.726
891.305
893.915
922
925.954
914
917.801
883
891.519
892.781
893.892
895.233
896.873
899.976
903.342
906.347
908.827
910.723
977
956.945
953
944.678
922
917.471
922
919.346
916.088
912.976
911.811
910.551
909.079
907.592
907.435
992
1000
1016
992.759
977.688
967.742
1016
1016.66
1005.69
1000
990.027
977
975.72
977.064
976.777
972.807
984
992
992.866
969
984
987.333
988.779
1000
994.028
1000
1000
1000
1016
968
973.93
891
927.406
926.048
930
934.073
937.407
940.872
943.919
946.755
1008
1000.31
1023
1017.76
1013.94
1012.35
977
981.613
976.997
971.701
971.016
969.847
1047
1032.43
1025.52
1019.43
1013.7
1047
1037.38
1031
1025.64
1000
1031
1026.44
1055
1042.28
1034.23
1033.01
1055
1049.94
1043.43
922
963.299
975.085
976.665
929
943.169
1000
998.232
987.584
1101
1084.7
1062.76
1062
1065.54
1055.99
1043.13
1045.07
1045.31
1032
1039
1041.72
1033.01
1024.68
1029.74
1026.47
1018.87
1019.72
1023.22
1078
1062.56
1052.47
1048.95
1046.76
1040.19
1034.24
1030.8
1102
1081.88
1086
1133
1117
1107.77
1102.52
1096.98
1091.41
1086.61
1055
1086
1080.65
1076.36
1094
1086
1101
1095.8
1092.8
1090.81
1087.73
1085.03
1055
1070
1065.4
1031
1044.69
1043.7
1041.8
1044.86
1046.51
1047.76
1049.12
1050.74
1052.1
1053.13
1054.02
1054.84
1008
1031.16
1027.25
1025.82
1028.7
1047
1062
1061.88
1008
992
996.159
997.849
1000.37
1031
1042.7
1042.74
1047
1078
1078
1068.7
1061.66
1056.47
1048.55
1041.69
1037.42
969
980.696
982.373
985.499
883
919.761
906
906.646
911.656
918.289
924.395
928.402
906
916.864
917.61
917.889
852
859
859.463
860.019
862.288
864.921
869.766
875.31
880.304
1023
1006.66
1039
1023.96
1011.33
1004.83
998.816
993.402
989.132
982.643
1055
1047.31
1047
1038.21
1047
1047.86
1043.69
1039.95
1037.77
1037.06
1062
1056.44
1039
1047
1031
1031
1028.05
1023.65
1019.94
977
984
984.185
977
980.984
982.416
983.387
984.421
985.077
985.747
986.413
922
968.958
985
1031
1023.72
1022.87
1024.56
1047
1047
1031
1047
1047.49
1047
1042.79
1042.26
1043.02
1047
1044.39
1043.44
1043.2
1024
1026.74
1024
1039
1033.6
1023
1016
1018.42
1018.73
1000
953
961
962.226
969
973.328
978.679
983.88
938
955.611
992
994.575
985
990.734
997.881
997.377
1016
1015.66
1008
1031
1029.16
1019.4
1015
1017.5
1014
1009.07
1005.82
1070
1051.76
1040.48
1036.38
1034.76
1030.8
1024.87
1020.56
1017.22
1013.89
1010.31
1007.41
1007.08
1008
1006.85
1000
1003.48
1002.77
1003.5
1003.69
1031
1029.8
1027.3
1024.85
1022.9
1021.32
1018.37
1015.35
1012.9
1000
1002.19
961
1006.72
999.619
1002.16
1004.59
961
978.736
977.525
976.28
978.476
978.993
980.718
977
980.122
979.807
1000
994.12
1008
1005.61
1006.93
985
1023
1008
1031
1022.43
1031
1027.65
1031
1031
1028.43
1028.37
1028.1
969
1007.3
996.984
995.534
1000
998.388
999.405
1031
1017.75
1017.35
1019.03
1017.32
1017.26
1017.24
930
981.355
975.082
973.429
977.975
979.339
979.704
982.356
1000
994.32
997.046
998.512
977
992
987.956
1031
1014.3
1047
1035.16
1015
1020.77
1020.31
1016.17
1014.88
1014.46
1014.33
1008
1008.94
1006.67
1006.87
1005.55
1004.71
1004.58
1039
1008
1031
1025.17
1000
1009.03
1031
1020.26
1017.91
961
1000.34
996.708
994.07
994.963
998.208
999.587
998.317
1001.09
1002.23
1008
1015
1011.86
1013.04
1014.24
1013.26
1047
1039
1032.61
1029.26
1030.25
1031.18
1039
1062
1052.29
1047
1039
1039.72
1041.69
1031
1024
1022.54
1055
1049.96
1046.39
1041.62
1038.32
1038.57
1039.14
1086
1072.73
1064.41
1032
1023
1000
1000
1001.47
1005.99
1011.12
1014.68
1015.29
1016.16
1019.27
1047
1008
1031
1030.17
1000
1007.68
1008
1008.46
1008.71
1010.93
1012.93
1063
1053.77
1063
1054
1050.91
1048.56
1044.41
1040.47
1000
1039
1026.92
1023
1024.29
1024.19
1023.72
1023.56
969
994.139
1000
977
1031
1019.27
1031
1026.03
1031
1016
1031
1025.02
1031
1026.15
1028.76
1047
1038.86
1038.66
1039.25
1055
1045.45
1045.35
1078
1061.03
1057.44
1057.18
1055.87
1062
1055.88
1056.01
1054.52
1047
1048.84
1046.61
1046.04
1045.53
1045.18
1045.86
1045.48
1062
1058.37
1055
1055.08
1054.8
1053.26
976
1059.69
914
1025.29
922
1012.33
1004.77
1001.32
1002.24
1004.39
1006.81
992
1000
992
997.454
997.827
992
1000
997.984
1000.12
1001.01
1002.58
1003.85
1005.23
1006.61
1007.96
1009.31
1010.58
1010.89
1012.01
1011.67
1012.83
1011.8
1012.67
1012.73
1012.35
1012.3
1012.24
1012.26
1012.32
1012.38
1012.43
1012.48
1055
1010.73
1012.75
1000
1006.75
1006.3
1007.74
985
1024.72
1047
1002.23
1039
1020.04
1008
1012.3
1013.72
1012.02
1031
1020.98
1019.66
1020.8
1019.83
1018.78
1019.71
1018.34
1019.1
1017.81
1018.77
1017.82
922
899
948.879
954.61
961.42
1055
1049.82
1044.64
1063
1047
1023
1000
991.774
1008
1007.5
961
961
964.886
922
929.835
934.965
1000
1016
1009.39
1005.92
1001.14
991.351
1047
1000
992.088
994.245
994.328
989.038
983.797
1000
984
961
963.88
969
971.511
968.202
967.22
970.247
971.355
968.285
965.235
964.908
964.386
962.577
906
956.112
947.418
945.042
946.519
953
954.249
955.466
957.984
959.782
961.846
962.094
1023
1004.14
992
989.436
977
978.527
978.395
974.981
898
938.889
934.872
953
946.458
947.858
1023
1000.25
991.663
989.967
1070
1038.91
1086
1094
1074.64
1069.24
1069.14
1047
1045.29
1042.67
1035.89
1047
1042.5
1070
1062.85
1059.34
1059.75
1078
1063
1062.63
1063.15
1060.15
1058.31
1055.53
1039
1043.38
1039
1037.53
1038.34
1039.07
1047
1047.42
1049.55
1039
1043.74
1000
984
961
962.85
964.095
992
1005.96
1019.43
953
945
930
930.059
931.482
934.388
852
875
874.304
879.923
887.633
895.58
904.73
914.161
922.591
922
953
960.277
1070
1054.67
1035.77
1023.32
1086
1082.07
1061.5
1049.01
1049.98
1052.89
1051.42
1047.2
1101
1097.35
1087.35
1082.53
1083.68
1083.73
1039
1040.73
1086
1078.18
1067.88
1059.79
1060.86
1061.74
977
999.518
1005.34
1009.3
1003.17
1011.29
1022.75
1024.79
1039
1044.42
1043.78
1023
1028.99
1032.22
1030.34
1025.91
1029.42
1032.56
1033.7
1030.02
1055
1055.16
1045.84
1078
1074.32
1061.81
1086
1094
1076.86
1086
1083.42
1072.15
1071
1078
1078
1069.09
1072.96
1073.67
1066.77
1070
1086
1079.09
1074.51
1075.9
1047
1054.13
1078
1072.22
1066.8
1078
1094
1093
1082.81
1086
1087.54
1079.03
1076.05
1055
1059.43
1061.85
1062.92
1060.01
1063.46
1066.35
1063.99
1062
1063.97
1065.28
1061.96
1061.37
1031
1008
1012.24
1013.48
1016.55
1020.54
1025.67
1047
1056.46
1061.13
1065.46
1068.37
1067.99
1065.21
1039
1039
1036.23
1033.26
1035.18
1078
1084.19
1000
977
984
986.035
984
988.709
993.927
997.456
1023
1029.04
1031.21
1032.37
1039
1038.7
1035.9
1008
1023
1021.09
1039
1034.17
1031.14
1032.95
1035.5
1032.93
1028.9
1025.88
1024.13
1022.38
1102
1073.42
1061.36
1055.21
1125
1090.08
1117
1099.56
1091.93
1089.16
1094
1088.18
1082.71
1078
1077.59
1075.84
1073.19
1086
1081.56
1080.14
1070
1072.71
1086
1081.04
1077.66
1077.76
1078.31
1077.55
1076.85
1076.34
1076.66
1000
1031
1031
1028.56
1008
1031
1047
1045.97
1101
1102
1109
1106.14
1103.32
1099.41
1109
1086
1089.64
1086.33
1080.66
1078.51
1076.03
1074.78
1073.43
1072.55
1072.47
1055
1060.57
1057.34
1047
1049.96
1048.45
1049.21
1049.3
1049.7
1062
1063
1065.4
1068.42
1039
1057.44
1053.97
1054.51
1056.41
1047
1051.77
1051.1
1070
1065.56
1064.77
906
953
1013.85
1007.08
1000
1000
1008.97
1047
1031
1031.06
1035.48
1037.9
961
984
961
930
935.006
938.79
1047
875
906.242
926.63
844
861.42
871.382
883
881.772
891
894.948
867
852
859
859.751
836
843.055
820
829.188
830.225
831.298
805
805
820
820.002
821.429
823.92
826.765
829.948
832.149
835.063
837.158
839.582
841.985
841.924
843.564
845.296
1031
963.883
925.422
916.748
867
865.137
865.147
861.874
836
837.407
839.536
844
844.682
845.445
846.547
847.975
849.226
850.132
850.899
851.738
797
781
784.755
785.707
787.96
790.648
793.724
820
824.677
830.266
797
807.834
810.198
814.023
815.891
817.69
821.391
824.519
820
820.911
822.995
820
818.166
828
826.483
828
824.725
812
813.865
812.12
797
805
812
811.346
810.625
859
922
937
913.699
899.443
968
938
926.426
914
908.678
907.056
902.146
895.734
892.031
891.626
889.939
887.259
886.108
922
914
909.694
906.245
905.082
903.041
898.529
894.226
890.714
887.329
1000
950.064
936.177
932.659
927.944
969
958.316
949.577
942.785
940.473
992
1023
996.294
979.812
1000
977
976
899
918.784
930
933.395
929.684
925.582
1039
1012.24
987.46
982.963
984.501
828
862.214
828
805
805.268
807.992
810.816
813.244
758
774.365
776.883
778.754
781.726
785.291
789.255
792.674
795.625
798.137
800.451
802.686
836
836.184
837.894
840.535
843.261
848.864
851.49
890
888.862
887.237
879.93
877.431
906
902.565
895.969
984
963.925
949.848
939.965
936.482
934.511
929.925
925.092
921.894
920.223
918.543
916.508
1078
1102
1019.32
996.557
1031
1025.26
1013.36
1016
1000
995.863
953
899
902.647
914
930
939.22
943.408
948.786
976
983.828
979.341
970.739
953
946.186
940.482
906
906.19
906
907.11
908.804
911.305
914.947
918.297
921.004
923.829
926.759
929.346
789
852.081
789
789
789.61
789
792.528
795.791
812
812.052
816.791
875
875
880.486
885.665
888.94
890.463
891.264
891.342
891.348
945
1086
1036.96
1004.55
974.816
961.069
960.724
860
867.876
898
883
882.49
881.692
930
937
930.486
921.279
883
875
875.813
875.931
891
889.947
889.688
890.058
890.82
889.484
961
956.051
968
946
945
944.662
938.723
932.138
926.595
921.83
917.323
914.017
985
992
984
992
984.175
976.177
969.311
962.903
953
947.651
943.122
939.576
1023
1000.29
1047
1031.1
1020.02
1012.56
1000
992.757
986.596
980.97
976.583
992
988.512
1000
1023
1017.95
1012.84
1008
1001.88
995.892
991.359
988.065
985.898
985.272
985.204
985.242
985.607
1039
1029.82
1024.32
1019.93
1014.8
1008.61
1001.34
1070
1055
1039
1032.11
1026.68
1019.83
1055
1047.65
1038.22
1055
1070
1066.84
1059.3
1053.27
1016
1018.71
1017.97
1000
930
948.461
953
946
949.545
959.153
966.066
969.353
1047
1051.17
1015
1023.52
1030.61
1020.11
945
963.186
930
925.539
985
998.844
1031
1029.35
1023.03
1012.31
1000.99
1047
1038.51
1020.96
1016.61
1014.54
1039
1028.48
1039
1028.86
1022.32
1016
984
930
933.427
934.204
939.225
946.389
1047
1054.53
1042.63
1036.98
1027.87
1015.73
1039
1040.25
1033.89
1028.82
1023.75
1017.26
1011.49
1007.64
1004.69
1039
1038.82
1031
1026.62
1022.97
1018.67
1039
1047
1040.11
1033.36
1028.5
1055
1052.97
1048.82
1042.88
1038.6
1039.91
1042.69
1039.85
1086
1075.96
1065.75
1060.23
1070
1071.94
1066.7
1047
1054
1039
1040.65
1039.28
992
1010.94
1011.99
1013.04
1012.06
1012.66
969
987.471
986.145
906
963.26
956.911
952.822
957.386
1047
1039
1032.95
1037.46
1039
1031
1032.12
1033.16
1028.28
1025.44
1026.07
1022.45
1019.74
1039
1032.03
1070
1057.56
1055.35
1039
1039.44
1000
977
953
992
992.612
998.438
1001.34
1003.54
992
996.669
996.976
997.294
999.014
999.448
1001.28
1001.76
945
964.549
930
932.527
922
924.259
929
930.822
953
961
967.419
969
973.259
985
987.007
988.857
989.983
992.249
994.164
995.819
997.449
961
968.238
992
984.62
982.163
979.784
980.395
1063
1032.97
1019.97
1015.05
1012.82
1010.99
992
990.433
987.507
984.354
981.701
992
989.52
988.626
987.518
1047
1020.84
1011.59
1008.68
1005.88
998.738
994.575
1039
1021.33
1013.74
1010.98
1023
1017.74
1012.18
1010.36
1011.61
1009.32
1005.67
1003.16
1002.51
977
1000
996.566
995.467
994.877
1008
1005.35
1004.13
1004.81
1006.82
1015
1011.22
1009.46
1010.88
1016
1013.15
1011.48
1012.79
1039
1031.41
1023
1022.71
1023.94
1024.18
1021.91
1019.56
1008
1008
1007.9
1007.6
992
977
979.317
980.197
982.763
985.324
988.926
993.028
961
974.461
972.869
974.307
976.043
977.98
980.659
914
967.02
959.011
969
992
987.705
1000
1023
1018.59
1014.6
1016
1015
1009.63
1007.45
961
975.963
1000
993.237
993.827
995.447
993.258
991.689
990.379
1047
1031
1024.42
992
984
938
944.657
1008
1009.02
1047
1039.58
1030.17
1022.25
1013.06
1003.49
997.182
991.102
986.306
982.938
980.828
979.533
977.301
1008
1012.4
1013.21
1004.35
997.074
990.671
1125
1070
1024
1016.33
1017.03
1016.68
1011.47
1005.53
1001.41
1000.42
1002.33
1003.89
883
964.314
938
1031
1008
1055
1038.41
1032.81
1030.85
1016
1016
1015.82
1023
1017.83
1008
1031
1026.21
1000
1011.77
1010.09
1007.26
1006.06
1005.54
1086
1056.82
1048.56
1043.92
1043.49
1015
1021.65
1017.97
1012.88
1010.73
1013.23
1014.85
1000
1006.33
1031
1026.3
1020.3
1019.25
1000
961
1000
1009.65
1023
1018.53
1019.03
1020.11
1015.46
1011.65
1008.76
1007.36
1016
1014.41
1013
1014.4
1015.36
1011.68
1011.65
1012.49
1000
1003.16
1004.52
1003.3
1003.94
1005.12
1006.13
1005.02
1005.17
1004.43
1004.55
1055
1023.51
1021.26
1020.99
1039
1028.96
1024.88
1023.73
1024.66
1025.02
1023.67
1022.36
985
1016.7
1008.19
1007.04
1005.79
1006.2
945
961
964.982
963.503
965.806
968.507
970.92
972.929
974.395
975.819
977.453
1086
1055
1031
1039
1031
1026.3
1022.73
1016
1013.32
1010.57
1007.74
1005.7
1008
1005.59
1031
1025.59
1022.36
1021.95
1021.23
1018.96
1016
1014.15
1012.51
1023
1019.67
1018.01
1018.76
1017.58
1016.75
1017.36
1017.76
984
1032.37
930
914
992.316
979.601
992
989.781
1008
1005.28
1006.96
1009.43
1009.79
1008
1010.3
984
977
969
953
958.212
958.896
984
1008
1008.3
1010.86
1006.87
906
938.933
952.882
953.857
956.691
1070
1045.87
1036.23
1039.11
1027.19
1012.69
1000
989.245
978.465
1031
1029.51
1101
1081.83
1102
1089.07
1074.05
1065.08
1039
1030.42
1016
1000
992
969
972.541
953
922
937
933.19
934.51
937.626
938.749
940.934
942.481
943.609
944.418
945.18
945.965
946.631
947.45
949.254
951.155
955.066
851
941.299
931.237
928.614
930.738
899
922
920.827
919.275
921.467
923.645
906
915.763
918.89
920.29
898
875
887.337
891.647
906
899.385
899.475
953
945.034
938.18
933.607
935.796
1062
992.512
1078
1020.79
996.928
988.798
983.035
976.033
968.112
963.746
962.595
961.012
958.513
956.761
956.441
956.582
956.5
992
953
957.313
907
947.701
941.954
939.198
940.516
941.973
943.347
1047
1047
1025.87
1039
1035.79
1031.29
953
956.301
954.133
977
974.694
974.025
975.679
974.786
953
955.959
954.554
945
930
945
943.96
945.503
947.96
949.854
951.271
951.74
951.828
922
914
915.485
916.675
919.081
921.64
925.137
1000
990.854
1047
1032.61
1070
1024
1019.94
1047
992
1016
1012.88
1006.4
1004.11
1015
1010.49
1008.42
1007.16
1006.72
1005.98
1004.89
1004.45
1008
1039
1031.37
1070
1078
1086
1070
1065.89
1060.85
1054.19
1032
1033.6
1030.09
1028.21
1029.2
992
1011.13
1007.31
1047
1047.37
1047.05
1046.35
1044.61
1041.07
1078
1070.91
1065.64
1061.42
1057.66
1052.98
1078
1072.48
1068.37
1066.19
1102
1125
1116.06
1086
1082.23
1087.61
1091.15
992
1023.05
1031.92
984
977
980.595
984.381
985
987.491
938
954.118
956.953
959.401
953
958.093
964.308
967.693
969.106
970.544
973.945
977.006
979.807
982.197
985.52
988.691
1078
1078
1071
1059.81
1053.12
1078
1086
1086
1075.02
1068.85
1069.97
1086
1078
1072.17
1066.86
1066.56
1068.99
1068.22
1064.22
1023
1055
1054.16
1053.3
1048.51
1044.96
1046.05
992
1008
1009.26
1039
1038.61
1035.47
1037.52
1039
1039
1039.89
1039.75
1041.11
1041.44
1055
1053.27
1053.04
1053.24
1053.52
1053.2
1052.1
1008
1035.3
1030.48
1016
1024.36
1023.54
1023.2
1023
1025.42
1008
1014.53
1008
1008.67
945
1012.5
998.149
995.141
891
978.94
966.089
922
944.906
948.198
943
948.532
952.928
1039
1020.73
1015.77
1062
1051.85
1044.92
977
961
969.65
970.462
961
992
1008
1000.1
989.68
997.793
1008
992
985.323
984
977
971.134
992
991.531
1000
994.124
992.007
992
988.597
985.379
984.456
969
971.826
972.209
984
985.486
1008
1008.64
1015
1009.59
1004.83
1039
1039
1031.68
961
970.929
1008
1024
1016.42
1007.34
1006.39
1009.24
1078
1056.23
1036.37
1028.13
1028.91
1032.92
1055
1038.57
1024.48
1039
1016
1017.85
1031
1025.06
1020.33
1016.24
1016.52
1019.92
1020.35
1017.08
1013.6
1012.48
1012.63
1014.53
1013.16
1055
1039
1035.11
1031.97
1047
1046.36
1043.6
1039.15
1086
1076.82
1069.45
1065.45
1064.27
1078
1078
1069.59
1065.44
1067.06
1068.49
1065.43
1061.83
1059.13
1062
1060.6
1055
1054.21
1053.17
1052.75
1051.76
1047
1048.24
1048.53
1048.46
1048.72
1048.75
1049.26
1049.74
1050.13
1051.24
1000
1092.99
1061.7
1059.09
922
1037.41
906
993.466
988.089
984.674
984.519
985.894
988.234
990.392
992.376
937
962.711
963.823
961.176
960.985
953
961
961.752
962.946
992
1000
996.367
996.505
998.867
1001.2
1001.58
1001.83
1055
1037.06
1028.37
1026.78
1024.22
1022.05
1000
1002.44
1016
1010.66
1047
1036.62
1047
1042.77
1038.51
1055
1086
1047
1047.15
1046.69
1043.08
1039.33
1036.25
961
992.37
953
956.316
954.948
922
932.951
933.917
933.696
936.661
938.866
961
960.15
965.583
970.408
973.989
976.735
979.746
982.104
984.474
986.56
988.506
990.531
1031
1025.21
1022.8
992
996.081
998.976
997.057
930
953
952.656
952.377
953
954.889
930
937.191
938.739
937.726
945
944.191
947.165
949.388
951.445
953.076
954.639
956.253
957.904
959.526
961.136
962.776
964.49
966.676
968.995
1000
995.698
991.913
987.329
899
912.725
890
901.37
883
895.154
897.283
914
805
820
823.32
825.289
830.066
797
789
797
797.957
798.895
800.867
758
780.925
781.859
782.753
742
750
758
761.134
764.885
797
801.15
805.095
807.314
811.4
815.159
859
853.214
890
891
914
904.462
898.403
898.181
896.622
894.222
891.827
890.84
890.65
890.407
889.635
914
891
892.649
895.332
851
836
838.728
835.655
805
814.819
814.448
814.985
816.171
817.714
819.21
820.711
822.51
828
830.036
812
820.251
821.604
823.378
825.43
827.466
829.761
831.971
833.98
781
815.189
811.599
810.426
812.7
814.616
816.633
818.093
819.626
867
833.939
832.273
833.33
832.544
844
836.125
833.792
835.503
836
833.129
852
859
852.004
849.1
849.375
867
852
851.168
850.67
849.629
848.089
846.773
845.588
844.614
843.816
843.507
843.264
781
837.399
826.9
824.719
825.633
812
821.25
820.403
851
844
841.38
842.492
844.804
845.505
828
828
829.98
844
837.974
835.217
867
859.79
856.147
853.225
853.783
853.293
848.626
844.42
842.32
840.499
837.875
1008
1008
922.61
914.941
904.738
893.416
885.27
1016
968.713
941.636
931.416
1054
1018.02
984.962
964.482
1039
1070
1055
1021.16
1006.27
1078
1069.84
1070
1042.62
1029.54
1032.65
1032.56
1021.88
1009.42
1006.06
1009.85
1009.34
1070
1050.39
1035.05
1025.26
1055
1101
1079.08
1052.77
1125
1118.63
1097.79
1077.01
1076.8
1083.26
1109
1110
1091.36
1084.67
1156
1149.18
1128.53
1112.85
1110.81
1117.57
1115.24
1102.18
1093.76
1094.49
1097.27
1102
1092.47
1086.08
1088.06
1092.95
1110
1148
1141
1120.13
1156
1157.55
1149
1130.99
1125
1128.21
1130.02
1123.47
1141
1164
1160.87
1148.54
1172
1175.27
1164
1153.63
1157.19
1158.32
1133
1148
1149
1125
1125.56
1133
1133.1
1156
1133
1133
1156
1156.85
1148.45
1146.02
1151.48
1148
1140.99
1139.97
1142.5
1086
1125
1125
1125
1156
1149.51
1146.4
1149.01
1149.3
1144.96
1142.85
1144.01
1141.65
1125
1132.24
1148
1141.24
1137.25
1140.79
1086
1102
1070
1055
1062
1063.57
1066.89
1070.59
1031
1048.45
1045.28
1044.51
1047.14
1049.08
1051.65
1000
1022.96
1020.16
1019.47
1022.68
1024.84
1028.25
1039
1047
1050.16
1039
1046.29
1048.65
1086
1078.79
1071.68
1066.6
1066
1063.17
1058.76
1094
1082.07
1075.64
1071.46
1071.47
1133
1113
1101.84
1156
1164
1146.58
1203
1189.37
1176.39
1172.15
1169.41
1164
1160.11
1158.35
1156.55
1141
1142.4
1142.95
1140.86
1140.09
1139.92
1140.46
1140.53
1140.05
1140.52
1016
1129.41
1114.6
1024
1039
1023
1024
1026.69
1029.25
1039
1008
1026.81
1028.02
1028.86
1031
1032.51
1034.4
1039
1039.84
1041.71
1043.67
1045.78
1125
1108.72
1195
1170.04
1163.01
1161.74
1156
1102
1105.91
1105.9
1101
1156
1146.3
1164
1157.84
1151.69
1148
1143.61
1148
1144.26
1133
1133.25
1133
1141
1187
1141
1142.31
1141
1135.64
1132.56
1131.36
1130.41
1130.56
1086
1109
1104.63
1103.14
1103.68
1086
1093.03
1092.72
1092.39
1195
1141
1141.84
1142.94
1141.71
1139.59
1164
1157.37
1154.23
1153.48
1153.54
1153.08
1152.24
1164
1159.25
1117
1131.58
1109
1111.34
1110.27
1109.5
1110.22
1110.87
1112.19
1112.99
1113.31
1113.86
1031
1016
1017.25
1016.86
1020.34
1026.86
1032.11
1037.3
1042.08
1047.84
1039
1048.15
1078
1047
1078
1078.43
1078
1081.07
1081.36
1083.05
1083.76
1084.12
1085.32
1086.51
1039
1053.19
1039
1038.1
1039.71
1038.49
1040.42
1040.01
1040.75
1040.63
1041.1
1040.76
1040.92
1040.87
1041.23
1041.06
1042.4
1042.12
1043.88
1086
1084.6
1085.21
1082.19
1079.22
1148
1141.14
1130.85
1118.33
1112.1
1164
1125
1118.32
1115.18
1116.84
1117.48
914
998.146
945
950.152
950.024
952.309
955.494
958.507
960.736
1086
1073.82
1071.27
1117
1141
1132.79
1130.57
1130.95
1195
1182.53
1171.21
1169.96
1171.46
1172.1
1187
1185.73
1184.47
1184.94
1195
1195.54
1195.22
1194.06
1192.83
1191.46
1188.35
1184.86
1180.8
1176.84
1125
1180
1168.67
1164.85
1164.74
1166.13
1166.85
1167.05
1062
1148.52
1138.4
1133.64
1134.91
1137.23
1138.95
1140.29
1024
1083.83
1079.91
1074.46
1078.05
1083.19
1084.42
1087
1109
1104.45
1106.15
1108.92
1110.08
1111.07
1111.66
1113.67
1115.29
1116.9
1118.58
1120.13
1133
1131
1130.8
1133.82
1102
1125
1125
1125
1156
1144.83
1141.14
1139.48
1137.86
1136.34
1134.12
1132.58
1131.51
1131
1130.41
1129.98
1129.68
1141
1137.55
1136.65
1137.05
1136.92
1136.64
1136.27
1135.95
1086
1146.25
1131.76
1125
1127.17
1127.04
1133
1129.25
1131.14
1117
1132.99
1128.27
1126.68
1156
1139.05
1136.49
1148
1102
1141.4
1130.74
1141
1134.44
1133
1135.21
1133.78
1133.65
1125
1156
1137.19
1133
1141
1137.18
1133
1135.78
1134.78
1132.84
1109
1131.63
1133
1109
1125
1122.64
1125
1140
1131.95
1130.83
1117
1125
1117
1119.59
1141
1132.8
1130.65
1132.48
1156
1147.43
1144.08
1144.04
1145.37
1102
1116.29
1118.5
1116.42
1117.78
1122.34
1121.5
1047
1101
1095.6
1094
1094.74
1098.04
1117
1133
1109
1116.42
1121.27
1118.13
1086
1099.13
1102.08
1098.47
1093.1
1055
1074.43
1078.23
1076.61
1141
1130.1
1121.43
1101
1109.61
1113.66
1055
1072.35
1109
1141
1119.77
1114.19
1120.95
1117.92
1102.09
1125
1125.92
1113.54
1104.55
1112.38
1111.78
1102
1097.3
1109
1106.18
1133
1119.51
1133
1128.42
1120.95
1117.12
1120.27
1116.72
1156
1139.25
1135.26
1133
1164
1154.75
1149.17
1145.79
1125
1127.09
1127.51
1125.24
1122.28
1180
1164.21
1195
1185.26
1164
1165.03
1162.03
1155.99
1141
1140.1
1138.98
1136.78
1135
1135.01
1135.26
1134.85
1134.84
1135.18
1135.35
1135.47
1135.82
1137.09
1137.22
1138.58
1138.4
1164
1161.16
1159.42
1156.73
1125
1134.22
1133.2
1135.49
1078
1144.2
1133.16
1117
1122.87
1133
1129.55
1127.94
1129.97
1132.12
1130.61
1148
1140.95
1139.71
1140.22
1141
1109
1127.19
1133
1126.83
1123.68
1129
1130.49
1124.41
1125.53
1130.31
1125.56
1122.26
1126.01
1125.27
1121.65
1157
1143.31
1131.45
1179
1125
1141
1142.51
1125
1141
1140.25
1132.1
1135.7
1138.45
1127.18
1134.22
1180
1143.2
1125
1140
1139.82
1125
1132.4
1136.97
1128.95
1130.42
1156
1144.19
1135.57
1143.72
1144.48
1132.01
1138.08
1145.74
1130.49
1117
1133.89
1141
1124.97
1157
1153.84
1132.17
1139.39
1172
1152.35
1143.01
1152.3
1150.51
1135.56
1143.51
1151
1137.59
1136.93
1148
1142.49
1130.86
1143.07
1125
1149
1156
1144.81
1145.64
1125
1131.03
1133.6
1133
1130.55
1136.98
1133
1131.69
1134.4
1134.6
1131.81
1134.05
1135.48
1132.91
1086
1120.37
1114.2
1112.44
1112.82
1125
1125
1133
1130.11
1125
1129.86
1129.33
1117
1125
1125
1121.48
1122.36
1125.55
1156
1156
1148.62
1146.26
1146.94
1102
1125
1122.19
1117
1116.56
1094
1105.83
1106.74
1105.58
1094
1100.53
1102.21
1125
1141
1136.26
1133.2
1148
1172
1165.23
1154.79
1150.66
1133
1132.43
1130.94
1128.32
1127.69
1127.46
1156
1133
1135.87
1136.8
1136.11
1133.11
1130.41
1129.77
1094
1110.52
1108.85
1108.7
1117
1141
1133
1135.03
1137.48
1134.42
1131.8
1133.17
1148
1143.78
1078
1103.23
1106.93
1103.2
1102.9
1109.46
1111.7
1106.77
1110.12
1117
1114.06
1102
1031
1055.05
1058.86
1059.43
1180
1160.07
1152.2
1211
1187
1174.98
1203
1190.81
1175.13
1177.77
1174.86
1162.76
1149
1150.81
1145.74
1140.58
1164
1160.14
1154.24
1154.45
1153.57
1150.2
1147.88
1172
1234
1213.62
1195
1191.1
1183.61
1175.01
1168.78
1164.76
1219
1164
1165.94
1168.74
1170.32
1168.51
1187
1141
1195
1182.78
1156
1161.68
1179
1173.98
1169.71
1167.41
1168.87
1169.74
1167.1
1166.61
1180
1174.59
1174.78
1196
1148
1174.79
1170.56
1167.65
1168.76
1169.5
1168.81
1170.34
1169.28
1171.1
1169.52
1171.09
1170
1170.99
1170.01
1171.98
1170.68
1164
1173.52
1166.72
1169.99
1168.74
1170.2
1168.95
1171.48
1170.28
1211
1164.6
1203
1183.05
1179.17
1179.96
1164
1181.75
1141
1202.65
1170.82
1141
1158.95
1157.87
1156.94
1157.22
1125
1150.73
1147.19
1145.39
1145.78
1146.91
1147.52
1125
1164
1152.84
1151.17
1151.37
1156
1154.38
1155.44
1148
1153.74
1152.66
1152.55
1172
1162.88
1180
1173.27
1171.41
1172.35
1170.9
1170.31
1168.9
1039
1125
1156
1164
1155.24
1157.83
1161.79
1161.37
1160.26
1161.77
1162.42
1162.22
1162.18
1125
1143.4
1140.63
1136.69
1136.87
1138.05
1138.42
1164
1141
1146.67
1149.27
1148.79
1070
1097.15
1099.6
1094.29
1099.02
1101.57
1103.41
1105.9
1108.28
1110.62
1112.7
1114.74
1116.99
1119.3
1121.49
1123.56
1125.84
1128.13
1172
1162.06
1164
1158.81
1155.15
1155.89
1154.18
1152.25
1150.32
1149.84
1149.82
1149.84
1148.12
1146.53
1145.03
1143.58
1242
1190.29
1274
1220.04
1210.09
1205.12
1234
1221.68
1203
1180
1183.5
1183.29
1102
1157.8
1153.79
1125
1128.4
1130.15
1131.02
1219
1203
1195
1193.18
1194.27
1148
1155.89
1117
1102
1101.75
1086
1024
1035.59
1035.19
1037
1041.08
1047.19
1051.35
1055.45
1211
1193.49
1203
1172
1167.67
1163.61
1154.93
1147.45
1141.49
1137.5
1135.42
1117
1117.56
1117.18
1116.54
1116.9
1164
1158.32
1154.23
1150.12
1146.83
1142.63
1137.77
1133.88
1130.4
1000
1083.64
1000
1017.58
1017.57
1017.48
1020.03
1022.63
1025.75
1027.54
1029.49
1030.85
1032.06
1109
1098.58
1096.69
1097.15
1098.68
1125
1156
1150.82
1180
1175.2
1171.79
1203
1201.61
1063
1090.92
1091.98
1090.02
1087.5
1087.03
1090.22
1092.6
1091.78
1090.73
1091.25
1092.14
1092.08
1133
1124.99
1122.01
1121.41
1133
1131.43
1128.89
1195
1141
1125
1131.23
1133.01
1141
1135.6
1135.01
1136.95
1109
1114.7
1114.53
1113.52
1109
1108.86
1164
1140.67
1134.92
1195
1161.08
1149.19
1150.95
1146.84
1137.6
1133
1070
1096.97
1039
1054.6
1164
1146.37
1144.22
1172
1163.33
1155.93
1153.97
1147.91
1156
1148.36
1078
1092.17
1102.79
1070
1080.03
1250
1172
1163.53
1169.82
1172
1180
1170.97
1163.6
1156.51
1219
1203
1185.23
1179.34
1109
1119.68
1127.24
1132.03
1131.35
1172
1172
1161.63
1153.7
1179
1172
1159.45
1152.84
1055
1081.02
1156
1155.34
1147.59
1258
1235.92
1212.28
1203
1195.79
1176.94
1164
1162.53
1031
1061.41
1090.52
1097.94
1101.56
1115.47
1133
1129.86
1125.53
1126.59
1125
1172
1172
1159.7
1154.07
1151.74
1144.41
1138.55
1031
1078.87
1078
1141
1164
1160.17
1157.07
1152.63
1145.45
1203
1189.09
1148
1147.25
1016
1015
977
977.362
977.9
980.448
1156
1125
1125.21
1129.42
1110
1108.72
1107.77
1103.83
1099.66
1096.72
1117
1117
1113.06
1094
1095.27
1095.34
1094.12
1093.11
1092.44
1092.41
953
1000
1036.82
1033.92
1035.53
1038.98
1041.4
1156
1130.73
1124.33
1125.53
1125.65
1120.4
1115.7
1111.14
1141
1117
1115.06
1114.7
1111.79
985
1012.94
1164
1129.92
1115.38
1234
1199.27
1172.21
1168.5
1203
1182.36
1167.81
1166.76
1160.53
1148.52
1141.41
1137.07
1195
1179.91
1168.94
1164.89
1195
1164
1180
1175.75
1195
1180
1174.2
1173.24
1180
1172
1167.41
1047
1115.7
1031
1052.17
1053.91
1052.37
1195
1169.46
1164
1167.19
1133
1140.67
1140.42
1135.48
1133.88
1133.77
1133.77
1133.64
1133.43
1125
1127.25
1127.18
1203
1182.4
1174.15
1169.19
1203
1180
1176.17
1086
1120.16
1039
1061.46
1059.31
1060.61
1064.64
1068.73
1031
1044.06
1125
1114.1
1111.78
1112.72
1141
1140.8
1136.93
1234
1208.43
1219
1195
1190.29
1156
1155.68
1154.15
1062
1087.22
1087.83
1087.2
1172
1167.83
1162.42
1179
1141
1137.78
1135.47
1125.93
1109
1039
1052.86
1052.33
1053.84
1059.71
1067.22
1250
1203
1219
1213.57
1125
1127.91
1122.85
1109.32
1105.29
1106.8
1172
1070
1086.78
1016
1008
1039
1133
1164
1150.99
1196
1164
1144.71
1137.37
1125.47
1000
953
961
961.742
964.832
971.387
980.584
1219
1196.66
1180.69
1174.81
1162.48
1156
1140.49
1164
1133
1121.68
1172
1165.51
1047
1052.04
1062.52
1063.34
1062.08
1064.25
1067.84
1067.84
1164
1149.47
1128.92
1116.43
1070
992
995.478
995.034
995.36
1148
1153.99
1147.29
1142.86
1188
1187
1102
1039
984
982.805
983.241
985.386
987.228
989.298
991.316
992.29
1226
1193.91
1168.43
1151.59
1196
1191.55
1170.72
1172
1166.59
1159.63
1148.11
1138.06
1131.57
1127.59
1126.13
1124.81
1123.83
1234
1219
1242
1211
1199.43
1164
1188
1184.74
1175.51
1219
1203
1195.81
1194.49
1191.26
1186.41
1182.53
1179.26
1164
1165.72
1163.48
1162.58
1162.76
1162.96
1188
1183.76
1182.03
1183.35
1182.34
1181.11
1188
1195
1193.57
1192.37
1192.14
1191.97
1189.61
1187.46
1185.66
1185.28
1185.38
1185.24
1156
1194.07
1156
1170.91
1170.22
1169.8
1170.01
1117
1156
1164
1155.99
1156.66
1024
1101
1095.98
1091.83
1094.57
1100.83
1103.23
1106.46
1109.36
1111.8
1164
1152.12
1140
1147.55
1152.06
1151.33
1000
1039
1078
1074.09
1073.55
1087.31
1097.05
1090.96
1091.82
1099.93
1099.92
1091.81
1094.9
1099.52
1095.68
1125
1094
1099.66
1103.2
1103.4
1100.34
1101.71
1104.23
1164
1203
1185.45
1226
1215.78
1208.94
1204.38
1197.02
1191.19
1125
1000
1000
999.329
1125
1151.67
1164
1164
1159.31
1172
1149
1179
1178.31
1170
1164.35
1159.46
1086
1016
1023
1030.34
1038.94
1172
1191.64
1184.12
1181.04
1174.01
1188
1177.34
1166.08
1159.17
1150.26
1140.43
1131.75
1124.99
1121.67
1120.71
1125
1125.09
1141
1141.35
1140
1140
1136.72
1131.67
1126.54
1122.11
1118.51
1008
1086.7
1156
1172
1167.11
1168.95
1110
1156
1148.87
1148.11
1148.61
1145.1
1142.36
1139.15
1136.01
1055
1047
1048.76
1048.6
1054.35
1062.91
1069.45
1075
1080.35
1084.1
1086.45
1087.88
1088.29
1088.55
1089.02
1164
1155.86
1195
1172
1166.06
1166.24
1055
1067.2
1066.63
1195
1179.4
1164.89
1158.33
1150.97
1141.3
1156
1180
1167.63
1153.04
1145.03
1140.05
1133.98
1127.96
1063
1068.07
1068.17
1203
1188.5
1175.93
1170.2
1203
1193.19
1178.83
1168.31
1161.91
1152.69
1143.02
1078
1084.81
1000
1005.09
1004.59
1006.43
1211
1203.12
1227
1211
1199.93
1189.49
1178.13
1156
1147.18
1139.89
1133.39
1156
1154.87
1154.93
1155.47
1154.51
1008
1083.64
1000
1010.11
1013.18
1195
1168.69
1166.77
1162.82
1157.28
1164
1154.33
1148.2
1145.69
1117
1078
1084.7
1084.16
953
992.217
1003.74
1164
1227
1273
1250.38
1240.01
1227.65
1211.79
1047
1031
1035.95
1037.05
1039.68
1043.99
1048.54
1050.68
1051.75
1052.45
1052.82
1172
1173.08
1165.66
1055
1016
1019.49
1021.34
1180
1187
1160.39
1211
1213.63
1156
1143.29
1133
1187
1183.91
1160.38
1143.22
1136.28
1138.25
1136.74
1023
1047
1052.03
1094
1092.66
1083.81
1085.14
1097.94
1093
1141
1125
1125
1122.31
1156
1152.33
1144.1
1117
1121.4
1130.03
1133.3
1008
1039
1047
1054.37
1051.08
1052.33
1164
1157.49
1133.83
1156
1158.62
1172
1152.93
1148.05
1152.82
1164
1109
1113.22
1123.68
1124.57
1008
1026.41
1036.27
1133
1120.23
1109.03
1118.27
1123.92
1106.78
1094.96
1097.42
1187
1149
1128.35
1122.68
1008
1039
1047.74
1057.92
1053.83
1053.6
1064.54
1074.86
1069.54
1133
1117
1103.05
1096.79
1148
1138.61
1115.91
1106.13
1113.57
1118.23
1108.32
1203
1172.87
1147.08
1142.1
1143.3
1134.94
1109
1112.71
1116.73
1112.98
1188
1187
1161.27
1152.72
1195
1184.8
1172
1158.6
1156.21
1155.09
1145.18
1156
1155.19
1125
1128.75
1132.51
1130.17
1094
1078
1081.59
1083.74
1047
1056.35
1060.95
1064.13
1065.71
1148
1125
1164
1168.59
1161.09
1024
1056.81
1079.73
1172
1157.55
1151.9
1156
1145.73
1172
1148
1138.83
1138.44
1130.09
1118.58
1110.77
1141
1148
1136.91
1055
1000
1005.34
1008.35
1156
1157.11
1145.71
1138.95
1211
1212.46
1185.87
1166.87
1125
1120.7
1070
1068.75
1069.56
1187
1190.09
1175.06
1162.76
1157.07
1152.88
1141.93
1129.29
1119.48
1112.82
1107.51
1102.89
1099.11
1096.81
1095.23
1156
1162.85
1159.23
1149.02
1139.33
1131.6
1124.89
1016
1060.04
1086
1093.27
1095.34
1096.4
1098.97
1101.96
1103.7
1102
1103.7
1180
1172
1161.88
1156
1133
1129.3
1125.59
1120.7
1116.52
1113.43
1112.05
1141
1137.21
1133
1164
1159.24
1153.24
1150.75
1146.74
992
1066.65
1064.8
1063.48
1067.17
1072.99
1074.94
1077.35
1080.33
1156
1144.63
1142.25
1143.72
1145.12
1143.24
1125
1129.14
1127.89
1125
1122.34
1121.72
1211
1181.24
1170.11
1166.17
1125
1133.63
1180
1148
1144.82
1133
1134.33
984
1043.69
1044.72
1042.98
1045.97
1053.23
1058.78
1061.84
1064.14
1164
1153.46
1146.03
1143.66
1164
1159.99
1203
1191.05
1182.78
1094
1008
1015.88
1016.56
1024.31
1109
1141
1141.29
1141.15
1140.02
1133.86
1127.16
1116.59
1107.58
1125
1124.84
1120.29
1115.4
1111.15
1106.36
1172
1168.57
1162.06
1219
1211.5
1201.39
1194.14
1188.13
1181.5
1195
1188.06
1141
1146.35
1008
961
985.045
1002.59
1156
1178.06
1195
1193.7
1185.01
1180
1170.27
1160.6
1141
1134.81
1129.1
1123.59
1120.38
1119.01
1117.13
1115.58
1187
1187.3
1164
1133
1129.79
1125
1118.9
1113.82
1172
1167.71
1161.9
1154.44
1147.86
1142.76
1125
1123.3
1121.95
1149
1159.03
1152.59
1143.96
1137.63
1131.19
1124.24
1120.04
1039
1070.65
1070.16
1076.78
1082.61
1090.49
1133
1117
1125
1131.02
1126.01
1125
1126.12
1124.11
1121.5
1119.69
1118.35
1116.91
1115.67
1115.2
1115.33
1008
1090.58
1094
1078
1089.23
1091.06
1000
1035.88
1037.86
1032.8
1036.39
1040.76
1242
1168.85
1148.41
1188
1176.54
1165.82
1162.52
1162.58
1157.5
1151.97
992
1034.26
1042.36
1188
1164
1156
1157.75
1117
1100.11
1133
1129.51
1110.87
1105.52
1107.23
1100.92
1156
1172
1156.68
1180
1177.81
1164.46
1154.78
1141
1134.71
1129.67
1117
1047
1063.88
1065.59
1086
1090.56
1133
1146.91
1144.1
1140.59
1138.33
1125
1116.75
1110.15
1104.37
1102.05
1101.5
1101.76
1102.46
1103.85
1110
1113.96
1102
1107.29
1107.86
1107.52
1148
1172
1164.91
1157.21
1172
1166.06
1157.24
1149.03
1142.24
1008
953
1021.31
1052.51
1075.4
1092.06
1103.16
1203
1219
1197.79
1186.41
1173.58
1155.98
1141.19
1125
1116.17
1110.23
1106.08
1103.58
1101.95
1101.31
1101.19
1101.13
1100.69
1099.85
1098.75
1097.23
1095.75
1094.62
1008
1080.42
1180
1145.62
1136.8
1179
1173.88
1169.35
1167.3
1168.45
1167.96
1164.6
1125
1128.16
1125.75
1121.69
1120.81
1125
1124.64
1124.57
1203
1182.83
1174.48
1169.64
1164.28
1016
1079.41
1000
1008.75
1086
1084.16
1227
1208.92
1203.91
1204.12
1156
1156.19
1150.34
1141.15
1047
1060.59
1062.95
1064.64
1070.14
1078.55
1081.73
1094
1094.51
1008
1038.86
1039.91
1040.1
1042.23
1008
1022.85
1125
1113.48
1156
1136.33
1129.85
1131.94
1164
1133
1130.82
1133
1131.09
1124.24
1188
1174.58
1160.23
1148
1149.3
1147.1
1139.96
1133.94
1180
1169.7
1149
1147.73
1150.46
1148.88
1117
1120.24
1120.42
1120.78
1141
1148
1117
1094
1097.89
1099.93
1102.64
1103.45
1107
1110.89
1114.15
1115.29
1117.91
1120.5
1122.82
1122.69
1121
1120.7
1120.2
1062
1079.53
1083.24
1039
1059.58
1061.73
1061.15
1065.29
1068.57
1125
1121.3
1117.84
1119.71
1118.51
1114.12
1110.09
1047
1047
1047.39
1045.17
1049.82
1008
1022.25
1022
1022.26
1027.79
961
984.701
983.996
985.927
990.06
995.133
999.893
930
977
973.466
971.507
974.102
976.961
981.812
984.255
1016
1013.41
992
1000.35
945
963.108
964.636
930
944.018
1000
987.506
982.091
1039
1047
1039
1029.43
1039
1029.56
1039
1030.93
1022.19
1031
1047
1034.64
1027.37
1028.08
1021.8
1047
1038.56
1032.16
1032.52
1109
1079.43
1078
1069.04
1062
1071
1064.86
1057.45
1053.31
1050.87
1049.32
1046.7
1044.89
1109
1083.52
1074.81
1071.17
1069.92
1066.54
1061.04
1047
1047.55
1046.07
1044.59
1043.51
1043.67
1044.06
1044.21
1039
1041.01
1040.67
1042.11
1078
1077.22
1071.2
1065.71
1060.61
1047
1086
1080.52
1070
1065.58
1065.44
1068.1
1067.22
1070
1066.52
1063.69
1062.6
1094
1090.24
1094
1085.78
1079.95
1110
1107.47
1102.5
1095
1109
1078
1079.58
1079.9
1080.31
1078.21
1075.14
1109
1102
1098.01
1094
1109
1107.68
1101.75
1096.81
1023
1051.97
1054.39
1054
1054.11
1057.83
1061.57
1061.99
1047
1053.02
1054.86
1054.03
1031
1041.2
1016
1021.61
1031
1028.85
1023
1027.9
1030.37
992
1009.3
1008
1006.61
1009.36
1011.69
1014.41
1016.62
1047
1043
1039
1031
1034.33
1034.18
1030.78
1008
1014.9
1039
1034.82
1039
1034.11
1032.42
1032.35
1028.5
1039
1047
1041.7
1035.65
1034.35
1047
1031
1024
1024.17
1025.24
1025.31
1031
1029.25
1029.59
1030.37
1030.06
1047
1043.2
1000
1019.43
1018.53
1018.36
1000
1011.71
1013.22
1012.21
1010.69
1039
1034.53
1028.93
961
984.99
969
971.533
977
984
969
1000
999.456
1008
1000
1005.4
1007.72
1004.74
1001.63
953
970.129
971.511
969
972.628
976.236
961
967.664
969.575
953
959.176
914
931.167
1000
988.406
983.434
1031
1019.54
1031
1024.76
1018.07
1013.6
1008.51
1003.02
999.281
1070
1050.8
1047
1041.82
1037.93
1033.99
1029.3
1172
1148
1105.35
1088.14
1081.04
1076.42
1069.79
1061.94
1055.01
1049.21
1044.92
1041.75
1039.46
1038.63
1038.59
1039.45
1039.96
1125
1091.62
1109
1099.54
1091.37
1083.32
1074.95
1068.58
1064.25
1060.47
1133
1117.4
1110.41
1105.96
1101
1102
1125
1118.51
1111.56
1106.31
1104
1086
1085.01
1133
1117
1111.08
1106.74
1104.66
1117
1113.64
1070
1079.76
1083.13
1085.92
1084.29
1081.04
1082.52
1084.44
1023
1043.75
1044.96
1047.98
1048.42
1052.73
1016
1028.36
1029.81
1031.55
1016
1022
1025.09
1000
1007.53
1009.9
984
993.452
996.655
1000
1002.59
1006.55
1010.12
1013.31
1016.23
1019.28
1022.23
1078
1066.21
1059.53
1056.26
1050.37
1055
1048.84
1043.77
1040.9
1036.95
1070
1059.99
1054.33
1050.72
1050.49
1024
1028.24
1027.07
1025.34
1024.04
1039
1038.13
1038.4
1037.74
1070
1065.45
1059.64
1047
1047.35
1039
1038.02
1015
1020.11
1021.05
984
1000.32
961
985
982.295
984.904
988.694
1086
1069.72
1039
1044.64
1045.61
1042.06
1038.76
1101
1090.54
1082
1078.95
1074.57
1068.15
1063.26
1058.99
1054.7
1051.12
1062
1057.16
1094
1070
1069.93
1078
1071.18
1067.19
1063.73
1060.12
1056.57
1055
1054.04
1063
1101
1055
1057.3
1078
1047
1056.35
1058.85
1058.74
1057.99
1156
1088.01
1125
1107.15
1125
1107.29
1103.37
1102.66
1097.92
1071
1078.58
1077.37
1047
1055.58
1057.98
1055.66
1058.14
1061.65
1133
1062
977
995.091
1000.6
953
1016
1014.17
1018.74
1027.01
1030.86
1032.39
1055
1031
1040.66
1043.42
1040.19
1016
1023
1024.76
1023.2
1023.34
1062
1052.34
1048.62
1048.75
1048.63
1045.93
1043.48
1133
1088.02
1180
1132.77
1148
1136.84
1128.03
1141
1125
1123.17
1120.69
1180
1158.47
1149.35
1172
1167.43
1187
1180.53
1172
1195
1188.37
1183.68
1183.65
1094
1039
1050.07
1051.29
1055.62
1063.1
1072.47
1078.3
1133
1156
1164
1162.54
1160.69
1078
1094.02
1039
1038.48
1141
1133
1132.41
1133.96
1133.48
1123.81
1115.62
1108.41
1055
1039
1038.21
1037.99
1040.51
1044.35
1047.07
1048.53
1049.12
1070
1072.11
1074.17
1117
1126.01
1078
1079.71
1082.2
1078.07
1072.71
1069.09
1068.12
1068.57
1069.87
1071.18
1072.91
1074.78
1117
1112.21
1105.54
1109
1107.08
1101.7
1094
1090.47
1086.86
1083.39
1080.62
1133
1148
1132.32
1124.92
1117
1109.71
1133
1132.94
1149
1172
1162.78
1172
1167
1161.01
1155.06
1149.15
1143.5
1125
1156
1152
1086
1112.35
1111.69
1219
1182.78
1169.85
1211
1197.48
1185
1148
1133
1109
1111.06
1180
1173.86
1164.69
1162.69
1159.19
1086
1102
1164
1166.03
1150.31
1142.05
1164
1141
1128.09
1148
1154.31
1110
1117
1131.12
1086
1063
1067.17
1072.23
1073.65
1074.22
1141
1156.49
1136.53
1137.71
1133
1122.39
1133
1138.6
1124.83
1118.16
1122.75
1119.54
1113.54
1115.76
1117.92
1113.92
1110.25
1112.38
1110.59
1107.02
1105.45
1242
1158.09
1148.57
1145.02
1141.02
1136.2
1133.02
1130.26
1128.44
1195
1156.08
1187
1170.54
1164.73
1161.79
1157.73
1154.85
1188
1195
1180.97
1176.24
1176.24
1211
1198.9
1190.54
1219
1203
1199.97
1156
1125
1125
1125
1127.82
1131.19
1134.6
1137.73
1140.16
1156
1160.55
992
899
966.78
1004.46
930
977.335
1007.42
1014.15
1018.66
1071
1101
1100.47
1101.11
1106.68
1108.64
1107.54
1106.68
1106.61
1024
1023
1025.17
1039
1038.86
1039
1031
1032.72
1070
1070
1063.6
1060.18
1060.03
1055.69
1050.39
1046.22
1086
1080.37
1031
1037.12
1040.5
1125
1109.51
1095.1
1087.26
1085.16
1082.54
1073.03
1063.59
1058.08
1054.78
1052.68
1049.6
1070
1055
1053.24
1008
1023.33
1025.02
1078
1074.54
1047
1046.58
1070
1075.6
1066.24
1057.49
1058.61
1060.51
1133
1109
1097.3
1109
1102
1094.17
1085.29
1094
1091.87
1083.3
1076.38
1076.89
1077.81
1149
1124.67
1187
1161.65
1195
1179.5
1169.4
1165.71
1159.32
1154.05
1149.46
1147.16
1172
1165.03
1160.65
1172
1168.63
1168.8
1172
1169.35
1169.32
1169.23
1179
1174.24
1173.18
1174.31
1172.52
1172
1170.11
1164
1165.58
1163.91
1163.98
1156
1141
1147.37
1156
1157.55
1125
1138.38
1138.59
1137.52
1139.89
1142.01
1142.67
1063
1023
1074.68
1082.43
1090.95
1099.89
1108.5
1172
1156
1155.38
1158.01
1153.04
1145.06
1142.07
1071
1084.83
1086.84
1088.17
1094.16
1102.41
1104.35
1103.97
1078
1084.36
1084.37
1080.49
1080.5
1081.5
1081.95
1082.19
1082.74
1082.66
1084.17
1085.38
1086.71
1088.18
1140
1138.24
1133.49
1149
1146.87
1164
1195
1180
1170.04
1165.53
1165.52
1166.59
1156
1164
1162.9
1133
1125
1125
1125.24
1125
1125.25
1126.01
1125
1126.21
1126.27
1126.09
1126.03
1133
1125
1148
1148.77
1149.67
1149.23
1149.58
1149.05
1148.97
1148.83
1070
1155.85
1138.72
1135.41
1055
1140.29
1126.09
1121.97
1086
1111.85
1110.75
1047
1070
1073.91
1071.13
1070.05
1072.23
1023
1008
1013.22
1015.81
1016.12
1047
1063
1065.2
1067.11
1062
1069.22
1069.49
1067.05
1067.23
1068.35
1066.88
1066.03
1064.84
1066.23
1065.58
1065.56
1065.15
1064.9
1064.76
1063.2
1157
1114.48
1104.32
1099.16
1095.96
1094.46
1187
1122.5
1180
1135.91
1129.75
1180
1148.51
1140.09
1140.29
1139.6
1137.3
1134.63
1055
1070
1078
1074.07
1102
1133
1128.03
1126.98
1127.26
1047
1016
1017.03
1014.37
945
945
969
1047
1065.28
1078.52
1091.52
1109
1108.46
1107.24
1108.18
1103.16
1095.94
1090.5
1085.33
1055
1086
1070
1066.75
1070
1067.05
1064.74
1062.7
1060.51
1058.3
1056.25
1054.45
1052.84
1051.49
1050.02
1049.64
961
992
991.108
987.37
991.48
996.118
977
984
987.094
987.509
990.022
992.176
994.463
996.829
998.882
977
990.653
989.203
990.845
992.772
994.636
996.999
999.441
1001.99
1004.31
1006.64
1008.49
1009.79
1010.96
1011.79
1011.29
1011.11
1010.94
1010.64
1010.92
985
992
1000
1000
999.718
1000.68
1016
1012.39
1011.21
1031
1008
1000
992
1031
1014.81
1012.87
1000
1002.53
1000
997.956
999.296
1000.41
999.902
998.931
1000.07
1000.63
1000
999.592
1000.11
999.506
999.159
999.195
999.156
961
1020.61
1002.4
1000.52
945
1036.89
969
961
969
970.514
992
983.599
982.851
984
977
983.529
984.592
983.361
984.061
984.975
986.09
1031
1039
1025.56
1019.3
1014.53
1008
992
990.531
1024
1014.7
1009.92
1004.97
1001.57
1002.12
1000.84
997.836
1047
1038.53
1016
1000
1078
1063
1047.68
1036.79
1125
1099.76
1024
1039
1046.32
1038.49
1047
1043.38
1042.01
1039.1
1034.29
1039
1035.46
1030.18
1027.69
1016
1016
1016.02
1063
1050.7
1041.25
1078
1070.53
1058.75
1052.2
1052.79
1051.64
1047.36
1043.76
1044.4
1044.12
1125
1094.73
1083.62
1081.16
1078.31
1072.54
1125
1140
1110
1102.24
1141
1156
1141.54
1129.6
1156
1155.62
1145.86
1136.48
1164
1195
1176
1158.69
1159.36
1166.23
1162.73
1110
1115.41
1110
1112.6
1107.71
1105.43
1164
1171.4
1153.98
1144.61
1152.24
1158.66
1164
1146.97
1143.05
1151.96
1156.66
1147.62
1137.55
1125
1131.06
1135.54
1133.06
1125.81
1127.7
1134.18
1138.62
1078
1094.23
1101.04
1117
1117
1108.21
1113.3
1123.35
1128.39
1120.94
1125
1129.46
1133.91
1127.06
1121
1126.37
1132.81
1039
1016
1058.06
1072.11
1070.24
1039
1055.72
1102
1100.7
1087.66
1086.47
1099.02
1103.11
1092.32
1083.58
1086
1090.71
1084.99
1075.41
1078.3
1083.54
1082.64
1074.31
1070.94
1076.97
1062
1094
1090.35
1084.54
1080.21
1082.75
1125
1112.8
1099.86
1102
1103.33
1101
1092.05
1071
1076.03
1079.69
1083.84
1094
1078
1080.44
1087.56
1090.73
1078
1076.37
1080.36
1039
1050.87
1053.28
1055.3
1054.79
1086
1096.94
1078
1078
1085.34
1039
1052.68
1056.25
1054.13
1031
1042.54
1046.53
1041.91
1043.62
1050.98
1049.4
1063
1109
1099.25
1088.07
1089.62
1083.41
1072.75
1068.29
1094
1088.12
1109
1099.9
1148
1136.12
1117
1117.63
1114.98
1106.46
1102.58
1099.48
1096.13
1055
1065.52
1094
1086
1087.11
1156
1156
1140.61
1140.63
1125
1115.62
1117
1055
1069.72
1071.46
899
937
1133
1113.85
1107.21
1117.82
1031
992
999.406
999.139
999.09
1008.98
1019.37
1018.1
1018.5
1021.52
992
997.911
998.215
997.723
998.534
1000.07
1031
1047
1040.7
1078
1071.41
1061.92
1039
1031.97
1026.21
1022.95
1023.77
1094
1086.66
1076.4
1069.96
1061.22
1051.57
1024
1020.98
1018.45
1018.19
1020
1022.78
1025.08
1026.66
1027.37
1047
1039
1039
1102
1140
1117.21
1094
1148
1148.26
1133
1119.16
1117.78
1115.49
1106.99
1099.7
1100.54
1195
1141
1130.22
1130.47
1130.57
1117
1111.9
1112.06
1172
1156
1125
1164
1172
1160.57
1146.52
1144.71
1147.65
1141.4
1131.02
1164
1159.83
1172
1154.73
1153.18
1157.4
1154.79
1156
1125
1131.95
1136.09
1138.6
1157
1164
1156.56
1164
1162.38
1154.3
1172
1172
1187
1157
1161.08
1102
1120.05
1121.95
1133
1134.48
1137.31
1149
1125
1134.48
1136.16
1047
1078.04
1172
1156.01
1148.85
1154.45
1147.27
1109
1122.98
1126.43
1120.52
1118.13
1125.65
1123.65
1140
1134.91
1127.6
1093
1106.92
1110.59
1105.31
1133
1125
1164
1141
1148
1156
1143.73
1138.34
1156
1148.14
1144.07
1156
1151.06
1146.77
1148.33
1145.75
1016
1102.13
1093.97
1090.97
1095
1008
1164
1132.1
1124.63
1125.26
1141
1133.45
1093
1114.44
1078
1085.77
1088.88
1087.72
1087.87
1090.17
1023
1062.76
1061.16
1057.22
1039
1054.17
1055.35
1054.84
1055.03
1058.08
1058.91
1060.91
1008
1036.18
1055
1047.19
1049.34
1052.15
1055.04
1056.9
1187
1128.83
1125
1119.57
1111.96
1107.45
1104.03
1099.57
1095.08
1172
1187
1156.67
1195
1187.2
1177.9
1203
1203
1211
1202.81
1199.01
1198.9
1195.2
1219
1195
1194.84
1196.14
1192.75
1190.05
1211
1205.67
1204.78
1172
1181.5
1211
1172
1177.11
1177.52
1187
1182.59
1182.87
1195
1195
1192.71
1156
1167.39
1171.32
1171.04
1211
1203.81
1164
1173.62
1178.57
1180.42
1175.47
1175.05
1182.19
1185.85
1125
1102
1109
1113.49
1116.98
1047
1067.37
1071.27
1076.94
1039
1053.81
1039
1044.86
1039
1031
1000
1011.21
1011.95
1015.59
1047
1053.7
1063.17
1078
1125
1129.17
1127.98
1055
1070
1074.26
1078.12
1071.97
1065.79
1069.58
1023
1028.72
1030.53
1034.31
1037.1
1063
1068.46
1066.42
1061.03
1070
1055
1050.64
1047.63
1044.62
1041.95
1041.73
1086
1085.58
1079.27
1074.12
1078
1074.86
1070
1064.4
1078
1074.83
1069.84
1066.55
930
1006.38
1110
1086.46
1172
1145.04
1141
1136.39
1128.8
1094
1097.31
1090.63
1125
1112.76
1107.29
1101
1096.27
1091.25
1087.09
1078
1077.14
1075.12
1073.64
1073.13
1055
1055
1055.91
1133
1115.52
1112.66
1106.26
1156
1153.36
1125
1086
1087.41
1078
1078.98
1070
1071.13
1141
1117
1148
1142.31
1134.59
1086
1078
1078.39
1078.57
1078.84
1079.03
1148
1146.83
1134.65
1127.6
1121.3
1112.45
1103.8
1097.08
1092.33
1089.48
1088.05
1133
1135.44
1128.31
1121.13
1114.37
1104.93
1094
1090.91
1055
1062
1063
1066.69
1063
1065.72
1067.02
1067.43
1094
1100.54
1125
1130.57
1130.6
1126.95
1121.71
1039
1053.93
1055.38
1133
1133.4
1133
1130.57
1120.83
1164
1160.37
1147.88
1140.68
1134.6
1172
1168.49
1154.11
1142.99
1142.3
1156
1150.71
1172
1162.54
1154.48
1151.35
1152.95
1187
1133
1156
1141
1125
1127.72
1086
1070
1071.1
1073.05
1076.31
1079.94
1083.9
1088.4
1092.3
1095.8
1099.47
1102.8
1106.18
1109.37
1112.26
1114.79
1116.82
1118.76
1120.45
1122.25
1123.78
1125.09
1126.07
1164
1158.67
1153.29
1148.67
1146.01
1144.6
1142.32
1125
1123.48
1120.97
1117.72
1115.75
1164
1164
1155.65
1133
1127.44
1126.41
1125.26
1124.02
1122.74
1122.23
1121.93
1121.19
1120.81
1120.9
1164
1162.17
1155.2
1149.21
1144.84
1139.81
1133.29
1127.47
1124.79
1123
1123.08
1123.53
1125
1156
1159.67
1156.32
1150.66
1094
1118.19
1116.72
1120.39
1086
1095.77
1097.4
1100.52
1039
1056.54
1039
1041.5
1125
1123.33
1120.7
1123.11
961
992.174
1149
1234
1201.09
1148
1156
1094
1087.93
1086.36
1079.92
1055
1054.68
1056.37
1055.88
1053.25
1052.57
1052.17
1051.51
1086
1164
1148.69
1063
1058.12
1058.46
1059.31
1059.54
1211
1163.95
1133.44
1125
1118.96
1112.51
1106.96
1101
1095.64
1092.5
1089.68
1087.05
1084.79
1083.4
1055
1055
1055.03
1055.61
1057.27
1058.86
1148
1126.66
1116.96
1110.53
1103.37
1097.85
1093.51
1089.37
1085.82
1195
1162.63
1149.5
1143.78
1136.15
1128
1031
1053.33
1057.05
1055
1078
1089.29
1008
1029.28
1031.01
1031.83
1034.45
1039.74
1040.51
1041.24
1086
1070
1071.94
1055
1058.35
1058.3
1056.77
1057.2
1086
1094
1093.43
1091.45
1092.09
1086
1085.9
1082.74
1079.29
1076.36
1073.42
1071.85
1125
1111.13
1133
1149
1140
1134.03
1156
1150.36
1086
1095.41
1156
1142.95
1131.29
1125.98
1148
1144.21
1141
1129.82
1180
1172
1153.98
1147.44
1153.44
1152.16
1139.36
1134.27
1138.42
1172
1195
1164.11
1156.3
1161.42
1156
1144.23
1137.78
1141.72
1145.86
1024
1078.87
1079.05
1179
1155.95
1145.6
1145.24
1055
1086.77
1000
1016
1015.64
1070
1080.15
1086.75
1091.05
1095.45
1055
1070
1109
1055
1066.15
1062
1061.16
1061.34
1063.4
1064.21
1064.21
1070
1068.51
1086
1080.89
1081.38
1141
1121.29
1111.82
1093
1093.59
1090.87
1086.59
1082.86
1080.65
1102
1094.83
1091.69
1090.66
1092.31
1091.46
1089.57
1087.8
1086
1156
1122.3
1112.62
1133
1125
1118.02
1114.94
1113.06
1110.42
1106.52
1023
1090
1081.31
1079.06
1141
1117
1117
1117.11
1116.22
1062
1081.86
1082.5
1078.52
1079.36
1094
1091.14
1086.95
1090.64
1078
1082.02
1047
1063.85
1039
1044.96
1046.33
1045.23
1047.75
1048.77
1078
1078
1079.03
1081.33
1109
1104.74
1103.85
1103.48
1086
1117
1133
1122.5
1117.04
1125
1123.3
1119.58
1156
1141
1135.81
1134.39
1134.06
1131.58
1128.84
1125.82
1123.67
1117
1164
1149.18
1143.8
1141.38
1140.72
1055
1110.79
1103.78
1102.48
1101
1105.84
1105.8
1106.69
984
969
961
961.207
1055
1083.86
1100.86
1106.06
1108.83
1108.9
1031
1047.09
1048.11
1045.55
1051.79
1060.24
1109
1107.58
1101.82
1101.84
1097.01
1088.77
1047
1048.23
1047.48
1044.58
1211
1133
1101
1071
1063.89
1058.39
1053.46
1086
1078
1072.65
1086
1083.02
1075.6
1071.02
1068.08
1065.93
1063.89
1039
1044.81
985
1025.98
1021.14
1021.85
1133
1098.95
1093.53
1091.65
1085.4
1079.11
1077.21
1075.07
1000
1028.39
1026.01
945
922
914
914.024
916.301
920.68
924.287
1117
1088.99
1084.44
1047
1046.69
1043.63
1036.57
1125
1117
1102.88
1096.07
1093.8
1089.74
1083.98
1079.08
1075.46
1071.92
1068.29
1065.09
1062.74
1060.21
1058.6
1057.19
1056.49
1055.58
1156
1126.47
1156
1143.12
1047
1046.96
1045.81
1047.52
1050.53
1052.72
984
1013.99
781
893.275
766
830.441
830.503
831.387
836.18
840.5
773
758
765.691
773
772.597
774.068
776.892
779.621
782.182
784.819
788.751
792.055
795.472
859
844
844
828
836.314
839.685
840.212
839.175
838.825
837.622
838.418
835.618
832.89
899
882.52
870.85
862.476
922
914
898.412
961
945.635
961
961
950.815
948.461
976
966.598
961
957.779
1016
1000
988.808
984.427
985.742
985.837
982.178
978.911
977.393
975.751
973.249
969.996
968.612
1016
1000.91
993.825
990.547
988.241
1039
1039
1031
1017.08
992
991.458
993.918
992
988.239
1000
995.85
996.452
995.789
961
981.956
980.496
982.403
980.947
979.223
979.517
982.495
982.761
981.267
980.957
981.251
981.748
1015
1047
1040.87
1033.52
1039
1037.84
1035.47
1023
1019.82
1016.46
1013.08
1010.3
1007.93
1006.92
1006.61
1006.37
1006.28
969
990.164
986.736
989.54
991.562
992.518
1047
1063
1054.87
1047
1043.02
1036.16
1063
1058.16
1101
1093.87
1084.3
907
890
883
885.988
892.973
900.149
1156
1119.26
1101.28
1187
1170.78
1137.43
1122.97
1078
1065.87
1031
992
1000
1001.68
1001.55
1002.32
1004.85
1005.83
1086
1083.17
1047
1041.66
1043.28
1040.04
1034.99
1029.97
1026.98
1025.51
1023.97
1022.71
1023.33
1078
1084.77
1084.25
1164
1159.25
1146.33
1134.02
1124.92
1039
1055
1051.68
1048.88
1049.58
1039
1040.88
1055
1093
1071
1015
1020.81
1022.45
1026.71
1029.5
1031.26
1034.07
1125
1115.18
1096.21
1094
1091.01
1055
1054.26
1031
969
970.53
970.393
973.243
1000
1015.13
1027.14
1035.66
1039.57
1040.67
1039
1034.91
1110
1095.01
1080.96
992
1001.03
945
961
960.348
964.085
1117
1105.47
1140
1125.9
1110.26
1096.51
1081.91
1063
1070
1062.71
1054.7
1048.91
945
973.208
973.505
979.569
987.626
994.809
999.243
1000.27
1000.7
1001.36
1172
1116.14
1093.84
1084.51
1109
1098.74
1117
1063
1068.18
1071.89
1070.64
1066.62
1125
1125
1111.97
1141
1164
1147.36
1140.41
1117
1063
1067.34
1066.38
1064.65
1065.02
1067.11
1068.36
1068.19
1067.74
1068.04
1069.06
1069.98
1070.99
1072.11
1073.41
961
1028.62
1022.96
1021.87
1025.31
1027.72
1086
1076.87
1055
1078
1076.81
1078
1074.98
1076.78
1117
1086
1087.37
1089.53
1086.37
1109
1100.13
1098.05
1098.43
1097.16
1095.86
1094.42
1092.9
1091.05
1090.12
1141
1125
1118.12
1114.8
1113.2
1110.64
1107.67
1104.44
1000
1000
1000
1000.24
1005.52
1011.21
1015.45
1086
1094
1096.45
1097.56
1099.31
1070
1072.05
1069.05
1055
1039
1040.01
1040
1040.85
1043.32
1102
1107.55
1102.66
1095.79
1089.27
1082.38
1076.39
1117
1112.84
1102.53
1095.11
1089.5
1031
1036.66
1036.85
1038.1
1041.2
1078
1093.28
1078
1079.18
1081.25
1075.17
1068.95
1064.28
1061.1
1058.03
1055.6
1055.03
1055.46
1056.84
1058.39
1060.15
1061.97
1094
1096.35
1093.06
1047
1053.38
1054.48
1055.99
1054.97
1053.8
1053.23
1053.62
1052.73
1055
1054.16
1015
1031.17
1031
1032.34
1033.53
1125
1102.27
1093.26
1172
1147.01
1101
1101.84
1070
1064.31
1063.43
1062.02
1059.02
1061.25
1117
1078
1076.36
1080.04
891
985.319
859
852
852.409
853.591
858.866
930
936.249
947.395
954.041
959.068
962.713
965.884
1148
1109.73
1103.54
1102.28
1101.01
1099.83
1098.57
1097.04
1117
1114.97
1113.7
1078
1081.51
1084.66
1070
1069.79
1069.71
1069.45
1069.14
1039
1042.51
1043.58
1041.22
1039.57
1039.68
1040.48
1040.57
938
953
945
946.954
1047
1023
1032.41
1038.87
1038.55
1039.85
1041.49
1042.6
1042.84
1042.96
1110
1097.49
1078
1077.64
1164
1140.48
1123.64
1116.15
1113.55
1109.78
1141
1125
1118.95
1118.65
1117.91
992
1046.52
1042.94
906
978.915
978.433
1117
1091.21
1085.22
1089.56
1088.61
1082.31
1133
1121.47
1117
1115.25
1109
1106.1
1104.41
1102.84
1000
1057.31
1051.33
1070
1065.81
1069.03
1072.44
1072.45
1072.74
1133
1109.1
1100.38
1133
1118.62
1111.4
1111.64
1111.49
1108.18
1125
1116.51
1115.46
1031
1061.78
1061.19
1057.81
1061.58
1064.99
1065.26
1067.24
1164
1156
1139.62
1135.89
1130.63
1121.23
1113.2
891
974.168
945
945.077
947.513
956.323
1172
1164
1149.36
1164
1172
1156.43
1148.14
1164
1153.84
1102
1103.25
1103.25
945
973.059
1078
1086
1081.01
1164
1156.52
1172
1164.32
1151.88
1140.6
1132.14
1094
1088.71
1082.36
1073.35
945
982.736
1039
1094
1094.87
1106.05
1105.68
1096.26
1095.12
1088.61
1078.35
1072.05
1067
930
945
1047
1060.76
1066.74
1070.32
1071.31
1068.73
1064.19
1058.67
1125
1086
1086
1081.65
1078
1070.5
977
995.832
995.842
994.763
1002.39
1156
1128.1
1117.59
1140
1122.9
1164
1153.46
1137.26
1117
1109.16
1039
1043.66
1043.77
1040.45
1055
1063.97
1063.24
1062.96
1063.57
1094
1089.69
1084.89
1081.4
1078.52
1016
1027.5
1024.83
1024.56
1027.73
1030.38
1033.88
1036.7
875
989.848
852
898
899.656
897.575
900.422
1219
1116.68
1095.07
1093.74
1089.56
1084.85
1079.5
1125
1107.14
1133
1122.22
1109
1102
1102.28
1101.01
1097.7
1096.43
1095.83
1095.84
1133
1123.36
1141
1138.82
1132.53
1132.32
1129.77
1126.19
883
970.172
1021.38
1020.96
1025.26
1043.01
1086
1082.79
1085.37
1090.97
1092.05
1117
1110.88
1109.84
1110.89
1110.77
891
969.801
1005.47
1000.71
1211
1184.6
1166.15
1165.96
1195
1169.05
1158.82
1162.89
1156.73
1151.74
1144.17
1179
1165.75
1158.72
1154.86
1151.39
1147.82
1070
1091
1047
1047
1070
1068.8
1072.88
1077.26
1079.98
1031
1047.29
1046.02
1044.18
1047.62
1156
1151.43
1117
1126.22
1117
1104.93
1103.23
1102.47
1096.42
1092.52
1093.12
1102
1097.35
1117
1112.3
1104.53
1098.63
1092.3
1086.93
1083.94
1081.98
1141
1123.14
969
914
970.874
993.697
1007.17
1125
1203
1234
1203
1188.15
1176.07
1159.05
1144.63
1133.71
1123.9
1114.65
1141
1141.56
1117
1113.4
1055
1047
1047.42
1048.56
1086
1093.33
1094.76
1086
1008
953
954.606
954.937
922
927.253
930.269
933.705
937.017
940.582
944.213
947.588
1125
1127.42
1118.65
1113.17
1112.03
1086
1086
1084.73
1054
1048.33
1047.22
1043.56
1039.52
891
935.951
941.125
953.559
1094
1109
1078
1071.5
1063.42
1055
1041.17
1030.52
1022.13
1014.38
1009.21
1156
1125
1118.17
1078
1078
1069.32
1057.45
1049.48
1043.1
1038.76
1125
1101.08
1055
1050.48
1050.89
961
985.529
986.135
1078
1080.52
1074.2
1055
1053.09
1117
1125
1086
1074.93
1075.85
1109
1104.41
1133
1125
1094
1088.63
1078
1000
1005.73
961
945
922
922.495
923.602
1172
1145.83
1129.15
1122.03
1113.11
1099.88
1089.74
1082.4
1076.08
1086
1082.93
1080.77
1080.32
1078.15
1074.47
1071.08
1068.18
1055
1054.45
1053.35
1051.29
1050.05
1049.46
1049.19
1048.84
1048.54
1047.62
1047.32
1046.92
1039
1047
1046.48
1050.85
1054.17
1059.46
1064.17
1047
1052.68
945
1106.44
969
1000
1000
1000.79
945
981.211
978.685
975.473
1180
1164
1115.02
1102.62
1125
1119.33
1109.7
1102
1097.57
1086
1083.34
1079.34
1075.36
1039
1047.83
1047.97
1044.69
1042.96
1043.39
1044.34
1000
1017.54
1017.06
1008
1011.53
985
993.922
993.099
992.78
994.712
997.06
1000.18
1148
1141
1123.36
1116.63
1110.2
1101.52
1093.3
961
914
915.737
915.372
945
1039
1071.9
1071.39
1067.03
1156
1150.53
1123.42
1047
1044.18
1070
1071.84
977
975.734
993.265
1019.58
1015.34
999.285
1001.88
1019.71
1028.68
1018.62
1005.67
1172
1141.43
1079.96
1060.1
1133
1078
1042.27
1036.51
1070
1073.63
1109
1081.29
1071.01
1074.22
1074.14
1058.53
1045.68
1047.45
1049.86
1046.67
1117
1149
1156
1124.08
1110.65
1103.61
1092.32
1080.71
1141
1136.33
1123.51
1113.83
992
1020.4
1032.54
1042.07
1133
1140.29
1133
1094
1090.27
1086
1076.75
1069.07
1063.47
1070
1047
1039
1039.54
1102
1107.51
1102.82
1125
1121.22
1110.85
1100.69
1091.54
1084.82
1080.26
1008
1022.71
1022.55
1026.29
1030.53
1034.93
1040.51
1070
1078
1081.96
1081.53
1079.47
1074.77
1068.19
1117
1156
1139.14
1124.62
1113.14
1105.48
1099.84
1094.94
1091.02
1063
1164
1242
1242
1227
1211
1195.08
1102
1094.8
1095.26
1039
1048.44
1051.8
1109
1127.6
1129.85
1125.01
1121.42
1116.93
1110.04
1008
1016.78
1016.53
1017.83
1020.43
1023.5
1027.45
1029.46
1125
1129.16
1120.77
1119.53
1121.76
1120.63
1114.36
1108.06
1102.91
1054
1055.2
992
996.584
995.542
997.588
1000
1005.35
1009.65
1013.02
1016.2
1156
1145.68
1131.27
1119.85
1055
1031
1024.77
1133
1125
1116.4
1106.15
1157
1161.53
1149.28
1117
1108.96
1109.86
1105.55
1008
1047
1052.34
1070
1061.63
1053.91
1059.82
1066.48
1061.92
1053.1
1051.84
1101
1106.35
1091.26
914
906
923
1000
1110
1100.61
1088.23
1091.78
1117
1117
1097.62
1085.82
1087.27
1094
1084.99
1094
1125
1119.27
1105.04
1095.89
1093.01
984
995.322
997.384
1000
1062
1071.06
1069.21
1066.19
1061.83
1086
1080.01
1071.77
1071.78
1078
1077.08
1075.13
1074.39
922
999.579
996.448
1164
1128.87
1117.92
1116.89
1109.56
1098.77
1090.58
1125
1110.23
1148
1132.3
1125.14
1123.07
1118.96
1114.84
1110.62
1107.3
1104.5
1102.88
1102.34
1101.98
1024
1079.51
1070.98
1065.52
1066.91
1068.1
1069.08
1117
1106.19
1107.14
1172
1180
1166.81
1164.78
1015
1066.82
1069.64
1024
1047.25
1054.14
1000
1016
1024.15
1039
1038.13
1048.04
1052.03
1051.78
1053.95
1110
1097.68
1125
1115.25
1109
1108.78
1086
1086.81
1086.4
914
997.934
995.715
992.567
1005
1012.73
1012.81
1019.61
1021.74
1022.81
1125
1109
1097.98
1096.35
1093.71
1090.06
1085.83
1082.3
1079.36
1077.11
1076.27
1076.17
1076.2
1076.54
1039
1052.66
1049.4
1047.12
1046.92
1047.25
1048.08
1164
1097.53
1156
1124.21
1115.83
1111.63
1105.39
1117
1111.26
1109.38
1108.96
1031
1061.8
1058
1110
1098.39
1097.59
1097.98
1094.39
1090
1086.79
1084.2
1081.86
1079.84
914
984.83
982.461
1031
1029.88
1041.03
1049.33
1052.12
1055
1058.26
1059.85
1016
1035.15
1034.25
1030.21
1030.59
1031.87
1032.91
1034.07
1035.11
945
1002.18
997.17
994.209
999.238
1001.57
1003.51
1005.38
1007.74
1009.77
1125
1055
1052.56
1053.41
1052.29
1050.06
1049.62
1086
1055
1056.1
1062
1057.48
1016
1031.39
1029.76
1024.97
1024.38
1063
1049.99
1047.6
1047.76
1047.96
1045.15
1063
1070
1061.66
1031
1040.12
1041.92
1037.8
1000
969
974.41
976.893
977.744
980.745
986.661
1000
1004.33
1007.48
1011.58
1015.48
1017.76
1017.55
1016.77
1015.91
1015.75
1015.8
984
969
1000
1031
1030.46
1024.7
1022.03
1016.74
1007.86
1125
1085.94
1067.06
1057.68
977
982.29
983.49
986.433
990.009
992.668
992
994.188
995.539
995.201
993.565
992.317
991.112
1070
1094
1066.04
1051
1038.54
1027.05
1016.66
1010.12
1006.92
1005.06
1004.26
1004.38
1005.51
1007.03
1008.24
1008.44
1008.38
1006.08
1179
1060.75
1053.56
1049.05
1043.61
1055
1049.67
1043.97
1040.96
1038.12
1035.11
1034.23
1034.43
953
922
946.317
958.12
969.338
979.18
1172
1172
1110.67
1156
1140.8
1111.02
1099.28
1089.35
1063
1050.78
1048.1
1044.07
922
952.784
964.342
973.046
975.589
1219
1173.51
1195
1149
1126.64
1113.48
1094.83
1117
1078
1071.73
961
978.593
986.755
996.744
1010.38
1020.67
1025.94
1026.8
1164
1195
1152.99
1102
1100.85
1098.27
945
971.123
975.72
980.101
1016
1026.82
1037.09
1110
1112.8
1164
1110
1156
1148.54
1119.2
1109.32
1109
1055
1054.24
1070
1064.66
1078
1164
1086
992
1011.1
914
930
933.697
936.206
941.917
947.497
952.015
1164
1125.14
1047
1078
1081.64
1070.3
1069.03
1071.32
1070.37
1067.9
1066.21
1064.95
1063.68
1062.16
1059.25
1058.14
1102
1091.22
1083.79
1082.8
1008
1008
1008.57
1031
1028.21
1028.84
1030.94
1032.46
1031.26
1032.3
1033.58
1035
1035.52
1000
1011.68
1000
1001.97
1003.07
1004.68
1006.62
1008.6
1164
1097.53
1094
1087.98
1079.14
1072.32
1039
1037.13
1034.22
976
995.244
994.94
997.376
953
968.541
970.298
971.436
974.458
977.393
979.744
1156
1088.64
1133
1125
1106.26
1098.38
1089.96
1080.31
984
930
931.327
930.957
1078
1047
1078
1080.46
1066.42
1057.33
1051.09
1041.33
1033.24
1027.38
1133
1113.52
1097.85
1090.93
1085.34
1076.51
1068.05
1039
1038.94
1037.38
1110
1104.54
1070
1062.21
1062.9
1060.16
1055.2
1050.67
1047.61
1047.78
1048.06
1046.97
1180
1164
1133
1120.34
1125
1112.92
1099.02
1091.38
1086.02
1079.97
1039
1117
1110.03
1109
1102.26
1097.53
1092.09
914
995.637
977
977.14
978.757
984.32
986.81
988.125
1156
1121.91
1112.46
1054
1060.55
1063.19
1058.88
1125
1116.65
1110.77
1107.24
1105.41
1101.33
1096.4
1092.59
1089.67
1088.68
1087.86
1087.25
977
969
975.07
976.989
906
929.107
945
1039
1041.08
1042.54
1048.37
1051.78
1052.37
1053.08
1117
1111.36
1086
1085.96
961
979.897
981.918
987.621
1125
1156
1133
1164
1156
1094
1092.73
1088.15
1070
1058.58
1055.11
953
971.39
972.69
1141
1140
1126.83
1121.4
1104.51
1087.97
1075.04
1062.56
1052.5
1117
1203
1180.14
1117
1172
1166.64
1151.29
1148
1125
1119.6
1101
1094.19
1070
1066.91
976
994.905
998.007
984
989.326
991.7
1156
1148.91
1164
1158.03
1000
1014.2
953
930
929.586
930.829
933.841
937.585
941.34
944.518
947.157
949.306
1125
1126.02
1113.58
1094.34
1082.15
1117
1115.74
1101.89
1085.96
1078.53
961
969
970.209
1086
1092.62
1082.38
1094
1095.58
1090.67
1079.6
1068.44
914
920.271
923.695
928.261
932.039
934.609
939.981
942.508
1125
1118.82
1047
1047.99
1052.41
1042.37
1030.13
1023.54
1022.42
1018.68
1013.83
1094
1083.3
1125
1110.78
1101.38
1096.75
1091.39
1086.01
1081.26
1077.68
1074.97
953
969
971.031
973.632
977.802
1047
1051.14
1164
1148.54
1195
1182.77
1125
1124.33
1116.12
1094
1117
1062
1066.09
945
961
963.08
967.332
975.341
986.229
1086
1089.48
1088.22
1148
1139.76
1127.69
1121.87
1114.19
1094
1125
1078
1078.35
1080.96
1078.57
1077.95
953
1011.82
922
984
1164
1195
1166.36
1195
1133
1125
1114.83
1125
1112.17
1104.12
1099.41
1095
1089.5
1085.5
914
972.866
986.116
930
1000
1006
1008.23
1010.42
1125
1106.59
1094.58
1093.63
1117
1100.17
1102
1102.94
1101.84
1100.58
992
1022.74
1025.43
1021.44
1023.75
1035.09
1035.74
1164
1133.2
1125
1118.98
1107.26
1055
1056.1
1050.59
1042.28
1038.88
1039.82
992
1001.82
1001.7
930
952.413
952.852
1195
1164
1136.19
1164
1148.16
1124.64
1109.93
1096.94
1082.83
1071.98
1064.42
1058.5
1056.15
1056.34
1056.75
1057.15
1195
1154.4
1132.02
1123.2
1114.61
1104.28
1095.33
1087.98
1082.31
1078.47
1075.83
1073.42
938
1024.36
1018.71
1021.76
1026.52
1016
1022.22
1023.37
1133
1117
1108.1
1105.38
984
1009.44
1009.88
1000
1055
1057.33
1061.77
1063.89
992
1010.81
1011.73
1023
1020.84
1031
1031.54
1032.05
1031
1031.1
1029.11
1027.84
1026.58
1026.42
1025.64
1078
1064.42
1056.54
1053.54
922
971.433
945
947.46
948.717
950.745
1156
1133
1107.29
1100.92
1091.08
1094
1082.49
1071.62
1062.99
1039
1033.33
1055
1050.31
1046.89
1000
1006.51
1007.47
1005.99
1101
1084.78
1164
1156
1137.66
1127.65
1118.16
1055
1049.91
1043.15
1047
1048.2
930
982.501
980.773
1062
1062.37
1060.96
1211
1149
1140
1138.28
1122.63
1039
1042.24
1044.66
1036.22
1035.6
1042.04
1043.06
1008
1016.63
1022.07
1141
1148
1116.77
1086
1075.9
1062.5
1048.48
1086
1125
1107.87
1063
1078
1039
1033.9
1033.13
1034.07
922
946.941
950.451
958.588
964.578
970.168
977.577
986.176
992.695
994.347
996.03
1117
1107.46
1091.75
1086.27
961
973.769
975.438
980.314
961
969.118
1086
1083.07
1062.3
1179
1159.41
1195
1165.28
1150.3
1145.63
1109
1100.61
1094
1087.07
1080.64
1076.46
938
989.213
994.195
1001.99
1006.64
1014.12
1125
1148
1132.5
1086
1109
1106.88
1092.06
1082.65
1070
1066.61
953
992.933
961
961.48
962.878
1039
1056.54
1054
1055.45
1057.88
1055
1044.88
1040.66
1037.65
1117
1104.18
1039
1040.39
922
950.682
951.331
958.575
967.303
1156
1131.72
1116.74
1110.79
1095.78
1079.25
1066.01
1125
1113.5
1055
1054.04
1056.58
1050.72
1043.49
1039.32
828
844
879.808
906
911.657
920.112
932.204
936.444
936.924
938
938.393
938.397
938.075
938.116
939.37
969
961
965.546
1032
1062
1060.73
1023
1022.44
1028
1028.05
1026.78
1022.49
1022.52
1054
1053.82
1078
1067.4
1057.57
1055.01
891
923.147
867
873.814
874.41
906
917.635
928.402
937.012
943.877
948.395
951.224
952.874
954.371
956.089
957.356
958.356
959.318
960.42
961.617
962.91
964.307
1047
1016
1010.63
1009.95
1086
1086
1068.55
1058.69
1055.96
1056.4
1000
1078
1070.18
1053.1
1125
1078
1070.23
1039
1042.63
883
952.985
952.158
883
908.253
918.001
913.938
969
971.326
973.571
977.913
982.495
983.855
985.032
986.616
988.493
989.588
990.453
991.347
992.001
1086
1050.16
1109
1141
1122.86
1219
1203
1187.05
1187.67
1188.35
1188.53
1187.91
1187.03
1125
1078
1083.41
1086.93
1008
1021.9
1180
1156
1140.28
1136.08
1109
1105.38
1103.44
1096.48
1091.86
1089.48
1086.91
891
975.529
844
859.914
862.548
866.118
873.662
881.225
886.999
891.467
895.413
898.692
901.16
1187
1141
1164
1146.15
1094
1093.43
1133
1132.53
1133
1131.4
1130.23
1131.61
1133.66
1133.96
1133.07
1141
1055
1060.79
945
953.87
956.928
1094
1093.18
1188
1170.9
1164
1156.72
1144.41
1131.43
1124.49
1133
1129.48
1125.04
1123.73
1120.45
1116.91
1114.52
1112.6
1111.53
992
1067.43
1059.31
1060.84
1065.72
1066.7
1069
1069.2
1069.67
1125
1117
1125
1121.81
1123.01
1126.49
1016
1046.83
1050.69
1048.29
1055.75
1211
1168.54
1203
1192.72
1179.12
1169.53
1158.87
1140
1133.71
1127.28
1164
1151.97
1145.07
1141.67
1135.24
1023
1052.92
1039
1039
1044.85
1052.24
1057.18
1117
1118.25
1118.08
1117.03
1109
1105.82
1102.36
1101.92
1102.57
1103.66
1070
1079.39
1079.04
1079.9
1203
1162.86
1154.91
1149.82
1141.75
1047
1064.98
1064.09
1047
1052.56
1057.8
1058.7
1060.81
1062.91
1064.11
1065.38
1067
1068.54
1234
1166.48
1145.12
1172
1161.32
1148.19
1141.22
1148
1133
1128.35
1149
1156
1150.5
1145.34
1146.17
1146.51
1141
1137.92
1136.89
1136.63
1125
1071
1099.32
1101
1063
1070
1072.49
1070.52
1072.1
1074.75
1077.95
1080.22
1082.53
961
1031
1025.76
1021.23
1026.42
1030.85
1086
1077.6
1079.39
1084.71
1086.36
1086.49
1086.74
1000
1025.71
1028.54
1026.7
1030.8
1036.22
1188
1136.59
1195
1173.1
1157.74
1148
1135.47
1125
1116.53
1055
1064.7
1061.08
1056.97
867
867
896.344
913.92
926.092
940.796
953
958.43
961.947
1086
1148
1120.3
1108.75
1110.2
1110.41
1110
1107.48
1117
1117.6
1116.34
1115.25
1114.93
1114.48
1113.27
1112.08
1133
1131.66
1130.39
1129.46
1129.3
1125.56
1121.19
1180
1163.84
1150.78
961
953
992
1004.16
1013.54
1020.68
1030.48
1187
1180
1152.73
1144.96
1146.01
1139.96
1127.13
1117.03
1112.69
1008
1019.89
1023.44
984
1008
1024.44
1125
1156
1139.36
1128.49
1122.09
1180
1164.49
1139.89
1140
1133
1121.05
1008
953
953.526
955.26
960.911
966.329
973.874
981.593
986.766
990.266
1094
1117
1110.24
1098.68
1097.12
1096.98
1089.48
1077.7
1072.19
1071.77
1071.06
1070.01
1068.94
1068.51
1068.63
1068.61
1068.14
1067.61
1067.07
1066.43
1065.22
1063.12
1109
1099.6
1092.59
1087.43
976
1043.52
1038.41
1164
1131.31
1113.41
1195
1175.07
1153.93
1141
1136.7
1131.04
1123.99
1118.12
930
1011.86
1011.21
1010.35
1012.8
1019.18
953
983.855
987.585
984.834
985.771
989.505
993.048
995.226
1203
1139.9
1117.34
1125
1123.53
1121.69
1125
1121.76
1121.06
1047
1060.45
1061.02
1055.82
976
998.557
1055
1047.37
1039.02
1038.33
1043.44
1042.69
1036.62
1033.11
1033.24
1031.99
1029.79
1024
1024.23
1023.88
1024.34
1025.28
1219
1136.96
1156
1172
1154.03
1141.41
1138.06
1132.51
1124.55
1117.75
1113.59
1039
1051.82
945
1002.03
999.01
1005.8
1011.4
1014.03
1172
1135.49
1128.31
1172
1159.06
1147.81
1143.5
1109
1107.88
1103.46
1098.73
961
1019.41
1021.76
1024.14
1031
1055
1056.24
1056.63
1058.18
1058.86
1156
1121.93
1141
1125.85
1120.8
1116.72
1110.17
1103.64
976
1023.39
1023.58
961
990.847
998.441
996.373
1005.55
1011.13
1012.05
1101
1089.41
1000
1019.12
1023.84
867
852
875
877.972
881.633
898.044
1250
1242
1155.53
1180
1169.18
1121.11
1172
1162.22
1117.96
1099.66
1098.57
1125
1102.27
1093
1092.07
1047
1043.98
961
964.883
973.331
976.805
979.065
981.86
984.348
986.177
986.837
1172
1133
1111.82
1125
1127.53
1055
1057.59
1061.15
1060.03
1055.38
1055.67
1058.55
1058.09
1056.21
1055.75
1056.06
1055.99
1055.57
1055.45
1078
1073.3
1069.59
1068.66
1067.88
1066.39
1064.39
1061.62
1211
1116.23
1103.36
1101.27
1211
1141
1156
1135.87
1133.38
1134.5
1133.22
1129.61
930
1031.17
1028.01
1086
1077.48
1076.05
1080.27
1180
1156
1125
1123.01
1128.77
1125.29
1116.27
1125
1122.49
1118.25
1114.12
1115.51
1114.89
930
992
1052.13
1047.1
1047.71
1062.99
1069.35
1065.45
1117
1112.1
1099.5
1180
1157.77
1132.14
1135.05
1134.74
976
1017.26
1026.8
1016.96
1125
1133
1164
1149.5
1148
1102
1156
1149.68
1126.12
1128.31
1119.84
1055
1072.1
1073.71
1062.56
1072.26
1080.08
961
996.645
1000.54
1070
1069.21
1077.15
1077.92
1075.46
1074.93
1070.99
1067.61
984
930
934.144
933.87
936.697
1211
1164.78
1146.16
1140.85
1123.19
1102.55
1133
1133
1016
945
922
921.408
923.408
925.416
1211
1170.08
1188
1156
1136.22
1121.01
1104.46
1086
1055
1044.15
1038.35
1032.37
1094
1091.08
1141
1172
1165.72
1031
1008
1009.13
985
986.659
1086
1047
1047.12
1049.97
1046.53
1043.7
1040.96
1031
1086
1086.06
1085.03
1164
1154.79
1139.15
1156
1150.06
1135.87
1129.17
1123.37
1116.42
1111.63
1108.12
1106.77
1105.7
1104.78
1133
1126.11
1123.27
1125
1124.07
1055
1093.71
1088.42
1085.91
1089.03
945
922
968.742
1078
1088.35
1156
1156
1148.97
1146.1
1140.41
1110
1107.18
1102.24
930
956.485
981.904
998.599
1156
1172
1172
1148
1137.62
1133
1113.75
1098.91
1133
1127.45
1112.62
1105.61
1099.01
1088.62
1079.44
1073.63
937
997.411
1004.33
1011.73
1022.77
1164
1172
1154.79
1148.12
1149
1130.79
1117.55
1108.4
961
953
954.908
954.535
1156
1110
1111.23
1113.64
1086
1133
1164
1141.41
1130.4
1126.05
1114.18
1103.06
1095.44
945
984.521
1117
1109.88
1101.79
1104.3
1100.03
1090.98
1031
969
945
944.038
945.086
992
1009.13
1039
1046.86
1050.43
1051.23
1051.2
1050.25
1048.55
1047.71
1047.22
945
966.308
992
999.826
1001.15
1110
1109
1091.53
1089.11
1078.29
1060.97
1050.94
1041.37
1078
1039
1038.94
1038.09
1027.36
930
951.677
956.687
957.351
962.221
976.318
1078
1070.5
1055.66
1054.47
1048.23
1030.81
1117
1103.43
1079.71
1077.33
1075.41
1102
1091.06
969
997.006
1004.45
1005.03
1008
1148
1129.41
1117
1109.29
1100.12
1087.01
1094
1082.57
1070.04
1060.83
1052.32
1046.31
1043.99
875
930.194
977.468
986.808
991.757
1008.31
1156
1180
1141.14
1129.73
1120.42
1099.76
1082.15
1094
1084.88
1070.24
1066.34
883
914
947.476
965.541
972.101
983.365
1164
1144.87
1133
1121.72
1112
1095.23
1079.45
1066.99
1053.2
1041.09
1032.85
945
964.284
972.554
984.4
992.663
1047
1109
1095.5
1148
1139.65
1111.35
1102
1148
1131.41
1156
1102
1109
1105.99
1094.02
1091.18
867
961.933
966.226
973.209
1242
1199.06
1211
1203
1180
1168.87
1156
1143.53
1131.78
1122.09
1114.28
1117
1094
1094.05
969
914
917.755
922.541
1055
1080.77
1086.03
1086.7
1087.45
1086.25
1172
1148
1132.41
1125.49
1120.12
1116.42
1115.3
1113.57
1112.9
992
1012.37
1018.53
1029
1164
1156.09
1142.16
1134.81
1180
1171.66
1151.09
1140.05
1135.07
1195
1180.29
1161.89
1109
1109.69
945
906
922
934.675
962.746
989.07
1005.91
1019.88
1031.11
1211
1198.47
1156
1141.03
1164
1167.58
1149.23
1138.61
1140.69
1143.61
890
958.542
1026.27
1044.11
1043.44
1045.9
1156
1156.47
1141
1118.08
1122.15
1039
985
987.987
992.89
1156
1138.5
1203
1193.94
1167.73
1155.06
1154.73
1070
1070.79
1075.21
1071.36
1069.42
1070.06
1071.93
1164
1150.78
1131.61
1156
1150.04
1134.57
1124.55
1031
1039.56
1042.08
906
867
875
922
948.473
966.532
1164
1165.24
1152.2
1152.29
1147.02
1132.27
1024
1026.41
1032.24
1031.14
1029.92
914
945
974.909
1000.39
1001.6
1086
1125
1089.97
1172
1148
1094.54
1090.41
1096.16
1073.39
1054.32
1093
1085.29
1060.33
1094
1103.16
1084.25
1078.88
1088.95
1082.92
930
991.713
1011.43
1005.44
998.173
1020.95
1023.02
1133
1118.24
1094.69
1109
1110.78
1089.26
1082.79
1094
1047
984
998.326
1007.45
1005.21
1004.05
1020.37
1026.4
1017.09
1018.44
1172
1127.7
1096.24
1117
1110.95
1083.8
1076.49
1077.45
1065.29
1156
1139.51
1116.02
1116.79
1115.51
1099.11
1089.92
969
1003.13
1125
1125
1156
1134.73
1125.74
1116.92
1125
1115.31
1105.04
1096.88
1087.37
1086
1080.82
1110
1107.1
1148
1140.92
1132.3
1125.54
1117.4
1109.71
1104.36
1086
1087.32
1083.56
1081.28
1141
1135.43
1130.15
1133
1063
1062
1047
1045.25
1045.12
1046.58
1048.78
1051.19
1047
1049.63
1203
1152.81
1140.95
1135.53
1129.31
1125
1118.68
1112.65
1070
1069.69
1067.4
1067.22
1068.45
1069.32
1071.02
1072.26
1117
1117.39
1111.93
1148
1144.19
1134.22
1117
1109.64
1104.02
1055
1070
1066.2
1067.28
1070.54
1076.09
946
1030.39
1025.08
1026.71
1032.22
1164
1136.86
1180
1180
1169.16
1163.65
1159.33
1117
1121.99
1117.76
1024
1051.33
1052.24
1133
1125.29
1125.76
1180
1195
1174.03
1169.94
1166.38
1094
1094
1092.19
1039
1043.45
1047.32
867
926.21
936.973
943.455
951.771
1219
1234
1203
1202.96
1187.48
1117
1117.06
1116.03
1092.75
1088.87
1148
1142.37
1129.33
1129.5
1127.02
1115.4
1111.37
1110.1
1105.1
1024
1036.27
1039
1038.63
969
922
930.294
930.322
930.554
933.176
938.203
1157
1145.5
1227
1211.37
1200.54
1195
1188.94
1164
1158.68
1157.61
1155.92
1133
1132.32
1132.72
1131.68
1130.45
1129.61
1129.55
1129.53
1129.08
1128.77
1141
1139.26
1039
1108.64
1102.09
1063
1074.36
1102
1109
1106.75
1113.09
1094
1107.12
1133
1125
1122.78
1124.35
1128.01
1126.81
1086
1055
1065.46
1069.88
937
987.251
994.704
1000
1140
1131.62
1119.07
1123.75
1124.92
1111.95
1105.78
1102.79
1086
1080.98
1078.16
1074.61
1072.89
969
922
906
905.428
908.316
913.199
1172
1143.56
1134.34
1130.59
1116.44
1149
1164
1146.04
1137.57
1131.41
1124.96
1148
1141.9
1136.48
1133.83
1131.47
1127.25
1122.33
1118.37
1115.58
1113.83
1094
1094.87
1180
1157.9
1140.95
1136.92
1135.18
1133.77
1219
1184.98
1166.75
1161.09
1133
1078
1084.77
1085.27
1117
1135.03
1141.16
1156
1152.92
1144.24
1134.86
1126.26
1125
1119.12
1113.59
1156
1159.97
1102
1078
1080.49
1082.74
1087.19
1092.03
1098.43
1104.62
1107.38
984
1017.58
1033.99
1041.02
1044.7
1133
1136.21
1125.4
1125.73
1127.73
1118.43
1102
1104.11
1103.45
1093.94
1090.55
1047
1052.77
969
979.881
1032
1062
1067.37
1156
1125
1120.93
1121.49
1106.08
945
970.06
989.5
989.627
1039
1063.54
1086
1172
1166.05
1147
1140.46
1126.14
1107
1095.03
1078
1067.31
1060.29
1086
1082.75
1077.16
1078
1074.17
891
981.387
981.412
986.75
997.317
1002.65
844
917.955
917.367
914
917.998
922.411
926.164
922
926.552
930
992
989.926
991.25
993.74
996.873
999.235
999.585
1117
1073.39
1053.8
1052.54
1156
1180
1180
1144.96
1187
1196
1191.93
1164
1162.73
1180
1180.14
1172.35
1166.77
1166.87
1167.76
1165.91
1162.31
1158.21
1156.54
1155.94
1203
1192.19
1183.63
1177.8
1063
1008
1021.5
1023.72
1172
1181.32
1179.03
1164
1168.68
1170.4
1117
1116.79
1117.94
1116.45
1113.75
1078
1081.56
1102
1111.36
1110.54
1105.54
1211
1180
1162.99
1187
1183.08
1164.95
1152.47
1152.38
1143.77
1131.73
1125
1121.66
1118.8
1117.62
1121.29
1124.43
1124.92
1124.34
1127.05
1127.54
1127.33
1094
1125
1121.21
1110
1114.73
1115.57
1115.88
1116.49
1117.18
1119.25
1119.65
1120.5
1122.77
1122.69
1124.42
1117
1121.66
1203
1146.48
1139.65
1137.87
1135.65
1180
1149.03
1145.28
1156
1164
1203
1172
1168.55
1168.53
1169.89
1125
1130.8
1131.91
1086
1024
1029.54
1039
1044.53
1052.13
1065.34
1074.97
1203
1141
1179
1141
1133
1134.32
1129.6
1123.47
1121.26
1117
1115.59
1114.16
1112.81
1112.47
1112.58
1111.9
1111.25
1110.34
1109.42
1108.17
1141
1132.27
1128.34
1128.14
1127.32
1133
1128.38
1164
1195
1188.12
1164
1203
1205.02
1197.96
1188.14
1183.59
1185.51
1183.92
1179.55
1176.42
1176.21
1176.22
1174.22
1171.83
1170.91
1170.79
1169.76
1168.44
1156
1102
1139.57
1149
1151.77
1153.98
1164
1165.93
1166.44
1167.97
1169.61
1170.33
1039
1156
1142.99
1138.26
1140.48
1142.79
1195
1180.45
1172
1174.7
1177.57
1172.23
1171.02
1172.45
1094
1008
961
962.563
1055
1117
1137.67
1147.43
1179
1180
1174.26
1109
1116.71
1117.49
1112.16
1071
1073.66
1079.22
1080.99
1211
1203
1188.21
1180.43
1170.73
1039
1039
1008
1006.73
1148
1155.24
1143.21
1133
1148
1139.41
1125.47
1172
1172.2
1133
1130.46
1131.88
1122.61
1114.41
1111.16
1107.99
1103.89
1100.26
1023
1052.66
1055.33
1057.99
1180
1170.83
1164
1141
1187
1141
1137.07
1140.12
1134.8
1131.42
1130.28
1016
1053.43
953
992
1055
1148
1180
1171.91
1172
1156
1144.38
1132.74
1120.66
1110.89
1102.74
1095.54
1090.94
1149
1195
1193.92
1188.47
1180
1173.79
1133
1124.3
1164
1164
1157.51
1164
1158.74
1153.5
1147.1
1139.14
1132.6
1128.94
1031
1074.6
1072.03
1140
1143.7
1142.46
1139.07
1139.54
1094
1099.61
1117
1094
1086
1086
1070
1072.47
1074.52
1074.75
1077.1
1079.15
1023
1094
1082.45
1081.26
1084.73
1086.4
1086.92
1008
938
943.097
943.354
947.805
954.479
984
1008
1020.24
1031.8
1041.56
1046.61
899
936.704
940.244
942.537
844
870.295
828
830.102
812
817.939
822.773
826.058
829.939
833.598
836.897
839.876
828
831.865
832.97
875
883
885.807
953
969
968.417
967.151
1008
1007.86
1078
1172
1144.96
1250
1247.28
1235
1203
1202.22
1213.01
1156
1156.98
1171.02
1178.38
1181.18
1183.72
1187.2
1190.95
1193.27
1194.38
1194.21
1194.32
1193.35
1190.75
1086
1150.13
1144
1137.93
1138.55
1117
1109
1112.54
1113.06
1112.77
1114.9
1227
1210.14
1234
1225.07
1220.08
1219
1214.28
1210.15
1206.25
1203.44
1133
1149.43
1146.51
1144.89
1172
1258
1234
1219
1218.04
1234
1223.79
1215.07
1210.83
1204.03
1133
1141.34
1141.36
1138.88
1125
1132.25
1136.97
1137.9
1000
1062.53
1063.21
1063.3
1065.83
1109
1113.35
1113.59
1116.73
1121.97
1211
1195.16
1183.17
1184.26
1180
1234
1216.73
1204.15
1203.22
1206.02
1204.3
1200.69
1197.99
1198.21
1197.92
1197.13
1196.27
1195.94
1196.07
1196.01
1193.54
1191.95
1190.83
1188
1187.01
1227
1164
1180.84
1039
1133.61
1127.57
1124.62
922
1025.77
1021.82
1016.59
1019.95
1026.79
1031.13
1242
1202.93
1191.05
1203
1202.19
1199.46
1198.44
1198.02
1197.14
1195.41
1194.16
1141
1150.35
1203
1187.64
1203
1196.63
1196.14
1198.72
1188
1187.78
1188.13
1187.04
1125
1135.46
1148
1142.87
1141.56
1142.45
1145.28
1145.9
992
969
1017.35
1044.2
1057.33
1078.82
1211
1242
1213.25
1207.78
1199.12
1180
1148
1145.84
1102
1164
1170.47
1162.34
1157.39
1156.65
1146
1227
1210.22
1186.8
1180.14
1187
1179.98
1167.3
1160.25
1156.04
1125
1123.96
1121.19
1117.9
1118.28
1119.9
1122.26
1172
1179.71
1178.52
1149
1187
1186.63
1102
1070
1072.36
1055
1180
1177.34
1211
1208.12
1199.54
1164
1159.54
1156.03
1149.32
1143.63
1142.13
1234
1226.35
1211.93
1102
1105.36
1108.92
1114.11
1115.36
1116.23
1123.15
1125
1126.33
1172
1175.23
1094
1103.33
1104.58
1107.11
976
969
970.052
1039
1058.15
1061.38
1086
1104.15
1105.18
1133
1172
1163.87
1148.37
1147.19
1146.95
1135.67
1125.62
1179
1173.03
1150
1146.32
1150.65
1141
1131.05
1131.02
1211
1195
1172
1211
1207.85
1197.58
1211
1195
1133
1142.28
1156
1150.13
1142.15
1150.64
1156.92
1147.63
1146.3
1153.8
1164
1180
1167.85
1180
1181.95
1171.66
1165.58
1168.06
976
1067.05
1125
1172
1159.49
1168.95
1170.11
1172
1170.73
1170.76
1169.49
1148
1153.29
1156
1148.41
1203
1188.48
1183.87
1183.87
1179.64
1178.38
1164
1172
1167.17
1166.7
1180
1179
1176.14
1195
1180
1178.61
1172
1171.18
1141
1156.32
1102
1131.93
1127.87
1129.4
1133.5
1134.31
1000
1099.84
1055
1060.23
1066.14
1066.83
1070.76
1072.35
1075.45
1076.82
1078.71
1080
1203
1174.88
1167.16
1203
1196.57
1203
1200.94
1199.68
1211
1208.44
1207.18
1141
1160.15
1160.43
1133
1133
1156
1164
1141
1142.22
1147.24
1146.05
1211
1197.46
1189.18
1185.32
1180.52
1117
1127.86
1055
1059.92
1059.32
1061.79
1066.38
930
1009.53
1016
1017.21
1025.06
1094
1125
1164
1172
1171.39
1170.62
1169.97
1164
1162.73
1161.18
1086
1097.26
1039
1043.31
1044.12
1046.85
1053.14
1117
1121.46
1121.58
1120.56
1119.12
1114.21
1148
1125
1118.8
1115.37
1109.26
1104.47
1141
1135.46
1133.97
1134.16
1133.88
1211
1242
1213.48
1203
1193.54
1187
1181.77
1175.87
1169.47
1163.97
1159.27
1155.09
1152.12
1164
1219
1209.48
1202.07
1192.41
1184.36
1177.42
1171.27
1165.98
1161.95
1158.43
1155.73
1154.15
1152.72
1150.71
1133
1135.71
1086
1124.91
1172
1167.68
1242
1211
1209.46
1210.46
1206.48
1200.09
1193.46
1186.72
1117
1132.95
1203
1201.97
1199.18
1234
1229.01
1180
1172
1170.84
1162.21
1156.59
1158.27
1156.73
1149
1149.2
1148.99
1146.59
1145.26
1145.71
1145.63
1172
1176.04
1176.08
1195
1194.41
1187.8
1164
1163.4
1164
1160.6
1161.75
1162.93
1141
1147.61
1172
1175.92
1173.9
1169.95
1168.6
875
1020.84
1018.37
1015.42
828
940.526
940.864
939.212
941.857
947.681
952.416
956.06
959.284
962.165
964.816
820
890.779
893.392
804
836.58
843.63
797
813.421
821.476
824.091
827.058
830.271
821
825.451
851
849.734
844
846.553
848.945
849.126
850.37
851.561
853.196
855.108
857.091
859.713
862.022
1086
984.294
1117
1125
1058.94
1057.65
977
992
1031
1014.45
1006.6
1005.34
1006.25
1008.13
1164
1117
1086.51
1071.86
1070.6
1071.37
1070.1
1187
1180
1211
1179.29
1195
1191.66
1179.63
1170.28
1164.12
1159.26
1153.16
1148.7
1145.7
1156
1180
1164
1172
1211
1187
1183.79
1133
1109
1086
1085.79
1088.01
1091.77
1117
1117
1122.71
1129.88
1137.28
1195
1205.21
1164
1166.17
1171.51
1167.11
1158.35
1152.71
1151
1156
1152.96
1148.76
1147.27
1147.48
1146.1
1143.44
1141.55
1140.07
1138.85
1137.64
1136.72
1136.47
1136.31
1136.12
1136.31
1136.44
1136.74
1136.94
1137.15
1137.79
1139.34
1102
1166.89
1211
1152.09
1152.62
1152.46
1151.18
1149.47
1147.69
1146.15
1172
1162.87
1158.54
1156.46
1155.68
1062
1055
1094.33
1100.68
1055
1075.52
1082.13
1080.32
1156
1203
1180.46
1176.46
1180
1156
1149.34
1148.16
1133
1126.89
1125.66
1120.09
1115.42
1115.49
1188
1164
1148
1148.72
1141.37
1131.69
1126.12
1121.7
1211
1180
1180
1173.95
1156
1149.71
1143.46
1195
1141
1117
1062
1070.46
1073.29
1078.69
1148
1156.47
1151.57
1145.36
1142.63
1141
1133.09
1126.97
1123.1
1120.37
1118.13
1116.29
1114.71
1113.12
1195
1180.21
1172
1163.38
1154.25
1144.95
1137.03
1141
1135.45
1129.37
1125.43
1121.89
1118.43
1115.35
1227
1185.75
1172.25
1166.16
1159
1148.24
1139.33
1133.39
1129.68
1127.04
1125.79
1125.54
1125.55
1195
1180
1169.61
1196
1187
1133
1133.11
1133.98
1130.72
1156
1125
1055
1077.82
1078.48
1082.82
1086.87
1094.59
1102.57
1108.39
1112.96
1116.83
1119.62
1094
1086
1087.85
1087.87
1088.7
1090.31
1234
1189.7
1177.34
1171.33
1162
1151.02
1141.51
1133.35
1195
1178.17
1163.52
1180
1227
1212.48
1197.69
1189.56
1156
1149.4
1146.65
1143.93
1142.23
1156
1156.64
1156.65
1156.25
1154.56
1151.44
1148.13
1070
1123.69
1172
1172
1273
1249.95
1238.54
1273
1260.93
1246.73
1242.42
1238.41
1230.69
1226.27
1224.9
1222.88
1220.64
1281
1266.66
1259.4
1255.88
1254.43
1251.52
1247.55
1243.9
1241.14
1164
1199.88
1196.06
1194.9
1198.22
1211
1209.2
1212.33
1214.99
1216.83
1218.18
1219.62
1220.88
1221.83
1222.61
1223.22
1223.61
1188
1205.52
1201.85
1156
1183.73
1179.79
1178.63
1182.15
1184.02
1186.02
1195
1191.99
1195.88
1194.87
1197.22
1196.05
1198.36
1197.06
1199.54
1198.2
1200.72
1199.45
1149
1180.93
1173.35
1203
1195
1194.71
1196.77
1187
1193.09
1190.62
1189.05
1188.22
1189.2
1187.77
1227
1234
1218.87
1203
1203.07
1204.64
1204.05
1201.16
1198.27
1198.43
1198.77
1197.51
1094
1078
1133.1
1156
1163.47
1171.15
1176.18
1234
1229.89
1220.63
1216.04
1164
1187
1186.12
1133
1142.17
1149.45
1154.15
1150.77
1157.5
1188
1184.88
1171.83
1171.5
1171.21
1161.24
1180
1273
1223.97
1197.7
1196.04
1190.07
1180
1242
1231.52
1172
1177.9
1188.74
1133
1148.98
1159.88
1161.22
1153.07
1227
1214.55
1227
1216.65
1195
1192.23
1185.85
1176.34
1170.79
1169.05
1164.34
1162.81
1163.07
1117
1135.65
1134.98
1135.55
1203
1234
1216.42
1214.51
1205.35
1203
1141
1146.51
1142.28
1164
1172
1176.06
1178.99
1177.97
1173.36
1169.61
1165.37
1211
1204.64
1196.51
1189.6
984
1052.14
1112.11
1114.42
1115.62
1124.85
1134.1
1135.2
1134.4
1140.12
1142.98
1142.78
1142.74
914
975.632
1028.88
1027.34
1029.44
883
948.873
867
876.859
885.269
888.634
893.241
897.758
836
848.966
853.37
853.941
854.14
855.514
858.103
875
876.531
879.817
945
985
986.085
1039
1038.66
1062
1060.73
1057.64
1056.37
1141
1136.39
1132.83
1123.69
1122.78
1320
1270.14
1217.83
1183.38
1183.48
1242
1172
1170.74
1176.02
1141
1141.09
1144.64
1144.94
1203
1190.28
1175.28
1167.75
1166.92
1165.53
1133
1125
1126.59
1156
1151.23
1147.45
1145.7
1148.86
1203
1196.84
1203
1195
1211
1227
1217.47
1203.76
1198.44
1200.02
1197.95
1191.48
1186.13
1183.09
1181.99
1188
1184.63
1181.53
1181.24
1182.5
1219
1211
1207.22
1202.67
1200.06
1200.13
1198.45
1078
1150.85
1117
1121.02
1122.08
1124.58
1126.63
1211
1203
1199.6
1102
1125.81
1130.25
1132.92
1133.29
1133.35
1109
1118.84
1122.18
1094
1100.48
1102.75
1104.66
1105.89
1156
1150.23
1156
1150.75
1150.11
1149.38
1142.57
1148
1144.18
1101
1078
1080.96
1164
1161.78
1188
1195
1180.12
1172.03
1156
1133
1125.28
1227
1205.18
1194.02
1185.29
1178.68
1170.04
1161.44
1153.22
1146.99
1142.66
1187
1183.56
1219
1209.23
1198.71
1211
1206.84
1172
1170.23
1164.38
1157.25
1155.05
1157.45
1159.99
1161.88
1163.05
1163.91
1172
1172
1173.17
1174.11
1173.62
1172.14
1169.94
1167.59
1165.49
1163.88
1162.47
1161.58
1203
1219
1214.4
1208.29
1200.59
1193.99
1188.13
1182.12
1176.75
1173.41
1180
1181.15
1156
1125
1024
984
986.337
898
981.972
1011.87
1064.68
1088.86
1112.95
1127.61
1138.72
1146.79
1153.17
1227
1220.84
1216.56
1258
1253.88
1246.17
1245.87
1246.3
1078
1171.76
1094
1086
1096.51
1097.22
1099.26
1117
1164
1125
1129.35
1131.46
1129.32
1128.16
1127.96
1172
1164.9
1161.24
1211
1242
1224.67
1218.83
1220.44
1220.82
1216.89
1214.31
1213.39
1212.19
1210.49
1208.2
1205.69
1204.48
1203.14
1201.59
1203
1172
1179.45
1219
1195
1195.98
1197.69
1164
1174.15
1173.83
1173.21
1174.12
1187
1186.11
1164
1175.04
1265
1240.52
1229.36
1228.4
1226.43
1110
1146.82
1171.06
1173.64
1164.94
1178.55
1190.02
1178.65
1173.78
1182.85
1203
1250
1222.99
1212
1213.24
1208.92
1125
1137.79
1156
1164.02
1203
1201.84
1197.79
1192.8
1186.25
1179.97
1175.47
1172.87
1109
1122.14
1123.05
1125.7
1130.45
1135.34
1139.21
1117
1123.49
1156
1250
1237.64
1242
1231.3
1220.52
1209.11
1195
1172
1162.72
1156.24
1151.15
1150.94
1152.13
1203
1180
1178.6
1195
1195
1187.18
1195
1191.03
1184.37
1178.76
1173.54
1169.02
1165.27
1161.6
1158.38
1157.26
1158.36
1159.48
1172
1177.06
1195
1200.18
1197.14
1195
1172
1167.98
1166.09
1164.48
1165.28
1156
1158.54
1164
1168.54
1172.82
1172
1173.67
1175.16
1140
1154.61
1153.44
1153.74
1155.09
1155.99
1109
1135.91
1219
1202.91
1193.23
1191.09
1188.47
1180.79
1177.28
1173.9
1125
1156
1152.46
1150.49
1150.53
1152.65
1151.27
1150.86
1195
1184.66
1178.31
1174.85
1172.92
1140
1146.62
1146.3
1144.22
1143.85
1180
1176.74
1171.26
1173.74
1174.01
1219
1211.07
1203.18
1199.33
1193.21
1185.81
1172
1167.95
1226
1214.26
1204.32
1199.57
1195.64
1188.53
1109
1055
1055.72
1055.75
1058.19
1060.79
1064.01
1067.49
1196
1198.79
1180
1203
1209.39
1227
1195
1211
1217.02
1188
1183.95
1242
1235.81
1220.01
1214.72
1117
1129.36
1132.09
1132.75
1131.71
1133.82
1196
1196.38
1188.52
1181.78
1182.18
1133
1136.01
1136.68
1136.12
1137.12
1227
1228.08
1214.09
1212.3
1207.3
1194.56
1185.09
1177.83
1170.18
1165.08
1162.72
1164
1161.1
1159.76
1157.24
1154.97
1153.06
1151.26
1150.31
1195
1211
1206.73
1117
1133.12
1145.54
1151.07
1154.25
1152.09
1148.77
1289
1258
1258
1236.11
1219
1213
1211
1202.35
1172
1167.24
1168.87
1170.8
1168.99
1165.05
1164.39
1167.57
1168.99
1167.57
1125
1172
1169.82
1164
1164.81
1165.7
1148
1156
1155.75
1154.5
1155.38
1156.55
1219
1179
1180.68
1156
1163.51
1125
1140.31
1142.59
1141.29
1143.31
1234
1200.97
1192.97
1190.73
1186.73
1203
1203
1195
1195
1189.98
1184.22
1180.3
1176.8
1173.9
1171.51
1169.94
1169.26
1168.96
1168.92
1169.23
1234
1204.58
1198.68
1195.67
1172
1174.37
1173.21
1170.65
1203
1211
1205.73
1172
1171.71
1195
1199.94
1194.6
1187.69
1186.21
1117
1143.33
1141
1143.62
1234
1211
1202.16
1199.32
1195.6
1187.09
1179
1174.51
1172.01
1169.82
1180
1187
1183.47
1178.5
1175.59
1175.6
1203
1197.64
1189.55
1203
1219
1210.66
1202.53
1197.19
1227
1220.08
1211.7
1205.98
1205.99
1208.41
1141
1166.35
1117
1124.26
1187
1183.19
1179.1
1182.81
1172
1250
1233.98
1195
1198.66
1204.22
1234
1221.55
1149
1148
1155.54
1164.66
1156
1153.61
1155.82
1164
1167.68
1195
1149
1203
1195
1191.78
1179.3
1180
1211
1117
1142.64
1047
1064.2
1065.34
1070.06
1250
1224.1
1216.31
1216.83
1207.95
1198.23
1189.77
1181.17
1173.67
1219
1195
1149
1155.67
1155.28
1151.73
1151.53
1151.63
1219
1206.98
1199.24
1211
1204.12
1195.67
1148
1151.84
1148.93
1125
1128.39
1172
1182.2
1180
1182.44
1172
1156
1152.35
1180
1184
1175.39
1168.86
1170.23
1169.22
1203
1196.24
1186.67
1195
1195.07
1187.99
1182.59
1164
1165.5
1166.29
1164.87
1161.39
1195
1195.94
1219
1203
1180
1178.19
1179.53
1203
1180
1176.49
1187
1189.84
1141
1152.88
1157.38
1159.65
1156.12
1158.41
1164.78
1168.55
1165.1
1162.05
1165.05
1168.08
1166.44
1163.37
1165.02
1234
1219.23
1164
1162.87
1149
1154.43
1156.02
1156.93
1157.39
1117
1133
1125
1129.91
1132.01
1133.81
1156
1157.8
1159.94
1156
1156.43
1158.5
1158.5
1148
1149.34
1150.21
1150.22
1149.86
1102
1123.65
1120.59
1119.55
1121.95
1123.84
1126.06
1125
1127.73
1133
1131.69
1133.67
1132.58
1133.6
1132.68
1133.61
1132.51
1134.47
1136.17
1137.5
1139.05
1140.64
1203
1180
1203
1192.94
1189.2
1203
1197
1193.58
1191.68
1164
1172
1164
1125
1133
1187
1182.39
1176.22
1175.08
1176.37
1173.08
1169.07
1165.61
1162.18
1158.94
1155.99
1153.98
1152.3
1151.99
1151.77
1152.22
1152.84
1153.2
1153.78
1154.14
1154.26
1154.44
1154.2
1172
1170.11
1168.21
1166.28
1164
1162.76
1162.35
1161.61
1160.8
1160.02
1159.39
1159.89
1160.52
1203
1167.79
1235
1234
1211
1209.26
1208.44
1204.3
1211
1206.34
1204.3
1204.03
1202.69
1172
1182.82
1179.8
1177.52
1178.56
1179.13
1179.85
1180.09
1000
1136.9
961
1064.03
1057.95
1054.42
1187
1158.39
1153.05
1155.51
1160.62
1258
1231.37
1224.99
1211
1214.01
1215.29
1212.2
1210.13
1211
1210.52
1210
1209.85
1210.22
1117
1181.82
1156
1154.73
1242
1203
1195.01
1197.38
1194.18
1250
1231.82
1225.18
1222.36
1218.55
1213.54
1208.46
1196
1198.28
1211
1204.86
1164
1180
1156
1162.63
1187
1178.87
1179.76
1164
1172.92
1164
1102
1093
1093.06
1094.37
1097.86
1104.09
1109.72
1242
1232.8
1227.64
1226.69
1221.13
1212.85
1205.48
1198.73
1172
1166.49
1162.09
1158.37
1158.26
1157.59
1157.38
1172
1172
1171.8
1170.64
1195
1191.07
1185.85
1179.74
1174.05
1125
1125
1122.14
1120.52
1123.08
1126.15
1219
1216.88
1211.66
1234
1229.14
1217.46
1234
1228.73
1216.96
1212.42
1206.62
1198.85
1193.42
1188.59
1184.04
1181.27
1242
1234.07
1228.18
1225.71
1220.18
1213.68
1208.49
1204.27
1200.52
1197.19
1194.06
1172
1175.73
1173.88
1175.04
1177.7
1203
1212.8
1156
1211
1203.01
1180
1187.22
1190.13
1186.01
1183.47
1186.86
1141
1162.19
1125
1086
1089.16
1089
1091.84
1098.75
1105.88
1111.61
1196
1195
1193.97
1194.38
1190.38
1185.56
1181.08
1176.33
1172.62
1170.57
1101
1055
1133
1143.67
1164
1165.53
1164.33
1157.63
1148.54
1203
1180
1195
1184.63
1178.15
1172.21
1163.72
1155.91
1149.5
1144.7
1143.46
1195
1184.56
1182.78
1178.81
1171.35
1164.01
1156.71
1211
1193.31
1184.75
1179.62
1176.04
1173.67
1170.32
1166.56
1133
1141.01
1139.61
1141.36
1144.35
1147.18
1219
1206.36
1197.14
1219
1214.02
1202.08
1195.39
1188.39
1195
1190.09
1183.96
1117
1137.88
1141.05
1133
1156
1168.4
1169.84
1219
1218.62
1234
1223.79
1214.94
1206.91
1196.91
969
1000
1063
1069.57
1250
1240.43
1265
1256.61
1243.62
1232.43
1220.83
1180
1211
1211
1164
1125
1126.96
1126.09
1148
1148.94
1150.24
1151.27
1151.25
1151.06
1151.13
1151.1
1150.96
1150.91
1242
1223.1
1211.97
1202.43
1194.91
1192.91
1191.5
1188.26
1185.04
1183.39
1141
1145.81
1145.2
1146.7
1149.25
1150.81
1152
1152.84
1250
1218
1205.05
1200.18
1133
1144.4
1142.89
1144.39
1146.7
1148.69
1150.19
1151.2
1203
1180
1195
1190.56
1184.12
1102
1109
1172
1166.81
1162.78
1227
1207.2
1193.54
1203
1149
1153.81
1157.98
1148.85
1149.09
1157.48
1151.63
1150.48
1153.15
1149.25
1180
1187
1173.35
1170.59
1172
1162.26
1162.18
1180
1172.08
1165.61
1166.72
1163.57
1159.98
1180
1175.32
1055
1141.68
1135.47
1129.86
1129.29
1132.66
1135.94
1136.47
1211
1187.1
1250
1223.39
1218.37
1217.51
1215.19
1211.98
1180
1188.2
1185.12
1179.63
1180
1178.02
1177.99
1177.62
1176.99
1176.9
1172
1211
1197.55
1196.3
1196.61
1195.28
1194.35
1191.31
1188.55
1187
1185.1
1185.53
1203
1201.12
1203.01
1141
1202.33
1189.82
1188.97
1187.45
1185.67
1187.18
1187.82
1211
1200.7
1197.2
1195.05
1197.03
1195.82
1193.37
1191.44
1192.92
1193.82
1191.2
1188.78
1211
1219
1209.21
1195
1197.53
1199.8
1200.05
1188
1190.15
1031
1130.18
1125.59
1141
1138.18
1141.04
1145.12
1148.43
1227
1187
1188.16
1180
1183.98
1203
1196.83
1192.68
1195
1195.45
1195.57
1195.58
1195.87
1164
1180
1219
1205.26
1199.93
1197.64
1172
1125
1133
1140
1143.65
1146.11
1147.74
1150.45
1141
1143.72
1144.99
1147.01
1179
1185.2
1182.12
1203
1180
1203
1200.28
1203
1195.88
1194.28
1194.07
1191.61
1188.41
1186.2
1172
1173.64
1125
1143.6
1139.55
1140.03
1142.96
1143.39
1145.53
1234
1211
1203
1202.73
1200.6
1197.31
1180
1181.4
1178.39
1175.88
1175.37
1174.03
1174.51
1195
1191.91
1190.19
1188.32
1148
1160.61
1158.86
1157.6
1172
1170.4
1170.93
1171.1
1169.83
1168.83
1172
1164
1149
1154.77
1154.14
1155.52
1157.67
1159.21
1227
1210.62
1205.91
1219
1212.9
1205.82
1200.91
1196.18
1191.83
1188.47
1185.48
1183.83
1181.93
1063
1147.08
1138.05
1139.78
1143.54
1146.04
1147.48
1149.39
1150.91
1151.8
1164
1159.58
1180
1172
1173.29
1164
1172
1170.49
1195
1185.76
1185.71
1187.78
1094
1140.37
1136.86
1135.18
1250
1214.95
1202.83
1203.2
1199.15
1187
1185.91
1164
1167.07
1163.74
1160.68
1160.35
1160.04
1258
1216.66
1202.84
1242
1228.52
1220.47
1211
1133
1156
1154.26
1152.39
1155.39
1159.65
1160.08
1160.55
1160.38
1109
1126.68
1156
1159.27
1159.64
1141
1148.56
1156
1172
1164.88
1149
1154.85
1158.85
1158.53
1153.65
1242
1180
1156
1159.92
1166.64
1162.51
1152.71
1152.1
1094
1113.62
1117.44
1133
1131.79
1126.97
1164
1164
1158.43
1156
1159.91
1162.24
1154.29
1147.47
1125
1129.92
1164
1159.75
1149
1179
1180.04
1172
1163.11
1167.01
1188
1176.25
1164.37
1180
1164
1157.84
1154.35
1155.34
1180
1156
1154.1
1159.52
1162.14
1125
1134.34
1141
1143.43
1137.89
1139.57
1146.56
1109
1117.41
1120.22
1122.38
1078
1086
1086
1088.01
1125
1134.35
1134.18
1135.21
1138.74
1137.61
1078
1090.64
1094.12
1095.07
1096.23
1102.76
1094
1095.92
1099.13
1096.33
1096.94
1109
1102
1109
1107.16
1109
1094
1099.34
1098.16
1102
1099.17
1100.64
1102.2
1103.53
1105.45
1107.18
1108.38
1109.45
1047
1147.18
1099.83
1097.54
1099.53
1097.7
1100.04
1101.07
1101.94
1103.11
1104.12
1125
1125
1156
1117
1118.87
1109
1071
1105.91
1000
953
945
946.309
949.319
956.725
992
998.918
1011.45
1020.58
1028.43
1034.91
977
993.143
995.089
994.32
995.52
996.444
998.35
961
970.652
977
977.334
980.451
984.523
1039
1035.98
1047
1070
1058.78
1045.16
1040.01
1030.91
1101
1081.94
1066.23
1061.99
1057.95
1050.04
1078
1070.9
1063.78
1061.38
1060.38
1058.17
1133
1105.66
1092.16
1084.54
1102
1100.5
1093.13
1086.34
1081.08
1226
1145.85
1116.14
1266
1195.46
1156.89
1152.82
1273
1208.31
1281
1297
1258.01
1266
1304
1283.08
1211
1211
1218.22
1227
1211.11
1210.42
1250
1241.38
1228.43
1211
1219
1219.79
1209.96
1157
1195
1164
1133
1135.91
1125
1125
1124.78
1126.61
1156
1165.26
1168.7
1172.12
1180.25
1186.76
1189.05
1094
1125
1127.64
1130.8
1133
1137.05
1141.9
1117
1110
1113.39
1115.36
1133
1134.16
1140
1125
1128.6
1131.66
1132.96
1117
1120.77
1124.08
1126.49
1109
1094
1101.64
1078
1082.58
1085.02
1088.06
1090.44
1092.92
1096.77
1100.12
1102.75
1094
1098.26
1039
1047
1047
1078
1084.08
1089.08
1093.13
1086
1089.07
1091.18
1088.49
1055
1064.79
1066.75
1066.07
1070.38
1101
1102.54
1095.18
1096.35
984
930
957.617
964.847
973.95
984.575
997.66
1006.52
789
871.459
873.84
874.829
882.604
894.72
901.538
906.829
911.462
914.899
917.903
1070
1086
1066.37
1056.43
1056.35
1056.57
1055.3
1054.04
1052.77
1051.51
1140
1121.23
1103.29
1117
1119.09
1172
1164.67
1159
1158.29
1211
1207.38
1180
1173.17
1175.06
1173.97
1167.88
1161.56
1289
1242.38
1273
1248.26
1289
1281.17
1242
1243.2
1242.27
1233.95
1227.41
1222.9
1188
1193.63
1191.59
1188.22
1219
1213.63
1214.39
1216
1215.33
1215.51
1219
1217.37
1217.41
1217.47
1217.56
1242
1236.38
1236.23
1238.67
1238.39
1239.71
1238.43
1238.21
1238.11
1237.44
1237.25
1236.76
1236.59
1236.72
1236.19
1236.05
1234
1180
1203
1195
1196.42
1198.28
1199.33
1211
1227
1228.72
1231.13
1232.3
1233.37
1233.59
1234.37
1234.04
1234.21
1234.08
1195
1164
1168.47
1169.64
1173.06
1177.96
1188
1192.38
1235
1243.9
1219
1250
1251.6
1241.72
1203
1207.27
1209.13
1180
1180
1184.16
1195
1211
1219
1220.54
1216.45
1195
1195.65
1198.22
1203
1203
1200.04
1200.08
1198.95
1195.69
1192.71
1191.6
1191.24
1190.99
1192.47
1194.1
1194.47
1196.27
1196.8
1197.4
1197.11
1196.88
1195
1149
1195.72
1188.16
1187.75
1188.12
1189.79
1195
1203
1164
1185.24
1172
1164
1168.8
1219
1202.32
1195
1197.37
1187
1191.05
1219
1209.08
1195
1197.08
1200.17
1199.19
1180
1185.04
1188.76
1186.83
1182.48
1183.11
1186.94
1188.45
1184.26
1184.86
1188.23
1189.37
1149
1166.56
1168.96
1168.2
1163.89
1203
1203
1242
1228.72
1220.66
1203
1201.84
1200.22
1195.57
1172
1203
1200.49
1195.09
1191.93
1195.12
1195.02
1164
1173.37
1175.27
1173.44
1211
1195
1192.94
1203
1164
1172
1203
1164
1171.13
1175.54
1173.48
1173.51
1177.78
1156
1162.41
1164
1161
1162.76
1180
1203
1194.22
1192.19
1193.13
1186.8
1183.47
1183.39
1178.56
1175.84
1175.49
1180
1177.5
1176.41
1177.43
1218
1207.51
1203
1201.11
1198.41
1125
1156
1159.37
1158.12
1159.82
1164
1172
1170.4
1170.76
1173.58
1175.08
1176.33
1148
1171.51
1169.55
1167.67
1165.96
1168.43
1170.15
1171.21
1171.97
1110
1148
1148.6
1146.23
1148.19
1086
1115.13
1118.22
1164
1151.35
1180
1172.91
1172.17
1172.9
1174.14
1172.14
1172.37
1171.24
1170.43
1169.12
1167.95
1166.68
1166.22
1172
1168.21
1169.08
1169.81
1168.86
1169.39
1195
1186.41
1183.13
1182.13
1182.11
1182.41
1180.69
1179.2
1219
1200.32
1195.52
1172
1173.71
1173.85
1174.04
1148
1171.82
1168.77
1167.88
1167.05
1168.36
1180
1178.03
1176.92
1175.79
1177.32
1177.71
1176.72
1175.54
1125
1158.07
1195
1182.38
1226
1188
1203
1200.36
1198.5
1195.62
1193.93
1192.44
1190.63
1188.66
1187.21
1195
1191.02
1189.7
1190.12
1188.94
1188.47
1187.69
1187.85
1219
1206.4
1219
1214.01
1213.22
1213.2
1211.25
1172
1211
1199.39
1203
1201.39
1200.45
1195
1198.18
1197.99
1197.4
1172
1140
1102
1104.12
1164
1179.62
1190.64
1195.97
1196.74
1196.52
1203
1200.28
1172
1179.91
1176.28
1171.48
1234
1228.19
1195
1211
1207.74
1203
1194.83
1193.93
1187.53
1250
1229.54
1215.82
1234
1231.79
1187
1193.59
1192.53
1185.13
1182.39
1188.12
1190.21
1242
1172
1109
1115.5
1118.52
1123.72
1128.9
1136.88
1101
1115.38
1116.41
1116.78
1118.34
1156
1162.14
1164
1164.72
1195
1196.91
1190.86
1187.49
1188.99
1189.07
1183.54
1178.84
1178.67
1172
1168.93
1179
1177.06
1175.56
1174.74
1173.43
1171.98
1234
1211.71
1205.05
1201.7
1199.38
1197.18
1193.89
1227
1216.91
1234
1225.59
1220.4
1188
1190.84
1189.89
1188.94
1187.58
1179
1180.63
1180.68
1180.56
1219
1211.41
1195
1194.28
1195.26
1194.49
1192.03
1047
1102
1156.62
1133
1136.36
1172
1168.03
1164.8
1250
1232.08
1214.95
1219.6
1218.7
1172
1182.24
1190.94
1178.59
1169.52
1181
1266
1232.12
1212.88
1250
1242.9
1215.66
1211.23
1221.47
1210.88
1194.75
1199.36
1201.1
1203
1192.71
1193.83
1197.52
1194.16
1234
1250
1230.72
1188
1192.61
1197.55
1197.23
1191.91
1193.16
1196.86
1265
1227
1217.38
1242
1242.24
1227
1220.46
1225.67
1228.83
1219.1
1212.26
1215.14
1218.67
1164
1177.82
1184.69
1188.94
1195
1172
1184.29
1192.14
1194.8
1185.03
1184.79
1192.03
1196.38
1133
1149.24
1133
1125
1156
1163.66
1165.61
1169.76
1164
1168.84
1156
1195
1189.74
1184.51
1180.35
1184.61
1185.07
1177.84
1175.85
1178.4
1176.84
1173.86
1172.44
1174.07
1172.59
1172.18
1171.42
1227
1203.05
1199.49
1086
1055
1109.71
1115.44
1121.15
1195
1196.25
1193.78
1193.45
1190.63
1184.24
1179.03
1242
1211
1203
1219
1210.09
1133
1148
1133
1126.69
1127.87
1135.66
1164
1161.05
1211
1203
1192.78
1189.43
1203
1192.35
1183.2
1180.31
1203
1196.31
1190.17
1190.6
1227
1217.74
1206.78
1148
1157
1125
1128.57
1031
1071.66
1071.14
1074.71
1079.48
1164
1166.84
1164.69
1168.82
1174.59
1171.01
1169
1170.05
1168.24
1219
1211.8
1204.3
1200.05
1227
1218.58
1211.25
1207.82
1207.9
1204.93
1219
1214.49
1210.43
1180
1234
1222.91
1188
1192.95
1195
1192.38
1189.43
1188.01
1242
1211
1205.9
1206.65
1195
1197.38
1197.83
1180
1187.6
1172
1180
1187
1184.74
1187.53
1039
1149.17
1117
1117.54
1119.26
1122.85
1123.98
1281
1234
1219
1258
1226
1226.6
1219
1211
1211.21
1157
1174.38
1172.24
1258
1242
1233.32
1211
1219
1234
1225.75
1211
1209.52
1156
1169.69
1169.17
1168.45
1168.32
1169.42
1170.87
1171.29
1164
1179
1157
1203
1199.17
1196.66
1195
1195.28
1196.42
1194.31
1191.39
1190.74
1190.96
1191.39
1211
1206.23
1156
1180.83
1177.94
1054
1164.74
1154.33
1258
1217.51
1204.72
1203.99
1211
1209.95
1203.94
1226
1217.06
1211.92
1212.3
1213.33
1212.1
1211.42
1211.24
1211.26
1211.09
1210.91
1210.92
1211.03
1156
1188
1181.84
1177.48
1177.81
1195
1188.68
1190.11
1191.92
1234
1224.65
1273
1180
1189.99
1190.76
1078
1151.39
1144.62
1273
1228.16
1273
1255.63
1253.26
1251.33
1246.03
1242
1236.45
1195
1207.79
1201.84
1180
1184.67
1211
1201.29
1200.95
1211
1242
1231.7
1229.49
1229.96
1226.94
1195
1172
1177.69
1203
1201.75
1202.53
1208.34
1211.78
1250
1248.16
1239.99
1234.93
1230.01
1222.15
1214.06
1207.55
1219
1218.22
1219
1281
1258
1249.61
1247.02
1240.73
1231.56
1225
1220.2
1216.2
1212.81
1210.03
1209.43
1209.01
1109
1047
1086.73
1115.3
1140.56
1158.88
1227
1233.29
1231.08
1258
1250.81
1240.93
1238.31
1229.44
1219.44
1213.18
1235
1232.95
1227.91
1211
1195
1211
1208.16
1203.56
1202.36
1202.4
1200.33
1197.41
1195
1192.85
1191.38
1189.81
1273
1227
1223.69
1224.12
1225.55
1219
1211
1212.62
1211
1211
1209.11
1207.51
1188
1197.36
1198.53
1180
1190.23
1191.64
1211
1164
1189.67
1188.5
1187.55
1188.42
1094
1031
1060.7
1077.06
1088.9
1117
1136.29
1146
945
1023.79
891
924.16
925.155
931.494
914
914
924.695
953
957.355
961.124
964.724
1125
1164
1203
1235
1233.73
1232.53
1242
1234
1232.73
1232.17
1233.11
1234.68
1236.35
1172
1174.92
1183.34
1184.74
1184.54
1211
1212.33
1180
1179.67
1172
1226
1218.15
1205.91
1211
1234
1172
1156
1172
1178.25
1164
1172
1094
1039
1043.07
1044.27
1050.69
1305
1260.72
1240.04
1237.24
1227
1210.24
1196.36
1186.37
1177.89
1170.73
1227
1221.15
1289
1267.95
1211
1210.19
1206.64
1188
1180.28
1176.39
1172.67
1169.41
1167.15
1165.29
1163.88
1163.51
1162.61
1161.54
1188
1189.08
1195.81
1203.26
1207.88
1266
1226
1219.56
1289
1269.87
1249.49
1243.3
1172
1178.19
1258
1251.85
1234.84
1226.05
1223.91
1226.01
1222.51
1234
1227.29
1220.89
1133
1158.85
1164.71
1168.62
1168.82
1250
1234
1220.96
1234
1227
1211.48
1205.12
1204.77
1196.39
1133
1133
1203
1203
1192.5
1227
1203
1191.2
1197.98
1199.06
1180
1179.35
1188.01
1164
1219
1219.22
1203.1
1234
1228.89
1242
1230.91
1228.87
1224.85
1110
1145.13
1172.12
1170.04
1167.58
1183.01
1181.13
1172.41
1182.02
1141
1152.69
1234
1217.82
1205.92
1213.1
1205.24
1281
1260.42
1245.44
1245.62
1239.19
1228.16
1223.51
1281
1262.04
1247.97
1244.16
1250
1211
1164
1170.52
1173.55
1227
1228.06
1273
1270.98
1255.33
1247.95
1241.53
1228.6
1218.37
1212.24
1206.58
1202.76
1202.47
1203.91
1205.98
1208.61
1211.4
1212.98
1212.59
1210.42
1208.59
1206.4
1203.06
1200.33
1198.58
1188
1190.25
1188.74
1186.7
1117
1078
1125
1130.64
1142.88
1211
1221.92
1258
1253
1246.64
1238.97
1228.43
1180
1181.41
1174.49
1211
1214.92
1216.58
1214.97
1207.41
1219
1195
1193.07
1189.59
1211
1206.23
1201.17
1197.71
1196.04
1193.79
1190.22
1186.4
1183.06
1180.88
1180.89
1148
1141
1140.62
1140.65
1143.32
1146.2
1149.25
1151.19
1219
1265
1297
1274.64
1262.09
1253.42
1245.81
1237.65
1211
1204.67
1201.81
1200.91
1203
1203.35
1203.27
1203.43
1188
1186.77
1186.04
1185.9
1195
1197.13
1199.05
1200.02
1195
1194.07
1191.96
1187
1186.03
1203
1205.31
1209.95
1172
1179
1179.12
1182.21
1184.43
1185.08
1183.74
1186.39
1187.72
1188.62
1187.62
1203
1202.98
1117
1154.24
1157.26
1155.97
1155
1195
1188.23
1184.9
1186.96
1190.96
1226
1212.75
1206.9
1207.78
1209.5
1078
1108.69
1145.5
1094
1226
1209.89
1200.3
1289
1263.37
1243.9
1249.31
1238.31
1221.73
1226.61
1195
1141
1154.03
1154.6
1147.75
1157.52
1167.98
1250
1258
1242.26
1237.15
1225.27
1208.06
1086
1109.78
1112.11
1111.61
1117.58
1128.36
1242
1243.22
1231.78
1228.83
1221.76
1250
1125
1137.22
1142.44
1144.96
1140.82
1234
1219
1202.31
1289
1219
1197.17
1212.36
1219
1133
1146.12
1102
1100.01
1100.05
1102.7
1103.36
1104.52
1305
1246.34
1228.87
1233.88
1222.47
1281
1250
1281
1266
1255.76
1251.51
1245.78
1195
1201.4
1211
1211
1207.95
1208.93
1211.24
1211.65
1211.29
1210.99
1265
1252.47
1156
1189.12
1164
1167.08
1250
1240.51
1234.79
1242
1238.23
1180
1211
1215.67
1206.97
1164
1180.84
1055
1054
1060.79
1063.67
1068.57
1266
1253.64
1242
1245.9
1230.61
1216.1
1212.85
1202.23
1191.05
1188.48
1183.28
1164
1160.64
1188
1234
1230
1221.57
1217.02
1211.73
1242
1232.91
1222.86
1214.92
1209.21
1203.46
1197.93
1193.21
1188.9
1185.71
1186.21
1187.41
1189.09
1190.58
1191.84
1192.4
1191.28
1189.68
1187.92
1186.12
1184.37
1182.69
1181.57
1181.27
1181.41
1182.64
1183.51
1234
1233.53
1228.44
1223.82
1218.65
1212.02
1203.86
1195.85
1190.1
1187.73
1186.53
1186.61
1258
1289
1264.88
1251.52
1241.58
1231.78
1220.9
1210.96
1203.9
1227
1233.47
1231.89
1223.52
1266
1268.47
1258.16
1247.77
1241.33
1235.73
1228.3
1222.32
1218.39
1000
1000
1078.59
1114.83
1273
1289
1273.72
1269.35
1263.61
1252.21
1242.61
1234.31
1234
1225.32
1219.1
1213.68
1258
1251.61
1245.38
1240.56
1235.86
1125
1195
1191.25
1189.09
1188.93
1188
1203
1219
1211.52
1206.96
1204.22
1164
1211
1204.22
1227
1217.88
1289
1281
1271.91
1258
1256.69
1219
1225.97
1078
1137.88
1023
1055.89
1055.19
1058.18
1172
1176.33
1183.88
1305
1304
1250
1253.46
1249.58
1258
1251.14
1250.07
1246.79
1242.28
1238.66
1236.85
1219
1250
1247.11
1070
1174
1172.37
1171.53
1172.98
1297
1264.48
1250.75
1247.47
1241.95
1230.79
1225.96
1225.87
1222.16
1220.76
1222.69
1223.37
1223.55
1224.32
1225.53
1305
1273
1289
1281
1274.61
1274.28
1270.5
1264.61
1071
1164.29
1117
1120.86
1122.87
1180
1176.7
1187.51
1194.71
1199.24
1202.03
1172
1117
1039
1051.84
1052.75
1056.79
1063.6
1072.45
1077.11
1081.83
1266
1248.83
1235.5
1234.24
1232.94
1225.27
1217.56
1212.34
1209.06
1164
1125
1123.04
1121.79
1122.26
1123.65
1203
1234
1222.28
1227
1221.84
1208.4
1196.45
1186.33
1177.42
1169.67
1163.09
1157.75
1211
1213.72
1213.08
1211.57
1210.37
1204.84
1235
1231.68
1223.86
1216.62
1234
1231.76
1225.88
1218.74
1070
1000
1031
1050.26
1081.63
1105.09
1132.19
1234
1274
1281
1263.61
1289
1258
1227
1217.89
1213.35
1242
1239.29
1231.06
1231.33
1231.22
1224.82
1218.55
1214.66
1211.82
1208.48
1205.13
1203
1201.13
1199.97
1198.57
1197.32
1195.99
1194.67
1193.31
1192.7
1193.53
1188
1191.05
1191.45
1193.79
1289
1257.36
1247.87
1243.45
1227
1219.27
1214.29
1209.07
1227
1232.1
1228.47
1156
1180
1191.86
1196.89
1198.51
1273
1259.43
1258
1250.18
1243.15
1234.77
1225.73
1217.36
1210.41
1204.6
1102
1139.83
1140
1146.42
1156.17
1167.02
1227
1233.45
1228.25
1226.15
1172
1227
1220.31
1209.63
1208.33
1205.17
1198.88
1227
1219.2
1250
1240.06
1236.22
1258
1247.23
1240.76
1239.14
1234.74
1230.46
1226
1224.1
1220.79
1164
1196.48
1203
1198.6
1266
1249.96
1250
1251.22
1245.02
1195
1219
1219
1213.96
1220.71
1289
1258
1281
1275.43
1265.94
1258
1250.39
1240.77
1234.63
1228.45
1222.65
1221.58
1220.29
1219.56
1219.7
1220.56
1220.37
1220.89
1220.99
1221.71
1223.13
1224.33
1225.64
1226.95
1228.33
1078
1209.07
1273
1246.14
1240.26
1242.39
1246.03
1247.05
1246.61
1246.98
1248.5
1249.38
1249.66
1250.31
1187
1207.53
1209.12
1205.29
1188
1242
1229.65
1234
1233.06
1233.27
1233.95
1234
1233.78
1232.22
1230.86
1229.18
1226.48
1157
1125
1134.29
1135.73
1140.45
1149.11
1196
1208.04
1213.01
1219.94
1219.17
1188
1195
1190.05
1181.97
1183.03
1182.04
1180.5
1181.64
1182.81
1184.09
1185.43
1185.63
1185.9
1185.92
1185.75
1185.17
1184.57
1184.03
1182.54
1181.37
1180.31
1179.97
1250
1203
1086
1165.75
1162.72
1164.16
1167.13
1289
1289
1250
1289
1276.46
1257.46
1281
1270.47
1255.44
1258
1256.28
1245.75
1241.67
1157
1172.43
1174.98
1172.28
1174.62
1185.87
1185.6
1328
1297.65
1320
1308.41
1242
1241.44
1250
1258
1248.35
1156
1188.55
1191.75
1195.18
1195
1201.65
1196
1234
1233.37
1226.04
1220.94
1221.9
1221.75
1218.27
1234
1228.78
1226.55
1234
1219
1222.29
1078
1147.98
1147.63
1145.89
1151.07
1156.34
1158.8
1226
1258
1251.41
1247.47
1273
1265.85
1250
1251.03
1242
1203
1210.6
1208.26
1094
1124.84
1203
1198.74
1195.94
1209.32
1205.5
1196.36
1198.05
1195.57
1188.4
1182.92
1180.63
1177.01
1274
1255.4
1243.62
1241.98
1203
1227
1224.08
1148
1172.4
1177.25
1171.16
1219
1281
1253.06
1240.48
1239.54
1195
1190.71
1187
1182.73
1219
1224.18
1211
1206.33
1203.46
1195.92
1189.92
1188.18
1186.49
1186.06
1187.53
1188.66
1189.49
1190.27
1190.48
1190.74
1195
1203
1201.73
1211
1211.03
1212.57
1212.87
1211.53
1258
1251.03
1234
1229.1
1226.35
1227
1224.66
1221.4
1218.38
1216.93
1215.48
1214.02
1212.56
1211.11
1211
1209.71
1208.75
1208.7
1157
1224.94
1207.57
1204.93
1203.74
1227
1218.76
1217.56
1218.76
1250
1240.98
1312
1266
1297
1289.25
1285.46
1283.81
1280.96
1279.6
1277.55
1276.47
1180
1247.6
1236.81
1235
1218
1235
1234
1231.28
1232.39
1233.74
1234.54
1250
1243.23
1244.47
1245.77
1245.44
1245.74
1245.89
1246.47
1246.86
1248.48
1249.46
1297
1279.78
1275.35
1289
1286.35
1283.62
1297
1290.09
1287.61
1266
1258
1256.59
1255.12
1253.98
1063
1185.16
1234
1222
1222.87
1227.51
1231.39
1336
1308.99
1301.72
1301.05
1300.2
1164
1197
1204.2
1200.77
1219
1229.17
1234
1231.21
1233.29
1234.76
1233.57
1250
1243.65
1242.41
1242.25
1240.51
1237.93
1237.02
1234.19
1031
1122.53
1242
1227.61
1224.26
1232.76
1229.41
1228.15
1231.47
1224.75
1235
1289
1270.14
1262.18
1258
1253.56
1249.5
1248.79
1246.74
1245.35
1244.82
1244.59
1244.6
1244.36
1244.24
1244.12
1243.21
1242.28
1241.62
1265
1227
1156
1242.48
1172
1207.33
1250
1234.38
1203
1216.87
1234
1172
1094
1109.12
1118.94
1126.05
1134.17
1152.82
1162.42
1226
1228.26
1281
1271.1
1253.48
1281
1274.43
1281
1268.83
1266.04
1250
1245.33
1240.97
1235.4
1232.2
1229.55
1228.34
1227.93
1289
1280.87
1273.27
1268.78
1267.41
1195
1188
1189.66
1192.5
1197.09
1200.7
1234
1274
1320
1311.93
1266
1260.61
1234
1219
1215.49
1214.27
1219
1180
1125
1125.78
1164
1203
1220.07
1228.5
1219
1219.66
1221.67
1219.76
1213.06
1206.95
1202.42
1198.78
1195.08
1191.27
1187.65
1164
1164.93
1164.62
1163.59
1166.11
1168.5
1170.97
1172.17
1172.37
1171.86
1170.15
1167.74
1211
1206.42
1219
1216.71
1242
1244.03
1240.98
1236.23
1233.99
1232.25
1229.27
1226.3
1223.82
1289
1276.8
1273
1262.61
1257.73
1234
1232.58
1230.56
1227.41
1224.78
1223.41
1223.74
1224.26
1223.87
1223.23
1222.42
1203
1216.16
1212.54
1213.74
1215.27
1188
1209.27
1204.86
1195
1200.33
1195
1197.85
1197.87
1198.9
1200.53
1297
1375
1383
1320
1306.88
1336
1338.19
1195
1204.23
1204.24
1125
1102
1106.21
1108.41
1112.45
1116.26
1122.21
1127
1129.29
1130.66
1132.31
1211
1220.29
1219.49
1218.22
1187
1186.22
1187.02
1186
1184.73
1250
1252.81
1251.55
1244.56
1242.22
1241.83
1238.75
1231.78
1266
1328
1281
1297
1292.27
1289
1281.55
1274.38
1268.57
1219
1265
1258
1254.78
1256.8
1257.19
1256.22
1281
1274.14
1270.5
1281
1276.07
1266
1242
1248.68
1247.72
1246.4
1247.37
1248.48
1248.77
1258
1255.94
1266
1264.96
1265.79
1266.11
1289
1266
1268.5
1235
1247.14
1246.74
1234
1240.17
1239.67
1238.95
1240.93
1242
1235
1239.3
1219
1231.91
1203
1218.58
1214.83
1172
1180
1181.74
1178.81
1181.57
1183.68
1186.14
1125
1156
1151.72
1149.1
1125
1137.6
1164
1156
1162.09
1165.46
1168.79
1171.59
1164
1169.66
1171.37
1172
1173.19
1174.62
1175.93
1176.82
1125
1143.45
1146.64
1146.71
1147.43
1150.56
1250
1207.58
1203
1200.02
1193.76
1172
1195
1203
1190.22
1186.35
1180
1187
1182.72
1178.35
1180
1172
1173.27
1174.15
1196
1226
1211
1211
1206.67
1200.99
1196.43
1172
1172.02
1170.99
1171.65
1173.52
1176.53
1179.32
1181.54
1183.05
1184.23
1218
1217.9
1213.59
1180
1203
1180
1180.32
1179.06
1177.88
1140
1125
1127.17
1128.38
1131.75
1136.09
1140.37
1144.61
1148.58
1164
1169.41
1173.42
1176.27
1133
1140.82
1117
1118.74
1119.72
1121.95
1156
1166
1169.46
1170.34
1164
1157.71
1151.42
1144.34
1138.29
1149
1152.22
1153.21
1164
1164.39
1158.24
1151.95
1145.99
1141.88
1139.92
1078
1100.37
1100.04
1102.08
1107.63
1109.91
1112.83
1113.75
1115.09
1086
1101.32
1097.84
1102
1102.91
1105.01
1107.31
1109.35
1111.5
1113.55
1117
1102
1109.75
1086
1109
1102.33
1104.16
1104.86
1106.33
1107.14
1108.15
1107.42
1156
1164
1146.93
1141.12
1135.53
1172
1164.62
1157.66
1151.75
1149.7
1150.92
1150.13
1172
1164.42
1141
1141.82
1144.21
1146.1
1144.37
1141.02
1117
1125
1126.89
1129.6
1128.43
1125
1094
1117
1118.96
1121.05
1116.66
1112.41
1116.4
1195
1179.49
1168.45
1160.87
1159.34
1161.1
1156.85
1147.21
1141.79
1140.74
1140.14
1136.56
1148
1144.51
1141.95
1139.21
1133
1133
1131.59
1172
1172
1163.75
1172
1156
1151.07
1147.27
1143.52
1140.88
1138.78
1110
1120.67
1118.92
1121.27
1124.67
1127.28
1130.08
1179
1175.81
1172.08
1168.29
1163.26
1156.33
1149.68
1143.66
1138.76
1219
1200.64
1193.08
1187.99
1196
1179
1149
1148.08
1125
1124.71
1123.75
1125.34
1127.8
1129.73
1131.48
1132.63
1133.16
1133.11
1172
1164
1156
1155.7
1156.5
1187
1141
1146.09
1146.79
1145.38
1143.38
1172
1148
1150.7
1148
1148.73
1147.56
1146.35
1144.98
1218
1170.58
1166.75
1164.47
1163.12
1160.97
1211
1181.22
1175.61
1172.43
1170.54
1169.62
1167.9
1166.19
1164.65
1163.3
1163.02
1162
1162.31
1162.22
1172
1168.69
1167.83
1149
1175.07
1168.32
1166.89
1165.94
1167.57
1168.23
1169.1
1167.95
1156
1168.78
1125
1133
1117
1122.84
1122.64
1123.72
1125
1126.49
1127.23
1149
1145.64
1147.81
1150.6
1125
1134.51
1133.18
1131.75
1133
1132.83
1086
1110.36
1106.44
1105.27
1107.85
1109.46
1164
1151.67
1148.69
1148.69
1147.46
1172
1162.91
1157.97
1156.53
1156.27
1153.22
1117
1127.65
1125.11
1122.67
1156
1150.96
1164
1156
1180
1173.02
1166.96
1166.5
1162.61
1157.3
1153.55
1149.86
1070
1111.12
1106.89
1164
1195
1211
1202.3
1199.81
1219
1125
1145.8
1140.59
1136.18
1086
1104.27
1172
1211
1196.1
1196.07
1189.84
1176.49
1167.81
1158.63
1147.43
1140.27
1136.05
1132.87
1130.75
1130.19
1130.11
1242
1242
1219.57
1207.21
1242
1226
1211.68
1202.29
1196.15
1187.15
1266
1289
1258.46
1281
1279.64
1270.41
1250
1244.24
1241.56
1219
1215.03
1214.7
1213.57
1242
1237.36
1219
1221.12
1220.63
1215.83
1213.82
1215.15
1215.45
1215.47
1266
1262.88
1250
1227
1225.24
1234
1236.56
1235.81
1234.04
1234.29
1236.78
1211
1216.13
1217.17
1220.26
1220.56
1218.99
1221.19
1223.35
1222.51
1180
1196.21
1197.39
1200.13
1164
1177.51
1203
1204.9
1197.8
1201.62
1210.09
1210.71
1203.44
1211
1215.12
1227
1216.63
1213.32
1273
1259.3
1243.16
1250
1251.88
1234
1228.3
1234.94
1232.01
1156
1177.82
1125
1133
1133.39
1136.67
1211
1221.02
1217.56
1203
1207.59
1207.29
1200.84
1198.58
1197.36
1194.69
1192.87
1192.13
1191.84
1234
1231.07
1230.5
1227.29
1224.33
1221.36
1216.51
1211.48
1207.45
1205.08
1202.94
1199.94
1197.32
1226
1222.61
1219.9
1217.61
1214.95
1212.09
1209.22
1242
1237.75
1232.99
1227.9
1219
1258
1254.31
1249.2
1273
1267.99
1263.64
1242
1243.17
1245.68
1245.51
1241.32
1258
1254.14
1252.52
1273
1289
1297
1287.13
1304
1301.23
1294.93
1290.03
1286.24
1281.39
1277.43
1273.83
1270.54
1211
1241.71
1258
1258.21
1261.28
1266.6
1203
1195
1196
1194.93
1198.06
1202.11
1205.72
1086
1162.03
1154.55
1151.32
1258
1265
1262.26
1263.6
1266.05
1263.15
1242
1245.09
1242.3
1258
1211
1227
1226.22
1219.93
1211
1213.77
1180
1191.4
1189.44
1195
1191.06
1193.03
1194.75
1117
1086
1088.98
1088.19
1091.8
1179
1193.91
1202.12
1207.59
1211.48
1212.38
1213.04
1213.63
1212.91
1125
1094
1094.24
1094.75
1102.22
1111.94
1227
1232.58
1223.69
1219.24
1207.64
1172
1156
1145.75
1135.62
1128.8
1125.81
1124.54
1172
1182.7
1164
1158.9
1195
1201.04
1193.36
1164
1172
1176.85
1171.46
1160.89
1154.39
1152.22
1149.4
1145.25
1133
1135.04
1137.76
1142.31
1125
1125
1127.67
1055
1099.8
1098.59
1164
1152.83
1146.52
1125
1134.28
1137.79
1117
1055
1070
1031
977
981.036
961
963.275
965.718
968.93
972.69
975.843
978.461
1117
1133
1195
1203
1196.71
1234
1172
1168.93
1169.42
1219
1250
1227
1223.98
1226.3
1228.56
1187
1186.04
1188.3
1188.23
1186.96
1172
1172.02
1173.25
1172.58
1170.96
1169.52
1168.05
1166.73
1164.55
1163.55
1250
1222.1
1242
1233.92
1226.47
1220.2
1213.62
1206.76
1202.5
1200.21
1199.25
1198.87
1198.85
1198.73
1199.19
1198.11
1198.05
1250
1232.64
1225.88
1234
1219
1220.3
1273
1247.01
1239.49
1235.31
1232.88
1227
1225.68
1258
1252
1258
1249.82
1245.21
1245.3
1245.41
1242.14
1238.42
1219
1221.85
1220.67
1219.32
1195
1202.25
1202.91
1195
1199.52
1201.59
1201.97
1219
1220.89
1203
1210.4
1211.79
1195
1250
1239.14
1226
1228.69
1229.4
1219
1211
1215.34
1214.1
1209.58
1211
1213.86
1242
1229.13
1222.68
1224.68
1220.93
1133
1185.16
1184.51
1178.43
1180.05
1185.69
1086
1135.9
1133.42
1127.77
1031
1069.85
1074.26
1068.04
1164
1159.94
1159.94
1167.86
1169.59
1188
1183.99
1164
1169.26
1169.56
1162.17
1258
1227.08
1213.65
1214.45
1208.77
1200.63
1196.97
1227
1250
1231.9
1225.29
1223.64
1223.71
1281
1264.49
1250.3
1243.51
1242.01
1242.96
1250
1211
1212.97
1227
1265
1253.46
1265
1253.86
1247.86
1242
1241.54
1240.1
1203
1206.17
1207.95
1210.96
1212.78
1211.71
1211.67
1214.14
1214.9
1213.63
1211.25
1211.47
1133
1180
1187
1242
1233.01
1195
1055
836
931.181
966.101
828
805
832.389
853.031
861.183
871.899
886.078
898.659
908.753
916.943
1289
1269.65
1244.04
1236.96
1241.65
1249.02
1253.76
1256.84
1242
1248.78
1255.61
1250
1255.05
1260.74
1039
1084.28
1104.62
1172
1172.57
1170.82
1170.55
1172.24
1375
1316.17
1269.39
1375
1352.9
1319.59
1298.65
1296.69
1305
1291.74
1284.69
1285.04
1284.76
1283.45
1281.87
1280.85
1280.42
1279.63
1278.43
1277.58
1277.37
1277.4
1276.29
1250
1261.21
1260.39
1234
1246.08
1258
1255.01
1259.49
1262.91
1266.38
1269.89
1266
1270.69
1270.66
1271.68
1281
1278.29
1279.54
1279.71
1279.05
1279.3
1278.15
1278.12
1277.58
1277.2
1276.99
1277.09
1234
1249.7
1250.86
1187
1242.28
1230.59
1203
1203
1207.7
1206.58
1208.52
1210.41
1242
1219
1227
1229.83
1258
1281
1289
1286.9
1285.83
1281
1279.14
1276.37
1272.72
1270.38
1268.57
1321
1306.33
1299.2
1293.74
1293.63
1281
1278.56
1273
1269.42
1266.64
1264.33
1258
1258.17
1257.85
1257.67
1257.56
1257.82
1257.45
1257.65
1257.93
1258.46
1259.31
1260.3
1180
1148
1172
1180
1189.8
1199.57
1219
1227.12
1234.66
1239.85
1164
1187.42
1187.82
1186.96
1211
1217.46
1218.34
1180
1190.5
1191.94
1190.46
1180
1184.82
1188.19
1188.23
1188.54
1190.19
1192.82
1190.72
1190.8
1192.14
1190.55
1242
1297
1267.39
1247.1
1219
1212.19
1209.9
1207.78
1204.45
1235
1242
1234.93
1227.65
1223.19
1266
1273
1262.74
1249.3
1240.25
1273
1276.27
1269.45
1265
1256.74
1235
1235.49
1266
1250
1243.76
1258
1260.73
1262.45
1256.37
1250.88
1250.91
1253.19
1251.28
1246.15
1241.92
1243.91
1246
1265
1258.72
1252.45
1281
1305
1292.99
1281.84
1277.86
1297
1297.88
1289.68
1282.54
1282.41
1328
1322.74
1310.88
1300
1300.34
1304.94
1304.19
1295.82
1290.36
1291.39
1294.28
1291.66
1289
1281
1282.24
1284.59
1285.04
1304
1298.14
1293.7
1292.75
1258
1272.53
1273.73
1275.6
1274.62
1273.03
1272.36
1289
1281
1266
1271.63
1273.59
1275.76
1274.37
1273.13
1275.7
1277.18
1250
1260.71
1261.99
1261
1259.88
1258
1261.34
1273
1227
1245.15
1234
1236.5
1235.52
1203
1250
1219
1224.3
1211
1218.6
1203
1210.09
1211.87
1210.66
1213.03
1227
1222.87
1225.59
1273
1261.25
1258.33
1258.18
1258.63
1281
1273.33
1269.78
1268.71
1268.77
1268.53
1266.04
1265.46
1264.46
1264.2
1263.6
1235
1243.55
1250
1246.48
1246.26
1246.56
1247.35
1247.12
1250
1248.88
1248.56
1248.45
1248.28
1248.74
1266
1263.6
1263.32
1262.4
1263.09
1226
1250.45
1242
1243.33
1258
1252.47
1251.79
1305
1289
1289
1297
1292.6
1289
1288.02
1304
1296.71
1293.09
1292.83
1293.25
1291.17
1289.38
1288.25
1287.35
1281
1282.74
1280.91
1289
1284.52
1284.54
1285.73
1289
1281
1283.13
1250
1242
1211
1225.93
1227
1232.98
1274
1297
1300.68
1305
1306.81
1281
1286.01
1281.59
1275.34
1275.38
1272.31
1268.72
1266.14
1264.47
1263.49
1263.39
1250
1253.6
1250.69
1251.04
1211
1230.72
1225.83
1227.01
1228.1
1228.7
1229.38
1203
1213.95
1211.54
1211.35
1212.94
1214.62
1281
1266
1265.89
1250
1253.48
1252.53
1258
1258
1255.33
1250
1242
1266
1281
1274.38
1273
1266
1264.91
1297
1281
1276.66
1258
1259.61
1262.69
1263.87
1258
1253.25
1251.71
1252.85
1253.64
1252.73
1250
1250.14
1252.57
1254.17
1253.07
1249.48
1289
1282.99
1275.28
1271.95
1272.17
1272.72
1269.35
1203
1242.51
1241.34
1240.49
1236.82
1239.24
1258
1250
1250
1250.23
1254.55
1253.82
1252.15
1273
1268.07
1264.32
1262.48
1264.96
1250
1254.3
1250
1250.25
1248.77
1250.83
1226
1219
1222.25
1223.77
1223.91
1227.02
1211
1217.31
1216.36
1172
1213.73
1204.99
1204.16
1206.85
1208.07
1210.15
1210.91
1213.01
1214.16
1180
1198.34
1273
1254.06
1258
1234
1195
1203.13
1206.67
1208.91
1125
1156
1172
1173.09
1169.41
1170.19
1173.58
1179.63
1182.47
1178.78
1179.13
1182.09
1185.64
1211
1203.76
1211
1206.06
1258
1249.43
1250
1236.88
1232.56
1235.62
1236.91
1231.9
1227.45
1211
1213.27
1211
1209.64
1258
1248.03
1242.72
1238.79
1236.71
1235
1231.7
1228.04
1250
1244.44
1250
1244.72
1240.93
1239.4
1236.87
1233.72
1232.04
1231.56
1231.17
1231.06
1231.13
1231.04
1231.26
1231.1
1231.07
1231.06
1231.21
1231.12
1289
1281
1320
1303.52
1295.16
1287.46
1281.67
1304
1305
1297
1289.1
1286.76
1290.58
1293.57
1292.33
1287.81
1284.4
1284.49
1266
1268.22
1267.14
1266.56
1266.12
1265.73
1265.84
1266.18
1266.33
1266.44
1180
1247.99
1239.68
1237.48
1238.88
1242.1
1258
1254.9
1257.61
1305
1295.23
1293.49
1289
1274
1278.23
1276.04
1086
1195.19
1190.13
1185.93
1189.45
1196.67
1197.35
1199.48
1203.26
1203
1227
1221.69
1172
1195.95
1234
1222.09
1217.46
1218.7
1224.27
1224.63
1224.6
1225.28
1164
1189.24
1273
1245.67
1236.39
1258
1250.47
1266
1254.83
1250
1248.76
1246.09
1250
1242
1250
1281
1268.3
1273
1267.63
1264.57
1260.77
1255.86
1251.57
1247.93
1250
1246.48
1289
1275.56
1270.66
1268.16
1211
1247.09
1242.58
1250
1249.76
1250.2
1266
1273
1270.6
1268.35
1267.24
1266.1
1281
1328
1316.32
1313
1343
1336.96
1331.32
1327.16
1322.95
1319.37
1312
1309.56
1328
1322.17
1320.19
1328
1326.19
1326.1
1323.86
1320.69
1281
1291.42
1288.23
1288.64
1258
1269.2
1265
1264.25
1266.26
1268.54
1270.07
1271.85
1235
1252.37
1266
1262.9
1267.07
1270.16
1250
1250
1252.32
1252.19
1253.97
1250
1253.82
1255.88
1258
1259.78
1281
1280.02
1277.7
1275.46
1274.6
1269.06
1281
1276.72
1265
1268.86
1266
1262.34
1261.93
1262.47
1261.32
1273
1273.05
1265
1266.65
1267.36
1265.93
1264.42
1289
1281.51
1281
1279.25
1276.22
1281
1278.55
1273
1305
1294.01
1290.82
1320
1311.7
1312
1309.6
1281
1284.12
1273
1258
1261.25
1261.06
1261.93
1250
1256.94
1266
1266.8
1250
1305
1296.62
1282
1286.37
1297
1281
1279.77
1227
1242
1244.36
1242.46
1246.13
1254.23
1297
1292.96
1285.11
1284.54
1276.88
1264.66
1257.53
1289
1286.15
1266
1266.64
1289
1284.94
1271.04
1271.89
1278.87
1274.92
1203
1218.64
1226.63
1229.32
1222.2
1231.01
1180
1191.71
1193.05
1242
1211
1203
1214.08
1133
1195
1196.61
1192.7
1192.66
1202.12
1205.74
1202.72
1289
1272.26
1281
1269.84
1227
1233.73
1234.06
1223.45
1219.72
1211
1212.32
1210.67
1208.77
1180
1190.53
1188.07
1187.58
1189.29
1195
1180
1188.21
1187.3
1187.93
1188.97
1189.36
1203
1172
1185.33
1183.22
1180
1183.22
1305
1260.24
1235
1233.98
1229.31
1222.99
1219.27
1216.92
1214.34
1234
1227.23
1218
1219
1211
1172
1195
1191.48
1190.84
1133
1161.96
1163.96
1162.35
1165.63
1169.67
1171.31
1102
1129.06
1195
1184.14
1177.5
1183.94
1188.45
1180.99
1266
1246.64
1228.84
1232.95
1250
1230.29
1242
1243.93
1235
1312
1305
1289
1336
1323.56
1305
1273
1276.01
1274.75
1267.18
1262.93
1263.35
1261.7
1259.23
1257.97
1312
1298.77
1291.18
1287.94
1284.54
1279.1
1274.6
1270.96
1267.72
1265.29
1263.43
1263.32
1211
1172
1173.88
1173.12
1174.73
1297
1299.58
1299.31
1298.83
1292.24
1234
1234.52
1230.28
1225.68
1258
1320
1315.55
1281
1281
1272.25
1211
1212.57
1250
1265.16
1261.03
1257.03
1253.66
1242
1233.37
1227.16
1222.54
1219.49
1218.52
1218.04
1250
1242
1242.99
1243.51
1242.88
1156
1188.69
1186.39
1211
1289
1250
1250.64
1253.31
1247.99
1240.09
1233.86
1229.46
1225.61
1223.95
1223.49
1273
1266.75
1258.85
1252.85
1248.76
1242.9
1236.69
1266
1281
1271.16
1263.57
1258.19
1253.64
1248.38
1211
1211
1210.68
1211.72
1213.71
1217.13
1281
1283.72
1275.03
1267.6
1261.36
1253.22
1244.35
1219
1215.68
1214.09
1214.82
1216.91
1289
1291.54
1281.27
1272.34
1262.81
1242
1233.18
1226.92
1221.6
1265
1276.56
1234
1235
1237.98
1237.72
1233.24
1229.44
1230.49
1232.12
1231.54
1195
1200.53
1289
1234
1274
1267.79
1250
1242
1244.04
1244.23
1239.94
1236.51
1238.6
1240.23
1236.48
1232.47
1234.5
1236.41
1336
1245.44
1281
1269.44
1264.43
1260.65
1258.11
1274
1273
1266.21
1264.77
1289
1278.82
1274.78
1289
1285.46
1289
1284.09
1283.54
1284.26
1273
1276.18
1266
1267.92
1219
1274.04
1260.3
1219
1241.93
1240.06
1219
1250
1244.34
1243.18
1211
1211
1195
1242
1250
1250
1266
1265.47
1266.03
1266.2
1289
1281
1278.08
1279.43
1276.51
1274.12
1272.28
1269.22
1266.14
1263.63
1260.51
1259.31
1188
1172
1187
1203
1219
1228.72
1235.56
1266
1267.2
1267.78
1265.83
1117
1151.57
1188.85
984
1065.54
922
995.789
1001.54
969
993.016
1008
1094
1098.1
1108.39
1117.52
1124.27
1128.92
1086
1093.68
1097.69
1096.61
1117
1180
1178.73
1304
1276.98
1275.71
1274.6
1273.92
1320
1309.79
1305.45
1242
1249.9
1265
1261.64
1254.65
1249.94
1249.68
1289
1281
1297
1290.3
1284.76
1297
1295.16
1281
1305
1298.33
1289.62
1219
1125
1137.15
1138.39
1145.71
1153.06
1165.08
1179.92
1191.49
1227
1273
1280.51
1278.58
1278.97
1156
1180.78
1181.05
1182.51
1186.52
1195.76
1201.13
1258
1261.15
1257.04
1255.63
1254.37
1247.55
1240.88
1236.54
1289
1289
1269.2
1258.54
1258.13
1253.36
1245.18
1239.01
1235.05
1232.48
1232.04
1250
1248.02
1249.33
1249.55
1246.63
1281
1275.3
1268.08
1242
1237.64
1239.25
1241.28
1243.21
1240.16
1236.05
1336
1301.67
1289
1284.04
1283.08
1312
1303.5
1336
1321.94
1312.31
1308.91
1336
1331.76
1323.75
1317.25
1315.43
1317.61
1315.95
1312.13
1308.63
1307.2
1307.35
1306.5
1305.18
1304.33
1303.83
1303.5
1302.54
1301.03
1301.65
1301.71
1297
1299.12
1298.6
1320
1319.99
1318.47
1315.92
1314.23
1250
1314.85
1302.4
1301.03
1300.1
1301.63
1303.1
1303.69
1303.88
1304.66
1258
1283.35
1281.91
1280.03
1279.24
1281.49
1283.16
1227
1218
1221.55
1223.23
1203
1297
1286.66
1211
1238.42
1246.32
1240.11
1244.88
1281
1227
1243.02
1254.05
1266
1289
1291.24
1273
1282
1320
1300.9
1266
1281
1281.71
1250
1266
1273.6
1258.32
1257.97
1267.02
1257.59
1313
1298.52
1286.53
1291.69
1258
1261.89
1264.74
1259.1
1256.47
1258
1256.73
1254.09
1256.62
1258.38
1255.77
1297
1289.43
1283.32
1282.86
1250
1259.27
1260.28
1256.84
1195
1244.91
1239.57
1236.31
1239.61
1242.7
1242.19
1244.58
1246.42
1246.79
1247.35
1247.91
1248.59
1248.75
1203
1222.1
1289
1219
1234.96
1238.53
1219
1226.04
1273
1257.98
1250.77
1252.72
1234
1227
1234.22
1234.93
1230.79
1232.34
1236.05
1236.59
1232.54
1250
1246.54
1240.55
1242.04
1245.59
1240
1234.39
1238.8
1239.47
1233.68
1235.13
1238.68
1236.28
1231.81
1233.67
1234.83
1232.04
1230.3
1235.95
1238.43
1229.58
1235.08
1242.53
1232.91
1233.48
1244.39
1237.96
1211
1227.02
1238.78
1250
1304
1277.54
1320
1306.8
1299.04
1281
1276
1269.66
1263.9
1259.97
1256.65
1254.1
1234
1219
1220.7
1220.35
1222.79
1225.77
1273
1227
1235.23
1236.42
1235.44
1235.93
1236.28
1219
1222.85
1227
1226.31
1227.78
1250
1251.29
1253.28
1253.16
1253.87
1252.53
1250.42
1248.51
1246.81
1244.7
1328
1219
1225.07
1226.92
1225.48
1235
1233.19
1235.21
1237.68
1250
1247.01
1245.96
1248.19
1247.75
1247.01
1245.37
1246.55
1245.78
1203
1231.75
1219
1220.96
1223.04
1224.36
1226.08
1227.64
1242
1237.6
1238.53
1240.19
1239.69
1238.77
1258
1249.95
1248.12
1248.42
1247.99
1250
1289
1277.04
1273.44
1274
1272.95
1272.39
1270.8
1268.17
1266.53
1250
1227
1229.36
1228.49
1230.78
1219
1225.19
1224.83
1273
1271.14
1267.95
1250
1248.32
1246.42
1242.79
1240.09
1238.27
1237.57
1234
1233.73
1233.78
1234.53
1235.33
1211
1223.07
1220.21
1250
1249.94
1246.36
1243.1
1240.98
1238.79
1236.17
1233.86
1232.3
1328
1250
1251.24
1251.29
1195
1237.83
1230.49
1228.52
1228.03
1229.91
1231.58
1219
1281
1247.29
1243.28
1243.37
1242
1227
1233.33
1232.4
1230.52
1231.56
1232.78
1258
1244.98
1242.73
1242
1243.13
1241.52
1266
1250
1247.14
1234
1239.16
1239.12
1237.58
1164
1234.41
1223.36
1250
1266
1253.08
1273
1266.73
1263
1260.98
1260.86
1016
992
1085.08
1112.93
1140.7
1227
1230.67
1320
1266
1264.73
1266.56
1251.34
1234
1236.59
1232.13
1228.87
1227.9
1281
1242
1266
1262.32
1255.13
1289
1278.17
1226
1238.74
1235.89
1230.14
1228.2
1226.73
1224.41
1273
1250
1250
1252.01
1242
1242.57
1273
1265.04
1257.58
1273
1267.55
1259.15
1289
1289
1250
1260.37
1265.64
1256.41
1252.17
1258.77
1257.34
1250.43
1252.97
1254.52
1251.51
883
1021.61
782
891.023
895.573
898.736
908.708
919.441
867
891
922
926.697
935.129
944.263
953.218
961.966
970.406
1258
1328
1314.56
1367
1414
1421.71
1428.84
1437.37
1446.07
1289
1303.52
1331.34
1339.1
1375
1377.03
1370.4
1377.33
1387.59
1305
1234
1243.88
1259.89
1273
1274.53
1275.11
1277.28
1277.88
1305
1258
1328
1320
1266
1277.93
1286.62
1286.26
1320
1319.43
1318.17
1317.07
1314.67
1311.87
1227
1253.87
1253.67
1256.29
1281
1289
1284.44
1285.03
672
840.353
1328
1292.05
1359
1352
1321.56
1321.17
1367
1343.46
1342.19
1273
1275.75
1274.58
1258
1258.1
1258.47
1258.45
1258
1258
1259.45
1260.23
1260.98
1265
1265.31
1266.62
1267.96
1305
1297.65
1281
1279.92
1281
1235
1281
1276.7
1276.57
1276.16
1281
1282.02
1305
1298.42
1293.54
1290.92
1289.91
1289.79
1258
1268.27
1235
1239.92
1195
1203.11
1188
1190.09
1289
1278.97
1281
1282.98
1283.72
1283.13
1250
1255.98
1252.1
1248.69
1250.62
1249.9
1242
1243.93
1243.55
1243.52
1244.19
1244.5
1244.9
1266
1242
1245.7
1266
1260.72
1257.39
1255.31
1234
1237.85
1234
1234.37
1227
1230.49
1231.84
1232.12
1234
1235.47
1237.16
1238.59
1281
1272.16
1268.42
1267.14
1266.21
1263.4
1227
1232.77
1233.45
1273
1297
1242
1258
1281
1219
1233.41
1236.82
1237.85
1236.45
1304
1278.98
1266.37
1289
1280.28
1264.46
1265.51
1267.48
1255.26
1249.77
1242
1242.74
1250
1246.56
1247.33
1249.64
1266
1242
1246.86
1250.95
1247.98
1244.67
1226
1236.24
1238.79
1237.43
1250
1248.11
1248.55
1249.51
1250.77
1265
1261.69
1258.76
1234
1240.75
1164
1218.07
1211.82
1195
1227
1220.43
1222.78
1225.36
1226.77
1228.21
1229.7
1231.01
1232.37
1282
1281
1275.86
1272.58
1271.44
1272.25
1270.09
1267.24
1219
1231.58
1228.49
1226
1227.7
1228.11
1228.87
1226
1227.8
1226.8
1226.97
1164
1208.1
1202.17
1200.74
1211
1242
1227
1231.53
1233.46
1164
1192.56
1273
1255.96
1250.16
1254
1281
1258
1258
1261.01
1252.95
1247.58
1247.03
1241.63
1234.77
1231.81
1229.2
1225.44
1222.14
1221.23
1221.03
1234
1230.24
1229.33
1211
1217.82
1274
1304
1266
1320
1297
1258
1262.14
1261.79
1255.68
1252.51
1273
1273.49
1267.45
1263.58
1266
1265.43
1261.27
1257.88
1255.84
1254.77
1252.24
1250
1219
1232.83
1231.69
1232.18
1233.58
1235
1235.79
1237.05
1237.84
1238.98
1156
1243.49
1230.47
1226.26
1226.83
1164
1200.08
1198.11
1195.96
1197.07
1198.85
1258
1244.82
1211
1222.96
1227.31
1250
1238.53
1180
1196.56
1200.95
1289
1235
1224.5
1226.73
1236.88
1237.29
1273
1245.86
1250
1258
1250
1289
1272.97
1259.67
1253.98
1250
1249.35
1243.81
1237.5
1233.94
1258
1211
1224.31
1227.28
1225.32
1225.21
1225.58
1219
1222.93
1223.02
1222.88
1242
1235.59
1250
1242
1243.97
1245.18
1243.94
1244.16
1250
1247.91
1281
1272.51
1234
1240.29
1240.84
1241.91
1242
1240.95
1219
1228.32
1234
1232.48
1219
1225.4
1226.81
1258
1250.61
1247.51
1247.24
1248.65
1234
1237.16
1238.88
1237.47
1232.51
1234.14
1236.54
1234.18
1230.26
1232.31
1234.09
1297
1297
1259.7
1274
1281
1270.37
1261.11
1273
1266
1258.53
1242
1245.55
1258
1256.78
1251.45
1251.24
1255.48
1226
1232.2
1211
1213.36
1164
1177.49
1178.45
1181.55
1281
1279.13
1273.67
1273.95
1269.84
1264.36
1219
1265
1261.14
1258.98
1258.87
1258.19
1254.31
1211
1217.96
1214.91
1212.61
1289
1304
1291.67
1287.02
1250
1243.47
1250
1243.35
1239.79
1238.62
1250
1244.94
1250
1250
1249.43
1248.65
1246.61
1211
1242
1236.49
1235.57
1237.85
1237.99
1289
1258
1253.77
1253.9
1242
1244.07
1282
1273
1267.79
1242
1246.08
1249.31
1273
1263.62
1257.79
1258
1257.81
1258.44
1255.26
1251.68
1250.28
1250.1
1248.81
1247.36
1242
1227
1230.56
1231.19
1233.32
1235.22
1237.34
1239.45
1241.59
1266
1268.67
1289
1287.35
1281.62
1276.53
1271.06
1264.98
1260.66
1257.85
1255.9
1254.94
1255.03
1242
1244.35
1297
1292.03
1287.42
1281.21
1275.42
1271.87
1297
1296.6
1289.95
1281.33
1265
1264.71
1266.03
1267.88
1267.12
1263.02
1259.43
1242
1245.3
1247.86
1253.44
1255.31
1253.19
1249.34
1248.04
1251.5
1255.65
1257.04
1253.49
1250.06
1251.01
1234
1239.95
1297
1291.25
1285.75
1277.94
1270.68
1297
1298.47
1227
1234.8
1211
1214.22
1216.12
1220.63
1223.63
1225.9
1228.75
1232.08
1234.81
1236.58
1237.93
1235
1236.66
1227
1234
1232.47
1233.82
1235.17
1236.47
1237.96
1239.51
1241.68
1243.78
1246.47
1248.8
1250.7
1252.43
1253.77
1253.42
1273
1267.62
1262.75
1289
1280.78
1281
1266
1267.47
1250
1252.91
1250.75
1249.36
1248.88
1248.39
1248.75
1248.88
1248.85
1248.96
1249.14
1249.24
1249.31
1249.57
1249.76
1250.07
1250.4
1250.85
1133
1269.11
1250.37
1289
1275.36
1320
1303.99
1303.91
1306.82
1307.2
1307.47
1307.7
1320
1317.78
1274
1286.45
1287.27
1283.81
1283.63
1188
1212.14
1195
1197.02
1198.9
1211
1210.81
1214.36
1258
1253.04
1219
1229.65
1233.57
1231.46
1232.96
1235.91
1239.02
1240.99
1242.58
1219
1289
1279.98
1289
1281
1275.92
1234
1240.48
1238.89
1235.95
1233.95
1233.23
1233.74
1233.44
1219
1223.46
1222.24
1222.6
1224.12
1225.66
1227.33
1266
1259.9
1256.79
1242
1258
1256.61
1252.75
1297
1289.32
1273
1271.51
1227
1234.26
1232.89
1232.98
1233.83
1235.37
1343
1274
1270.51
1289
1283.74
1275.95
1270.92
1258
1258.98
1256.32
1253.06
1328
1294.96
1266
1266.07
1305
1250
1254.78
1261.4
1259.12
1255.58
1195
1235
1226
1227
1226.5
1228.18
1230.3
1231.85
1231.58
1233.17
1266
1250
1250.8
1252.69
1253.11
1252.71
1203
1250
1241.77
1238.14
1236.24
1289
1250
1247.92
1251.56
1249.67
1211
1230.11
1230.12
1226.13
1224.56
1172
1198.06
1200.14
1197.37
1203
1204.79
1206.82
1273
1305
1287.26
1258
1273
1275.55
1250
1249.01
1254.09
1249.83
1305
1292.63
1289
1284.22
1281
1273.84
1267.62
1263.09
1258.71
1255.75
1253.72
1252.53
1251.68
1211
1227
1223.9
1219
1222.01
1222.68
1224
1225.18
1156
1224.84
1211.35
1203
1281
1263.01
1261.14
1262.87
1263.33
1263.79
1263.16
1263.9
1263.64
1289
1289
1285.22
1284.67
1285.77
1285.44
1284.26
1281
1281.42
1280.8
1195
1215.22
1217.67
1215.07
1226
1258
1256.49
1258
1261.56
1258.43
1258.85
1260.87
1219
1195
1200.26
1226
1232.64
1237.58
1180
1195.9
1125
1131.91
1131.5
1136.02
1143.48
1151.42
1159.72
1168.35
1176.74
1184.7
1189.29
1250
1257.89
1250.9
1274
1275.42
1266.54
1257.55
1253.97
1289
1285.82
1277.04
1270.85
1271.5
1273.23
1203
1195
1196.94
1197.61
1199.13
1200.03
1203
1206.04
1242
1241.83
1239.27
1236.84
1236.77
1234.38
1230.99
1228.32
1228.46
1229.24
1258
1234
1250
1249.02
1242
1242.62
1242.72
1203
1215.31
1214.07
1212.65
1215.46
1216.13
1250
1281
1313
1298.65
1292.51
1287.72
1280.08
1273
1250
1246.51
1273
1276.13
1203
1215.87
1217.84
1211
1214.09
1216.58
1219.22
1320
1303.16
1289.75
1284.4
1297
1292.41
1273
1321
1315.06
1301.85
1293.37
1297.49
1296.57
1288.77
1283.64
1284.79
1284.16
1278.9
1275.47
1275.03
1274.7
1273.71
1227
1258
1254.03
1252.57
1252.72
1253.48
1242
1247.34
1172
1242
1231.02
1227.69
1229.33
1232.49
1233.7
1235.94
1258
1242
1247.28
1281
1271.55
1219
1239.43
1242
1237.86
1238.45
1240.72
1241.89
1239.75
1250
1250
1247.11
1289
1270.85
1264.78
1234
1250
1248.34
1243.69
1234
1239.93
1241.64
1237.4
1235.48
1240.03
1241.68
1238.35
1236.26
1241.01
1241.14
1235
1237.39
1227
1233.75
1232.35
1232.08
1232.15
1234.14
1234.09
1133
1240.41
1228.16
1221.57
1250
1237.8
1236.71
1238.45
1203
1221.49
1222.72
1219.37
1250
1237.84
1320
1283.87
1275.97
1274.73
1203
1224.89
1222.99
1258
1247.98
1250
1249.04
1245.51
1242.22
1238.68
1234.85
1274
1261.1
1254.32
1250.1
1141
1117
1128.36
1131.2
1137.04
1144.88
1153.92
1242
1249.17
1244.93
1234
1219
1215.13
1209.41
1242
1243.16
1234
1180
1184.01
1186.14
1189.53
1242
1244.99
1211
1204.13
1205.26
1205.5
1258
1250
1232.79
1216.42
1209.37
1210.92
1212.44
1266
1251.13
1250
1232.81
1258
1258.95
1254.59
1211
1164
1164.63
1167.16
1174.03
1180.64
1183.04
1185.93
1190.65
1274
1271.58
1255.95
1244.41
1234
1230.99
1211
1203.9
1200.22
1199.13
1258
1260.34
1320
1281
1305
1300.3
1291.47
1250
1244
1239.7
1233.74
1229.67
1228.1
1227.6
1180
1192.79
1191.45
1193.21
1196.84
1258
1328
1281
1280.68
1280.07
1267.75
1274
1269.59
1258.85
1251.81
1305
1273
1274.1
1279.9
1086
1171.85
1171.98
1170.55
1175.27
1188.06
1189.31
1190.49
1195.59
1234
1229.2
1258
1250
1249.56
1251.09
1251.64
1251.92
1252.14
1252.37
1252.92
1211
1235.75
1231.38
1273
1227
1235.42
1238.98
1242
1239.98
1258
1253.2
1148
1168
1178.48
1177.63
1180.19
1235
1273
1261.7
1250
1211
1218.33
1220.75
1211
1141
1078
1094
1098.32
1106.59
1113.7
1266
1271.11
1251.17
1247.19
1243.03
1224.66
1206.93
1196.94
1189.61
1219
1218.42
1141
1141.29
1148.82
1195
1199.07
1190.75
1218
1225.02
1234
1215.07
1201.35
1197.59
1190.96
1181.18
1173.32
1195
1227
1220.57
1208.64
1207.9
1214.54
1216.97
1195
1180
1185.72
1190.49
1211
1242
1258
1245.49
1234.82
1281
1280.88
1211
1212.75
1219.13
1222.69
1213.66
1227
1232.63
1229.88
1217.68
1217.42
1195
1194.96
1195.58
1125
1094
1095.82
1097.27
1101.1
1107.44
1195
1213.99
1210.97
1213.84
1219
1215.42
1211
1210.07
1206.57
1203.33
1258
1253.29
1250
1250
1247.17
1242.49
1238.3
1258
1253.28
1248.65
1273
1180
1234
1226.93
1221.21
1218.9
1217.57
1216.95
1086
1133
1163.73
1156.49
1266
1244.52
1243.04
1246.41
1242
1237.92
1237.7
1233.5
1195
1203
1200.99
1196.45
1199.84
1141
1164.7
1156
1154.62
1161.25
1258
1241.24
1242
1258
1243.01
1234.12
1211
1201.9
1193.2
1227
1234
1230.98
1230.87
1250
1245.04
1237.44
1231.21
1234
1227.44
1220.83
1216.11
1258
1250.58
1242.53
1237.44
1235.56
1231.95
1227.56
1223.97
1222.62
1078
1086
1154.93
1167.64
1242
1245.8
1241.73
1241.28
1236.49
1229.77
1289
1305
1312
1258
1256.85
1297
1290.4
1275.43
1264.86
1263.11
1262.65
1257.6
1250.26
1245.67
1242.88
1240.07
1242
1281
1272.78
1266.88
1250
1248.77
1249.35
1250.52
1248.97
1234
1235.73
1237.1
1239.87
1180
1210.67
1207.81
1210.32
1297
1280.4
1275.09
1273.31
1272.03
1297
1290.67
1284.62
1280.21
1279.42
1276.6
1219
1229.39
1229.55
1230.83
1233.11
1258
1258.74
1256.89
1255.44
1242
1242.58
1239.97
1237.08
1211
1215.99
1172
1177.46
1175.2
1273
1250
1266
1267.71
1262.45
1234
1239.1
1236.32
1230.39
1195
1203.02
1205.35
1207.53
1188
1195.04
1199.41
1250
1249.12
1242
1236.91
1229.57
1078
1039
1071.61
1219
1233.25
1229.21
1383
1352.89
1320
1314.39
1304.2
1281
1268.89
1263.28
1251.8
1250
1195
1195.06
1196.29
1194.97
1193.91
1195.2
1086
1129.91
1141.12
1149.46
1151.53
1153.99
1157.52
1158.36
1234
1235
1228.44
1227.36
1229.32
1234
1196
1200.49
1201.7
1200.72
1117
1135.16
1281
1245.62
1224.81
1234
1228.76
1219
1250
1258
1240.07
1228.45
1227.32
1218.81
1208.54
1234
1228.53
1214.96
1210.07
1213.75
1125
1147.8
1109
1109.7
1109.97
1112.06
1250
1239.28
1233.98
1233.62
1223.57
1265
1260.23
1180
1185.67
1186.92
1183.26
1184.07
1188.46
1133
1117
1141
1148.53
1154.44
1148
1154.52
1159.79
1159.72
1157.3
1156.78
1117
1141
1139.03
1137.01
1250
1226
1214.86
1212.7
1242
1232.67
1281
1266.34
1256.53
1254.21
1251.1
1055
1127.98
1055
1057.92
1141
1234
1258
1249.09
1246.14
1236.19
1223.2
1212.5
1201.78
1250
1258
1250
1258
1289
1281
1272.78
1268.37
1263.82
1257.96
1251.98
1211
1203
1202.06
1199.38
1258
1255.66
1249.74
1244.73
1238.38
1230.97
1225.27
1222.25
1221.05
1221.47
1222
1222.15
1221.96
1221.42
1221.12
1221.13
1221.13
1221.01
1221.56
1222.36
1297
1279.55
1219
1214.1
1212.22
1212.02
1234
1234.84
1229.49
1228.72
1250
1297
1274.5
1258.74
1336
1319.08
1281
1273.02
1275.95
1274.26
1110
1109
1148
1166.17
1164.46
1173.09
1192.47
1226
1220.04
1214.66
1250
1256.19
1241.42
1231.4
1250
1253.81
1266
1252.06
1247.4
1253.81
1254.17
1246.26
1274
1273.85
1267.36
1260.83
1261.15
1219
1242
1203
1266
1254.9
1249.86
1247.38
1248.18
1281
1271.74
1234
1241.32
1245.61
1244.76
1250
1246.09
1247.74
1249.88
1248.35
1246.94
1248.19
1247.05
1248.09
1203
1232.24
1273
1344
1297
1290.24
1328
1319.94
1309.93
1302.01
1302.46
1303.23
1297
1250
1255.03
1313
1308.81
1298.91
1305
1306.76
1359
1346.82
1331.08
1344
1346.49
1337.29
1258
1266.33
1274
1273
1258
1262.17
1273.72
1280.78
1055
1146.87
1169.17
1167.33
1161.71
1174.04
1195.29
1198.08
1197.49
1201.49
1208.71
1211.08
1211.87
758
877.267
742
839.299
727
809.513
711
749.017
772.406
787.462
806.153
828
846.917
865.764
883.975
900.969
898
891
867
887.14
836
854.89
828
841.788
848.058
851.195
853.477
828
838.67
840.548
837.504
797
789
792.102
791.577
792.844
794.882
796.515
797.929
758
771.631
769.349
768.278
770.181
771.953
774.236
776.429
778.614
780.572
782.796
784.748
786.868
788.705
1000
899.875
871.101
864.97
856.389
849.631
845.061
841.326
969
1031
970.134
931.618
1063
1052.82
1022.01
997.903
996.047
997.557
991.113
981.658
977.472
930
929.839
930.963
928.684
925.568
1055
1117
1065.25
1040.48
1133
1117
1083.88
1188
1203
1156.24
1134.15
1140.56
1135.76
1141
1117
1118.25
1110
1106.1
1141
1137.18
1149
1143.9
1109
1133
1132.17
1123.74
1118.12
1115.59
1111.95
1039
1067.29
1069.69
1069.82
1071.75
1076.01
1079.7
1082.49
1085.02
1087.55
1089.82
1055
1070.38
1068.7
1067.95
1000
1031
1031.7
1028.16
1117
1111.52
1106.47
1117
1111.24
1031
1050.97
1054.37
1046.1
969
992.582
998.137
994.296
1002.08
1015.84
1012.75
1014.4
1023.99
953
973.806
978.517
974.46
978.555
991.544
988.937
989.515
994.033
993.968
994.107
994.774
883
937.305
936.678
836
888.369
889.032
812
847.709
854.089
789
820.632
789
796.136
802.641
766
780.701
785.281
786.648
789.606
792.956
796.111
836
835.509
838.288
842.211
845.201
539
1094
967.724
890
891
887.754
886.224
1086
1102
1195
1125.58
1084.21
1195
1193.73
1181.48
1178.74
1179.92
1185.37
1133
1140.88
1148.55
1151.27
1153.12
1155.56
1160.06
1165.03
1169.78
1219
1208.76
1203
1242
1234
1224.26
1195
1192.59
1186.88
1148
1150.16
1152.95
1151.05
1151.61
1155.46
1158.7
1159.44
1024
1105.31
1103.3
1100.53
1105.27
1109.3
1133
1128.28
1172
1164.96
1172
1170.53
1227
1214.87
1289
1263.01
1255.47
1253.94
1242
1258
1252.47
1248.88
1248.8
1249.2
1249.31
1249.2
1249.49
1250.05
1251.08
1203
1217.91
1226
1203
1206.14
1206.12
1180
1188.71
1188.54
1203
1196.84
1200.5
1201.48
1203.14
1204
1206.49
1289
1297
1287.28
1281.35
1276.92
1271.65
1264.61
1258.61
1253.36
1248.9
1245.6
1242.48
1239.68
1238.3
1236.15
1195
1203.31
1156
1169.99
1008
1107.65
1100.94
1047
1068.67
1073.59
1075.32
1164
1159.4
1166.7
1173.29
1125
1147.22
1149.4
1164
1164.3
1166.52
1170.48
1172
1172.45
1172
1172.51
1172.41
1172.38
1179
1196
1192.98
1156
1170.84
1180
1172.84
1203
1193.54
1180
1211
1203.59
1196.39
1187
1189.74
1188.77
1183.67
1180.51
1181.02
1180.41
1177.16
1174.78
1195
1192.08
1185.31
1182.73
1195
1196
1185.18
1181.78
1188.81
1188.07
1180.88
1172
1164
1167.54
1169.4
1167.37
1168.11
1172.25
1177.23
1175.32
1172.75
1175.46
1211
1201.21
1191.11
1188.86
1195
1196.97
1203
1192.1
1203
1205.96
1204.02
1195.05
1192.29
1196.41
1198.24
1193.49
1188.07
1281
1242.84
1221.1
1217.92
1218.79
1281
1241.15
1226.29
1223.62
1225.34
1224.91
1351
1267.69
1249.82
1247.76
1245.9
1281
1263.63
1254.77
1249.78
1375
1312.85
1283.86
1276.02
1297
1289
1320
1297.34
1288.34
1287
1288.87
1287.09
1283.04
1279.01
1277.42
1276.99
1275.89
1274.26
1273.17
1211
1272.34
1264.62
1261.55
1259.65
1260.23
1262.28
1219
1242.31
1250
1258
1252.25
1252.76
1328
1306.62
1300.73
1301.03
1303.41
1336
1297
1299.61
1297
1296.74
1266
1275.33
1258
1258.72
1256.19
1250
1252.39
1252.68
1254.14
1255.55
1250
1253.07
1254.4
1281
1242
1274
1270.16
1268.69
1269.36
1270.01
1272.02
1281
1279.4
1279.63
1280.33
1312
1305.55
1302.85
1300.37
1299.09
1299.67
1298.32
1296.74
1295.46
1312
1307.08
1304.56
1242
1227
1250
1320
1312.2
1305.6
1307.26
1367
1355.39
1335.2
1327.18
1297
1291.92
1313
1315.62
1305
1273
1227
1234
1237.33
1246.37
1359
1354.57
1340.42
1328.17
1318.27
1306.86
1294.46
1284.93
1277.31
1271.56
1268.46
1269.06
1270.66
1272.1
1383
1374.55
1336
1352
1345.15
1332.02
1319.31
1308.15
953
1069.27
1155.46
1070
1078
1102
1102
1106.73
1114.97
1118.83
1121.95
1124.63
1126.98
1128.92
1430
1461
1401.62
1389.23
1388.81
1388.59
1387.23
1385.01
1398
1398.86
1399.1
1399.77
1400.7
1402.08
1403.32
1273
1280.09
1289.06
1290.06
1289
1288.06
1234
1297
1296.53
1291.13
1266
1268.21
1269.18
1360
1328
1327.56
1331.67
1334.66
1334.47
1333.53
1333.07
1332.92
1375
1366.21
1383
1373.51
1369.12
1370.21
1370.76
1368.3
1363.62
1359
1358.1
1356.39
1304
1322.92
1281
1290.28
1288
1288.03
1289.18
1313
1312.97
1318.52
1322.23
1258
1226
1228.22
1228.05
1231.68
1305
1320
1274
1290.39
1295.42
1295.26
1295.91
1300.74
1258
1264.79
1273
1275.74
1359
1342.5
1250
1252.53
1256
1260.05
1336
1327.11
1311.63
1302.09
1294.58
1283.69
1273.56
1266.92
1262.51
1258.51
1257.07
1257.87
1259.15
1148
1197.09
1193.37
1192.16
1320
1299.24
1336
1324.87
1344
1333.87
1329.05
1325.28
1305
1303.53
1297.61
1293.4
1297
1295.61
1296.1
1320
1344
1340.38
1338.93
1339.42
1339.14
1336.72
1360
1359
1350.93
1349.63
1347.14
1343.72
1338.06
1334.52
1265
1303.79
1300.49
1250
1305
1298.86
1300.6
1303.2
1305.7
1307.18
1320
1305
1234
1259.13
1260.74
1257.54
1305
1305.62
1306.57
1312.08
1311.88
1310.2
1311.08
1308.3
1305.07
1304.59
1302.01
1227
1261.46
1305
1297.24
1297.58
1281
1250
1258.38
1258.8
1254.23
1258.87
1262.28
1257.84
1260.96
1260.43
1259.83
1260.02
1344
1323.19
1316.3
1311.45
1303.85
1328
1319.13
1310.79
1344
1337.89
1328.17
1323.54
1328
1324.17
1319.81
1316.96
1281
1287.42
1285.58
1283.96
1284.14
1284.43
1289
1288.56
1289.5
1289.83
1290.08
1290.07
1289.83
1289.94
1281
1328
1317.73
1315.12
1313.16
1297
1305
1303.96
1302.46
1336
1367
1359.03
1352.57
1347.27
1342.09
1336.21
1330.62
992
1139.95
1178.46
1211
1211.26
1297
1295.45
1294.61
1298.17
1320
1383
1359.23
1356.71
1398
1391
1336
1346.26
1354.84
1344
1342.73
1345.18
1347.3
1347.17
1352
1352.28
1352.7
1344
1345.26
1346.89
1345.94
1250
1316.99
1309.06
1305.28
1306.29
1309.45
1311.42
1359
1375
1336
1383
1377.56
1336
1328
1335.01
1333.83
1329.1
1331.03
1336
1334.25
1331.28
1328
1331.46
1330.98
1328.18
1329.41
1330.75
1329.15
1328.53
1328.82
1328.18
1327
1325.83
1289
1327.26
1289
1281
1287.46
1286.91
1287.07
1266
1297
1290.26
1288.91
1290.82
1292
1293.14
1294.32
1295.19
1295.96
1296.57
1297.11
1297.77
1298.04
1312
1307
1336
1297
1301.43
1305
1289
1294.87
1294.16
1305
1299.13
1298.33
1299.21
1299.13
1266
1242
1247.65
1249.13
1251.28
1336
1326.34
1322.8
1321.39
1314.03
1306.81
1300.1
1292.65
1287.21
1284.3
1282.63
1282.57
1289
1290.52
1291.26
1297
1295.41
1292.37
1289.29
1281
1278.27
1275.16
1272.13
1270.51
1297
1295.08
1295.74
1293.05
1290.53
1297
1298.69
1300.38
1298.57
1297
1296.02
1295.84
1305
1305.88
1302.82
1258
1270.96
1277.48
1320
1312.88
1305.11
1300.01
1336
1334.92
1330.21
1319.83
1315.43
1317.58
1319.25
1312
1305
1258
1270.74
1274.44
1281
1282.12
1278.47
1280.16
1320
1326.18
1317.26
1306.56
1304.51
1310.3
1351
1258
1268.85
1276.62
1141
1197.47
1199.44
1234
1228.16
1352
1331.5
1321.02
1321.27
1321.56
1336
1323.16
1317.28
1316.82
1328
1318.36
1328
1321.5
1320.7
1297
1302.89
1302.33
1299.24
1298.62
1289
1294
1294.04
1293.81
1294.25
1295.06
1328
1322.1
1319.15
1316.41
1317.75
1319.13
1317.45
1315.3
1314.47
1314.3
1313.63
1313.05
1312.57
1312.1
1312.26
1305
1307.17
1306.67
1306.2
1305.76
1305.31
1305.72
1305.26
1305.21
1304.86
1304.56
1273
1320.17
1305.75
1258
1350.58
1313.11
1307.71
1308.69
1219
1281
1275.09
1271.61
1272.82
1275.53
1277.46
1359
1328.64
1323.57
1328
1327.68
1250
1297
1292.01
1274
1312
1302.71
1313
1304.46
1304.47
1306.42
1305
1302.52
1302.01
1300.8
1300.07
1297.37
1297
1296.14
1294.7
1295.74
1266
1287.43
1283.35
1281.62
1289
1286.94
1219
1242
1250
1244.72
1282
1274.6
1279.22
1280.63
1281.46
1282.23
1282.71
1328
1314.41
1310.74
1328
1321.23
1318.09
1317.08
1313.83
1367
1347.23
1339.45
1359
1352.65
1289
1305.81
1303.01
1164
1148
1187.18
1191.52
1200.75
1266
1274.02
1275.4
1283.85
1285.45
1280.88
1344
1336
1320
1321.33
1318.77
1307.37
1258
1268.7
1269.57
1264.19
1219
1234.86
1239.39
1236.72
1237.63
1244.58
1246.36
1244.97
1244.53
1242.96
1359
1336
1310.41
1306.23
1297
1312
1305
1295.9
1291.95
1292.71
1291.1
1287.87
1284.42
1282.72
1289
1286.41
1274
1276.23
1276.05
1275.05
1305
1297.89
1294.34
1289
1289.49
1290.22
1287.69
1285.05
1282.5
1313
1311.41
1336
1336
1375
1336
1336.67
1336.89
1320
1321.74
1318.71
1315.44
1313.44
1311.62
1311.45
1311.15
1289
1297.32
1294.27
1292.9
1293.89
1293.94
1294.67
1294.8
1295.25
1344
1320
1328
1326.38
1324.66
1344
1359
1355.28
1352.16
1352.08
1351.93
1350.35
1347.61
1375
1383
1376.32
1370.8
1369.84
1371.91
1320
1336
1289
1296.62
1297
1298.11
1301.4
1258
1272.28
1227
1233.79
1232.75
1233.85
1236.8
1289
1293.08
1303.79
1311.8
1317.57
1156
1224.64
1156
1163.64
1164.05
1167.12
1173.2
1177.84
1183.12
1186.82
1367
1367
1349.29
1338.63
1351
1345.94
1344
1334.05
1328.08
1320
1314.64
1309.87
1305.87
1304.01
1302.76
1302.18
1301.7
1312
1310.4
1309.89
1308.26
1306.45
1304.32
1301.77
1312
1306.78
1303.24
1328
1323.62
1323.81
1326.23
1328.1
1329.32
1328.74
1352
1349.63
1346.97
1344.47
1344.54
1345.03
1188
1269.24
1268.02
1265.21
1267.93
1273.27
1275.83
1278.43
1281.16
1283.61
1047
1158.65
1158.05
1152.29
1159.6
1167.18
1172
1174.61
1320
1328
1336
1331.46
1330.92
1331.91
1330.64
1289
1292.71
1305
1298.26
1297
1295.3
1295.67
1295.63
1294.99
1399
1390
1297
1297
1307.03
1308.5
1299.84
1292.28
1258
1261.87
1261.54
1259.43
1259.65
1261.72
1264.73
1267.22
1269.49
1271.39
1273.61
1289
1292.8
1305
1307.47
1308.9
1308.25
1297
1293.47
1290.53
1328
1326.89
1297
1297.4
1299.51
1301.77
1299.96
1296.4
1294.15
1293.86
1383
1406
1359.33
1342.71
1390
1386.01
1373.48
1361.06
1328
1258
1269.39
1297
1312.94
1320
1315.37
1312.51
1328
1335.91
1333.83
1321.35
1314.5
1314.1
1312
1266
1273
1297
1310.13
1304.66
1296.61
1303
1242
1258
1258.98
1263.72
1264.26
1359
1358.38
1340.58
1334.07
1325.93
1310.74
1297.97
1352
1348.13
1332.87
1328
1321.9
1375
1281
1219
1250
1359
1345.63
1351
1346.38
1334.02
1321.89
1310.93
1274
1265
1264.38
1264.97
1265.42
1265.6
1267.51
1268.57
1268.93
1268.88
1268.77
1268.54
1406
1364.91
1349.76
1352
1342.32
1331.59
1322.89
1315.16
1308.01
1281
1281.28
1219
1230.77
1229.87
1297
1258
1289
1273
1227
1258
1254.78
1256.31
1289
1250
1259.16
1262.39
1257.55
1242
1249.23
1249.47
1110
1187.59
1183.18
1178.67
1258
1251.54
1248.14
1255.71
1289
1273.8
1270.59
1274.53
1267.41
1263.59
1266.01
1261.77
1259.37
1336
1310.56
1303.57
1336
1321.11
1317.05
1316.5
1312.65
1336
1266
1288.88
1285.31
1031
1142.98
1141.23
1135.54
914
1038.34
1039.56
1038.23
1047.39
1054.79
1059.66
1064.87
1069.2
1072.82
1075.84
1047
1061.63
1063.34
1066.63
1069.96
1141
1139.8
1140.48
1157
1187
1185.73
1184.47
1183.84
1184.7
1141
1164
1203
1242
1229.98
1212.6
1328
1297
1277.31
1265.44
1265
1260.95
1254.1
1248.41
1172
1190.51
1194.39
1180
1187
1189.94
1190.59
1189.66
1189.94
1226
1188
1281
1260.61
1281
1267.78
1261.26
1297
1320
1301.48
1293.73
1293.99
1295.48
1359
1340.47
1329.64
1325.47
1327
1328.32
1219
1180
1183.74
1258
1289
1285.48
1383
1372.39
1336
1333.33
1289
1274.6
1269.23
1312
1318.3
1312
1304.43
1301.57
1258
1328
1336
1297
1291.63
1302.65
1302.59
1242
1244.51
1273
1297
1289.43
1277.99
1274
1279.75
1282.02
1211
1164
1109
1141
1164
1183.04
1191.08
1210.17
1231.73
1238.75
1281
1305
1296.66
1285.4
1282.88
1280.15
1270.65
1260.13
1320
1318.09
1301.42
1297
1336
1330.61
1317.53
1311.11
1311.8
1351
1340.67
1326.9
1321.94
1367
1328
1323.44
1323.91
1321.98
1316.41
1311.38
1312
1312.57
1308.81
1258
1279.8
1250
1253.1
1274
1281
1282.53
1286.15
1234
1249.53
1250.96
1252.19
1297
1298.9
1299.94
1305
1304.78
1289
1328
1297
1299.89
1301.06
1296.34
1282
1286.07
1284.42
1280.33
1279.45
1278.96
1277.31
1275.68
1336
1375
1361.55
1305
1302.19
1301.21
1300.65
1298.13
1281
1281
1280.81
1281
1289
1266
1274.01
1289
1293.41
1281
1281.39
1320
1321.62
1310.11
1302.65
1235
1259.7
1262.86
1268.46
1297
1294.37
1292.49
1359
1354.19
1337.79
1250
1255.89
1259.53
1320
1266
1336
1320
1303.88
1300.37
1328
1313
1296.94
1298.49
1302.76
1293.52
1283.6
1291.56
1291.94
1280.43
1281
1285.31
1283.61
1277.39
1280.27
1284.46
1282.29
1277.81
1283.37
1320
1289
1344
1325.84
1313.66
1317.16
1281
1289
1291.91
1287.7
1285.08
1290.39
1289.51
1285.81
1288.7
1289.29
1336
1317.8
1297
1300.62
1301.22
1294.84
1292.03
1292.04
1290.93
1288.66
1287.68
1287.91
1336
1266
1287.59
1289.44
1288.55
1287.37
1289.19
1305
1328
1309.97
1273
1281.66
1284.75
1286.23
1242
1250
1253.28
1250
1219
1228.7
1242
1241.71
1240.03
1243
1180
1199.13
1201.88
1204.99
1102
1147.6
1151.88
1195
1188.47
1192.1
1206.37
1213.2
1219
1217.79
1221.23
1225.07
1224.95
1223.7
1223.44
1223.96
1224.19
1223.77
1266
1250
1244.04
1243.3
1242
1241.03
1239.62
1237.24
1234.58
1233.19
1234
1231.81
1242
1273
1266.12
1261.24
1255.83
1251.46
1247.34
1243.16
1266
1263.35
1259.68
1254.9
1251.29
1251.2
1251.19
1249.57
1247.14
1245.25
1244.19
1244.8
1245.31
1245.01
1258
1257.44
1328
1312
1293.64
1289.84
1284.09
1274.6
1266.61
1260.78
1256.94
1289
1289
1258
1305
1320
1305
1296.59
1296.56
1291.69
1283.34
1278.08
1275.34
1297
953
1080.2
1336
1304.01
1286.54
1328
1317.01
1297
1281
1282.59
1275.24
1268.37
1269.86
1266
1264.73
1264.46
1274
1297
1287.37
1390
1362.97
1348.69
1347.47
1348.79
1320
1336
1328.81
1327.08
1297
1320
1282
1287.86
1289.55
1287.08
1288.54
1291.71
1292.93
1293.73
1294.47
1295.28
1295.77
1250
1272.69
1269.3
1267.89
1269.81
1352
1333.22
1329.4
1328
1327.66
1325.8
1324.03
1322.67
1320.72
1318.8
1316.89
1315.12
1313
1311.13
1281
1305
1297.9
1375
1337.88
1334.1
1332.62
1328.22
1323.26
1319.05
1315.92
1312.28
1309.52
1307.41
1306.07
1306.71
1306.84
1307.21
1297
1303.2
1301.93
1302.41
1303.65
1303.81
1281
1305.36
1266
1297.96
1219
1218
1227.92
1250
1245.84
1251.18
1255.66
1259.06
1261.94
1264.58
1267.14
1269.56
1271.88
1274.09
1276.32
1278.53
1280.73
1282.83
1284.9
1219
1238.07
1242.44
1240.44
1244.15
1246.61
1249.28
1328
1297.29
1290.93
1289.14
1312
1266
1275.39
1274.4
1273
1269.01
1268.3
1268.71
1267.15
1265.61
1265.54
1265.73
1266
1219
1243.06
1219
1195
1202.09
1203.33
1219
1234
1237.96
1195
1227
1223.13
1224.93
1219
1223.65
1234
1242
1242
1242.55
1281
1275.35
1320
1310.71
1304.27
1328
1320.95
1313.77
1311.33
1309.69
1227
1249.2
1246.75
1241.96
1244.94
1273
1269.83
1267.48
1271.33
1156
1209.13
1206.48
1164
1182.66
1282
1270.42
1265.6
1275.28
1265.21
1320
1315.56
1298.62
1301.65
1297.42
1282.46
1283.28
1280.26
1268.67
1297
1289
1281.88
1273
1272
1268.32
1264.56
1263.32
1261.86
1261.08
1260.35
1258.29
1227
1239.45
1235.89
1234.86
1236.64
1237.73
1238.95
1240.09
1281
1276.01
1258
1263.32
1264.73
1263.82
1262.55
1263.54
1263.88
1262.58
1262.74
1262.14
1289
1258
1261.89
1262.98
1262.28
1261.05
1260.08
1260.27
1259.5
1258.62
1257.94
1257.32
1256.95
1242
1249.67
1248.31
1248.04
1274
1250
1257.16
1256.96
1256.8
1250
1274
1262.64
1262.16
1211
1242
1250
1258
1251.68
1253.81
1242
1250
1249.54
1250
1247.59
1273
1261.92
1257.27
1258.47
1259.19
1252.54
1254.57
1255.99
1251.68
1251.6
1254.62
1252.93
1250.17
1252.58
1258
1253.49
1242
1258
1253.58
1250.93
1251.12
1289
1219
1266.34
1250
1250
1249.42
1312
1305
1269.1
1272.01
1305
1287.9
1281.85
1280.21
1297
1289
1284.2
1284.35
1286.01
1282.82
1297
1289.91
1265
1275.65
1275.04
1271.28
1320
1300.76
1295.92
1294.86
1266
1269.93
1281
1279.11
1275.35
1278.04
1250
1289
1281.33
1279.19
1277.31
1235
1251.33
1253.04
1251.07
1253.08
1256.43
1256.38
1258.75
1258.83
1259.7
1305
1295.22
1320
1281
1284.58
1286.35
1285.37
1282.06
1279.15
1278.21
1277.65
1276.48
1275.15
1274.88
1274.96
1274.88
1275.18
1211
1254.42
1246.29
1244.84
1305
1289
1312
1305.36
1242
1261.38
1260.75
1256.81
1259.83
1227
1243.16
1240.26
1238.31
1241.95
1219
1231.6
1228.86
1265
1255.36
1255.36
1257.49
1256.62
1256.5
1254.48
1253.09
1320
1280.08
1320
1301.75
1296.82
1295.43
1328
1315.02
1308.17
1306.76
1308.08
1306.21
1304.62
1305
1303.52
1303.43
1297
1298.8
1297.02
1296.65
1295.23
1295.28
1295.26
1295.24
1295.47
1295.78
1296.39
1296.44
1297.1
1297.18
1298.02
1297.6
1298.82
1242
1297
1286.35
1284.03
1284.84
1287.16
1285.6
1289
1287.5
1297
1292.84
1294.87
1295.93
1296.54
1297.18
1234
1257.98
1274.79
1195
1240.42
1238.67
1235.01
1237.85
1241.31
1242.99
1245.06
1164
1196.88
1198.46
1192.05
1149
1169.31
1172
1168.97
1164
1173.24
1174.13
1175.53
1178.14
1266
1252.56
1244.43
1289
1280.95
1266.19
1264.22
1203
1209.33
1210.65
1203
1188
1196.1
1211
1204.18
1200.57
1206.7
1207.28
1203
1201.64
1202.54
1219
1213.94
1210.71
1203
1204.99
1180
1185.03
1185.19
1186.22
1188.25
1190.67
1193.31
1172
1184.93
1183.46
1125
1173.04
1165.98
1164.06
1266
1238.54
1230.14
1229.83
1227.34
1222.36
1133
1167.17
1164.81
1162.34
1109
1131.94
1135.74
1131.99
1138.12
1141
1141.22
1141
1172
1166.81
1162.91
1141
1153.13
1152.99
1148.72
1172
1169.06
1149
1156.78
1159.89
1158.69
1156.52
1133
1143.71
1133
1164
1172
1203
1156
1158.13
1159.82
1159.06
1154.11
1149
1150.82
1152.02
1150.51
1147.38
1149.18
1180
1172.9
1164.68
1160.94
1163.01
1164.97
1159.44
1154.81
1156.1
1164
1156
1211
1186.83
1176.25
1174.27
1175.58
1174.47
1242
1219.59
1204.4
1199.85
1197.84
1193.72
1189.26
1185.26
1181.64
1203
1195.56
1190.15
1186.93
1186.81
1186.74
1184.67
1181.77
1180.35
1180
1179.51
1179.35
1179.78
1179.42
1179.92
1181.07
1180.4
1181.49
1250
1250
1226.6
1221.67
1217.34
1210.55
1203.02
1197.16
1193.06
1189.96
1187.74
1219
1224.49
1211
1203.04
1198.3
1197.12
1195
1188
1185.44
1184.34
1184.12
1184.13
1133
1182.46
1175.32
1174.57
1175.75
1177.61
1179.6
1181.22
1182.52
1183.42
1184.51
1195
1188
1189.63
1219
1211.08
1250
1241.48
1238.26
1236.05
1195
1201.36
1198.67
1203
1198.93
1199.13
1250
1237.15
1231.83
1297
1280.62
1268.08
1263.63
1257.35
1249.35
1244.2
1211
1242
1236.89
1231.75
1233.96
1232.87
1228.08
1226.56
1164
1190.1
1188.2
1187.25
1203
1219
1220.6
1223.08
1225.57
1224.76
1223.85
1223.21
1281
1264.18
1259.44
1250
1251.47
1250.2
1245.61
1241.96
1239.39
1237.4
1234.56
1233.26
1232.32
1231.93
1231.6
1203
1196
1197.58
1197.87
1199.38
1200.73
1201.89
1203
1204.17
1188
1195
1192.48
1192.2
1101
1133
1132.1
1130.3
1195
1211
1188
1199.97
1203
1188
1194.8
1195.73
1188.99
1191.01
1242
1203
1206.91
1258
1236.78
1219
1224.07
1187
1133
1125
1126.06
1124.48
1117
1126.61
1128.93
1133
1135.92
1138.7
1180
1195
1180
1203
1209.48
1203.59
1109
1070
1016
1015.79
1086
1129.24
1154.24
1250
1133
1180
1191.09
1181.86
1170.43
1172.33
1156
1141
1139.19
1135.77
1131.02
1195
1192.66
1182.29
1211
1205.49
1242
1228.41
1273
1259.37
1245.78
1242.66
1236.06
1273
1255.84
1246.84
1246.07
1245.58
1258
1252.37
1248.56
1249.93
1250.39
1249.67
1248.66
1248.03
1247.48
1297
1320
1301.23
1292.62
1287.71
1285.24
1250
1249.11
1247.99
1246.55
1247.54
1248.09
1219
1231.81
1230.48
1233.57
1235.57
1237.55
1239.51
1241.1
1241.97
1211
1222.33
1220.16
1234
1234.5
1235.85
1237.73
1239.22
1240.02
1266
1242
1246.35
1247.61
1203
1218.61
1226
1196
1208.21
1211
1207.56
1211.23
1218
1215.88
1218.82
1221.13
1219.68
1222.19
1222.05
1222.24
1222.62
1133
1182.86
1219
1203
1227
1203
1172
1187
1188.6
1185.81
1192.38
1195.09
1190.49
1194.83
1196.64
1172
1184.99
1186.59
1182.08
1185.51
1188
1188.84
1016
1116.12
1125
1118.4
1121.52
1250
1219
1204.6
1210.41
1250
1226.84
1216.7
1224.21
1218.11
1206.71
1210.59
1211.85
1200.68
1200.26
1258
1273
1297
1273.35
1264.95
1267.32
1265.4
1256.63
1251.66
1250.16
1248.12
1243.1
1238.63
1234.91
1313
1312
1293.39
1286.32
1280.52
1273.91
1266.51
1260.32
1255.44
1258
1242
1241.29
1240.43
1281
1280.17
1273.28
1266.57
1263.73
1262.14
1258.45
1258
1254.69
1251.97
1250.55
1281
1278.69
1274.64
1269.32
1227
1251.71
1242
1244.92
1244.53
1243.49
1203
1216.65
1217.89
1219.74
1266
1259.57
1257.77
1328
1316.76
1307.65
1305
1299.43
1291.52
1285.04
1328
1317.42
1307.17
1305.59
1297
1291.8
1289.03
1321
1312.55
1307.06
1328
1323.55
1336
1297
1303.02
1301.88
1297.43
1297
1258
1268.09
1269.01
1270.29
1272.28
1281
1284.02
1286.57
1286.88
1288
1288.47
1288.58
1211
1236.48
1250
1242
1258
1262.67
1250
1250
1242
1245.31
1250
1251.02
1254.08
1265
1274
1273.98
1274.38
1276.2
1276.59
1219
1242.82
1244.08
1242.47
1245.93
1248.64
1250.39
1281
1274.37
1270.54
1266
1289
1280.14
1273.03
1270.65
1272.15
1281
1272.85
1234
1243.18
1245.52
1244.94
1320
1305
1336
1326.47
1318.28
1312.23
1305.5
1299.23
1258
1261.18
1258.32
1235
1273
1278.21
1277.94
1279.67
1279.87
1276.25
1273.01
1203
1219
1219
1218.91
1225.2
1242
1244.52
1234
1239.86
1239.06
1239.55
1241.56
1242.68
1245.04
1246.83
1248.8
1250.79
1252.65
1254.5
1180
1207.91
1209.9
1208.54
1212.97
1215.73
1218.38
1220.72
1282
1312
1294.55
1289
1283.15
1275.71
1267.79
1125
1156
1164
1168.2
1173.48
1219
1228.65
1227.45
1230.53
1232.07
1250
1243.24
1238.36
1239.09
1238.59
1233.91
1203
1219
1250
1244.09
1236.54
1235.3
1241.06
1258
1281
1271.6
1264.52
1263.8
1266.2
1262.38
1255.57
1265
1235
1320
1297.58
1250
1252.38
1164
1180
1191.05
1180
1187.38
1235
1250
1234
1239.5
1246
1242.04
1238.62
1242
1227
1228.4
1273
1250
1250.19
1254.2
1247.96
1243.93
1246.35
1203
1212.81
1214.17
1210.53
1214.01
1217.34
1214.78
1216.35
1215.46
1273
1262.67
1255.55
1254.18
1251.79
1266
1259.67
1255.42
1253.89
1251.78
1248.5
1245.17
1265
1258.91
1256.28
1254.5
1254.8
1219
1232.28
1229.68
1228.18
1227.36
1250
1245.5
1245.05
1245.77
1246.38
1245.24
1244.31
1245.36
1203
1221.72
1220.9
1148
1208.39
1199.84
1197.41
1201.9
1234
1225.22
1219
1227.2
1225.99
1222.25
1211
1218.52
1217.08
1213.89
1215.43
1196
1195
1211
1211
1206.81
1209.35
1212.69
1213.29
1273
1240.28
1234.02
1227
1203
1209.05
1208.49
1207.83
1206.22
1205.88
1207.85
1209.56
1209.01
1208.09
1234
1235
1227.34
1273
1257.82
1249.05
1246.66
1239.61
1231.54
1226.61
1222.75
1219.33
1216.54
1216.48
1250
1247.46
1273
1266.5
1164
1212.07
1210.08
1210.57
1211.33
1214.03
1226
1224.52
1222.94
1224.79
1226.09
1203
1212.48
1214.36
1212.97
1242
1237.77
1234.3
1258
1265
1255.98
1250.32
1253.77
1242
1241.49
1242.89
1240.54
1237.85
1297
1283.46
1274.53
1271.85
1375
1336
1309.72
1305.23
1300.75
1294.42
1288.8
1284.38
1351
1325.26
1312.43
1306.38
1304.28
1300.87
1234
1250
1252.21
1256.48
1257.29
1242
1248.04
1242
1227
1273
1277.18
1272.34
1270.88
1275.06
1250
1253.17
1254.6
1254.6
1265
1264.63
1266.21
1266.91
1266.91
1267
1268.87
1268.08
1267.69
1227
1241.71
1241.4
1241.08
1180
1207.71
1209.1
1206.16
1208.72
1211.27
1212.42
1214.36
1216.64
1218.75
1220.96
1223.23
1225.46
1227.44
1229.58
1231.65
1219
1225.57
1188
1202.11
1195
1172
1203
1198.99
1200.79
1203.97
1204.36
1250
1219
1224.66
1224.19
1223.22
1221.79
1220.5
1203
1210.52
1219
1212.67
1212.91
1214.44
1188
1211
1204.53
1202.99
1204.82
1203.77
1211
1207.08
1207.76
1208.07
1227
1211
1213.4
1203
1207.97
1207.93
1227
1219.71
1218.23
1218.08
1203
1211
1203
1204.97
1204.85
1204.63
1205.43
1188
1201.21
1198.37
1198.22
1197.96
1164
1191.96
1185.6
1185
1185.76
1219
1208.66
1203
1211
1180
1164
1168.78
1149
1153.87
1156
1133
1143.53
1141
1141.63
1179
1179.44
1181.83
1184.69
1185
1157
1163.88
1161.6
1109
1127.69
1117
1114.84
1118.6
1120.59
1123.25
1125.86
1128.51
1130.96
1133.28
1135.64
1250
1200.59
1195.55
1192.64
1219
1211.51
1203.45
1200.44
1211
1208.29
1204.38
1200.97
1195
1195.58
1250
1236.72
1219
1242
1180
1186.15
1186.71
1164
1167.57
1167.3
1167.05
1167.23
1167.5
1167.89
1168.2
1242
1225.87
1219.85
1195
1195.62
1197.29
1195.97
1193.35
1190.57
1211
1208.79
1205.12
1201.87
1201.05
1227
1221.9
1216.13
1211.1
1242
1219
1214.7
1203
1211
1211
1211
1206.12
1203.34
1204.92
1205.05
1202.15
1219
1216.05
1212.66
1209.18
1219
1218.47
1219
1211.79
1209.09
1212.98
1250
1221.89
1218.17
1242
1237.38
1231.2
1227.25
1227.5
1187
1210.45
1209.28
1208.17
1206.85
1207.26
1209.79
1203
1205.92
1207.36
1206.32
1211
1250
1239.62
1235.56
1234.47
1233.99
1226
1223.63
1222.62
1220.8
1219.2
1218.03
1217.36
1195
1205.29
1203
1203.33
1204.46
1205.68
1206.61
1207.31
1207.77
1207.52
1207.62
1207.05
1206.83
1206.31
1206.71
1211
1210.56
1211.58
1213.81
1215.22
1216.7
1217.92
1218.89
1219.43
1219.72
1220.04
1220.49
1220.84
1221.17
1195
1200.19
1195
1198.2
1180
1199.98
1195.5
1196.98
1180
1190.81
1189.71
1195
1193.81
1195.57
1197.04
1198.44
1199.49
1201.05
1202.45
1203.89
1205.31
1206.7
1207.95
1208.77
1209.29
1117
1151.04
1188.36
1179.89
1196
1194.49
1305
1244.11
1234.98
1273
1258.6
1219
1230.48
1232.96
1227
1234
1232.35
1230.39
1230.13
1250
1243.06
1242
1239
1237.17
1235.28
1232.96
1250
1258
1248.73
1246.88
1246.47
1245.14
1242.04
1282
1265.55
1258.08
1256.11
1254.49
1250.66
1248.04
1247.48
1245.95
1244.57
1243.95
1243.39
1242
1242.16
1219
1245.63
1239.05
1238.59
1172
1257.41
1236.09
1232.96
1232.26
1233.64
1180
1242.23
1180
1207.12
1206.45
1187
1196.2
1198.14
1164
1184.42
1182.42
1203
1250
1234
1180
1200.56
1250
1234.11
1222.53
1320
1285.75
1265.8
1264.54
1250
1239.32
1250
1242.87
1231.05
1232.23
1232.79
1221.32
1220.42
1224
1220.32
1217.08
1218.45
1218.72
1215.95
1215.82
1216.25
1216.87
1217.83
1219.18
1220.62
1235
1233.56
1235.26
1237.13
1238.49
1241.2
1242
1241.78
1241.94
1241.69
1241.53
1241.27
1241.06
1240.9
1240.71
1240.47
1240.31
1250
1249.76
1248.81
1258
1257.48
1273
1269.02
1265.96
1242
1244.67
1244.59
1244.27
1244.4
1244.43
1245.49
1246.2
1320
1255.71
1289
1279.1
1275.65
1281
1289
1281.02
1279.52
1242
1242
1243.05
1241.71
1243.4
1244.98
1250
1250.07
1251.31
1258
1257.69
1274
1271.31
1269.85
1270.04
1274
1272.04
1270.28
1289
1282.82
1280.15
1274
1275
1258
1289
1280.68
1278.87
1277.82
1234
1257.63
1254.89
1253.97
1252.87
1253.54
1226
1241.13
1240.01
1238.57
1238.63
1219
1250
1242.48
1241.32
1242.22
1242
1273
1227
1242.95
1243.47
1241.89
1241.96
1234
1238.51
1238.86
1211
1188
1195.08
1172
1172
1203
1195
1196
1200.96
1226
1219
1203
1210.25
1210.59
1207.87
1180
1164
1172
1219
1223.08
1216.18
1211
1215.66
1217.46
1210.61
1204.97
1202.63
1201.59
1196
1189.71
1187.44
1172
1170.55
1172
1173.66
1174.03
1173.76
1173.93
1174.35
1173.49
1171.84
1169.58
1167.58
1165.68
1195
1199.48
1200.63
1201.22
1211
1214.12
1214.76
1211
1219
1220.77
1219.42
1216.36
1214
1212.71
1211.31
1209.48
1219
1218.31
1211
1209.94
1208.95
1211
1209.59
1208.22
1207.37
1207.02
1206.84
1206.77
1206.23
1206.28
1203
1204.37
1180
1213.5
1204.19
1195
1198.96
1199.61
1180
1195
1191.68
1190.98
1172
1193.35
1187.6
1186.9
1141
1200.9
1186.43
1183.1
1183.47
1184.59
1184.97
1211
1199.13
1196.75
1199.2
1200.07
1196.85
1187
1195.8
1196.02
1192.18
1188.64
1242
1225.22
1216.32
1211
1211.03
1211
1206.05
1201.38
1198.92
1197.69
1195.01
1211
1207.09
1203.69
1195
1197.87
1172
1164
1165.85
1148
1125
1129.16
1129.29
1125
1128.64
1130.95
1133.19
1149
1154.32
1161.58
1169.81
1176.84
1164
1172
1172.89
1172.71
1173.44
1203
1198.48
1195.42
1192.76
1190.66
1187.91
1187
1180
1178.88
1176.22
1173.71
1172.88
1171.99
1171.63
1171.32
1170.93
1171.18
1171.27
1188
1195
1194.33
1190.27
1185.75
1181.93
1178.45
1175.77
1174.23
1125
1172.14
1165.73
1166.15
1167.71
1172
1171.47
1173.4
1173.92
1174.75
1174.37
1175.2
1174.35
1180
1177.62
1176.65
1156
1165.44
1162.99
1156
1133
1148.28
1145.23
1149
1148.22
1150.2
1151
1151.68
1152.17
1152.79
1153.17
1153.53
1153.84
1154.2
1149
1152.28
1151.26
1152.7
1133
1145.03
1133
1172
1160.6
1203
1184.3
1182.76
1172
1173.12
1180
1164
1166.89
1165.83
1164.62
1163.36
1172
1168.73
1167.77
1167.34
1166.48
1165.98
1165.33
1047
1141.14
1129.54
1125.77
1127.18
844
970.373
970.886
820
931.886
931.66
930.899
937.6
774
853.915
758
771.815
785.138
791.596
801.725
711
748.949
688
710.973
711
721.014
729.552
711
725.152
758
758.989
789
790.922
793.349
797.114
969
992
943.078
901.323
1047
1037.27
999.217
982.271
1179
1148.04
1086.41
1069.83
1082.66
1091.11
1090.81
1091.86
1266
1230.91
1178.85
1265
1219
1213.32
1216.39
1219.69
1218.18
1213.66
1210.23
1207.37
1242
1242
1250
1328
1305.14
1290.27
1285.06
1280.29
1273.22
1266.8
1211
1216.24
1214.87
1210.82
1172
1185.29
1184.31
1184.78
1383
1317.96
1297.58
1295.81
1285.64
1272.03
1375
1341.22
1383
1352
1340.34
1334.79
1325.15
1315.81
945
1069.98
1157.14
1170.68
1175.67
1191.06
1195.08
1195.88
1198.64
1200.52
1383
1337.02
1461
1416.77
1438
1428.13
1427.14
1414
1415.51
1453
1448.4
1414
1430
1391
1359
1364.95
1281
1359
1347.47
1422
1406
1403.39
1404.66
1404.58
1403.64
1250
1296.82
1218
1223.98
1223.82
1225.51
1227
1233.13
1234
1237.59
1196
1250
1226
1231.06
1235.03
1236.07
1281
1279.73
1258
1265.65
1268.63
1268.6
1269.34
1328
1322.61
1321.35
1320.16
1305
1307.24
1306.49
1305
1187
1252.89
1156
1109
1125
1127.62
1133.16
1141.55
1148.28
1153.19
1157.18
1160.39
1163.1
1165.44
1167.51
1169.63
1148
1156.54
1157.38
1158.08
1159.64
1161.24
1164.49
1167.76
1250
1244.71
1273
1264
1211
1242
1242.07
1312
1288.44
1264.09
1305
1336
1328.6
1311.56
1336
1339.32
1258
1260.98
1268.5
1268.38
1259.13
1297
1299.4
1289.77
1280.75
1283.57
1282.17
1351
1326.71
1344
1333.71
1320.84
1312.94
1398
1367.14
1343.16
1297
1300.6
1305.12
1352
1337.93
1328.55
1375
1370.45
1360.42
1349.93
1344.66
1328
1323.81
1320.45
1317
1314.21
1312.97
1312.85
1313.11
1312.46
1313.15
1141
1245.23
1240.39
1237.47
1172
1197.81
914
1045.02
1047.72
906
1024.36
1027.59
1033.25
1046.41
1055
1065.31
1072.84
1079.56
1227
1289
1286.17
1297
1289
1294.54
1298.81
1300.55
1336
1337.03
1339.32
1343.7
1390
1392.34
1395.88
1400.25
1404.66
1408.85
1412.15
1414.07
1414.23
1410.25
1250
1345.53
1343.5
1333.94
1329.71
1327.76
1383
1372.9
1328
1337.85
1414
1400.43
1387.36
1382.98
1386.15
1383.19
1373.26
1373.77
1375.97
1372.17
1367.49
1430
1417.63
1404.05
1401.36
1406.16
1328
1339.13
1344.22
1344.13
1340.74
1347.52
1352.12
1345.91
1344.96
1344
1342.66
1339.55
1336
1391
1386.35
1336
1347.16
1328
1330.66
1330.75
1344
1345.11
1305
1336
1334.76
1335.22
1335.03
1338.21
1340.68
1337.83
1250
1300.36
1296.91
1293.5
1294.15
1298.01
1300.12
1301.59
1302.82
1328
1336
1331.26
1282
1328
1323.94
1359
1383
1297
1313.42
1317.81
1318.78
1313.66
1309.68
1312.55
1315.94
1317.31
1328
1328
1324.71
1325.35
1324.33
1326.42
1325.45
1323.15
1323.62
1324.61
1325.38
1325.85
1326.5
1327.92
1329.05
1329.96
1330.6
1329.36
1305
1305
1351
1274
1310.99
1304
1302.68
1351
1322.37
1322.36
1344
1297
1308.74
1313.79
1250
1274.74
1320
1305
1302.68
1307.38
1308.79
1304.74
1307.55
1310.34
1306.36
1307.48
1309.79
1336
1321.23
1317.9
1320.17
1219
1252.25
1278.14
1367
1337.51
1333.76
1337.72
1329.37
1336
1331.04
1323.48
1297
1299.73
1297.16
1293.53
1295.49
1297.2
1298.31
1274
1280.55
1281.99
1312
1308.8
1273
1279.45
1282.22
1289
1297
1291.01
1290.18
1289.34
1320
1258
1275.39
1279.64
1279.77
1279.58
1280.76
1281
1320
1306.56
1299.48
1295.57
1258
1242
1248.34
1251.88
1255.05
1256.46
1257.8
1305
1304.9
1297
1304
1305.63
1297.94
1291.64
1320
1317.37
1303.98
1300.57
1304.69
1301.57
1294.18
1291.1
1291.73
1320
1312.06
1305.89
1304.59
1306.11
1302.68
1298.04
1294.79
1293.53
1292.24
1289.91
1289.56
1290.19
1305
1320
1328
1289
1287.93
1290.09
1293.77
1305
1302.58
1297.5
1295.24
1296.49
1299.53
1300.54
1297.06
1266
1270
1289
1296.85
1242
1256.51
1261.65
1266.85
1269.35
1265.82
1264.2
1268.5
1273.78
1276.47
1289
1266
1271.01
1275.02
1266
1344
1336
1324.53
1314.7
1359
1348.58
1333.73
1336
1320
1352
1342.95
1330.82
1343
1342.8
1337.16
1332.26
1332.19
1332.28
1329.73
1327.13
1326.3
1326
1325.32
1324.08
1324
1323.82
1304
1311.71
1265
1307.22
1298.01
1297.16
1274
1287.93
1286.94
1258
1274.18
1258
1289
1280.41
1282.68
1285.39
1286.72
1273
1313
1301.19
1299.21
1300.58
1301.19
1301.13
1301.19
1336
1324.67
1321.14
1305
1308.51
1310.23
1307.32
1250
1270.7
1271.85
1270.7
1269.9
1272.3
1274.12
1258
1264.35
1265.78
1264.71
1264.68
1195
1133
1156
1157.46
1165.26
1174.43
1187.76
1375
1359
1337.16
1333.19
1323.42
1308.15
1296.8
1288.13
1277.13
1328
1322.55
1274
1312
1313.74
1299.93
1242
1247.24
1251.09
1258
1251.66
1247.18
1250.39
1250.88
1247.74
1244.86
1243.09
1241.11
1239.18
1238.02
1239.36
1281
1266
1267.44
1282
1284.58
1279.9
1276.28
1277.83
1278.55
1275.71
1273
1272
1271.99
1281
1289
1284.81
1281.21
1281
1280.96
1279.64
1277.17
1274.94
1273.85
1272.94
1272.21
1297
1292.77
1289.52
1286.68
1285.11
1336
1302
1294.87
1294.35
1274
1277.63
1278.68
1278.91
1278.15
1304
1298.23
1293.25
1291.63
1274
1297
1292.72
1289.58
1286.57
1285.66
1287.39
1336
1304.69
1299.79
1298.58
1297.93
1295.34
1291.95
1289
1289.5
1288.9
1288.08
1287.26
1305
1299.34
1296.84
1296.06
1295.96
1281
1305
1297.64
1295.64
1293.76
1295.38
1250
1289
1281.23
1280.79
1280.35
1281.77
1242
1269.01
1265.91
1264.53
1264.87
1267.25
1267.34
1336
1315.59
1312.1
1313.11
1313.26
1310.32
1309.97
1297
1266
1320
1297
1293.96
1295.54
1295.5
1293.5
1293.23
1293.38
1291.85
1291.55
1291.12
1290.66
1250
1258
1256.7
1258
1359
1331.58
1383
1422
1401.76
1395.62
1367
1364.1
1358.61
1353.02
1320
1323.13
1319.39
1317.84
1320
1320.23
1321.52
1289
1295.38
1258
1267.56
1264.98
1266.32
1269.14
1282
1283
1266
1273.8
1273.22
1273.81
1297
1250
1269.85
1258
1219
1235.06
1172
1210.23
1204.87
1207.32
1212.11
1214.87
1218.63
1297
1286.11
1274
1278.79
1279.37
1277.53
1250
1254.97
1252.01
1235
1237.58
1235.99
1234.75
1234.83
1235.11
1236.51
1236.65
1238.05
1336
1299.75
1292.14
1287.31
1281
1273.53
1267.31
1261.85
1257.27
1253.7
1250.87
1250.35
1312
1336
1320
1308.21
1328
1289
1281.47
1305
1305.87
1305
1320
1289
1336
1258
1250
1273
1266
1267.81
1269.19
1270.05
1271.98
1272.77
1281
1279.11
1277.46
1277.45
1277.57
1297
1289.47
1289
1291.2
1281
1286.51
1285.24
1284.7
1286.2
1284.57
1211
1289.4
1258
1289
1250
1264.55
1328
1283.11
1282.4
1284.1
1281
1282.87
1280.83
1281.61
1282.26
1281.14
1281.87
1282.36
1282.74
1283.21
1284.04
1284.63
1285.63
1286.28
1287.01
1266
1250
1289
1269.25
1227
1273
1258
1257.62
1250
1258
1258
1250
1289
1277.52
1289
1284.8
1284.12
1284.81
1283.9
1274
1278.38
1277.25
1274.91
1266
1270.88
1270.13
1312
1301.89
1298.26
1296.65
1295.18
1294.68
1292.31
1320
1312.21
1273
1275.79
1234
1247.52
1247.75
1248.74
1211
1226.24
1226.98
1227.67
1230.42
1133
1172
1171.67
1169.58
1173.22
1234
1258
1256.84
1219
1242
1248.83
1243.96
1236.9
1243.19
1250
1245.69
1237.18
1241.43
1243.56
1235.32
1229.1
1233.77
1360
1298.73
1272.65
1344
1319.9
1292.46
1288.23
1293.16
1285.2
1274.1
1273.23
1297
1286.91
1275.09
1274.88
1320
1306.81
1291.54
1328
1323.89
1307.78
1312
1315.17
1306.56
1298.12
1299.92
1281
1242
1289
1297.39
1250
1267.78
1278.81
1272.56
1289
1298.8
1288.81
1287.58
1289
1283.85
1280.11
1344
1328.02
1344
1328
1312
1305
1302.3
1296.75
1320
1315.03
1309.73
1305
1273
1266
1267.16
1267.25
1274
1276.97
1227
1248.42
1245.76
1247.21
1249.15
1281
1282.91
1285.32
1286.86
1288.37
1288.6
1288.53
1289.03
1289.01
1289.07
1288.9
1288.42
1288.13
1305
1302.6
1305
1303.26
1302.35
1302.53
1301.19
1299.66
1297.94
1235
1288.8
1274.01
1272.54
1273.14
1273.91
1304
1305
1300.2
1301.25
1305
1273
1286.78
1285.01
1282.56
1281.34
1250
1268.43
1265.23
1242
1281
1281
1276.46
1278.59
1280.77
1279.1
1278.85
1278.8
1278.32
1277.14
1276.16
1320
1306.11
1305
1305
1273
1279.27
1258
1261.31
1289
1282.47
1281.21
1281.6
1281
1278.57
1275.82
1273.69
1272.71
1271.89
1250
1234
1235.02
1195
1205.97
1203.75
1205.41
1258
1267.37
1272.89
1276.34
1278.86
1279.99
1280.28
1279.71
1278.67
1275.32
1272.24
1297
1292.32
1292.87
1266
1234
1235.39
1236.26
1234
1238.1
1240.86
1281
1286.53
1234
1238.02
1227
1225.29
1224.25
1250
1258.3
1289
1291.54
1250
1252.01
1253.97
1242
1281
1258
1256.23
1258.77
1258.26
1254.83
1251.35
1251
1211
1221.55
1222.53
1223.13
1313
1304
1295.25
1290.56
1250
1247.01
1244.06
1266
1336
1319.56
1258
1252.28
1336
1323.03
1306.38
1296.53
1234
1281
1313
1265
1258
1262.23
1271.3
1313
1288.99
1273
1269.95
1276.94
1320
1297
1278.46
1289
1297.03
1313
1292.76
1276.71
1280.69
1292.82
1293.92
1278.02
1270.74
1276.68
1242
1246.81
1249.39
1254.05
1255.36
1297
1289
1283.52
1280.99
1283.05
1283.12
1277.72
1272.83
1273
1320
1313.3
1289
1284.64
1286.37
1288.85
1285.19
1279.35
1276.14
1277.91
1278.04
1275.63
1272.33
1297
1297
1292.1
1286.31
1284.04
1285.57
1285.02
1258
1266.99
1270.52
1274.5
1270.9
1267.7
1271.39
1305
1300.26
1312
1313
1307.61
1250
1258.9
1265.69
1272.81
1258
1289
1298.12
1328
1281
1305
1306.52
1297.98
1288.75
1293.35
1258
1297
1291.01
1289
1284.22
1286.52
1286.21
1336
1336
1320
1315.52
1317.89
1312.51
1304.99
1301.94
1299.82
1296.47
1293.33
1292.07
1227
1258.98
1255.71
1253.41
1242
1289
1280.84
1281.28
1289
1289
1289.33
1313
1312
1308.72
1297
1299.64
1299.58
1296.12
1296.06
1296.24
1281
1286.78
1234
1260.1
1255.83
1254.77
1219
1265
1258
1258.25
1259.52
1289
1281.29
1281.87
1283.91
1258
1267.19
1266.46
1263.37
1263.54
1258
1273
1269.14
1250
1261.73
1274
1250
1273
1268.91
1273
1266.47
1266
1265
1282
1273.48
1271.91
1271.79
1272.76
1270.29
1250
1250
1252.75
1253.88
1252.6
1255.57
1257.77
1257.37
1297
1312
1298.08
1294.67
1294.45
1290.12
1285.1
1281.91
1278.61
1273.85
1270.23
1267.32
1265.28
1264.4
1264.37
1242
1219
1195
1194.71
1194.16
1197.01
1201.63
1206.41
1211.45
1203
1209.14
1210.7
1212.98
1215.87
1218.72
1222.32
1219
1242
1297
1297
1294.31
1287.18
1336
1342.54
1321
1310.01
1308.52
1311.17
1289
1250
1250.33
1255.58
1227
1228.79
1232.57
1234
1266
1268.79
1258
1258.04
1260.47
1259.46
1255.85
1252.15
1235
1320
1289
1282.89
1280.53
1281.87
1282.33
1281
1219
1245.21
1243.44
1242.3
1240.96
1242.89
1244.87
1245.16
1244.77
1244.85
1244.92
1244.86
1266
1258.62
1305
1289.84
1297
1242
1257.27
1256.61
1254.61
1234
1241.24
1258
1253.99
1252.28
1252.84
1255.13
1255.05
1255
1289
1276.22
1270.89
1281
1276.57
1272.01
1269.85
1268.74
1265.66
1262.56
1262.04
1261.06
1259.83
1305
1289
1289
1287.55
1284.87
1281.76
1279.43
1277.11
1275.03
1272.89
1271.39
1270.95
1281
1278.57
1250
1250
1234
1238.36
1281
1277.49
1273
1274.63
1250
1255.03
1255.31
1256
1257.25
1258.06
1242
1246.29
1247.42
1248.31
1248.95
1248.99
1250.56
1258
1258.68
1211
1297
1271.16
1250
1251.34
1253.94
1252.24
1248.33
1250.34
1252.43
1250.79
1252.52
1254.51
1256.57
1257.24
1257.34
1259.27
1261.23
1262.02
1262.64
1263.75
1219
1288.4
1236.79
1253.13
1255.62
1252.79
1227
1273
1257.08
1253.55
1252.24
1281
1261.88
1297
1278.55
1275.31
1274.14
1227
1255.56
1251.57
1248.82
1247.91
1258
1253.69
1320
1291.55
1283.96
1280.49
1258
1265.61
1262.97
1259.02
1289
1278.77
1274.65
1273
1272.53
1270.23
1267.45
1266.57
1266.02
1265.75
1265.49
1266.12
1265.28
1265.74
1250
1260.68
1257.33
1256.89
1257.85
1258.08
1259.07
1273
1271.06
1271.19
1272.05
1271.92
1271.15
1203
1283.73
1266.57
1211
1273
1258.1
1254.63
1313
1320
1250
1259.33
1263.35
1260.94
1258.27
1258.1
1259.97
1260.66
1258.47
1258.6
1259.67
1250
1250
1252.24
1250
1250.88
1251.71
1281
1267.6
1264.23
1258
1260.53
1261.36
1297
1281.03
1242
1248.19
1281
1277.1
1271.14
1269.22
1269.24
1263.9
1259.03
1256.71
1255.85
1254.29
1250
1251.45
1252.98
1253.54
1252.52
1227
1250
1248.7
1248
1246.6
1248.86
1250
1281
1274.96
1270.24
1267.77
1267.55
1234
1243.93
1242
1273
1270.59
1266.99
1250
1252.65
1254.33
1255.77
1251.74
1234
1239.42
1242.24
1245.42
1265
1235
1265
1263.21
1261.32
1227
1232.55
1235.23
1238.9
1242
1258
1261.99
1255.26
1247.49
1252.9
1254.38
1247.67
1241.13
1247.72
1251.39
1242.67
1242.29
1250.39
1250.81
1258
1243.74
1248.98
1265
1258
1246.23
1250.45
1256.71
1252.29
1241.12
1244.17
1251.24
1252.62
1239.93
1243.82
1254.3
1305
1242.17
1244.11
1248.96
1251.21
1241.31
1242.79
1255.14
1258.71
1238.64
1243.65
1257.4
1273
1219.27
1274
1320
1259.47
1246.61
1256.97
1263.53
1248.36
1241.88
1266
1268.74
1266
1273
1219
1237.5
1244.82
1219
1225.48
1232.12
1235.55
1219
1225.84
1234.63
1234.82
1297
1276.92
1266.14
1258
1263.76
1258.95
1250
1258
1258.72
1265
1253.71
1251.41
1255.76
1254.22
1248.69
1282
1273.89
1264.42
1250
1227
1232.39
1273
1266.4
1257.25
1256.15
1258.41
1256.35
1249.82
1219
1226.37
1230.14
1233.87
1231
1305
1295.6
1289
1250
1249
1250.56
1246.23
1239.99
1237.6
1289
1281
1265.78
1258.42
1256.99
1249.95
1239.74
1242
1244.61
1297
1273
1261.77
1260.01
1260.32
1252.64
1243.74
1240.46
1240.73
1240.62
1234
1235.43
1237.69
1240.16
1227
1230.19
1250
1254.88
1248.95
1234
1237.66
1250
1252.1
1244.35
1239.65
1242.94
1246.99
1243.32
1250
1249.85
1248.42
1227
1231.59
1237.22
1266
1250.83
1242.3
1246.2
1234
1235.49
1236.65
1237.94
1237.07
1233.42
1281
1320
1297
1279.36
1297
1294.57
1235
1238.6
1240.01
1240.49
1237.4
1239.83
1243.36
1244.43
1241.33
1234
1236.51
1236.97
1235.76
1235.77
1237.18
1250
1305
1294.17
1266
1273
1274
1269.38
1261.69
1266
1320
1313.72
1298.89
1289.72
1289
1287.73
1281.67
1276
1272.66
1258
1289
1289.78
1265
1264.72
1268.47
1271.09
1267.68
1263.03
1250
1255.44
1180
1225.9
1266
1234
1238.34
1242.7
1246.16
1243.8
1243.11
1242
1245.74
1320
1250
1289
1282.53
1278.41
1274.7
1195
1219.36
1223.45
1220.92
1224.64
1229.52
1289
1273.81
1258
1261.54
1264.28
1253.68
1242
1245.1
1246.38
1235
1211
1218
1220.93
1250
1243.77
1240.7
1245.86
1248.37
1243.13
1236.68
1239.46
1242.5
1328
1289
1266.62
1289
1250
1305
1287
1275.51
1272.69
1276.1
1275.98
1268.83
1265.04
1265.43
1273
1268.44
1264.52
1263.63
1264.28
1263.16
1261.88
1261.23
1250
1255.64
1235
1251.44
1247.54
1246.77
1273
1265.16
1265.93
1267.64
1250
1256.67
1256.51
1255.69
1256.46
1257.17
1257.98
1258.48
1258.69
1259.37
867
1040.44
1041.34
1036.01
805
951.004
950.712
949.983
956.808
965.314
758
846.175
742
760.885
776.278
787.284
802.253
818.734
766
801.487
851
852
883
895.941
908.859
1008
1039
1039.87
1040.04
1043.07
1046.29
1234
1177.24
1144.12
1123.53
1127.98
1135.19
1137.77
1138.78
1139.79
1143.11
1144.98
1297
1297
1249.16
1230.23
1233.39
1237.79
1237.97
1289
1275.92
1261.43
1255.94
1253.41
1251.08
1247.01
1242
1236.8
1232.84
1360
1367
1289
1274.47
1274.15
1274.47
1270.51
1264
1437
1372.78
1312
1303.1
1297.54
1288.06
1406
1358.49
1324.88
1311.83
1307.14
1303.78
1320
1309.17
1281
1328
1327.85
1321.19
1310.28
1304.68
1306.01
1308.08
1304.45
1336
1344
1359
1346.67
1335.74
1327.62
1323.65
1321.12
1273
1285.61
1287.02
1291.45
1293.98
1296.28
1328
1335.07
1406
1394.04
1367
1361.29
1336
1324.86
1318.46
1313.78
1310.69
1309.75
1309.79
1336
1342.92
1344
1338.14
1333.26
1328.68
1323.68
1319.69
1316.24
1398
1377.27
1399
1384.2
1372.91
1363.78
1360
1352
1345.54
1342.42
1339.96
1339.66
1339.42
1339.34
1391
1406
1344
1383
1375.58
1305
1375
1359.48
1336
1342.88
1346.44
1342.41
1383
1367.59
1361.55
1364.41
1398
1379.89
1371.98
1372.22
1289
1319.84
1322.23
1319.44
1195
1235.75
1251.33
1297
1289.77
1311.98
1315.52
1311.18
1313.12
1289
1258
1297
1297.35
1292.79
1294.35
1297
1301.63
1300.95
1297
1297
1299.71
1299.7
1300
1301.26
1302.61
1303.96
1301.94
1303.52
1336
1329.86
1326.05
1359
1289
1293.83
1295.47
1294.1
1296.05
1295.81
1297.91
1258
1296.23
1320
1303.88
1336
1325.81
1322.85
1297
1305.6
1304.68
1302.04
1300.53
1300.67
1375
1367
1350.53
1359
1353.79
1345.38
1320
1322.35
1320.11
1315.99
1125
1217.43
1214.47
1274
1268.02
1274.72
1281.94
1283.72
1367
1350.2
1343.93
1343.83
1342.25
1338.3
1333.92
1330.34
1327.04
1323.88
1321.38
1321.29
1281
1296.29
1328
1317.17
1314.19
1422
1385.74
1374.05
1406
1336
1305
1309.24
1305.43
1305.05
1375
1363.96
1355.08
1357.35
1347.27
1337.84
1334.53
1326.52
1266
1279.56
1285.09
1273
1328
1348.37
1332.81
1336
1333.19
1289
1328
1328.76
1317.66
1322.71
1289
1294.39
1296.23
1297
1296.13
1289
1291.64
1219
1244.47
1244.17
1328
1323.17
1399
1367
1360.44
1359.2
1347.14
1305
1308.74
1336
1331.07
1336
1336.53
1332.99
1327.48
1319.88
1313.57
1307.96
1305
1303.22
1302.22
1301.96
1301.98
1320
1318.31
1318.02
1297
1328
1323.76
1320
1317.11
1274
1296.78
1295.32
1294.9
1292.49
1187
1094
1086
1117
1176.09
1230.09
1284.95
1320
1317.27
1312.64
1311.35
1305.71
1297.7
1250
1234
1233.82
1235.19
1237.52
1240.58
1243.77
1245.55
1245.42
1375
1351.51
1332.61
1336
1327.59
1314.74
1297
1288.16
1280.6
1274.18
1268.81
1264.14
1260.97
1260.21
1261.11
1262.79
1264.73
1266.66
1268.44
1269.27
1270.48
1352
1327.7
1319.35
1312.77
1328
1324.12
1317.01
1309.75
1307.74
1308.88
1297
1289
1375
1352
1338.53
1335.22
1331.98
1297
1297.43
1296.41
1293.83
1383
1353.64
1343.34
1339.85
1332.55
1321.31
1312.71
1306.97
1281
1297
1303.28
1306.94
1305.49
1297
1298.08
1281
1283.17
1281.74
1320
1320.01
1234
1258.67
1265.26
1281
1280.05
1390
1305
1306.03
1308.85
1328
1297
1299.83
1307.19
1307.15
1300.1
1328
1321.95
1311.67
1328
1297
1299.15
1302.6
1302.24
1300.59
1301.08
1303.58
1303.66
1297
1281
1288.41
1289
1287.14
1219
1272.19
1367
1336
1318.17
1367
1359.1
1345.66
1341.04
1343.22
1339.94
1331.65
1330.18
1330.98
1326
1319.85
1318.04
1320
1316.54
1312.82
1297
1297
1298.04
1344
1336.06
1281
1293.2
1305
1289
1291.62
1293.26
1295.59
1296.09
1296.55
1298.91
1301.33
1303.48
1303.94
1305.86
1307.99
1310.09
1311.37
1328
1281
1297.3
1299.91
1301.48
1299.92
1297
1301.04
1303.18
1302.33
1303.51
1305.73
1235
1299.48
1290.32
1286.58
1286.98
1289.38
1291.17
1297
1367
1327.96
1211
1263.91
1148
1180.85
1187
1219
1219
1221.5
1226.44
1297
1291.7
1289
1288.8
1235
1249.82
1251.83
1250.24
1351
1313
1301.79
1297.92
1312
1304.92
1289
1287.73
1305
1312
1299.39
1293.35
1294.93
1295.03
1290.37
1289
1351
1333.87
1319.33
1312.55
1309.08
1302.32
1295.57
1291.78
1274
1276.07
1275.77
1281
1258
1281
1284.93
1359
1339.16
1344
1339.34
1331.79
1322.34
1312.73
1304.02
1297.47
1274
1274.07
1271.37
1272.62
1275.29
1277.99
1281.9
1285.45
1328
1335.08
1320
1314.31
1289
1282.69
1279.73
1297
1289
1289.64
1289.51
1258
1264.47
1265.43
1269.15
1289
1298.2
1299.86
1296.54
1292.58
1297
1295.86
1291.57
1286.84
1312
1258
1242
1246.93
1249.38
1251.33
1255.75
1261.4
1265.18
1267.61
1289
1290.33
1287.77
1285.7
1281.08
1275.25
1270.97
953
1110.69
1055
906
1018.46
906
906
920.594
924.739
930.504
936.945
943.367
1133
1131.34
1137.32
1146.35
1226
1231.16
1234.53
1239.33
1244.41
1248.68
1251.58
1253.58
1255.77
1336
1335.63
1337.02
1328
1333.01
1312
1315.51
1319.32
1321.27
1336
1329.21
1323.86
1323.52
1281
1283.07
1278.9
1275.18
1272.47
1270.66
1328
1322.33
1367
1358.28
1414
1422
1405.9
1375
1368.73
1360.42
1353.39
1344
1342.81
1341.76
1341.38
1367
1367
1366.91
1429
1360
1363.02
1365.9
1362.48
1359.57
1360
1359.11
1357.84
1355.98
1353.5
1352.09
1350.97
1350.46
1349.93
1350.25
1351.3
1336
1348.49
1345.16
1328
1342.23
1313
1367
1346.7
1344.95
1345.91
1346.95
1274
1352.37
1336.16
1333.45
1333.52
1335.86
1336.74
1337.28
1338.47
1339.72
1340.65
1341.42
1342.17
1336
1383
1328
1336.82
1340.81
1351
1341.24
1342.95
1344.99
1344.97
1344.91
1345.13
1346.94
1344.59
1422
1383
1374.54
1369.63
1367.51
1320
1340.84
1338.29
1351
1346.29
1344.62
1347.39
1348.92
1234
1274
1314.82
1308.98
1308.43
1315.13
1317.97
1314.92
1318.5
1320.56
1319.39
1319.97
1383
1368.17
1356.71
1355.54
1328
1375
1366.08
1356.37
1359
1360.11
1352.85
1349.8
1375
1365.72
1360
1357.85
1359.13
1356.68
1353.67
1297
1398
1383
1364.24
1351
1353.39
1320
1352
1347.42
1344.04
1343.74
1328
1320
1330.37
1331.51
1329.08
1336
1336.63
1338.94
1336
1305
1326.36
1297
1306.06
1307.61
1306.17
1344
1334.83
1334.39
1336.94
1336.76
1337.34
1336.86
1336.95
1305
1316.96
1315.31
1314.37
1315.92
1316.48
1317.05
1273
1258
1313
1304.91
1307.29
1310.59
1359
1321
1325.02
1326.95
1320
1305
1310.52
1309.63
1306.24
1307.87
1258
1274.84
1273
1271.91
1274.39
1278.27
1279.97
1281.37
1283.13
1227
1246.27
1247.49
1246.05
1249.69
1252.05
1253.98
1256.44
1258.57
1260.68
1262.79
1265.66
1268.07
1281
1282.48
1284.85
1109
1155.1
1210.55
1086
1125
1140.23
1188
1181.23
1185.95
1250
1244.28
1289
1279.39
1278.69
1278.99
1277.97
1276.71
1275.44
1274.17
1297
1290.96
1289.69
1289.18
1289.01
1343
1329.36
1321.4
1313
1315.96
1317.2
1311.54
1307.39
1304.82
1281
1283.44
1280.95
1277.03
1274.28
1297
1293.95
1289
1290.49
1292.86
1292.34
1289.64
1336
1323.68
1316.89
1320
1317.59
1328
1322
1317.61
1318.58
1317.54
1314.64
1312.89
1375
1328
1327.91
1297
1258
1266.18
1268.25
1281
1284.11
1273
1278.82
1281.25
1282.99
1283.2
1289
1289.54
1328
1281
1289.19
1291.47
1297
1294.17
1291.71
1293.89
1296.33
1294.97
1292.55
1297
1295.86
1305
1301.4
1298.13
1298.2
1367
1321.65
1314.94
1312.42
1297
1301.35
1305
1301.57
1299.91
1328
1313.55
1309.19
1307.17
1307.12
1306.07
1304.21
1302.68
1301.88
1300.79
1299.8
1273
1319.47
1289
1293.27
1294.82
1203
1250
1305
1290.69
1287.45
1294.34
1295.74
1290.17
1305
1302.05
1299.02
1299.12
1313
1307.05
1304.78
1312
1308.63
1305.93
1307.42
1308.53
1305.61
1305.95
1306.89
1304.75
1289
1289
1290.71
1286.95
1286.95
1286.84
1266
1258
1259.09
1258.62
1234
1242
1242
1242.48
1266
1265.33
1271.13
1274.59
1304
1306.8
1307.93
1273
1242
1244.04
1250
1250
1254.65
1259.92
1264.56
1267.68
1267.96
1265.12
1261.75
1336
1367
1341.61
1325.25
1315.83
1289
1219
1222.84
1223.88
1313
1327.09
1317.52
1375
1375
1355.52
1336
1326.15
1315.8
1321
1314.88
1305.43
1313
1312.6
1297
1291.14
1289.51
1287.46
1284.8
1283.22
1283.39
1284.27
1284.89
1289
1328
1328.69
1327.32
1321.67
1315.49
1311.34
1307.93
1305
1303.28
1303.38
1304.04
1305
1305.91
1306.52
1306.02
1305.45
1304.65
1304
1344
1338.72
1336
1331.18
1327.43
1273
1298.23
1294.69
1296.23
1296.76
1295.71
1298.43
1289
1266
1276.67
1297
1295.8
1273
1297
1296.19
1258
1272.8
1275.59
1272.97
1273.2
1277.71
1278.01
1250
1258
1261.12
1258.56
1257.42
1264.71
1266.97
1234
1246.38
1250.77
1247.88
1243.89
1242
1234
1235.54
1237.42
1273
1269.83
1263.43
1156
1209.39
1211.26
1207.63
1207.87
1215.11
1281
1271.61
1289
1281.28
1278.08
1275.97
1271.62
1305
1295.86
1285.84
1273
1277.01
1278.52
1273.91
1250
1253.09
1255.14
1253.06
1258
1253.61
1258
1257.97
1258.15
1234
1238.58
1238
1258
1256.6
1253.57
1258
1262.94
1263.55
1259.66
1258.25
1260.68
1261.92
1258.72
1255.5
1257.6
1259.62
1257.11
1252.85
1305
1284.76
1273.34
1272.6
1273.97
1267.25
1383
1336
1315.14
1309.11
1303.76
1299.11
1293.69
1289.71
1286.45
1283.57
1281.16
1279.44
1278.62
1344
1320
1307.51
1367
1328
1323.99
1321.7
1314.71
1305
1328
1318.27
1312.81
1310.65
1308.46
1305.71
1302.32
1302.45
1303.32
1305
1303.31
1304.53
1328
1322.26
1318.66
1316.08
1313.53
1266
1258
1260.13
1259.3
1226
1243.5
1242.33
1244.97
1249.88
1253.96
1258
1261.77
1242
1219
1224.61
1224.95
1227.03
1230.28
1203
1212.86
1156
1181.34
1177.53
1156
1166.38
1180
1182.14
1188.2
1188
1194.79
1198.37
1202.13
1205.12
1207.98
1210.14
1212.49
1195
1203
1204.74
1203.58
1242
1250
1242.35
1235.29
1229.57
1226
1220.79
1216.58
1213.19
1172
1211
1201.09
1202.01
1203.18
1203.44
1226
1250
1245.25
1227
1220.8
1218.68
1242
1258
1258
1249.99
1281
1276.73
1272.33
1266.03
1261.89
1259.26
1255.93
1252.08
1258
1254.56
1219
1228.27
1227
1250
1273
1267.89
1261.75
1259.37
1254.04
1258
1253.95
1249.41
1227
1242
1242.11
1242.48
1243.68
1245.21
1246.68
1242
1203
1211
1212.35
1214.25
1216.32
1220.1
1196
1203.89
1205.04
1204.5
1211
1211.75
1211
1214.01
1203
1208.36
1207.21
1209.13
1211.06
1212.91
1214.97
1217.02
1218.8
1220.96
1211
1215.26
1215.05
1213.84
1250
1242
1234
1231.47
1227.71
1219
1218.67
1180
1204.16
1211
1213.16
1215.31
1242
1227
1227.29
1250
1239.23
1234.09
1235.12
1227.84
1227
1273
1261
1254.79
1254.53
1248.19
1240.93
1238.85
1234.15
1229.12
1229.08
1227.46
1203
1212.61
1212.53
1210.68
1214.01
1211
1212.64
1212.79
1242
1242
1240.22
1238.76
1227
1226.6
1225.2
1222.45
1221.84
1250
1250
1249.39
1246.98
1244.81
1226
1219
1250
1247.17
1244.22
1240.17
1237.75
1219
1220.35
1220.58
1221.74
1164
1182.77
1172
1173.5
1173.84
1176.53
1281
1297
1275.47
1270.4
1258
1248.78
1239.75
1232.87
1227.38
1222.98
1219.7
1216.84
1215.12
1281
1275.51
1268.81
1266
1258.48
1234
1228.12
1242
1240.34
1258
1253.92
1247.07
1241.41
1236.55
1231.55
1227
1224.33
1224.61
1225.32
1219
1221.18
1221.69
1222.68
1223.67
1223.97
1223.89
1187
1214.05
1203
1204.87
1206.31
1206.93
1208.9
1211
1211.2
1212.42
1195
1206.31
1204.31
1203.09
1204.89
1203.82
1206.03
1205.24
1207.66
1206.68
1209.18
1208.14
1258
1228.1
1250
1250
1247.64
1281
1269.56
1265.76
1264
1262.98
1262.64
1261.26
1281
1275.25
1289
1285.42
1258
1264.77
1250
1250.62
1247.54
1245.59
1245.7
1245.8
1227
1234.76
1232.56
1232.48
1232.97
1233.66
1234.3
1234.53
1226
1229.8
1180
1239.6
1226.03
1223.56
1223.97
1226.13
1226.64
1228.28
1250
1244.77
1244.19
1247.19
1246.44
1247.16
1245.75
1258
1253.27
1251.61
1251.81
1250.97
1258
1254.5
1253.13
1253.55
1252.71
1252.51
1251.89
1251.73
1258
1256.2
1255.82
1255.55
1265
1262.61
1227
1242
1250
1247.04
1246.73
1249.39
1251.45
1249.78
1250.59
1254.05
1254.41
1250.88
1305
1250
1252.43
1254.81
1250
1251.54
1252.82
1250.99
1252.55
1251.4
1252.82
1253.68
1219
1247.78
1240.62
1239.48
1203
1234.76
1180
1215.52
1172
1203
1197.16
1196.57
1203
1201.72
1204.21
1205.41
1226
1219
1211
1216.68
1203
1210.16
1209.23
1209.31
1209.95
1250
1235.68
1232.35
1232.23
1233.86
1233.13
1232.25
1230.05
1211
1258
1250
1243.22
1240.58
1258
1250
1250
1258
1253.91
1251.02
1248.82
1247.12
1245.07
1242.51
1133
1125
1125
1124.5
1130.61
1137.56
1143.8
1150.4
1156.4
1161.9
1167.03
1171.88
1211
1216.62
1220.47
1226
1231.46
1234.86
1235.79
1235.72
1235.66
1234.81
1242
1240.8
1239.44
1239.34
1238.42
1234
1233.19
1231.77
1234
1229.89
1226.54
1250
1242
1237.88
1236.72
1234.28
1219
1221.28
1220
1196
1187
1188
1187.72
1189.84
1193.8
1198.17
1202.75
1219
1226.87
1156
1189.73
1186.75
1185.97
1188.64
1191.55
1193.86
1164
1177.28
1164
1164
1165.73
1172
1171.57
1174.54
1176.62
1178.93
1181
1182.81
1184.72
1203
1180
1211
1211
1234
1221.71
1195
1211
1209.95
1205.82
1250
1234.68
1274
1281
1269.67
1265
1263.8
1261.14
1257.78
1281
1274.21
1269.34
1269.51
1268.67
1267.57
1265.24
1263.53
1262.16
1266
1262.65
1262.27
1262.15
1250
1254.35
1273
1266.34
1264.41
1219
1250.79
1248.41
1247.62
1247.26
1249.05
1242
1247.31
1247.68
1246.85
1246.44
1247.87
1274
1267.11
1264.62
1262.23
1274
1304
1305
1289
1283.94
1305
1305.68
1297
1291.44
1290.75
1292.95
1258
1265.15
1258
1258.71
1211
1226.2
1228.22
1149
1190.88
1192.3
1190.07
1194.06
1199.04
1202.56
1242
1240.85
1211
1222.33
1227.04
1164
1184.44
1187.26
1235
1227.6
1266
1262.92
1253.19
1254.43
1252.28
1250
1250
1245.02
1238.32
1336
1304.71
1320
1328
1315.83
1336
1328.23
1320
1305
1302.84
1299.69
1296.33
1293.65
1292.12
1291.9
1291.18
1290.49
1164
1102
1162.74
1164
1141
1154.41
1203
1209.83
1217.15
1225.35
1230.43
1233.28
1235.74
1180
1199.1
1200.4
1199.49
1200.76
1203.64
1206.49
1218
1217.13
1216.27
1216.91
1217
1320
1279.7
1266
1256.95
1251.39
1246.52
1239.27
1233.93
1229.81
1250
1242
1238.03
1236.74
1236.48
1236.38
1234.74
1211
1217.27
1216.12
1214.88
1214.93
1214.94
1216.45
1216.4
1217.94
1320
1274
1264.34
1336
1315.12
1299.9
1321
1315.63
1306.51
1250
1256.3
1219
1220.2
1218.88
1219.86
1222.24
1225.19
1227.97
1230.37
1211
1215.96
1216.91
1217
1218.1
1219.09
1220.38
1320
1298.28
1287.67
1282.45
1278.55
1273.23
1297
1294.45
1289.17
1285.22
1281
1281.16
1320
1312.73
1304.13
1296.81
1294.14
1295.55
1375
1352.44
1328
1320.96
1317.77
1319.63
1319.74
1281
1281.07
1280.53
1258
1289
1294.34
1294.66
1290.2
1289.38
1293.58
1298.2
1282
1280.36
1281.87
1398
1347.04
1324.19
1319.05
1320.57
1289
1288.75
1289.21
1290.48
1320
1258
1275.68
1280.35
1282
1282.94
1282.99
1273
1277.84
1279.79
1273
1274.85
1305
1298.07
1294.51
1291.43
1292.92
1292.91
1328
1318.05
1311.9
1359
1350.92
1342.5
1337.21
1335.28
1332.35
1328.81
1325.28
1323.12
1320.49
1317.75
1219
1285.8
1277.94
1278.75
1280.63
1282.5
1284.23
1344
1331.44
1328.99
1329.81
1250
1276.3
1258
1250
1252.06
1253.8
1289
1286.25
1291.51
1295.32
1297.4
1289
1289
1250
1261.86
1259.31
1256.47
1258.21
1266
1265.28
1242
1249.91
1250.11
1125
1195
1189.42
1063
1152.58
1143.08
1142.15
1152.71
1155.08
1158.21
1161.1
1163.49
1165.57
1167.42
781
941.444
773
774
783.22
788.72
851
862.125
922
992
1008
1022.5
1164
1166.35
1167.82
1171.6
1176.66
1219
1219.83
1220.81
1320
1274
1279.6
1250
1257.05
1281
1281
1274
1320
1331.46
1334.91
1340.05
1289
1295.13
1367
1342.5
1318.33
1312.69
1313.13
1328
1323.06
1316.26
1312.53
1311.66
1309.41
1305.04
1301.19
1406
1361.26
1338.19
1333.4
1320
1315.96
1311.86
1307.98
1304.95
1303.43
1328
1336
1328
1305
1303.34
1306.34
1310.79
1315
1281
1293.3
1296.28
1301.67
1302.03
1299.57
1188
1203
1240.67
1243.51
1195
1222.59
1031
977
1012.83
1046.45
937
1007.49
1053.04
1076.28
1092.09
1016
1031
1078
1094.03
1099.72
1164
1176.63
1181.12
1183.76
1297
1294.62
1270.9
1268.83
1274.58
1274.92
1272.26
1272.43
1273.89
1414
1377.99
1352.49
1273
1279.76
1294.92
1294.32
1283.13
1275.07
1276.01
1278.38
1277.45
1273.54
1269.76
1267.68
1265.85
1297
1291.32
1367
1335.08
1317.42
1437
1392.26
1391
1373.45
1289
1291.79
1291.96
1291.56
1290.9
1292.12
1295.53
1359
1350.2
1336.31
1327.35
1321.16
1314.22
1307.59
1391
1375
1429
1395.6
1375
1367.99
1383
1373.8
1363.3
1357.71
1398
1393.01
1386.91
1378.75
1377.1
1367
1366.24
1363.41
1359.78
1356.81
1354.76
1328
1334.55
1335.7
1328
1330.76
1344
1342.16
1305
1359
1354.12
1349.83
1406
1352
1354.86
1359.38
1354.78
1352.22
1355.96
1354.53
1353.53
1354.49
1320
1375
1357.78
1352.86
1289
1273
1280.6
1284.75
1286.48
1289.09
1294.9
1298.44
1281
1375
1353.53
1346.62
1345.4
1348.03
1344
1352
1367
1320
1331.08
1333.71
1327.99
1323.58
1327.15
1327.43
1383
1365.43
1357.43
1328
1331.35
1333.88
1332.24
1328.53
1325.83
1325.87
1326.03
1324.92
1324.6
1324.44
1324.75
1383
1358.37
1349.76
1345.68
1344.53
1312
1321.88
1322.84
1323.27
1322.9
1323.36
1324.8
1323.95
1322.92
1305
1313.66
1314.86
1314.47
1317.57
1317.39
1320.55
1336
1333.18
1328
1327.76
1344
1340.3
1334.23
1320
1324.86
1326.93
1326.38
1322.18
1322.75
1325.41
1327.08
1323.06
1320.26
1322.9
1325.54
1328
1320.94
1320.18
1289
1304.68
1375
1345.37
1331.14
1328.91
1359
1355.76
1347.25
1336
1332.77
1339.51
1342.96
1335.89
1327.73
1325.06
1330.64
1344
1297
1309.7
1315.82
1367
1320
1316.69
1323.86
1333.57
1331.06
1304
1307.68
1375
1344
1331.37
1325.64
1335.23
1342.76
1335.82
1321.79
1321.03
1332.61
1338.56
1328.54
1336
1333.56
1367
1336
1327.76
1331.49
1341.18
1339.51
1327.73
1322.74
1367
1350.41
1335.92
1330.01
1343
1347.6
1336
1328.16
1331.05
1344
1340.67
1329.98
1297
1314.85
1351
1343.44
1289
1301.85
1313.35
1318.97
1320
1352
1281
1292.78
1301
1306.64
1307.22
1305
1301.13
1305.48
1312.33
1315.77
1312.49
1307.8
1309.79
1313.86
1344
1289
1297
1301.48
1304.69
1305.16
1305
1305.72
1308.55
1311.23
1297
1281
1290.1
1293.82
1219
1256
1258.81
1256.77
1256.16
1259.38
1250
1256.75
1259.22
1260.77
1281
1258
1281
1279.24
1279.21
1320
1309.58
1297
1266
1367
1338.23
1336
1398
1375.11
1360.62
1367
1361.06
1353.35
1353.17
1351.34
1367
1359.85
1356.64
1357.32
1357.07
1355.4
1353.34
1351
1328
1336.06
1332.7
1329.85
1375
1359.66
1359
1357.83
1355.2
1351.77
1349.35
1347.11
1345.72
1336
1339.37
1339.89
1341.07
1342.89
1305
1328
1324.68
1324.4
1327.08
1327.78
1305
1316.42
1314.35
1297
1305.76
1304.31
1367
1349.92
1375
1368.72
1368.79
1367.53
1365.72
1364.33
1336
1343.64
1289
1305
1301.62
1303.28
1307.61
1310.52
1312.19
1336
1328
1258
1312
1305
1307.6
1310.53
1310.77
1311.89
1312.08
1320
1315.61
1297
1367
1348.57
1266
1294.09
1297.04
1294.14
1294.79
1300.7
1320
1344
1359
1337.45
1327.99
1333.3
1352
1339.53
1326.41
1305
1314.31
1317.46
1315.88
1309.33
1310.32
1328
1330.66
1321.47
1314.14
1211
1258
1261.12
1264.39
1273
1267.83
1271
1276.86
1289
1287.37
1282.78
1283.83
1375
1361.21
1350.82
1341.38
1338.5
1340.22
1335.18
1327.47
1351
1345.72
1337.92
1334.25
1334.42
1333.86
1331.72
1273
1293.97
1291.04
1289.61
1290.08
1219
1250.4
1251.39
1242
1244.8
1248.4
1328
1359
1360
1352.68
1344
1336
1330.63
1324.81
1319.41
1265
1269.08
1268.6
1271.06
1275.28
1280.58
1285.8
1287.91
1336
1312
1336
1332.07
1323.16
1318.58
1312.62
1305.55
1301.09
1296.89
1293.32
1328
1336
1281
1298.04
1298.3
1296.24
1156
1125
1186.84
1209.69
1304
1308.97
1306.95
1383
1399
1366.45
1361.43
1354.87
1336.98
1326.67
1322.06
1313
1305.68
1301.35
1298.48
1328
1322.94
1344
1338.28
1332.4
1375
1364.23
1353.26
1347.72
1344
1338.76
1333.18
1327.94
1323.87
1320.71
1318.82
1317.82
1328
1320
1324.59
1325.98
1326.56
1327.06
1359
1353.84
1350.9
1328
1328.01
1327.69
1326.4
1281
1314.09
1310.62
1310.42
1312.44
1315.07
1316.82
1317.41
1318.23
1319.24
906
1070.39
1146.95
1136.06
1140.21
1159.57
1166.91
805
957.616
797
820.573
838.344
849.716
868.011
887.321
875
902.866
918.736
933.838
949
963.982
978.304
1164
1165.52
1172.42
1179.2
1184.91
1328
1317.22
1312.55
1344
1344
1352.14
1361.77
1371.46
1320
1328
1305
1315.33
1327.03
1332.97
1338.35
1344
1367
1352
1353.36
1355.92
1354.51
1347.55
1341.87
1337.7
1335.12
1414
1394.82
1383.25
1375.8
1305
1316.73
1289
1290.95
1297
1301.53
1306.64
1343
1355.44
1355.44
1351.28
1346.92
1339.72
1336
1422
1396.26
1367
1383
1359
1352.33
1347.41
1343.38
1339.94
1336
1334.64
1336
1399
1384.93
1375
1406
1398.6
1391.81
1398
1360
1362.63
1383
1375.71
1370.13
1414
1403.23
1395.96
1394.29
1388.97
1383
1379.85
1377.66
1373.67
1360
1320
1289
1288.77
1287.58
1289.17
1293.55
1298.15
1289
1294.55
1266
1274.03
1266
1267.16
1305
1336
1347.44
1353.01
1367
1373.38
1374.65
1375.27
1375.28
1226
1180
1231.56
1172
1195
1180
1187.97
1192.74
1195.55
1328
1324.54
1323.95
1323.45
1242
1248.41
1249.64
1248.49
1247.38
1247.62
1248.94
1249.33
664
851.215
969.718
979.584
987.223
1006.77
1016.98
852
859
867
873.297
880.175
890.783
901.988
911.622
920.248
928.316
936.009
943.343
949.541
954.464
953
957.847
960.798
963.487
966.007
969
970.974
953
922
945
943.867
891
859
881.348
883.21
889.115
892.404
895.592
899.415
901.987
828
821
823.715
836
840.736
846.441
922
984
972.044
961.017
1000
995.449
974.111
963.944
967.83
1039
1014.65
989.233
984.755
1016
1012.7
999.304
991.547
993.798
995.157
989.191
961
961
966.329
966.242
962.225
958.31
1117
1086
1034.09
1021.85
1024.3
1019.11
1005.05
995.952
997.173
998.595
992.983
1164
1089.75
1056.87
1180
1138.54
1102.1
1195
1188
1149.33
1139.64
1143.17
1135.6
1126.66
1086
1088.22
1087.93
1082.37
1180
1159.46
1142.65
1138.87
1135.3
1127.96
1120.85
1116.19
1112.55
1108.26
1250
1195.66
1169.67
1168.26
1203
1125
1123.76
1127.77
1126.35
1122.53
1122.16
1124.24
1124.29
1122.76
1122.22
1122.7
1122.83
1122.78
1122.58
1123.52
969
953
1025.21
1040.98
1051
1064.68
1071.16
1073.59
899
883
886.101
859
867.373
852
861.303
867.746
872.961
878.427
899
905.26
909.919
914.355
918.532
1070
1072.32
1071.06
1066.03
1064.77
1064.7
1063.62
1058
1051.72
1050.46
1049.68
1109
1107.44
1024
1024.29
1032.55
1000
998.65
1039
1036
1029.54
1024.83
1024.03
1023.8
1020.63
1016.71
1141
1164
1111.51
1093.21
1088.6
1082.22
1072.69
1065.05
1059.45
1187
1145.73
1164
1136.21
1123.91
1119.62
1113.9
1106.1
1098.45
1172
1195
1165.46
1147.63
1140.57
1136.2
1129.41
1172
1156
1146.06
1164
1180
1168.98
1159.42
1154.14
1150.9
1146.78
1142.23
1138.18
1134.97
1134.51
1134.57
1134.38
1134.51
1134.55
1134.58
1134.51
1134.49
1078
1134.79
1124.63
1122.63
1070
1120.14
1111.21
1108.72
1109.53
1111.87
1113.35
1203
1167.84
1211
1164
1166.98
1219
1197.34
1189.98
1219
1208.36
1203.13
1202.27
1201.27
1219
1208.37
1205.34
1206.38
1187
1211
1202.49
1198.63
1198.49
1197.03
1197.02
1250
1229.06
1223.77
1221.6
1218.43
1216.96
1213.49
1210.16
1206.67
1204.17
1203.41
1202.72
1188
1195.93
1193.62
1193.8
1164
1164
1165.3
1164
1165.4
1125
1148
1143.7
1142.99
1145.27
1156
1154.06
1158.97
1161.18
1117
1144.61
1140.35
1140.6
1143.24
1144.71
1147.07
1149.04
1150.96
1152.81
1156
1156.32
1158.49
1172
1168.75
1166.57
1167.52
1168.01
1167.29
1167.76
1167
1166.2
1165.63
1156
1159.55
1156.86
1156.11
1133
1145.85
1142.32
1125
1135.6
1117
1133
1128.51
1130.28
992
1100.55
1089.64
1085.96
1088.63
1092.83
1094.91
1097.24
1099.36
1101.45
1103.25
1104.98
1219
1182.22
1175.94
1173.75
1174.24
1250
1229.95
1281
1258.57
1328
1312.18
1304.65
1351
1343.8
1338.4
1340.11
1342.2
1342.76
1343.48
1344.06
1344.71
1345.38
1345.82
1345.98
1345.86
1345.45
1344.63
1343.73
1297
1316.1
1311.07
1306.45
1302.17
1303.19
1303.49
1303.56
1320
1316.63
1317.91
1319.51
1328
1336
1336.98
1344
1343.84
1344.39
1344.33
1343.5
1328
1331.99
1320
1336
1352
1312
1360
1349.65
1347.45
1346.95
1305
1336
1328.99
1327.61
1326.7
1327.18
1326.43
1326.54
1326.7
1326.05
1327.38
1326.51
1226
1302.4
1292.82
1227
1258.67
1211
1226.79
1229.15
1225.41
1228.37
1231.5
1233.08
1235.3
1141
1187
1184.28
1180.32
1183.05
1156
1173.76
1174.57
1175.15
1180
1180.72
1183.4
1185.54
1187.78
1164
1176.9
1177.86
1178.06
1180.48
1183.02
1172
1179.16
1182.25
1184.51
1186.6
1156
1168.62
1172.29
1141
1154.38
1156.61
1157.19
1158.66
1160.57
1149
1156.24
1180
1172
1164
1211
1156
1167.1
1169.64
1164
1188
1177.89
1175.15
1178.9
1175.91
1320
1305
1254.79
1244.02
1236.27
1305
1278.29
1256.97
1244.96
1266
1267.33
1312
1288.33
1273.37
1269.14
1271.83
1273.41
1268.13
1260.33
1255.95
1256.1
1289
1282.11
1272.93
1265.19
1261.9
1289
1286.63
1279.94
1270.98
1313
1304.45
1293.46
1281.98
1328
1322.2
1309.44
1299.21
1211
1246.58
1251.27
1256.32
1250.53
1211
1226.69
1236.05
1234
1211
1215.59
1223.89
1211
1212.76
1215.63
1220.25
1223.2
1273
1270.69
1262.14
1305
1306.73
1294.08
1286.09
1291.37
1287.32
1277.89
1276.12
1278.51
1273.45
1266.7
1274
1271.71
1250
1254.07
1320
1306.36
1296
1336
1327.83
1316.5
1312.86
1310.53
1302.82
1297.01
1294.64
1289.51
1284.51
1281.64
1328
1266
1276.96
1242
1219
1281
1271.03
1227
1244.46
1250.24
1249.07
1250.27
1254.41
1242
1246.42
1211
1224.4
1222.94
1221.47
1223.48
1225.18
1227.18
1228.93
1250
1297
1291.34
1297
1288.35
1279.64
1328
1320.3
1328
1314.03
1306.24
1307.89
1309.25
1250
1257.5
1259.03
1259.82
1258.72
1305
1265
1267.24
1270.28
1270.88
1268.16
1297
1294.48
1336
1325.27
1219
1236.4
1244.05
1246.58
1242.76
1219
1234
1258
1256.99
1219
1231.29
1239.77
1242.91
1281
1276.44
1270.17
1270.3
1272.88
1267.42
1258.59
1305
1281
1273
1274.37
1279.28
1273.84
1211
1211
1216.32
1219.09
1217.28
1222.16
1228.36
1229.1
1227.19
1229.29
1231.13
1367
1305.46
1320
1312.19
1304.75
1298.91
1294.35
1289.44
1289
1284.53
1280.81
1320
1311.73
1306.07
1302.49
1375
1349.55
1335.58
1329.86
1327.81
1336
1330.35
1324.81
1234
1290.01
1284.53
1281.34
1242
1254.46
1259.29
1260.28
1320
1367
1350.53
1340.48
1339.82
1337.34
1326.66
1359
1354.26
1342.02
1339.43
1328
1322.65
1318.4
1316.58
1314.21
1312.98
1312.58
1312.22
1311.13
1375
1328
1329.65
1336
1331.61
1328.23
1324.86
1322.68
1320.84
1319.66
1319.6
1250
1325.24
1312.29
1308.17
1203
1279.5
1273.8
1203
1240.36
1250
1242.92
1242.92
1219
1240.17
1102
539
724.239
819.147
851.335
885.686
936.132
956.891
890
875
907.681
923.644
936.994
953.818
945
966.677
983.872
997.059
992
1006.67
1016.37
1024.12
1030.4
1035.37
1125
1124.31
1117
1141
1142.74
1144.24
1149.24
1016
1086
1156
1125.59
1100.23
1100.76
1103.64
1101.53
1096.97
1093.96
1093.42
1258
1211
1166.51
1145.58
1281
1219
1183.11
1171.28
1171.57
1328
1263.77
1222.76
1206.31
1367
1308.61
1320
1285.34
1273.42
1274.88
1269.58
1254.19
1242.48
1266
1259.78
1281
1262.74
1219
1222.54
1219
1222.04
1219.64
1216.66
1297
1289
1289
1312
1302.5
1291.63
1282.92
1277.48
1281
1275.14
1273
1266
1263.82
1261.34
1266
1263.6
1262.87
1250
1252.89
1320
1305
1296.99
1291.84
1287.51
1285.96
1266
1262.74
1281
1297
1293.77
1286.35
1280.1
1279.38
1281.97
1280.68
1250
1253.81
1256.48
1263.68
1264.94
1261.09
1297
1274
1281
1281.56
1344
1325.93
1310.76
1305.89
1305.46
1299.56
1351
1336.04
1322.22
1316.74
1344
1375
1352
1340.76
1338.5
1341.49
1341.54
1335.29
1330.03
1327.41
1326.88
1234
1203
1208.6
1209.98
1214.03
1218.41
1226.81
1235.23
1241.68
1148
1189.47
1164
1165.27
1166.35
1168.77
1171.86
1173.89
1176
1178.09
945
1089.53
1000
1020.13
1023.06
1070
1068.73
1074.18
1082.14
1086.77
1090.46
1211
1188.48
1187.22
1274
1255.5
1254.23
1253.15
1252.27
1252.04
1251.45
1251.29
1251.9
1253.01
1254.54
1148
1193.75
1194.56
1189.89
1055
1127.91
1070
1077.52
1080.25
1203
1186.25
1181.04
1183.02
1184.13
1266
1241.36
1232.8
1233.19
1266
1257.62
1320
1297
1289.36
1289.99
1344
1326.41
1336
1330.2
1330.92
1332.44
1305
1305
1312
1309.62
1297
1297
1297.2
1295.36
1281
1283.53
1282.44
1280.87
1279.37
1279.56
1279.94
1280.11
1266
1250
1253.11
1251.6
1253.23
1235
1242.74
1211
1232.12
1228.27
1230.8
1242
1242.38
1242
1246.31
1248.43
1251.06
1375
1338.98
1328.73
1344
1305
1328
1336
1327.53
1322.16
1319.62
1319.25
1317.45
1211
1180
1187.46
1189.13
1193.66
1203
1211.31
1216.22
1219.43
1250
1253.19
1255.37
1257.1
1344
1336.74
1325.3
1317.67
1318.03
1318.28
1313.25
1308.03
1305.61
1336
1305
1305.3
1306.98
1297
1295.61
1295.12
1295.03
1313
1359
1348.69
1340.46
1359
1297
1289
1328
1297
1298.9
1300.26
1328
1320.77
1317.02
1273
1288
1291.53
1291.67
1290.96
1291.2
1293.34
1295.29
1242
1259.65
1261.32
1261.1
1211
1226.84
1229.88
1203
1211.13
1217.34
1164
1182.76
1187.57
1189.21
1190.69
1172
1184.38
1164
1171.67
1173.82
1174.7
1164
1171.88
1173.8
1195
1195.07
1199.11
1203.71
1207.09
1210.04
1211.99
1214.01
1215.82
1180
1190.25
1189.92
1187.62
1219
1211
1208.62
1242
1233.19
1228.18
1258
1247.29
1266
1255.61
1249.02
1247.68
1244.25
1240.91
1320
1284.01
1274.69
1289
1227
1211
1212.84
1212.32
1214.55
1217.97
1203
1208.73
1209.46
1209.74
1172
1189.82
1186.81
1149
1164
1156
1157.16
1242
1233.98
1289
1344
1320
1309.15
1352
1341.51
1328
1325.11
1325.64
1321.05
1328
1324.41
1322.77
1322.63
1321.57
1320.56
1319.65
1319.1
1318.83
1318.69
1317.93
1317.62
1316.87
1316.21
1315.36
1314.15
1311.98
1311.17
1309.57
1234
1335.79
1317.03
1312
1312
1312.54
1314.24
1312.19
1305
1359
1324.13
1323.93
1323.81
1324.04
1322.74
1321.45
1320.99
1319.68
1318.24
1317.5
1316.65
1352
1333.47
1336
1332.09
1328.08
1289
1320
1312.75
1310.98
1375
1328
1327.89
1328.35
1327.28
1328
1344
1336.19
1333.75
1334.48
1333.67
1332.61
1367
1349.85
1336
1336.55
1338.1
1305
1317.28
1318.49
1344
1337.23
1334.67
1335.01
1335.74
1332.73
1329.87
1328.99
1375
1328
1336
1335.55
1334.84
1332.36
1331.08
1328
1329.96
1328.99
1312
1318.05
1289
1295.05
1273
1276.12
1367
1305
1375
1347.74
1320
1327.49
1320
1321.7
1320.64
1320.31
1320.33
1320.04
1319.69
1319.82
1320.69
1234
1283.57
1278.4
1276.64
1280.5
1282.09
1367
1414
1389.61
1381.49
1378.6
1372.86
1366.01
1358.95
1375
1375
1368.41
1375
1375
1372.73
1371.35
1369.16
1359
1305
1316.55
1314.76
1314.46
1317.11
1319.4
1321.83
1323.12
1274
1359
1344.75
1341.27
1341.9
1344
1346.48
1346.45
1346.4
1346.89
1336
1340.9
1338.71
1338.6
1338.46
1338.48
1344
1341.51
1344
1343.06
1344.41
1345.01
1342.88
1343.3
1341.81
1258
1296.8
1305
1300.33
1304.76
1307.61
1310.48
1164
1262.02
1253.01
1249.89
1254.87
1259.52
1422
1379.16
1368.95
1369.13
1367.22
1390
1377.29
1372.75
1373.19
1370.25
1366.83
1336
1343.71
1343.33
1337.75
1335.72
1367
1357.6
1354.6
1355.78
1375
1368.05
1364.41
1365.65
1344
1328
1328.81
1325.92
1325.64
1327.45
1330.88
1321
1325.3
1327.13
1327.76
1330.49
1332.88
1334.85
1335.92
1336.76
1337.34
1352
1351.22
1349.83
1347.78
1305
1317.53
1319.95
1320
1323.65
1326.83
1329.67
1331.62
1332.65
1333.72
1332.74
1320
1324.89
1325.76
1324.37
1351
1344.95
1342.8
1258
1303.35
1302.85
1297
1281
1291.3
1293.48
1291.85
1294.17
1297.43
1299.38
1300.7
1328
1322.5
1320.49
1234
1219
1224.49
1289
1297.58
1297.59
1266
1277.31
1282.21
1235
1281
1283.85
1279.86
1275.93
1367
1351.16
1360
1350.67
1336
1320
1312.54
1304.33
1336
1327.16
1317.32
1314.1
1312.52
1306.54
1352
1359
1346.74
1339.86
1336
1329.23
1323.24
1359
1350.83
1343.07
1338.18
1334.56
1333.96
1321
1318.02
1317.13
1318.18
1319.42
1319.61
1317.7
1316.57
1317.03
1316.42
1316.49
1316.44
1316.37
1328
1328.74
1329.79
1329.93
1331.1
1332.59
1332.68
1331.23
1328.9
1327.4
1326.88
1305
1317.93
1289
1318.99
1313
1312.53
1313.62
1313.78
1281
1297
1295.86
1294.8
1295.24
1296.92
1328
1319.9
1289
1302.26
1301.54
1300.18
1301.85
1303.49
1303.81
1391
1359.73
1349.59
1347.38
1344.48
1339.28
1335.44
1332.2
1329.03
1325.47
1219
1273.86
1271.6
1270.48
1273.52
1266
1304
1297.71
1298.48
1289
1294.14
1312
1305
1304.84
1306.05
1306.69
1306.33
1321
1315.41
1315.58
1297
1305.06
1306.3
1164
1141
1216.5
1222.04
1125
1176.38
1184.26
1203
1164
1164
1176.44
1156
1159.49
1180
1133
1148
1153.47
1153.48
1154.5
1158.27
1162.34
1164.27
1165.61
1167.77
1170.42
1367
1291.73
1255.01
1351
1317.37
1234
1250
1255.45
1289
1351
1322.29
1308.15
1307.21
1320
1314.17
1307.18
1305.7
1305.94
1359
1350.11
1297
1313
1318.23
1314.02
1306.02
1298.74
1295.6
1336
1289
1287.67
1312
1314.63
1156
1203
1237.23
1164
1186.47
1204.72
1208.2
1206.94
1216.9
1227.58
1228.93
1228.98
1234.69
1328
1367
1327.59
1315.44
1390
1379.47
1347.19
1338.61
1226
1239.28
1172
1203
1204.49
1206.27
1211
1039
1108.07
1112.16
1115.11
891
990.988
1001.5
859
908.773
836
820
839.184
789
809.763
827.115
841.151
855.185
869.443
882.099
892.764
914
921.275
927.688
933.371
937.943
1102
1093.64
1092.24
1196
1194.05
1190.64
1193.56
1297
1298.77
1351
1355.08
1360.6
1375.92
1390.15
1328
1335.67
1297
1281
1294.22
1303.6
1309.64
1273
1278.47
1287.97
1290.75
1290.15
1287.9
1285.54
1283.15
1281.62
1279.18
1275.95
1149
1156
1195
1199.77
1188
1242
1253.58
1256.61
1258.86
1196
1214.87
1195
1195.73
1197.01
1203
1206.9
1209.67
1180
1191.37
1226
1196
1203.81
1209.57
1250
1239.02
1231.13
1230.95
1229.55
1223.62
1219.33
1391
1303.17
1359
1317.95
1298.84
1291.6
1250
1274
1289
1289
1336
1289
1250
1257.51
1261.99
1259.04
1255.45
1252.65
1254
1254.71
1254.32
1352
1305.79
1291.64
1391
1345.52
1325.3
1322.75
1398
1366.7
1391
1328
1289
1289
1293.71
1294.07
1289.46
1286.58
1351
1351.1
1333.76
1328
1250
1262.07
1258
1261.46
1262.03
1262.45
1265.4
1268.27
1268.7
945
1062.51
1122.26
1121.24
1000
1116.02
1120.48
1120.89
1023
1062.11
1094
1093.42
1095.41
1104.64
1112.36
1116.28
1179
1179.73
1179.17
1179.6
1182.65
1184.24
1182.97
1181.79
1182.68
1182.8
1102
1117.36
1125.3
1164
1146.6
1140.91
1143.57
1143.7
1137.99
1134.82
1134.65
1132.74
1129.27
1289
1289
1281
1253.69
1281
1272.06
1256.52
1244.44
1235.81
1228.1
1220.06
1226
1149
1154.69
1155.69
1125
1128.4
1129.96
1131.68
1133.62
1135.14
1137.61
1172
1203
1227
1226.83
1222.84
1221.36
1203
1200.01
1219
1220.6
1203
1203.6
1164
1167.72
1167.99
1141
1145.09
1219
1216.57
1195
1192.29
1194.23
1164
1163.84
1162.86
1148
1172
1176.91
1164
1167.29
1172.36
1172.16
1125
1109
1113.08
1133
1138.76
1133
1140.74
1145.86
1142.65
1156
1158.83
1154.67
1149.75
1149.21
1117
1123.94
1125.41
1127.67
1129.81
1133.98
1137.23
1135.44
1180
1177.31
1169.37
1195
1189.82
1203
1192.55
1186.42
1195
1188.61
1141
1195
1181.86
1175.58
1176.76
1177.32
1173.9
1164
1167.27
1165.85
1163.28
1162.31
1250
1200.27
1195.5
1195.68
1194.55
1250
1227
1217.63
1215.08
1214.5
1214.28
1210.84
1208.2
1289
1247.91
1235.12
1231.84
1273
1219
1221.56
1227
1221.92
1217.65
1216.28
1219
1216.21
1213.96
1213.88
1213.44
1203
1206.84
1180
1199.67
1196
1133
1209.97
1187
1141
1164.96
1165.49
1156
1172
1170.12
1173.03
1175.31
1177.32
1179
1180.87
1182.04
1183.78
1184.38
1186.19
1186.29
1188.24
1188.03
1189.95
1149
1171.53
1168.09
1180
1173.97
1180
1178.51
1180.67
1178.39
1226
1235
1220.14
1214.36
1203
1195
1194.02
1191.62
1188.4
1186.01
1180
1180.27
1179.03
1140
1163.64
1086
1149.59
1094
1111.7
1125
1156
1133
1138.83
1144.21
1125
1134.52
1125
1128.47
1129.11
1094
1111.31
1108.64
1086
1125
1113.76
1114.99
1117.56
1119.14
1120.97
1122.89
1250
1196.02
1182.43
1242
1216.36
1201.67
1200.23
1195.68
1192.11
1180
1172
1171.67
1169.85
1167.57
1166.66
1172
1169.62
1170.07
1156
1160.93
1160.02
1158.81
1094
1159.59
1148.76
1146.26
1148.05
1094
1125.73
1122.33
1120.06
1121.95
1094
1109.77
1109.91
1109.31
1086
1098.75
1164
1149.12
1139.48
1138.56
1145.21
1146.83
1242
1206.26
1187.56
1211
1211
1201.26
1193.15
1194.77
1191.36
1226
1212.26
1203.87
1204.32
1205.1
1201.93
1197.17
1194.03
1192.19
1190.37
1188.04
1186.03
1227
1218.59
1234
1242
1235.38
1230.74
1226.3
1305
1285.56
1273.21
1289
1283.17
1281
1281
1276.9
1273.03
1269.64
1267.2
1265.09
1263.53
1262.42
1261.88
1261.65
1227
1240.54
1242
1237.68
1238.19
1238.72
1239.6
1239.69
1240.18
1240.55
1250
1247.34
1249.07
1250.44
1219
1242
1266
1258.3
1256.74
1312
1300.55
1294.82
1336
1297
1297
1298.39
1291.84
1288.05
1297
1293.61
1289.53
1288.92
1305
1299.57
1258
1268.42
1269.32
1265.38
1234
1245.79
1249.51
1248.3
1247.5
1253.86
1255.67
1252.7
1254.82
1258.13
1320
1308.79
1299.5
1250
1257.74
1260.04
1250
1274
1273
1269.84
1258
1261.63
1263.69
1328
1302.34
1297
1352
1334.17
1317.99
1309.8
1303.98
1289
1283.39
1279.52
1276.49
1273.67
1271.92
1328
1328
1250
1255.6
1261.24
1211
1233.46
1234.99
1236.5
641
840.857
957.881
957.442
966.696
875
963.93
986.824
999.572
1014.93
1031.78
1047.54
774
773
809.001
823.906
837.049
855.702
874.147
813
859
870.706
877.783
883.17
890.387
896.83
899.983
1062
1025.07
996.642
977.623
1195
1111.25
1045.76
1046.41
1051.71
1242
1161.59
1211
1180.96
1177.75
1181.25
1203
1203.1
1202.27
1202.71
1204.59
1206.35
1205.98
1205.85
1205.05
1320
1286.59
1289
1277.79
1265
1264.48
1261.98
1273
1262.57
1256.47
1211
1234
1229.34
1223.57
1222.55
1297
1278.12
1268.95
1328
1312.43
1359
1336.37
1323.9
1320.64
1315.53
1309.03
1367
1345.02
1333.26
1375
1362.89
1304
1315.98
1375
1345.52
1430
1397.9
1375
1374.74
1370.99
1328
1332.91
1332.63
1323.6
1320.55
1325.22
1323.15
1319.13
1320.83
1324.18
1322.94
1321.09
1322.92
1323.22
1321.67
1322.52
1323.66
1324.57
1325.48
1326.62
1227
1317.05
1304.78
1302
1303.79
1203
1278.74
1271.24
1268.19
1269.52
1271.5
1273.77
1250
1262.87
1211
1232.58
1242
1235
1236.4
1238.42
1078
1047
1061.83
984
1024.43
1039.24
930
1004.52
1012.27
1019.41
1029.12
984
1002.13
1007.74
1009.69
1011.84
899
914
919.891
883
867
876.068
879.501
844
851
856.097
859.25
862.203
864.971
868.65
871.504
1086
1037.8
1014.69
1012.21
937
930.653
932.218
931.04
929.774
928.659
929.082
1187
1104.88
1054.09
1033.49
1022.82
1219
1143.11
1195
1138.26
1110.13
1219
1208.58
1181.91
1163.78
1273
1257.95
1234.04
1242
1242.34
1242.95
1241.21
1238.57
1237.31
1236.04
1233.88
1230.51
1234
1266
1249.2
1241.32
1344
1336
1301.99
1289.11
1286.62
1328
1306.21
1290.52
1285.91
1375
1349.15
1326.47
1313.62
1314.08
1317.21
1309.72
1250
1211
1213.45
1203
1206.61
1207.17
1133
1145.03
1147.24
1133
1134.38
1148
1102
1114.52
1117.04
984
1078.51
1077.24
1077.41
1080.71
1084.21
1089.3
1125
1125.76
1129.25
1156
1133
1141
1164
1161.23
1159.97
1234
1203
1197.42
1197.64
1194.37
1191.84
1190.74
1190.02
1189.15
1188.84
1188.59
1188.28
1188.42
1188.51
1186.33
1185.92
1226
1216.39
1210.02
1207.37
1205.73
1204
1172
1181.45
1195
1180
1183.14
1184.62
1195
1192.43
1164
1175.06
1141
1148.73
1149.43
1149.85
1203
1198.8
1196.62
1197.53
1195.8
1191.13
1187.6
1203
1219
1212.64
1207.87
1207.16
1206.61
1250
1239.4
1229.52
1234
1232.63
1250
1203
1208.86
1209.29
1187
1188
1188.24
1186.65
1185.66
1185.7
1125
1167.71
1188
1182.85
1181.81
1180
1211
1205.94
1201.96
1203
1206.43
1204.54
1201.51
1201.09
1203
1250
1237.98
1226
1250
1196
1204.86
1205.1
1180
1187.5
1187.4
1184.83
1184.92
1185.15
1234
1221.54
1216.57
1213.63
1219
1215.74
1250
1239.73
1211
1180
1183.96
1186
1227
1225.85
1220.54
1219.26
1216.83
1211.24
1205.26
1200.18
1196.92
1194.16
1227
1229.84
1188
1184.72
1187.42
1189.73
1191.67
1188.99
1186.12
1250
1242.4
1242
1230.82
1203
1200.04
1265
1253.42
1250
1230.19
1211
1210.78
1211
1213.03
1208.29
1202.48
1199.05
1202.05
1205.76
1180
1182.53
1182.91
1187.88
1191.15
1189.1
1185.61
1156
1180
1181.88
1185.26
1180.53
1175.09
1164
1172
1039
1122.61
1117.62
1114.87
1116.24
1119.87
1123.04
1126.22
1128.59
860
980.435
979.658
974.977
978.138
989.57
993.303
996.797
1000.63
906
852
873.824
875.007
876.425
880.865
844
836
843.816
846.304
847.751
867
867
871.691
876.266
880.353
883.921
885.99
888.304
889.579
892.186
893.126
895.975
859
867.66
883
906
905.355
900.873
906
905.942
899.431
895.395
891.734
887.015
859
863.081
852
859
858.836
860.764
862.654
864.318
820
820
805
806.55
742
787.369
742
751.924
754.211
754.992
758.386
761.097
764.687
767.792
766
789
789.083
805
810.119
815.554
805
812
797
800.886
802.51
800.981
802.564
804.163
805.958
807.902
734
754.368
759.68
758.672
762.531
764.961
767.185
768.985
770.701
772.43
774.095
775.786
777.594
779.385
781.529
784.013
789
791.67
794.551
766
781
780.499
779.153
781.401
750
773.33
735
750.943
753.58
751.908
752.051
754.296
711
731.121
731.276
729.543
731.767
733.874
736.11
738.458
740.769
743.025
745.259
747.487
749.713
751.908
754.155
836
809.852
802.765
844
835.908
831.52
828.804
820
818.991
813
811.51
810.305
809.893
810.391
809.966
810.21
810.307
810.144
809.843
898
883
861.503
855.059
849.928
846.303
840.031
833.74
828.085
823.023
820.336
818.156
945
930
901.801
890.062
880.363
868.835
857.096
848.701
891
886.648
877.779
869.034
862.805
858.9
853.767
848.979
845.366
875
880.516
875.456
852
850.802
854.431
856.763
844
842.347
843.07
813
818.648
817.79
821.646
823.936
914
904.586
892.597
888.47
882.316
871.661
863.213
856.407
875
937
916.796
969
957.981
942.629
932.302
923.65
891
885.018
879.803
891
891.816
891.347
889.925
889.429
888.095
884.553
880.72
877.387
875.369
875.204
1070
1125
992.213
970.443
1125
1093.87
1053.13
1027.79
1021.81
1019.98
1011.54
1001.58
996.72
953
950.441
950.387
950.317
867
885.362
891.393
899.584
900.581
902.423
907.546
910.81
910.802
910.635
911.122
911.293
1055
1037.68
1022.3
1008.93
1125
1172
1135.01
1187
1179.81
1166.1
1125
1124.47
1039
992
997.785
1005.29
1009.29
938
946.238
922
928.041
929.819
883
891.258
895.546
898.149
899.571
901.038
902.821
904.991
907.238
909.067
961
965.71
968.734
914
924.764
899
908.386
909.884
913.772
917.021
961
969.306
963.796
954.017
992
989.115
975.018
963.138
1094
1060.14
1027.47
1015.92
1133
1099.71
1149
1112.58
1117
1116.31
977
1001.84
1007.03
1001.58
997.073
1001.39
1005.22
1003.75
1002.78
1004.2
1039
1031.57
1025.07
1024.97
1026.07
1070
1016
961
976.873
981.473
977
992
984
990.658
994.033
996.183
997.099
1039
1034.84
1029.05
1054
1050.08
1039.85
1035.83
1034.23
1027.61
1008
1039
1034.7
1026.94
1062
1016
1021.67
930
960.337
962.623
962.17
966.396
922
939.924
941.391
938.828
941.982
944.388
914
924.89
926.247
867
891.081
891.191
836
836
839.99
820
829.966
805
821.767
822.48
851
850.828
898
945
946.553
946.071
947.27
946.679
953
949.199
945.814
930
929.117
927.012
924.415
923.253
922
921.935
921.755
914
913.98
913.435
912.318
911.51
910.665
953
945.136
939.934
937.189
933.75
930.902
928.989
927.618
852
851
909.751
867
875
881.802
852
844
848.735
836
839.176
842.154
842.637
875
872.001
883
884.881
887.256
898
896.023
895.875
896.538
896.288
895.33
894.008
893.114
891.954
859
871.012
852
851
849.834
850.214
851.712
852.408
883
881.454
883.793
884.492
883.58
882.439
875
875
872.978
836
849.75
852
853
906
946
935.911
931.296
926.441
917.798
909.1
901.593
890
883.27
878.319
875.005
867
875
873.209
883
883
885.041
884.677
882.421
945
927.351
961
949.364
941.813
1031
1016
1039
1015.13
1002.11
1004.32
1086
1069.5
1047.63
1030.16
1028.22
1037.6
1040.29
1102
1083.54
961
971.717
980.284
988.161
988.038
983.276
979.403
851
883.571
893.333
828
844
851.674
857.118
859.298
862.364
867.373
871.949
859
852
855.207
856.842
857.967
859.668
861.972
864.394
844
853.929
856.031
844
850.709
853.152
856.026
858.781
859
862.685
864.77
861.814
861.488
861.37
857.482
857.093
856.691
855.203
855.453
855.301
855.727
855.324
856.296
855.81
856.94
856.547
857.341
857.25
857.704
857.933
857.974
858.027
843
821
864.783
828
883.4
857.825
857.196
797
896.344
843.229
797
817.977
821.428
819.528
859
847.687
848.266
851.35
852.322
851.78
851.956
852.362
852.45
852.393
836
844.874
841.138
812
805
789
793.506
794.554
795.952
798.106
800.503
802.539
804.482
806.015
808.421
836
838.842
844
845.535
836
838.691
840.474
839.12
837.226
835.072
833.64
844
859
856.656
852.193
906
902.676
891.398
882.15
877.681
860
855.071
851.709
848.472
846.074
836
836.154
836.023
836.447
838.062
836
838.454
839.109
840.317
841.244
844
844.85
845.686
845.961
845.697
906
892.971
886.047
879.118
875.176
873.777
872.265
869.312
866.207
828
841.844
840.34
789
797
797.819
781
788.152
789.861
781
784.885
875
861.123
891
884.056
882.244
880.328
875.233
871.468
860
859.649
836
838.568
835.214
834.052
834.554
835.203
836.347
906
906
898.637
892.878
875
869.784
864.77
875
870.748
883
883
876.574
872.598
869.938
867.136
864.989
863.513
906
875
874.403
875
873.429
867
865.327
864.067
860
859.556
859.189
858.427
858.966
906
875
874.72
874.804
874.741
813
870.516
858.74
844
848.813
844
875
862.057
859.512
862.078
863.971
861.322
862.808
864.097
864.409
863.968
864.48
820
850.769
846.722
844.947
836
867
856.799
852
854.421
856.346
852.823
853.06
828
840.255
820
824.68
825.838
824.413
826.265
828.287
830.001
831.903
833.715
836
828
833.879
832.959
832.739
832.947
833.295
836
836
836.19
837.102
837.532
839.024
836
828
833.893
859
843.914
842.068
841.061
840.94
840.274
839.06
837.918
837.324
843
840.341
813
828
828
828
827.324
828.302
830.19
830.085
797
814.678
805
806.737
806.095
806.95
821
828
826.986
827.684
829.61
831.141
830.703
828
829.29
829.901
828.76
827.743
827.327
827.66
836
836
834.516
828
830.062
805
813.964
820
818.76
819.248
818.962
891
883
844.65
844.954
821
822.684
823.607
823.209
883
864.036
922
899.126
886.348
879.923
870.351
953
977
941.684
924.37
914
910.946
906
899.66
914
907.856
902.297
906
899
894.581
893.04
875
877.694
844
852.702
828
831.463
829.213
829.031
830.525
789
806.467
789
804
805
806.596
805
810.11
812.751
815.285
817.929
898
914
891
891.051
891
888.873
875
852
844
841.037
844
844.907
843.573
843.207
828
828
826.951
826.423
826.97
827.558
827.747
827.991
883
880.548
875
865.576
857.346
850.544
844.822
842.052
930
915.925
914
901.183
892.819
899
929
922.972
911.984
914
910.359
890
888.579
883
875
883
883
880.029
877.735
876.855
930
922.133
953
937.145
926.864
930
930.213
922.35
906
902.323
901.137
899.285
896.799
895.291
895.568
895.928
938
961
954.125
945.637
938.531
875
867
867.927
844
849.4
836
838.902
839.467
840.991
843.345
985
640
737.66
816.596
808.88
914
894.464
893.198
844
860.619
828
833.281
867
867
865.507
865.471
914
903.084
900.803
899.596
930
918.091
916.825
930
927.547
926.281
925.037
953
945.272
941.529
941.895
935.768
931.349
945
938.677
961
952.876
950.362
950.148
948.059
945.333
942.471
939.699
937.174
934.936
984
967.568
963.72
962.026
953
953.919
930
934.626
934.322
934.116
929
932.081
932.924
933.496
934.179
976
977
1000
992.873
969
961
957.168
953
948.961
945.507
943.321
1054
1008
999.201
995.779
1015
1009.33
984
969
969.615
969.778
953
951.464
952.546
969
967.989
964.563
962.494
964.023
967.22
961
958.49
959.741
961.571
961.659
960.116
959.279
959.799
914
952.987
883
940.776
933.1
914
906
938
930.684
929.151
922
926.948
929.179
928.754
984
968.182
965.403
966.199
945
952.85
914
927.398
926.185
923.44
924.301
925.729
875
904.848
906
901.366
903.034
906.575
906.548
907.39
945
934.841
932.884
934.436
932.765
930.898
929.246
928.174
927.562
984
964.449
959.116
956.232
954.807
969
962.333
922
906
891
892.757
893.994
896.698
899.484
883
887.06
867
869.58
867.355
866.994
914
930
935.402
984
990.166
981.495
972.768
976
930
906
883
879.754
875
875
878.479
875
878.217
890
895.022
900.304
859
868.185
869.274
871.363
873.972
875
877.53
878.417
879.838
881.23
882.825
875
878.118
879.807
881.474
883.351
898
898.227
914
908.108
902.114
897.912
961
937.346
945
922
918.173
898
900.842
867
867
867.662
869.384
867
869.437
871.034
872.828
875
876.469
877.955
852
860.494
852
853.585
906
899.668
896.845
992
969.658
985
961
929
891
875
872.392
873.969
844
849.944
851.6
854.404
857.762
860.91
863.962
866.443
891
890
891.993
891.484
889.674
899
906
902.321
897.571
895.307
894.951
893.561
892.369
892.45
1008
971.353
954.98
948.034
941.531
867
877.834
878.326
878.361
891
892.285
914
913.836
910.488
907.396
903.836
867
873.454
873.675
876.219
880.057
883.416
937
930
921.681
915.376
906.778
898.573
893.132
891.499
891.634
891.8
820
850.124
820
821.874
822.466
822.741
825.082
930
945
977
966.163
958.127
950.003
940.498
931.786
924.339
917.598
969
966.223
1070
1125
1141
1116.38
1099.72
1008
998.294
1001.67
1001.54
1109
1100.29
1082.8
1067.17
1061.07
1053.82
1042.37
1032.1
1109
1102.85
1078
1067.17
1064.1
1059.49
985
988.153
988.116
988.705
990.061
990.624
992.407
993.444
1000
977
1023
1025.84
1025.34
1023
977
961
961.169
961.104
963.675
1109
1102
1081.73
1072.55
1061.87
1050.57
1041.44
1032.73
1024.72
1018.39
1013.73
1010.24
1007.55
1094
1071.51
1061.89
1054.06
1140
1114.41
1095.58
1085.75
1079.41
1071.01
1062.95
1055.84
1070
1047
1164
1129.26
1164
1180
1163.91
1156.45
1152.65
1000
1071.14
1067.77
1086
1080.94
1083.48
1084.95
1084.37
1084.24
1125
1113.06
1070
1085.24
1087.09
1203
1165.69
1148.42
1144.15
1133
1148
1135.82
1129.17
1129.04
1129.53
1127.99
1126.42
1124.96
1123.92
1054
1047
1051.42
1053.29
1056.79
1060.6
1109
1118.53
1117.54
1114.53
1078
1080.81
1078.24
1074.93
1062
1047
1048.75
1049.02
1051.59
1094
1110.02
1111.57
1107.2
1100.29
1092.09
1083.83
1077.09
1071.96
1156
1144.94
1133.66
1123.77
1114.88
1016
1035.24
1042.36
1125
1078
1081.03
1000
1016.9
1020.05
1025.86
1029.23
1030.41
1031
1039
1040.15
1040.22
1040.85
1041.95
1117
1109.98
1102
1078
1072.48
1047
1031
1031.06
1031.5
1033.24
1039
1040.04
1041.05
1042.49
1043.87
1045.56
1046.65
1133
1088.14
1079.84
1076.46
1071.78
1065.48
1060.37
1056.29
1133
1108.75
1098.19
1054
1053.26
1031
1033.27
1034.2
1035.55
1036.84
1031
1032.57
1033.66
1094
1085.43
1086
1079.04
1086
1085.08
1080.97
1125
1109
1102.89
1098.61
1097.14
1097.1
1093.15
1164
1125
1118.98
1117.5
1115.86
1113.72
1110.49
1107.17
1104.2
1101.36
1008
1082.26
1070.23
1069.78
1071.9
1073.65
1075.05
1076.28
1023
1047.56
1149
1109
1103.17
1102.37
1103.53
953
1000.26
1021.96
906
943.629
914
919.074
924.537
930.407
934.362
938.25
1055
992
1031
1032.65
1031.38
1055
1053.73
1052.47
1078
1071.62
1070.36
1070.42
1069.51
1069.02
1068.93
1068.5
1086
1094
1070
1072.83
1075.37
1074.13
1071.78
1070.22
1069.98
1068.88
1067.63
1047
1051.55
1048.9
1047.01
1047.55
1048.31
1048.92
1049.48
1050.19
1050.88
1164
1091.97
1140
1141
1109
1108.72
1108.44
1102.1
1133
1124.12
1118.23
1117.71
1117.8
969
984
1030.18
945
914
922
924.897
914
923.212
927.389
929.696
932.271
934.699
936.681
883
899.748
875
881.996
882.691
844
870.872
852
863.66
866.403
851
844
836
843.67
844.14
846.247
848.555
851.085
854.036
828
839.127
840.786
842.292
844.255
846.46
849.444
852.478
883
879.959
899
894.455
891.745
938
976
969
1000
990.678
980.33
975.456
974.954
973.387
969.033
965.251
1000
1000.06
994.917
991.085
992.174
993.328
961
992
987.863
981.862
1000
1000
994.997
1039
1027.7
1019.65
1055
1043.65
1035.2
1033.57
1039
1031.85
1028.11
1102
1076.43
1203
1149.2
1127.93
1156
1078
1055
1057.52
1055.37
1052.29
977
1022.55
977
988.766
990.48
1031
1025.43
992
1005.62
1010.73
1010.02
1094
1078.97
1072.63
1069.2
1066.03
1060.63
1039
1039.47
1039.41
1037.41
1037.77
1037.45
1037.71
1031
1047
1041.69
1038.61
1039.14
1038.37
1035.92
1034.12
1032.88
1031.63
1031.51
1031.46
1031.36
1125
1056.92
1055.73
1054.81
1054.99
1053.09
1016
1039.64
1035.66
1033.71
1086
1055.77
1051.92
1086
1070.48
1065.91
1063.72
1062.18
1059.88
1056.68
1039
1044.54
1042.25
1117
1074.55
1094
1078
1070
1016
1040.08
1047
1102
1125
1101
1094.21
1092.16
1082.78
1078
1068.05
1059.04
1062
1039
1042.01
1043.36
1044.66
1047.28
1000
1014.56
1015.53
1000
1039
1086
1086.3
1164
1154.81
1141.86
1149
1195
1156
1148.32
1151.1
1125
1123.26
1125.23
1119.57
1211
1195
1180.55
1176.05
1171.57
1165.21
1159.23
1008
1047
1000
1023
1027.31
1032.45
1039.04
1042.15
1044.38
1045.88
1047.08
1048.16
1048.96
1049.78
1086
1087.17
1070
1075.71
1080.12
1000
1027.73
1027.19
1054
1055
1039
1048.09
1051.44
1052.56
984
1016
1031
1025.01
1019.82
1024.87
1030.17
992
1000.99
961
1008
1070
1057.75
1046.13
1049.46
1054.39
1044.8
1034.38
1036.74
1040.53
977
984
989.723
994.149
986.317
994.074
1004.81
969
977.931
984.801
983.265
978.94
969
974.444
976.44
1070
1039
1027.05
1027.54
1008
1002.28
1002.22
999.596
996.312
1062
1055
1000
992
995.54
990.979
1016
1014.7
1007.83
1002.26
1094
1049.08
1078
1078
1058.96
1031
1029.69
1024.47
1000
1000.52
1003.11
1005.46
1005.42
1156
1095.63
1070.38
1117
1102.19
1086
1078.13
1078
1072.46
1066.1
1061.75
984
1010.59
1011.82
1014.09
1024
1034.14
1040.31
1040.69
1039.85
1039.35
1070
1064.68
992
1012.88
1015.58
1012.85
1013.52
1017.28
1019.45
1015
1000
1000
1002.01
1003.37
1016
1047
1047.87
1038.11
1035.13
1055
1053.11
1041.53
1035.74
1040.73
1042.49
1039
1032.58
1086
1080
1065.18
1117
1047
1048.89
1051.27
1047.94
1042.26
1042.99
1101
1074.82
1065.07
1063.87
1065.53
1094
1148
1102.69
1088.9
1088.41
1172
1135.26
1172
1142.98
1219
1190.75
1173.71
1169.39
1164.76
1158.84
1062
1095.73
1097.07
1093.37
1047
1060.64
1069.13
969
1002.14
1008.67
1009.69
1000
1000
1010.49
1008
1000
1008
992
1000
1008
1008.41
977
1015
1016.06
1031
1030.87
1078
1047
1047.79
1052.76
1050.49
1070
1063.64
1060.17
1061.24
1061.51
1058.75
1016
1016
1015
1013.39
1014.07
1015.19
1015.95
1031
1029.81
1031
1031.44
1031.56
1031.5
1030.75
1029.31
1028.63
1028.32
1133
1089.53
1086
1081.73
1076.83
1072.46
1070
1067.13
1064.26
1063
1060.68
1058.88
1133
1070
1016
1021.57
1023.47
1025.32
1141
1078.08
1071.78
1069.97
1065.59
1061.44
1058.73
1056.27
1141
1156
1109
1095.55
1088.29
1080.29
1094
1087.21
1080.49
1075.52
1133
1109
1096.78
1089.6
1117
1133
1117.81
1106.65
1102.62
1104.88
1104.67
1098.6
1093.12
1094
1070
1074.59
1075.88
1000
1038.93
1037.22
1036.64
961
997.819
961
965.971
967.184
968.34
970.455
972.876
974.483
977.118
978.677
1039
1047
1050.11
1078
1086
1085.83
1101
1063
1067.02
1117
1107.81
1099.21
1091.29
1091.78
1095.31
1093.94
1090.63
1088.05
1125
1086
1086.94
1089.5
1085.52
1081.35
1078.45
1077.28
1075.3
1071
1068.58
1068.13
1067.52
1066.62
1133
1148
1133
1123.99
1156
1152.86
1211
1193.62
1180
1164
1162.76
1164.55
1161.2
1258
1232.46
1209.08
1197.84
1187
1180
1178.36
1174.17
1117
1122.07
1123.61
1101
1125
1127
1133
1141
1143.11
1145.66
1146.98
1078
1086
1085.46
1085.27
1089.37
1093.63
1096.69
1099.23
1101.45
1103.23
1105.74
1108.83
1094
1102.88
1103.91
1148
1141.6
1137.61
1133.41
1172
1133
1117
1121.88
1121.01
1101
1106.41
1108.86
1107.55
1172
1153.04
1143.28
1164
1157.17
1145.16
1141.12
1142.17
1136.72
1130.92
1127.82
1125.58
1122.19
1078
1097.07
1024
1069.08
1065.44
1067.53
1071.81
1075.01
1109
1133
1134.49
1136.66
1133
1133.35
1131.89
1128.4
1133
1133
1164
1159.25
1159.27
1159.43
1156
1155.68
1154.2
1152.27
1150.71
1047
1095.65
1090.32
1089.11
1000
984
1000
946
953
957.455
958.067
960.86
964.105
967.45
1055
1055.25
1059.93
1064.46
1070.19
1073.84
1075.07
1075.6
1076.1
1076.5
1133
1128.37
1124.99
1123.66
1123.83
1124.58
1122.69
1121.32
1120.3
1119.61
1118.8
1117.9
1115.93
1112.28
1109.18
1125
1102
1103.09
1101.54
1099.8
1098.52
1097.46
1097.29
1097.21
1097.2
1097.01
1097.16
1097.17
1097.1
1097.32
1098.28
1098.55
1133
1128.23
1102
1101.9
1100.63
1133
1156
1140.21
1130.92
1124.57
1164
1164.97
1158.65
1145.33
1138.89
1141.58
1146.89
1146.53
1138.4
1141
1133
1135.12
1133.89
1130.89
1127.56
1126.39
1126.49
1133
1109
1115.01
1116.53
1119.55
1119.51
1117.76
1117.94
1120.74
1125
1123.9
1164
1160.44
1157.53
1155.19
1154.49
1094
1125
1122.36
1121.73
1124.15
1126.21
1126.26
1127.82
1126.66
1128.95
1148
1156
1147.33
1172
1163.89
1226
1200.11
1203
1196.56
1191.61
1195
1156
1172
1172
1164.88
1165.89
1165.04
1165.51
1165.4
1165.55
1165.16
1165.37
1187
1180.19
1178.23
1178.85
1177.54
1070
1137.41
1129.77
1127.41
1130.85
1133.53
1135.05
1137.03
1139.66
1141.73
1143.65
1145.68
1147.6
1125
1133
1135.31
1125
1130.6
1132.42
1134.24
1136.48
1138.79
1125
1135
1137.16
1139.02
1138.92
1138.14
1139.16
1140.52
1117
1125
1133
1127.53
1131.1
1133.51
1129.74
1134.33
1195
1145.18
1156
1153.25
1149.03
1172
1156.77
1148
1156
1152.73
1149.08
1156
1153.32
1150.58
1150.49
1150.25
1148.35
1125
1137.24
1135.17
1125
1130.29
1130.2
1156
1133
1138.19
1139.8
1138.47
1138.81
1016
1055
1062
1117
1116.18
1094
1110.15
1094
1097.29
1133
1130.36
1123.27
1117
1122.98
1125
1117.25
1125
1127.47
1140
1133
1132.18
1134.03
1134.72
1131.81
1125
1149
1143.83
1139.09
1141
1139.21
1136.14
1133.23
1131.37
1129.68
1127.67
1102
1111.1
1125
1156
1149.01
1146.1
1147.81
1144.51
1125
1126.44
1127.8
1127.39
1109
1114.37
1117
1118.3
1114.58
1133
1140.79
1134.67
1132.21
1008
1128.78
1116.34
1111.41
1108.74
1078
1091.5
1094.79
1039
1008
1015.01
1017.93
1021.48
1026.8
1036.71
1043.79
1008
1047
1050.14
1049.87
1049.28
1055.62
1059.12
1058.18
1008
1000
1003.45
969
976.95
1008
1015.44
1018.37
1027.09
1032.78
1016
1016.87
1008
1039
1032.97
1027.58
1086
1077.69
1039
1042.89
1047.97
1038.35
1086
1102
1080.55
1072.86
1073.54
1094
1109
1092.2
1082.72
976
946
951.645
954.424
1000
1039
1070
1078.05
1075.59
1068.37
1059.89
1049.51
1008
1000
999.874
1003.06
1008.59
891
906
907.102
913.767
922.75
932.234
941.933
949.499
954.376
958.456
962.311
964.522
966.27
967.394
967.984
969.154
891
913.302
913.325
917.438
985
988.205
987.455
986.235
984.969
930
929
928.917
924.841
927.101
928.051
925.796
926.424
945
945
943.944
944.587
943.669
943.632
943.254
821
878.663
874.5
872.632
805
846.314
828
828
844
828
839.327
842.54
844.393
847.256
849.473
851.063
852.471
853.862
953
953
940.104
934.569
922
945
942.051
935.613
961
1000
987.68
981.708
977.41
978.43
977.957
977
1000
996.113
990.791
992
991.594
988.554
1031
1020.95
1012.1
1007.8
1006.03
1039
1008
1006.85
1008.46
1005.54
1002.08
998.719
996.286
1031
1022.46
1018.43
938
987.921
984.957
983.811
982.375
981.052
982.564
986.045
986.932
985.739
992
991.035
984
987.9
990.07
991.185
990.086
990.048
992.291
1000
998.274
992
969
985.376
986.974
977
979.279
980.846
980.116
1024
1006.16
997.799
998.34
1000.39
1101
1004.08
1002.92
1008
1004.86
977
985.751
988.687
1086
1004.12
1002.07
1004.96
1047
1020.7
1013.46
1009.96
1011.64
1012.5
1009.5
1006.48
1005.01
1006.08
1004.46
1086
1010.96
1010.14
1012.66
1117
1044.73
1023.55
1020.19
1070
1055
1039
1033.97
1035.27
1037.08
1034.52
1030.34
1086
1056.91
1133
1088.04
1072.42
1070.25
1070.5
1067.34
1070
1039
1041.31
1042.29
1041.04
1038.85
1036.72
1037.11
1037.87
1148
1089.68
1081.13
1077.04
1024
1037.9
1038.99
1036.79
1125
1089.04
1125
1111.67
1104.05
1098.63
1090.14
1070
1066.28
1008
1019.95
1019.17
1021.49
1026.43
1031.49
1033.52
961
992
988.263
987.421
1055
1070
1070.77
1066.76
1133
1114.6
1105.53
1102.82
1094.39
1101
1096.04
1091.85
1090.64
1087.26
1086
1082.88
1055
1060.24
1070
1064.85
1064.44
1064.55
1064.95
1064.77
1064.61
1064.11
1062.9
1039
1046.66
1044.33
1043.67
1044.37
1045.27
1046.29
1156
1121.13
1112.04
1133
1126.45
1119.53
1116
1133
1127.53
1125
1122.02
1122.05
1094
1095.96
1093.71
1090.85
1090.29
1149
1136.99
1130.84
1128.47
1070
1080.06
1079.13
1077.93
1079.74
1117
1117.48
1125
1125.59
1120.09
1115.05
1110.17
1104.23
1164
1117
1149
1133
1128.59
1126.28
1121.48
1118.39
1102
1117
1111.31
1109.52
1093
1100.88
1098.88
1099.02
1099.11
1055
1047
1048.87
1047.49
1049.12
1052.1
1070
1070.92
1047
1016
1024.78
1000
1003.82
1004.15
1109
1094
1093.86
1096.25
1094.89
946
945
970.346
980.267
988.18
1001.73
906
932.075
936.105
890
904.369
914.012
913.947
851
844
849.7
851.729
854.162
858.373
862.866
867.322
1016
1007.76
969
967.776
976.538
977.586
953
1000
1047
1018.08
995.477
997.624
999.722
989.563
1101
1081.22
1049.34
1094
1094
1072.37
1063.57
1064.03
1060.96
1054.98
1049.86
1047.32
1042.21
1036.66
1032.56
1031.95
1030.23
1029.14
1028.61
1109
1117
1133
1116.55
1107.03
1098.98
1047
1039
1035.6
1033.77
1037.07
1039.48
1117
1127.84
1118.23
1148
1144.99
1117
1125
1119.12
1105.99
1096.4
1088.46
1080.57
1074.31
1117
1102
1101
1099.54
1093.94
1090.49
1088.61
1133
1124.76
1156
1133
1130.93
1129.29
1123.34
1118.76
1102
1140
1141
1136.54
1132.64
1130.47
1132.24
1132.47
1117
1133
1129.18
1125
1123.48
1109
1112.34
1113.06
1086
1093.56
1094.32
1093.9
1094.69
1096.64
1098.88
1099.35
1101.75
1102.32
1104.42
1104.66
1105.14
1105.58
1105.6
1107.45
1106.99
1109.36
1164
1156
1125
1123.55
1133
1131.72
1128.31
1125.99
1124.8
1141
1138.47
1156
1147.13
1140.31
1086
1094
1140
1125
1124.04
1086
1098.67
1039
1057.93
1061.14
1064.48
1064.94
953
969
972.244
979.517
985.66
969
969
1023
1039
1042.38
1041.29
1044.74
1172
1164.58
1131.54
1112.35
1156
1158.35
1134.38
1125
1128.32
1131.17
1122.87
1109
1109.59
1125
1109
1133
1131.36
1093
1096.13
1101.77
1070
1070.95
1072.87
1072.52
1110
1106.69
1103.98
1125
1124.6
1119.22
1117
1133
1148
1137.55
1131.87
1133.95
1134.72
1070
1083.96
1008
1016.38
1016.75
1019.46
1025.48
1031
1037.33
1042.8
1047.66
1052.35
1056.79
1060.67
1064.05
1067.01
1069.25
1102
1105.23
1117
1110
1140
1140.85
1133
1132.58
1094
1098.22
1086
1084.94
1085
1102
1117
1115.92
1113.04
1110.17
1055
1068.45
1086
1109
1094
1095.32
1098.87
1008
1031.46
1036.84
1035.02
1039.91
1078
1078
1075.66
1084.3
1084.57
1077.33
1080.58
1133
1120.31
1106.84
1106.94
1172
1156
1132.19
1125
1127.59
1164
1133
1164
1162.64
1148.75
1142.61
1146.09
1143.44
1137.86
1133.18
1133
1195
1141
1133
1136.16
1139.02
1134.13
1129.15
1129.11
1039
1088.21
1085.41
1082.74
937
1013.8
1010.44
984
993.973
1006.94
1006.22
1009.91
1015.25
1019.42
1022.6
1025.41
1028
1030.63
1078
1073.31
1072.63
1073.96
1077.43
1055
1062.21
1064.21
1094
1083.83
1110
1125
1118.57
1117
1119.3
1119.56
1115.81
1113.76
1111.42
1117
1117
1102
1117
1114.07
1111.17
1109.88
1117
1117
1125
1078
1125
1113.77
1110.89
1109.01
1109.54
1109.28
1108.82
1108.55
1133
1121.97
1118.04
1119.28
1121.22
1119.31
1133
1125.84
1124.6
1124.98
1124.53
1039
1104.47
1063
1069.73
1072.28
1071.28
1073.22
1075.12
1076.77
1117
1105.38
1104.13
1106.53
1108.15
1109
1094
1099.84
1117
1117
1112.41
1111.23
1133
1126.56
1123.69
1117
1125
1117
1116.21
1114.27
1113.15
1111.6
1109.14
1107.77
1106.61
1105.73
1105.11
1104.9
1104.82
1149
1125
1123.26
1123.23
1141
1125
1123.22
1123.76
1124.25
1123.57
1086
1113.32
1031
1112.93
1103.27
1099.81
961
1052.58
1047.18
1042.43
1042.74
1044.78
1047.84
1050.27
1052.17
1053.46
1055.04
1056.62
1110
1097.37
1093.87
1125
1119.3
1118.46
1141
1117
1120.7
1123.67
1120.37
1125
1121.27
1121.88
1122.3
1122.66
1122.82
1123.61
1122.96
1055
1069.04
1086
1081.54
1083.07
1109
1063
1082.52
1081.81
1076.49
1062
1071.06
1070.28
1078
1075.68
1079.67
1081.31
1083.44
1086
1070
1086
1047
1061.88
1110
1092.51
1087.14
1109
1103.46
1097.87
1086
1090.51
1090.08
1086.11
1109
1099.01
1095.44
1094.03
1093.78
1090.41
1070
1076.86
1076.85
984
1045.2
1038.51
1035.25
906
984.883
980.572
974.743
981.715
989.05
990.056
994.461
997.054
999.666
1001.83
1003.56
1005.15
1006.56
1007.96
1086
1086
1075.03
1072.5
1074.01
1074.43
1071.7
1068.73
1067.72
1066.51
1065.83
1064.23
1063.75
1156
1129.55
1148
1131.3
1120.93
1133
1131.04
1124.04
1118.74
1110
1125
1120.14
1115.37
1112.24
1109.69
1107.94
1107.04
1105.15
1103.84
1103.66
1103.78
1125
1120.37
1117
1117.13
1156
1148.68
1144.33
1140.09
1140.94
1143.01
1139.88
1086
1148
1129.19
1149
1133.61
1149
1143.65
1133
1187
1133
1137.08
1000
1072.2
953
996.77
997.218
993.981
997.637
1002.19
1005.17
1007.72
1010.08
1011.96
1013.56
1014.87
1016.08
1017.28
1018.75
758
878.753
877.273
872.974
875.003
879.387
883.142
886.072
914
907
911.768
914.758
917.362
918.468
920.12
921.238
922.852
924.471
926.173
927.951
859
883.893
886.335
886.022
887.928
891.268
789
839.011
797
803.334
804.784
807.085
809.841
812.806
815.856
898
885.725
885.558
887.998
875
879.726
880.484
879.71
836
820
844
843.553
843.671
844.263
953
927.482
915.801
911.33
905.457
930
917.209
905.193
961
949.449
933.325
922
938
929.638
917.369
992
974.376
953.376
951.969
954.181
943.735
1055
1013.54
1094
1141
1096.54
1082.12
1078.02
1164
1129.21
1106.34
1102.1
1105.82
1106.92
1164
1164
1125
1070
1076.61
1084.84
1083.27
1075.42
1069.77
1164
1150.3
1132.63
1133
1141
1134.51
1117.69
1149
1148.92
1117
1108.82
1117.64
1023
1055
1062.03
1065.29
1060.18
1047
1056.87
1047
1086
1101
1102
1095.57
1093
1094.23
1090.42
1086.74
1085.45
1133
1039
1066.72
1069.1
1242
1171.78
1147.74
1140.97
1141
1133.37
1124.04
1117.32
1172
1153.86
1140.83
1132.94
1130.16
1086
1125
1120.2
1115.52
1111.65
1110.97
1113.07
1179
1152.57
1164
1151.48
1145.82
1078
1098.82
1008
1024.64
1024.07
946
945
945.968
922
928.973
933.163
935.907
906
919.68
883
898.23
899.594
900.502
859
887.322
888.394
890.805
894.23
875
889.747
893.012
897.122
883
891
922
919.249
930
926.446
927.769
930
930.424
914
917.672
914
912.692
909.433
961
946.157
940.532
938.021
936.738
932.57
953
945.145
939.163
938.493
934.775
1000
971.552
1008
1008
999.363
969
972.069
969.435
1031
1007.8
997.317
991.977
991.091
993.158
991.999
987.636
983.739
980.875
977
992
984
1000
994.612
984
930
961
958.721
959.084
960.662
961.927
964.646
967.511
1086
1040.26
1026.99
1022.82
953
965.604
965.946
969
969
971.273
973.776
975.109
975.094
1039
1018.88
1008.04
1008
1001.78
993.298
1000
994.865
990.108
986.702
961
953
954.106
961
976
922
953
950.019
951.053
954.108
956.447
957.717
958.674
959.311
959.739
860
913.274
908.674
905.807
909.327
1055
1011.55
1078
1053.55
1042.55
1037.37
1028.09
1125
1089.1
1094
1084.15
1082.15
1081.83
1080.59
1156
1133.16
1055
1086
1148
1121.64
1195
1170.72
1164
1163.65
1161.76
1159.26
1153.89
1148.44
1219
1186.89
1170.64
1166.35
1166.52
1162.91
1157.59
1152.69
1149.72
1147.28
1145.04
1143.18
1141.99
1164
1157.78
1172
1166.84
1133
1141.3
1141.74
1142.64
1180
1195
1187.24
1172
1170.77
1167.98
1266
1239.21
1221.49
1213.54
1207.97
1102
1133.37
1143.93
1150.06
1055
1087.39
1092.94
1164
1158.19
1152.82
1159.34
1167.26
1161.83
1154.12
1153.73
1156.99
1117
1133
1156
1155.02
1144.73
1094
1109
1118.25
1121.45
1114.04
1117
1130.02
1135.09
1086
1039
1047.8
1052.56
1156
1133
1125.49
1148
1151.9
1138.52
1110
1118.06
1109
1104.95
1096.36
1097.32
1103.67
1106.7
1098.9
1133
1139.19
1127.55
1118.02
1117
1164
1155.59
1172
1156.19
1148.21
1156
1153.03
1144.68
1136.74
1133.84
1195
1182.31
1170.32
1172
1169.36
1203
1203
1190.91
1149
1151.73
1157.59
1160.29
1154.91
1146.36
1157
1140
1094
1104.1
1125
1131.83
1086
1047
1052.76
1058.67
1094
1156
1160.9
1154.56
1153.9
1125
1122.04
1121.43
1118.82
1116.28
1164
1173.2
1163.85
1157.35
1151.57
1172
1164.37
1153.75
1146.98
1172
1169.66
1159.32
1150.05
1147.68
1055
1091.75
1090.47
1092.96
1094.65
1096.45
1100.89
1109
1110.4
1111.61
1140
1164
1160.55
1164
1161.66
1160.63
1160.31
1141
1142.94
1140.76
1125
1127.61
1133
1131.72
1149
1148.19
1149.15
1148.09
1148.54
1147.53
1141
1138.61
1135.93
1039
1143.65
1125.56
1123.85
1126.26
992
1008
1039.52
992
1010.81
961
984
961
961
977
977.136
1008
1009.57
1018.63
1086
1085.79
1070
1074.68
1079.96
1079.47
1078.44
1077.94
1109
1103.92
1101.56
1098.61
1047
1056.47
1055
1050.4
1046.9
1045.66
1046.79
1016
1021.88
1021.58
1180
1125
1096.6
1092.08
1078
1066.97
1086
1084.51
1079.22
1076.17
1133
1125
1108.6
1100.62
1094.99
1085.21
1078.29
1024
1070
1069.59
1067.54
1067.39
1117
1141
1115.69
1125
1149
1148
1156
1164
1156.51
1147.26
1133
1129.09
1133
1102
1107.21
1108.96
1104.11
1141
1141.94
1138.33
1136.98
1135.15
1130.34
1126.21
1122.94
1119.35
1055
1078.79
1075.88
1076.75
1125
1133.79
1134.49
1136.42
1135.99
1131.15
1086
1094.82
1090.98
1101
1125
1129.94
1128.24
1121.92
1078
1084.39
1079.01
1076.13
1079.93
1081.84
1086
1087.25
1089.17
1089.35
1089.83
1090.25
1088.84
1089.01
1088.25
1078
1081.79
1080.31
1000
1065.28
1053.61
1052.25
1070
1066.32
1069.26
1039
1056.31
1053.53
1052.21
1055.15
1070
1064.26
1066.9
1039
1056.6
1054.9
1052.65
1054.42
1055.96
1094
1117
1107.44
1100.3
1095.27
1094.58
1092.9
1086.93
1083.31
1133
1123.85
1133
1121.83
1117.25
1125
1123.32
1117.74
1093
1102
1101.21
1098.25
1094.61
1092.11
1092.9
1092.93
1148
1137.33
1156
1146.16
1139.53
1134.36
1172
1140
1138.29
1136.16
1134.5
1131.26
1141
1136.97
1156
1149.18
1147.48
1147.93
1146.3
1141
1141.04
1138.86
1156
1149.66
1147.07
1146.53
1146.44
1146.21
1144.78
1143.89
1133
1138.12
1125
1128.93
1128.84
1128.8
1129.95
1130.66
1131.45
1110
1123.87
1133
1117
1124.01
1094
1111.56
1108.73
1148
1139.19
1138.88
1140.42
1139.89
1140.55
1139.43
1133
1135.37
1133.33
1132.6
1131.82
1131.61
1131.25
1131.66
1131.13
1164
1153.77
1151.42
1150.46
1150.17
1150.35
1149
1147.05
1145.21
1144.02
1143.35
1142.15
1039
1176.88
1153.74
1078
1160.64
1094
1120.03
1078
1106.75
1078
1087
1088.96
1088.2
1089.35
1117
1107.56
1125
1118.67
1120.27
1121.95
1121.69
1039
1090.21
1082.85
1079.55
1081.65
1083.71
1055
1076.99
891
982.694
883
909.645
898
900.637
904.556
992
1008
1013.8
1020.64
1026.08
1029.71
1031.83
1033.22
1034.42
961
982.328
983.231
981.964
1016
1012.1
1012.04
1013.67
1094
1109
1089.75
1047
1046.57
1049.62
1047
1039
1029.89
1026.89
1022.93
1017.72
1014.31
1012.82
1013.08
984
1055
1043.84
1038.79
1034.2
1033.83
1039
1035.14
1030.68
1027.2
1026.88
1025.62
1031
1027.47
1028.7
1030.14
1125
1082.52
1072.53
1070.19
1218
1138.05
1113.61
1108.36
1219
1170.59
1143.26
1138.37
1138.48
1180
1211
1172
1161.31
1165.42
1168.12
1162.07
1153.81
1150.6
1150.9
1149.01
1094
1109
1086
1088.12
1133
1101
1104.26
1109.67
1115.74
1164
1158.25
1152.27
1148.49
1086
1093.5
1095.22
1140
1147.44
1143.34
1086
1093.01
1095.99
1070
1075.25
1079.8
1082.24
1086
1087.84
1090.06
1086
1078
1125
1119.43
1164
1150.49
1203
1190.21
1203
1190.39
1211
1203.18
1180
1182.96
1179.4
1174.65
1094
1070
1070.53
1133
1141.87
1143.76
1102
1109.29
1111.77
1110.39
1110.24
1164
1163.56
1157.05
1155.58
1151.82
1078
1088.4
1089.98
1092.11
1172
1181.69
1170.46
1195
1190.69
1173.42
1161.11
1153.02
1164
1154.49
1102
1108.56
1110.99
1109.71
1111.09
1115.23
1032
1050.07
1050.63
1016
1026.53
1031
1032.62
1036.09
1040.17
1042.83
1044.58
1045.75
1046.73
1125
1125.19
1125.59
1164
1165.85
1164
1162.73
1161.78
1180
1140
1142.68
1143.8
1140.63
1164
1158.98
1156.97
1148
1148.96
1149.25
1146.76
1141
1117
1120.4
1086
1054
1016
1039
1016
984
991.624
985
988.708
990.234
993.723
995.893
998.551
1001.07
1002.98
1004.7
1008
1009.71
1012.05
1014.94
1018.97
1023.22
1027.49
1031.57
1203
1145.88
1127.96
1120.49
1117
1110.93
1109
1102
1095.05
1125
1123.84
1115.82
1107.92
1141
1139.66
1131.31
1123.6
1125
1125.21
1120.9
1016
1060.21
1059.03
1055.98
1057.46
1059.79
1061.74
1070
1067.8
1069.74
1072.49
1075.13
1076.74
1039
1016
1022.49
1023.9
1027.16
1029.74
1033.88
977
998.137
984
987.994
990.269
992.94
996.315
984
961
922
926.389
926.563
914
920.76
923.754
927.502
931.591
936.007
940.794
875
860
861.01
828
837.898
838.84
805
820.894
821.379
824.182
828
831.966
837.514
842.355
953
955.277
953.894
985
985.186
978.5
973.182
1032
1028.71
1019.73
1013.64
1014.26
1016.27
1015.67
1014.44
1013.82
1013.79
1125
1101.75
1076.13
1062.04
1055
1055.8
1052.52
1046.07
1040.16
1035.88
1032.08
1027.74
1024.7
1164
1093.88
1125
1101.38
1092.71
1085.72
1076.69
1069.36
1063.81
1059.59
1055.99
1052.94
1051.25
1117
1091.93
1083.79
1148
1123.46
1110.05
1108.07
1164
1133.45
1156
1141
1136.26
1134.53
1133
1127.51
1122.44
1121.47
1211
1172.7
1158.16
1154.76
1152.55
1149.2
1144.96
1140.63
1136.99
1133.77
1130.38
1211
1162.18
1117
1133
1135.31
1134.07
1133.92
1133.92
1135.23
1156
1150.53
1180
1133
1138.33
1140.34
1117
1124.44
1125.77
1125.03
1094
1107.2
1108.71
1107.52
1109.43
1111.05
1164
1153.08
1147.22
1144.77
1024
1117
1106.48
1103.05
1103.08
1105.49
1107.54
1108.57
1133
1126.18
1117
1094
1125
1125
1119.9
1116.32
1117.61
1120.6
1141
1130.66
1126.68
1126.89
1129.23
1129.46
1129.21
1164
1153.89
1141
1172
1165.55
1164
1158.47
1156.24
1155.93
1152.61
1149.01
1148
1146.23
1143.84
1142.47
1203
1133
1137.7
1138.89
1137.77
1136.68
1136.59
1000
1099.53
1091.69
1087.13
1094
1109
1094
1062
1082.07
1083.53
1079.7
1125
1116.78
1116.09
1119.94
1122.87
1123.29
1078
1097.69
1070
1055
1078
1074.06
1075.53
1078.37
1078
1080.9
1079.5
1080.1
1063
1068.02
1070
1067.6
1069.55
1078
1075.68
1077.95
1063
1070
1068.83
961
1055.94
985
1002.79
1005.91
1004.73
1006.99
1009.51
1110
1084.61
1079.23
1039
1051.37
1070
1066.77
1062.03
1031
1041.42
1031
1035
1033.28
1094
1133
1114.85
1100.34
1091.6
1125
1122.59
1109.71
1096.91
1095.65
1095.98
1063
1058.92
1059.14
1059.58
1094
1094.08
1087.96
1084.53
1083.97
1079.56
1073.86
1069.95
1067.36
1066.52
1070
1069.32
1067.57
1047
1050.47
1086
1086
1085.52
1080.89
1077.89
1078.76
1079.5
1039
1045.99
1048.4
1051.86
1055
1054.07
1053.97
1063
1070
1086
1081.5
1075.51
1072.09
1078
1078.04
1101
1093.06
1083.23
1077.34
1000
1016.69
1078
1094
1088.89
1086
1080.49
1077.7
1075.56
1070.51
1062.91
1056.21
1052.38
1094
1091.49
1084.02
1074.74
1069.55
1067.7
1110
1104.26
1141
1128.94
1140
1130.53
1123.44
1117.89
1111.87
1105.57
1099.74
1094.67
1091.28
1088.93
1088.16
1008
1075.97
1066.42
1064.33
961
1043.34
1033.87
976
1004.74
1031
1008
1017.5
1047
1078
1068.83
1008
1070
1066.82
945
930
914
920.166
898
909.244
927.366
852
867.673
844
846.193
846.775
867
852
858.967
863.765
866.285
868.576
870.629
828
845.344
845.983
847.27
849.34
852.156
856.21
861.166
864.316
867.711
871.358
873.995
876.347
878.304
922
913.261
914
906.142
900.498
898.63
895.754
892.074
888.597
885.778
852
858.779
855.99
851
854.322
853.905
854.442
854.924
875
883
885.92
914
917.04
937
933.364
1023
1016
996.641
983.421
976.646
961
953.729
948.807
875
852
852.292
836
867
881.53
893.596
902.173
992
992.024
982.665
1063
1031
1039
1028.5
1016
1006.43
1024
1078
1055.15
1039.67
1078
1047
1041.82
1078
1094
1077.61
1078
1079.57
1086
1082.33
1078
1074.79
1072.85
1069.05
1064.51
1211
1138.64
1113.51
1117
1078
1079.81
1079.09
1075.07
1071.36
1068.76
1068.67
922
976
1016
1012.38
1016.45
1024.34
1029.08
1029.91
1031.56
1032.6
1033.24
1033.55
844
918.877
918.752
915.427
930
937.259
940.357
946.954
950.835
914
935.609
935.829
935.237
922
961
961
959.734
961.026
962.298
953
959.352
960.85
930
941.112
943.559
944.269
943.796
946.292
1000
987.683
978.665
976.379
914
914
906
907.619
909.137
911.575
914.103
916.004
917.796
919.363
920.849
812
866.397
836
828
831.347
833.464
835.514
906
899
901.643
906.411
907.99
908.883
909.329
875
883.395
883.292
945
931.96
1031
997.363
987.806
982.314
975.666
992
983.201
945
951.072
951.688
947.95
943.566
939.981
939.094
938.212
906
891
893.234
894.52
897.448
875
883
885.115
886.812
888.19
889.29
890.761
867
872.829
873.163
875.44
883
886.351
891.035
895.166
899.129
902.832
992
975.917
966.218
959.051
951.408
945
977
969.912
959.722
951.552
950.035
1000
996.81
984.208
972.381
968.434
938
953
955.831
953
945
940.02
940.764
943.746
944.571
937
934.208
934.118
935.105
891
909.173
945
943.952
939.87
935.65
937.802
943.751
1000
986.972
976.243
1039
1031.67
1018.38
1009.59
1008.49
1003.68
1039
1047
1047
1036.4
1034.26
1094
1083.68
1068.42
1109
1094
1087.95
1084.47
1080.46
1076.08
1072.33
1069.42
1066.98
1064.38
1061.89
1059.16
1008
976
953
952.267
952.257
954.14
977
1000
984
994.682
1002.83
1008.77
1013.34
1016
1039
1039
1042.17
1031
1034.02
1033.98
1032.13
1030.38
1027.99
1025.84
1086
1075.72
1066.58
1058.57
1054.85
1052.92
1048.65
1044.04
1101
1083.97
1072.76
1066.78
1063.9
1061.08
883
969.218
966.386
964.006
965.48
972.624
978.243
979.642
982.352
1031
1025.45
1023.68
1025.83
1029.15
1030.15
1030.07
1030.86
1000
1008
1010.13
1000
977
953
961
962.567
963.843
966.267
977
1000
1002.44
1000.51
1000.35
999.16
994.038
988.133
984.501
981.358
978.864
978.973
980.554
982.217
984.235
986.696
989.011
990.286
953
945
947.322
948.558
914
932.175
930.865
932.095
935.684
937.442
939.943
875
852
854.307
854.389
906
917.36
945
951.732
954.892
930
937.116
914
913.773
922
922.669
976
974.654
966.552
959.666
953
953
961
953.91
946.849
942.658
937.735
933.163
929.533
926.17
923.53
921.684
920.566
867
906.017
900.12
899.435
902.792
903.551
906
906.516
907.85
908.641
875
889.592
887.074
885.937
887.51
938
926.012
926.58
928.81
928.768
928.592
927.704
927.471
926.472
925.023
969
961
977
966.985
964.8
953
914
918.043
914.656
913.818
915.936
917.646
919.166
920.133
920.746
992
974.545
967.35
962.035
955.003
946.508
939.028
933.399
929.904
927.359
926.221
925.871
925.626
925.532
914
917.081
915.102
916.095
860
867
870.036
869.457
873.1
875.234
877.876
880.115
867
874.281
872.971
874.948
877.264
879.366
881.919
884.605
887.333
890.036
992
962.135
951.147
945.941
922
916.61
913.337
1000
1031
1001.3
979.44
963.711
956.546
953
953.123
950.289
946
941.174
937.743
936.849
935.864
932.982
929.81
927.164
925.672
1070
995.973
980.238
973.501
964.906
955.636
949.611
1039
1008
992.58
1016
1008.69
999.174
991.726
987.398
981.721
976.369
972.456
970.483
969.54
1015
996.897
990.789
989.255
1031
1014.11
1007.46
1003.72
999.261
995.418
991.705
938
965.168
962.23
960.332
962.165
1078
1055
1078
1039
1031
1047
1039.15
1031.44
937
883
884.409
875
867
870.101
872.931
874.635
876.283
883
884.779
886.802
906
913.795
860
859
860.212
863.481
864.691
865.703
868.011
870.773
875.007
906
911.167
915.438
917.921
920.428
922.338
859
866.441
867
867
869.159
871.705
891
892.675
914
913.1
969
961.075
946.718
938.752
922
913.044
907.5
902.838
899.395
883
884.711
881.791
882.27
884.024
867
873.308
871.286
873.044
874.466
891
922
906
922
922.46
916.903
912.167
908.152
914
961
955.714
949.958
961
959.528
953.262
938
934.703
931.88
928.59
992
992
979.43
969
992
991.408
969
984
981.833
1008
1008
994.934
1023
1021.28
992
969
975.317
975.945
970.297
965.861
970.628
973.544
883
933.814
934.599
931.388
953
952.018
953.89
954.783
957.749
922
867
880.204
882.357
937
942.913
949.656
958.043
930
936.298
939.005
933.538
933.005
844
836
838.229
837.759
844
852.049
906
922.154
891
899.245
908.538
905.15
906
904.433
891
875
873.948
844
846.927
859
865.866
871.793
877.348
881.396
922
922.856
914.43
906.599
945
942.885
930
917.839
916.359
961
977
956.167
943.06
984
985.668
972.584
958.348
959.515
945
969
984
971.241
1000
969
967.923
967.53
965.953
962.316
958.207
1039
1012.08
1039
1008
1039
1032.49
1024.78
1093
1068.21
1063
1057.84
1055.72
1053.07
1048.96
1046.78
1044.96
1043.61
1055
1049.62
1048.67
1047
1047.55
969
1011.95
1005.74
1002.3
1004.91
1006.07
1006.81
1007.47
937
981.804
906
930.715
914
916.015
917.357
920.437
922.589
969
953
960.634
890
922.418
920.934
883
867
874.682
875.535
922
930
937
939.276
942.964
945.778
947.243
984
961
930
898
902.23
906
908.612
910.739
912.381
914.679
915.994
915.684
914.345
915.503
914.303
912.77
909.888
907.516
905.326
903.56
902.192
922
923.575
925.734
925.931
925.862
926.123
969
965.643
959.605
952.405
946.087
943.564
977
974.824
969
956.879
952.097
954.602
899
920.575
919.257
898
867
852
852.207
844
867
872.556
878.954
884.642
890.347
883
888.228
889.385
890.107
891.69
893.275
895.13
914
913.236
915.185
916.654
918.783
919.438
946
940.717
930
906
907.677
909.58
908.526
905.962
902.884
901.711
900.6
899.677
898.445
844
885.255
878.789
877.521
820
865.893
860.2
857.94
781
823.176
820.597
781
793.768
801.617
797.799
799.062
750
776.059
778.159
742
757.761
766.329
766.709
767.668
776.297
765
772.543
750
761.851
763.113
763.151
742
753.401
756.228
742
748.573
734
739.815
719
727.274
729.942
728.972
732.162
734.904
737.643
740.08
741.963
744.251
742
744.997
745.627
746.384
765
758
756.875
757.747
757.854
812
766
766.73
812
790.911
797
791.558
788.532
787.718
875
833.435
817.27
812.911
992
901.951
863.986
1023
943.446
1016
1016
975.487
974.615
1031
1047
1020.71
1018.85
1109
1086
1071.1
1054
1057.07
1031
1033.13
1034.18
1031.55
1047
1039
1035.67
1036.9
1036.34
1078
1061.01
1053.76
1117
1094.21
1081.25
1094
1087.36
1073.99
1125
1164
1126.23
1180
1164.63
1145.22
1142.71
1141.6
1180
1163.18
1155.12
1211
1193.1
1195
1189.54
1164
1172
1170.79
1164
1160.08
1160.09
1158.81
1155.98
1180
1164
1164.83
1165.12
1164
1160.26
1164
1161.44
1159.66
1159.76
1159.9
1158.53
1156
1157.73
1156.81
1157.23
1157.48
1158.19
1159.41
1159.95
1160.55
1161.76
1162.76
1141
1140
1166.59
1157.04
1156.78
1158.41
1158.22
1016
1153.13
1070
1083.33
1087.44
1088.91
1090.38
1094
1078
1085.39
1088.21
1070
1086
1086
1086.12
1087.98
1089.63
1092.02
1094.34
1096.56
1031
1069.35
1067.05
1065.44
1067.38
1069.41
1071.68
1074.42
969
1034.89
992
1000.87
1003.61
1005.47
1008.55
1016
984
998.995
1001.82
938
937
922
925.735
927.429
859
899.785
898.693
898.454
902.877
905.632
908.776
911.598
914.136
916.23
918.126
914
945
942.11
914
926.055
927.996
891
904.861
906.714
875
887.747
890.823
888.701
844
863.985
820
805
809.396
810.23
813.137
817.703
821.781
826.037
830.275
834.619
838.958
789
806.617
766
773.68
774.602
776.56
780.364
784.599
789.087
793.567
797.73
801.911
806.075
809.896
805
809.459
828
828.218
828
828
825.435
883
866.118
852
859
859.008
851
850.039
847.935
845.305
843.044
840.415
883
871.812
914
896.797
887.864
885.718
930
916.922
905.993
930
924.502
930
924.532
922
921.344
883
891.779
888.131
867
871.402
859
861.152
875
871.626
874.528
876.088
877.166
945
930.196
924.661
922.383
918.702
844
836
837.842
837.681
844
850.616
857.409
863.579
868.398
906
913.093
908.945
902.907
895.938
887.132
878.88
872.562
867.523
844
846.035
922
914.244
905.926
896.588
889.781
884.432
976
948.766
928.132
914.45
909.586
910.368
907.632
899.162
890.901
886.344
884.077
1031
961.628
931.612
953
952.339
947.195
937.827
930.92
927.198
923.448
918.368
914.015
911.978
984
952.204
941.535
969
960.588
950.281
969
961
953.76
951.317
950.109
947.041
992
975.043
967.359
1016
1000.65
1078
1016
1010.51
1000
969
973.282
972.291
1055
1019.64
1009.57
1006.1
969
984
983.906
980.767
977.311
974.872
1016
1007.94
1001.17
995.775
993.452
992.027
986.169
969
953
955.219
956.418
958.755
960.75
964.357
968.279
971.183
972.76
973.898
974.611
975.196
975.998
976.067
975.447
1086
1036.16
1023.8
1020.73
1094
1068.44
1078
1065.38
1078
1094
1088.24
1081.51
1079.04
1081.36
1080.8
1077.37
1016
1023.25
1025.85
1024.9
1023.24
1022.2
1024.33
1025.92
1026.52
1026.6
1026.84
1027.22
1148
1091.44
1083.09
1080.24
1075.03
1070.39
1067.74
1065.19
977
1016.93
1013.45
969
992
993.242
976
982.495
986.287
984
986.455
988.034
989.478
990.716
991.879
992
993.686
994.761
996.247
997.877
999.704
1001.59
1004.37
1006.63
992
984
989.198
961
973.587
971.534
972.475
914
963.283
953.606
922
939.922
938.927
937.646
940.912
943.237
1047
1020.26
1015.55
1016.3
1015.67
1013.52
1010.38
1007.82
1039
1031
1025.33
1023.57
1024.29
1023.42
1020.43
1093
1055
1048.07
1031
1000
1006.91
969
973.305
971.007
970.831
972.362
973.587
974.585
1000
1004.15
1000
1003.32
1006.74
1008.83
1009.35
1009.22
1062
1054.72
1047
1047
1043.85
1039
1034.64
1030.68
1000
1003.97
1001.09
1039
1034.92
1031.08
1028.47
1027.14
1023.78
1019.97
1032
1070
1061.99
1051.77
1044.13
1037.67
1030.08
1022.61
1018.35
1016.11
1016.37
1023
1027.48
1030.78
1031.9
1030
1026.97
1024.24
1021.72
1019.43
992
1008
1006.9
1009.35
1011.4
1012.26
1013.72
961
946
946.971
969
978.323
988.276
997.208
1001.3
953
964.846
914
918.32
918.048
920.814
930
937.71
946.167
953.984
960.904
966.822
945
951.6
952.855
951.756
875
891.359
852
843
813
817.742
819.203
812
818.857
822.148
797
809.863
811.536
812.537
812
805
808.6
797
802.006
805
806.001
809.034
812.97
817.414
821.611
825.805
829.141
832.236
835.187
844
828
805
808.528
809.411
810.817
812.386
774
781
784.28
787.391
790.287
758
773
758
781
780.479
789
788.115
789
789
792.752
795.078
797
796.711
797.97
799.81
801.874
803.27
801.671
802.709
804.07
828
822.388
922
891.076
876.58
836
828
827.105
825.676
822.539
819.1
816.352
815.627
815.497
815.268
814.724
766
818.987
765
766
769.358
789
783.924
785.157
787.459
789.461
790.988
792.038
805
801.008
802.532
804.418
820
816.377
813
815.951
816.289
816.318
875
849.598
841.793
837.153
835.616
837.191
891
898
878.487
867.331
906
904.776
896.485
888.725
945
934.624
919.47
911.297
938
953
937.364
945
922
923.669
945
937.897
922
918.58
922
922.52
915.93
910.042
875
882.707
867
869.602
875
875
876.793
879.252
881.916
883.861
885.444
883
885.058
886.547
888.044
889.526
914
938
942.497
941.741
935.639
891
891.676
892.268
894.357
897.528
899.69
898.368
896.956
898.754
1094
988.141
1086
1010.33
1094
1117
1053.15
1047.77
1047.32
1047
1078
1063.2
1070
1069.76
1068.83
1068.71
1068.75
1069.1
1000
1025.79
1022.8
1017.42
1015.8
1015.79
1017.14
1008
1000
1003.43
922
970.259
964.355
946
953.98
956.558
957.678
960.824
962.71
1016
1006.55
1031
1028.59
1039
1037.21
1037.78
1031
1039
1031
1031.91
1030.31
1047
1041.13
1040.01
1031
1035
1033.91
1032.24
1032.03
1032.08
1031.82
1031.8
930
1017.29
1002.03
930
967.944
965.296
961.595
922
942.102
944.53
953
948.258
953
957.868
959.698
953
922
941.907
942.339
940.094
984
953
960.425
953
969
965.24
962.951
962.744
1000
986.429
976.655
973.163
1008
999.208
1015
1002.11
1000
1000.24
998.393
995.06
991.911
1016
1006.59
1002.45
1031
1039
1031.51
1031
1028.65
1026.62
1047
1039.04
1033.94
1016
992
995.775
995.145
996.344
969
977.035
978.156
979.691
1000
1009.76
1012.43
1013.32
1054
1053.65
1016
1016.8
1020.17
930
945
945
930
961
971.128
992
995.593
999.727
1001.55
1001.49
1001.42
999.528
969
975.196
971.52
984
981.657
1023
1024
1062
1039
1071
1061.82
1054.46
1102
1085.44
1094
1085.99
1084.36
1039
1047.04
1042.51
1000
1010.6
1007.94
1007.62
1010.43
1063
1057.04
1057.12
1057.17
1055.67
1053.11
1008
1000
997.472
994.874
996.959
1000
1003.23
1006.16
984
990.737
989.684
991.053
993.111
953
969.486
966.704
967.583
970.659
972.739
975.302
977.448
961
967.638
961
961
962.795
945
955.083
953
922
939.862
936.71
935.731
938.682
940.515
942.703
944.81
946.919
937
944.185
943.012
943.497
944.953
943.72
930
938.748
906
925.099
875
928.05
914.004
913.035
915.557
916.114
917.946
918.226
922
920.342
923.622
922.23
922
924.383
923.14
925.648
924.062
926.654
925.314
927.709
926.361
928.631
968
947.466
944
976
965.665
962.839
969
984
976.176
973.441
974.114
974.618
973.085
971.119
970.339
970.208
1000
1000
969
970.67
1008
1001.71
994.506
990.112
989.947
990.338
986
981.378
978.313
922
952.027
950.776
951.623
950.602
952.576
961
961.676
891
925.058
938
932.96
946
946.695
948.97
969
992
985.576
992
989.538
930
929
930.929
928.588
932.323
922
992
983.091
974.068
1110
1048.11
1032
1027.82
1012.97
999.933
997.769
990.831
983.075
922
935.3
937.012
938.542
941.945
950.203
953.987
922
932.004
935.925
935.1
922
926.693
928.118
928.015
928.648
930.098
931.318
933.14
934.829
936.858
859
925.986
917.836
917.984
898
909.269
912.573
922
913.182
930
927.6
925.272
925.403
928.522
929.795
925.767
926.245
929.444
929.625
922
925.865
928.095
925.304
925.177
992
1000
979.29
973.161
968.257
963.765
956.499
951.451
947.643
944.161
1015
989.681
980.51
976.111
984
992
953
946
968
969.117
963.79
938
937
946
945
941.617
938.077
945
949.895
948.54
914
924.165
929.582
934.925
929.666
922
927.875
935.343
936.722
928.642
926.141
968
946
937.281
934.101
940.517
944.06
1000
972.864
955.584
953.268
956.363
954.844
945.733
940.914
942.702
945.277
942.191
937.415
1086
971.535
964.49
964.285
1000
975.834
961
969
945
930
1101
990.458
1125
1039.68
1094
1041.91
1024.39
1019.97
1016.31
1011.06
1007.05
1004.63
1003.08
1001.47
999.989
1000
1015
1000
1001.96
1039
1023.6
1019.84
1019.77
1020.18
1020.03
1019.21
1070
1044.5
1040.44
1040.88
953
1017.15
930
929
934.307
899
914.282
915.74
915.004
917.943
920.417
922.758
924.187
925.655
926.772
927.821
928.73
929.748
930.893
922
928.415
930
931.218
945
943.274
930
938.644
914
891
903.544
901.991
904.995
867
867
868.86
870.658
873.782
876.638
879.649
882.509
885.265
937
922
923.21
923.7
898
891
883
881.054
882.109
883.773
885.937
888.278
890.697
891
890.309
891.664
875
880.01
877.662
876.489
878.124
877.007
877.846
877.36
877.614
877.359
877.236
877.143
876.956
877.427
867
875
875
874.676
852
828
847.29
848.519
851.175
854.283
857.16
860.019
862.899
865.434
867.918
870.286
871.509
805
805
817.412
821
836
843.464
847.843
850.32
851.907
853.395
854.668
855.066
855.203
855.387
856.63
857.457
859.111
860.797
861.537
863.449
938
898.643
937
917.71
912.626
961
943.637
935.269
932.52
932.505
931.767
945
938.883
922
925.201
925.286
923.171
953
945.254
941.715
942.162
942.073
941.25
939.506
961
953.586
969
963.054
960.359
960.039
958.441
956.252
953.868
951.891
1055
1021.51
1004.28
1016
1009.73
1000
997.422
993.184
989.585
986.127
1024
1011.43
1039
1030.22
1078
1062.73
1056.13
1054.05
1048.74
1039
1036.18
976
1003.68
969
974.974
973.726
975.623
1031
1023.82
1047
1042.92
1045.03
1041.22
1040.54
1036.25
1078
1063
1070
1064.39
1064
1094
1084.25
1079.46
1079.11
1117
1117
1094
1094.31
1070
1063
1062.74
1060.24
1057.26
1047
1049.2
1048.68
1048.78
1023
1000
992
985
985.463
986.498
988.818
991.213
1070
1077.74
1078.45
945
977
988.128
1008
1011.46
1008
1010.82
1018.23
992
994.148
995.531
998.611
999.765
999.743
1001.36
1004.18
1062
1050.7
1037.23
1063
1060.31
1078
1064.9
1054.78
1055.97
1054.44
1051.3
1048.21
1048.95
1049.97
1054
1051.42
1008
1023
1021.94
1021.97
1021.86
1047
1045.13
1031
1034.34
1035.58
1016
1021.16
1023
1022.34
1016
1023
1024.73
1047
1042.51
1078
1074.39
1066.52
1064.33
1060.55
1052.69
1047.99
1045.3
1039.85
1036.5
1000
1039
1031
1032.5
1034.06
1034.42
1024
1029.1
1027.87
1047
1040.59
1039.95
1041.17
1040.31
1039.59
1038.83
1038.6
1038.79
1038.52
1039.32
1039.95
1040.61
1008
1030.4
1024.76
1024.08
1000
1018.63
992
1001.39
1001.77
1000.56
1000
1002.08
937
938
941.397
939.974
943.743
947.406
976
978.42
1000
977
986.183
988.277
953
965.063
966.719
914
935.985
936.795
933.557
940.085
943.892
944.031
946.806
948.952
949.661
951.321
952.741
805
797
812
797
812.371
797
811.892
815.226
820
826.093
830.217
835.111
838.454
841.362
843.93
846.079
848.302
850.51
852.581
855.293
858.017
859
852
857.852
860.576
862.753
844
850.149
853.077
850.184
847.605
846.108
844
843.304
841.808
839.998
839.45
859
859
856.45
836
840.468
842.21
836
836
836
837.55
838.651
838.053
875
868.444
863.494
861.623
860.264
856.357
851.987
848.474
846.636
828
820
819.284
818.864
820.293
822.305
824.635
826.925
829.015
831.803
859
852
867
875
870.154
865.064
861.648
899
893.556
885.339
906
903.752
898.96
896.001
961
946.586
932.095
922.715
922.938
992
973.935
954.622
942.946
943.508
1016
994.428
974.151
961
961.834
967.77
964.372
1008
992.474
982.167
976.413
975.502
976.53
972.989
967.019
1023
1039
1008
994.709
1008
1011.02
1004.31
993.269
961
966.189
970.09
973.586
977
971.966
971.501
975.529
979.365
1054
1031.3
1032
1020.67
1012.9
1006.82
999.959
992.198
985.712
981.548
1039
1033.17
1054
1071
1059.99
1049.28
1039
1062
1059.16
1051.12
1039
1039
1040
1039.56
1035.85
1031
992
998.686
998.85
976
983.06
961
964.284
906
932.629
929.392
953
976
983.64
991.011
998.982
1005.28
1010.15
1014.45
1017.78
1020.33
977
953
956.388
956.796
961.492
966.504
984
989.753
991.856
991.828
987.631
983.301
978.651
973.765
953
953
949.363
953
946
948.86
961
965.364
976
980.54
983.483
992
991.547
1000
996.318
991.127
986.572
1015
1009.42
1002.77
969
974.857
976.393
977.389
975.451
972.654
906
945.477
942.698
922
953
949.964
951.521
952.413
953.567
955.724
984
977.474
975.292
938
951.662
954.397
955.011
952.174
951.821
953.786
945
949.33
950.892
949.305
950.839
938
944.385
944.201
942.452
942.934
942.476
930
936.136
930
931.729
930
930
931.491
961
956.965
956.231
946
949.103
949.073
947.739
947.218
946.88
930
922
922.981
923.35
925.142
927.437
930.009
875
931.468
922
930
925.204
925.444
928.211
929.087
929.295
928.073
928.408
883
901.715
906
902.782
875
893.4
906
898
860
877.603
891
885.456
930
920.803
917.536
945
938.752
931.609
935.891
932.514
922
922
923.429
915.353
912.846
918.573
915.119
908.278
913.673
912.123
907.33
908.272
908.991
905.981
905.907
922
916.514
930
926.563
924.483
923.771
923.317
920.918
914
916.137
915.927
915.003
916.22
917.562
916.195
915.797
916.798
915.576
914.646
836
945.574
921.68
915.632
913.451
836
843
836
841.546
841.616
843.183
845.603
848.139
850.433
852.341
854.053
855.747
922
917.913
916.471
914
906
907.283
875
877.042
875.002
873.812
874.255
874.228
875.672
875.745
883
883
906
905.542
901.349
836
844
847.012
850.018
852.93
855.622
858.131
875
875.513
844
856.862
844
852
828
836
837.964
840.045
841.713
843.566
821
820
852
875
869.191
891
884.186
805
820
824.628
797
807.49
811.77
820
820.454
820.725
823.019
821
824.803
826.929
836
836
851
844
867
828
834.114
836.246
797
797
797
798.938
813
813.539
797
806.202
859
848.732
841.854
840.006
839.162
834.77
831.005
852
859
850.093
846.143
846.854
898
881.769
870.941
865.628
866.108
867.319
863.025
856.377
852.327
849.841
846.796
843.283
839.743
875
868.911
863.325
858.516
858.05
844
842.491
841.865
842.416
842.52
841.367
852
854.388
853.806
851.096
875
877.353
875
852
867
868.341
906
893.268
884.777
881.717
867
797
829.812
831.776
797
811.666
814.87
820
819.947
828
830.82
833.548
843
852
851.631
850.626
890
883.791
876.202
852
858.274
859.673
853.717
849.274
851.355
851.591
875
867
862.12
861.938
862.318
859.339
789
809.629
789
791.197
791.077
794.03
796.477
799.041
801.389
828
828
852
859
891
891.618
930
883
930
923.528
859
836
838.53
844
843.391
836
841.012
843.858
836
838.493
839.706
844
867
863.747
861.946
836
841.238
836
833.649
836
836.076
844
845.962
805
804
797
799.107
800.584
803.551
806.404
844
851.248
898
892.597
883.911
876.145
867.593
857.833
850.516
845.145
841.578
839.447
839.608
839.965
840.449
945
961
953
934.145
922.306
912.385
992
987.911
967.762
984
975.533
968.24
964.203
946
945
1008
1002.05
1063
1062
1039.06
1025.54
1024.46
1026.76
1022.45
1012.67
1004.65
1000.84
996.831
991.466
1054
1024
1019.4
1018.27
1016.32
1012.12
1008.53
1004.95
1008
1004.53
1001.26
1008
984
992.326
989.893
922
993.221
981.16
953
966.312
967.485
1008
997.366
997.618
999.942
1001.16
998.868
1015
977
984
985.74
981.841
982.729
976
980.655
979.332
891
942.611
1039
1003.2
1078
1051.55
1043.87
1086
1066.96
1016
1028.45
1025.43
1013.34
1010.89
1011.75
1006.39
1001.48
1002.21
1000
995.943
992
992.309
1031
1021.26
1017.06
1017.06
1017.2
1014.3
1011.71
1009.6
1006.89
1007.57
1007.44
914
1000.57
989.533
986.357
988.139
867
923.535
883
888.106
867
875.563
878.417
879.039
881.116
883.071
884.757
885.966
887.151
888.252
889.688
875
914
910.465
961
953
953
953.845
955.564
956.26
955.903
954.427
883
905.927
875
877.382
876.246
877.665
879.437
880.883
882.366
859
866.424
844
859
855.312
856.32
857.989
859.451
861.111
862.578
864.344
866.304
868.383
871.091
873.663
876.187
878.625
880.762
773
750
814.286
815.437
820.911
742
775.352
778.175
778.137
782.722
787.142
790.968
793.694
796.158
734
753.329
711
716.725
718.484
721.175
724.704
728.47
711
720.202
722.227
725.033
735
736.442
766
772.406
766
766.254
781
781.445
778.921
805
802.313
781
784.288
786.218
782.229
778.307
778.049
781
778.79
776.594
775.685
775.389
774.248
772.522
727
719
726
727.152
719
725.143
711
711
703
704.913
711
711.326
715.048
718.396
721.877
725.935
730.43
734.969
739.76
703
713.595
703
705.503
706.988
695
680
685.362
766
773
781
769.934
789
786.001
797
790.097
782.12
776.871
772.422
766
781
777.725
771.783
767.901
774
772.651
769.056
765.599
762.873
760.563
789
783.811
779.737
776.652
775.638
774.487
772.876
719
761.755
758
773
805
797
859
844.042
890
875.963
868.097
862.426
856.02
852.535
848.299
845.832
844.443
844
843.5
843.266
844
859
860
857.657
858.798
859.83
859.487
858.508
858.04
867
862.185
858.821
859.522
858.165
856.427
875
871.86
870.045
914
906
898.646
895.756
892.049
886.877
883.404
880.03
877.123
874.773
873.308
872.355
871.447
871.548
871.343
871.529
871.715
871.955
872.189
891
888.927
888.051
930
945
929.491
923.865
919.352
953
952.401
942.297
961
964.147
958.931
922
922.556
927.111
922
953
961
984
975.548
968.331
961
956.143
961
956.789
952.019
948.651
945.462
942.034
938.8
936.659
945
946.054
922
914
915.942
906
909.063
909.795
910.295
953
953.101
961
984
945
947.773
948.599
930
933.326
934.935
930
914
919.808
921.348
920.461
977
972.193
965.677
963.92
957.167
949.223
943.787
937.774
933.741
961
984
969
966.411
969
962.019
955.275
949.668
943.787
939.221
936.72
953
930
934.979
936.248
935.841
936.466
936.596
937.308
937.302
937.669
937.52
937.427
860
859
897.004
875
884.801
890.202
890.906
894.995
875
885.147
836
854.168
852.795
850.23
854.383
922
913.613
913.781
914.585
910.055
984
965.27
955.845
992
977.073
965.873
965.745
960.565
955.149
951.607
948.896
946.768
944.686
942.943
942.55
922
922
921.835
922
920.939
922.051
961
953.67
951.219
961
958.593
954.666
953
953
949.963
961
958.109
958.824
960.222
959.843
1000
1008
1031
1000
995.527
976
974.842
973.56
970.66
937
944.826
953
952.099
953.863
954.576
956.324
958.006
984
982.38
980.765
977.514
1015
1008.94
1001.73
996.128
994.125
992.365
987.554
982.991
979.703
979.246
978.021
977.508
977.162
977.327
977.149
976.778
976.549
975.744
975.016
975.218
974.793
961
938
948.146
947.94
950.675
953.943
922
906
914
913.893
917.769
922.256
927.163
898
914.678
911.861
914
916.983
919.192
969
973.614
984
977
984
984.201
1000
993.884
985.973
984.038
982.892
979.348
985
984
981.625
981.023
980.029
978.348
976.331
974.225
992
961
967.172
966.075
961
969
965.922
966.495
966.584
967.203
967.654
968.049
968.472
968.861
969.302
969.821
945
953
961
955.739
958.285
959.508
959.789
961.196
960.666
962.719
962.165
963.766
963.289
961
961
962.562
961.268
962.856
969
966.338
966.203
961
977
992
983.788
978.831
953
957.553
958.846
960.234
961.93
962.112
960.829
959.778
953
969
968.521
968.267
964.317
960.389
962.865
966.382
968.173
961
958.081
959.981
945
969
965.796
963.66
957.987
953
958.275
960.065
957.449
953.17
955.191
958.8
960.306
945
930
961
956.565
945
942.978
937
947.317
948.504
929
937.362
940.332
941.723
984
969
969
968.69
969.889
966.894
961.359
1000
992
982.563
1000
1016
1007.09
1000.46
1023
1000
1001.58
1000.76
996.766
1008
1002.8
1001.48
1000.61
998.552
1055
1032.73
1025.97
977
976
977.828
961
967.46
945
984
977.553
1000
1039
1008
1000
1003.25
1004.83
976
981.887
969
970.372
992
1000
998.409
995.087
995.112
994.983
991.479
1008
1004.19
1000.7
997.645
976
978.972
978.14
945
953.944
954.753
955.577
957.877
960.844
906
943.228
938.803
890
916.386
913.957
911.4
915.115
917.085
919.235
921.577
923.548
925.611
927.569
1055
1014.48
1007.52
1003.76
1086
1062.46
1049.36
1042.35
1041.76
1086
1055
1050.48
1051.44
1051.95
1050.43
1047.33
1046.59
1047.03
1045.64
1044.34
1008
984
989.931
988.71
987.938
989.122
990.705
992.331
993.313
1039
1023
977
984.861
986.54
989.394
991.601
929
930
930.055
932.598
935.9
939.764
944.137
945
946
945
953
955.36
984
953
938
941.245
943.452
946.656
929
932.813
899
907.21
908.973
912.668
915.622
922
924.592
928.435
932.069
934.863
969
967.51
961.654
955.875
952.09
947.021
940.171
976
969.734
961.78
875
860
873.209
880.943
888.045
892.192
906
912.109
915.335
916.354
915.433
914.836
913.148
910.2
906
883
886.752
886.014
888.573
883
886.518
888.549
890.79
922
925.092
922.303
875
883
883.962
890
883
886.118
906
908.496
902.757
899.551
901.643
985
955.574
938.454
931.492
929.81
924.856
916.4
969
961
943.128
953
969
957.258
944.118
969
953
922
927.059
932.073
927.545
921.292
923.994
925.716
946
936.625
933.481
935.571
934.174
961
954.71
948.103
946.691
946
940.287
935.342
933.471
933.66
932.353
931.066
930
945
945.484
961
945
930
914
915.889
916.551
919.595
923.096
844
851
878.3
875
875
879.038
891
894.822
898.768
901.34
859
874.257
836
836
837.539
839.787
842.158
891
883
886.194
888.704
867
871.984
873.74
870.286
871.169
872.82
870.709
871.546
797
815.591
822.887
766
789.758
791.865
789.397
851
844
836
828
813
816.513
816.154
805
808.8
797
800.225
801.255
804
813
828
830.355
832.561
867
864.487
858.034
850.759
883
875.632
864.444
898
875
869.44
867.429
863.18
836
839.657
844
841.251
839.567
841.953
843.985
842.774
841.773
891
881.323
906
906
896.133
890.268
886.195
879.252
969
938.711
945
937.263
931.751
930.725
926.621
914
911.647
908.341
905.24
903.472
901.592
900.838
900.893
961
953
930
937
935.029
929.59
923.081
917.829
913.905
911.099
908.942
945
940.17
934.707
932.944
932.108
926.516
921.26
918.076
945
942.762
936.236
930.879
929.219
929.117
926.055
922.623
920.394
919.556
919.99
969
950.573
969
859
852
904.823
906.262
907
909.73
906
910.814
891
896.775
898.248
906
903.628
904.48
906.431
914
922
922
920.838
922.22
923.944
925.315
926.202
927.056
928.244
929.547
968
960.177
952.724
948.081
984
977
969.708
964.304
969
969.66
966.837
963.377
961.187
960.193
958.961
956.789
954.746
953.44
952.244
961
961
959.347
945
984
1000
989.396
984.032
981.219
1063
1070
1028.1
1016
1014.28
1014.26
1023
1014.95
1005.71
976
979.077
938
945
945.206
949.461
953.195
961
964.611
968.342
971.266
973.274
973.654
969
967.907
966.877
992
994.436
995.876
1008
1008.88
1010.64
1011.3
1009.63
1007.67
1008
1006.37
1004.89
1003.63
1002.87
1001.49
1031
1025.53
1019.83
1024
1022.78
1070
1047
1040.52
1016
1018.09
985
994.964
992
990.885
992.517
994.122
1015
1016.87
1018.99
1018.7
1000
1003.23
977
980.944
1000
953
969
970.808
969.914
972.413
1008
1008
1007.34
1007.72
1007.84
938
958.09
1000
1000
993.38
1000
1000.02
989.991
984
938
945.963
992
1000
1000
961
968.951
972.443
966.989
914
922.128
883
885.562
852
855.326
858.717
863.295
868.561
874.719
836
844
845.875
848.162
867
906
891
898
914
918.553
961
960.329
956.463
956.496
956.574
954.461
950.79
948.905
947.503
946.287
944.715
943.579
992
969
966.067
965.522
964.736
963.355
961.254
958.184
955.443
1000
989.029
982.537
977
974.07
971.915
969.105
966.567
992
987.277
983.377
961
959.886
961.142
945
938
937.956
938.164
945
947.027
949.775
953.703
898
926.946
907
910.128
910.212
1000
983.882
980.53
981.289
1047
1028.68
1031
1022.81
1018.34
1016.25
1070
1056.69
1039
1032.81
1016
1017.6
1017.06
1012.78
976
981.422
981.769
992
987.935
984
984.582
986.817
1000
997.498
1000
1008
1009.05
1008.18
1004.83
1004.76
1006.16
1005.95
1003.64
1002.83
1003.02
992
995.187
945
987.179
980.082
979.592
980.613
982.591
852
947.977
938.853
935.158
936.776
940.394
852
889.185
890.362
884.059
875
899
896.323
937
931.465
922
938
938.405
937.327
938.441
940.111
940.109
939.858
939.787
922
928.399
1039
986.482
964.63
836
876.685
945
938.974
875
892.658
821
820
824.826
829.497
832.265
832.552
834.535
840.046
843.741
750
773.712
774.297
777.723
779.118
780.577
789
805
836
837.222
837.473
906
899
890.956
930
925.172
908.919
907.653
908.817
901.906
896.816
894.944
892.986
805
831.51
831.519
827.837
828
836
836.581
836.248
836.909
837.764
837.406
820
824.892
820
821.861
822.203
797
806.023
806.988
797
802.455
789
798.549
799.978
812
813.788
817.121
820.239
823.117
825.011
824.901
825.814
789
797
798.437
797.555
800.531
802.757
804.481
805.918
807.48
808.494
809.38
809.977
797
803.281
782
788.957
789
788.364
790.922
781
787.173
785.976
774
781
779.085
781.33
780.176
782.417
781.485
797
792.143
793.29
852
859
843.985
840.491
836.661
898
886.433
871.847
860.114
857.685
861.878
861.848
854.844
849.146
848.824
859
867
860.295
898
892.044
885.291
879.708
876.834
874.288
969
921.497
1047
976.477
950.132
942.46
937.976
932.378
925.402
918.739
915.282
913.917
891
894.102
893.03
922
930
925.111
920.733
918.269
917.538
916.2
898
899.662
898.415
906
903.433
904.516
905.377
907.606
909.278
910.564
912.141
913.663
913.379
911.592
781
916.075
901.639
894.956
892.372
894.091
896.206
897.039
734
804.775
804.885
800.748
804
813
814.791
836
833.99
836
839.93
836
839.916
840.599
841.389
820
829.453
831.031
831.168
828
830.47
836
836.225
838.708
841.418
766
832.539
827.299
823.152
824.963
742
742
753.525
756.404
758.161
761.453
781
784.49
787.342
790.191
793.83
797.291
799.394
801.306
789
781
784.353
785.604
786.356
726
754.432
756.192
757.668
759.147
761.429
764.231
767.294
769.164
771.044
758
762.62
765.097
766
765.129
766.411
768.628
771.539
773.734
766
765
769.026
772.09
773.482
758
772.546
774.657
774.861
771.165
820
782.799
778.005
779.435
777.847
695
695
741.676
746.38
703
731.137
711
713.366
716.161
719.07
720.363
722.285
726
727.922
729.465
750
747.197
747.224
748.696
750.183
734
738.535
740.076
738.136
739.33
741.116
742.98
744.336
745.22
750
748.842
781
772.397
770.037
767.196
764.092
761.757
758.959
756.205
754.02
752.461
766
762.831
761.411
760.902
742
727
728.583
728.597
731.133
719
703
711
711
713.442
715.794
718.227
721.526
711
715.559
719
722.157
726
719
711
714.435
711
713.532
713.256
711
719
722.327
711
713.393
688
696.596
699.021
700.265
701.46
703
711
711
711.45
712.27
713.39
712.785
711.84
712.615
712.036
711.202
719
716.678
719
717.193
716.985
719
734
729.24
726.346
724.429
724.097
725.169
724.965
723.613
722.308
742
750
742.291
781
773.025
820
828
815.645
806.717
803.708
800.988
875
855.934
906
883.736
930
930
920.906
916.514
914.764
915.285
914.356
913.645
913.897
937
933.594
930.095
969
953
922
928.9
928.884
923.599
867
888.085
886.148
880.998
881.211
867
871.742
872.29
872.026
844
851.97
836
838.629
839.409
840.765
842.772
844.949
847.253
849.532
851.943
859
861.678
865.872
869.248
873.171
876.794
879.649
930
924.943
918.644
908.263
898
893.58
890.641
887.357
884.032
881.02
878.797
828
849.836
828
813
815.878
815.994
844
844.807
850.59
875
867
844
836
837.303
820
823.214
822.993
824.318
836
839.177
867
874.135
875.29
930
926.015
915.371
945
938.571
926.029
919.562
914.466
883
881.362
877.704
867
866.898
867.644
867.681
869.33
871.051
873.103
874.79
828
852.358
883
875.791
876.774
878.023
877.064
876.885
876.58
876.348
876.784
877.181
877.486
877.892
879.299
836
873.558
863.505
797
847.312
789
811.264
813.999
811.67
813.994
816.629
818.767
914
890.04
885.165
885.7
887.327
888.156
886.55
885.252
884.26
773
806.437
809.964
807.251
814.4
805
811.373
836
851
844
842.913
843.922
844
840.688
836
844
841.02
840.933
840.956
841.036
842.401
844.001
845.505
847.183
848.986
789
840.044
828
827.722
827.747
826.739
828
836
820
825.214
820
823.255
824.664
824.061
825.942
827.349
805
812
813
811.673
813.669
815.446
817.31
844
836.878
834.427
883
871.218
867
864.991
860.264
836
837.21
835.002
867
859.288
852
852.175
867
862.011
855.218
852.993
854.037
852.09
848.261
844.997
843.891
842.459
922
887.495
875.749
874.04
883
890
875
869.964
871.239
873.472
870.496
851
853.093
855.088
857.67
856.124
898
888.491
860
898
894.749
882.693
899
895.754
887.227
882.958
884.641
880.785
874.291
873.731
875.556
797
843.092
836
831.896
833.659
852
848.771
845.853
850.979
851.978
891
881.453
879.245
906
898.586
895.086
922
883
891.051
945
923.917
917.657
915.66
914.732
912.451
909.833
907.771
906
904.297
903.287
836
869.797
864.58
861.929
864.482
875
906
899.636
899.485
901.37
899.299
896.105
937
925.325
914
953
942.976
961
953
961
956.352
954.13
952.987
950.905
949.304
947.685
946.518
945.671
945.541
953
949.355
949.288
950.4
891
906
914
910.554
913.907
915.575
938
933.095
1117
1031.7
1011.88
1002.73
994.086
987.993
982.164
938
941.6
938.738
922
922
923.595
924.855
926.307
927.957
929.672
1055
1039
1010.96
997.678
985.638
930
906
905.334
905.971
937
949.19
955.468
992
1003.52
997.204
988.031
979.521
1023
1019.05
1004.72
991.813
985.557
981.746
1031
1022.46
1004.69
994.171
993.102
997.39
998.166
1070
1055
1039
1039
1035.71
1023
1017.62
1012.3
1007.46
1039
1031.85
1039
1031
1025.17
1020.95
1016.48
1012.09
1008.71
1008
1006.82
1006.46
1039
1036.7
1031.55
1016
1000
984
982.429
981.138
961
953
984
995.157
1005.44
1012.26
1018.48
1021.9
1021.65
1019.42
1018.25
1014.2
1009.38
1005.51
1001.92
945
945
947.573
1008
1025.02
1023.88
1022.88
1017.99
1007.93
891
898
925.983
906
914.963
922
930
931.177
936.307
940.365
942.007
943.121
944.215
1039
1027.28
1014.52
953
956.532
891
897.146
896.661
899.782
903.856
907.161
911.246
914.605
916.576
918.246
914
916.562
917.251
917.678
918.762
922
922.72
914
917.351
918.878
920.302
976
968.449
961.081
953
952.426
954.049
952.448
949.078
945.763
942.751
940.387
891
916.158
969
956.049
950.668
948.506
946.237
939.171
932.476
928.801
925.66
922.849
929
927.566
891
902.877
902.359
903.091
905.717
908.905
911.12
912.884
977
967.083
959.377
955.368
992
961
959.048
959.737
952.672
949.611
1000
989.038
979.879
977.611
976.551
971.252
967.208
964.526
1039
1010.36
1015
1006.9
1000
1008
1003.32
997.728
1039
1022.98
977
980.606
984.111
1015
1004.24
1047
1034.94
1027.82
1023.91
1000
995.087
993.129
961
953
952.919
953.926
955.053
906
920.943
921.184
922.613
898
905.922
883
914
976
980.703
979.794
969
974.136
973.831
971.799
970.562
969.544
968.954
968.184
966.661
964.339
961.639
1016
1007.49
1000.44
891
914
906
908.609
911.217
914
992
988.364
982.041
977.605
974.514
966.334
960.344
958.572
1016
976
973.407
977.27
976
970.504
968.363
969.291
968.357
964.8
962.778
962.031
930
937.258
936.475
934.676
935.264
935.703
1000
992
984.691
983.323
930
968
962.569
959.091
1016
997.02
989.462
990.246
984.123
1016
1005.49
977
982.87
961
961.019
960.321
957.603
957.489
957.637
957.624
957.852
958.069
958.164
958.403
958.652
969
967.129
967.565
968.423
969.073
968.684
968.705
968.337
968.271
969.656
969.421
1070
1047
1018.31
1047
1078
1031
1030.91
1031
1047
1039.23
1033.2
1035.4
1036.99
953
930
931.612
932.597
945
930
936.205
898
891
883
882.873
914
930
938.982
945.23
952.93
960.629
992
961
962.863
967.3
992
989.579
983.276
979.395
984
985.756
982.173
977.104
973.451
969
953
950.183
1000
992.939
987.095
945
947.819
950.497
952.165
950.801
948.133
914
922.498
924.808
929.173
930
928.572
931.068
935.48
939.189
940.366
940.997
1094
1056.77
1034.82
1025.96
1020.38
1012.43
1003.08
1023
1017.69
1009.17
1004.1
1001.25
998.101
1047
1024
1017.23
1014.23
1013.73
1039
992
1039
1047
1037.06
1032.23
1029.54
1028.53
1025.04
953
982.708
981.988
984
1000
992
997.302
1023
1017.74
1014.28
1016.41
1018.25
1014.73
1012.93
1013.24
1012.61
1015
1012.1
1008
1010.05
1008.91
1008.85
1008.15
1031
1025.4
1023
1016
1018.14
1020.15
1018.12
922
986.66
981.042
844
936.571
844
896.678
805
848.207
850.371
750
806.745
750
750
758.927
758
761.893
789
789.565
793.517
797.597
801.143
859
883
875
876.911
879.776
881.618
881.995
821
835.542
836.492
828
826.972
836
834.691
834.119
828
828.953
812
805
804.924
802.884
803.169
803.647
859
855.983
849.726
875
859
844
845.602
836
828
828
828.026
825.037
825.497
827.846
826.681
825.607
826.444
825.009
823.971
823.814
823.537
735
836.264
820.342
816.674
816.493
817.709
734
789.965
784.306
781.282
758
781
766
758
764.887
766.307
766.473
750
761.464
762.544
762.248
762.999
765
766.629
765
767.697
769.043
781
775.628
776.459
777.83
779.725
778.961
891
829.838
819.827
813.708
852
836.224
828.826
826.192
826.613
826.778
825.026
822.964
821.357
819.952
819.181
818.314
817.701
817.409
836
831.313
828.571
828.686
829.301
829.138
828.08
827.02
825.819
836
832.799
828
829.793
830.347
782
843.098
826.245
824.325
823.324
852
906
870.267
861.609
858.759
857.302
857.031
853.564
860
856.024
853.974
852.656
851.09
849.812
906
899
885.168
879.598
836
805
808.415
810.123
815.762
822.257
789
773
782
773
777.023
778.76
781.386
784.735
789
828
841.525
844
844
851
855.381
854.612
848.901
843.443
839.09
835.935
820
816.453
816.775
817.664
818.232
818.54
828
828.781
828.265
826.991
851
849.773
821
843
840.003
836.208
797
807.571
810.09
812
810.18
816.038
797
802.335
828
828.85
822.565
824.778
828.308
906
914
876.354
868.905
867
861.057
860
852.687
848.367
846.105
843.204
839.983
837.062
834.857
805
797
797
798.309
801.033
805
808.291
811.468
859
865.848
864.309
867
844
839.106
813
828
828.946
833.198
836.461
838.683
839.663
820
823.111
821.176
789
796.338
797.291
750
765.807
767.273
742
751.355
753.804
753.198
742
742
781
775.046
780.19
784.856
788.318
791.259
742
757.258
758.908
756.465
759.028
762.237
764.312
765.622
767.088
768.728
767.158
766.445
734
743.786
746.008
745.33
747.309
749.51
875
813.328
805
802.241
793.964
786.598
784.211
766
767.029
750
751.915
766
773
775.231
758
761.681
763.989
758
759.09
760.37
797
791.97
784.037
778.458
776.259
775.245
771.9
727
726
725.918
728.123
731.419
695
708.626
710.341
714.116
715.677
719
726
729.289
731.647
742
744.86
747.076
746.934
742
742.103
727
742
739.003
739.836
741.889
750
748.526
746.457
745.336
744.395
696
708.908
713.15
712.693
716.46
718.276
765
766
759.693
759.298
750
743.209
766
760.544
755.484
754.382
750.685
766
759.608
754.906
773
767.768
766
773
768.448
766
762.933
789
779.022
789
782.15
779.76
779.98
778.446
776.594
775.001
828
808.739
800.9
798.21
781
782.672
782.939
766
769.708
768.567
767.396
767.194
883
906
883
864.164
853.573
843.656
832.749
789
784.562
781.874
781.917
783.728
797
800.498
797
781
779.898
781
780.976
782.631
783.982
781
782.374
789
789.037
828
829.874
825.551
818.784
820
805
804.305
801.906
789
804
803.395
802.684
800.799
800.244
799.424
798.002
750
793.447
783.314
783.188
784.762
785.191
695
773.143
761.622
711
736.994
805
786.428
780.83
781
786.145
781.338
780.934
784.206
783.654
742
750
756.348
752.283
747.594
755.358
734
750
742
743.605
744.23
745.767
766
844
828
807.09
914
852
828
827.035
821
814.905
809.961
807.562
803.624
799.563
796.369
794.955
793.949
793.078
711
734
727
729.574
732.516
735.299
738.263
750
751.113
753.515
742
727
733.018
732.072
732.445
733.997
737.135
739.777
742.834
745.754
748.541
751.267
719
733.101
734.132
735.538
805
786.153
776.702
774.321
766.04
734
750
747.416
744.404
742
742
741.319
739.933
750
747.056
746.547
750
747.654
742
744.851
727
735.289
733.194
732.226
695
680
672
673.282
674.265
677.661
695
702.373
711.894
735
742.715
745.948
797
812
805
793.722
786.514
750
750
746.47
742.192
741.203
740.743
742
741.112
750
727
750
750
750
749.251
746.222
742
739.771
736.753
727
729.237
742
633
656
710.892
700.255
703.55
710.227
703
708.785
710.563
710.86
712.943
714.024
715.596
742
727
730.041
742
736.07
736.227
737.344
738.315
739.208
740.127
719
730.147
727.271
725.565
726.085
726.447
728.461
711
717.203
716.745
734
728.445
734
732.983
742
738.477
737.187
737.085
726
719
742
711
711
711
711.35
711.879
713.387
714.631
715.1
716.421
716.599
717.946
717.86
719.141
718.564
719.882
719.273
720.182
719.641
711
717.049
750
735.179
732.485
750
746.471
745.045
744.489
743.555
742.929
758
758
752.681
750.809
751.115
751.029
749.787
747.254
746.084
745.208
744.487
743.776
743.182
750
758
755.99
754.294
758
756.875
753.81
752.051
749.686
746.823
745.293
744.296
734
711
739.134
740.243
813
772.484
769.703
770.06
770.075
765.257
761.692
759.749
757.337
755.287
753.675
766
763.773
763.248
763.637
763.903
763.395
762.342
761.172
760.272
759.763
759.356
781
773.29
770.707
770.41
797
828
811.866
801.368
828
827.159
766
775.802
781
789
783.246
781
783.999
786.521
783.336
779.562
780.455
782.378
780.874
777.416
776.694
778.463
750
763.143
764.23
765.311
763.948
781
783.34
804
796.987
795.31
797.867
719
703
739.171
744.246
748.774
755.897
757.212
773
781
766
771.269
769.237
762.749
774
773
767.608
768.793
766.21
763.227
760.407
758.975
758
750
752.383
735
742.172
738.843
739.263
740.98
740.866
741.921
742.533
743.491
744.159
744.958
745.592
664
775.021
752.272
680
711
711.946
710.235
711.788
713.589
715.822
758
766
765
761.493
761.653
750
754.697
752.221
748.913
746.247
745.568
745.232
744.243
743.623
744.529
744.81
745.669
744.767
745.725
742
742.563
742.921
742.277
741.804
812
769.284
767.04
765.057
763.419
789
780.259
775.732
750
753.892
754.899
750
750.502
749.051
749.134
749.187
750
748.572
749.845
735
743.237
741.965
740.511
741.715
740.272
742.022
750
748.152
749.274
750.121
751.641
751.881
752.183
781
776.258
774.059
750
752.111
751.74
751.656
734
742.657
741.663
741.106
741.91
742.304
743.784
766
762.206
797
786.841
828
805
800.987
799.042
797
793.584
790.11
787.299
784.509
750
742
740.413
750
754.68
759.38
781
785.293
766
769.278
797
795.372
789.558
797
794.512
789
782.622
797
820
810.724
803.388
797
797.454
794.193
788.629
784.562
805
805.669
799.353
793.985
794.246
795.656
792.672
788.113
891
898
883
875
852
842.901
834.593
826.813
821.203
820
816.819
813.806
811.324
810.952
810.933
773
793.647
789.804
790.43
742
767.737
719
730.414
766
756.885
761.792
742
750.975
751.847
719
732.959
731.66
732.034
735.15
737.093
739.877
938
865.313
843.644
838.988
914
891
875
867
867.768
867.722
859
854.454
852.607
850.594
846.837
843.154
820
823.34
824.587
823.145
789
797
798.937
798.095
799.043
800.244
801.679
802.983
802.946
804.316
805.869
806.996
808.268
750
805.327
796.853
796.351
750
777.431
776.214
774.939
789
785.577
789.013
812
806.302
803.385
844
851
839.635
835.938
837.308
835.724
766
785.546
787.757
783.956
742
761.386
719
724.487
725.703
726.986
729.924
734.002
737.102
797
781
766
772.296
805
812
801.647
821
822.643
816.377
810.059
810.055
758
765.849
766.592
763.781
764.843
767.487
769.291
768.926
769.963
770.115
770.064
769.82
769.469
769.186
769.009
750
755.94
754.429
754.466
755.885
766
765.093
768.931
771.855
774.425
777.224
828
814.071
804.2
801.19
796.153
789.973
797
792.847
790.249
788.673
789
786.672
784.823
783.408
781.959
780.558
820
828
819.806
820
812.821
806.25
799.097
792.093
786.925
784.287
734
771.373
766.578
769.801
773.579
734
753.501
749.535
820
828
822.248
828
828
822.943
818.302
813.647
808.338
803.779
844
836
833.84
797
812
789
790.18
782
781
780.47
780.441
781.066
781.232
781.783
782.256
782.659
789
787.53
750
768.055
765.922
764.735
766.36
766.8
768.627
750
734
740.781
739.328
739.357
741.768
743.785
746.257
789
797
797
812
811.611
806.045
802.464
781
779.651
776.162
772.69
771.336
781
781.419
782.288
780.799
742
750.856
727
728.391
729.141
730.654
733.055
750
754.245
758.357
719
730.101
719
719
742
745.998
719
719
721.211
723.145
725.576
727.507
729.936
732.302
766
781
775.342
758
758
759.572
756.731
750.649
744.097
740.636
739.238
737.879
736.432
734.994
735.037
735.147
781
775.003
768.377
762.555
757.835
752.403
746.656
742.262
739.112
737.162
736.525
736.094
758
773
773.789
768.639
762.321
756.336
750.532
789
788.1
783.886
828
823.595
815.048
828
823.614
816.095
808.697
803.785
800.268
789
786.252
783.728
782.01
781.947
781.855
782.357
782.617
891
854.174
841.449
836.702
831.491
824.912
820
805
789
787.514
789
790.902
794.245
798.669
803.039
805.409
805.647
836
837.621
830.821
823.375
836
852
843.972
844
875
869.632
836
832.791
836.579
838.552
834.265
829.597
830.639
805
808.547
809.613
811.431
859
854.455
848.139
844.627
842.132
835.77
766
776.904
782.144
786.413
787.679
792.616
797.349
799.713
801.58
803.456
789
793.63
794.923
820
797
802.206
804.32
801.946
782
788.952
789
805
800.448
801.744
805.348
789
781
766
769.481
770.825
772.297
774.046
750
757.511
758
759.925
762.04
764.671
767.543
769.948
797
805
828
827.043
820.175
813.729
836
837.419
830.305
822.552
820.033
821.114
750
768.891
769.613
772.573
774.274
776.64
742
753.398
754.765
757.104
757.851
759.46
761.537
750
753.648
754.774
755.763
757.059
758.746
781
783.138
785.764
773
777.237
766
768.674
768.329
767.25
769.244
769.472
768.304
767.412
767.122
766.83
767.097
766.804
789
782.801
780.531
779.079
777.507
776.276
773
771.359
769.871
768.666
768.449
766
766.638
766.473
766.923
767.429
750
789.919
765
767.241
758
770.647
774
771.328
769.541
789
781.377
779.388
797
789
797
789
789
789.813
788.826
788.322
787.916
787.711
782
783.951
783.04
782.803
797
791.191
790.802
791.463
790.925
790.599
789.526
789.444
788.99
788.632
852
859
790.513
859
813
809.779
836
813
812.164
813.196
811.156
797
801.004
801.582
797
797.322
797.512
797.828
797.759
797
798.086
804
797
799.948
799.949
800.108
801.408
800.525
802.118
802.329
781
808.149
800.467
799.695
799.401
800.416
799.937
799.94
781
822.631
781
802.291
798.948
750
773
750
766
773
770.133
750
761.233
762.257
734
746.398
711
695
700.135
701.788
672
684.298
686.455
687.209
691.101
672
681.303
683.856
685.364
688.24
690.902
703
531
867
786.097
743.873
733.1
730.922
730.564
703
727
720.127
719.121
718.21
727
734
728.034
719
723.785
703
703
706.009
706.053
706.633
707.881
688
702.734
727
718.161
715.622
716.68
774
766.918
760.751
756.533
755.355
750.172
773
766
757.242
750
750.841
748.938
789
779.159
772.033
767.987
768.093
769.211
766.58
763.176
805
781
781
766
766.41
766
781
776.483
782
776.834
773.9
771.781
771.829
789
785.03
781.314
812
803.712
800.638
798.854
795.518
791.922
788.673
836
852
837.072
830.987
826.091
821.83
816.648
805
801.288
828
789
791.707
758
770.4
769.583
769.455
770.646
771.092
772.089
772.803
773.032
688
703
703
704.2
703
708.722
712.122
715.308
718.263
721.833
750
753.431
758
762.658
766.781
770.106
772.351
774.39
773
774.596
775.716
774.59
775.385
775.887
750
750
750
748.2
749.316
750.641
749.437
748.263
747.09
745.917
744.576
743.476
742.952
742.573
696
695
696.911
695.479
700.534
703.444
696
704.514
704.724
708.392
758
756.46
758.55
789
789.683
774
781
778.858
773
769.614
781
777.298
773.53
772.496
750
742
740.242
737.527
738.818
739.925
741.311
758
757.749
759.01
750
750.725
749.408
719
719
718.121
719
720.917
723.805
727
730.658
773
781
778.198
820
820.341
811.714
820
817.248
810.428
805
801.437
797.837
781
750
751.083
750
752.395
756.337
760.327
758
760.254
789
790.808
791.573
789.081
786.575
783.425
779.794
776.037
772.826
770.715
770.319
770.365
771.668
772.628
773.578
774.473
781
766
768.87
768.153
758
758
773
772.564
772.522
772.277
772.419
772.379
860
859
875
858.393
847.119
820
812.453
808.613
805.448
802.168
798.855
797
795.527
795.409
795.018
797
795.825
796.767
797.032
797.274
797.523
797.435
797.394
797.578
797.703
813
828
797
800.777
800.335
804.056
805.33
836
851
838.959
830.559
827.613
825.093
844
840.759
832.664
827.123
813
820
805
797
797
797.013
798.725
836
844
839.351
833.744
828.779
823.191
816.486
810.785
807.594
806.473
806.652
807.377
808.358
809.503
810.735
844
849.522
828
805
803.323
803.911
805.568
797
789
790.082
791.321
793.441
797
797.951
799.452
802.638
781
787.207
787.831
791.543
794.229
789
789
789
791.719
790.616
758
771.88
765
758
758
760.542
766
773
774.874
777.483
750
760.64
762.143
762.095
734
735
737.45
740.115
741.991
797
794.656
789.026
786.821
782.099
773.188
767.306
762.035
828
806.828
836
822.174
813.349
807.995
800.275
792.882
750
753.938
754.381
755.942
758.889
761.474
711
727.504
727.337
703
709.291
710.436
709.65
703
706.563
707.611
708.834
711
703
703
704.669
703
705.908
707.517
709.823
712.14
714.479
716.831
695
672
680.537
672
676.298
672
695
702.848
695
701.08
703
701.546
703.013
703.589
702.207
701.634
687
689.808
680
680.023
681.181
680.602
672
675.407
674.953
672
674.111
674.534
680
703
703
711
710.226
688
695
692.673
703
700.951
695
696.864
703
680
685.228
686.413
686.01
685.107
686.236
688
687.659
686.918
688
687.668
687.37
687.069
680
682.128
703
696.591
727
715.043
750
750
745.991
742.521
734
742
737.761
734.401
734
733.993
732.985
732.311
711
695
696.629
694.939
695
696.939
697.979
699.253
700.189
700.909
701.45
701.677
701.756
701.916
701.841
701.929
703.081
703.255
705.432
711
714.708
719.123
722.186
711
711
711.781
712.714
703
695
703
705.054
706.278
705.665
695
711
711
709.231
704.645
726
719
712.287
710.927
714.237
714.373
706.747
696
695
664
669.899
672.485
676.057
676.721
680.494
685.562
742
735.276
726.733
734
735
725.574
727
758
751.874
740.634
738.623
740.131
758
749.137
750
750.107
747.417
744.047
742
739.285
736.553
734.13
731.891
742
739.009
750
746.38
744.939
743.884
743.406
765
758
752.869
750.9
750.523
750.147
748.527
719
734.866
732.036
750
745.429
744.511
812
797
820
805
799.082
820
797
797.794
820
808.178
802.696
804.446
805
800.986
798.852
798.596
796.651
794.416
766
774.502
771.762
769.379
758
762.031
761.398
797
797
796.646
820
817.705
812.554
813.759
813.705
807.749
804.11
867
883
861.075
852.995
848.558
841.929
836
830.547
826.051
822.444
819.109
797
800.036
797.842
828
824.856
851
847.517
842.019
835.746
829.029
860
854.731
847.605
844
851
836
832.687
829.556
804
789
797
800.325
805.73
810.69
817.32
828
831.027
830.213
826.974
824.366
820.11
805
820
828
836
832.937
831.513
829.445
824.051
820.502
817.598
815.139
813.479
813.715
814.558
815.507
828
820
805
828
824.415
823.017
789
789
791.864
793.416
789
792.83
795.6
797.205
797
798.603
801.171
797
800.5
801.143
802.426
801.731
803.843
805.413
804.428
803.477
805.15
804.179
789
766
772.226
766
767.136
773
766
772.106
772.313
774.59
776.541
805
807.257
807.662
789
792.021
791.516
788.569
787.007
786.341
785.402
784.384
783.274
782.921
783.134
783.359
783.625
783.877
784.315
784.255
784.614
781
766
774.714
772.664
773.476
774.623
774.384
775.421
775.166
776.093
776.873
777.675
778.758
851
783.95
785.364
786.138
785.575
828
784.86
786.391
812
799.69
797.089
795.599
794.839
794.033
792.421
766
777.278
774.605
820
820
797
796.563
797.848
796.764
793.571
790.094
788.187
787.818
785.644
783.836
789
788.437
787.407
758
769.902
771.166
772.686
750
762.137
750
742
750
749.752
750.467
752.004
765
766
768.094
771.056
789
788.108
789
788.042
788.488
787.669
758
764.607
766
763.873
764.358
766.829
750
750
751.378
750.253
752.387
750
751.935
758
757.074
757.638
757.913
757.431
757.077
756.942
756.974
757.073
757.742
758
759.742
758
759.923
760.456
760.777
758
750
756.547
750
750
750
750.296
758
750
754.666
754.697
773
766
764.458
764.677
766
781
774.987
772.362
771.617
771.739
758
761.153
760.981
750
755.023
754.811
754.532
727
745.782
744.754
744.16
745.598
758
755.537
754.315
758
750
750
751.759
750.774
749.594
751.772
751.22
750.243
751.93
752.334
751.299
752.631
773
766
761.862
781
774.093
771.083
771.363
769.985
768.887
742
742
719
724.82
724.285
726.361
726
730.783
742
745.506
742
746.18
747.623
748.253
734
719
721.483
719
720.501
722.815
725.374
728.374
731.356
734.378
737.803
750
750
747.369
742.875
738.082
732.936
727.82
724.062
722.335
742
719
719
721.129
722.275
726
725.451
711
715.913
716.989
718.031
717.849
716.855
717.231
718.093
718.42
717.566
727
726.401
726.228
734
733.543
732.874
731.846
774
752.673
746.025
744.59
743.158
739.812
737.421
736.446
735.532
734.475
733.43
732.522
813
747.827
748.969
748.39
747.243
744.091
742.742
741.468
740.199
738.963
738.216
738.336
782
781
761.179
757.271
782
778.163
813
795.99
786.836
782.923
797
796.297
789.859
784.83
781.879
867
833.256
810.445
804.679
806.323
766
773
750
750
749.723
750.872
752.22
719
711
711.739
712.893
714.74
716.822
726
742
749.191
755.895
742
746.406
748.816
750.121
773
758
757.406
750
752.678
751.392
749.246
748.376
766
773
770.304
764.751
760.656
759.54
797
820
810.3
798.391
784.845
778.308
777.98
797
799.074
793.774
783.464
781
781.893
786.097
788.764
805
795.606
787.417
783.227
784.619
788.38
790.364
787.21
883
883
844.756
836.732
929
909.474
906
906
891
884.658
883.486
867
859.581
855.692
859
858.432
828
829.991
832.908
789
781
782.371
784.355
787.084
789.859
793.082
795.945
844
848.747
849.367
851.164
867
869.244
868.961
870.52
871.13
797
810.469
811.601
750
766.076
742
744.197
758
781
789.401
795.52
799.958
803.901
914
914
875
868.472
865.305
854.741
842.005
859
875
867.144
930
976
949.266
931.528
927.609
922.915
913.559
906
914
912.699
906.524
901.675
898.521
894.368
889.628
885.695
882.844
880.614
878.921
879.531
880.444
881.345
953
936.084
928.184
922
911.906
1000
973.929
953.959
947.351
947.737
1000
1000
981.153
961
959.113
967.169
969.417
969
958.884
953.561
955.309
968
977
970.292
963.306
958.899
959.166
961.066
945
944.55
922
927.792
929.849
934.876
936.592
933.19
932.28
922
926.455
928.048
922
924.327
961
961
956.19
953
945
943.841
941.46
930
928.71
929.625
929
914
930
922
923.869
961
954.736
951.147
867
916.362
915.338
912.168
913.702
917.476
918.845
945
938.882
922
928.479
931.237
875
852
857.182
859.183
859.637
865.926
872.077
898
901.416
904.127
907.961
910.253
910.05
908.074
907.989
906
903.043
901.632
898.345
895.896
922
916.84
914.836
912.394
911.655
984
961
947.43
941.324
937.579
936.909
932.754
927.4
922.92
919.346
916.441
906
906.362
867
903.904
897.821
898.114
899.403
900.646
902.138
903.267
903.768
904.138
914
911.325
911.988
913.271
914
938
932.8
922
937
935.636
930
953
946.326
953
945
891
906
904.825
903.472
891
897.425
899.461
899.05
922
924.576
914
917.985
919.373
915.025
913.209
915.958
913.776
910.672
912.604
945
945
934.963
930.863
932.323
931.262
930
926.329
926.497
914
915.737
914.42
913.493
912.809
899
903.695
904.006
930
930.589
961
957.81
951.267
947.2
942.676
953
949.685
944.153
969
969.349
977
970.046
967.02
961
958.427
955.397
945
899
906
906.563
909.834
914.498
918.448
921.312
984
969
976
972.899
922
929.866
928.024
899
907.093
930
898
909.376
915.164
911.022
914.379
919.571
916.023
883
894.963
890
899
914
914.165
914.012
914.607
913.123
911.036
909.682
908.832
828
836
855.994
855.443
836
836
839.317
839.862
842.497
845.211
847.988
844
906
930
924.974
918.117
915.274
911.68
902.924
895.681
889.674
914
914
909.178
852
859
859.984
859
875
874.124
860
860.646
862.449
864.752
864.687
862.27
860.095
860.309
860.578
860.289
859.922
890
895.929
875
876.574
879.293
884.589
883
875
873.582
875.622
914
902.579
894.522
930
883
867
869.003
871.202
874.303
873.44
871.809
870.926
874.295
876.887
758
833.82
750
742
745.231
750
751.311
754.073
727
740.522
742.374
742.674
743.73
744.628
758
757.423
759.615
781
789
789
791.349
793.737
796.217
797.879
799.107
750
762.15
763.861
761.218
750
742
746.17
745.06
746.756
748.452
742
745.495
744.134
744.292
774
769.951
767.709
789
787.893
781
778.575
779.034
777.533
774.856
750
758
758.248
757.044
756.454
719
734.945
735.843
736.484
738.282
739.974
741.305
742.059
742.355
742.732
742.886
742.828
742.679
742.556
672
656
658.084
658.313
663.803
633
650.729
652.721
656.9
662.186
666.946
672.269
677.487
682.576
687.588
797
784.302
775.787
781
777.568
769.515
762.581
756.62
750.987
746.005
742.444
740.246
739.27
738.489
738.108
737.396
750
750
747.675
747.225
745.667
789
779.537
772.028
766.417
760.478
797
791.925
784.027
805
801.866
844
875
855.115
840.292
938
925.426
945
924.302
915.36
918.415
919.232
913.767
908.534
906.432
907.296
891
891.886
892.387
860
866.032
866.856
863.421
862.183
843
860
875
871.422
867
869.151
870.461
870.697
870.761
871.172
871.531
789
856.52
846.768
845.462
813
828
830.214
859
850.141
851.837
854.764
857.384
857.517
867
867
864.582
864.453
865.419
875
869.856
869.613
883
877.244
836
854.587
853.461
820
833.022
835.264
831.997
758
786.776
789.666
786.193
789.912
795.818
797.087
800.274
803.238
844
839.029
836.764
813
821.186
822.65
818.365
815.285
818.707
820.527
817.821
805
810.382
812.869
811.163
806.893
808.868
750
780.699
778.518
777.15
777.852
780.309
781.073
750
766.739
766
805
796.754
795.455
798.474
800.178
800.109
799.546
799.716
799.899
799.625
799.054
798.874
798.887
798.762
805
802.402
803.004
802.457
802.807
803.172
802.465
801.952
820
814.28
812.385
811.109
810.95
810.075
774
811.639
799.882
799.389
799.072
812
803.628
797
820
809.334
807.337
809.062
820
810.962
809.564
797
804.788
789
795.731
796.706
795.654
796.138
797.574
798.215
798.827
799.576
800.316
800.056
800.832
800.689
813
807.468
828
820.685
819.308
805
828
821.228
819.477
818.487
836
875
867
860.372
853.373
849.444
849.04
828
826.612
781
766
765.933
766.842
770.805
775.887
781
781
785.446
788.482
791.803
797
801.282
820
826.896
831.711
834.163
836.222
837.313
859
844
843.929
844
828
828
825.408
836
834.129
832.119
830.293
829.204
828.214
826.595
813
820
816.491
814.778
815.285
815.058
804
808.123
789
794.992
789
789.65
789.538
797
796.557
799.893
803.059
805.758
808.831
811.243
813.406
815.556
774
794.279
789.972
789.108
791.062
792.572
793.622
789
792.845
792.042
793.517
792.57
766
773
758
761.394
762.432
761.059
766
764.908
789
784.452
787.424
788.194
788.74
788.983
789.35
789.547
789.097
789.859
789.365
789.767
789.447
789.535
789.54
758
770.287
767.937
797
805
802.953
802.568
801.279
799.176
735
757.675
750
742
745.767
750
735
743.565
750
749.938
753.909
756.319
758.193
735
765
758.037
758
750
754.864
754.548
758
754.652
756.636
756.995
781
772.406
769.988
774
772.254
770.453
781
775.666
773.384
773.016
766
781
774.842
781
776.974
776.466
758
767.72
765.757
773
769.625
769.924
770.889
742
759.078
756.836
756.768
805
790.06
787.866
788.196
821
810.062
806.022
803.74
803.633
803.073
799.897
797.437
821
813.754
810.086
807.374
808.06
808.495
883
851.259
840.118
844
840.751
839.006
835.435
906
899
874.335
898
892.925
887.501
882.962
877.779
874.975
872.161
852
854.705
851.858
836
839.159
836.642
837.296
837.469
837.887
844
820
844
840.831
828
836
835.119
820
826.882
825.49
826.299
827.192
828.045
828.98
828
831.009
830.796
832.994
832.552
820
828.773
827.525
827.154
827.838
827.766
828.968
828
829.723
851
830.705
834.666
834.488
833.818
832.744
836
832.766
834.263
833.283
832.847
812
835.773
824.28
825.203
825.897
813
827.62
821.688
822.074
822.917
822.602
823.577
823.277
824.292
824.021
844
833.416
833.195
834.078
834.583
945
840.922
953
825.384
831.201
835.751
833.987
832.686
833.636
834.605
834.451
835.5
834.791
836.103
835.553
836.79
961
961
854.185
856.761
858.325
856.076
853.473
851.664
992
969
912.652
896.173
992
959.097
961
931.941
923.992
927.329
927.149
918.07
922
919.571
1008
973.731
945.669
937.253
937.496
977
958.145
941.147
934.314
867
875
881.269
885.61
886.193
984
1000
974.98
965.724
961.035
951.789
941.539
932.712
925.618
919.653
914.769
911.458
909.911
1015
990.695
977.839
969.353
1031
1047
1021.25
1005.32
1001.37
997.694
1023
1000
989.558
986.994
986.511
981.188
953
953.565
955.81
959.471
959.492
957.548
953
961
984
981.964
976.712
971.772
972.377
976.313
978.279
974.227
961
962.964
965.291
953
955.518
977
984
961
964.353
969.729
972.287
844
933.872
883
889.594
890.013
961
946.911
941.605
941.781
947.272
949.691
949.061
948.534
950.393
951.916
951.696
951.089
951.423
952.27
952.555
952.493
977
967.213
966.48
966.739
992
982.236
977.881
977.841
977.512
974.489
970.925
967.916
965.588
964.898
969
968.24
967.826
938
962.311
958.319
958.008
957.633
958.326
937
947.637
947.309
946.867
946.531
947.42
948.359
1000
985.828
982.911
981.853
983.18
982.984
984
980.656
978.753
978.056
953
960.641
961
957.767
958.193
958.498
958.936
957.875
958.046
938
953
949.173
947.827
953
951.762
952.681
952.595
953.35
953.266
954.231
954.669
955.962
956.213
957.61
958.021
959.256
959.848
960.493
960.45
961.238
953
961.137
954.805
992
977
971.139
937
953.327
952.11
945
950.44
951.614
950.749
992
961
953
956.512
956.705
961
957.99
957.194
930
947.064
943.795
942.879
943.2
943.468
944.932
961
992
984.006
977.589
973.784
972.68
973.2
970.876
966.212
962.223
959.405
984
969
966.76
965.518
968
967.635
966.263
964.598
964.044
953
955.465
984
979.122
976.2
973.269
971.169
984
981.8
978.436
975.587
975.282
976.286
914
958.027
953
950.105
949.256
950.397
953.128
953.451
953.416
954.428
955.878
956.082
922
940.865
930
932.477
931.144
992
974.011
971.311
973.044
1031
1012.8
1005.83
1002.96
1002.15
1000.83
997.051
984
1016
992
992.958
1039
1023.53
1017.78
1039
1031.63
1000
984
988.606
985.808
977
984
969
972.195
953
958.181
977
974.732
1000
1004.88
984
990.554
946
954.111
955.175
955.637
959.193
962.217
964.95
966.884
968.583
970.699
898
921.483
923.72
922.849
945
947.264
898
917.714
920.338
918.245
953
948.774
969
964.942
977
973.037
1000
992
988.827
988.471
983.48
982.845
979.526
978.44
976.664
992
986.334
992
990.464
990.816
990.911
946
964.502
958.98
956.164
956.206
956.297
956.887
956.54
961
960.4
961.875
962.29
963.146
963.585
968
967.287
969.303
970.577
971.698
973.01
973.615
969
969
970.642
971.602
970.67
1000
993.042
988.784
987.832
985.412
982.289
981.062
979.435
978.345
977.868
1023
1016
1015
1008.89
1004.78
1001.33
1008
1004.91
1000.97
997.634
1000
999.113
997.606
995.502
993.811
1008
961
992
988.981
988.78
989.208
989.804
992
984
1008
1001.13
969
977
979.151
961
968.864
970.361
969.134
969.624
971.464
972.726
973
974.583
974.622
875
950.171
940.777
898
920.512
922.068
917.031
921.163
924.763
914
920.752
923.488
924.119
926.6
928.875
931.693
934.388
936.808
939.413
941.965
944.382
946.815
937
930
936.023
946
940.831
938.929
940.356
941.685
940.39
961
954.845
950.494
969
962.218
954.809
955.371
992
953
954.983
969
976
963.159
963.106
966.227
963.027
957.697
958.644
960.386
1000
985.363
979.928
977.676
978.2
977.09
973.383
1000
990.931
984.278
982.257
977
969
968.281
961
960.388
953
954.226
954.962
969
953
976
975.163
975.347
975.008
961
945
930
929.873
929.432
931.629
935.077
939.605
944.715
949.793
938
953
953.308
955.175
956.615
957.629
958.754
969
945
950.178
949.873
947.797
947.769
947.341
948.012
945
946.062
945.541
945.869
1000
969
966.565
964.54
961
961
959.557
968
963.001
961.526
961.226
961.058
930
961.799
952.338
951.48
951.063
952.272
969
962.719
976
970.948
969.824
970.561
969.718
968.555
966.886
965.922
965.151
964.907
964.721
964.3
964.299
964.298
964.318
964.497
964.602
965.304
965.328
965.338
965.528
992
977.489
1000
984
983.206
961
967.124
976
977
975.25
972.89
972.253
974.177
974.623
973.809
971.794
970.863
992
984.458
981.535
979.34
978.916
979.368
978.943
976.478
975.918
945
964.783
945
949.706
950.013
949.864
950.608
969
964.899
969
968.699
970.562
971.568
972.167
972.413
972.595
1000
1000
997.346
994.897
993.675
994.811
993.968
1000
996.725
995.198
995.522
969
976.292
973.593
972.317
971.086
970.276
970.907
984
977
978.633
978.766
978.46
978.062
977.627
977.197
984
1000
969
977.15
992
989.264
1000
996.87
1000
999.006
998.29
997.866
1000
998.192
997.566
997.103
996.834
985
1023
1009.16
992
994.335
995.58
995.217
992
961
972.995
922
944.202
942.369
941.75
937
941.945
942.609
944.173
1008
996.332
996.467
998.253
999.686
999.378
998.219
946
961.976
891
902.73
914
919.876
928.982
945
977
984
981.652
977.213
969.259
959.532
1000
993.748
982.903
977.054
973.559
965.658
959.421
969
966.012
965.758
965.383
965.472
965.021
963.744
984
978.99
975.029
969
992
988.435
985.447
982.449
979.687
969
967.503
968.242
968.034
966.986
967.454
968.467
969.768
969
967.186
961
964.748
964.588
965.728
965.293
1008
986.119
984.352
984.805
984.284
980.975
978.675
992
990.328
961
968.874
970.68
971.561
969.585
969.2
971.869
973.718
972.45
971.107
971.743
973.523
972.457
977
974.873
974.547
992
977
978.581
979.199
978.942
977.756
1000
990.343
985.613
985.378
986.284
983.278
982.599
1000
977
979.467
980.864
985
992
986.871
986.941
987.282
992
989.168
1008
998.154
996.36
1023
1011.28
1008.16
1007.4
1006.5
1000
1000.75
999.774
992
1008
1002.21
1001.43
1001.46
1001.03
969
988.607
986.004
985.603
883
977.567
966.201
961.27
963.315
965.642
966.303
967.366
992
969
992
986.553
976
981.756
982.764
979.959
980.488
982.018
982.45
1016
1002.87
992
995.159
998.507
995.592
995.355
993.225
992.885
977
976
969
968.817
968.374
969.2
1008
1002.84
1000.74
1000
1000
993.204
988.452
984.737
984
982.835
953
960.849
961.529
977
983.812
977
992
995.528
1016
1054
1063
1052.54
1062
1057.29
1039
1032.45
1047
1043.06
1035.99
1033.19
1031
1055
1050.29
1043.42
1040.72
1041.62
1040.42
1036.99
1000
1005.92
1015
1015.38
1000
1008
1023
1025.15
1008
1012.3
1016
1016
1031
1030.16
1016
1020.4
1024.37
1024.03
1017.49
1017.25
1021.07
1023.13
1017.62
1016
1020.88
1023.36
1031
1018.85
1000
1007.7
1013.65
1017.31
1009.71
1006.98
1013.93
1021.52
1017.17
1006.13
1009.79
1000
1039
1047
1030.58
1023.32
1039
1041.84
1035.24
1008
984
991.459
998.29
1004.68
1047
1041.34
1032.51
1029.48
1024
1017.44
1016
1010.81
1006.31
1000
997.732
997.984
1023
992
1000
1001.97
1004.6
1004.82
1002.58
984
989.096
992
1000
998.633
996.379
996.685
997.826
997.881
996.765
813
961.319
844
887.434
883
884.848
945
945
961
938
953
958.218
959.202
959.961
960.679
961.541
961
930
942.482
942.545
953
948.483
948.326
950.923
952.664
976
971.163
968.418
969.086
970.587
992
985.457
979.614
976
974.457
973.014
970.516
967.814
969
968.353
967.426
966.549
965.853
965.948
961
962.379
961.863
961.469
953
957.383
969
968.099
992
1000
994.597
991.851
1039
1034.77
1026.38
1018.09
1013.19
1014.06
1031
1027.37
1018.58
1014.26
1016.34
1019.14
1017.09
1070
1047
1039
1035.35
1036.03
1036.75
1033.07
1078
1031
1032.01
1032.41
1047
1086
1072.24
1047
1042.55
1016
1020.77
1023.04
1025.73
1026.53
1025.38
1023.7
1022.37
1016
1015
1008
1009.61
1000
1001.64
1000.16
984
989.037
977
992
992
993.893
997.661
999.22
992
995.817
996.222
985
992
988.874
985
987.377
1000
996.351
998.487
969
988.517
961
972.223
971.94
977
984
983.076
985
986.12
986.977
986.95
987.721
987.377
968
978.54
974.909
974.632
975.808
975.483
976.764
976.72
984
981.614
961
974.421
961
966.065
985
975.096
975.39
969
973.189
969
971.25
961
967.844
966.46
966.27
992
969
973.159
1008
991.605
1039
1015.94
1031
1039
1032
1028.92
1027.62
1025.34
1022.93
1020.31
1019.38
1031
1026.3
1031
1055
1078
1055
1078
1074.18
1055
1058.32
1055
1051.18
1047.19
1047
1044.03
1041.92
1039
1016
1023.08
1022.36
1024.79
1028.36
1047
1052.12
1051.83
1051.75
1016
1027.06
1024.99
1016
1078
1072.08
1068.66
1070.18
1063.58
1056.19
1051.17
1043.8
1036.75
1032.12
1028.53
1026.96
1109
1094
1085.44
1078.88
1070
1047
1037.41
1030.41
1025.87
1026.55
1028.6
1031.11
1071
1079.12
1072.18
1102
1100.91
1078
1071.75
1094
1086
1102
1093.95
1087.69
1085
1109
1078
1078.94
1086
1083.15
1094
1089.46
1087.12
1087.24
1102
1097.82
1094.27
1109
1055
1067.45
1068.64
1068.51
1117
1070
1039
1048.51
1051.93
1053.45
1055.59
1057.66
1059.74
1061.83
851
959.815
958.223
852
929.672
926.954
883
904.699
914.221
914
916.972
921.587
922
898
860
882.808
883.516
922
920.734
930
934.26
938.278
940.749
942.43
922
931.003
914
915.191
922
937
930
927.837
976
964.853
922
928.156
922
916.485
913.896
961
954.018
992
978.296
970.815
964.538
955.262
945.752
899
908.275
909.897
911.821
915.217
919.807
961
992
979.733
971.09
1008
1004.43
990.913
983.239
981.468
922
890
852
849.515
849.214
914
949.575
965.29
972.251
972.084
992
989.599
980.131
961
953.968
961
960.1
955.088
950.468
947.313
961
984
984.326
969
965
930
929.191
929.279
929.423
977
975.624
970.246
963.453
958.629
957.81
958.677
958.15
954.556
950.031
948.361
950.342
952.789
954.202
953
969
970.272
967.904
962.583
945
930
945
951.298
953
953
961
962.504
959.894
984
969
965.352
965.688
966.054
961.492
957.872
956.365
883
883
890
891.716
938
951.889
954.446
956.532
957.894
955.576
951.779
948.174
1023
994.155
987.124
1000
1000
993.295
989.42
986.461
982.59
979.073
976.29
977
974.676
973.357
992
986.585
983.283
984.286
982.167
980.778
978.58
977.392
976.486
992
987.181
984
985.242
985.531
984.015
983.707
1047
993.033
994.018
993.969
992.526
1039
1007.57
1004.33
1016
1011.47
1008.84
1008.47
1016
1062
1039.75
1031.98
1047
1024
1027.47
1027.05
1023.42
1020.35
1018.66
1008
1010.19
1008.71
1006.74
1006.62
1016
1013.66
1016
1015.61
1016.33
1015.79
1014.97
1016
1015.3
1014.69
1014.87
1008
1011.04
1010.11
1010.72
1011.4
992
1000
992
993.839
993.672
994.513
995.566
992
995.348
995.027
995.915
996.327
997.098
992
995.846
995.211
996.257
996.396
836
828
917.846
836
897.315
883
888.222
895.275
896.125
922
922
923.414
926.62
928.301
929.511
930.386
931.241
932.025
932.83
933.792
934.889
937
938.34
940.307
942.425
944.625
946.655
948.898
951.101
953.14
797
825.362
861.04
781
836.345
750
800.093
799.644
799.253
803.345
726
760.708
763.352
711
719
726.204
726.4
728.01
730.655
726
730.333
732.285
734.025
736.166
711
719
721.246
722.862
723.991
734
766
762.732
763.807
828
814.21
801.131
796.142
790.74
828
815.856
789
791.526
796.924
742
746.714
711
719
719.245
711
703
706.787
708.748
711
712.833
703
706.366
703
704.359
704.761
705.667
711
703
707.682
709.825
712.507
714.887
717.378
703
713.276
714.682
716.643
695
710.916
709.58
708.997
672
690.267
692.958
689.875
687.795
664
664
669.483
671.222
669.898
711
710.985
704.375
711
713.924
719
718
703
707.172
707.102
700.401
696.845
703
701.723
672
680.51
683.646
681.926
678.867
684.327
685.799
682.403
681.653
684.434
859
730.688
722.512
859
770.479
743.129
844
789.563
875
821.675
805.333
805.636
899
842.119
822
822.81
824.269
953
887.231
859.601
856.549
855.991
849.861
875
862.653
855.023
852.119
848.525
843.93
839.311
961
898.741
984
934.925
918.1
945
925.403
913.667
909.91
904.361
922
910.086
922
945
922
953
944.548
941.508
941.7
939.582
938.687
977
960.451
955.249
955.444
954.159
951.707
947.956
984
969.334
964.752
929
938
938.611
935.675
1086
1094
1020.11
1014.14
1006.98
1008
1000.05
993.889
989.153
985.639
982.474
979.16
969
953
955.296
954.181
954.123
955.052
961
961.109
962.847
828
916.402
789
857.187
781
766
772.533
797
789
794.412
799.817
804.442
807.946
828
827.637
830.182
833.779
774
802.114
802.923
801.955
774
804
802.858
802.861
844
838.598
838.002
839.264
839.342
797
808.011
820
836
852
937
907.552
891.986
885.129
873.202
945
923.406
906.354
875
867
863.375
844
839.258
838.211
812
814.836
815.348
816.752
819.194
821.735
824.426
875
882.83
880.207
906
905.298
896.313
828
828.974
828.341
831.33
834.424
839.817
846.06
875
883.628
875
869.712
864.6
856.884
850.592
846.245
842.97
840.498
839.544
839.25
937
906.869
883
875
864.873
851
845.918
843.311
843.054
843.93
845.61
846.269
867
870.399
866.276
859.944
867
865.582
860.832
856.842
855.03
853.585
937
969
922
904.413
896.241
886.397
852
867
866.513
869.757
867
875
876.405
875.265
871.991
868.742
866.38
863.854
861.384
860.698
860.652
860.534
890
886.258
883
898
894.322
888.518
852
860.84
859.379
875
877.881
876.009
877.505
969
925.538
913.256
910.914
905.485
895.999
883
879.281
877.034
874.828
875
875.328
930
906
897.794
1000
955.482
933.269
922
906
896.693
892.05
883
880.33
890
883
922
917.541
930
914
909.377
905.139
898.017
893.714
890.617
888.846
888.625
906
902.588
914
912.17
909.625
906.033
902.361
901.333
898.8
896.777
914
911.78
910.491
909.004
922
883
898.706
898.152
898.118
898.92
891
897.218
906
901.85
900.744
901.6
906
903.553
902.269
904.291
905.286
903.027
904.232
867
895.561
844
851
844
846.235
836
841.936
843.24
843.737
845.552
828
844
840.843
841.775
843.543
906
893.097
914
909.554
909.277
909.863
852
866.237
859
856.243
857.854
828
828
829.163
830.331
832.804
835.144
837.274
883
878.065
875.753
874.062
871.673
868.32
859
855.929
853.084
850.468
850.357
850.551
852.123
859
852
906
961
937.742
921.213
911.693
902.902
893.522
885.044
878.547
873.406
836
839.344
837.041
844
851.998
860.152
866.682
871.584
844
859
844
842.875
843.307
842.337
843.123
922
908.296
899.241
891.005
867
867.53
864.482
861.511
875
867
844
851
849.723
848.555
875
870.03
868.44
866.485
863.226
930
903.367
890
886.547
882.681
875
869.496
844
847.091
844.911
846.622
850.458
855.39
859.728
862.756
863.961
864.019
862.46
859.6
930
896.226
906
898.022
892.732
888.723
884.513
883
906
930
922.589
891
887.782
889.055
890.862
891.635
889.568
886.234
883.179
945
922.67
912.497
898
897.379
899.601
900.134
896.13
844
861.838
864.412
871.559
871.876
866.072
864.944
869.911
876.193
876.991
870.796
868.074
871.3
883
881.595
877.018
914
891
885.088
906
905.727
900.789
867
875
879.562
867
867.598
869.681
873.417
872.056
914
903.305
883
875
878.024
880.073
876.931
828
842.526
848.591
851.477
847.201
851.087
797
814.398
797
800.267
801.78
803.973
807.249
859
875
883
877.777
875.217
859
852.818
847.358
836
834.325
834.787
813
816.103
816.518
818.159
836
836
838.17
838.303
836.537
834.114
831.616
829.771
827.679
844
851
844
842.822
844
843.384
875
867
875
871.386
868.668
867.107
864.913
862.263
859.494
856.887
854.541
853.508
852.882
852.362
851.814
851.435
851.597
851.513
851.67
851.692
875
868.167
844
848.987
828
836
836
836.381
837.987
891
883
879.652
890
852
867
863.833
836
847.66
846.27
828
821
825.115
824.304
836
867
866.553
861.324
859
853.297
845.375
844
875
868.323
859
859.71
898
887.38
878.159
1008
978.719
969
930
923.23
917.384
908.448
901.024
895.752
893.239
883
880.368
879.362
878.457
878.618
880.027
881.449
844
859
856.586
844
848.383
849.15
850.439
851.451
853.322
854.771
856.178
857.943
852
859.542
859
844
867
861.634
875
870.884
871.391
872.426
828
852.566
848.738
883
872.913
870.26
871.013
984
931.623
977
969
954.412
969
959.566
951.879
948.362
944.345
941.645
938.592
984
969.528
963.808
964.259
964.938
963.226
961.029
959.275
899
906
903.413
900.625
901.515
903.037
904.007
904.816
905.572
906.547
908.091
908.864
890
891
891.598
892.353
906
907.491
910.48
913.231
915.707
867
891
888.179
887.087
945
936.417
932.955
931.678
927.156
921.618
917.72
906
891
875
876.164
876.685
878.689
860
866.94
865.153
865.455
867.112
914
906
891
883
882.982
880.216
879.764
880.387
880.352
930
927.665
922.62
919.077
898
895.226
892.923
889.505
885.986
882.97
881.697
880.474
880.008
879.842
880.073
879.916
945
914
930
925.71
922
914
922
914
908.708
937
930
924.361
922.371
922.89
920.039
917.108
916.111
915.14
913.704
912.339
911.784
844
915.038
899.847
898
898.125
899.628
899.751
1039
1000
983.017
973.614
969.671
966.894
961.072
955.263
950.331
945.741
942.98
899
909.551
976
953.173
946.936
942.051
940.163
940.058
938.332
1031
982.005
968.102
963.852
1000
987.657
979.529
974.385
972.037
974.042
973.304
969.03
1047
1015.08
998.823
1039
1028.94
1020.07
1014.53
1012.29
1008.12
1002.51
998.785
995.994
1008
1002.66
999.079
1031
1021.68
1047
1031
1028.68
961
995.8
992.359
969
977.954
980.441
978.978
1000
996.869
998.561
1001.18
1001.37
1015
1011.4
1011.52
1012.02
1011.03
1010.71
1009.41
899
906
967.535
961.776
967.415
975.136
974.053
976.635
979.075
945
963.524
960.028
957.062
984
969
972.937
974.835
970.79
953
922
932.648
914
917.987
920.351
921.991
924.591
926.771
929.042
968
946
949.021
949.492
947.653
947.502
947.256
947.43
947.06
946.912
947.029
930
936.748
934.31
933.136
937
935.654
937.353
937.664
938.154
937.382
937.448
984
945.903
947.148
961
956.72
937
914
883
883
884.347
888.064
953
961.563
960.843
960.527
984
983.526
975.826
970.958
992
989.247
1016
1015
1024
1018.48
1013.02
992
989.199
984.844
980.487
953
955.905
954.116
953.029
953.929
954.11
955.66
956.476
976
969
971.821
973.29
973.974
961
964.948
963.49
963.001
963.162
963.33
964.842
965.196
967.022
968.532
970.382
971.629
992
989.704
987.209
1008
1000
997.406
996.571
995.004
994.139
938
969.042
965.859
964.978
967.356
969.716
969.165
961
966.508
965.504
964.517
964.902
965.372
965.166
965.861
965.315
966.937
965.595
967.411
930
966.922
914
906
913.619
906
909.239
911.125
961
948.956
950.593
953.153
955.14
953
954.827
954.346
954.798
930
953
976
964.805
945
950.069
951.945
953
949.301
948.07
976
967.483
953
952.737
955.97
953
961
956.803
922
930.53
934.225
922
925.545
928.335
914
930
930.662
953
947.121
946.653
949.07
948.327
953
949.936
953
961
957.805
953
953.776
938
942.041
940.157
937.881
939.199
938.911
867
836
844
875
884.463
894.077
836
855.616
857.151
856.783
906
914.255
937
930
930.221
930.909
922
914
910.55
906.772
789
773
780.607
782.783
774
784.502
794.013
801.411
758
775.099
776.385
776.159
777.807
779.173
780.619
781.92
783.144
784.566
786.244
788.276
791.812
795.179
799.349
803.021
805
808.137
810.284
812.647
813.346
820
818.491
816.998
815.704
814.462
813.712
812.881
992
879.062
856.69
922
880.88
922
945
917.464
945
946
936.428
935.789
937.052
937.473
961
954.982
969
967.587
1008
992
988.48
990.2
988.447
1016
1000
1031
1016
1012.59
1013.05
1009.87
1009.24
1005.97
1031
1023.45
1019.05
1023
1021
1021.69
1021.17
992
1000.99
997.173
993.971
1015
1008.66
961
981.271
992
988.48
991.436
930
953.452
955.092
1016
1031
1023.99
1022.67
1023.79
1016.5
1010.86
1055
1055
1070
1078
1086
1077.24
1069.02
1064.22
1057.64
1050.84
1045.35
1117
1100.14
1088.63
1081.9
1125
1116.45
1105.69
1094
1092.34
1088.67
1082.68
1125
1115.14
1117
1109.81
1105.88
1103.47
1097.93
1092.26
1087.74
1102
1086
1101
1097.31
1094
1093.1
1093.35
1092.41
1055
1072.73
1086
1082.84
1084.89
1087
1086.17
1087.43
1087.96
1087.36
1133
1120.18
1164
1172
1156
1156
1154.92
1150.72
1148
1144.73
1142.18
1140.49
1164
1157.72
1155.87
1133
1137.55
1039
1047
1060.92
1065.07
1071.09
1055
1065.7
1068.17
1069.47
1023
1031
1024
1024.65
1026.01
1027.84
1031.61
1035.19
1038.97
1042.72
1031
1055
1057.78
1031
1039
1041.67
1039
1042
1044.43
1016
1026.64
1028.67
1027.47
1047
1047
1044.28
1055
1051.85
1070
1060.66
1056.54
1047
1070
1055
1078
1086
1076.45
1074.11
1074.58
1101
1094
1087.32
1084.06
1084.59
1084.85
1082.12
1079.17
1077.83
1076.46
1075
1073.72
1072.63
1071.98
1071.51
1172
1105.91
1099.88
1098.27
1096.73
1093.56
1091.24
1203
1172
1137.63
1195
1180
1172
1172
1165.58
1195
1181.31
1173.3
1164
1165.94
1165.25
1161.65
1159.71
1159.6
1159.35
1158.71
1157.73
1157.09
1164
1160.49
1160.42
1180
1173.97
1170.27
1169.8
1167.89
1117
1174.41
1071
1109
1140.64
1129.9
1130.37
1133.35
1136.22
1138.36
1055
1085.39
1087.04
1082.18
1084.55
1047
1066.72
1068.16
1064.86
1047
1031
1043.03
1042.96
1042.48
1062
1039
1016
1029.79
1031.81
1031.32
1031.21
1034.56
1078
1086
1094
1086.98
1085.55
1089.3
1089.88
1083.29
1077.78
1076.5
1074.14
1070.36
1066.28
1062.6
1060.13
1057.86
1055.88
1078
1075.01
1074.77
1072.13
1070.56
1140
1121.16
1108.01
1101.29
1164
1146.43
1127.37
1120.07
1156
1180
1133
1127.98
1138.12
1133
1124.19
1118
1140
1142.62
1131.97
1123.56
1156
1153.78
1142.42
1132.96
1136.44
1141.41
1164
1156
1141.31
1141.45
1150.32
1146.7
1135.2
1148
1152.03
1156
1110
1117.41
1125.35
1149
1140.6
1131.64
1149
1154.83
1156
1140.59
1211
1164
1151.04
1153.66
1188
1234
1197.84
1180.19
1179.78
1195
1187.4
1173.81
1167.78
1173.34
1177.18
1170.78
1160.14
1157.79
1203
1172
1166.99
1164.27
1167.88
1170.43
1166.13
1161.88
1163.58
1165.94
1102
1078
1080.32
1141
1153.02
1151.71
1125
1135.32
1142.39
1145.22
1138.65
1138.08
1143.64
1117
1120.15
1125
1127.17
1123.58
1121.8
1125.71
1128.67
1125.09
1121
1123.18
1125.28
1122.16
1117.75
1117.44
1119.12
1117.13
1114.42
1114.57
1116.03
1117.54
1117
1118.65
1078
1047
1082.73
1087.79
977
1054.42
945
922
927.388
985
978.54
982.847
993.319
1039
1047
1051.17
1054.79
1039
1045.85
1048.71
1047.9
1046.92
1046.52
1047.14
1047.53
1031
1033.02
1033.35
1055
1050.07
1047
1046.8
1046.69
1039
1047
1042.83
1038.86
1035.83
1032.9
1031.53
1030.54
1000
1015.53
1039
1037.38
1035.02
1038.97
1040.96
1037.65
1038.52
1008
1023
1008
1009.74
1010.33
1009.75
1010.97
1011.89
1055
1048.28
1047
1047.06
1046.03
1043.85
1041.73
1047
1043.89
1125
1103.78
1091.51
1085.87
1079.32
1074.18
1070.28
1188
1137.76
1172
1148.32
1139
1135.65
1131.43
1126.64
1156
1164
1152.92
1146.78
1145.56
1145.84
1144.33
1063
1078
1077.85
1055
1101
1097.61
1098.85
1102.63
1032
1053.59
1054.81
1051.93
1055.69
1061.43
1061.6
1064.9
1067.2
1069.38
1071.23
1072.9
1074.53
1076.14
1077.85
1079.88
1008
1038.52
1036.04
1033.94
1037.57
1040.1
1042.29
1044.76
1047.06
1008
1029.81
1028.63
1028.97
1032.47
1032.12
1035.75
1037.57
1040.08
1042.24
1044.64
1047.01
1049.42
1051.81
1054.11
953
978.644
1016.13
875
939.804
943.005
939.14
942.817
797
843.483
851.24
849.567
852.168
836
851.591
854.936
867
867.438
870.536
873.676
876.099
961
1000
998.734
997.468
1023
1025.51
1024.24
1016
1014.81
1014.07
1012.8
1011.53
1007.73
1007.25
1007.33
1007.13
1006.78
1002.83
1109
1094
1125
1094
1081.83
1078.65
1073.29
1064.83
1056.88
1024
1021.9
1019.06
1017.18
1019.1
1020.77
1032
1035.03
1037.79
1039.47
1062
1064.85
1078
1074.85
1069.49
1064.5
1059.27
1054.19
1050.07
1133
1117
1108.3
1101.39
1096.14
1102
1096.59
1125
1125
1115.95
1109.82
1107.95
1107.55
1039
1060.1
1008
1012.56
1011.07
1039
1047.74
1056.37
1062.69
1066.67
1047
1051.86
1051.86
1048.87
1048.24
1039
1055
1031
1038.47
1039.91
1008
1019.66
1019.91
1020.11
1022.95
1025.02
1024
1027.1
1024
1027.26
1039
1035.39
1035.31
1034.94
1035.36
1035.35
1035.34
1035.74
1036.05
1036.51
1024
1039
1062
1052.51
1049.7
1047.71
1070
1039
1055
1052.46
1050.4
1047
1055
1052.46
1051.61
1051.11
1051.31
1051.04
1094
1075.69
1071.64
1102
1092.3
1088.2
1086.72
1085.48
1082.77
1109
1099.67
1095.63
1095.03
1095.34
1094.1
969
914
985.568
1007.49
1023.79
1038.16
1047.19
961
1039
1047
1078
1068.7
1069.42
1039
1043.06
1043.54
1024
1026.25
1039
1034.24
1033.26
1035.74
1036.72
1078
1067.69
1062.18
1086
1077.37
1071
1067.89
1070
1064.47
1055
1086
1075.76
1069.04
1070.12
1069.61
1065.09
1061.93
1063.28
1078
1069.48
1066.31
1067.36
1067.57
1065.02
1062.38
1061.75
1055
1070
1068.29
1065.88
1063.77
1066.42
1039
1060.76
1047
1086
1078
1074.01
1072.67
1072.7
1072.26
1071.57
1078
1078
1075.92
1075.19
1074.77
1074.93
1074.57
1074.17
1073.81
1055
1070
1065.06
1064.79
1064.81
1039
1058.68
1031
1043.06
1042.84
1039
1040.46
1041.85
1055
1050.48
1052.55
1054.13
1055
1055.67
1056.35
1057.09
1102
1090.48
1088.06
1156
1141.04
1134.57
1129.76
1125.78
1123.32
1119.92
1116.72
1114.23
1112.83
1111.4
1047
1055
1053.08
1054.72
1057.34
1059.39
1061.82
1063.4
1064.63
1065.66
1066.57
1023
1032
1023
1023.93
1055
1039
1046.24
1048.66
1051.57
1016
1030.28
1030.75
1031.71
1034.86
1000
1013.6
985
984
986.13
988.262
953
966.409
968.37
970.412
973.634
976.697
980.183
983.635
986.963
990.103
992.934
797
904.1
901.142
828
813
827.252
851
844
875
877.086
914
922
906
916.182
922.289
922.621
922.335
923.444
924.814
984
972.854
968.533
967.267
967.652
967.774
966.598
1000
1008
1023
1017.86
1011.52
1011.33
1031
1025.75
1017.02
1012.31
1023
1016
1011.54
1015
969
976.581
975.139
972.469
972.178
972.262
972.77
1094
1053.13
1039.54
1034.85
1032.14
1025.44
1063
1052.99
1044.41
1101
1083.39
1063
1063.34
1094
1086
1076.2
1074.25
1109
1098.49
1089.89
1086.48
1087.67
1086.61
1082.74
1079.03
1102
1148
1141
1124.65
1172
1165.85
1157.36
1117
1120.71
1126.01
1120.92
1156
1148.17
1139.95
1137.47
1137.94
1134.82
1130.62
1180
1171.65
1160.36
1154.64
1153.94
1149.94
1144.46
1139.93
1136.34
1132.61
1129.42
1133
1132.83
1164
1161.17
1187
1181.67
1133
1133.79
1133.35
1094
1125
1123.41
1125.38
1125
1078
1055
1070
1071.97
1076.17
1083.16
1089.13
1093.47
1097.56
1070
1047
1053.37
1031
1035.57
1037.2
1038.78
1042.58
1102
1114.41
1114.41
1112.93
1112.96
1107.36
1133
1132.06
1164
1164
1152.47
1145.82
1164
1162.28
1117
1119.84
1121.73
1149
1142.68
1134.47
1117
1119.85
1124.25
1125
1039
1064.75
1000
1015
1015.86
1019.19
1023.61
1028.27
976
938
943.854
944.181
948.458
951.056
1000
1014.76
1027.45
1035.46
1044.47
1052.45
1056.37
1016
1022.76
1024.57
1023.94
1023.88
1024.18
1094
1086.34
1071.37
1060.29
1056.49
1048.49
1172
1122.26
1094.23
1141
1131.03
1116.98
1117
1164
1144.95
1129.81
1126.41
1128.16
1122.35
1125
1125
1121.62
1094
1098.19
1097.92
1095.01
1164
1143.01
1156
1147.94
1141.74
1137.16
1125
1119.71
1164
1154.67
1148.12
1145.19
1148
1142.64
1137.25
1133.51
1102
1108.81
1156
1149.02
1144.05
1142.62
1138.09
1132.6
1133
1129.75
1102
1107.25
1164
1155.13
1094
1105.94
1116.3
914
1011.73
1009.47
883
914
923.298
922.572
961
964.418
984
989.291
993.849
1008
1010.35
1012.83
1016.12
1018.75
1020.75
1022.26
1023.62
977
1000
992
991.26
991.439
984
988.805
985
984
985.69
984.925
987.019
987.806
986.408
986.185
985
985.369
984.349
969
978.776
976.219
974.783
969
973.479
972.305
974.534
985
937
983.733
974.295
974.058
867
960.998
951.946
946.245
945.421
947.942
860
906
904.596
938
953
984
976.18
973.188
1008
1003.11
997.922
994.842
1071
953
975.265
979.866
984
972.763
975.824
1055
1062
1034.76
1024.67
1026.08
1022.65
1013.93
1008.32
969
976.519
973.375
977
973.678
973.089
975.766
961
964.426
965.568
965.451
1000
995.825
993.794
993.366
995.386
992.373
988.676
985.521
983.459
982.034
1078
1094
1075.35
1102
1092.73
1086
1117
1110.98
1117
1148
1143.04
1137.96
1137.15
1137.77
1136.26
1133.08
1130.27
1128.53
1127.12
1126.27
1125.44
1124.62
1124.32
1078
1055
1070
1024
1039.8
1047
1046.89
1055
1047
1053.73
1054.87
1070
1068.44
1073
1076.93
1071
1076.8
1078.06
1079.35
1109
1125
1123.89
1121.61
1117.98
1116.09
1113.13
1109.53
1149
1125
1122.55
1120.57
1119.65
1133
1128.42
1141
1136.54
1125
1110
1140
1086
1096.67
1078
1082.09
1082.36
1047
1047
1048.42
1046.97
1047.62
1055
1055.09
1063
1117
1070
1079
1063
1066.54
1067.81
1086
1125
1123.54
1121.94
1117.76
1116.02
1112.69
1110
1106.15
1133
1129.83
1156
1148.72
1133
1132.63
1132.01
1128.89
1133
1164
1133
1156
1151.72
1146.94
1143.62
1140.29
1137.23
1133.82
1130.85
1148
1144.74
1143.11
1142.88
1143.24
1143.01
1016
1109.32
1100.36
1096.61
1099.11
1102.37
1104.13
992
1057.67
1000
1000
1002.81
1003.07
1005.12
1000
1006.1
1006.98
1008.52
1009.87
1011.17
1012.53
1013.81
1015.15
1016.63
1018.63
1020.39
1022.55
1024.78
961
1003.27
961
953
977
971.912
875
940.763
934.686
933.033
867
875
883
937
930
933.478
940.91
944.688
946.272
947.723
949.193
950.145
950.393
950.435
950.741
951.16
937
961
957.321
961
961
960.096
960.725
961
959.4
959.86
956.857
1008
989.556
983.966
1008
1001.61
998.052
1000
996.818
995.305
994.036
992.726
991.433
990.159
989.201
1047
1022.97
1016.45
1012.75
1011.77
1011
1007.9
1004.51
1001.3
998.395
995.836
985
988.219
986.039
1039
1055
1038.54
1032.51
1026.44
1117
1097.4
1117
1091.39
1094
1091.61
1088.59
1082.26
1110
1103.21
1133
1125.27
1125
1122.98
1122.81
1121.78
1164
1154.37
1144.91
1140.54
1141.75
1109
1094
1094.89
1091.91
1031
1058.43
1054.72
1055.23
1058.76
1062.63
1065.35
1067.54
1069.49
844
820
820
821.817
812
813
827.515
834.538
914
928.538
940.872
948.27
969
984
988.022
990.715
993.094
930
935.963
938.335
984
982.734
1000
998.747
997.536
969
992
991.085
986.747
969
977
978.097
973.573
1008
999.446
992
985
978.818
972.064
967.404
964.895
984
981.518
977.849
977.169
985
992
989.288
985.511
983.839
986.39
986.579
981.736
978.549
980.149
977
1000
993.07
988.674
986.467
987.469
1031
1011.88
1008
1002.5
984
985.138
1000
998.121
994.433
989.212
1016
1011.12
1078
1051.19
1034.24
1028.56
1029.65
1039
1034.27
1102
1078
1102
1088.94
1063
1063.59
1061.76
1101
1085.97
1075.6
1072.6
1073.73
1133
1125
1110.95
1100.13
1095.74
1078
1077.86
1156
1110
1100.48
1094.67
1094.4
1095.51
1109
1101.21
1095.46
1148
1141
1148
1130.78
1122.76
1121.69
1120.99
1114.65
1107.11
1102.29
1133
1126.27
1118.18
1112.62
1111.57
1115.18
1115.51
1110.87
1106.12
1106.11
1107.98
1047
1016
1039
1052.17
1016
992
977
978.667
978.669
980.24
969
977
1015
977
1008
1013.26
1018.72
1031
1016
1024.46
1008
1008
1009.09
1009.64
1011.15
1047
1046.1
1024
1026.44
1028.56
1025.74
1039
1031
1029.88
1047
1041.49
1038.21
1036.4
1035.43
1125
1096.2
1080.46
1073.89
1068.17
1063.94
1059.15
1055.12
1117
1091.09
1080.13
1109
1101.09
1094.58
1089.25
1172
1134.44
1117.62
1114.66
1111.13
1104.93
1099.55
1109
1103.59
1098.56
1095.03
1156
1127.76
1116.44
1114.81
1115.2
1086
1089.85
1092.88
1089.94
1086.6
1091.04
1117
1108.94
1103.53
1104.06
1172
1156
1141
1135.58
1134.8
1126.76
1172
1159.15
1147.7
1143.32
1144.13
1125
1121.1
1121.23
1118.94
1156
1148.72
1143.1
1140.4
1139.32
1164
1158.43
1150.9
1144.44
1140.47
1141.59
1140.78
1136.87
1195
1177.38
1167.63
1164.77
1164
1158.29
1151.77
1147.65
1145.14
1142.85
1140.81
1139.34
1138.4
1125
1129.8
1156
1153.96
1151.98
1140
1140.6
1148
1086
1133.57
1127.26
1093
1102
1105.77
1101.89
1125
1121.13
1125.22
1086
1103.75
1105
1103.58
1104.04
1106.35
1108.26
1108.58
1110.18
1110.68
1133
1125.69
1123.16
1125.05
1126.49
1124.36
1156
1144.09
1139.34
1138.89
1137.29
1136.18
1078
1103.83
1100.73
1099.37
1101.67
1104.07
1103.87
1106.23
1180
1156.8
1151.38
1149.39
1146.88
1141.67
1102
1101
1086
1086.07
1141
1140.2
1234
1198.28
1182.79
1176.76
1164.31
1125
1119.27
1115.58
1110.94
1111.14
1125
1129.88
1130.58
1127.21
1122.49
1117.04
1125
1148
1152.01
1147.65
1138.53
1131.45
1125.67
1120.85
1117.35
1114.29
1112.45
1112.65
1164
1172.66
1172.1
1163.32
1153.95
1203
1164
1158.93
1154.83
1151.27
1146.43
1141.47
1138.19
1135.9
1134.42
1141
1117
1123.01
1123.02
1124.61
1126.08
1126.94
1133
1133.28
1133.84
1133.63
1086
1120.91
1115.28
1113.86
1115.59
1116.79
1172
1159.23
1156.48
1155.68
1154.64
1152.96
1150.26
1147.67
1145.31
1195
1178.4
1133
1137.39
1137.67
1138.52
1136.85
1117
1122.36
1123.54
1122.96
1122.85
1121.86
1122.68
1123.5
1123.32
1122.84
1122.52
899
1025.84
1020.15
1016.17
1019.88
1028.52
781
900.612
899.442
893.851
734
656
686.201
697.041
703.162
633
667.01
687.979
701.005
680
699.193
716.162
730.181
774
787.569
836
850.744
861.039
868.872
874.416
812
814.256
819.434
828
826.734
867
867.831
861.835
860.569
859.303
851
846.241
842.837
839.888
898
887.986
876.089
930
922
908.352
900.813
893.335
929
912.884
914
914
910.107
914
910.031
907
867
898
892.438
953
1008
975.691
955.705
948.889
992
930
932.137
945
937.135
929.357
926.444
927.317
927.187
914
915.521
915.81
913.986
913.731
913.763
914.205
914.55
914.769
915.013
1078
954.669
950.052
948.713
1094
1086
1003
937
936.511
938.852
942.242
899
909.103
910.634
969
967.185
914
875
879.992
890
903.227
904.154
897.573
894.29
805
844
852.726
867.746
866.863
930
938.42
933.409
920.696
919.966
925.262
797
789
792.891
797.517
805.43
758
776.2
784.686
791.387
750
765.401
758
750
751.589
754.604
757.113
758.936
760.718
762.534
763.988
765.956
767.824
770.256
797
789
795.452
766
789
797
794.127
788.798
787.845
790.346
790.498
786.531
719
739.192
747.103
766
762.201
797
799.079
793.078
782
786.786
786.367
781
789
789.985
781.384
777.576
782.835
774
770.917
774.246
775.425
772.27
773.504
789
797
787.316
784.631
788.211
787.187
773
805
799.103
788.44
788.42
792.038
785.827
828
815.619
802.174
803.612
805.081
797.103
792.958
795.579
794.941
781
784.505
781
750
763.61
765.991
764.828
765.577
773.121
773.902
772.473
775.658
776.879
775.568
776.067
777.735
776.633
776.224
776.602
805
820
815.498
812.154
789
788.866
789.231
788.368
786.057
784.009
783.346
783.651
782.984
782.125
781.429
883
821.461
814.651
875
849.452
789
792.265
794.531
795.31
828
822.457
815.012
820
819.441
810.597
820
805
805
804
797
797.848
797.574
836
836
825.468
817.906
813.166
875
849.603
875
875
867
860.085
859.478
856.845
851.91
898
884.504
875.641
828
835.105
837.869
797
807.806
809.735
781
788.067
797
796.151
797.788
797
800.621
821
817.745
819.768
812
774
785.307
786.403
788.516
791.874
795.431
798.975
801.355
766
777.568
765
767.156
769.131
771.144
750
758
759.931
762.21
764.153
789
789
789
790.293
750
759.245
734
719
727
734
737.846
741.906
746.475
749.469
781
781
778.747
777.196
772.611
765.422
759.062
797
790.7
784.307
779.347
775.687
769.824
763.606
781
777.967
774.557
805
799.677
794.053
859
840.425
883
862.042
851.889
847.959
841.841
836.539
831.355
827.793
825.22
992
913.7
984
985
951.93
946.469
942.61
1000
972.192
956.334
969
968.311
965.26
963.891
960.744
961
958.214
914
930
914
912.477
930
924.257
924.464
926.213
927.048
899
898
899.082
898.286
899.648
900.767
902.874
859
877.911
874.771
874.394
844
859
857.47
858.498
828
842.121
843.682
842.884
828
835.277
820
825.598
827.433
829.059
831.32
833.79
836.537
836
839.2
841.183
843.244
845.243
836
840.797
842.019
840.906
840.182
841.591
805
817.835
820.316
851
842.376
840.469
842.898
844
837.424
840.654
841.417
836
832.916
837.304
922
937
883
891
883.226
852
849.267
846.386
820
822.98
824.113
826.383
805
811.06
812.999
836
836
837.656
839.574
842.255
842.603
840.443
838.098
797
805.148
789
790.773
792.143
758
769.752
770.051
772.763
777.089
780.602
742
727
734
735.684
739.145
735
740.401
743.498
781
785.698
789.719
793.159
805
828
827.648
781
783.695
773
770.168
766.661
773
758
759.792
773
775.61
758
759.626
762.399
764.871
763.253
760.423
760.414
762.209
761.489
760.214
813
803.551
794.431
790.824
867
850.403
833.298
825.446
823.657
852
841.015
829.108
823.63
813
814.375
852
842.251
830.456
824.476
825.339
828.867
829.101
824.095
819.334
816.422
817.413
816.94
814.033
810.421
809.302
883
851.609
837.95
852
851.681
848.322
840.16
834.243
833.615
906
914
884.919
867
875
877.978
873.644
866.224
906
900.255
888.83
937
927.674
914.451
945
922
915.235
914.318
910.503
902.967
875
880.616
879.018
906
899
896.572
899.213
896.434
889.832
888.725
888.548
884.973
883.149
922
914
909.037
875
881.424
844
847.229
846.332
848.601
883
897.723
875
891
914
912.239
905.514
905.386
914
906.735
900.732
902.303
883
879.96
878.525
876.512
875.136
876.511
877.676
878.135
878.683
879.774
880.287
875
883
914
914
953
945.987
939.305
933.291
927.012
919.457
913.41
844
871.973
859
862.702
865.098
867.427
844
875
871.454
873.226
875
876.068
877.144
877.55
877.982
878.272
878.615
879.03
879.456
880.821
881.645
813
855.272
828
828
830.955
832.497
834.412
836.775
839.235
841.038
843.672
875
867
865.925
868.672
870.132
922
976
954.362
969
958.895
906
905.053
914
930
945
935.291
924.013
953
958.131
954.17
943.035
935.274
935.51
936.762
934.392
928.816
924.796
914
912.875
912.169
945
938
933.361
922
923.245
926.32
928.913
859
880.576
867
883
914
914
910.975
914.477
920.295
923.954
921.323
945
943.899
914
918.405
922.71
923.054
917.012
912.561
844
861.239
865.022
869.62
872.775
879.053
884.201
886.27
886.289
888.017
889.216
887.055
886.661
886.201
887.97
1031
977.299
962.925
956.482
948.558
938.946
931.588
926.057
1070
1005.74
977.833
1031
1014.74
1039
1021.74
1012.06
1011.53
1009.44
1004.96
1015
1008.57
1125
1117
1109
1090.05
1081.45
1110
1101
1094
1084.73
1094
1090.77
1094
1087.66
1101
1095.14
1090.21
1088.23
1031
985
992
992.706
997.092
875
836
838.028
828
832.98
838.762
844.741
782
838.54
846.047
850.66
855.346
859.75
864.479
868.539
871.832
874.61
758
810.719
773
758
763.786
766.915
769.882
772.985
776.56
779.828
783.529
786
836
833.438
875
871.242
869.976
868.71
867.749
864.971
860.672
858.446
857.683
820
820
819.459
817.599
797
802.289
812
811.663
814.253
797
802.802
803.382
802.451
803.296
803.501
804.314
804.727
805.029
805.731
806.606
808
810.113
812.222
814.546
821
843
845.159
843.158
837.935
812
810.811
789
792.179
792.996
796.267
801.809
805.868
758
775.459
776.963
780.082
783.071
797
799.722
802.378
802.623
803.941
803.345
813
811.321
809.511
809.058
808.791
766
781
789
766
778.177
779.983
777.128
797
805
828
859
849.422
844.093
839.39
985
914.992
882.256
874.664
869.278
864.249
836
834.064
833.476
830.252
828.378
827.761
828.64
805
811.633
820
817.313
818.418
819.67
797
809.726
774
796.355
750
775.164
771.739
771.892
820
812.515
860
857.247
860.049
859.652
860.39
857.886
857.708
855.005
853.829
899
888.325
883.13
881.709
906
900.19
896.613
896.543
895.863
922
945
933.648
927.564
928.006
922
920.302
917.395
912.762
961
950.312
940.305
935.337
934.66
936.861
934.178
930.108
926.356
923.233
789
781
846.967
774
821.338
829.748
831.44
839.541
845.623
847.921
850.352
852.671
854.391
855.564
856.484
857.298
858.094
858.997
820
836.665
828
829.866
820
824.796
820
823.644
825.493
805
828
836
829.446
831.438
844
836
838.641
839.949
852
846.723
846.56
848.42
847.324
846.264
875
866.912
864.13
862.754
862.296
860.878
858.126
856.073
813
812
797
797.975
798.663
800.2
802.169
803.716
805.775
806.989
808.38
809.591
810.873
812.239
813.901
815.617
817.615
819.626
821.661
823.717
828
828
805
812.427
797
800.355
797
799.44
801.468
803.491
844
851
843.561
837.184
831.031
823.001
815.426
906
870.576
856.893
805
806.729
807.615
809.489
811.337
797
800.476
821
828
820
816.302
816.245
828
828.647
824.23
828
826.797
844
839.517
832.363
836
838.631
837.852
832.039
828.148
821
843
840.997
835.643
830.001
829.907
833.105
813
816.063
817.003
828
828.029
823.852
825.723
830.298
832.126
813
817.998
821.836
824.59
819.759
797
803.838
808.285
820
815.581
811.864
818.121
824.365
823.646
766
781
790.195
795.937
789.9
788.855
801.592
810.754
806.24
792.649
799.892
812
816.545
883
844
859
852.801
813
797
801.921
804.514
804
799.56
802.447
806.093
774
789
781
783.385
784.607
786.247
788.385
790.174
758
772.95
770.955
769.838
772.151
773.853
775.721
777.524
779.132
780.255
782.841
784.807
719
758.698
754.32
753.146
755.48
703
703
708.452
710.277
712.594
715.702
719.272
722.582
725.823
703
713.642
715.476
711
703
707.872
710.034
712.064
695
703.439
705.648
679
680
683.284
685.469
687.125
689.617
694.103
696.975
697.582
699.548
617
662.931
663.215
661.159
617
617
623.226
625.123
625
628.97
633.204
648
633
640.158
643.824
646.168
641
640
644.451
646.97
647.862
625
633.106
625
628.964
630.271
631.563
634.312
636.317
637.789
635.45
610
625
625.684
640
634.06
630.633
632.563
636.35
636.133
631.007
633
648
645.533
637.608
672
664
653.559
680
671.588
662.714
680
674.246
665.576
672
669.982
679
670.308
680
676.979
718
696
711
705.246
702.267
680
685.532
682.725
678.992
676.536
726
719
711
708.721
707.699
705.319
701.33
698.04
695.234
719
711.574
711
708.575
707.962
781
742
742
738.866
734.732
730.368
688
698.687
697.703
687
672
678.733
687
687.482
689.287
693.884
696.941
688
703
703.975
701.46
700.353
701.487
700.849
699.18
766
737.594
730.086
727.345
723.577
720.881
717.602
715.257
712.408
709.619
813
771.415
752.039
747.128
742.773
737.739
852
783.58
1133
933.406
857.406
846.217
898
874.195
852.591
842.089
837.927
833.774
805
801.121
805
803.861
801.393
801.109
802.5
766
787.946
773
758
770.712
765
770.985
773.255
776.685
778.15
780.754
782.566
784.166
789.298
790.819
696
784.62
772.24
769.548
770.718
773.075
774.662
776.245
777.615
779.204
711
703
711.648
714.005
695
706.41
709.939
711.456
714.159
664
683.749
685.912
685.843
687.193
656
669.522
672.513
672.784
664
672
674.259
687
680
684.526
688.339
691.899
693.417
693.979
696.1
698.425
698.911
698.481
641
656.816
641
656
657.613
660.303
663.97
666.774
669.35
641
654.305
656.592
633
643.521
645.966
649
650.603
653.071
655.825
649
648
651.865
651.77
653.886
655.457
672
680
695
687.697
682.207
678.405
703
697.18
703
693.561
664
668.604
670.957
672
670.263
666.651
663.703
703
700.841
695.001
711
703
699.677
695.686
692.503
703
699.41
693.913
689.281
689.639
726
719
712.968
703
700.897
702.74
704.197
700.211
734
725.794
750
735
730.705
729.653
726
723.617
720.58
717.632
714.992
713.186
750
742.205
766
760.108
756.252
754.822
752.741
749.605
746.201
743.204
740.437
738.121
736.397
735.458
734.947
734.704
727
742
738.416
742
742.47
742.988
742
742.79
742
741.849
741.849
741.91
741.973
742.221
742.552
718
793.884
731.343
736.321
734
727
734
711
734
696
703
709.324
706.158
707.272
708.741
710.162
711.341
712.787
713.592
688
703
680
688.501
687.451
686.559
688.448
689.855
691.441
691.867
703
699.583
702.466
702.785
734
725.27
734
719
720.968
720.751
719
711
712.064
711.016
710.019
709.123
708.304
708.916
708.597
709.116
679
702.614
664
685.586
682.606
681.809
682.171
649
666.34
664.187
703
692.007
719
714.237
727
724.938
726.514
725.766
726.333
719
721.285
718.027
718.034
715.634
716.081
715.436
719
716.048
726
721.943
722.087
719
719.563
718.981
717.949
717.944
718.34
773
766
740.934
738.779
735.324
731.24
789
828
867
914
894.906
876.647
820
797
797.087
789
805
828
820
809.657
802.268
802.356
806.082
807.263
852
846.125
839.155
836
829.336
836
867
875
866.355
875
868.644
861.659
856.778
867
875
844
841.449
836
836.191
851
848.627
844.784
828
828.829
831.181
834.387
875
869.658
861.879
854.174
852.319
853.356
852.352
848.655
844.828
836
837.368
805
811.794
812.568
815.041
818.034
820.858
823.429
844
848.977
848.733
845.924
843.972
840.641
835.611
836
836
867
883
879.184
873.272
867.648
862.398
891
890.084
883.531
844
867
859
863.932
862.956
857.594
854.205
859
860.671
859.608
855.213
851.953
844
848.262
849.753
844
842.632
844
852
854.131
836
828
836
838.612
836
834.56
834.999
838.242
836
836.796
835.744
838.572
836
838.277
837.311
820
827.262
828.272
830.755
829.989
830.167
832.322
835.183
834.997
906
834.846
836.675
875
851.822
844
843.21
844.108
843
841.288
839.855
838.679
837.973
836.548
836.062
835.705
836.492
891
835.977
838.098
840.02
838.46
836
837.692
859
844.623
891
898
878.49
875
875.889
875
869.256
865.758
867
864.782
861.941
859
858.846
857.984
856.803
855.979
855.631
867
863.535
862.629
863.523
859
860.663
859.862
859.243
858.952
859.122
859.64
859.989
860.396
861.424
862.552
863.904
864.921
865.187
865.206
865.074
864.143
862.828
861.456
860.222
859.836
859.715
860.07
844
883.669
851
844
855.49
851
836
875.466
851.556
854.941
856.509
820
882.179
860.37
836
846.546
848.6
845.858
846.549
848.553
797
857.62
843.171
839.223
828
841.713
838.657
844
867
875
875
875
870.306
852
858.624
844
844.738
846.064
842.717
843.588
836
840.015
852
847.673
883
883
879.437
875
869.851
864.063
859.225
855.109
867
864.909
863.14
861.479
860.967
860.69
906
897.83
930
922.583
916.122
910.379
906.498
902.39
906
930
937
930.477
930
925.298
922.611
898
896.888
898
896.793
891
891.595
891.622
891.726
891.847
891.658
930
927.287
925.035
921.065
917.345
914.14
911.639
909.397
907.382
906.006
905.318
904.631
903.991
904.29
904.801
905.623
906.36
907.214
907.077
906.969
906.543
906.086
905.61
961
917.188
917.732
945
930.186
925.853
923.729
924.552
925.315
922.465
920.048
920.027
914
930
925.874
945
914
891
896.748
836
886.396
878.674
797
812
815.497
812.557
820
823.197
836
820
832.524
834.489
835.635
838.128
839.234
841.368
844
845.256
847.379
849.385
844
848.626
852
867
866.577
867.783
869.732
871.335
872.552
872.47
914
903.163
894.98
922
917.116
911.615
961
945
922
922.033
925.11
922.603
918.373
875
883.628
883.341
881.802
836
849.312
850.84
851.389
852.985
856.195
859.101
860.396
861.318
863.166
828
844
836
859
836
842.927
845.998
848.865
850.456
853.076
856.063
858.555
875
873.196
870.908
860
864.379
867
863.618
860.457
859.931
867
863.887
860.706
860.743
861.964
867
863.661
867
883
879.347
876.5
874.131
874.364
872.382
891
884.768
878.026
877.949
879.323
877.208
874.2
873.881
874.574
874.292
872.438
871.094
871.281
871.091
870.828
836
867
860.292
860.059
859.776
860.716
861.294
861.906
862.398
863.006
863.394
946
895.369
891.294
890.376
906
899.612
896.768
896.669
897.429
896.318
930
916.588
914
883
888.42
859
852
853.181
898
891
906
900.639
896.629
896.035
867
871.822
851
851.871
852.635
844
846.882
848.682
849.34
851.191
852.946
854.732
856.508
858.229
828
837.393
838.03
836.742
844
843.503
828
836.11
828
797
797
798.373
766
795.934
792.017
795.493
799.251
801.686
804.684
807.036
781
766
770.985
769.551
771.857
774.148
776.532
779.093
758
767.863
766.097
797
793.178
820
816.969
789
781
774
769.949
768.184
769.579
771.053
772.525
774.616
766
769.109
770.448
770.411
771.05
771.262
750
765.103
761.227
761.31
763.284
781
820
805
801.797
800.636
797.016
791.99
788.555
785.449
781
777.852
775.401
851
875
847.079
837.145
830.445
828
819.148
811.94
806.226
801.349
797
820
828
824.201
816.539
810.185
804.397
836
836
830.061
836
830.533
825.727
822.613
820.009
816.831
875
861.166
906
875
868.471
891
889.391
882.978
876.663
872.844
883
879.324
836
844
844.973
875
866.735
861.396
858.139
859.991
862.468
860.909
856.679
854.068
854.612
820
830.365
831.083
782
800.552
802.249
797
801.343
774
781
782.818
782.948
785.905
788.503
791.357
891
876.974
914
905.98
900.127
898.22
893.751
889.11
885.257
898
883
884.074
884.175
899
895.904
893.344
893.075
893.41
892.799
891.64
890.287
852
859.675
852
849.555
849
859
836
841.461
841.502
841.093
842.453
843.936
867
868.513
872.418
874.685
844
859
856.24
854.926
855.65
844
849.226
848.084
848.094
849.574
848.882
850.476
849.799
813
828.28
827.779
867
859.376
858.002
858.879
891
884.594
879.092
876.647
876.951
875.743
872.401
869.192
868.047
866.123
863.203
859
858.032
856.85
855.572
836
843.003
867
906
899.793
906
899.025
891
886.552
880.988
875
870.507
867.573
865.442
864.747
859
852
852.224
844
845.023
820
828
825.534
826.099
827.87
797
805
802.559
801.333
820
816.977
822.22
825.869
820
825.755
827.117
805
789
789
797
798.15
802.864
773
786.609
785.336
758
769.027
770.657
769.892
773.256
789
797
805
804.997
805
803.539
799.717
795.425
792.155
789.504
787.813
787.802
788.106
758
769.093
766.565
758
763.054
762.917
764.031
758
761.367
760.512
761.344
758
759.235
758.852
789
783.554
784.154
785.455
786.413
787.534
789
781
774
775.154
789
787.365
797
781
780.428
789
790.896
790.943
787.288
783.442
789
789
788.642
789
785.152
784.183
789
788.932
787.105
789
782.944
785.793
788.331
790.029
789
781.315
782.545
786.512
788.114
789
779.738
783.761
787.818
836
741.567
836
844
828
805
797
802.413
799.501
836
828
844
836
829.989
851
843.394
836.437
834.378
883
890
874.108
868.089
852
867
867
859.2
854.509
853.74
852.628
875
820
830.675
833.346
832.941
821
824.192
825.287
825.642
825.45
824.974
825.358
899
872.926
863.765
859.568
860.425
861.627
858.97
891
906
914
903.471
896.206
895.92
896.222
892.685
852
859
836
837.395
835.944
836
851
852.366
854.695
856.367
857.538
857.797
857.142
855.698
855.335
855.084
854.752
883
937
932.669
924.119
912.954
903.88
897.24
891.996
851
849.007
843
844.254
847.465
851.018
854.043
856.311
858.082
828
835.001
914
908.312
945
930.02
938
931.085
923.959
915.941
908.53
901.633
895.695
898
896.928
891
875
875
873.633
859
860.658
860.222
860.172
860.552
860.992
797
849.482
841.97
839.463
842.279
843.041
845.132
797
820
816.58
815.135
836
828
833.727
836.185
837.969
839.646
841.222
842.906
875
865.67
875
870.898
871.12
844
853.358
849.379
845.418
845.329
843.449
906
887.758
882.953
879.569
930
913.795
906.81
922
914.973
909.183
906.822
904.062
900.885
875
878.563
859
844
845.341
875
844
875
879.259
883
881.202
890
888.007
885.096
884.133
881.947
880.618
879.675
878.756
961
930.792
925.164
992
970.62
963.263
958.733
952.585
948.137
944.004
992
969
963.133
963.695
962.718
992
982.42
974.804
974.151
975.031
973.446
970.285
930
938.191
922
922.784
922.696
923.185
924.22
953
956.162
922
931.662
891
896.89
914
914
917.806
920.948
924.056
930
930
931.993
961
960.681
957.609
954.05
951.741
922
925.117
922.658
922
920.877
920.858
922.336
891
899.742
900.466
900.813
904.439
907.014
908.054
908.469
929
938
937
934.739
934.773
932.888
945
941.77
938.563
938.222
961
958.345
954.393
906
914.188
915.414
916.986
860
876.782
883
885.652
906
904.04
906.347
909.326
911.067
828
849.485
852.488
855.146
857.876
864.877
870.367
873.175
874.133
877.309
879.887
881.35
922
918.758
930
906
908.871
910.462
883
889.136
875
914
875
881.707
875
878.059
876.83
878.838
880.638
882.534
881.377
881.552
881.74
945
914.961
910.258
906.368
904.48
902.847
901.012
898.508
897.018
977
944.675
969
955.746
951.245
948.899
945
961
930
961
952.955
948.159
946.913
944.877
944.838
942.632
945
941.946
941.399
940.705
953
948.205
945
946.675
945.696
945.659
930
935.086
934.194
933.473
934.32
914
932.792
927.921
927.814
928.72
906
921.324
919.002
918.3
919.644
920.496
921.41
922.245
891
910.589
907.185
906.049
906.083
907.781
908.061
909.724
909.675
911.337
922
922
921.365
922.508
914
918.484
844
867
852
855.847
883
885.047
889.932
893.02
895.827
897.883
899.881
901.624
903.29
930
945
953
949.06
942.961
938.217
968
963.545
953
914
916.748
919.011
945
941.184
961
951.746
984
980.066
969
961.327
958.011
957.101
953.781
949.419
945.42
922
953
949.593
961
954.566
945
948.303
950.623
947.796
953
949.19
945
946.679
945.78
944.805
944.423
944.705
945.426
945.796
946.632
947.381
914
969.665
946.983
914
914
852
928.322
916.303
875
902.397
900.757
891
914
922
919.54
922
924.581
907
917.627
916.421
914.332
930
924.021
924.928
922
923.65
923.78
923.568
923.577
923.685
922
922.956
953
961
961
955.971
953.259
952.508
951.295
949.346
947.001
922
924.99
914
914
914.019
899
914
913.279
915.516
918.033
919.993
921.813
899
906
904.685
903.511
904.288
914
912.983
898
905.307
875
892.184
887.971
888.824
891.442
891.785
894.162
894.213
906
903.548
904.938
905.939
905.594
906.48
922
945
941.44
937.986
933.327
931.151
931.121
930.64
927.697
924.546
953
946.947
961
955.673
952.192
951.215
984
978.569
970.788
992
987.881
983.522
961
962.852
961.418
922
934.897
933.644
933.384
934.421
930
933.626
933.934
934.414
929
931.537
906
915.116
912.916
875
867
867.109
875
876.15
881.3
885.154
889.52
893.515
897.262
901.356
905.25
891
906
904.471
914
910.872
910.944
938
931.147
927.173
924.261
923.718
921.741
918.698
915.881
913.134
910.271
907.921
945
945
937.43
961
956.535
951.398
947.162
941.771
945
940.751
937.664
936.289
935.11
914
918.643
918.108
918.2
906
906
914
916.433
922
924.257
926.391
927.902
953
953
948.742
945.354
944.954
942.601
938.599
935.93
922
923.051
922
922
923.448
924.812
926.279
927.305
930
930.327
929.735
929.348
937
922
925.187
925.051
924.591
924.304
924.316
914
891
901.895
914
914
922
926.47
922
925.239
926.618
923.262
914
918.409
917.456
922
920.186
922.181
922
937
932.864
930.414
938
934.327
930.255
930.99
945
938.846
934.594
937
937.153
922
925.568
938
933.497
961
953.298
948.704
948.983
947.888
942.99
941.069
939.855
898
922.568
921.713
918.962
859
867
870.798
868.859
873.749
878.228
899
914
917.094
920.635
923.312
923.718
875
898
883
883.217
885.553
886.99
890
883
891
890.394
891
891
892.805
894.071
892.516
894.574
894.034
945
930
921.729
916.82
913.906
922
918.826
916.087
914.188
906
908.157
906.841
905.307
903.806
902.35
901.251
901.228
875
911.296
902.005
900.935
900
900.994
901.647
901.978
902.182
902.672
875
900.655
894.392
893.517
893.979
895
895.236
896.262
896.839
883
896.743
883
867
876.993
876.695
883
881.4
882.5
883.689
884.441
884.923
886.19
914
906.508
914
906
907.263
907.149
914
906
899
906
903.501
902.377
901.233
900.584
922
922
945
930
926.956
953
949.361
942.778
938.689
938.252
937.831
875
867
867
866.568
868.772
872.776
922
935.88
932.086
914
917.603
899
906
902.868
891
906
907.042
904.865
922
925.549
961
977
966.304
992
986.477
969
963.236
957.917
951.378
946.79
942.904
930
928.247
925.236
922.894
924.005
930
931.092
933.585
935.569
936.967
937.713
937.882
937.085
936.061
935.217
922
925.13
923.208
922.735
906
912.722
910.443
911.704
913.686
914.354
922
923.37
937
938.892
914
919.689
919.54
914
917.441
917.959
917.312
922
914
914
915.223
914
915.324
916.18
929
925.984
923.988
923.423
922.189
920.442
918.767
917.916
906
912.354
906
907.47
907.806
907.813
908.795
909.351
899
907.511
904.742
914
911.419
912.635
891
898
898.67
898.489
899.904
900.636
852
925.047
909.041
905.86
867
906.788
867
875
879.756
878.445
880.353
882.294
884.076
906
897.944
922
914.673
912.483
913.608
912.797
910.724
908.906
906.99
905.583
903.526
922
912.482
899
904.817
903.74
903.451
903.205
903.736
904.431
914
899
902.499
902.484
914
909.748
908.86
908.72
909.015
908.761
922
906
908.686
922
913.155
911.979
922
937
921.798
914
916.443
930
924.99
920.444
919.157
921.143
922.489
919.965
961
947.169
953
961
955.63
950.343
948.836
953
937
938.805
906
913.9
914.136
914.737
916.078
945
945.956
942.327
961
953
949.217
930
929.492
930
945
941.56
940.271
940.7
938.12
945
945
942.146
940.844
945
922
953
944.836
914
924.545
925.829
930
928.08
929.577
931.54
931.167
929.914
922
899
908.279
909.94
883
898.434
897.638
895.281
883
891.203
890.486
890.623
893.139
894.087
844
859
860.422
859
862.745
866.224
867
869.943
872.159
852
863.69
861.745
860
863.112
865.223
883
879.833
875
875
875
874.898
873.843
875.464
874.378
875.675
874.582
875.485
876.129
898
892.03
888.623
914
906.917
904.367
902.762
900.823
899.322
897.69
937
926.727
920.796
953
946.336
945
939.863
945
942.039
938.774
945
941.559
940.221
940.036
938.279
937.883
935.999
934.846
946
941.961
945
942.884
943.291
938
953
945
944.709
944.638
943.52
943.548
942.535
942.421
942.495
942.468
942.464
942.458
942.486
942.501
942.643
914
938.354
931.74
931.519
961
942.464
943.355
944.5
944.235
944.07
944.012
943.841
943.536
943.207
953
946.845
947.985
948.073
953
953
969
953
969
964.155
963.487
969
966.42
965.614
976
971.783
946
953
952.967
952.563
945
949.19
949.32
922
953
945
944.704
945.566
961
955.228
954.363
956.448
956.028
930
945
944.68
939.997
940.467
944.275
943.427
939.882
961
955.433
949.638
952.37
968
957.157
953.414
961
961
961
961
953
955.304
953
930
945
953
961
961
958.702
959.703
957.693
984
976.577
972.631
970.978
970.052
967.169
963.814
961.748
959.872
930
930
937
930
935.61
937.286
938.688
940.49
941.919
943.121
943.638
914
914
914.495
913.081
915.685
930
931.685
930
933.904
934.856
937.667
938.46
914
930
926.351
925.195
922
924.577
923.996
923.055
914
918.582
919.536
914
916.511
918.006
917.303
916.559
922
937
930
927.316
938
937
931.482
932.879
936.346
945
936.585
935.421
938.668
937.716
932.814
933.573
930
929.163
927.04
927.245
927.121
930
929.055
945
943.446
953
947.867
944.226
929
929.679
929.534
930.51
891
875
885.979
889.618
875
875
879.419
883
859
868.908
870.379
871.464
874.068
876.264
906
891
894.658
883
886.607
888.16
914
922
916.549
937
935.937
929.601
924.135
922.74
919.715
914
910.905
906
914
910.848
909.626
909.525
875
888.99
886.105
884.99
886.573
886.921
887.712
888.298
859
874.286
870.804
869.52
914
904.249
905.921
908.014
907.879
908.779
908.314
909.052
908.749
909.008
908.77
909.35
909.167
909.753
922
922
920.802
921.31
920.791
920.308
919.478
918.52
917.652
916.911
945
946
940.655
937.254
953
953
948.354
943.396
930
929.06
928.726
928.454
927.514
926.042
925.879
926.958
927.001
945
938
935.9
935.077
953
953.605
949.858
944.569
938
938.23
938.906
961
957.156
953.283
949.273
961
961
960.915
955.783
937
937.958
939.848
943.374
943.719
939.751
936.067
936.697
961
962.673
958.079
948.117
944.605
946.385
952.593
954.218
948.152
940.895
939.578
945
951.599
945
940.243
936.796
961
961
961
961
984
979.076
969
984
984.235
976
977
969
967.739
964.725
953
953.893
953.69
938
961
961.077
959.737
968
968.492
966.167
965.293
966.218
945
951.569
953
951.071
953.814
955.72
938
946.765
953
949.968
953.536
955.313
952.027
955.275
956.042
950.141
956.272
956.007
950.213
938
945.742
946.201
945
948.691
950.014
969
961
959.397
984
969
965.503
967.491
962.569
960.136
961
957.664
992
979.037
976.247
976.759
984
984
977
977.605
977
974.374
971.112
969
968.291
967.807
953
953
953.591
930
937
930
930.738
931.408
931.747
933.013
930
932.49
932.268
932.841
933.283
933.694
914
927.849
906
914
912.54
913.439
914.947
916.539
918.24
920.005
922.234
924.324
926.064
945
930
930
931.167
931.114
930.34
929.785
929.902
929.828
929.69
929.553
929.697
929.684
891
898
911.528
930
929
930
931.397
929.283
914
919.127
919.669
914
917.235
919.191
916.183
917.412
919.665
906
912.907
922
917.781
918.123
922.041
883
897.858
899.839
906
902.111
914
913.845
914
916.717
914.892
914.574
916.978
914
898
912.203
912.506
904.653
912.933
915.014
905.162
914
914.873
905.644
914.706
913.71
883
899.118
902.673
895.166
900.218
905.575
894.682
902.693
909.73
897.16
907.075
913.722
898.927
911.015
915.815
836
871.405
836
836.981
840.707
844
845.637
853.699
855.112
883
883.021
883
875
879.269
875
891
836
856.354
855.082
852.938
867
863.025
866.249
867
868.705
851
821
831.127
832.73
832.729
835.396
838.2
838.395
839.881
839.995
840.556
875
883
890
883.257
883
875
869.591
864.831
860.485
828
831.656
828
836
839.217
843.138
846.547
848.984
849.782
849.271
836
836.393
835.045
833.604
833.703
833.725
833.851
836
835.749
859
863.291
865.27
863.968
862.083
812
828.373
831.556
834.176
836.358
839.541
839.429
837.689
859
836
841.133
851
845.802
842.898
844.764
844
841.969
840.83
842.242
840.778
883
883
874.796
875
868.356
861.384
857.87
855.299
852.805
805
836
875
867
863.518
864.38
860.243
854.283
851.286
914
898.92
889.913
884.976
922
914.837
905.05
899.014
859
844
844.275
845.169
847.801
850.501
860
867
868.899
859
859.149
859.587
828
828
827.936
829.187
831.074
828
830.948
832.386
833.165
834.638
851
844
847.338
867
891
888.381
882.413
876.807
872.389
867.157
861.78
858.116
891
875
872.926
871.731
871.339
869.453
866.526
863.983
862.138
860.647
859.207
857.951
856.984
856.804
856.485
856.136
856.007
856.269
891
886.114
881.686
877.831
945
945
916.839
910.877
945
942.101
928.827
917.5
921.983
898
895.369
893.157
894.048
976
969
906
901.901
909.192
898
893.739
890.235
892.87
906
902.817
896.882
914
920.305
922
909.502
907.01
912.649
953
938.033
923.693
914
914
918.25
915.406
908.471
903.702
852
879.355
881.425
885.116
881.307
844
858.365
862.487
867.461
891
881.889
875.816
878.54
886.134
891.334
887.309
880.632
879.029
883.478
887.819
844
856.892
844
859
852
854.53
856.555
859.392
861.636
836
844
846.449
836
839.947
852
850.898
844
847.061
850.208
828
828
836
837.57
836.028
839.498
843.531
844
840.417
859
858.029
848.24
850.75
883
872.244
883
875.154
883
876.216
868.921
867.162
865.257
875
868.649
866.172
875
871.963
868.63
867.219
859
844
836
836.449
836.448
837.915
852
856.458
875
878.309
836
843.433
844.801
867
883
882.216
879.904
876.359
836
839.718
840.312
840.643
842.664
845.277
847.133
847.139
922
900.989
893.705
889.283
882.825
875
883
876.618
869.164
867
864.043
860.721
858.587
857.123
883
878.853
883
914
922
930
921.613
913.621
906.04
897.887
891.532
914
910.292
905.361
899.833
899.856
922
921.597
899
898.62
901.885
844
867.351
866.055
883
880.487
879.254
881.079
883.579
885.218
884.544
883.92
860
890
886.045
884.596
882.159
883.097
885.57
886.675
906
914
909.204
922
918.139
915.177
930
925.014
920.786
920.797
920.123
875
890.18
867
869.274
868.138
868.307
867
852
858.442
856.967
867
866.025
869.584
870.997
891
890.253
898
891
893.835
906
904.601
914
911.185
910.773
911.317
930
927.034
923.938
921.143
921.437
922.526
945
939.248
934.28
930.824
930.781
932.109
930.684
927.556
924.579
922.961
922.085
921.133
920.437
922
921.607
921.291
921.146
920.974
920.813
920.595
920.355
867
939.159
921.101
898
906.073
907.379
905.29
906.547
859
852
859
844
853.141
855.656
858.505
862.206
865.503
869.051
872.21
875.156
875
878.13
879.798
881.425
882.974
867
852
875
867
868.068
868.457
870.74
872.591
871.25
906
897.542
906
900.023
897.035
894.814
891.188
887.403
884.453
881.779
879.616
930
929
916.658
912.974
908.694
904.517
899
906
901.607
897.976
898
896.284
894.473
893.455
892.599
892.063
891.666
891.704
891.926
892.299
867
913.291
898.45
897.02
896.503
895.998
897.03
805
902.127
887.907
851
863.891
866.873
914
914
914
909.827
909.313
911.561
910.667
906.851
903.888
903.49
900.885
976
940.972
934.111
930.709
929.188
922
919.06
922
917.288
867
969
927.912
921.588
919.225
836
836
859
862.675
883
922
926.074
914
915.812
917.064
914
820
821
823.955
820.327
836
848.514
855.535
860.705
867.614
870.896
906
914
907.6
902.699
914
899
898
894.161
888.312
883.684
844
859
855.39
856.067
875
872.738
875.826
876.727
877.367
875.99
873.372
871.351
883
890
883
883.179
875
875
852
856.938
914
903.917
900.281
897.722
895.783
891.822
922
891
891.597
890.988
888.881
937
969
961
945.801
937.316
934.654
934.752
929.361
923.77
919.037
914
910.938
908.085
922
918.408
915.338
913.48
875
891
889.716
891
891.999
891
892.217
891
891.138
890.544
891
890.122
890.274
890.812
892.262
893.531
875
883
898
895.67
894.737
894.715
896.712
897.409
897.917
930
961
944.399
992
930
932.392
875
893.197
891.841
875
883.354
884.852
885.06
886.857
888.371
889.91
789
797
810.506
809.145
797
812
815.822
851
850.311
854.88
859.151
860.813
862.214
862.922
864.127
797
817.44
781
784.706
786.648
788.798
734
750.928
752.494
711
725.57
728.238
729.425
734.459
703
716.346
719
711
715.304
716.103
717.886
719.68
750
750.122
727
765
765.046
750
750
754.397
751.143
746.35
748.792
742
740.365
741.654
739.514
736.929
742
735
735.33
758
750.869
747.777
750
748.638
746.165
744.966
744.556
742.69
741.154
741.99
741.815
741.522
742.065
742.672
742.353
742.37
742.983
742.647
742.278
741.915
741.585
741.304
741.023
740.766
741.031
740.905
741.411
741.3
781
689.911
769.335
805
713.742
820
685.354
758.667
750.087
805
743.154
746.826
750.131
749.872
774
773
763.836
781
772.909
771.794
771.927
771.325
769.49
768.2
766.959
766.389
883
875
817.666
805.837
875
875
848.181
838.291
836.976
838.773
844
833.925
867
864.094
853.715
845.044
906
896.931
874.511
862.878
867.05
868.454
857.572
922
922
892.317
882.114
914
907.489
886.783
879.071
914
910.747
945
919.651
911.042
1000
973.208
946.878
984
980.129
962.473
951.502
930
930.783
914
911.445
938
914
914
906
909.378
909.098
898
902.581
836
872.757
868.929
852
858.944
861.333
906
914
916.353
917.677
921.394
924.183
938
935.788
936.494
945
942.774
945
942.618
914
919.879
916.265
912.251
907
905.797
945
935.55
932.285
883
937
930
925.969
922.575
961
961
949.928
944.89
947.133
945.689
961
961
955.483
984
977.054
953
930
953
922
930
928.868
899
909.41
912.094
910.948
911.408
915.374
916.089
916.686
917.099
969
958.383
952.36
953.274
954.573
951.035
969
963.511
1000
989.479
984.621
983.177
981.249
978.978
976.271
974.54
1008
999.435
993.672
991.788
992.445
993.2
1062
1039
1027.57
1016
1014.09
1014.98
1011.54
953
976.452
1016
1005.36
999.064
995.06
995.752
997.778
994.953
990.924
883
891
914
961
965.035
1070
1063.69
1048.93
1042.89
1033.92
1018.73
1005.65
922
929.565
932.053
934.588
941.108
1000
1039
1029.25
1020.62
1039
1030.04
1039
1028.74
1018.1
1009.55
977
953
977
977.987
979.753
980.814
1016
1020.78
1019.56
1016.49
1013.39
1031
1025.76
1017
1012.78
1009.42
992
953
992
995.786
994.665
997.323
1001.52
1001.05
996.966
994.189
930
944.043
946.622
984
992
969
977.38
979.97
1008
1003.35
1086
1078
1064.83
1055.73
1045.54
1033.48
1022.51
1000
992.879
987.545
969
976
976.431
1023
1016
1015
1011.43
1005.1
998.078
992.048
961
969
984
961
922
931.679
930.729
932.293
937.358
941.38
946.523
1016
1023.99
1019.16
1015.14
1009.49
1000.91
992.202
984.627
1008
1006.78
1039
1034.36
1029.66
1025.23
1019.01
1015
1009.35
1004.48
1000.68
1016
1013.79
1008
1008
1006.67
1003.57
1031
1026.12
1022.97
1019.88
992
996.482
997.709
999.646
977
992
991.912
930
953
930
933.589
945
944.25
969
972.147
977.669
980.87
983.532
985.745
986.88
987.952
988.242
969
975.046
972.346
969.561
971.32
970.525
972.484
971.636
922
955.912
985
975.383
973.358
974.315
1023
1010.9
1004.88
1023
1015.89
1008.63
1007.44
1005.87
1001.75
998.597
996.961
994.783
992.309
990.61
1016
992
995.395
1016
1008.16
1005.05
1004.45
1008
1004.33
1002.57
1001.74
1001.32
999.672
1000
999.157
999.631
999.279
998.903
999.523
1008
1005.02
1003.88
1003.36
1003.05
1002.79
1031
989.998
997.111
1039
985.557
1001.08
992
998.548
1031
981.428
1039
968.119
1003.58
1055
979.511
998.075
1001.98
998.427
1039
988.588
1001.72
1070
990.819
1006.35
1011.45
1031
999.309
1010.51
1016
1012.8
992
1008
1007.49
1003.87
1003.17
1004.27
1005.31
1005.36
1005.61
1005.87
1007.21
1007.65
1008.4
1009.97
1009.01
1011.72
1010.18
1039
1026.48
1016
1047
1040.41
1035.06
1055
1031
1033.73
1033.82
