836.787
845.596
831.769
300
296
304
410.192
333.766
308
312
324
324
410.052
320
320
320
370.254
312
312
312
312
312
300.264
312.87
328
286.793
311.373
320
297.214
308
308
300
305.221
300
300
296
296
297.963
296.926
298.313
316
310.734
312.51
348
337.834
334.525
312
315.712
304
305.633
300
292
300
296
298.367
288
296
292
292
296
294.76
292
294.623
292
296
288
292
292
292
292
292.766
284
292
289.183
292
291.052
291.917
292.546
288
284
284
288
288
284
288.823
288
288.7
280
289.293
272
284
280.693
280.643
284
276
284.061
272
280
276
272
280
276
272
276.162
276.099
280
277.907
278.761
279.553
279.942
280.192
276
281.452
280
276
284
280
276
282.732
276.404
280
276
281.025
280
277.871
281.219
280
277.868
296
284
281.97
284
284
280.094
283.956
280
272
284
280
284
284
296
286.315
285.791
292
292
289.578
284
288
284
292
280
286.133
288
285.447
284.824
280
286.215
284
283.513
280
284.936
280
276
272
280
276
277.119
284
282.984
284
283.776
285.027
300
300
296.849
295.735
304
296
300
300
296
292
292
292
288
288.94
288.98
284
285.616
280
284
282.938
280
292
288
288.95
289.368
292
292
292
300
292
294.508
296
288
288
289.002
284
280
284.022
272
281.295
276
272
272
272.984
272
280
278.797
280.006
284
288
287.883
288
288
292
290.921
292
280
284
280
279.957
284
284
284
280
282.489
288
284
284.758
284
288
292
284
292
288
288
292
288.632
292
300
294.863
293.884
294.685
300
304
300
292
294.267
296
295.047
293.269
300
292
300
297.292
304
300
300
304
296
300
296
296
300
296
296
300
300
304
304
308
304
305.314
296
304
292
296
296
288
300
292.082
295.038
304
296
299.149
299.147
300
296
304
296
300.577
300
299.52
304
299.988
308
300
304.115
296
296
298.301
292
296
292
300
300
300
304
301.654
302.661
302.58
308
302.899
304.468
308
304.733
304
304
304.17
303.362
303.844
300
303.994
296
302.839
296
292
296.633
292
294.837
304
299.272
304
302.667
304
308
306.014
304
300
300
300.186
292
299.264
292
300
300
288
288
290.386
288.843
284
288
288.143
292
291.904
296
296
300
296
296
296
296
288
292
296
292
288
292.73
284
288.612
296
296
304
304
300.301
300
312
306.63
308
306.125
312
304
304
304.732
302.896
304
308
308
307.525
308
308
312
312
308
316
308
308
308.069
308
306.937
312
312
304
308
304
304
300
305.142
304.644
296
300
292
296
296
300
300
300.777
308
296
300
300.581
304
304
304
308
300
308
304.478
304.332
296
305.31
292
302.748
300
284
300.377
284
293.948
292.915
296
293.564
292
300
292
296
295.841
288
296
288
292.087
288
292
291.413
292
292
296
300
297.044
296
304
300
304
301.317
301.924
300
296
300
297.594
300
296
300
300
299.667
299.57
300
304
300
304
296
304
300
300.001
308
304
308
300
306.19
304
304
304.129
300
308
304
300
300
301.38
300.176
300
300
300.714
300.62
292
308
296
302.204
308
300
308
300.819
304.707
302.529
304
300
300
300
301.106
304
298.925
300
300
300
300.137
296
303.316
300
296
296
298.913
300
296
300.417
296
299.904
300
304
299.966
300
301.932
292
300
300
304
304
298.544
308
304
312
308
312
309.027
308
308.593
307.808
304
304
300
304
304
296
308
300
300
304
301.306
302.222
302.467
300
296
304
308
301.993
308
308
312
312
308
304
309.572
304
305.588
305.586
296
296
292
293.74
288
284
208
344
292
288
292
284
288.983
292
292
292
288
292
292
292
296
292
300
296.455
296
296
292
295.608
295.179
295.035
295.027
292
304
299.023
308
304.483
304.396
304
296
300
296
296
296.065
300
300
300
299.741
300
299.99
299.863
308
302.671
302.921
308
300
304
304
302.27
296
304
304
300
303.751
300
301.725
300
301.068
304
299.798
302.839
301.354
316
312
304.144
306.554
307.35
303.992
305.055
312
304
308
304
312
304
308
306.459
304
312
304
307.784
306.273
312
304.954
309.984
306.719
304
308
304.613
300
304
302.437
300
304
300
300
301.712
292
300
296.515
304
296
303.289
300
300
301.06
296
302.208
298.979
296
301.642
297.891
299.139
304
304
300.93
312
300
312
301.585
304
308
304
304
312
308
304
308
312
305.706
308
308.298
304
300
308
303.107
302.735
304
300
301.904
303.437
308
304
306.106
304
312
312
304
310.107
304
312
305.041
308
308
308
304
308
304
304
296
308.927
304
304
296
310.241
300
303.554
300
300
308
304
304
300
306.434
303.139
304
304.638
304
304.677
308
304
304
305.959
300
309.782
304
303.39
304
296
300
300
298.142
296
300
296
298.546
298.92
300
308
304.415
305.333
312
307.423
308
316
312
304
308.851
300
304.517
300
288
298.328
292
295.096
288
300
296
304
304
304.203
312
309.167
309.115
309.798
309.342
308
308.684
308
300
305.667
303.04
304
303.968
304
296
296
296.481
296.231
296.27
292
295.308
300
298.69
308
304
312
308
312
310.635
304
312
296
300
296
296
292
296
294.607
296
300
296
308
302.89
303.633
304.174
312
307.688
304
306.041
296
302.581
296
298.232
300
296
300
298.312
292
299.389
288
284
284
280
276
278.556
280
280
280
281.464
282.402
276
272
274.64
272
276
268
276
274.34
272
274.795
272
274.453
274.133
275.46
272
276
268
274.199
272.549
284
288
284.721
284.351
284.137
283.886
312
316
312
307.157
312
312.476
311.047
309.019
308
304
304
312
300
304
296
300
298.76
292
293.828
300
308
300
312
312
324
320
324
324
320
320
332
328.485
328
328
324
332
328
332
328
328
324
332
324
328
326.51
326.425
324
328
320
323.646
320
320.819
320.897
320
320
308
316
304
304
304.637
304.527
308
312
312
314.151
315.336
316
316
312
312
312
308
312
304
308
307.521
316
308
312.008
316
312
316
316
320
320
320
318.71
328
328
324.373
320
324
323.096
321.838
320
320.724
320
319.984
328
324
328
320
322.423
324
320
316
324
316
324
312
316
317.72
312
312
308
312.11
308
316
312
316
312
324
324
322.847
323.47
328
326.209
326.25
320
304
320
304
313.438
311.965
296
292
292
304
304
308
304
307.671
312
308
312
311.941
304
300
300
300
300.168
308
300
303.536
300
300
296
292
293.646
293.65
294.487
288
292
296
296
296.766
300
300.952
300
301.127
308
304
300
308
308
304
308
304
304
304
303.11
301.121
300
300
299.129
308
300
304
304.066
302.511
312
300
304.821
304.488
296
309.39
297.561
292
292
288
288
284
284
284
292
290.543
304
308
320
316
320
316
312
308
304
303.009
296
300
296
296
296
296.723
292
294.276
296
288
292.815
308
306.15
308
312
320
324
322.06
328
320
320
319.548
312
308
308
306.953
306.666
304
316
316
315.642
315.641
320
318.648
328
328
325.343
324
322.598
320.45
318.558
316.901
312
308
307.948
307.678
304
296
300
300
296
299.662
299.834
301.234
302.268
292
297.588
296.159
297.185
308
300
304
308
300
304
296
300
300
296
296
297.244
296
288
296
300
295.029
304
298.55
308
304
302.747
304.573
308
300
307.826
296
296
296
300
296.478
298.917
336
306.481
307.296
340
340
325.591
324.359
320
316
312
312
304
308
304
303.77
300
300
300
300
304
303.511
304
305.025
304
308
304
304
304.668
304.173
304
304.93
300
303.169
302.674
304
304
304
308
316
320
336
336
348
344
341.323
336
336
328
328
326.466
325.83
320
304
300
292
292.45
300
292
292
292.978
304
304
312
315.018
320
340
343.04
360
368
360
368
352
352
348.528
336
332
328.981
324
323.773
316
316.729
316
316.167
316
308
308
308.057
300
312
312
312
300
316
304
308.737
320
308
316
316
317.197
316
317.978
320
320
324
308
308
304
304
305.151
304
300
303.311
296
299.64
299.601
299.529
296
304
301.039
308
320
324
320
320.781
320
324
322.753
320
320.647
312
313.237
312.299
304
292
300
296
296
304
292
300
304
304
300
302.437
296
298.097
298.02
296
300
296
298.596
296
292
294.772
294.498
295.368
284
284
280
284
276
284
296
292
304
304
303.686
308
300
302.699
304
300
301.656
296
292
284
296
280
284
284
283.843
296
296
300
300
300.486
284
296
288
284
285.899
284
288
292
292
300
304
304
308
308
306.812
312
300
303.332
296
296.203
292
291.98
288
284
284
283.877
288
296
288
292
296
300
296
296
296.64
296
296
296
292
296
295.974
292
284
287.821
288.552
288
288
288
289.101
292
296
293.716
293.162
288
292
292
290.61
288
276
288
288
276
287.14
292
287.613
292
292.853
292
288
280
288
287.944
284
276
285.716
284
276
280
284
280.125
284
292
296
296
293.885
293.187
300
294.201
288
294.681
284
292
291.576
284
288
288
292
296
292
300
296
296
295.939
292
288
288
292
284
288
284
284
292
288.472
289.444
288
288
288.782
296
291.867
312
316
320
324
316
316
315.892
314.465
308
307.719
304
308
300
296
292
292
288
292
280
296
293.261
292
304
308
308.073
312
320
320
319.256
318.988
319.583
308
308
306.938
300
301.48
296
297.019
296.855
304
300
308
304
304
304
303.985
308
304
304.999
305.017
312
300
308
304
296
302.032
300
296
296
296
308
300
312
308
306.88
304
304
304
303.611
296
296
296
292
296
296
288
288
288
287.916
288.751
284
288
288
288.98
296
296
297.308
308
308.046
307.623
336
332.819
328
320
319.459
319.173
304
304.265
296
300
288
292
288
289.508
292
291.853
308
309.299
310.257
308
316
316
308
316
312
309.67
309.265
308.253
308
307.707
308.543
296
308
300
301.756
302.228
308
304
300
316
309.401
308
308.935
308.722
308
304
304
305.237
303.767
296
308
308
304.778
320
311.917
324
316
315.387
304
312
296
304.382
300
304
302.39
300
304
292
308
300.478
308
303.796
304.876
312
308.321
308.936
308
308
308.611
300
307.686
292
288
288
288
292
292
293.317
308
308
316
314.641
314.732
314.076
313.384
312
311.459
308
304
303.869
302.96
302.808
300
292
294.492
293.641
304
306.712
292
300
300.281
304
304
304
304
296
312
304
312
304
316
304
308
307.988
304
304
300
300
296
297.91
297.905
297.839
298.42
316
308
316
320
312
312
308
309.276
307.995
312
309.385
309.999
300
304
302.729
300
300
300.804
304
304.016
300
304
296
304
302.437
296
292
292
292.587
292
292.927
300
299.908
332
328
336
332
348
345.566
341.726
340.104
338.757
337.204
324
320
324
312
314.921
313.8
312.801
324
320
332
328
324
324
320
320
319.066
318.919
304
300
300.23
299.777
296
292
288
300
292
332
388
376
364
358.065
348
336
327.247
324
319.347
316.271
324
327.934
330.394
320
304
308
307.432
296
300
300
300.954
296
296
296
295.702
304
300
300
300.711
304
308
300
304.749
308
309.955
312
304
306.483
307.953
292
298.973
288
288
296
295.735
316
320
316.5
336
340
332.977
336
333.256
360
348
342.666
324
328
324
328
316
332
328.362
324
304
310.913
308
306.921
308
304
304
304
304
300
300
308
308.486
300
292
296.135
288
288
292
288
284
292
280
285
284
285.01
292
288
288
290.087
289.982
292
288
290.9
288
289.832
284
284
284
280
272
276
268
264
272
268
264
276
268
272.181
272
272
280
276
280
292
292
291.833
292.435
300
300
299.444
300
292
292
296
296
296
295.097
294.889
304
296
300
296
296.386
292
296
288
292
280
288
288
280
284
292
312
332
344
356
352
347.474
352
352
336
336
324
320
324
308
309.971
316
304
304
304.505
304
308
304
304
304.459
288
292
284
284
282.544
282.393
300
300
304
296
296
292
294.132
288
292
291.591
288
290.662
284
288
284
288
288
284
287.409
286.012
280
284
281.98
280
281.525
281.518
276
264
268
268
268
264
268.193
272
280
281.518
283.407
284.355
285.217
332
340
316
312
300
296
288
284.325
280
278.511
284
288
284
284
284.277
283.897
284
282.56
272
280
272
273.164
284
276
284
282.731
282.653
304
301.004
304
304
303.894
308
304
303.759
296
297.565
284
292
284
286.107
296
300
308
308
307.945
312
312
316
314.262
313.048
308
304
300
304
302.214
308
300
304
302.683
296
288
296
294.301
300
300.106
301.168
300
300.912
296
284
289.026
280
284
280
276
278.071
276
272
272
272
276
275.59
276
280
284
286.269
288.375
308
308
308
308
308
304
300
298.46
292
288
292
293.073
292
292
292
296
295.831
295.528
296
300
299.819
300
300
300
296
292
300
297.945
296
312
308.532
312
308
316
308
312
304
306.226
305.758
304
304
300
300
296
296
295.895
296
300
300
308
308
316
312
320
317.756
320
316
312
312
312
308
304
304.718
304.634
304.647
305.446
300
303.456
304
304
304.791
300
300
296
304
308
316
320
312
316
308
312
300
308
300
300
308
305.793
300
303.823
300
304
304
296
302.977
300.867
301.123
304
302.425
303.203
304
303.925
300
300
308
304
308
304
304
300
307.209
300
305.106
298.734
284
296
293.922
292
288
294.776
288
292
292
300
296.747
300
299.946
304
304
308
300
308
305.12
305.002
305.588
300
300
300.57
299.491
299.448
296
300
298.06
300
304
304
296
300
288
304
300
300
312
302.853
316
304
308
300
305.527
303.627
303.521
304
292
304
300
296
299.763
292
296
284
296
292
292
288
288
289.264
292
296
296
296
296
292
292
292
292.101
288
292
288
288
289.129
289.06
284
288
284
292
292
304
308
308
305.566
303.981
301.914
299.246
328
320
320
317.87
316
304
304
308
300
300
300
308
300
301.501
302.211
301.888
320
316
316
314.093
311.548
312
316
313.457
316
316
314.979
314.662
316
316
304
309.147
304
308
300
308
306.62
306.666
307.155
304
308
304
312
308
308.657
309.226
309.273
324
320
316
316
312
313.89
312
312
312
312
312
312
312
312.076
308
311.731
308
309.635
300
300
312
308
344
320
319.654
308
300
303.697
305.099
307.093
296
304
304
304
300
303.045
304.429
292
292
292
293.439
312
328
321.989
340
336.177
330.485
332
332
332
327.652
324
316
312
308
304
300
300
300.512
300
292
295.025
294.43
295.369
296
292
288
288.961
288
287.859
296
300
316
316
324
336
338.244
336.526
333.403
331.971
330.563
327.841
325.123
322.662
321.132
316
320
308
316
312
320
319.177
320
316
316
312
308
308
307.685
304
304.827
304.593
312
312
308
311.644
296
304
296
292
288
289.148
288.851
289.38
336
323.344
368
376
364
368
368
348
348
344.333
339.575
336.436
348
344.993
352
332
336
332
328
328
324
312
324
320
344
340
352
348
340
336
340
338.029
340
344
344
344.916
352
352
332
340
316
324
312
313.295
308
309.254
340
352
350.63
352
350.746
356
353.152
340
342.323
340.156
328
324
324
323.675
328
316
320.037
316
312
304
304
300
300
292
294.095
292.738
292
296
295.903
297.953
312
308
324
332
328
332
333.758
336
320
323.085
320
316
320
332
336
340
356
352
348
346.026
328
326.975
324
321.078
320
316
324
320
328
327.874
316
328
324
328
336
336
335.573
332
332.433
332
330.545
332
340
324
324
324
324
304
321.555
316.192
312
314.366
312
313.665
316
332
327.328
352
352
350.121
349.146
349.017
347.228
345.625
304
308
309.176
308.592
292
299.688
320
348
396
384
377.486
372
364
360
348
340.319
344
340
337.291
332
328
325.031
316
316
324
312
312
313.469
300
308
316
315.599
318.119
319.226
332
324
326.605
316
320
308
320
316.183
320
324
328
324
328
326.406
325.823
320
322.264
320.047
312
320
316.089
312
312
304
309.132
304
300
302.177
300
292
292
292.682
292
296
288
288
288
288.539
288.578
288
292
291.584
293.983
296
304
308
308
309.466
320
321.325
312
312
313.367
313.185
316
308
307.785
312
316
316
313.715
316
316.679
312
312
316
308
316
300
316
308
308.771
312
320
320
320
324
320
320
324
316
312
324
328
324
328
324
324.52
324.478
312
319.29
308
304
316
316
328
328
326.938
300
300
304
304
316
323.434
324
312
320
320
308
320
316
304
316
312
316
312
314.641
313.934
311.437
308
292
298.544
296
292
288
292
291.622
292
288
288
288
296
288
292.139
292
293.269
296
288
300
292
294.609
292
296
296
288
288
288
288.824
276
284
284
280
282.094
282.496
282.315
283.131
292
292
292
292
284
296
291.248
290.941
290.964
288
288
288.674
296
284
288
288.664
284
292
292
289.759
300
296
294.703
300
297.349
300
304
288
280
284.636
285.598
286.179
287.263
288
288
288
284
288
284
285.506
284
284.828
284
284.889
276
276
276
272
272
272.606
276
280
280
282.282
280
276
288
288
288
287.36
292
288
288
288.262
288
272
279.75
279.245
284
280.642
288
280
282.019
280
276
278.032
280
276
276
280
278.896
278.174
276
288
280
280
282.648
276
279.949
280.416
280
284
280
282.233
280.731
288
288
284.701
292
286.925
288
288
276
288
280
284
284
296
285.839
296
290.456
296
296
308
296
297.815
297.75
292
294.701
296
293.711
296
308
301.975
312
308
307.849
316
312.473
300
300
296
292
308
292
297.611
316
320
324
344
352
380
373.601
396
391.47
384.899
380.955
376.545
352
352.065
348.053
344.54
343.166
324
326.659
312
320
320
312
328
324.453
340
348
344
340
336
336
334.347
336
340
339.879
336
348
346.364
352
348
349.273
336
339.4
328
320
320.982
320
312
316
308
312
312
312.844
320
308
313.814
313.213
314.041
316
315.785
316
317.139
317.549
348
342.608
341.652
328
336
320
320
312
316
320
319.557
319.489
316
320
312
312
316
328
324
328
328
336
336
356
360
372
365.916
372
360
352
344
336
333.523
331.938
332.283
333.178
312
318.351
312
300
303.507
301.901
308
306.64
309.018
304
307.758
320
318.464
328
329.87
340
332
334.775
335.585
334.825
320
316
316.843
316.364
317.505
304
300
300
300.778
302.44
384
432
432
416
384
368
357.495
356
352.237
352
348.037
343.686
344
344
344
344
341.05
338.751
328
328.295
326.961
326.439
327.568
328.216
328.668
328.972
336
340
344
336
344
336
332
328
328.853
332
316
324
323.712
324
332
336
332
340
356
352.734
376
364
360
352
340
336
336
328
329.894
329.811
330.613
328
332
332.803
328
320
323.083
332
336
337.42
340
340.583
344
328
332
331.424
324
304
312
300
304
300
296
304
305.441
312
314.62
308
312
308
308
304
304
300
301.589
320
319.093
372
366.905
362.282
356.268
368
372
364.056
368
365.034
376
373.878
364
352
352
340
336
328
312
316
312
312
316
316
332
332
335.515
360
364
363.694
360
361.988
356
348
345.725
342.968
341.01
328
324
324
324
327.079
330.037
336
338.799
344
336
344
343.41
336
332
331.335
312
312
300
300.563
299.831
304
307.476
313.64
344
360
356
356
344
337.974
330.967
328
328
326.255
324
316
332
334.373
336.523
312
300
304
304
304
296
308
300
302.793
302.935
302.962
336
348
356
348
345.713
347.018
340
328
332
331.374
316
315.54
308
312
312
311.615
312.788
332
328
332
330.015
324
328
316
315.562
316
308
309.374
304
304
304.115
316
318.11
320
324
328
328.052
332
330.342
324
336
332
336
332.999
332.392
332.092
328
332
324
316
317.35
317.204
320
328
336
336
335.455
334.59
332.335
336
320
324
328
326.682
328
329.248
320
325.297
323.736
320
316
316
324
320
320
324
328
324.966
328
328
332
320
325.084
325.226
328
312
322.198
323.926
316
324
324
328
318.364
336
340
329.314
327.298
331.634
332
328
326.06
320
324.88
316
321.002
308
304
304
300
300
308
300
303.848
304
308
312
324
316
332
332
331.281
328
329.036
324
320
320.019
308
316
316
312
316
312
316
314.513
316
315.701
316.165
316.042
316.344
316.299
316.465
316.455
316.541
316.642
324
320.605
316
332
316
319.018
319.795
316
316
324
312
316
312
317.249
316
315.734
316.458
308
308
310.813
309.973
310.249
316
314.174
315.163
315.953
336
344
352
356
352
350.285
349.807
340
332
336
332
328
328
327.395
328
332
331.477
336
335.694
328
316
324
312
315.293
315.92
315.761
316.96
316
316
312
314.14
316
315.222
316
320
324
320
324
312
318.873
312
316
308
324
300
317.447
312
312.602
312
312
324
320
317.684
318.556
340
328
332
324
332
324
324
324
324
323.726
323.726
324
316
324
320.853
320.872
328
323.965
336
340
336
328
332
336
324
332
320
320
320
320.144
320.585
304
317.65
314.923
312
314.395
304
310.794
300
308
308
316
314.182
336
332
332
333.08
340
338.484
340
339.449
336
332
332.898
332.003
336
332
332
344
336
332
336
332
332.8
332.562
332.314
336
336
324
324
324.724
324.857
328
332
332
331.933
340
348
352
344
343.548
336
335.283
336
334.994
348
352
349.193
344
344
344
336
336
335.872
335.826
340
332
332
332
332
331.962
328
328.957
329.046
332
332
332
333.549
336
336
336.499
336.307
336
336
332
328
332
333.591
324
333.088
332
328
332.688
333.348
340
340
336
340
352
344.268
344
344.448
343.211
340
332
324
324
324
320
322.66
320
312
315.239
312
316
316.293
316
308
316
320
321.101
312
308
320
319.66
308
304
308
316
304
307.134
310.412
313.778
312
309.122
312
320
320
320
308.819
324
320.099
316
306.594
324
319.061
313.834
316
316
317.793
312
308
316.185
308
309.266
312
320
324
328
317.461
328
325.816
323.161
319.548
328
328
322.877
321.304
324
320
312
316.516
312
328
328
324.141
336
333.133
329.045
360
356
360
352
348
336
344
344
344
340.931
344
336
336
340
337.503
336
352
348
346.777
346.343
352
349.62
352
344
340
336
336.69
336.69
336
324
330.35
330.281
320
326.864
326.993
316
316
320
312
315.806
316.755
332
329.562
352
350.699
356
348
360
357.614
355.728
354.683
353.575
328
336
324
323.71
328
324
324
325.48
326.078
326.542
324
320
324
323.268
340
337.362
344
343.278
344
344
340
352
348
347.944
348
332
340
328
330.157
320
312
312
320
320
348
344
345.228
345.556
348
346.059
360
352
352
356
352
340
340
339.703
328
332
324
320
320
319.708
316
317.772
328
340
340
348
344
352
356
364
360
359.8
352
350.946
340
348
340
352
350.404
352
351.451
351.199
348
344
344
342.612
342.189
348
346.466
336
332
348
344.179
344
340
340
348
346.806
344
344
348
352
340
340
343.833
336
324
320
322.701
324
324
332
332
333.091
344
348
340
348
340
338.027
356
356
348.895
360
359.026
352
348
356
352.447
344
340
328
328
324
324.512
328
324
326.453
320
321.978
312
314.735
320
324
324
328
336
338.635
332
332
333.515
336
335.093
340
332
332
331.967
331.47
330.583
329.481
324
324.763
324.583
316
312
312
320
328
330.13
320
324
320
336
332
336
356
354.357
372
368
368
372
372
367.948
360
360
348
340
337.827
335.482
324
326.794
325.881
326.623
336
336.409
338.594
360
362.119
352
360
358.887
354.805
336
328
327.506
326.656
316
316
324
324
332
340.37
344
348
352
348
352
344
348
344.746
344
341.279
339.094
338.113
337.323
337.256
308
308
312
304
316
316
324
332
332
340
336
332
333.545
336
328
336
324
340
336
335.454
336
336
332
328
328
324
316
318.513
312
313.327
316
312
320
324
336
336.949
340
336
328
329.417
328
326.864
320
316
316
320
323.665
340
345.905
343.87
400
392.052
382.868
384
384
372
372
360
368
352
352
340
336
328
320
316
332
324
328.83
336
338.102
340.282
360
344
348
340
344
336
328
332
336
334.957
340
340.205
348
348
348.222
348
348
348
344
348
345.247
336
336
332
324
324
332
328
332.133
336
328
333.712
336
333.936
336.405
337.027
336
344
341.717
340
340
344
336
340
340
336.718
336
337.546
335.433
336
328
336
320
324
324.948
316
320
324
312
320.625
312
315.705
315.734
312
314.887
332
328
340
352
352
356
355.211
352
348
348
344
332
328
328
328
316
320.57
319.343
320.684
320
328
336
348
340
348
348.833
356
348
348.635
347.237
348
352
350.377
352
356
356
355.438
355.085
348
344
343.552
344
348
348
344
344.923
352
348
348.303
348.174
356
360
356
360
360
356
356
356
348
352
344
345.284
345.269
336
328
332
328
336
336
340
341.537
343.125
344
348
332
336
332
332.075
336
320
328.762
324
332
320
320
312
320
317.514
324
336
335.603
332
344
340
340.587
340.4
328
316
320
312
312
312
308
308
316
317.533
320
328
320
332
332.108
330.535
348
343.803
352
356
356
352.692
352.227
351.774
328
316
320
304
308
308
316
324
332
334.207
352
353.109
348
340
335.98
344
341.345
340.188
336
328
332
320
332
328
340
336
337.085
337.339
352
352
352
348.288
352
356
353.588
344
340
341.206
332
332
328
329.054
328
328.89
329.614
328
329.304
340
324
336
334.462
328
328
332
331.754
324
324
320
328
328
336
324
328
316
324
320
308
308
316
304
312
312
320
318.765
332
340
338.614
340
340
340
332
333.123
324
320
319.414
317.857
304
309.362
296
304
301.501
303.875
304.726
308
307.551
316
328
329.333
344
356
368
380
376
364
361.209
359.132
356
344
348
346.518
340
340.32
336
340
352
340
360
360
356
344
352
336
338.173
336
336
320
340
324
328.098
329.59
332
340
332
340
344
344
352
356
354.775
348
350.28
349.882
347.967
347.153
344
336
338.373
336
340
340
340.772
352
352
348
356
352
352
340
348
346.022
340
342.843
340
339.132
332
332
340
342.77
356
360
356
348
364
361.892
368
356
360
352
352
350.201
352
350.799
350.722
340
328
329.979
328
328
336
340.215
360
364
376
375.569
369.882
364
352
347.275
344.593
340
344
340
328
331.38
329.887
331.485
348
340
336
336
336.073
332
332.346
328
328
327.734
327.713
340
336
338.123
332
340
339.715
341.114
340.152
328
320
332
335.144
332
328
330.44
352
364
352.484
347.952
368
356
356
356
348
348
348.656
336
332
333.385
328
327.834
336
336
335.231
332
332
332.958
332.265
328
329.399
332
331.7
340
332
332
332
328
328
324
325.967
328
320
326.204
324
325.453
325.701
326.36
324
324
316
321.926
324
322.512
320
332
328
327.736
328
328
327.565
332
329.134
328
344
344
335.755
336.478
340
336
340
338.108
340
344
341.12
344
340
344
344
343.099
348
360
356
376
370.409
368
368
360
361.005
359.068
357.194
336
328
328
324
326.502
324
344
336
352
348
364
356
358.505
357.617
356
340
344.804
342.494
341.252
342.135
342.502
332
344
340.592
348
344
348
346.237
347.129
324
324
324.891
332
336
337.256
352
352.498
344
344
340
338.032
336
336.663
324
324
320
319.729
320.471
312
316
312
312.893
313.896
324
328
340
340
340.811
336
328
328
324
323.51
323.955
316
308
320
323.06
316
328
330.658
328
329.021
336
336
336
340
356
340
344
343.746
344
340.13
336
352
348
352
347.704
347.759
348.664
348.044
352
348
340
336
332
331.849
348
340
356
352.783
348
356
352
349.723
356
360
355.184
356
357
354.92
348
352
351.056
340
340
344
344
341.787
348
349.296
346.028
336
344.4
345.109
340.827
332
332
334.634
320
325.15
327.932
332
327.201
344
356
368
372
368.044
360
364
352
348
348.008
340
337.184
332
320
332
328
332
336
348
340
348
346.656
344
348
344
344.326
340
332
328
328.236
324
328
340
336
348
344
344
356
352
356
352.964
356
352
351.537
349.824
344
344
342.451
342.391
342.331
348
344
344
348
346.527
332
342.071
340
328
320
332
336
344
344.636
336
341.411
341.398
344
336
340
336
332
320
316
312
324
316
324
330.02
331.355
356
356
352
351.71
348
348
348
344
332
332.627
332
340
341.806
343.323
340
340
348
348
348
344
336
340
332
340
332
332.916
332
328
328
320
322.48
320
321.037
328
344
340
339.322
340.437
348
344
352
348
348
332
340
338.654
340
336
337.758
332
340
332
344
341.279
340.911
344
348
346.294
344
344.374
344.23
332
338.168
336.35
344
344
342.575
352
352
349.838
344
340
341.808
341.275
336
328
320
321.233
316
328
316
336
336
352
352.383
356
355.399
354.509
348
348.453
340
332
324
324
324
320
322.669
320
321.702
322.291
324
328
324
324
325.218
340
340
324
324
316
312
304
305.245
292
296.57
296
297.451
299.828
302.107
300
304
305.655
308
308
312
313.68
315.667
312
312
308
307.797
328
324.249
322.475
336
320
336
333.053
344
340
332
352
328
340
336
334.25
332
332.065
324
326.582
312
312
311.697
311.277
311.68
304
352
352
347.314
344
345.061
345.875
324
320
316
304
305.784
308
296
304
300
308
312
312
340
332
331.815
324
322.486
316
312
312
310.43
310.517
316
315.919
324
325.485
348
368
372
344
348
336
328
324.77
320
316
316
312
308
316
316
308
316
308
316
315.029
315.899
320
328
328
328.535
327.964
348
345.93
344.06
342.325
336
324
328
327.201
326.952
316
312
312.991
313.457
312
312
328
336
335.418
364
362.945
352
346.424
343.362
340
336
336
320
319.58
320
316
316
318.09
319.657
321.27
323.081
324.827
326.522
327.653
324
323.039
340
372
368.355
404
388
392
386.676
380.36
388
380
376.502
360
344
344
324
324
320
312
312
332
356
388
412
420
415.299
384
376
372
368
362.969
361.003
344
344
336
348
355.885
356
359.362
360
360.138
364
362.125
368
360
360
356
348
346.743
360
356
352
336
336
324
316
320
324
328
331.819
396
400
389.699
380
376
366.299
352
344
332
329.193
324
324.538
326.346
340
351.978
376
384.515
379.796
364
356
346.524
337.068
331.151
328.053
336
332
340
344
346.864
348
352
348
348
336
348
352
344
344
340
336
332
332
336
328
331.109
331.982
328
332
340
340.22
340.059
368
368
356
352
344
341.318
339.917
324
328
324
328
329.71
388
404
387.021
381.67
376.919
368
368
364
360
352.968
372
364
361.921
364
360.529
368
368
352
344
340
338.766
316
321.597
308
308.836
307.771
332
324
332
334.711
340
342.82
345.747
352
353.907
332
336
336
324
332
329.652
329.89
344
356
352.74
350.431
376
369.325
363.604
348
340
332
336
332
333.216
336
348
352
348
348
340
344
340
340
336
344
336
337.413
344
344
340
344
340
344
336
338.233
338.889
337.956
328
328
332
324
328.086
332
331.211
332.039
320
328
320
320
324
324
340
340
344
340
340.857
340.978
332
332
332.027
330.693
340
338.314
338.035
337.802
352
348.2
340
344
343.012
328
332
340
388
400
392
383.068
376.673
356
344
336
328
327.732
320
322.641
328
340
348
352
364
356
351.133
352
340
335.673
324
320.79
324
316
316
316.463
312
304
308
308
312
315.764
320.517
312
308
309.729
304
304.541
308
308
312
314.543
308
296
312
308
308
309.886
320
316.645
316
315.449
324
320.851
332
336
328.808
340
348
356
352
336
340
320
323.486
312
316
312
312
308
316
313.55
324
323.833
340
339.611
364
360.188
356
352
347.491
343.282
348
344.758
344
352
344
340
341.593
339.999
328
324
340
332
333.935
348
348
344
345.184
344.12
341.947
340.246
332
332.178
344
346.137
343.456
344.75
332
340
340.421
336
337.084
328
320
332
340
336
340
341.747
344
340.108
339.04
340.556
339.486
332
328
336
340.789
336.592
372
354.073
364
364
360.228
360
352
351.9
340
332
328
327.467
328.247
336
340
348
350.618
344
345.577
348
352
352
349.486
349.042
368
372
356
355.575
340
341.865
336
340
340
340.509
340.975
360
360
357.019
351.949
352
352.368
352
356
352
344
340
336
344
347.475
349.251
344
336
340
348
350.951
349.843
352
368
360
355.183
352
352.664
348
344
340
328
336
338.702
342.759
344
341.883
364
360
356.968
360
352
336
337.726
324
323.343
324
340
332
336.672
336
336.148
328
331.184
316
312
308
312
313.417
315.937
308
316
312
312
312
312
312
316
312
316
316.086
320
319.918
324
323.862
324
348
344.179
342.349
336
340
340.196
336
316
324
324
322.671
321.988
332
328
327.487
327.613
344
338.875
352
345.93
348
345.767
342.389
340.512
340
336
328
328
324
328
328.418
328
340
332
334.026
340
344
336
337.763
332
336
332
332.679
324
327.802
316
304
306.489
306.99
300
304
305.304
300
296
308
305.526
307.577
309.112
316
316
317.565
304
310.805
296
300
336
340
335.801
328
340
320
320.978
312
310.299
309.049
296
299.84
288
300
296
297.837
298.83
368
368
356
352.343
332
320
316
316
313.217
316
324
328
316
328
316
328
332
328.629
344
328
328
324
324
332
324
328
328
332
329.961
348
345.218
404
408
380
384
380
372
364
368
368
364.515
344
332
333.25
332
340
340
340
336
336
324
320
320.782
319.73
328
344
356
360
368
380
372
368
368
366.497
364
368
360
357.007
352
344
341.544
336
332
320
316
320
312
312
312
312
312.081
336
336
356
362.371
400
396
384
376
368
368
364.521
352
351.684
340
324
312
311.796
311.946
336
348
356
356
357.594
340
340
324
320.695
320
320.336
312
313.105
316
318.325
320
320
328
324
326.217
326.62
340
336
328
320
321.153
332
332
344
344
340.804
352
352
349.647
348
344
336
340
339.09
337.657
324
324
344
348
356
348
348
349.98
350.719
332
324
325.551
327.433
329.147
344
352
360
354.132
360
361.285
352
348
348.547
336
340
344
340
336
336
336
332
324
328
316
318.19
324
328
329.938
332.132
333.778
376
384
368
366.496
360
340
340
336
333.822
332.923
332
328
332
332.369
332
324
332
324
328
328
340
348
347.992
346.248
336
332
328
326.355
328
328
328
316
316
320
320
320
316
328
336
335.898
356
356
348
356
356.45
350.018
344
356
356.986
352
348
344
340
337.689
335.906
332
332
332
328
329.608
329.579
328
328.993
352
348
348
356
348
352
352.26
340
343.081
320
312
316
304
316
317.679
324
316
321.473
321.862
323.381
324.072
324.753
336
328
324
326.298
320
316
328
348
352
364
361.398
359.061
360
360
356
353.092
344
336
328
332
332
328
332
332.938
348
348
356
348
344
344
332
331.091
328
324
324.507
328
330.331
320
328
332
344
346.712
347.627
352
349.774
348
344.744
340.308
340
338.107
336.138
332
324
324
316
324
324
327.382
329.449
331.464
348
352
352.463
340
336
336
324
320
316
312
312
312
320
332
336
348
348
348
344
344
340
334.485
328
324
324
324.407
320
321.216
316
304
312
308
312
300
304.722
312
304
308
296
304
300.695
292
296
294.915
300
296
299.938
300
302.092
308
300
304.546
296
304
304
303.537
316
316
314.112
308
300
304
308
300
304
296
296
296.893
296.845
316
310.344
320
308
324
316
316
316
320
317.467
324
328
324
328
320
316
312
312.597
308
308
300
303.309
308
306.804
296
308
308
304
312
316
316
316
317.698
320
312
316
312
310.739
311.397
308
316
304
310.231
312
309.687
308
312
310.384
316
311.889
296
308
305.239
300
308
320
316
314.01
328
336
352
344.102
332
333.006
320
312
304
308
309.066
292
297.744
300
301.806
304
305.733
320
322.584
340
338.518
352
336
331.82
329.362
320
316.686
313.995
308
300
308
307.165
308
304
306.627
304
320
332
331.414
330.693
340
336
332.036
332
328
325.198
308
309.62
296
300
299.26
296
288
290.954
290.425
292
296
296
298.293
304
300
312
312.2
324
324.491
332
331.978
336
336.127
336.131
328
328
312
312
308
312
312
300
312
304
304
304
300
308
316
315.701
312
312
316
315.763
304
324
320
319.39
324
316
324
332
328.732
326.13
356
352
352
348.922
336
336
332
328
316
316
308
304
308
300
303.676
308
308
312
316
318.093
320
321.826
332
332
328
336
332
331.39
330.038
344
340
340
324
328.48
308
308
308
308
312
312.782
314.59
304
312
311.517
311.389
300
308
324
348
360
354.759
364
360
354.854
349.465
336
336
320
324
320
319.103
312
313.947
312
308
308
312
311.982
312
324
324
340
342.107
341.729
364
368
364
360
356
354.281
351.465
348.377
344
342.212
324
328
320
321.03
312
316
314.668
316.107
312
324
332
340
336
337.912
339.282
340
348
336
340
336
340
328
331.461
324
325.418
332
328
324
332
320
323.428
323.562
328
324
316
316
316
312
316
320
324
324.885
326.108
344
344.191
342.619
336
324
328
332
332.09
316
318.8
316
308
308
308
309.704
316
318.45
319.838
316
316.275
316
304
306.116
304
304
305.172
312
304
307.382
308.516
309.885
311.428
332
344
340
336.342
304
288
296
304
300
300
316
308
300
296
297.859
292
293.931
295.645
288
284
288
296
297.632
297.714
284
292
288
292
290.711
292
293.406
284
287.42
284
284.059
283.847
304
300.574
308
312
308.823
304
312
309.58
300
301.55
308
305.512
308
306.204
312
312
308
308
308
308
308
307.102
304
312
312
310.494
316
312
304
312
308
300
309.749
305.089
296
304
300
308
303.266
320
320
315.382
324
328
324.299
324
324.764
323.528
324
312
317.031
315.262
304
311.302
304
300
296
296
288
291.651
280
284.126
283.772
288
304
304
307.31
356
372
363.767
357.981
344
352
350.164
344.434
320
312
311.751
308
308
309.106
312
314.757
316.909
317.626
312
310.819
292
292
296
292
296
296.518
297.745
320
323.829
340
342.943
344.092
342.835
336
332.53
328
324.77
316
313.702
304
302.937
296
288
292
291.366
288
296
292
312
311.388
313.419
314.856
315.416
315.472
314.605
313.727
320
312
308
304
305.351
304.279
296
299.092
298.597
299.149
296
297.784
308
300
304
304
312
309.365
312
304
308
307.061
306.799
304
304
300
301.691
301.667
301.602
296
296
292
300
296
312
308
312
316
324
316
312
308
312
310.622
312
312
312
316
315.83
312
313.217
316
316
316
320
324
328
326.745
364
356
356
352
356
348
343.892
340
336.948
334.542
332
330.615
332
331.06
332
332
331.557
336
335.348
344
336
340
336
336
335.726
328
331.108
324
325.909
316
323.384
320.311
321.834
332
332
328
331.981
324
329.591
316
316
316
332
328
336
334.182
335.3
334.92
336
320
328
324
320
316
320
316
304
312
312
316
304
316
314.379
304
316
312
312.22
312
312
304
316
300
312
308
312
312
316
314.155
320
316
317.35
320
312
319.881
312
320
324
320
319.889
320.558
332
336
320
328
326.648
320
312
304
300
300
300
301.02
300
308
300
300
296
292
288
288
287.202
280
282.605
276
284
276
280.977
280.409
281.751
304
304
306.656
308.557
308
300
304
302.081
300
296
292
300
288
291.2
288
296
293.656
296
295.833
300
298.792
300
308
312
296
308
305.297
300
301.462
300
296
296
292
288
296
288
292.593
292.535
292
292
293.014
288
292.356
291.342
280
280
276
284
280
284
272
281.142
278.668
279.976
280.786
280
288
285.394
288
287.996
288.633
284
272
280
278.196
272
276
276
275.818
276
276
276.919
272
277.534
284
280.218
281.084
296
304
296.715
300
296
296
296
292
288
284
283.825
283.566
288
287.835
288
304
296
296.375
308
305.762
304
296
304
300
308
308
305.236
304
296
304
288
296
295.359
300
304
304
296
298.944
308
305.212
300
304
303.733
316
308.301
308
306.084
307.56
316
312
309.693
308.818
332
328
320
320
324
322.61
316
308
309.715
312
304
312
313.148
308
308.094
300
300
304
296
298.887
316
317.309
320
316
316.88
316
312.437
312
311.187
320
318.874
324
324
332
324
324.478
320
320
318.476
328
324
328
326.454
328
327.344
324
320
332
327.462
324
328
316
316
312
308
304
316
312
313.298
324
332
332
324
340
336
328
330.52
331.704
327.899
320
324.714
326.031
300
311.018
300
300
304
304.967
304.295
304
306.769
312
310.585
316
320
319.211
320
320.034
320
324
324
322.912
320
332
328.807
328
320
324
324.125
323.211
332
332
344
340
340
344
336
328
324
324
312
316.743
300
292
300
292
296
304
308
320
312
324
320
324
328
324
324
323.973
324
332
324
316
320
304
308
308
308
312
312
313.019
324
320
320.958
324
322.564
322.002
316
324
308
308
308
320
324
328
316
320
308
312
300
304
300
300
300
308
307.938
309.113
308
309.319
310.111
312
320
316
324
328
324
320
324
320
319.469
316
312
316
316
316
316
308
311.432
316
315.951
315.328
304
309.43
308
312
304
316
314.133
320
314.411
315.136
316
312
312
304
308
296
296
296
296.971
292
288
288
300
300.123
301.389
292
300
300
324
348
340
336
334.408
333.339
328
324
320
317.268
324
323.369
321.926
318.948
320
319.594
318.596
316
308
306.885
316
320
316
320
316
308
308.886
308
312
313.086
304
307.589
312
312
312.871
316
320
308
304
312
317.722
304
304
308
312
308
304.149
308
313.28
308
304.023
308
315.449
304
300
304
288
292.136
300
316
336
356
342.519
364
356
346.044
344
338.503
328
328
312
308
306.434
300
288
292
284
286.474
292
276
283.405
280
292
289.829
296
304
320
340
344.452
352
348
352
340
352
348.942
340
340.021
336
336
332
329.426
328.519
328
320
316
316.038
308
312
312
311.755
308
310.039
328
320
324
316
319.556
312
308
309.766
340
368
364
360.444
352
356
357.771
332
328
316
312
308
308.065
312
312
308
316
304
316
304
312
312
312
316
328
332
344
342.589
340.792
320
324
304
304
292
296
295.343
296
300
304
306.482
304
306.434
307.153
307.848
312
311.894
300
296
297.467
288
284
284
284
284
280
288
288
284
288
288
288
284
276
278.924
280
272
276
272
272
272
268
276
275.098
272
276
277.14
272
275.652
264
268
260
264
264
256
261.774
256
260
252
256
260
252
260
252
256
255.952
260
256
256
256
256.943
256.764
264
260
252
259.131
260
256
260
256
256
258.05
248
256
260
250.164
256
252
252
244
257.584
249.065
248
252
250.429
252
248
256
252
252.783
253.635
252.766
256
252
252
256
251.074
260
256
256
256
255.051
255.668
264
260
258.264
260
260
256
257.914
256.964
256.605
268
264
262.268
262.584
268
264
263.622
264
264
262.363
262.53
264
272
268
268
276
268
276
273.22
276
272
272.953
273.08
272
272
280
276.314
284
284
282.674
282.469
282.477
282.358
288
285.88
285.357
285.499
288
296
284
296
292.377
291.905
292
291.799
304
298.701
312
307.1
308
307.701
307.341
307.279
292
300
304
292
300
296
308
300
300
300
312
308
308
307.353
312
320
336
331.17
324
322.893
320
328
324
324
320
316
308
308
307.585
296
296
292
284
285.031
316
312
312
312
308
304
305.306
312
312.807
312
300
303.192
312
320
324
340
356
348
348
348
348
332
340
332
324
320
320
324
312
314.288
316.029
315.676
296
304
303.355
312
324
324.879
344
344.729
352
344
339.431
348
348
345.022
342.644
343.552
340
337.58
340
336
340
336
336
335.484
332
328
340
324
328.252
328.063
327.93
320
323.93
316
316
316.714
320
318.779
308
312
312.699
312.111
313.473
304
308
324
324
328
344
340
338.969
340
340
340
340
332
333.008
328
326.164
328
344
336
328
332
336
334.528
332
332
336
332
344
328
340
337.97
336.36
344
328
337.474
320
328
327.929
320
326.715
328
326.28
327.094
327.849
327.848
332
332
331.777
332
324
320
312
315.561
304
304
304.632
308
307.755
320
328
332
333.561
320
323.451
324
324
320
320
312
308
308
300
301.745
302.25
296
304
300
316
316.11
328
327.849
327.308
326.481
328
326.376
312
312
311.156
311.005
300
305.329
304
316
300
308
312
308
316
308
304
304
304
303.867
336
328.944
320
320
320.091
320
308
312
308
312
312
310.104
304
307.446
307.704
320
324
324
332
328.977
324
312
320
304
308
307.814
304
305.503
306.354
307.198
284
288
288
292
308
304
306.717
308
307.303
307.669
288
288
292
296
298.146
328
330.195
364
372
364.031
360
364
356
364
356
352
336
328
320
316
315.708
320
316
318.263
320
324
312
316
315.537
312
320
316
328
326.784
336
328
330.983
328
316
312
300
301.848
296
308
312.063
316
312
324
320
321.544
336
332.285
332
332
336
328
324
320
320
316
316
316
316.606
312
312
312
316
315.736
312
316
312
312
308
308
316
304
312
308
309.945
310.397
311.138
320
319.426
319.586
308
315.932
304
304
292
300
299.781
299.718
300.83
300
316
311.171
316
315.278
320
324
322.806
322.396
304
311.493
304
328
320
328
332
332
336
336
328
329.703
320
321.205
316
315.789
312
292
299.724
300
304
308
308
316
324
336
328
336
324
324
316
314.164
312.365
311.828
312.675
308
309.891
309.631
310.571
296
303.092
300.728
296
292
296
295.049
300
299.722
301.357
302.387
303.511
312
316
316
316
312
312
312
312
308
304
304
312
311.963
312
310.061
312
304
305.713
305.925
306.498
312
300
302.213
300
292
294.822
288
292
291.934
276
287.874
276
280
276
292
300
299.717
301.483
320
332
330.499
336
335.118
316
312
309.201
296
300
296
295.644
292
288
289.218
288.994
296
296.534
300
301.531
304
304
303.191
302.736
324
324
336
312
308
300
300.105
300
300.943
296
296
308
300
302.178
304
304
296
296
296.786
292
292
288
289.612
289.151
284
280
284
282.761
284
284.451
308
316
320
316
324
312
311.694
311.226
320
304
304
292
296
300
288
296
295.808
300
308
312
311.176
316
314.399
324
324
320
318.532
320
328
324
320
316
317.458
320
318.424
316
320
319.825
320
320
316
332
327.534
360
352
352
347.634
360
357.106
353.893
352.158
348
344
340
328
324
324
316
319.055
304
304
303.158
296
304
296
296
296
300
296
292
292
292.823
296
296
300
301.682
292
300.512
304
304
308
308
309.693
310.933
310.693
320
332
320
318.862
318.954
312
304
300
296
292
292
288
292
284
288
287.774
288.613
288
292
296
292
294.453
296
296
292
296
295.418
296.365
296
296
296
297.477
288
288
284
284
284
280
280
272
280
276
277.951
272
272
272.873
272
272.746
273.129
276
275.534
277.441
272
276
272
284
280.82
280.741
276
279.305
272
276
276
280
276.484
276
280
272
280
276
280
276
284
284
288
292
288
287.662
284
280
292
284
288
285.516
288
296
288
292
292
296
288
284
292
284
286.004
286.18
285.867
285.858
300
308
304
300.802
299.595
312
309.233
306.529
316
320
320
316
316
312
308
308
312
308
304
316
314.523
312.756
308
304
308
308
306.048
304
312
312.802
316
308.076
320
320
314.355
324
328
332
336
328
327.598
328
324
324
316
317.596
304
300
300
296
297.765
312
315.744
324
320
332
336
344
340
332
328
328
316
324
324
328
320
320
320
308
316
314.03
304
304
305.104
305.244
305.779
304
305.352
312
312
313.435
316
320
316
316
316
312
316
308
312
311.826
312
316
320
332
328.866
326.636
325.491
332
330.531
320
321.137
324
323.159
308
304
304
304
304.976
316
312
324
316
324
323.785
336
331.33
329.005
328.568
328.362
320
321.426
308
304
304.138
303.98
304
296
308
308
316
312
320
320
328
326.135
312
316
314.671
312
308
308
308.244
308.505
296
302.718
288
288
288.678
289.145
308
308.1
308
312
311.849
312
308
309.261
308.984
304
308
306.921
306.572
300
303.07
302.934
308
300
303.515
304
300
304
304
296
296
292
296
300
312
308
320
324
336
328
332
328
324.212
324
320
318.129
316.514
316
315.702
308
300
300.879
300
301.361
292
295.827
296
297.149
296
292
293.812
293.351
284
288.459
296
316
308
316
312
316
314.576
313.878
324
320
328
324
324
328
320
316
316.698
308
296
292
291.493
292.066
296
298.115
300.356
344
336
334.473
340
328
328.267
340
340
332
328
320
328
312
312
312
316
324
324
324
328
328
336
332
329.663
328
332
320
328
292
309.386
300
292
292
292
292.331
296
300
300
300
308
306.98
312
312
324
324
320
322.218
322.348
321.317
328
325.848
336
324
328
332
330.091
329.255
324
320
320.916
320.477
320.087
320
319.946
316
312
313.208
312
304
316
328
320
312
308
296
296
288
292
292.248
288
300
302.131
308
316
328
320
320
324
321.714
312
312
304
300
288
289.057
288
288
296
296
300
296
308
308
308.347
308.045
304
308
304
312
312
312
312
311.769
312.393
304
308
304
308
292
296
292
292.674
292.549
284
296
292.281
292.265
296
296
312
308.671
316
312
313.697
308
312
304
304
304.015
296
300
298.341
292
295.818
288
292
300
312
320
316
315.965
304
300
300
292
292
292
292
288
292
284
300
297.113
300
308
308
312
304
316
316
320
317.083
324
322.066
324
316
320
324
304
311.264
308
320
304
308.198
308
304
308
306.498
304
305.301
304
304.811
304
296
300
296
296.998
300
299.198
288
296
294.274
296
300
304
300
308
308
307.466
324
320
324
320
328
312
316
314.794
313.942
308
308
312
308
312
310.463
316
316
324
324
323.174
324
323.473
320
324
316
316
328
316
312
312
312.69
300
310.77
296
276
276
284
284
292
294.65
292
284
288
280
283.279
272
272
276
274.568
278.073
296
298.863
308
300
300.953
304
301.406
292
288
288
286.907
284
288
288
286.944
296
308
305.794
304
300
296.659
292
296
292
304
288
304
301.016
304
300
292
295.768
292
296
300
296
300
304
308
296
299.016
296
292
300
292
296
288
296
296
294.178
288
300
296
296
304
298.35
308
308
312
312
300
308
296
308
296
296
297.765
292
296.68
295.967
295.922
288
296
296
292
296
292
294.141
300
300
300
300
300.926
301.048
300
300.828
296
292
294.959
293.379
280
292
288
288
292
290.031
292
292
288
292.96
308
300.266
308
305.919
305.837
324
316
312
313.512
300
304.539
303.189
301.706
292
296.811
295.533
295.274
304
324
332
326.652
324.422
316
316
313.523
309.647
296
308
300
302.023
302.964
300
316
312
320
320
324
324
322.133
332
329.097
327.012
325.546
323.966
316
316
314.494
304
296
308
312
313.605
316
312
314.011
316
316
315.651
324
312
316.197
332
340
336
332
331.733
340
332
332
331.537
329.847
332
328
328
324
316
320
320
304
313.585
313.426
324
324
324.067
344
352
344
342.837
343.961
340.346
348
340
332
332
324
323.769
312
314.225
316
308
312
300
302.98
304
316
308
308
316
315.484
324
320
316
312
320
304
308
304
304
308
300
300
301.636
300
300
300
301.161
300
312
308
307.87
296
302.776
300
296
292
304
308
316
312.15
320
318.301
317.051
376
372
376
376
364
348
344
340.568
336
332.649
328
328
327.712
316
324
320
321.164
320
312
316
308
320
312
316
324
332
320
328
328
329.138
324
328
328.032
328.847
316
312
324
312
324
320.102
316
319.773
316
317.717
328
324
322.658
320
322.603
321.861
320
320
320.992
308
316.917
308
311.455
300
292
300
299.412
300.34
332
344
352
352
349.748
344
328
327.077
324.049
304
304
308
304
296
300.061
296
298.026
296
292
293.957
296
292
296
295.562
304
303.724
305.503
306.892
304
312
312
313.254
315.07
315.593
328
328
332
320
320
316
320
308
316
304
300
296
304
292
288
296
294.773
304
308
332
331.904
340
338.08
328
320
320
318.221
316
315.21
315.707
312
300
300
300
300.932
296
292
292
296
300
302.586
304
305.854
307.611
309.169
300
304
292
296
304
305.972
316
324
320
317.049
320
318.596
314.028
316
315.201
328
316
316.677
320
320
304
308
308.198
308
312
311.849
324
320
332
324
332
329.344
325.72
316
320
304
304
304.761
296
296
297.175
296.9
316
328
336
340
328
332
328
316
312
304
308
296
300
299.231
304
308
308
316
316
316.993
324
336
328
326.592
325.515
320
304
305.23
304.04
288
292.462
296
300
300
304.096
316
312
312
324
320
320
320
312
316
308
312
312
309.648
310.755
311.465
308
300
308
304
304.446
304
312
308
308
308.991
300
308
304
300
300
300
308
308
320
320
328
324
323.057
323.374
308
308
308
307.869
304
312
310.724
310.974
311.956
316
308
311.192
320
304
316
300
312
309.309
308
308
300
306.013
305.909
300
296
292
296
295.952
296.809
297.94
296
298.285
298.276
308
316
324
332
336
340
336
334.208
328
328
324
322.437
316
308
308
308
308
300
304
308
292
304
302.561
300
302.515
300
301.822
301.515
308
306.887
308.573
296
308
308
312
324
321.831
336
340
340
340
339.285
339.035
320
323.226
320.4
317.826
317.533
300
305.909
300
300
316
308
311.81
312
312
312.817
308
316
308
310.424
312
316
315.495
312
314.535
300
300
301.034
300.704
292
297.805
297.29
297.611
298.755
292
300
300
300
300.919
301.284
328
328
325.16
324
320
308
307.764
307.42
264
272
276
277.254
316
324
320.526
340
338.411
372
362.619
355.646
356
352
346.737
342.269
332
348
344
336
332
331.948
332
329.706
328
332
329.584
340
336.625
336
336
340
344
336
337.839
340
332
336
336
328
336
336.023
340
335.886
328
336
344
332
332
328
336
332
332
332
333.987
332.905
332
336
334.649
333.137
334.943
340
334.285
340
336.291
348
348
341.096
340
348
348
340
341.789
343.426
342.106
339.262
340.094
340.765
340
340
340
332
340
338.889
352
348
345.06
352
348
344.563
344
346.326
348
336
344
336
344
338.538
340.891
340
336
340
339.776
336
336
348
352
348
346.058
340
352
352
344
345.5
348
356
348.614
347.16
352
351.686
352
344
340
348
348.274
348
348
352
356
352.287
344.033
346.999
353.296
344
344
336
336
340
336
336
324
320
321.852
323.485
324
328
330.996
336
336
348
340
341.465
336
352
348
345.939
343.883
360
364
356
356
356
360
360
356.594
356
356.355
352
344
356
353.011
352
356
356
352
353.213
352
352
356
360
356
352
353.493
356
360
353.223
360
352
352
348
352
344
353.01
348.479
352
349.562
348
336
348
344
344
340
344
344
343.809
340
344
340
352
344
344
345.459
344
340
344.777
340
352
348
348
346.995
348
348
346.397
344
344
348
342.53
344.586
344.718
344
356
344.132
352
336
353.912
344
336
332
336
340
340
336
336
348
364
352
356
352
360
356
356
355.108
360
348
351.625
351.559
349.519
344
344
336
348
336
340
340.89
340
344
340
340
341.001
340.948
352
348
348
344
347.265
347.287
347.118
347.023
347.658
348
352
348
356
348
348
344
352
348
352
352
348
352
352
350.743
352
350.595
348
352
352
349.1
348
352
346.187
352.013
348
340
348
340
344
344
348
344.474
348.868
352
346.907
352
349.694
348.6
364
354.36
352
354.513
353.156
344
348
344
340
344
344.154
356
348
348
352
352
348.624
348
336
343.722
332
337.354
328
320
332
330.104
324
328
340
332
336
340
338.961
352
352
356
360
356
364
361.616
360.51
352
352
356
352
348
344
352
349.236
352
349.999
352
344
352
344
348
352
356
352
352
352
360
355.998
355.283
356
360
358.055
357.202
360
364
364
368
368
364
360
360
352
352
348
348
344
348
348
348
349.388
350.138
348
356
352
364
364
360
360
360
368
364
368
366.793
360
348
352
348
349.542
352
356
348
352
344
356
352
356
348
356
352
352
352.753
356
355.146
376
370.033
352
352
352.931
353.621
354.186
344
344
352
352
352
340
344
344
348
340
342.912
340
348
340
342.708
344
344
344
348
347.833
344
340
352
348
345.785
344
348
352
356
356
352
349.515
348
348
348
346.387
352
350.112
349.501
348.739
324
357.533
316
360.99
346.779
328
332
344
348
341.522
344
352
356
356
353.955
353.924
348
356
352
351.596
352
356
356
354.089
352
344
347.841
346.732
345.118
352
360
364
364
359.132
368
364
368
352
360
358.858
360
364
360
360
364
360
352
356
352
348
344
348
348.233
352
348
352
352
352
352.628
352
344
348
347.958
347.899
352
352
348
351.307
351.467
352
348
352
356
356
351.508
356
354.401
351.095
344
352
336
352
344.46
340
336
348
340
344
340
343.677
344
343.815
348
356
348
348
348
348
348
347.905
344
348
336
344
340
344
340
342.844
342.731
342.793
343.288
344
344
352
346.503
347.538
352
352
340
340
336
338.537
328
338.506
328
328
330.119
324
328.336
336
332.656
344
344
352
364
362.372
364
363.448
364
360
359.589
356
360
357.793
352
352
348
352
352
344
340
344
344
352
356
360
356
356.558
360
364
356
355.86
356
356
356
356
360
364
360
359.519
360.83
336
352.337
349.428
349.362
324
340.452
316
320
332
332
330.59
333.083
320
312
320
318.827
318.873
328
327.01
352
356
354.198
376
372
380
375.163
388
382.916
372
360
364
360.39
357.613
344
344
348
352
344
346.298
360
368
356
356
352
351.12
352
352
351.356
360
360.176
364
364
360
360.209
360.841
360.541
360
358.052
364
364
360
359.404
352
360
356
352
353.131
356
356.019
360
356
357.604
358.263
358.502
356
356
360
364
364
359.163
368
368
365.519
360
356
356
360
356
352
348
352
344
346.48
340
342.753
336
328
332
336
332
348
352
353.748
348
360
360
358.877
360
352
356
354.888
352.991
353.561
356
354.438
356
354.887
356
355.437
355.249
355.248
355.12
348
356
356
354.546
354.548
364
364
368
356
356
360
368
363.29
360
360
361.972
362.661
368
364.233
360
360
364
360
352
354.158
355.095
364
361.643
358.548
348
356
348
356
348
352
352
352
352.878
360
359.617
360
358.285
360
356
357.413
357.327
356.774
356
352
352
352.745
352
348
344
346.843
352
350.571
351.359
352.257
352.357
352.435
353.023
353.055
353.044
328
324
320
320
328
340
336
340
343.923
344
348
352
344
345.814
346.267
344
342.415
342.626
342.317
340
340.182
339.815
336
336.993
336
335.717
332
333.091
332
332
332.497
332.556
333.045
344
352
352
350.996
344
343.951
344
348
349.503
340
336
340
344.086
336
336
336
328
332
332.782
335.069
328
336
332
332
328
329.427
330.406
330.308
320
312
314.512
304
306.945
312
320
332
340
360
364
368
384
380
375.187
372
376
368
368
364.974
360
360
364
352
353.88
360
358.267
360
360
364
362.753
361.154
359.917
358.779
360
358.549
360
364
360
372
369.787
369.536
364
365.958
366.142
364.414
364.135
372
376
372
372
364
364.682
364
363.908
360
361.961
364
372
369.336
364
364
368
368.039
360
368
368.504
372
362.302
367.636
370.01
360
356
360.519
366.562
364
356
364.736
364
364
355.955
364.941
368
356
360.869
368.232
372
364
364
356
364
360
356
360
363.817
356
364
356
356
364
352
360.172
356
352
356
356
356
352
352
355.377
353.85
354.242
352
356
356
360
360
358.628
360.06
360.227
364
368
364
368
372
360
364
364
360
348
348
340
340
332
336
324
328
328
324
328
320
332
332
344
352
354.49
352
354.584
360
359.47
359.963
368
380
378.617
376
368
372
364
380
368
368
367.841
360
364
356
348
349.208
352
352
356
356
357.258
364
360
360
360
364
380
377.087
380
377.584
372
380
372
368
368.813
368
368
367.699
364
368
367.414
367.206
368
364
364
360
376
369.294
356
356
360
360.674
364
364.04
368
376
372
371.692
368
369.863
372
364
364
360
364
364.052
363.66
356
360.722
360
356
352
354.099
355.057
356
360
360.1
361.281
352
356.36
356
356
352
356
356.055
356
352
356
344
352.88
348
352
350.114
348
351.663
360
354.082
354.902
355.626
368
368
364.016
363.268
360
360
360.104
356
357.078
352
352
356
354.083
352
356
355.662
360
360
359.682
368
365.867
363.294
360
360.542
352
348
340
336
336
336
328
336
335.712
340
343.589
348
348
356
360
361.549
362.673
363.593
364
363.704
372
368
368
360
360
348
348
344
344
344
348
344
345.7
348
360
360
364
360
372
372
372
364
360
352
351.263
352
352
352
352
353.077
348
352
356
357.072
348
348
344
344.838
344.555
345.117
344
348
356
358.692
360
364
356
364
360
360
358.298
360
352
354.337
348
360
356
360
356
364
364
363.015
356
364
356
364
368
372
376
373.717
372.716
380
377.829
372
373.575
376
380
368
376
376
376
384
368
372.72
368
369.103
360
368
372
376
373.138
368
371.181
368
369.253
369.026
368
368
368
364
368
367.5
360
366.988
360
360
364
364
372
368.718
368
372
380
376
372
372
368
370.127
368
368.849
352
367.121
360.812
360
352
352
354.593
354.399
356
364
364
364
376
372
376
368
372
376
376
374.108
364
369.077
372
368
364
364
364
363.833
368
360
362.525
364
364
363.641
360
362.172
368
368
365.188
364.863
372
372
372
364
368
368
372
368
372
372.924
364
364
364
356
356
360
360
358.357
356
360.036
348
344
345.523
336
328
329.92
316
320
319.041
324
324.449
340
348
348
352.369
376
376
368
364
364.194
360.927
360
356
356
348
346.943
345.312
344.023
348
356
360
360.253
372
372
370.288
380
377.863
376
376
368
365.308
364
368
364
364
364
364
356
358.186
358.185
364
364.136
364.145
364.574
372
372
364
364.907
365.662
364
364
368
360
364
364
368
365.058
360
364
364.906
368
361.299
364
376
372
368
372
376
380
368
380
364
372
368
368.996
367.536
372
368
369.387
368
368.9
364
368.024
366.7
364
366.476
364
365.283
364
365.095
360
360
372
364
360
364.279
364
364.04
364.772
372
372
368
371.141
364
368.622
367.138
372
364
364
360
360
364
360
360
356
364
364
364
368
368
372
370.304
364
368
368.008
367.569
360
368
360
356
352
348
340
332
340
342.86
347.784
324
324
325.541
332
333.111
344
344
344
356
357.611
356
352
348
348
352
344
348
340
352
348
352
349.2
348.139
352
352
356
348
349.469
349.899
352
352
344
345.938
352
348
348
344
344
348
348
348
340
348
352
360
347.781
368
372
376
372
364
368
360
364
340
340
332
333.731
334.649
328
324
325.846
340
344
344
360
360
368
365.932
372
368
368
364
368
372
356
359.442
359.374
360
358.617
360
356
360
358.613
358.087
360
359.667
352
354.297
360
352
344
348
336
340
336
337.151
344
343.713
368
372
388
388
385.653
396
394.002
392
392
376
377.732
373.962
372
360
356
356
356
356.326
352
364
368
368.91
372
380
380
376
372
368
368
368
368
368.771
369.737
364
372
368
368
364
368
364
368
360
364.004
360
372
368
368
376
380
372
364
367.222
360
364
352
356
352
356
352
356
348
356
356
356
356.967
360
360
352
364
360.786
360.639
360
356
358.829
356
356.903
356
356
352
352
356
360
355.144
360
368
360
361.293
364
360
360.898
360
356
359.339
358.596
348
356
357.146
356
352
352
360
352
356.722
359.784
356
364
361.177
354.281
366.063
360
352
360
360
356
356
368
364
368
364
360.607
364
360
372
356
362.079
360
364
359.249
364
356
368
364
361.815
364
362.304
360
356
361.834
324
320
341.578
320
330.877
316
320
316
324
304
314.062
320
332
356
357.069
359.912
360
360.622
344
332
332
332
332.377
332
336
348
348.353
336
328
332
308
308
300
300
300
308
320
324
327.619
324
336
337.321
340
332
336
337.512
335.047
320
316
317.25
316.639
308
312
316
316.353
316.281
336
336
331.261
330.054
344
356
344.175
372
388
380
368.69
372
371.954
360
356.898
359.857
356.943
352.841
351.215
352.689
351.737
356
352
360
360
364
368
365.061
368
365.91
372
376
372.341
368
364
364
364
363.753
364
372
376
375.285
376
375.612
372
376
384
380
377.747
376.198
372
380
372
368
368
372
368
368.547
364
360
360
360
352
352
352.046
344
344
343.543
340
336
340
352
340
356
355.529
357.824
372
368
369.826
371.02
388
385.111
380
376
377.047
368
369.28
376
373.569
372
368
360
361.753
376
372
380
377.029
376.322
372
376
380
384
380
372
384
383.3
384
374.932
368
368
371.278
364
364
360
360
372
372
370.228
372
384
384
384
368
376
368
372
364
356
364
368
369.236
363.877
362.756
356
361.95
364
360
364
376
372
372
372
368
384
368
364
366.735
364
364
364
364
368
372
369.739
364
365.992
360
372
360
365.117
356
356
372
364
363.933
372
376
376
368
368
376
372
376
372
364
376
368
369.026
368.846
368.405
368.864
372
356
370.135
360
363.512
368
364
364.833
365.727
365.874
365.984
364
366.619
366.541
366.351
376
376
376
372
372
368
370.625
364
366.752
372
364
367.552
364
368
364
376
364
369.615
376
376
372.159
373.428
373.409
376
372
368
368
372
368.858
368
376
372
384
376
376.064
376.637
376.004
380
372
376.914
368
372
376
376
372
372
373.256
373.621
372.785
380
372.898
380
374.909
384
384
372
384
374.663
380
380
380
380
378.522
388
376
381.102
380
380
379.091
379.663
380
376
380
377.636
384
376
380
384
374.671
388
380
388
388
388
386.288
388
388
387.328
388
387.61
388
384
388
384
385.135
380
385.207
381.803
384
382.67
380
383.669
388
383.454
385.586
388
392
384
392
386.659
384
384
384
384.814
384.108
384.98
384.809
388
385.232
387.112
380
384
392
388
388
388
387.651
380
390.14
388
392
382.632
388
392
396
404
396
393.451
396
388
391.368
396
396
396
404
400.634
399.57
396
392
396
396
392
393.139
384
388
388
388
384
376
380
380.564
380
380.846
382.38
383.239
384.273
388
400
401.507
399.191
398.241
392
391.947
368
360
361.515
362.255
372
380
384
387.393
389.24
389.429
404
406.114
401.73
392
400
392
388
392
391.366
388
386.857
384
383.372
388
388
387.476
388
388.15
388
392
384
396
392.688
392.215
404
396
404
400
399.521
392
396.664
396
400
396.228
397.158
397.75
388
392
396
392
393.006
393.183
404
400
396
380
384
380
381.112
384
384
384
385.553
386.34
387.265
388.116
388
396
404
392
396
396.471
396
396
388
388
388.54
388
376
372
373.855
376
378.052
376
372
374.862
384
385.911
384
376
384
380
382.084
388
380
381.236
388
388
385.647
376
378.595
383.291
384
380
380
380
385.136
392
388
388
388
388
396
392
385.264
388
391.211
391.304
396
404
404
396
404
412
404
396
392
393.497
388
387.71
388.084
388
396
397.347
392
388
380
380
388
388
389.016
390.402
392.379
393.697
384
392
396
395.809
388
396
396
388
389.288
391.718
390.074
392
389.419
404
404
396
393.086
388
396
393.708
408
399.012
396
400
400
408
395.603
400
400.877
400.306
392
388
384
372
380
376
384
380
372
376.735
376
376
372
368
360
364
352
355.484
352
352.788
360
357.237
356
359.542
360
368
364
364
368
372
372
371.956
376
376.031
384
384
384
380
388
392
388
388
380
384
376
384
381.492
376
376
376.842
376.622
376.413
368
368
376
375.62
372
376
376
384
384
384
376
384
383.748
384
380.192
376
380
380
376
377.172
380
380.234
372
376
376
376.686
372
384
384
380
380
376
376
376.148
388
392
380
384
386.855
380
376
372
384
380
392
385.184
388
400
400
392.069
388
389.798
384
383.481
388
384
383.443
376
384
384.224
380
381.549
376
380
388
396
388
388
389.659
388
380
392
384
384.291
384
380
382.855
382.955
382.085
381.645
383.321
383.35
396
388.296
392
396
392
404
397.662
392
396
388
396
392.911
384
392.701
380
380
384
388
384
388.546
388.687
404
404
400.741
396
392
392
390.51
389.031
372
372
372.971
400
412
412
396
404
404
408
396
396
397.71
396
391.669
388
387.625
388
388
384
388
390.028
376
372
376
378.308
376
374.967
372
396
408
401.367
396.994
432
444
432
425.16
416
404
399.51
396.3
392
388
384
388
389.588
390.892
392.039
384
384
396
392
388
388
389.403
404
392
392
392
392
396
393.677
393.263
394.701
404
408
405.08
404
401.779
412
412
400
396
396
412
404
404
401.094
396
398.554
388
384
384
384.921
404
406.572
412
400
424
425.11
421.127
414.644
380
392
396
404
396
392
408
400
404
392
392
392
388
384
385.662
387.528
389.341
387.888
386.718
388
389.676
388.442
412
409.769
405.976
403.074
396
395.874
396
400
392
400
396
392
388
380
384
380
382.032
388
389.551
404
405
400
392
391.968
400
401.014
398.972
395.797
394.74
392
392
391.678
390.974
390.982
391.622
392.312
384
408
432
444
432
412
408
416
408
404
388
386.563
388
392
395.636
398.049
392
392
393.349
395.006
395.593
388
384
392
384
388
384
380
381.877
388
400
396
388
392
392
395.561
393.907
408
396
400
396
408
416
411.026
396
396.939
392
404
400
396
392
400
396
396
392
380
385.174
376
380
372
374.694
375.591
375.741
392
396
400
396
404
396
408
392
384
385.977
388
387.76
396
388
390.198
390.897
384
386.214
408
400
398.489
416
416
412.615
410.299
409.706
404
402.789
396
388
392
390.982
396
388
392.065
396
395.978
395.498
396.731
396
392
393.016
404
416
411.484
407.7
405.771
408
400
404
396
397.028
392
396
400
400
398.191
397.873
408
406.561
404.517
400
404
404.898
403.033
392
394.377
376
380
384
400
404
403.207
404.615
412
408
405.222
405.216
406.155
402.578
388
396
392
392
392
393.59
396
394.342
392
392
392.746
408
405.312
396
404
404.175
396
396.999
392
388
396
404
408
412
412
420
432
427.661
412
400
400.649
404
404
400
388
392
394.431
388
388
388
396
400
404
396
394.731
408
408
405.648
399.481
396
399.569
403.732
402.781
397.029
396
392
396.632
396
396
404
400.645
400
388
392
392
392
393.264
380
384
376
376
384
380
384
388
388
392
404
400
396
392
393.272
416
412
407.249
388
392
393.978
396
400
384
386.59
388
390.874
388
384
392
393.616
396
404
400
396
392
396
392
396
388
392
396
392
396
388
391.795
408
404
408
400.597
408
405.697
412
406.052
400
400
400.354
408
400
400.593
401.304
388
392
388
388
384
376
378.752
396
412
409.423
408
400
404
412
404
403.646
396
396
396
388
388
396
399.011
398.149
404
405.578
403.527
396
396.17
396.546
392
384
392
392
392
392
393.962
396
393.405
394.438
396
395.315
404
404
400
400
400
396
396
388
388
388.296
392
388
392.26
388
392
391.944
391.942
388
392
392
396
384
388
388
388
388
384
380
383.131
388
388
392
384
392
396
400
404
392
393.569
388
392
392.133
391.56
392
396
400
392
394.029
400
396
404
392
396
396.262
395.68
396
396
400
396
397.327
392
396.596
384
384
392
392
391.954
393.136
396
395.338
395.176
408
400
392
392
392.977
396
388
384
388.026
388
384
387.214
380
380
381.531
384
383.649
396
404
428
416.504
420
412
412
409.078
404.461
408
400
399.331
392
392
388
384
384.909
380
392
388
392
400
392
396
392
393.139
408
404.984
424
420.881
420.342
424
416
420
408
410.33
408.174
412
404
396
404
412
409.911
412
416
416
420
418.464
417.82
417.06
412
412.48
412
404
396
397.219
388
400
396
399.498
404
400
412
412.082
404
407.941
408.286
412
408
408
400
404
400
396
398.05
392
394.482
396
388
392
388
404
398.57
399.361
404
396
408
404
403.724
396
392
384
396
408
404
403.35
404.76
403.604
408
408
405.233
404
400
396
392
392
392
404
408
396
399.301
404
416
408
408
408.763
396
404
404.392
404
396
396
396
397.001
396.57
397.706
400
401.138
400
398.554
392
396
392
404
401.008
400
404
392
404
396
400
399.182
396
398.553
388
392
384
392
404
396
397.376
398.111
398.645
396
398.521
388
397.351
392.248
416
402.585
416
404
406.197
408
412
396
396
388
388
388
384
385.628
388
392
391.886
388
390.239
391.02
400
399.424
404
403.207
404
412
424
408
408.167
392
395.041
396
397.651
397.203
412
412
410.454
408.481
416
412
400
400
404
404.439
396
388
396
404
401.173
397.198
408
416
407.632
404
404
406.326
408
416
408
404
405.788
408
396
396
392
396
397.884
404
400.441
404
406.622
407.511
404
401.589
392
392
384
388
388
380
388
384
396
392
393.81
404
404
400
392
388
388.795
388
388.824
392
392
408
412
424
416
412
412
412
409.3
412
410.251
408.966
408.103
412
411.266
410.791
396
400
399.767
396
397.502
392
396
395.895
404
404
400
408
404
416
413.14
404
396
404
404
400
404
404.327
384
396.971
392
396
392
395.185
396
408
408
400
404
400
404
401.213
396
399.915
396
412
404
404
412
416
424
404
404
405.09
424
424
416
412
408
409.651
411.813
411.331
416
400
402.787
388
388
396
397.957
399.058
398.533
396.056
412
404
406.356
405.854
400
400.313
412
428
424.606
396
394.967
380
384
380
384
384
392
392.902
384
384
384
392
380
388
388
389.877
392
392
384
384
392
392.925
391.924
404
403.133
400
392
412
392
396
396.673
392
388
384
388
384
388
387.987
384
387.094
392
389.792
396
396
392
392
393.336
391.072
390.342
372
372
372
372
372
374.264
396
396
400
388
388
384
381.733
384
384
384.345
388
388
380
388
396
394.826
392.744
392.186
392
389.465
396
384
384
384
380
384
388
380
372
380
384
382.535
376
376
372
372
380
380
388
376
388
396
392
390.631
391.572
376
382.792
382.503
376
379.684
380
376
379.186
380
378.339
376
376
376
392
392
386.852
388.47
400
416
396
404
403.438
384
384
384
396
391.897
392
393.892
393.705
391.092
392
391.153
384
388
388
387.261
396
396
404
398.354
396.556
404
401.634
396
397.305
400
392
394.299
384
380
380.804
392
392
392
388
389.749
388
388
388.394
384
380
380.905
392
393.024
400
399.72
396
396.644
408
396
392
384
384
388
390.62
391.813
389.719
400
402.289
404
404
399.334
397.195
420
408
400
399.129
401.179
388
392
392.097
391.92
392
388
390.818
391.901
384
386.993
396
392
392
396
395.531
393.352
392
394.131
388
396
396.109
392
393.848
388
400
388
384
380
384.505
384
384
392
391.468
390.562
384
392
404
397.622
395.145
396.294
392
380
380
384
376
380.569
381.929
384
384
385.388
376
380
384
392
396
388
388
376
388
380
380
384
384
383.491
388
396
393.557
396
392.369
416
408
408
400
401.133
401.467
396
388
388
388
396
393.778
408
408
406.186
412
409.99
412
408
406.245
404.871
404
408
404
400
400.954
412
409.412
404
400
402.096
408
416
412.367
408
406.242
408
408
392
388
388.061
389.706
388
388.893
390.286
384
387.432
396
400
388
404
412
404
408
404
408
404
400
396
384
385.436
384
388
384
376
380
388
404
405.012
408
406.188
412
412
407.611
404
396
400
400
400
398.525
396
404
416
415.674
408
400
399.394
401.809
412
412
400
400
401.019
400
408
392
395.096
388
393.452
380
372
371.697
396
398.871
398.5
428
425.747
444
428
408
416
417.967
417.611
400
402.904
405.185
396
404
400
400.428
400.202
399.772
396
396.227
404
404
400
408
396
398.845
400
396
397.777
397.167
398.216
396
396
400
400
396
399.414
399.093
408
416
420
416.029
413.088
424
422.865
420
417.893
416
416.585
416
414.743
414.064
400
403.588
404
405.056
388
396
400
404
416
416.373
408
409.735
412
404
396
412
404
400
400
392
412
408.857
406.902
428
422.799
428
420
412
408
400
400.672
392
393.882
392
392
396
396
397.646
396
397.74
388
392
400
397.987
408
404
408
412
420
416
400
396
396.484
392
393.906
400
401.866
403.121
404
400
396
404
392
395.416
416
412
416
416
412.845
410.893
407.846
404
400
408
406.114
396
399.197
396
395.788
392
393.481
393.678
393.539
396
412
410.212
420
412
436
432.069
428.506
404
405.887
400
400
416
396
400
392
408
420
404
405.869
406.975
400
408
406.186
412
409.784
409.024
396
404
402.536
408
405.386
392
392
392
404
400
396
398.114
400.135
396
397.7
398.845
408
403.725
402.055
408
408.593
405.342
400
406.902
404
408
412
400
412
416
420
416
416
416.896
416.763
416
416
408
408
408.047
412
412
408
408.459
392
396
397.358
398.117
396
400
400.144
408
408.097
407.736
396
408
404
408
404
400
403.464
408
408
400
392
388
388
389.377
392
392
392
393.695
396
396
408
409.432
388
380
382.437
385.373
388
384
384
392
399.742
401.655
396
396
412
404
412
404
396
408
396
396
394.826
395.097
384
386.722
396
396.838
388
396
396
404
404
400
408
416
428
420
415.505
396
408
416
408
404
392
408
400
408
396
396
399.069
396
396.901
395.068
400
396
392
394.062
384
388
388
388.062
400
404
416
400
408
412
410.886
409.504
400
403.385
404
408
404
396
396
396
392
384
384
384
384.825
385.791
388
400
392
393.977
416
428
420.049
416.461
408
407.465
416
416
408
400
396
400
408
400
400
408
411.529
404
412
414.225
412
407.071
405.97
407.527
404
396
404
396
396.498
400
404
412
407.663
400
404
404
404
400.188
400
400
401.243
408
396
400.69
392
396.108
396
400
392
396.27
412
404.932
412
412
424
436
424
420
404
406.523
412
411.32
400
396
384
396
404
400
398.644
388
396
396
397.93
394.867
391.714
404
408
420
412
412
414.472
420
416
408
412
408
409.842
405.045
392
396.568
392
394.133
393.851
396
408
408
408
400
400
396
396
408
404
404
400
400
400.842
404
408
396
399.021
400.079
401.052
400.454
400
398.905
384
388
389.107
388
389.46
412
416
416
412
411.62
412
420
404
404
404
404
401.659
399.575
392
392
396
404
408
404
396
388
396
400
401.629
396
392.999
416
418.581
432
412
409.609
424
412
416
408
404
406.859
408
408.382
396
392
395.603
401.309
404
388
400
404.172
416
420
408
392
392
404
400
397.805
404
420
440
428
421.211
432
428
432
416
412
416.415
419.868
416.257
408
400
396
388
389.221
388.992
389.264
376
388
388
388
392
396
400
412
404
412
413.336
413.157
440
436
432
416
424
416
416
408
396
400
397.901
398.166
398.709
398.907
399.531
412
411.037
412
400
400
400
408
404
404
404.92
406.207
404
404.211
403.076
404.157
400
400
400.838
396
396
400
412
404
408
400
404
404.02
408
400
396
396
396
392
392
396
404
404.698
404
412
412.9
424
416
404
412
416
412
400
404
400
404
412
400
402.303
392
395.197
400
396
397.188
396.67
388
388
389.611
392
392
391.089
388
396
400
404
404
404
403.138
404.466
412
412
409.306
416
408
408
400
400
416
413.697
400
388
396
400
402.448
400.617
392
396
404
406.694
403.165
408
405.356
407.043
406.575
403.77
403.221
404
412
404
416
400
402.922
400
404
412
407.669
400
401.744
392
392
396
396
384
396
400
399.564
400
388
394.887
396
404
400
404
404
400
404
396
396
396.998
388
392
392
408
412
424
448
432
424
423.032
420
420
404
412
411.161
410.103
412
408
408.238
400
400
392
392
388
388.899
396
397.93
420
416
408
432
420
418.169
412
424
422.565
404
400
396
392
400
400
404
406.507
396
404
404
416
404
396
404
408
412
412
404
406.102
396
404
400
396
392
392
394.67
400
398.681
400
408
408
406.409
408
408.498
404
404.34
396
397.194
397.214
388
392
396
397.193
396.839
400
400
412
408
412
410.036
396
399.447
408
440
440
408
407.731
407.665
344
332
332
332
336
332
337.287
336
336
338.148
339.627
341.418
344
348
340
343.536
344.825
346.872
324
316
316
312
313.968
316
317.779
340
352
356.287
372
396
400
404
397.413
396
400
400
396.554
400
392
396
393.788
396
384
384
382.631
384
382.618
380
379.27
388
392
390.046
388
386.973
388
384
384.013
384
380
388
388.212
380
380
376
378.234
376
380
380.801
384
372
380
372
380
376
376
376.905
376
376.907
368
377.447
368
373.083
368
376
364
368
372
372
371.73
368
372
372
371.988
372
376
372
376
376
376
376
372
376
374.245
374.202
374.328
374.227
384
380
384
380.924
380
380
388
388
392
384
385.133
384
384
384.058
388
388
388
388
384
384
384
376
384
383.134
383.205
388
396
393.743
404
408
404.528
396
396
395.883
396
396
395.958
395.915
400
399.671
396
397.118
388
390.457
392
396
388
392
392.189
396
412
396
400
399.989
400
400
398.343
396
392
400
392
396
395.438
392
392
384
392
392
388
391.75
391.439
391.233
396
400
392
388
391.45
391.685
388
384
388.881
389.352
384
384
376
380.678
380.88
380.694
384
388
392
390.099
392
392
390.19
388
389.394
384
388
376
376
377.439
380
380.034
384
385.281
392
400
398.112
396
404
396
396
395.956
392.673
392.26
391.052
396
396
400
400
408
408
396
396
396.236
396
384
392
388
388
384
380
376
376.781
384
384
388
388
380
388
388
392
384
387.446
388.371
388
392
384
392
388
388
392
388
389.304
389.333
384
380
384
376
380
384
388
396
388
384
384
392
388
400
396.302
396
404
396
392
394.075
388
388
388.711
387.126
384
388
388
392
389.868
380
386.14
372
380
384
388
388
387.6
396
408
404
408
404
408
412
409.75
400
404
404
408
392
395.566
396
388
396
388
388
392
384
388
384
392
390.516
390.59
376
388
380
381.898
382.785
382.368
396
392.039
392.658
404
400.919
400
392
392
392.556
391.6
392
392
388
390.266
396
393.198
392.873
400
396
400
404
400
400
400
388
392
392.054
396
396
396
396
404
400
400
404
416
408
400
401.479
388
396
396
404
399.914
396
408
408
408
402.375
402.339
400
400
397.827
396
400
392
395.873
396
392
396
388
396
400
396
397.506
396
400
392
398.883
400
392
388
384
392
391.943
388
392
392.72
400
396
404
392
400
396
400
396
397.714
392
388
392.142
380
384
380
380
388
385.872
392
392
400
396
392
394.352
396
394.857
394.865
400
404
400
401.11
400
404
400
401.019
396
404
412
407.728
406.064
405.495
404
416
408
408
416
412
410.286
408
404
404
408
420
412
416
404
404
400
396
396
392
400
400.359
400
400
400
400
400
400.417
400.236
400
400.314
400.496
400
388
388
400
396
397.364
396
400
404
396
408
400
404
400
392
392
393.332
392
388
396
388
404
404
396
400
400
404
392
400.754
392
392
392
392.83
400
395.72
396.858
400
404
400.706
400
404
400
392
396
395.808
394.017
396
396
395.341
395.425
396.478
392
392
393.334
393.243
392
392
396
396.42
404
404
400
400
401.028
404
404
400
392
394.355
408
406.038
404
400
404
412
411.349
404
400
408
404
396
404
392
396
384
388.656
392
400
396.02
400
400
401.387
400.283
404
396
396
396.86
396.81
376
387.677
385.41
385.091
376
380
384
380
392
384
387.193
376
376
372
360
360
356
352
348
348
344
345.753
340
342.733
344
343.892
356
364
368
384
384
386.053
388
392
390.817
408
408
400
396
400
396
392
389.65
388
384
392
388
387.351
392
384
388
380
381.379
376
384
381.378
384
388
380
388
380
384
383.971
400
395.236
392
392
392
392
396
400
388
388
384
385.073
384
380
381.757
368
372
371.705
371.61
376
384
385.313
386.901
408
400
399.392
400.107
428
416
400
396
428
424.46
396
376
380
383.05
385.423
383.136
404
396
392
389.895
392
392
387.852
380
388
389.471
387.938
372
372
372
374.838
368
376
372
372
372.334
372
372
368
369.854
376
375.726
372
376
376
376
377.431
372
380
380
388
383.412
380
380
380
379.926
384
380
384
388
385.78
384.523
384.364
392
388
388
387.351
387.19
388
388
392
389.754
376
380
372
384
376
380.242
372
380
380
380.03
380.452
380.953
381.65
392
404
396
392
392
392
392.666
388
388.671
384
372
376
376.159
377.258
376
377.708
376
380
380
384
380
384
380
384
384
383.866
383.731
376
372
373.008
368
370.371
370.312
368
370.516
368
369.86
376
376.155
380
380.815
384
384
380
381.583
376
377.092
380
378.769
376
388
380
381.046
376
388
383.02
382.735
392
388
396
396
392
388
392
384
388
392
396
396
392
408
403.041
401.656
404
402.576
401.403
396
396
404
392
392
393.122
392
391.608
392.412
392
391.865
391.968
392.634
388
391.758
380
388.276
380
388
384
396
388
390.339
400
392
394.617
384
392
384
392
388
388
389.026
388.892
388.867
392
389.278
388
392
396
390.243
408
396
408
404
404
403.3
392
399.428
388
392.775
400
400
400
412
408
408
407.88
400
396
396.486
396
400
400
392
400
397.558
404
392
396
396.561
395.855
396.574
392
396.342
395.436
396
400
397.174
398.005
408
400
396
399.091
388
396
396
400
394.501
400
408
416
416
412.79
416
424
424
416
412
412
400
392
388
388.094
380
382.01
382.945
384.084
396
402.244
416
412
412.583
404
400
398.172
396.62
396.16
404
407.883
412
400
404
392
391.837
400
412
400
392
392.87
400
402.498
400
400
404
396
400
400.193
400
398.271
398.002
404
400
400
400
400.663
392
392
395.076
388
390.909
393.151
393.595
404
402.854
401.046
400
400.68
404
388
400
396
400
396
397.807
388
396.504
392
392.962
396
392
384
384
380
388
384
392
404
420
416.47
420
420
420
418.174
408
404
400
404
408
409.067
396
400
392
391.735
391.221
400
400
400
399.282
398.844
408
408
412
412
404
400
412
408
420
404
404
408
408
408
404.635
400
401.786
403.245
416
408
412
406.338
406.497
412
400
400
402.692
403.552
402.879
400
404
392
400
400
404
404
401.673
404
405.211
408
405.575
404.546
405.859
396
400
400
399.681
399.514
396
401.35
396
408
412
405.058
408
408
416
409.405
408.843
416
412.351
412
400
407.914
392
401.574
399.461
408
403.423
404
408
412
412
408
409.695
410.358
412
409.292
428
400
408.695
400
408
424
400
410.616
416
416
412
412
413.885
412
416
408
412.23
404
396
392
394.728
395.641
384
391.008
388
388
388
389.016
400
412
400
404
392
394.332
394.025
400
400
401.074
402.127
404
404.391
403.986
403.638
403.503
400
404
402.042
396
398.314
400
400
396
392
396
392
393.102
404
408
403.361
404.665
406.099
404
404
400
400
400
398.315
398.261
404
404.358
404
400
401.283
401.913
399.808
400
400.6
399.96
388
396.516
404
404
408
405.528
416
420
420
412
412.146
412
411.02
412
408
408.052
400
400
404
404.639
392
388
392
396
396
396
396.666
396
397.642
397.35
396
396
396.65
397.001
397.249
408
408
408
408
408
407.952
407.27
404
403.983
404
403.475
396
400
400
400.188
400.419
400.489
400.66
400
412
404
408
396
402.581
404
396
400
399.951
399.701
399.668
404
408
400
405.805
400
403.99
401.927
400
412
412
412
409.219
404
412
408
412
408
396
404
402.378
404
400
402.38
408
404.749
403.244
400
396
401.238
402.032
401.424
412
407.992
406.334
406.065
408
408.405
405.857
388
396
397.616
392
396
396
397.347
412
420
416
404
405.596
406.786
408
412
408.409
408
408.054
412
408
400
401.31
402.793
404
404
396
398.535
404
408
404
408
408.559
400
408
400
404
400
402.941
404
404
401.662
404.309
420
420
408
406.84
416
412
407.037
406.144
408.792
408
400
400
400
400
400
396
392
388
396
396
396.973
396
398.484
401.769
400
397.723
396
404
404
408
404
402.226
404.9
404
408
400
408
408
400
408
404
403.979
416
404
400
392
396
400
396
400
400
404
402.336
403.181
396
400
412
405.427
420
416
416
416
416
413.794
408
396
398.593
404
416
414.098
412.49
412
412
408.601
416
412
410.432
404
412
410.693
404
408
408.603
424
416
416
420
416
424
421.218
419.306
408
400
404
405.319
406.261
396
403.248
408
404
412
408
416
404
408.914
409.169
408.499
408
420
424
428
424
432
444
444
439.421
424
425.356
416
412
408
404
404.539
404
400
404
400
408
416
412
408
412
413.126
416
408
408
412
412
416
408
411.066
404
416
408
409.817
412
400
409.184
404
405.618
405.555
405.405
416
408
408
416
411.367
416
400
400
400
401.183
400
392
399.537
397.8
412
405.453
412
416
408
416
413.667
412.523
400
396
396
400
400
404
392
397.184
400
399.81
408
400
404
404.288
408
405.713
400
404
408
408
404
396
396
396
396
392
404
400
396
404
408
403.578
408
404
403.397
402.37
402.905
408
412
416
411.535
409.731
400
404
412
410.555
400
396
398.353
396
400
400
399.809
400.28
401.274
396
392
404
412
412
404
400
400
404
406.96
400
396
396
408
412
420
412
401.771
416
418.395
424
412.941
408
412
404
416
404
400
400
404
412
404
400.798
396
404
408
408
404
398.162
408
412
412.798
404.041
399.629
396
396
401.566
404
399.718
408
408
408
403.145
396
396
400
408.655
404
396.44
408
408
412
404
399.209
404
408
407.677
397.381
398.303
416
412.96
404.38
398.057
416
408
400
395.11
403.936
410.825
412
394.715
400
396
400
404
395.607
408
420
413.891
401.607
428
420.463
416
420
408
404
405.618
404
400
392
397.715
396
408
404
416
416
424
420
417.167
404
416
412.871
410.267
411.288
404
412
409.89
408
409.278
409.363
416
408
410.848
392
392
404
396
396
388
400
412
416
432
428
426.278
428
426.696
428
412
408
412
408
409.295
408
407.91
416
416
415.342
408
412
411.924
416
404
412
408
404
408
412
408
409.114
412
412.019
412
412.057
400
409.645
396
404
403.791
403.561
400
403.833
416
416
424
408
412
424
416
420
404
413.762
408
412
408
404
400
404
412
416
424
412
412
416
412
400
412
404
420
412.661
424
418.191
417.505
412
416
408
416
408
412
416
420
420
417.583
412
415.152
414.994
416
416
404
415.93
392
384
384
380
368
373.157
364
364
352
352
352.378
356
372
368
388
384
384
380
376
372
372
364
364
364.013
356
356
352
360
359.458
362.377
364.454
396
392
390.259
412
409.729
416
410.57
408
412
408.787
405.701
408
404
396
396.135
400
398.49
400
398.901
396
404
401.988
408
400
401.525
400
404
408
400
408
408
406.699
408
407.8
412
404
404
400
400
400.591
392
400
396
396.768
396
396
396
396.664
404
400
408
416
420
412
412.863
408
416
412
411.609
404
408
408.036
407.972
407.656
396
396
400
399.905
400
400
400
401.927
404
404
403.643
408
408.178
412
408.435
406.545
408.448
400
412
404
408
408
416
420
408
409.604
420
416
412
400
404
404
400
400
401.352
396
392
396
396.042
392
396
392
404
396
404
412
412
412
411.537
424
421.755
420
408
404
405.173
408
404
404
405.085
400
408
412
416
408
408.986
408
416
416
412
416
416.313
412
416
408
412
400
420
412
411.376
400
388
394.225
404
404.463
408
404
406.824
424
420
416
416
417.574
415.548
412.643
411.96
404
405.319
400
404
408
408.283
407.483
408
404
404
403.41
412
412.457
410.584
404
400
400.82
400
408
404
396
396
397.472
400.65
404
400
408
412
412
408
406.274
408
410.413
408
403.176
412
415.492
416
404
400
400
404
406.073
388
392.934
380
384
385.824
400
408
402.82
399.598
412
412
411.702
412
416
412
416
416
412.592
416
415.826
416
412
411.218
416
400
392
396
388
396
404
404
404
405.644
405.772
416
416.328
408
412
408
412
410.227
410.56
392
404
401.2
400.961
416
404
406.66
412
408
408
400
404
412
416
410.216
404
408
409.521
420
404
407.724
410.168
408
408
408
409.132
412
412
408
409.772
396
405.278
407.136
406.274
404
412
400
408
416
407.41
412
404
411.179
396
396
392
395.259
404
412
409.58
409.902
410.875
428
423.254
408
412
404
416
412.286
410.833
410.673
404
416
408
416
416
416
416
428
420
428
416
418.022
418.012
416.744
416
415.598
415.564
415.456
400
396
400
400
392
398.808
392
392
393.347
396
412
408
408
404
408
407.257
407.731
412
412
416
428
424
428
436
416
416
416.231
404
407.362
406.68
412
400
404
404
412
416
408
412
408
412
412
400
404
396
408
404
408
407.505
396
400
408
407.607
408
400
403.014
408
408
404
404
406.451
408
400
403.068
400
404.765
400
403.363
404.66
400
408
401.727
420
402.147
404
412
404
408
405.177
405.73
392
409.986
408
401.279
406.964
403.126
424
424
416
414.381
408
420
420
412
412.767
413.838
412
412
404
404
396
396
396.507
408
404
405.434
404
416
412
412
411.322
396
396
404
404
412
412.046
412
411.996
416
408
412
408
406.589
416
408
412
410.39
409.621
412
404
404
404
408
412
404
404
400
408
404.909
404
404
392
412
396
400
401.065
401.018
400.919
401.768
401.709
396
401.519
396
408
412
408
406.392
405.398
416
410.563
412
410.169
404
408.404
420
411.814
410.392
408
409.433
408
400
404
396
408
403.818
416
420
408
404
412
412
408
404
396
388
390.845
392.8
408
416
413.614
420
420
408
408
396
395.054
393.782
404
404
405.225
400
401.133
392
396
396
400
401.455
412
408
405.649
402.976
416
416.38
413.051
408
408
409.484
412
410.782
407.035
408
409.419
412
404
408
416
412
428
423.314
420
420
412
412
408
412
410.835
396
405.044
400
408
408
407.33
408.453
388
388
384
384
400
402.093
408
400
408
407.968
420
417.212
415.477
420
416
420
408
404
404.63
404
408
404
396
398.495
404
408
407.391
404.202
404
400
400
400
396
392
392
391.687
408
412
420
417.684
414.304
420
421.825
416
411.804
404
404
403.856
400
399.593
400.123
400.996
404
405.139
416
419.681
412
420
421.209
416
412.955
412.796
411.034
408
396
392
392
391.739
412
422.262
416
424
432
428
428
426.386
424
416
414.142
400
400
404
408.119
396
400
400
400.833
408
408
416
420
420
418.199
412
411.847
410.326
380
390.718
384
383.655
404
408.809
420
436
440
434.954
430.164
424
416.629
410.632
416
416
404
408
406.537
404.072
400
408
404
412
410.761
408
412
409.926
416
413.435
408
409.45
408
408
400
404
400
396
408
404
405.167
408
406.005
416
410.881
411.482
416
412.816
413.511
416
416
408
413.02
400
396
398.514
400
400
408
409.03
420
416
416
420
416.258
424
420
408
416
408
409.873
404
400
400
399.992
400
392
392
392.553
388
390.285
396
416
404
420
418.105
416
417.179
404
400
400
396
396
392
393.492
392
393.47
394.273
388
400
392
396
392
392
392.714
392.393
400
396
400
388
395.566
380
376
377.691
377.323
368
376
376
372
376
375.937
384
382.855
384.627
385.66
386.59
387.406
408
404
408
406.458
406.012
396
400
397.827
396.537
396.14
400
408
400
401.578
412
408
412
404
408
408
408
404
404.205
404.199
404
402.519
404
396
396
396.489
396
384
384
384
368
380
372
376
375.853
372
372
372
372
372
372.775
373.048
373.484
392
391.622
388
390.584
391.941
384
386.263
380
384
382.727
388
384
376
376
375.954
380
380
380
388
388
387.066
385.701
392
400
395.525
396
394.075
391.714
388
392
396
394.522
391.309
404
404.483
400
397.72
396
397.129
400
395.909
408
412
416
412
420
419.496
415.348
424
424
419.429
412
413.666
412
410.036
404
396
396.982
388
389.779
380
384
388
380
384.834
384.78
386.174
412
409.524
412
416
420
419.164
419.327
420.007
412
408
407.524
406.148
405.695
408
404
405.324
404
403.699
403.349
402.995
402.841
416
412
412
412
412
411.36
408
412
408
412
404
408
404
404
392
392
392
392.053
404
404
400
412
409.821
410.372
404
406.492
405.983
404.603
405.085
400
402.645
402.26
392
396
392
384
392
384
380
372
372
372.423
368
360
364.004
363.114
368
368
369.774
372.046
373.783
388
390.041
392
388
396
396.794
396
388
388
384
384
388
392
396
404
408
407.149
412
412
412
410.521
412
420
420
412
411.253
411.2
412
410.57
408.879
408.614
408
404
404
403.779
400
396
396
396.033
392
392
392.055
392.039
400
408
412
408
408
400
412
404
405.827
406.638
400
408
404
396
400
392
396
384
384
372
372
364
364
356
358.427
352
352
351.747
352.071
352.164
336
347.781
332
332
328
329.94
328
320
324
320
320
316
320
316
316
316
316
317.944
312
320
312
317.751
320
324
336
344
360
384
383.71
381.702
408
432
452
445.192
437.278
444
436
432.757
432
428.577
420
418.184
412
416
416.105
408
408
424
422.312
420.639
419.39
424
428
424.576
421.294
418.66
404
405.391
416
417.872
420
421.804
424.405
444
436
424
423.773
428
420
412
404
404
396
395.72
388
392
396
399.578
404
392
404
396
400
392
400
399.188
416
424
420
419.102
416
408
400
396
395.127
404
404
404
404.25
405.228
416
416
420
416
412
412
400
399.966
392
392
392
384
380
380
388
393.852
384
388
390.08
396
397.986
392
392
396
388
389.812
376
376
372
372.964
368
368
369.587
360
360
364
388
384
384.38
436
492
451.847
468
458.959
456
460
440
436
431.079
425.008
420.552
420
424
424.051
423.985
416
404
405.063
404
403.275
404.304
404.892
405.423
392
384
392
388
389.7
390.296
396
392
416
432
428
429.473
404
404
404
404
404.413
404.2
400
408
408
416
408
408
404
412
410.292
400
402.281
404
403.681
416
413.105
416
420
424
420
404
412
411.919
411.335
409.72
411.087
396
388
390.912
396
384
388
390.497
392
380
388
384
384
388
400
396
400
402.553
401.665
404
404
404
404
403.099
404
402.732
396
396
388
388.81
388
387.993
380
380
379.828
372
375.484
375.202
380
380
388
396
400
400
396
404
396
392
388
388
388
392
392
388
396
388
396
388
389.866
389.969
384
384
384.094
384.073
376
376
376.453
384
384
384
392
392
404
401.513
396
396.989
404
412
412
408.618
416
415.897
415.052
412
412
411.839
416
414.131
420
419.008
420
420
419.525
419.195
408
408
407.175
406.057
406
400
400
404
405.894
407.579
396
392
392
396
392
394.704
396
396
392
400
392
392
388
390.295
384
387.05
372
381.982
360
368
376
376
380
388
396
400
396
396
400
400
396
397.209
396.946
376
372
372.877
364
368
360
362.231
361.971
380
384
388
392
416
416
411.476
408
412
408.092
408
400
396
393.849
408
404
402.696
412
411.977
420
432
420
432
432
428
424.352
421.278
436
431.681
427.288
424.883
426.032
412
414.997
412
420
416
416
417.382
412
408
409.175
409.044
408.863
400
403.687
408
409.552
400
400
404
400
401.603
380
396.137
395.023
384
380
383.851
388
385.675
387.973
384
392
388
390.587
384
380
383.551
380
380
372
372
373.842
364
352
357.045
348
350.643
351.987
352
354.303
356
364
376
379.893
380
381.815
383.573
392
392.09
384
385.165
385.868
384.485
368
372
368
372
370.851
372
384
388
380
380
384
383.252
408
402.694
404
388
387.575
396
394.122
396
391.415
380
380
384
384
396
396
392.685
389.438
412
408
400
396
396
400
404
392
404
404
392
388
384
386.532
388
386.58
392
388
389.022
380
384
392
392
392
392
392
400
400
397.58
388
391.274
380
392
391.187
392
389.255
388
390.452
392.889
400
392.339
408
408
404
400.408
400
404
404
412
400
408
404
408
408
405.851
396
400.557
388
391.347
388
388.615
388.512
389.088
389.463
389.986
416
416
420
417.705
416
416
416
416
408
407.758
407.374
408
400
396
396
392
392.762
384
376
376
375.176
376.285
392
400
412
420
428
420
416.884
416
412.813
412
400
401.202
400
396
400
396
408
400
404
412
404
405.925
412
412
416
420
418.369
432
428.559
440
436
428
429.557
428
426.605
424
420
424
416
416
408
404
404
396
396
392
392
391.85
392
396
388
396
392
388
388
388.408
384
384
384
376
382.611
376
384
380.937
388
396
396
408
408
404
400
400.856
400
388
392
380
382.45
384
380
380
381.044
381.761
364
376
372.886
373.818
376
384
388
400
400.078
400
392
393.506
396
394.477
392
393.094
396
400
408
405.78
400
400
396
396
396
396
396
416
420
424
424
424
420.881
416.461
432
420
419.989
420
419.463
412
411.667
411.3
410.933
392
392
392.134
392.733
393.991
392
394.285
392
396
392
392
392.789
392.204
408
404
412
420
421.009
428
420
432
440
437.319
428
424
420
419.362
417.976
416.668
424
423.489
423.528
423.142
420
424
420
420.042
419.781
419.533
419.412
420
419.987
419.997
420
428
416
416
416
416.494
416
412
408
408
408.319
404
407.539
400
396
392
400
398.128
399.507
401.057
412
408
410.67
411.74
412
412
404
404
408
396
400
400.709
400.5
396
388
392
392.818
388
384
380
380
379.708
380
376
376
376
376
376.023
376.204
368
368
360
362.403
361.007
364
360
360
362.066
356
360
356
358.92
358.535
368
368.347
360
352
355.343
348
350.779
344
346.887
352
372
373.553
373.861
412
432
440
420
413.431
409.213
424
424
412
408
412
400
398.663
388
392
392.214
392.653
391.272
416
416
412
420
416
424
412
408.836
408.069
416
413.84
416
408
409.386
416
428
428
420
420
440
432
432
432
428
427.053
426.563
428
425.632
423.188
416
417.728
404
407.133
400
392
392
391.614
392
376
382.53
384
388
392
392
404
412
416.009
428
432
436
440
440
436
434.986
432
424
428
428
424
420
418.813
412
412
408
406.594
400
400
404
396
400
396
404
408
404
408
404
404
396
388
392
396
396.804
376
384
380
381.316
382.726
383.494
385.319
400
412
412
410.23
420
408
416
414.161
410.927
404
404
404
396
400
404
400
396
397.843
397.628
388
388
389.017
376
372
372.917
372.559
384
387.336
390.271
392.884
408
424
423.094
416
420
424
428
422.35
412
412
408
404.664
412
400
404
404.03
408
406.598
412
416
408
406.612
408
408
412
408
412
412.222
408
416
408
404
406.518
406.554
404
406.022
408
406.205
407.62
420
412
408
412
410.431
407.651
411.18
400
392
396
397.774
408
409.22
404
412
416
412
416
412
412
410.233
408.597
416
413.049
412
408
404
405.069
408
416
408
412
412
411.828
410.192
412
404
420
404
408
404
408
407.02
404
408
404
400
400
401.509
384
380
376
376.704
377.543
368
374.048
376
375.532
377.883
380
380.909
372
372
373.77
368
371.016
368
371.27
364
369.048
372
372
380
384
385.366
392
396
393.564
404
416
420
408
408
396
395.329
393.379
408
406.47
404.41
412
412
410.802
412
416
413.929
424
424
420
418.304
412
420
417.414
424
420.915
419.398
419.303
418.878
417.677
416.542
400
409.689
407.42
400
396
396
396
400
399.947
404
400
403.457
408
412
416
420
408
412
412.26
408
408
396
400.244
392
388
389.216
389.049
392
400
405.512
400
400
400.969
400.867
428
420
420
432
428.656
425.084
428
428
424
412
414.501
416
413.572
412.334
396
400
396
396.812
396
392
392
392
388
389.236
388.664
404
404.856
420
423.305
423.066
428
428
426.622
428
427.37
428
424
420
420
416
412
411.95
404
405.163
396
397.417
396.811
388
392
391.456
388
389.44
388
388
396
400
408
404
400
400
400
400
404
408
408
404
408
400
400
412
409.263
424
419.63
420
428
420
424
416
416.145
415.262
420
420
418.699
424
424
408
416
408
409.109
408
408
412
420
418.717
420
420
419.663
419.294
412
414.895
412
412
412.722
412.713
392
408.113
388
384
392
396
395.7
428
420
436
432.953
428
429.566
424
420
424
424
424
422.717
416
418.561
416.28
415.702
400
392
388
380
381.253
380
388
376
382.139
400
399.676
402.985
405.859
404
392
412
412
408
404
404
400
404
400
404
396
400
399.349
398.144
397.815
397.614
397.41
392
404
400
404
408
408
406.658
420
416
412
412.864
420
408
400
403.373
403.479
392
384
384
384.764
385.595
387.364
389.545
380
380
400
432
452
444
437.297
460
444
432
432
432
420
420
420
420
420
424
428
427.378
425.465
428
416
415.117
412
412
416
408
400
402.04
408
404
406.234
408.473
412
413.783
416
408
412
408
408
404
400
401.354
412
412.667
408
404
408
416
428
416
420
420
420
413.268
412
412.692
420
416.849
416
408
408
412
408
404
404.902
392
396
396
392
388
389.479
388
388
400
392
388
384
386.329
392
392.557
392
388
400
388
391.902
392.833
392.536
392.233
393.01
392
388
388
388
388.21
392
392
396
392.371
392.091
392.362
400
393.921
400
404
404
400.921
412
416
420
412
416
408
404
400
404
412
400
404
408
400
408
408
408
408
408
412
396
404
396
396
396.81
388
388
389.141
396
392
395.026
408
416
424
416
416.198
412
408
416
413.983
408
408
404
403.879
408
408
412
412
412
404
405.104
408
400
404
403.931
408
392
404
404
400
401.824
402.936
400
402.158
404
402.206
408
405.646
420
424
419.084
428
424
421.938
421.771
424
421.281
416
420
420
412
416
414.577
413.989
408
410.594
408
412
408
409.923
404
404
408
408
412
416
424
420
420
416
416
408
410.148
410.119
412
412.888
400
396
400
392
388
390.1
388
380
384
376
376
372
376
374.322
380
392
392
404
400
396
400
400.544
404
388
392
384
380
380.857
384
384
380
382.216
383.251
384
383.71
392
396
394.644
412
420
416
408
412
412
408
404.495
405.013
392
392.252
391.802
391.21
391.496
388
389.973
396
400
400
412
412
410.353
420
418.571
412
420
428
420.033
424
428
428
420
420
420.94
418.567
420
419.552
419.045
412
408
400
400.609
400.321
401.148
402.02
396
396
404
405.438
416
412
420
420
419.837
418.854
419.599
408
408
407.694
404
404
408
408
409.348
410.61
411.66
420
420.537
424
422.442
420.757
432
420
420
424
420
420
416
416
412
416
412
408
412
416
408
412.393
412.429
412
412
408
408
400
400
400.099
404
404
400
408
408
404
404
405.889
405.806
408
412
412.307
411.065
408
409.705
409.923
416
396
396
384
384
388
388
390.786
392
394.118
396.156
416
418.194
416
428
429.285
424.838
421.778
420.249
420
412
412
411.307
408
407.107
400
396
404
392
396.158
396.845
400
388
392.943
396
388
391.464
380
384.213
376
376
384
380.294
400
396.344
416
416
424
428
426.555
436
424
428
424
412
408
408
404
408
400
396
397.354
388
388
387.839
404
400.048
412
416
428
426.711
426.687
428
428
420
421.54
416
412
412
400
402.602
392
396
396
396
397.678
398.747
408
408.903
410.702
404
416
412
412.407
404
406.497
406.296
404
392
392
380
382.688
380
380
380
376
372
368
380
378.881
380
384
396
398.895
404
408
409.429
424
425.635
408
408
400
400
404
400
404
404.113
412
408
400
408
404
412
408.54
416
412
420
424
420.529
428
424.662
424
422.467
428
425.274
424.011
416
416
408
396
398.649
384
380
376
376
376.653
392
408
408
440
444.642
484
476
464
456.73
460
448
443.745
440.352
432
440
432
436
435.617
432
431.788
430.457
420
428
416
404
404
396
412
408
410.674
384
372
380
384
416
428
416
412
404
400
399.246
404
404
400
408
412
416
413.757
410.699
416
417.289
413.701
416
408
400
384
384.698
376
376
388
394.951
392
384
392
400
408
412
424
428
440
424
424
425.562
404
408
407.149
403.703
408
420
420
420
420
408
404
396
400
400
400
412
413.831
404
404
400
408
400
402.15
403.371
392
400
399.883
400
392
396.857
404
404
404
408
400
400
396
396
396
408
403.014
432
414.849
436
432
428
424
423.92
420
419.118
400
406.263
404.341
396
399.812
400
400.595
408
412
412.391
404
404
404.212
408
406.725
407.436
407.378
424
416
416
408
420
416
408
412
408
408
407.768
404
405.734
400
404
400
401.686
400
396
400
396
400
398.485
396
400
398.327
408
404
408
408
408.861
416
408
412
410.783
411.294
408
396
405.558
404
400
400
396
399.38
398.997
392
392
388
384
385.569
385.424
376
392
396
395.731
397.28
464
460
444
436
440
434.872
416
413.047
408
412
404
402.217
408
408
412
412
412
404
403.55
396
394.938
393.654
404
403.671
424
425.007
421.388
416.021
440
441.018
416
417.876
424
412
412
408
407.667
406.805
400
400
396
396.982
392
396
396.738
398.447
399.953
436
432
429.806
448
444
436
434.767
435.022
424
421.974
420
412
408
407.173
405.965
400
388
392
392
392
400
401.168
392
404
396
404
412
410.857
412.105
440
432
428
429.838
428
440
428
420
422.228
424
428
424
422.79
424
424
422.764
421.52
416
417.256
416.837
416
416
415.632
416
412
412
411.712
396
404
404
404
412
408
411.152
411.927
413.407
412
413.831
412
413.898
413.196
414.111
408
408
408
396
400
399.762
399.665
404
403.322
405.154
412
416
415.025
415.228
420
412
414.572
404
400
396
395.734
395.731
404
411.147
404
408.262
436
440
432.281
427.743
424.19
436
428
424
428
424
418.991
416
416
415.675
408
407.828
408
404
404.053
396
396
384
388
384
380
381.468
380
380.389
380.544
400
396
400.685
420
423.112
424
408
410.126
410.747
410.085
408
406.981
400
396
395.298
392
392
388
388
392
396
400
400
404
412
412
411.145
408.136
405.252
412
413.908
396
396
396
400
400
412
408
412
408
406.758
408
407.773
406.132
404.208
408
408
408
408
404
405.82
404
400
402.082
400
396
404
408
406.016
400
403.144
403.519
408
420
408
404
408
409.172
412
408
396
400
402.389
400
396
404
406.736
420
432
419.158
432
432
432
423.657
428
424
428
422.744
412
414.7
400
392
376
372
364
365.286
366.702
392
424
508
487.42
460
488
488
464
453.835
444
435.93
432
432
412
408
396
380
372
364
364
352
355.053
348
344
336
336.317
335.721
340
340.812
343.086
345.554
336
336
340
332
336
336.79
332
324
330.756
324
330.544
324
328
328.525
330.53
344
343.557
376
392
383.169
440
432.305
440
440
440
437.262
432
420
428
412
413.29
396
388
384
380
388
380
383.149
385.148
388
388
389.084
400
392
394.278
376
372
364
364
362.508
363.872
356
348
348
344
345.374
356
380
392
428
472
460
448
439.395
440
433.688
425.178
412
400
388
388
384
392
396.728
420
424
420
416
404
396
391.54
387.838
385.082
380
376
372
376
376.746
372
375.043
372
380
380
388
393.569
388
389.631
390.386
368
368
367.091
372
375.391
372
372
372
376
376.903
408
396
408
405.471
401.914
400
396.302
380
372
360
356
352
352
344
346.496
344
332
335.699
328
336
332.727
344
340
360
359.294
384
404
420
420.537
416
432
432
436
428
424
428
427.608
426.295
420
416
420
416
416
408
408.919
400
388
384
384.065
368
372
371.084
371.202
356
361.133
344
348
348
347.307
364
388
400
408
412.948
428
424
416
412
412
404
401.585
404
402.076
396
388
384
381.627
380.975
400
402.47
404
404
412
408
404.923
401.93
420
417.728
414.712
408
409.186
412
408
405.665
405.964
412
412
412
408.124
404
392
393.132
393.618
364
360
360
360.636
360
363.672
366.184
380
384
380
388
380
376
377.942
376.957
348
348
344
328
328
328
329.626
324
324
324
324
324
324
324
325.422
324
320
316
317.661
317.731
319.179
320.675
322.812
320
324.705
320
324
336
335.823
337.306
340
348
340
356
348
364
360.515
376
384
392
400
398.321
397.573
398.125
397.967
420
416
416
412
416
408
400
412
408
396
392
380
384
380.988
380
379.966
392
388
389.609
390.996
392
392
388
388
388
387.712
384
380
388
386.704
384
376
376
376
376.991
377.074
404
408
404
408
404
400
397.507
396
400
392
396
392
392
392
388
388
387.744
384
384
388
388
392
396
396
400
388
392
391.377
392
388
392
396
384
380
383.156
372
380.702
380.388
356
377.164
372.691
356
360
372
380
396
393.643
412
412
408.768
412
412
416
408
409.432
416
404
406.425
392
388
388
384.805
396
391.936
404
396
400
392
393.291
391.424
388
388
387.903
380
372
372
368
364
364
364
364.323
364.771
376
380
388
388
396
396
408
408
404
412
412.432
400
396
395.942
384
376
388
391.125
404
412
404
402.795
401.612
408
404
401.6
408
405.836
416
412
409.131
400
392
392.711
380
382.063
382.477
396
400
404
405.751
406.247
412
412.102
416
416
416
413.719
412.003
410.436
416
415.147
414.544
413.896
396
396
395.633
395.914
397.301
398.335
400
400.995
400
404
400
412
408
416
408
409.846
408
408
412
400
408
392
388
389.785
376
384
396
412
410.194
416
428
420
420
412
413.342
420
416
412
413.487
400
404
404
401.984
400
396
400
404
404
403.862
404
404
403.721
403.518
404
412
408
408
412
420
416
415.116
400
388
396
404
416
424
432
440
436
424
424
428
424
420
420
424
424
421.012
420
420
408
404
396
396
396.074
384
388
388
400
404
420
416
417.459
440
443.206
438.898
424
424
424
416
412
412.233
412
408
408
409.251
409.46
408.092
400
388
390.015
388
388
400
408
410.475
411.819
408
412
408
412
411.379
408
404
412
412
408
408
408
408.724
416
413.932
400
396
397.149
398.006
399.03
400
399.767
400.103
400.732
420
428
412
424
416
414.443
416
415.005
416
404
400
404
405.76
408
400
404
408
408
406.052
405.012
406.439
404
416
413.249
410.989
412
412
416
412.458
408
408
409.85
412
416
411.408
408.917
420
416
424
420
412
413.29
414.656
404
396
397.94
388
389.906
396
404
412
412
436
444
435.876
431.926
428
424
417.903
420
420
415.928
404
404
396
400
396
398.079
399.536
400
416
419.541
444
444.994
440
448
436
424
428
428
424.924
428
412
420
418.439
416
416
420
420
428
425.896
420
421.688
428
424
424
412
416.197
396
392
404
404
406.186
428
424
424
424
421.775
420.134
436
428
420
416
417.429
416.139
420
412
413.694
416
416
412
412
412.981
412
416
408
404
405.331
396
388
396
404
400
420
420
419.837
424
424
421.808
420.58
420
424
416
412
416
412
424
432
424
436
424
425.558
436
432
432
430.381
424
420
412
412
404
405.107
420
416
420
412
416
420
419.512
420.041
420.712
412
420
417.781
417.548
418.328
416
412
413.818
416
415.401
408
412
408
409.31
412
420
420
408
408
396
400
404
396
401.246
416
420
420
420
436
435.297
428
428
432
426.877
420
416
428
420
416
428
408
412
413.834
420
414.774
416
420
417.917
416
416.034
400
404.703
405.646
412
416
417.103
418.581
424
424
420
432
440
436
432
416
420
420.021
419.281
416.408
415.772
404
408
404
405.05
405.524
428
431.423
424
416
417.083
408
408
407.624
408.234
409.219
416
424
426.267
432
430.959
448
444
439.958
428
436
432
428
432
431.749
420
424
420
424
421.773
422.872
423.972
404
404
408
420
432
424
428
429.233
425.145
416
408
412
408
409.624
411.655
412
424
416
424
412
420
417.771
417.155
428
428
416
420
424
420.366
416
412
412
408
409.355
396
400
408
408.106
409.228
410.717
411.847
412.542
412.964
416
416
412
416
412
412
411.743
411.462
420
416
416
416.914
408
416
412.897
412
412.878
411.533
408
404
396
400
396
404
420
428
424.516
425.332
425.753
422.534
428
426.249
416
418.968
436
432.632
428
420
421.02
420.928
419.025
416
416
420
420.028
420
412
420
412
420
404
396
398.817
388
392
396
408
396
420
428
426.709
428
424
428
428
424
416
420
416
420
408
412
412
416
414.429
415.27
412
412
424
420
419.2
424
408
408
404
404.714
416
424
420
421.084
420
424
428
424
432
430.175
424
428
416
428
428
428
425.847
425.841
426.048
420
424
420
412
415.186
415.224
416
420
412
416.414
420
418.839
404
400
400
420
416
424
428
432
428.102
436
420
428
426.514
428
428
424
432
430.208
424
425.758
425.792
423.976
420
412
416
420
418.427
412
412
420
408
412.107
388
388
392
400
399.681
424
448
472
476
460
444
460
452
436
432
440
442.419
439.09
424
420
416
420
424
423.23
420
420
420
428
432
429.851
416
412
404
405.765
396
404
404.107
428
435.678
424
420.862
444
450.15
449.291
436
436
440
436
424
436
428
428
424.332
416
417.837
418.583
416
416.133
412
413.796
408
409.62
400
402.132
408
408
408
408
408
416
416
424
424
436
448
436
432
433.509
433.445
420
422.296
420
428
416
424
420
420.223
419.368
424
424
412
412
412
412
412
412.68
413.328
436
428
426.643
424
420
424
424
420
412
420
420
420
424
424
416
412
416
416
416
414.778
415.805
424
423.716
416
420
422.288
436
420
420
423.737
404
404
400
400
408
412
420
412
424
420
420
416
408
416
416
420
428
412
416.373
417.149
420
424
408
412
424
420
428
416
418.191
424
412
408
412
408
416
400
396
401.12
400
404
403.554
416
415.799
412
412
416
415.501
420
428
436
431.062
420
428
428
440
428
432
428
427.911
432
429.424
427.966
427.774
432
430.396
429.906
429.606
424
425.402
432
420
428
420
422.628
408
412
416
424
420.881
416
416
417.607
424
416
419.681
420
420
420
416
416
424
420
419.628
420.351
424
428
423.293
416
416
418.673
424
420
416
418.625
416
417.953
404
404
408.174
408
428
423.581
432
436
440
424
424
428
429.362
428
422.671
408
412
416
412
412.801
414.205
412
413.436
413.877
428
420
419.215
432
432
427.349
424.95
436
428
424.752
412
416
416
424
416
420
424.315
420
428
424
424
424
424
440
432
412
424
428
420
412
416
420.234
412
412
416
416
411.187
414.802
420.226
408
413.179
404
406.086
404
406.01
407.125
432
427.268
424.344
428
440
444
436
428
428
420
424
420
416
417.046
416
420
404
409.022
412
416
408
408
404
400
412
411.988
424
408
420
420.054
432
428.99
425.611
420
424
424.695
412
416.77
408
412
411.627
412
408
408
424
420
424
420
419.923
432
424
412
408
412
412.783
420
416
428
424
432
428.738
427.407
424
428
424
423.43
422.943
432
416
424
428
420
420
412
418.098
416
420
420
408
404
400
396
412
408
412
436
440
428
420
420
420.124
419.325
424
420
420.981
420.891
428
424
428
426.138
425.371
424.326
428
428
420
420
428
426.652
416
416
416.871
416
408
412
408
404
408
408
408.781
420
432
440
424
436
420
421.475
424
420
412
424
408
412.171
404
416
420
428
440
432
428
428.998
440
438.207
434.404
431.058
440
432
424
424.641
408
416
400
412
416
416
416.965
418.022
420
420.817
420
420.267
420.129
432
428
428
424
416
424
424
416
418.906
419.767
419.461
419.102
428
420
421.725
420
424
428
424.25
423.117
423.466
404
416
432
444
440
448
444.712
441.523
448
440
444
436
436
435.454
433.929
424
426.761
424
423.783
424
423.845
432
424
420
420
440
428
429.108
424
424
428
424
432
420
412
416.605
417.323
417.398
404
408
424
428
428
424.293
425.172
424
424.578
424
436
433.141
432
440
444
436
428
436
440
435.098
424
428
436
436
428.282
426.899
430.869
433.15
432
428
424
428
424
425.135
416
408
412.862
420
422.53
424
420
424.288
431.506
432
432
424
416
428
424
428
419.623
416
421.388
416
416
414.793
416
424
420
412
416
419.756
436
416
416
424
408
408
396
396
408
412
428
416
417.66
428
432
432
424.063
432
433.828
436
426.497
423.785
436
432
432
428
426.771
424
428
424
420.802
428
429.527
420
420
412
408
408
409.035
400
400
408
412.094
420
420
422.6
416
432
432.256
424
420
428
436
432
429.063
420
424
416
424
421.286
416
417.391
432
436
424
421.759
428
436
428
428
427.607
412
417.895
412
413.94
392
396
400
404
402.863
412
428
430.32
412
396
384
385.185
386.445
368
356
356
356
358.367
352
364
369.75
364
372
376.963
384
385.688
387.872
412
420
420
412.735
440
448
440
440
432
444
444
436
436
436.33
435.5
433.041
430.518
428.818
388
404
400.251
432
425.591
436
420
421.891
396
392
392.266
448
460
464
472
468.234
488
468
467.113
463.868
455.785
450.958
464
460.383
448
452
440
428
427.55
448
444.394
443.991
428
416
418.558
412
412
412
412.161
424
436
428
436
452
440
436
424
428
428.281
432
431.86
428
432
434.518
420
421.987
420
420
428
428.987
428.416
424
432
431.706
429.996
432
436
428
432
432.339
432
436
433.97
416
425.993
404
408
404
420
432
456
452
450.353
449.947
445.521
436
440
452
428
433.273
440
432
416
420.763
416
424
424.764
420
420
416
424
422.863
428
420
424
424
436
428
427.214
424
440
436
433.991
432.09
404
420
419.959
428
420.81
436
460
451.182
444
444
460
458.38
436
428
432.261
435.102
420
416
419.017
428
436
428.738
440
452
464
468
460
453.513
453.234
450.707
456
444
440
442.25
436
444
428
436
437.833
420
408
416
428
432
429.557
431.281
436
452
448
432
428
431.364
436
434.214
430.155
428
428
420
421.315
428
432
429.275
432
435.156
428
416
420
412
412.703
428
424
428
444
448
444
448
444
444
444
432
431.539
440
444
440.477
437.572
416
418.903
412
428
428
428.781
430.143
431.542
480
470.819
468
462.39
456
444
438.308
448
436
436
448
440
436
435.43
432
420
424
416
416
424
424
428
428.257
428
432
430.981
420
420
419.927
419.748
428
428.707
420
420
420
420
428
428
440
444
432
440
432
429.901
428
426.706
444
460
449.909
440
448
444
440
437.891
432
440
438.68
436
432
428
428
428.423
424
425.005
425.543
436
436
420
424.72
436
436
432
432
432
440
439.242
420
425.008
412
415.63
416.958
420
440
436
432
424
426.231
436
437.063
433.253
420
421.731
436
440
436.294
436
436
448
448.673
436
432
444
432
436
432
429.362
444
445.237
432
429.473
416
421.546
426.067
416
420
423.204
424
448
443.852
432
424
420
432
433.76
430.952
440
441.88
456
447.973
440
452
440
435.86
436
424
432
448
444.31
439.254
432
434.323
448
444
436
432
436
440
438.361
428
424
428
432
432.513
428
432
439.888
436
432
430.249
437.131
442.919
424
426.976
424
420
424
426.597
427.4
412
412
414.925
428
429.636
424.285
440
440
444
432
436
432
432
428
424
432
436
436
432
436
438.185
436.944
436
436
440
440
428
432
432
448
444
440
444
448
444
444
428
436
437.043
436.508
440
433.19
436.686
440
428
420
420
432
444
440.198
440
452
448
456
448
445.22
436
436.92
437.074
436.944
424
432
432.425
444
432
436
444
448
444
428
440
441.964
436
436
436.879
428
436
424
424
426.108
428
428
432
432
433.101
424
432
436
432
416
424
426.113
428
424
436
435.424
444
440
436
438.075
444
428
424
432
432
424.068
424
428
432
436
436
432.7
424
428.753
432
444
436
432
440
444
440
431.357
434.688
448
448
436
444
456
440
432
440
432
432
432
420
425.003
427.545
428
424
428
433.116
432.858
426.745
420
424
428
432
425.323
427.774
444
443.509
448
438.688
439.514
432
440
428
429.683
428
432
429.628
420
423.089
432
433.741
430.045
416
432
433.698
440
429.002
448
452
460
444
442.493
448.678
448
440.601
436
440
448
452
440.566
436
440
440
436
432
434.05
438.378
439.681
436
436
428
440
440
424
427.884
431.019
436
420
428
428
420
424
416
419.991
436
440
436
436
439.401
436
416
412
416
428
428.164
468
463.634
453.809
464
464
451.191
444
436
428.857
440
440
432
433.105
435.186
440
436
432.473
433.01
444
442.399
416
412
412
414.483
440
468
460
456
454.968
460
457.893
448
456
452
440
436.297
437.21
437.956
440
432
432
452
454.678
450.741
445.781
424
416
420
428
428
424
436
448
444
440
448
448
444
440
432
433.525
432
424
432
428
428
426.352
428.079
429.14
428.329
424
426.253
424
425.196
432
431.407
431.028
432
416
425.913
420
432
448
424
428
432
440
444
428
428
436
440
440
424
424
436
432
430.174
432
436
433.935
431.812
432
434.116
428
436
436
432
429.637
436
432
436
428
444
435.384
431.007
432
444
440
440
432
424
436
432.203
440
428
428
428
431.735
424
424
426.739
428.152
424
424.851
426.351
420
424
424.062
425.048
420
424
426.042
436
430.689
432
436
432
432
428
424
425.674
440
440
432.913
432.86
435.199
432.992
440
428
430.205
440
444
432
436
437.041
432
432
428
424
452
436
420
412
416.643
412
432
440
440
452
464
456.706
436
440
456
440
439.254
448
444
437.83
436
428
440
440
436
440
424
432
431.972
428
424
420
424
436
433.149
432
436
444
440
437.311
439.141
432
444
432
434.849
420
424
425.327
424.922
432
432
440
437.89
444
441.525
440
452
446.882
456
451.004
440
440
440
432
435.191
436
448
440
441.429
442.086
436
440
440
432
452
448
452
452
440
444.365
448
448
440
436
439.966
440
428
424
416
412
416
417.571
419.035
420.756
396
411.181
408.888
376
368
368
369.542
371.418
374.3
380
384
384
384
380
380
380
381.513
372
372
373.552
360
368
352
356.911
348
352
351.113
353.095
354.605
356.689
416
406.006
436
430.231
424.215
440
428
408
396
384
376
368
364
360
376
379.541
383.706
384
400
420
412
420
420
413.84
436
444
468
455.729
464
461.25
480
474.213
456
460
456
456
448
445.186
416
412
409.885
436
432.918
434.5
460
476
448
432
420
420
412
424
429.373
440
460
465.952
463.333
468
464
456
436
436
428
423.564
424
432
434.718
436.566
437.352
420
422.581
421.865
432
436
437.358
428
428
427.361
428
424
424
436
444
440
424
432
432
432
428
424
436
444
437.134
426.693
428.195
456
452
436
432
436
441.335
456
437.499
436
456
452
436
428
412
408
410.913
392
400
408
424
424.499
464
504
500
472
468.068
464
456
445.61
448
449.565
444
439.621
438.264
440
437.029
440
432
424
424.466
436
436
437.816
428
448
448
424
424
412
424
423.351
425.043
452
456
460
454.814
453.797
444
440.436
437.895
435.089
440
438.96
436.916
440
436
436
444
432
448
444.25
444
436
444
441.718
432
435.728
436
452
440
428
433.334
434.955
434.921
420
416
416
408
420
432
432
452
453.693
464
448
444
445.903
460
432
435.418
437.991
439.799
440
434.693
432
444
448
448
440.365
436.751
432
440
448
444
440
432
433.844
432
437.317
440
452
443.686
448
440
456
460
440
432
420
416
417.405
400
404.749
406.018
408.364
464
472
460
464
464
456
448
443.2
436.931
456
444
436
428
424
424
428
429.118
440
444
456
452
440
456
468
461.653
454.056
449.213
452
460
456.722
448
440
444
448
449.923
444.579
439.595
424
408
404
400
401.684
404.264
404
404
432
456
480
476
484
483.756
464
444
438.584
464
473.625
473.193
448
452
458.348
452
436
440
444
436
440
438.623
436
435.685
444
436
460
460
452
448
440
441.083
452
451.485
436
444
445.858
452
446.407
420
433.33
436.085
424
412
404
406.647
408.363
408.695
424
416
444
464
456
444
448
451.14
447.027
440.993
448
444
438.442
444
445.342
436
436.335
448
440
444
448
452
456
440
432
436
436
436
436
437.038
437.196
448
448
440
456
460
451.726
444
440
441.378
441.043
440
439.594
432
456
460
456
452
452
460
464
440
436
440
440
432
432
434.339
437.701
436.725
440
440
452
448
444
443.122
432
435.338
460
455.897
444
440
441.632
440
440
440
448
448.452
443.175
432
424
425.68
436
428
424
448
450.697
452
448
448.52
440
437.422
460
440
432
448
440
440
432
435.133
444
440.519
437.013
432
436.388
444
439.182
432
436.517
438.822
440
433.274
436
428
444
456
452
444
440
445.155
448
436
436
439.882
456
449.039
432
452
456
450.943
440.696
444.595
440
444
440
435.366
439.939
448
440
428
432.605
424
420
432
440
436
433.236
456
448
436
436
444
444
440
432
452
444
448
440
442.256
444.23
444
440
432
428
430.948
444
444
436
436.936
436
432
429.528
432
416
400
388
380
368
364
360
364
368
388
384
392
384
396
424
448
456
460
472
480
476
456
468
470.387
476
470.136
465.506
464
461.74
458.283
448
448
456
454.811
444
444.781
440
437.827
436.41
440
440
436
436
428
416
408
408.512
408.012
410.091
412.14
448
456
472
452
444
445.022
444.006
460
448
456
468
467.826
462.289
458.58
440
440
448
428
420
432
432
432
428
432
434.089
444
460
440
440.237
452
448
444.758
442.364
444.965
460
455.156
444
444
456
440
428
430.839
434.122
448
452
444
452
456
456
445.341
448
460
460
456
447.366
444
448
436
440
441.492
444
440
432
432
440
444
440.442
444
444
448
444
444
444
445.72
456
460
452
449.514
448
449.131
448.504
446.017
424
432.277
434.435
428
440
440
432
424
432
433.522
420
420
440
452
452
436
456
456
451.028
444
444
448
444.83
444
440
441.864
424
428
424
432
431.569
448
456
456
450.047
472
472.654
463.066
448
444
444.043
444
440
448
450.701
436
432
424
440
442.851
440.55
440.708
432
434.543
435.683
448
445.961
448
445.421
444.565
456
456.374
453.849
460
456
448
448.023
448.731
448.383
436
432
432
436
432
432.689
434.083
435.554
456
448
447.293
440
440
436
420
424
424.44
440
444
440
448
460
460
440
444
446.891
444
448
432
432
433.405
440
428
428
432
436
434.125
424
427.362
424
428
426.611
420
432
434.092
428
432
424
427.595
444
444
444
444
441.867
441.439
428
430.225
431.423
436
433.306
432
432.828
440
436
433.655
436
440
428
430.791
428
444
438.498
432
440
440
436.185
432.679
432
432
432.291
456
452
434.336
452
452
460
443.078
444
444
444
437.488
444
432
440
438.673
428
428
424
436
435.717
434.782
452
449.432
452
452
448
440
441.596
428
448
443.255
420
436
436
436
432
424
436
444
438.806
436
428
434.24
435.097
428
440
438.852
448
439.797
432
436
436
432
429.862
428
432
440
444
432
436
448
452
448
428
432.164
448
445.045
428
420
428
428
420
418.642
421.655
428
432
436
420
420
425.533
428
432
423.648
436
441.621
436
428
426.787
433.548
437.477
440
436
448
448.857
428
428
424
432
432.892
428
427.064
431.608
444
437.358
428
432
439.083
440
436
428
434.216
436
428
428
431.374
432
440
428.183
432
436
440
432
432
428
432
436
440
440
424.235
440
436
435.409
426.842
431.661
434.847
436
427.244
424
436
436
429.618
444
436
430.971
434.874
438.349
452
435.229
444
441.417
444
432
436
432
448
444
437.598
436
440.679
444
456
444.501
444
444.892
448
445.491
448
444.126
440
444
444
436
432
440
444
436
428
432
436.353
440
435.228
436
443.317
456
447.825
432
440
447.082
440
436
440.806
447.001
428
432.781
440
456
468
449.371
447.057
448
448
448
440
432
436
432
433.889
424
432
435.505
438.196
436
436
440.321
452
449.021
444
432
434.751
440
440
436
428
448
440
448
440.928
432
456
452
452
456
460
460
476
484
456
456
459.392
464
448
440
444
440
448
432
436.683
438.893
452
447.803
446.223
436
440.512
442.967
442.836
428
436
440
448
448
439.314
442.291
436
440
437.587
432
448
440
440
440
432
444
452
442.944
440
442.762
440
448
436
432
440
436
428
432
428
430.462
444
444
440.997
442.46
456
452.343
452
448
444
432
432
456
452.323
448.545
480
492
504
484
472
488
484
472
464
468
464
461.049
456
444
445.643
445.783
444
444.209
444.554
445.677
444
436
444
444
445.177
440
442.217
444
444.148
464
464.756
452
460
461.366
452
444
447.008
447.985
460
455.828
454.28
448
448
447.902
436
440
440
444
443.713
428
424
425.602
426.733
432
436
448
452.557
432
432
440
448
436
428
432
436
464
476
468
496
508
496.516
460
464
466.989
456
450.279
448
452
448
444.386
444.614
452
444
436
444
440
444
440
442.444
440
452
449.968
452
450.833
452
452.913
448
449.086
444
452
448
448
428
442.998
440
439.763
432
440.682
440
456
448
436
444.186
448
444
444.332
432
442.579
448
444
436
443.53
444
440
428
441.464
443.007
436
448
444
432
452
456
443.098
448
448
452
437.447
448
449.991
444
438.536
453.18
452
439.217
440
450.621
452
436.98
447.628
436
452
456
444
440
448
460
468
440
440
448
456
448
444
453.42
457.344
468
448
444
456
452
448
436
428
440
436
436
428
424
436
436
444
440
436
440
446.898
444
437.51
452
460
456
448
440
440
444.654
444
444
428
432
444
444
428
428
436
444
444
436
436
444
448
442.83
436
436
448
452.156
444
440
438.704
447.384
452
441.995
432
432
452
444
436
431.989
438.255
447.585
443.305
434.147
456
448.858
460
444
441.421
444
448.45
440
428
433.34
440.655
443.186
432
433.383
444
456
456
439.957
444
452.865
456
448
440
448
454.398
450.656
440
439.396
440
445.829
441.585
436
438.906
440
432
436
436
452
444
437.732
428
436
440
436
444
444
464
460.274
452.604
444
446.152
449.211
452
445.442
441.123
448
464
468
460
452.36
448
451.375
455.311
440
440
440
452
448
436
437.443
436
440
448
440
436.591
438.69
440
436
434.975
433.67
440
440
440.095
436.651
448
452
444
440.886
448
456
436
438.358
444
452
439.979
448
436
436
448
448
448
436
448
447.512
440
438.163
443.582
440
440
440
432
439.492
452
456
452
445.702
448.027
451.93
444
436
444
444
448
437.622
436
444.676
446.549
440
444
436
440
440.45
436
436
440
441.504
438.555
468
455.829
440
448
444
448
442.444
444.073
452
436
440
436
437.97
432
452
460
460
460
472
472
472
460
448
456
468
456
454.709
444
440
448
444
436
460
428
412
417.163
419.65
392
428
425.663
436
434.01
435.068
438.29
468
516
500
493.031
472
464
460
464
456
444
460
456
444
452
448
444
452
448.859
446.789
460
452
450.797
460
464
452
453.357
440
440
440
440
444
468
466.676
472
480
474.111
492
472
460
460
456
452
440
452
452.296
452.677
453.472
432
444
460
458.317
454.655
452
454.1
453.798
464
459.433
464
461.739
460.859
444
456
455.035
456
448
440
445.071
447.196
448
442.903
442.308
432
432
436
437.111
436.324
437.016
460
452
448
472
469.792
464
448
456
456
452.367
447.65
436
436
432
432
448
472
488
474.593
464
464.606
480
464
456
454.447
456.453
455.677
451.251
448
449.628
456
456
456
448
448.819
452
448
440
439.528
440.775
442.704
452
440
428
428
436
440.474
442.273
416
440
438.857
444
436
452
464
468
458.731
452
455.192
464
448
440
444
444
440
435.771
404
392
388
400
407.76
388
393.993
399.28
412
372
376
372
372
368
368
364
366.84
368.472
370.543
372.892
375.37
344
344
343.902
340
336
338.401
340.192
348
348
351.455
372
396
399.182
408
432
432.47
488
460
448
460
472
464.002
456
444
456
472
466.258
458.876
456.528
420
420
428
412
408
404
405.759
407.329
407.645
407.603
392
400
399.111
404
412
400
403.3
396
392
388
384
385.481
386.492
387.948
388
408
412.258
436
444
441.54
420
415.331
413.766
448
448.937
416
412
404
406.11
432
424
436
476
508
495.827
472
492
495.663
492
452
432
432
428
420
408
396
392
380
388
390.566
380
372
360
361.634
364
368
370.625
396
400
406.853
412.531
418.177
452
464
466.701
468
467.378
466.093
480
432
416
412
392
388.766
408
413.441
416.649
418.568
484
456
454.25
448
480
488
452
451.938
454.743
440
434.134
444
442.411
420
424
428
416
452
476
460
432
428
430.739
432
428.026
404
400
402.134
396
388
384
385.978
380
376
372
373.584
368
370.056
371.086
372
364
367.124
388
404
420
440
444
432
444
447.738
446.144
432
428.642
428.895
428.719
392
392
393.115
392
400
396
400
402.111
402.926
440
432
428.995
416
396
400
376
368
368.804
368
368
370.883
396
408
420
408
410.379
388
380
377.343
392
400
404.319
406.043
420
428
440
432.787
444
448
444
428
423.859
421.683
417.161
412.889
409.129
424
412
408
404
408
424
428
424
420.187
419.537
418.362
444
420
428
424
428
426.071
416
419.024
428
427.468
425.273
436
432
430.664
420
428
426.944
425.19
422.623
436
432
429.318
444
448
437.104
436
438.217
436.243
452
452
436
438.396
432
424
420
421.414
422.161
422.436
436
424
424
428
428.078
440
438.637
432
420
421.976
448
456
452.468
428
436
440
443.021
440.64
428
420
412
400
392
404
415.352
456
440
420
432
448
453.377
476
456
442.381
439.198
443.838
447.331
443.69
424
420.081
444
448
448.109
435.256
440
452
428
416
412
400
384
385.444
386.958
389.889
360
360
356
357.488
360
364
366.72
392
404
410.088
456
462.17
464
456
450.482
452
448
432
428
432
428
428
425.493
416
404
388
384
372
376
384
396
396
400.196
448
436
435.501
428
420
414.474
411.371
420
424.389
427.193
440
444
464
462.125
455.141
468
465.994
472
465.711
464
460.775
412
416
420
448
440
436
444
468
466.249
460
452.754
428
428.521
412
410.553
416
424
452
452
448.628
444
438.574
464
465.885
436
440
424
412
413.798
412
413.504
452
458.381
440
435.63
468
476
472
448
441.855
476
464
457.037
448.657
424
428
444
448
436
431.742
435.785
443.429
443.319
440
424
427.286
433.733
437.288
448
436.461
431.575
438.296
447.642
480
463.938
456
448.823
472
464
457.271
428
444
448.856
454.044
456
436
436
428
434.015
416
418.203
416
428
448
444
440
428
436
452
464
456.765
444
440
446.162
428
428
428.509
440
452
440
424
425.854
444
452
450.311
436
430.96
416
419.643
408
412
413.07
460
492
504
488.59
480
474.152
488
488.462
480.35
471.042
464
460
436
428
436
441.749
444
445.61
445.384
436
436.202
460
464.544
444
444
444.182
448
448
436
436
444
448.71
456
436
420
428
428
432.164
424
432
440
444
432
432
436
442.666
456
444
444
448.588
452
436
420
422.696
427.283
436
424
428
448
476
480
463.951
432
448
456
456.996
440
428
440
436
437.935
431.724
424
424
444
452
445.622
436
440
468
469.494
459.861
446.158
424
432.991
460
444
448
440.891
492
480
464
455.086
472
475.738
460
448
440
446.667
448
456
444
424
432
440.263
444.756
428
420
428
440
428
412
392
392
380
392
394.624
392
400
392
400
412
436
484
500
472
484
500
480
468.717
456
468
456
436
436
436
436
440
439.838
432
444
476
456
436
444
445.991
452
428
431.244
434.369
435.807
420
412
404
404
420
436
428
431.623
476
492
475.41
472
452
440
432
428.8
426.002
468
475.718
452
452
468
476
466.862
436
440
444
448.129
443.077
444
444.503
396
392
393.984
396
416
422.315
426.59
431.319
508
528
484
472
484
483.403
472
448
440
464
471.515
456
444
446.276
456
460
448
420
416
424
431.486
429.661
432
460
480
480
461.219
455.916
462.719
440
440
424
428
431.247
448
440
452
456
476
460
452
448
468
464
468
448
444
452
452
451.995
416
420.381
423.731
456
455.948
432
434.953
436
445.735
445.881
436.985
440
452
452
446.739
452
440
444
432
440
441.615
468
472
456
447.985
456
459.709
460
436
437.072
440.002
436
437.74
416
436
448
447.37
444
438.921
480
474.966
460
444
448.058
436
452
460
448
428
436.208
452
464
454.101
428
440
448.587
451.955
384
376
381.604
368
368
368
372.006
384
384
386.767
424
437.828
476
448
464
480
472
456.54
454.904
459.643
448
441.001
440
436
436
452
452
448
424
427.363
425.71
396
388
396
428
472
469.227
488
504
491.811
481.709
488
484
472
452
451.518
449.051
468
470.413
456
460
480
472
456
436
439.408
444
446.328
442.052
438.549
396
392
384
388
384
396
404
404
409.671
448
468
448
464
470.89
488
468
468
480
468
456
444
440
436
428
416
432
434.707
436.425
452
454.343
453.368
412
419.688
384
385.353
385.994
384
387.159
389.956
392.704
395.671
476
500
520
532
516
468
460.542
496
501.234
493.579
479.321
471.72
472.473
460
444
448
447.923
448
448.135
447.839
416
420
420.92
464
444
448
460
460.508
457.038
454.253
440
440
441.212
436
437.647
432
440
441.778
443.1
444.05
404
396
388
392
396
444
484
478.764
471.757
524
520.149
505.254
492
500
512
472
456
462.174
460
464
448
432
440
440
439.404
436.651
424
420
440
452
450.373
448
445.908
460
464.171
480
468
460.593
444
448
448
450.258
432
429.716
428
432
412
400
399.651
380
382.295
376
388
392.633
400
392
396.662
444
488
488
460
454.597
500
507.796
456
456
472
477.71
456
448
455.528
448
440
424
420
424.277
440
448
452
447.971
436
452
468
463.538
464
436
438.896
452
456.998
444
428
431.857
439.531
448
436
424
427.183
416
396
397.876
400.148
368
368
364
368
370.256
380
376
380
376
380
376
378.436
372
374.427
368
372
373.168
384
396
400.42
420
416
428
427.903
440
448
440
437.281
444
444.343
408
410.679
392
388
396
396
408
436
452
449.734
504
480
464
464
455.16
464
452
447.381
452
432
433.433
424
420
408
416
412
424
440
428
431.182
432.343
420
420
418.615
417.016
412
428
424.861
432
432
436
432
428
429.876
429.055
440
440
438.451
428
420
420
419.875
412
428
428.553
460
444
442.651
443.268
442.614
464
460
453.535
444
440
452
452.846
428
428
429.726
424
436
432
416
420
416
424
416
417.789
424
428
427.424
440
452
451.759
480
464
448
448.044
456
456.129
432
435.495
439.118
448
428
430.695
435.017
416
418.65
424
412
414.823
432
434.103
424
416
412
414.464
413.297
432
432
428.922
427.966
492
476.92
464
460.697
456.671
446.869
452
452
448
436
448
440
460
452.107
448.222
444
445.718
448
440
438.982
444
432
420
420
420
412
412
400
396
396
400
424
432.715
476
520
510.388
492
484
492
488
460
455.786
452
448.403
444
440
436
440
440
428
428
424
424.985
444
436
428
432
436
440
438.787
436.456
444
446.147
408
392
388
384
380
384
388
400
408
420
416
432
432
431.042
452
451.71
428
424
416
404
400
398.013
388
380
392
394.431
399.781
424
440
456
444
444
460
472
456
436
436.278
434.15
448
446.22
424
425.248
429.971
400
400
400
402.729
440
496
484
476
496
520
504
464
444
456
452
452
448
432
436
440.466
443.736
428
428.718
440
448
445.652
428
444
440
452
436
424
428.876
436
440
432
416
412
428
440
452
432
432
441.664
448.726
468
456
448
460
452
447.464
437.959
440
445.222
447.699
441.63
420
428
428
420
416
408
408
410.306
416
416.463
436
444.327
492
485.998
452
447.686
484
472
456
432
444
460
456
445.291
436
444
452.491
460
447.687
440
444
452
451.057
440.627
435.297
420
426.877
430.562
412
408
396
388
380
384
385.865
400
408
408
412
420
425.572
436
444
460
461.232
455.687
460
456
468
476
460
458.509
460
452
472
444
446.509
446.81
460
464
444
445.195
445.617
436
432
436
452
450.525
460
440
436
439.179
468
464
461.035
444
452
460
444
447.39
449.362
450.814
447.991
440
432
436.093
432
433.87
444
446.617
428
440
441.377
452
428
432.497
436.462
439.352
444
432
436.197
452
460
450.568
442.376
468
472
448
443.299
451.046
456
448
438.502
445.466
452.296
448.699
440
439.378
448.91
460
452
439.923
428
436.552
444.787
448
444
438.799
440
448
449.623
456
444
464
468
464
444
445.715
444
444
424
426.941
408
400
400
392
393.944
388
396
408
408
420
424
424
432
434.455
488
480
474.61
476
473.03
456
452
464
461.463
444
445.382
436
448
445.038
440
436
436
452
464
444
428
440
444
444
440
436.932
440
443.628
440
432
428
433.819
452
428
440
448
456
446.82
428
437.624
445.114
420
428
424
424
425.598
448
428
430.594
396
380
380
381.763
383.957
368
368
364
365.541
380
396
396
420
428.407
448
449.032
468
468.592
476
456
452
449.299
480
468
452
440
452
456
444
432
432
433.069
436
432.827
408
411.906
396
408
416
416
414.634
414.813
418.918
423.172
412
414.02
408
408
428
428.604
425.714
448
448
464
452
460
452
428
430.75
429.089
436
428
429.408
412
415.396
396
398.653
380
382.882
384
384.446
372
372
376
374.615
372
372
376
372
360
372
364
364
356
360
356
360
359.759
356
364
372
392
412
410.875
440
432
436
444
452
447.736
424
424
425.125
424
432
427.934
448
448.589
428
428
416
412
409.088
436
452
452
448
436
460
456
449.252
443.246
432
428
412
408
400
400.047
416
472
504
484
456
452
472
472
464
454.616
460
456
451.084
444.24
452
454.336
448
444.149
443.734
442.484
444
440.357
432
428
416
416.745
420
436
436
432
434.725
444
448.663
428
452
448
452
460
440
444
456
456
450.581
444
432
448
447.762
436
432
435.691
420
432
431.463
431.061
429.933
412
428
440
434.768
429.4
444
448
456
446.597
444.409
432
437.672
439.76
444
436
436
440
452
445.521
441.438
441.256
448
464
480
468
444
436
439.507
443.351
444
440.449
435.65
435.852
440
446.707
416
404
404
392
394.822
400
400
408
412.017
408
396
396
392
388
384
385.197
386.413
388.386
372
377.099
376
376
376
380
376
384
384.43
388
400
402.212
402.991
404
412
412
408
420
424
440
444
448
448
446.511
420
416
420
436
434.25
456
464
448
428
420
418.466
452
453.837
447.648
408
388
380
376
368
320
328
328
332.22
328
332
336
340.09
332
336
337.671
339.835
342.135
344.585
347.397
340
344.477
340
340
342.318
344
340
344.145
345.964
340
340
340
339.725
340
348
348
360
380
396
404
408
412
410.038
405.999
396
400
398.455
408
408
396
393.637
392.586
396
394.562
384
382.397
380
378.969
372
376
374.32
380
384
385.274
386.456
412
416
420
415.48
411.48
392
389.71
380
384
385.294
388.592
391.632
394.215
404
406.917
428
432
428
424
424
428
424
417.611
416
412.551
416
404
402.7
402.04
401.542
401.282
436
432
428.877
424
421.855
408
392
396
392
393.308
394.327
408
420
408
420
424
424
420
419.94
417.267
408
407.62
406.649
403.94
402.701
403.306
402.966
412
404
406.786
420
432
432
416
415.841
408
408
404
412
413.427
413.863
420
416
414.613
428
427.84
412
408
409.695
392
396.367
380
384
380
380
372
376
368
370.279
369.738
404
412
404
412
408
408
406.213
396
396.643
392
396
400
388
391.658
388
387.328
387.689
372
368
368
367.365
372
373.578
384
388
384
380
368
376
375.724
372
364
372
376
378.169
384
380
392
384
380
376
372
372
371.928
384
382.203
416
404.751
399.907
444
444
432
444
440
431.843
428
424.594
420.538
396
396
384
388
404
408
416
417.027
444
464
448
440
436.149
444
437.812
430.681
428
424
419.964
416
428
424
424.646
408
408
408
412
408
408
400
402.997
388
396
394.924
412
420
421.774
422.691
444
448
444
428
436
440
438.969
444
444
441.192
456
453.898
456
448
432
434.093
433.27
431.318
436
424
420
428
432
431.442
429.258
420
432
433.092
428
425.815
408
416
400
392
393.41
384
380
381.651
384
392
392
396.322
400.007
404.534
408
411.808
440
456
455.197
440
432
444
436
448
440
420
424
420
416
413.795
412
416
420
424
423.216
412
412.449
420
428
427.979
416
424
436
432
428
428
432
436
430.611
426.124
432
435.075
444
433.06
432
440
443.039
435.568
440
420
424
432
428
416
416
420
432
426.956
416
416
423.917
429.008
424.809
424
432
436.484
428
428
428
448
440.605
432
430.647
436.966
444
432
424
432
438.993
436
436
424
428
432
428
420
408
412
420
436
428
423.65
436
452
440
432
436
445.874
446.511
434.213
420
426.658
436.099
438.6
427.486
408
416
424.397
432
440
428.432
444
448
452
444
424
424
432.207
420
420
432
440.735
444
431.921
460
452
452
448
436
437.91
439.155
434.407
420
424
426.426
426.825
408
408
404
388
389.778
380
368
372
373.279
375.377
377.63
364
369.939
368
369.857
388
384
384
388
388
380
376
377.805
376
384
392
396
400
400
408
404
400.82
416
414.163
404
403.928
404.645
400
398.221
392
388
384
376
380
384
392
395.284
384
388
376
372
368
364
364.199
372
377.184
400
416
424
428
436
432.377
432
424
424
424
420
428
416
408
412
409.817
408
400
399.685
396
384
396
392.369
396
400
399.597
416
412
413.425
424
428
426.984
404
409.862
396
396
400
400.071
396
396
396
404
400
404
408
428
428
416
420
420.643
416
410.957
408.15
404
408
412
412
412
412
404
408
420
428
444
468
480
473.14
464.35
455.862
456
432
427.649
428
427.128
412
404
405.294
406.422
412
420
408
420
420.723
422.408
436
437.311
448
452
436
444
444
440.461
424
424
416
424
423.061
408
408
409.897
428
429.972
436
434.728
464
472
464
456
460
458.336
450.891
436
432
424
424
422.586
408
408
408
408
409.339
400
400
404
420
425.373
412
416
416
424
412
413.41
414.933
396
401.765
402.906
384
380
380
396
404
405.135
420
424
418.926
416.509
452
448.571
432
428
420
413.212
408.38
404
408
412
410.477
411.411
440
448
460
456
444
440
434.495
440
440
440
444
444
444
438.739
435.477
432.972
436
435.601
424
412
416
416
418.636
420.328
420.815
416
417.566
412
416
412
412
408
404
408
407.308
396
401.807
392
395.584
394.447
392
380
387.285
384.404
384.874
408
400
412
416
416
417.018
420
424
423.289
436
440
440
444
436
436.948
424
424
424
420.995
420
420
416
412
416
412
408
408
404
412
409.717
404
408
404
406.352
408
407.601
412
411.6
424
416
416
417.96
416
417.202
417.253
416
420
418.266
420
418.957
419.509
419.481
408
404
400
400
404
405.293
408.045
409.492
411.08
404
407.903
406.686
416
416
416
412
413.929
412
411.097
411.048
410.644
412
412.005
411.886
404
407.3
404
400
404
400
401.867
402.014
412
409.048
408
408
416
416
415.043
414.584
415.076
420
412
416
415.431
408
396
392
396
398.964
400.815
404.277
380
391.686
376
378.588
378.163
378.777
372
375.069
374.495
416
440
476
452
436
436
436
433.894
412
416
404
400.431
397.904
392
391.924
388
392
404
407.396
416
416
414.781
420
432
436
432
428
416
420
432
428
425.102
421.377
424
440
436
440
456
451.296
460
472
466.397
452
452
440
436.568
436
424
424.782
424
424
436
438.502
432
436
432
432
428
436
432
433.658
424
432
428
424
420
420
420.514
424
428
424
424
424
424
420
420
420.344
420.271
420.693
412
417.928
416
417.192
424
436
432
431.474
436
435.768
432
432
428
428
426.26
425.111
425.08
416
416
412
408
404
400
400.062
400
392
396
394.806
395.548
388
388
388
388
396
394.863
408
412
428
444
440
440.387
424
423.329
421.906
404
405.464
392
388
384
380
388
388
388
396
400
404
404
416
424
436
440
428
424.832
420
414.36
428
420
412
404
404
416
416.988
416.76
413.215
409.93
409.491
408
408.386
400
398.882
428
468
442.044
434.579
431.915
432.744
496
483.007
464
468
472
472
465.372
458.388
454.332
456
460
456.456
448
464
448
448
448
446.358
440
436
428
429.417
428.351
428
428
416
419.79
424
424.03
408
417.428
400
406.08
424
428
430.08
432.364
434.385
428
416
419.486
408
408
408
416
419.748
440
444
440
440
440
452
446.506
440.777
444
441.559
464
457.758
451.873
452
444
448
440
440
444
436
436
436
440
439.196
436
436.886
432
428
429.188
428
428.707
428.518
429.36
420
424
428
426.98
436
436.856
444
445.349
446.274
440
440
440
438.583
437.847
432
436
434.285
428
431.751
420
426.286
412
420.523
416
417.674
418.306
418.929
424
420
420
428
425.33
428
427.781
416
416
408
412
411.077
411.822
416
415.815
420
420
420
421.277
421.471
428
428
426.792
420
424
424
422.397
420
420.911
432
428
424
424.178
408
404
408
408
408
409.557
408
416
428
436
428
428
424
424.177
404
407.406
392
392.955
393.155
400
404
407.253
420
444
445.21
440
440
436
444
440.876
434.417
428
432
431.242
444
441.321
440
440
448
444
440
448
446.348
443.572
440.679
438.388
436
434.292
432.528
424
425.002
425.051
425.859
426.733
432
436
437.825
439.095
440
448
436
438.571
439.084
428
433.733
433.769
432
433.745
428
428
416
416
416
415.764
417.56
418.792
400
392
380
384
380
383.289
408
420
424
427.695
430.197
431.397
444
436
436.838
432
428.534
425.285
416
414.262
404
396
394.411
392
400
404.138
408.352
411.609
413.724
452
448
468
484
468
456
450.421
476
460
460
448
444
452
440
432
444
444
444
440.781
424
424
416
412
400
396
404
416
428
428
424
432
436.288
439.18
439.525
440
440
444
436
440
438.958
436.359
436
432
432
432
430.952
430.479
430.077
428
427.739
428
427.727
432
431.809
436
436
436.595
436.649
436.702
436
444
440
440.742
440.803
432
437.863
424
424
432
420
420
416
416
417.237
416
416
417.198
412
424
416
412
412
412
416
416
416.774
412
408
424
418.987
420
419.679
424
424
420
420
420
416
412
412
408
409.399
408
409.012
409.703
412
412.993
413.967
424
425.567
428
432
428
432
430.452
420
421.06
420.194
416
417.206
412
420
412
415.661
416
420
408
414.525
404
412
400
396
392
376
383.397
364
364
368
372
392
424
464
472
496
508
488
456
448.979
440
432
428
412
404
402.463
402.923
405.565
376
388
396
400.103
405.072
456
444
448
448
440.707
416
416
392
384
376
368
368
360
363.195
365.005
404
422.58
429.096
431.248
428.596
421.134
488
481.373
468
452
432
424
419.951
436
436.43
420
416
418.948
404
400
412
414.144
432
472
492
520
488
476.716
484
488
478.55
448
444.536
446.368
447.807
447.036
444.061
440
441.327
448
436
444
448
460
452
448
440
444
442.613
448
440
440.271
444
447.234
428
437.005
420
423.788
424
436
440
440
428
431.894
436
444
428
431.235
452
450.217
448
440
444
447.715
460
432
435.42
436
440
444
432
433.945
420
424.33
420
421.846
422.354
404
404
424
472
448
442.946
443.124
464
464
448
444.642
449.826
452
448.634
441.287
432
436
444
444
444
438.535
436.833
440.026
443.532
464
454.146
476
460
456
451.561
450.455
451.706
448
444.759
504
472
456
456
468
465.119
452
464
456
480
472
466.769
476
473.068
472
469.075
440
452
452
432
412
417.413
420.333
421.655
408
415.507
419.291
420.358
452
468
488
481.261
479.323
477.958
471.053
452
448
428
424.731
421.975
420
420
416
416
417.588
436
448
456
452
444
441.229
448
440
432
428.835
424
420
432
437.141
456
452
460
484
484
476
472
456
468
464
460.758
456
453.453
456
468
465.336
472
468
465.688
463.596
461.876
460
456.944
454.035
464
476
464
460
460
452
454.851
448
449.524
444
448
452
432
436
436
440
436
438.708
420
412
413.817
414.665
392
392
404
392
397.622
424
460
460
468
484
476
448
448
444
436
432.953
436
434.54
428
428
436
436
428
429.296
431.324
472
484
472
466.427
444
456
448
444
432
431.232
432.571
448
448.931
436
444
464
464
455.809
432
440
445.186
447.087
424
412
420
412
428
427.154
412
424
428
432
425.736
420.211
424.836
464
459.268
448.718
448
456
452
444.754
432
440
448
445.019
456
445.85
442.143
464
456
452
456
456
452
452
452
449.332
472
464.271
460
458.312
460
457.446
456
455.539
440
420
424.689
416
408
420
424
427.163
420
432
433.027
434.914
436.69
488
476
472.915
456
468
464
448
449.851
432
432
432
424
416
418.631
428
440
444
432
433.433
435.479
434.499
431.951
432
432
444
444
441.476
438.49
438.778
440.107
472
476
476
468
472
476
468
463.021
464
464
456
456
472
471.869
467.691
460
459.67
460
456
452
464
464
452
452.182
456
448
452
452
456
444
449.137
452.555
453.973
424
436.89
408
388
390.281
372
376
368
388
412
452
462.344
456
472
472.588
464
452
464
468
460
448
440
436.854
448
444
442.682
448
452
460
455.942
468
472
468.475
464.588
476
468
463.462
460.215
468
472
468
462.944
460
448
460
472
468.579
464.272
460
468
460
464
461.679
456
456
460
468
468
460.847
460
472
448
452
468
460
452
456
460
460
452
448
456.254
448
450.149
448
444
447.891
449.359
448.471
432
439.733
412
404
396
392
400
404
410.069
468
468
448
460
464
458.407
448
432
429.349
424
421.914
422.304
412
412.906
408
420
425.32
424
