{
    "scaler_seq": {
        "mean": [
            810.0983465716063
        ],
        "var": [
            22156.695669403605
        ],
        "scale": [
            148.85125350296383
        ]
    },
    "scaler_feats": {
        "mean": [
            810.0983465716063,
            37.82068649867774,
            66.35616973106688,
            0.045053558407022735,
            0.49598075352545606,
            2.9787970716302214,
            0.5046870869884037,
            44.879571031166996
        ],
        "var": [
            19320.732126848925,
            715.7906631637741,
            1582.9726154842886,
            0.0017140520175283928,
            0.007932711729931444,
            11.109599720483315,
            0.008648373773581451,
            821.7876466131056
        ],
        "scale": [
            138.99903642417428,
            26.754264392125865,
            39.78658838709708,
            0.041401111307891154,
            0.08906577193249629,
            3.3331066170291215,
            0.0929966331303529,
            28.666838796998626
        ]
    },
    "y_scaler": {
        "mean": [
            0.0008277908033877219
        ],
        "var": [
            2170.5502447810527
        ],
        "scale": [
            46.58916445678172
        ]
    }
}