836.787
304
296
300
296
304
308
304
308
312
368.876
324
366.609
320
320
320
316
280.942
312
312
312
312
324
324
328
324
324
320
316
308
308
300
300
300
300
299.998
296
304
304
304.233
316
356
356
351.633
328
328
312
308.463
304
300
300
292
300
301.841
306.114
310.867
296
292
292
291.89
288
292
292
292
296
288
292
292
292
292.669
293.041
284
292
289.584
292
284
292
290.213
288
284
288.655
288
288
284
276
288
280
280
284
272
284
279.574
280
280.151
276
281.185
272
278.136
276
272
275.645
276
272
275.227
275.062
280
277.28
276
280
272
284
276
284
280
276
284
280
276
288
272
280
276
284
280
280
292
281.231
284
296
284.058
296
284
286.84
276
288
280
272
284
280
284
284
296
292
292
291.78
292
290.434
284
288
284
292
280
288.327
288
276
289.943
281.626
280
284
272
280
276
276.863
276
272
280
276
272
284
276
278.23
288
281.792
300
300
300
299.712
298.9
296
300
300
296
292
292
292
291.474
288
288
284
284
283.811
284
288
280
292
288
292
284
292
292
292
300
292
292
296
295.77
288
288
284
280
284
283.543
284.114
276
272
272
276
272
280
276
284
284
288
288
288
288
288.812
284
292
289.703
289.45
280
284.796
283.86
284
283.902
280
284
288
284
288
284
288
292
289.127
292
288
288
292
296
289.712
300
296
304
298.227
297.946
304
300
292
300
296.984
300
297.52
300
292
300
300
304
300
300.956
304
296
300
298.512
296
300
296
296
300
300
295.611
304
308
304
308
304.804
304
292
296
296
288
300
292
296
304
296
300.869
300.077
300
296
302.021
296
304
300
300.673
301.318
300
308
302.098
304
296
296
296
292
296
292
300
300
300
304
308
308
300
303.612
302.683
302.399
308
304.483
304
304.726
308
300
300
300.955
300
296
296
296
292
300
292
296
304
300.006
304
304
304
308
304
304
300
300
296
292
293.32
292
300
300
288
297.255
292
288
284
288
287.196
292
296
296
296
300
299.792
299.577
296
297.631
288
292
296
292
288
296
284
296
296
296
304
298.313
312
300
312
308
308
312
312
304
304
304
300
304
308
308
312
308
309.239
312
312
308
309.254
308
308
307.668
308
308
312
312
304
308
304
304
300
304
303.958
296
300
292
296
296
300
300
296
308
296
300
308
304
304
304
308
300
308
300
300
296
304
298.161
300.244
300
299.784
296
302.153
292
292
296
300
292
300
296.62
297.297
292
288
293.63
293.385
292
288
292.805
296
292
292
296
300
293.787
296
304
300
304
300.984
300
300
296
296.632
292
300
296
296.65
300
300
304
300
304
300
304
296
304
297.363
299.566
308
304
302.321
302.916
304
304
304
304
300
308
304
300
303.979
304
302.315
300
304.585
296
304
292
308
296
304
308
300
305.35
304
302.396
304
304
300
300
300
296
304
297.413
300
299.814
300
299.834
296
296
300
296
296
300
296.764
297.832
300
296
300.403
300
304
296
300
300
292
307.118
292.038
304
304
295.318
306.56
304
312
308
312
304
308
308
304
304
304
300
304
304
296
304.244
299.62
300
304
292
300
296
300
296
304
298.311
304
308
303.963
312
312
308
304
308
304
300
296
296
296
292
288
288
284
208
344
292
290.196
292
284
296
292.56
292
292
288
292
292
292
296
292
300
296
296
297.837
292
292
296
300
294.337
292
304
288
292.285
296
296
304
296
300
296
297.832
296
300
295.099
298.869
304
300
308
304
308
304
304
308
300
304
304
308
296
304
304
300
304
300
304
300
302.833
304
308
312
304
316
312
308
312
308
308
308
312
304
308
304
312
304
308
308
304
308.933
304
308
304
312
300
304
300
304
308
300
308.434
304
308
300
311.67
300
300
304
292
300
298.932
304
296
300
300
300
300.382
296
292
300
296.993
296.92
296
297.746
304
304
304
312
300
312
304
304
308
304
304.934
312
308
304
308
312
307.788
308
300
304
300
308
300
304
304
300
312
296
308
304
303.969
304
312
312
308.121
312
310.55
312
308
308
308
307.965
307.695
308
304
304
296
304
304
303.133
296
300
300
300.056
300
300.619
308
304
305.086
300
304.356
304.336
304
308
304
304
305.389
305.111
304
308
300
300
301.971
304
304
296
300
300
300
300.047
300.027
296
296
304
300
308
308
312
307.774
312
308
316
312
310.931
311.506
300
296
296.957
288
292
292
296
288
300
296
297.793
304
302.51
312
312
311.72
308
312
308
304
308
300
302.779
302.224
304
292
304
296
296
288
293.844
292.556
292
296
300
300
308
306.599
312
308
309.444
312
304
312
296
300
296
296
292
296
300
298.903
300
296
308
308
306.609
306.524
312
309.717
304
304
296
300
296
297.006
300
298.568
299.726
288
298.129
294.892
288
284
284
284.844
276
284
280
280
280
276
278.641
276
272
276
275.026
276
268
276
276
272
276
272
276
272
268
272
271.446
268
276
276
284
278.844
292
286.376
300
304
312
316
312
308
312
308
312
304
308
304
304
312
300
304
303.327
300
296
297.42
296
300
297.797
300
312
312
324
320
324
321.982
320
320
332
324
328
326.306
324
332
329.874
329.278
328
328.41
324
325.156
324
323.798
324
323.844
324
328
327.014
320
323.478
328
320
320
320
308
316
304
304
304
303.83
308
312
312
316
316
316
316
312
312
312
308
312
304
308
307.962
316
308
312.439
316
312
316
316
320
320
320
324
328
325.594
328
320
324
322.205
320
320
328
320
324
328
324
328
320
328
324
324.252
316
322.806
316
324
318.819
316
320
318.312
312
308
312
308
316
312
316
312
324
317.882
328
323.38
328
324
316
320
318.857
320
304
300
296
296
292
294.189
304
304
307.319
304
304
312
308
312
300
304.909
300
300
300.312
300
308
300
308
300
302.841
302.821
302.799
292
292
292
288
292
296
296
304
303.809
308
300
304
308
304
305.524
308
308
304
308
304
304
304
300
296
300
300
299.808
308
300
304
303.315
308
304.313
300
304.371
300
296
296
296
292
292
288
288
284
284
284
292
296
304
308
320
316
320
316
312.317
308
304
304
296
300
296
296
296.598
292
292
296
296
288
292.153
308
304
308
312
320
317.64
315.827
328
320
320
320.848
312
308
308.781
308
312
304
316
316
314.951
308
320
318.184
328
328
320
324
316
320
312
312
312
308
308
304
304
304.368
300
300
296
296
296
295.57
296
292
296
300
292
296.621
300
304
308
300
303.904
296
300
300
296
296
292
296
294.332
296
295.852
304
304
300
308
304
308
305.293
304.93
300
304
301.532
296
296
300
304
301.348
336
344
348
340
340
332
326.713
320
316
312
312
304
304.982
304
296
300
299.088
300
301.328
304
304.877
304
304
304
308
304
304
304
300
304
304
300
308
300
304
304
303.971
304.223
316
320
336
336
348
344
344
336
336
328
326.287
320
316
320
304
300
300.241
292
300
292
292
292
304
304
312
312
314.152
340
352
360
368
365.941
368
352
352
340
336
332
332
331.949
324
316
324
316
308
316
313.831
308
312
300
312
312
312
314.221
316
316.396
304
320
315.964
316.336
316
317.567
316
328
320
320
324
322.153
308
320.62
304
316.351
304
311.652
300
296
301.304
300
296
296
304
300
308
320
324
320
328
320
324
320
320.761
316
312
313.049
308
304
292
300
296
296
304
292
300
304
304
300
308
296
300
292
296
300
296
296
296
292
292
284
288
287.789
284
280
283.027
282.86
284
296
292
304
304
303.411
308
300
308
304
300
288
292.362
292
284
289.322
280
284.08
284
283.949
285.272
296
300
299.29
299.341
284
296
293.211
284
288
284
288
287.018
292
300
304
304
301.464
300.584
308
312
300
301.05
296
292
292
292
288
284
284
284
288
296
288
290.658
296
300
296
296
296
296
296
296
295.741
296
295.746
292
284
292
280
288
287.867
288
292
292
296
296
292
288
292
292
284
288
276
288
283.408
276
292
292
289.41
292
284
292
288
288.617
288
280
284
283.614
280
284
276
283.145
284
284
283.657
292
296
296
296
292
300
296
294.779
284
284
292
280
284
288
284.947
292
296
292
300
296
296
296.365
292
288
288
292
284
288
284
284
285.601
285.466
284.786
288
286.689
287.3
296
304
312
316
313.501
310.694
316
316
308
312
308
308
306.848
308
307.783
307.55
292
296.162
295.85
292
280
296
284
292
291.892
308
308
312
320
320
316
316
316
314.742
308
304
300
304
296
308
305.522
304
300
308
304
304
304.635
304.087
304.397
304.369
308
304
305.034
300
308
304
304.775
300
300
296
296
297.112
308
300
312
308
312
304
304
304
303.964
296
296
296
292
296
295.901
288
288
288
288
280
284
288
287.778
289.223
296
296
312
308
332
327.688
336
332
328
327.689
320
312
304
302.49
296
300
288
292
288
284
292
312
308
320
320.405
308
316
316
308
310.57
312
316
313.318
312
308
312
308
296
308
300
301.372
304
308
304
305.46
316
304
306.085
296
308
308
304
304
296
304
296
299.86
308
320
320
317.041
324
316
320
304
312
296
308
300
302.037
300
300
300.908
292
308
301.053
301.021
312
308
312
312
316
308
311.212
312
300
300
292
288
289.573
288
292
292
293.484
308
308
316
320
324
320
319.779
312
311.126
309.082
304
300
299.79
296
296.88
292
293.914
293.63
304
300
292
300
296
297.868
297.825
304
304
304.735
312
311.675
312.294
304
316
304
308
304
304
304
304.007
300
296
298.164
300
316
312
316
308
316
313.688
312
311.715
308
312
304
312
304
308
300
304
304
300
300
300
304
304
304.072
304.627
304.658
304
292
296
292
292.571
288
292
291.172
300
308
332
328
326.453
332
348
340
336.105
333.963
340
324
324
320
324
312
308
308
307.52
324
320
332
328
327.342
324
320
320
312
311.6
311.295
300
300
292
292.751
292
288
300
298.915
332
388
376
364
356
347.682
336
328
320.653
328
312
324
316
312
312.999
304
305.285
300
296
300
299.841
301.035
296
297.933
296
304
304
300
302.508
312
304
308
300
312
308
312
312
312.266
296
296
292
288
289.699
288
296
298.079
299.913
301.198
336
336
340
335.097
336
352
360
355.239
324
324
328
324
328
316
332
328
324
304
308
308
300
308
307.226
304
304
304.407
300
300
298.82
298.671
298.675
292
296
288
288
289.303
288
284
292
289.523
292.149
284
284
292
288
288
292
288
292
291.913
288
291.751
284
284
284
284
280
284.877
276
268
273.921
272
273.307
264
276
268
276
272
272
280
276
280
292
292
296
292
300
300
296
300
292
292
296
296
296
292
296
304
296
300
299.822
300
292
296
288
292
280
288
288
280
285.32
292
312
304.797
344
331.489
329.161
352
352
352
336
336
324
320
324
308
304
316
304
304
300
304
308
304
304
292
288
292
284
284
288
286.103
300
299.585
304
296
296
292
300
288
292
292.778
288
290.591
284
288
284
288
288
284
288
284
280
284
276
280
272
277.34
276
276.649
268
268
268
264
264
272
280
292
293.296
332
360
332
340
316
312
300
296
288
292
280
284
284
288
284
286.055
280
276
284
282.629
272
280
272
276
284
276
279.982
284
296
304
312
304
304
308
308
304
300
296
292
284
292
290.053
292
296
295.758
308
307.009
306.222
312
310.047
308.132
312
308
308
304
300
304
292
308
300
304
300
296
288
292.624
296
300
300
296
298.511
292
296
294.706
284
280
284
280
276
276
276
272
272
272
276
276
276
280
284
286.536
288.416
308
308
308
308
308
304
300
296
294.341
288
292
291.884
292
292
292
296
292
304
302.482
302.163
301.805
300
300
300
298.424
292
300
292
296
312
300
312
308
316
308
312
310.515
308
304
304
304.048
300
300
300.058
296
292
296
300
299.45
308
308
307.82
312
320
316.68
320
316
312
312
312
310.604
304
296
296
296
297.639
300
292
304
304
300
300
300
296
304
304.031
316
314.392
312
312.873
308
312
300
308
300
300
308
304.792
300
312
300
304
304
296
308
308
304
304
305.57
296
304
304
300
300
308
301.835
308
304
304
300
304
300
296
300
284
296
293.786
292
288
292
288
290.268
292
300
297.545
299.033
304
304
304
308
300
308
304
304
300
300
300.537
299.793
296
298.172
296.916
300
300
300
304
304
296
300.449
288
304
295.409
300
312
300
316
304
308
300
308
308
300
304
292
304
300
296
299.193
299.002
296
284
296
292
292
288
292.757
300
292
296
296.669
296
296
292
292
292
292.837
288
292
288
288
292
284
290.592
288
284
292
292
304
308
308
306.467
320
328
324.329
328
320
320
320.12
316
304
304
308
300
300
300.837
308
300
312
312
311.555
320
316
316
316
314.1
312
316
316
316
316
316
312
313.628
316
304
311.026
304
308
300
305.436
304
304.558
308
304
308
307.317
312
308
316
312.524
313.184
324
320
316
316
312
300
312
307.653
312
312
312
312
312
316
308
308
308
308
300
300
312
308
344
321.229
320.031
308
300
300
292
300
296
304
304
304
306.047
300
300
301.258
292
292
292
291.289
328
348
340
336
336
332.056
332
332
332
324
316
312
308
304
300
300
296
300
292
304
296
292
296
292
288
292
288
296
296
297.526
316
315.46
317.846
336
335.379
336
340
339.261
324
340
328
320
320
316
320
308
316
312
320
320
320
316
316
312
308
308
304
304
304
316
312
314.058
308
308
296
304
302.136
292
288
289.805
304
320
336
334.408
368
366.626
364
368
363.16
348
348
348
352
348
345.299
348
352
332
334.274
334.076
328
328
327.295
327.405
324
324.636
344
341.901
352
348
340
336
340
340.854
341.742
344
344.932
352
352.394
352
350.112
340
316
324
312
313.353
308
328
334.363
352
352
352
348
343.276
340
340
324
340
328
324
324
328
328
316
324
316
318.358
304
304
300
300
299.567
288
292.626
291.491
296
292
304
312
308
324
332
328
329.702
332
336
320
320
320.7
316
320
332
336
340
356
352
348
340
328
325.652
324
320
320
316
324
320
328
328
316
328
324
328
336
336
335.616
332
332
332
330.482
329.965
340
324
324
325.01
324
304
312
296
312
304
312
310.519
311.594
332
340
338.665
352
340
341.977
348
344
343.255
304
308
300
296
297.931
300
320
348
396
390.605
380
371.504
364
360
348
340
334.154
340
342.958
332
328
316
316
316
316.831
312
312
308
300
308
316
312
324
328
332
324
328
328.652
320
308
310.239
312
314.822
316.485
319.209
324
328
336
320
320
308
320
312
320
304
312
312
311.767
311.653
304
300
292
300
292
292
293.601
292
296
288
288
288
288.334
284
288
292
284
288.084
296
294.172
295.78
308
312
320
312
312
312
308
306.988
316
308
312
312
310.5
316
314.266
316
324
312
312
312.149
308
316
300
316
308
316
312
320
315.175
320
324
320.682
320
324
316
312
324
328
324
323.84
323.91
324
320
312
312
312.054
312.087
312.65
316
328
328
326.564
325.244
300
304
304
316
320
324
312
320
320.287
319.558
320
316
304
306.607
312
316
312
320
308
308
308
292
292
296
292
294.564
292
293.949
295.124
288
290.886
290.534
296
295.534
297.278
292
295.097
296
288
300
292
296
292
296
296
288
295.134
292.873
292.814
293.021
293.503
284
280
284
284.666
292
288
292
292
292
292.628
284
296
288
296
288
288
289.721
288
296
289.474
288
292
284
292
292
300
300
296
295.418
296.284
296.038
294.471
304
296.409
280
284
288
284
287.283
288
288
288
284
288
284
280
282.864
282.915
284
284.133
276
276
276
272
273.949
272
273.443
280
280
276
280
276
288
288
288
296
292
288
288
288.145
288
272
288
282.179
281.956
276
280.425
280
279.645
279.311
276
276
280
276
276
280
276
284
276
288
283.014
280
284
276
280
284
280
284
280
282.472
280.758
288
288
285.168
292
287.776
288
288.042
276
287.895
280
284
282.118
296
300
295.758
295.28
296
296
308
303.269
292
300
292
292
296
294.133
296
308
308
306.746
308
307.298
316
308
300
301.828
301.126
292
294.684
292
304
316
310.952
324
344
352
380
376
396
372
372
368.861
362.877
352
348.535
344
341.16
328
324
320
312
313.926
314.16
312
328
328.648
340
348
344
340
336
336
333.442
336
340
341.186
336
338.443
352
352
348
345.939
336
328
328
320
324
320
312
316
308
312
312
316
317.919
308
316
312
314.363
316
320
316
340
348
348
348
344
328
336
320
322.166
312
316
320
316
320
316
320
312
312
316
328
324
328
328
336
334.244
356
360
372
388
372
369.394
352
344
336
324
332
330.589
333.983
336.398
316
323.978
300
308
296
308
292
308
304
306.935
320
317.149
328
325.884
328.512
332
336
328
328
320
322.717
320.477
319.784
304
304
300
300
299.655
352
384
432
432
416
384
371.842
356
348.16
348
352
340
352
344
344
344
341.947
336
332
328
327.477
340
340
332
340
328
332.008
331.337
329.527
344
336
344
336
340.873
328
324
332
316
324
324
323.933
332
336
332
340
338.206
338.327
376
364
360
358.719
340
336
336
334.984
324
328.061
327.959
327.78
332
332
328
320
328
332
336
340
338.315
338.474
337.758
328
332
316
319.077
304
312
300
304.122
300
296
304
308
312
312
308
312
308
308
304
305.617
300
308
304.756
332
326.449
392
368
365.006
368
362.403
360
368
363.271
376
368
364
352
352.96
340
336
328
328.331
316
312
312.739
316
316
332
332
334.488
337.174
364
356
360
356
356
355.985
352
340
332
328
324
325.182
324
316
319.312
336
341.502
344
336
335.18
336
336
332
320
312
312
300
304
308
312.11
312
320
344
360
356
356
344
344
332
328
328
328
326.259
316
332
335.341
312
318.984
320.573
304
304
304
304.235
308
300
312
316
324
336
348
356
348
352
344
340
336.933
332
324
316
315.171
308
312
311.588
316
320
332
335.28
332
328
324
328
316
316
316
308
312
304
304
304.328
316
316
320
324
328
332
330.874
328.907
324
321.876
320.073
336
328
336
332
328
332
324
316
324
324
320
328
336
336
328
332
328
336
331.721
324
328
336
328
336
320
327.516
312
320
316
316
324
320
320
321.578
328
325.224
328
327.642
328.212
320
324
324
328
312
320
316
317.023
324
324
328
332
336
334.48
333.637
340
336
332
328
324
324.047
308
316
304
308
304
304
300
300
308
300
300
304
308
312
324
316
332
332
328
329.706
332
324
325.872
325.63
308
316
316
312
316
312
316
316
316
320
324
320
321.385
320
318.721
328
324
328
324
328
316
332
316
328
316
322.117
316
319.121
319.171
316
312
316
316
308
314.906
308
308
304
312
308
316
320
324
328
327.858
344
352
356
352
352
352.033
340
340.118
336
332
328
328
328
327.706
332
320
336
320
328
316
319.934
319.67
316
316
312
316
316
316
312
314.59
316
316
316.972
320
324
320
324
312
328
312
316
316.814
316.757
300
316
312
316
312
312
324
320
316.359
318.07
340
321.261
332
324
332
324
324
324
324
320
316
324
316
317.8
316
324
328
332
336
340
338.643
328
332
336
324
332
320
320
320
319.983
320.703
304
316
304
312
300
305.915
304
305.037
305.612
308
316
320
336
337.753
332
344
340
332
340
328
329.936
329.165
336
332.353
336
332
332
344
336
332
336
332
331.961
332
332
336
336
324
324
324.911
324.893
328
328.743
329.97
330.751
340
348
352
344
344
336
340
336
344
348
352
352
344
344
344
336
336
332
331.783
340
332
334.34
332
332
328
329.071
324
332
332
332
332
333.223
336
336
336
332
336
336
335.879
328
333.893
320
324
332
326.548
328
328
332
340
340
337.439
340
352
347.697
344
343.686
340
340
332
333.828
324
324
324.088
312
317.324
312
316
315.897
317.302
308
316
308
310.67
320
308
312
308
310.31
304
308
304
306.602
305.755
307.57
316
312
312
312
316
314.434
320
316.515
320
324
324
332
316
324
324
324
320
316
316
320
312
308
308
308.606
312
311.891
320
324
328
325.751
328
328
332
328
328
328.237
332
332
324
320
312
320
321.393
328
328
326.352
336
344
352
360
356
350.795
352
348
343.894
344
341.895
340.07
338.976
344
345.006
336
337.375
348
336
352
350.289
352
352
352
348
352
349.736
340
336
340
332
336.825
324
328
320
320
320
320
316
316
320
312
320
324
323.313
332
352
344
356
348
360
357.582
356
340
343.198
328
336
324
336
332.461
324
324
324
323.915
320
324
322.808
324
332
340
332
334.627
344
342.645
344
343.448
352
348
348.467
348
332
340
328
324
320
312
312
320
320
348
344
344
344
348
352
360
352
352
351.72
352
340
340
340
328
332
324
320
321.188
320
316
317.673
328
340
340
348
344
352
356
364
360
352
352
351.353
340
348
340
352
349.545
352
344
345.887
348
344
344.077
340
340
348
332
336
332
348
332
344
340
340
348
340
343.726
343.789
343.525
352
345.778
340
328
336
324
320
324
323.916
324
332
332
344
344
348
340
348
340
342.065
356
356
360
360
360
352
348
356
348
349.444
340
343.254
328
324
324
328
324
320
322.208
324
312
317.011
320
324
324.338
328
336
332
333.76
332
332
336
334.956
340
332
334.111
328
332
328
328
328.709
324
316
316
312
312
320
328
324
320
321.582
320
336
332
332.704
356
356
351.521
368
368
372
372
368
360
360
348
340
332
328
324
320
320
332
336
348
356
360
361.394
352
360
357.424
344
345.685
328
328.647
324
323.444
316
324
324
327.285
336
344
348
352
348
346.174
344
348
340
340.756
324
320
324
316
312
314.319
308
312
304
316
316
324
332
332
333.9
336
332
328
336
328
336
324
340
336
332
336
336
332
328
328
324
324.753
316
312
312
316
312
320
320.296
336
340
340
336
328
328
328
320
320
320.605
316
320
320.778
340
368
392
400
394.475
386.248
384
384
372
372
368.163
368
352
352
340
336
328
320
316
332
324
336
336
339.386
348
360
344
346.753
340
344
341.711
341.997
332
336
332
332.793
333.028
333.328
348
352
348
348
348
346.711
348
344
336
336
332
324
325.301
332
328
331.103
336
328
324
336
336
328
336
336
344
339.167
340
340.569
344
336
340
340
352
336
340
340
336
328
336
320
324
325.818
325.574
325.227
326.621
312
308
312
312.071
320
312
316
317.433
328
340
352
350.92
356
344
352
348
345.058
344
332
328
328
328
316
308
312
324
320
328
336
348
348.598
348
352
356
348
352
348
348
352
352
352
356
354.051
352
356
348
344
344
344
348
348
347.689
348
352
348
356
356
356
360
356
360
360
356
356
356
348
352
344
344
336
336
335.956
332
328
336
336
340
340
336
344
348
332
336
336.088
328
336
334.759
332
334.921
332
320
320
321.364
320
320
324
336
336
334.434
336.855
337.436
332
332
332.86
316
320
312
312
312
308
308
309.199
316
320
328
320
332
333.203
340
348
345.879
352
350.179
356
353.686
336
328
327.594
316
320
304
307.338
308
316
319.3
332
348
352
350.814
348
340
332.444
344
344
343.33
336
328
332
320
321.8
328
340
336
333.957
352
352
352
352
360
352
356
352.346
344
340
340.068
332
331.823
328
328.816
328
332
324
328
324
325.326
325.689
336
340
328
331.333
332
324
324
324
320
328
328
336
324
329.587
316
324.307
320
308
308
316
304
312
311.946
320
319.422
332
340
340
340
340
340
332
333.244
324
320
316
316
304
308
296
304
296
299.855
304
305.175
308
316
328
336
338.578
356
368
380
376
364
364
352
356
344
348
332
340
332
336
340
352
352.851
360
360
356
344
352
336
337.513
336
336
320
340
336.315
332
335.576
332
340
332
336.035
344
340.768
341.658
356
352
348
349.676
348
348
347.723
344
336
332
336
340
340
352
350.523
352
348
346.974
352
352
340
342.637
344
340
340
341.056
332
332
332.979
340
340
356
360
356
348
364
360
353.622
356
360
352.681
352
348
352
340
340
340
339.78
336
338.251
339.462
336
348
360
357.01
376
372
372
369.073
352
348
348.041
347.065
344
340
328
330.313
336
336
348
354.418
336
336
336
332
328
328
328
320
332
340
336
338.342
332
340
340
328
328
328
320
332
324
332
328
344
337.607
364
352
350.695
368
362.203
356
356
348
348
336
336
334.593
334.224
328
332
336
336
332
332
332
324
332
329.471
328
332
330.624
340
332
332
332
328
328
324
328
328
328.72
329.712
324
312
316
316
324
324
316
324
324
332
320
332
328
327.179
328
328
316
332
320
328
344
334.124
344
336
340
336
335.404
340
340
344
340
344
340
344
344
352
348
360
356.337
376
376
373.501
368
360
356
356
354.451
336
328
328
324
328
324
344
336
352
348
350.269
356
360
359.028
356
340
344
332
336
332
333.406
332
344
343.656
348
344
348
340
332
324
324.656
332
332
336
348
350.127
356
344
344
340
336
336
328
324
324
320
316
316
312
316
312
312
316
324
329.362
340
344.881
344
336
335.676
328
324
328
312
316
315.562
320
322.565
316
328
332
328
336
336
333.365
336
340
356
340
340.796
344
344
348
344.58
352
348
347.457
356
356
356
348
352
348
340
341.689
332
333.63
348
340
341.691
352
348
347.28
352
364
356
360
356
356
354.323
356
348
352
351.342
340
340
344
344
348
350.309
344
340
336
344
340
340
332
332
324
320
328
327.961
329.866
332
344
356
368
372
364
360
357.09
352
348
352
340
324
332
320
332
328
332
332.968
348
349.404
348
347.545
347.142
348
344
342.349
340
332
328
324
324
328
328.843
336
348
344
344
356
352
356
356
352.473
352
348
343.994
344
342.46
344
344.413
345.435
348
344
344.965
348
347.81
332
332
332.505
328
320
332
336
344
344
336
336
340
344
336
340
336
336.246
320
316
312
324
316
324
340
336
356
356
352
352
348
348
348
344
332
336
334.861
340
332
335.339
335.957
340
338.169
348
348
346.223
336
340
332
340
332
334.008
334.611
328
328
320
324
320
332
328
330.046
340
338.383
340
348
344
344.262
348
348
346.346
340
332
332.999
336
335.964
332
340
332
333.548
348
352
344
348
348.933
344
336
336
332
336
336.039
344
344
352
352
352
340
344
340
336
336
336
328
331.873
324
316
328
329.08
336
336
352
348
349.101
352
349.202
348
344
340
332
324
324
323.755
320
316
320
316
324
324
328
329.203
330.891
332.202
333.217
340
340.013
324
316
312
311.425
312
292
308
305.338
296
300
300
301.008
304
303.751
308
308.439
312
312
304
312
311.002
308
324
328
320
332
336
320
336
328
326.236
340
332
330.478
328
340
336
340
332
332
332.741
324
312
312
312
311.937
304
307.804
308.452
308.202
364
350.196
344
332
332.931
320
320.379
304
306.041
308
310.423
304
308.618
310.333
312
313.349
340
332
328
324
324
316
312
312
316
314.634
316
320
324
332
348
368
372
344
348
336
331.913
320
320
316
316
312
308
316
317.754
308
316
308
316
314.835
316
316.726
328
328
336
334.703
348
344
348
340
336
337.15
328
329.673
328
327.745
312
308
308
312
311.798
313.796
314.943
360
353.14
360
352
348
352
348.586
336
336
320
328
325.663
316
316
320
320.621
316
304
316
312
316
324
322.608
340
372
408
404
396.156
392
400
392
388
380
368
360
344
340.92
324
324
320
312
312
313.335
356
388
396.152
397.211
388
384
376
372
368
360
352
344
344
336
348
340
342.945
344.589
360
364
365.342
372
370.437
360
357.747
356
348
364
360
359.56
360.584
336
336
324
316
320
324
328
364
396
400
396
388.946
380.371
370.413
352
344
339.714
320
324
324
327.505
340
350.426
376
372
364
364
356
347.989
352
352
344
336
333.323
340
344
348
350.978
352
348
348
336
348
352
344
344
340
336
332
332.022
336
328
332
332
333.546
334.16
340
348
364
368
368
356
353.136
344
332
328
324
324.469
324
328
356
388
404
384
380
373.263
368
368
364
360
354.554
372
364
368
364.901
376
368
368
352
344
340
328
316
316.158
308
316
317.422
332
340.102
347.454
332
340
344
346.032
352
340
332
336
336
336.23
332
340
344
344
341.378
340.582
341.408
376
368
360
348
340
332
331.262
332
332
332.411
348
352
348
348
340
344
340
337.217
336.213
344
336
340
344
344
342.751
344
340
339.364
336
336.223
336
336.162
328
328
332
324
320
332
320
320
320
328
320
320
324
324
340
340
344
343.56
344
343.952
343.774
332
332
340
340
348
352
356
354.594
348
348.284
347.887
346.245
328
331.701
340
388
374.86
368.905
366.682
364
356
344
336
328
328
320
320
328
340
348
352
353.85
356
351.457
352
340
336.601
324
320.969
324
326.542
330.619
334.258
312
304
308
309.496
312
308
308
310.038
308
300
302.222
304
308
310.699
312
312
308
296
299.453
308
308
320
320
312
316
316
324
324
332
336
336
340
336.178
356
352
336
340
320
328
312
313.113
312.034
312
308
316
314.226
324
323.448
340
356
364
360
354.96
352
346.227
340.327
336.345
334.045
344
352
353.879
352.363
328
328
328
324
340
332
336
348
348
346.023
343.232
352
348
356
332
333.296
344
340
338.61
337.269
332
340
341.399
336
332
328
320
332
332.128
331.919
340
344
344
348
348
344
336
332
328
336
340
356
372
368
364
364
359.816
360
352
352
340
332
328
332
324
336
340
348
356
344
346.081
348
352
352
356
376
368
372
356
356
355.918
340
336
340
340
341.761
352
360
360
352
344
352
348
352
356
352
344
340
336
344
344
340
344
336
340
348
344
352
352
368
360
360
358.215
348
348
348.632
340
343.262
336
336
340
340.19
352
364
360
368
360
359.729
336
341.218
324
332
330.276
332.053
333.052
344
345.044
340
342.453
328
332.976
312
308
312
308
312
308
316
312
312
312
312
312
313.546
312
316
320
320
324
324.976
328
328.87
348
348
346.861
336
335.665
324
336
316
324
324
328
327.582
332
328
332
340
344
348
352
348
348
336
336
344
341.717
336
328
328
324
328
336
328
329.944
332
340
339.466
337.262
336
344
332
333.483
332
332.933
324
312
316
304
305.802
306.669
300
304
296
300
299.187
308
308
316
317.904
316
316
317.406
304
300
296
300
336
340
344
328
340
320
320
318.04
308
308
296
297.264
288
300
300.136
308
309.829
311.482
368
356
336
334.619
320
312.679
316
328
316
324
328
316
328
316
328
332
348
344
328
328
324
324
320.831
324
328
328
332
340
337.805
368
404
408
380
384
380
372
364.663
368
368
348
344
332
329.171
332
340
340
340
336
336
324
320
320
328
328
344
356
360
361.439
380
372
373.472
368
376
364
368
366.221
362.783
352
344
340
338.648
332
333.322
316
320
312
312
311.697
311.44
324
323.433
336
356
380
400
403.386
403.76
376
368
365.31
356
352
344
342.596
324
312
320
324
336
348
354.526
356
352
340
336.49
324
328
320
308
312
312
314.304
312
320
320
328
324
332
332.777
340
336
333.893
332.431
316
332
332
330.624
331.321
332.236
332.736
352
356
348
344
336
340
328
332
324
324
323.721
348
356
348
348
340
336
332
324
328
336
336
344
352
351.816
364
360
356
352
348
344
336
334.31
344
340
336
337.133
336
332
324
328
316
318.402
324
325.415
336
348
350.169
376
384
378.67
360
360
340
340
336
340
332
332
333.387
332
320
332
324
332
330.958
332.265
328
340
348
348
344
336
332
332.722
331.6
328
328
328
316
316
316.842
317.793
320
316
328
336
340
337.993
356
348
356
348
340
340.707
340.181
348
352
348
344
344.617
344.267
328
332
332
332
328
340
332
328
328
328.469
348
348
356
353.31
352
336
338.079
320
321.755
312
316
304
307.292
324
324
316
332
324
324
325.784
340
336
328
324
326.074
320
320.557
328
348
352
364
368
372
360
360
356
352
344
336
328
332
331.655
333.44
332
340
348
350.337
350.709
348
344
344
342.073
328
328
324
320
328
330.59
320
328
332
344
340
352
352
348
348
344
339.613
337.288
332
332
332
324
324
324.661
324
325.984
348
349.732
348
348
352
340
340
336
336
324
326.409
316
312
312
312
320
332
336
338.761
348
348
346.024
344
340
340
328
324
324
323.794
320
322.815
316
304
312
308
312
300
316
312
304
308
296
304
292
295.883
296
295.904
300
296
300
300
304
308
308.798
300
296
304
304
304
316
316
312
308
300
301.98
308
300
304
296
296
300
308
316
308
320
308
324
316
316
316
314.419
313.057
324
328
324.038
322.179
320
316
312
308
308
308
300
304
303.936
304
296
308
308
304
306.475
307.134
307.105
316
316.165
320
312
313.983
312
311.179
311.107
308
316
314.1
312
312
308
308
312
308
316
304
296
308
284
300
308
320
312.622
332
328
336
352
328
331.619
324
320
312
304
308
300
302.588
296
300
298.807
300.189
300.485
320
316
340
344
352
336
332
330.137
320
316
312
308
300
308
308
308
304
316
304
320
332
328
332
329.845
336
336
333.548
328
324
308
312
296
300
296
296
288
291.599
296
296.956
296
298.582
300
304
304.816
312
316
324
320
332
324
336
340
336
328
329.502
312
312
308
312
312
300
312
310.235
309.933
304
306.439
306.21
316
320
312
312
313.234
312
304
306.542
320
316
324
320.201
324
332
330.143
328
356
352
352
344
336
336
332
328
325.726
316
308
304
308
300
308
308
308
312
316
312
314.358
328
332
332
328
336
337.019
336
336
344
340
339.659
339.454
324
308
308
307.46
308
312
312
312
313.499
314.104
292
300
300
308
324
348
360
372
364
360
352
348
336
336
332.964
329.928
320
320
318.226
312
312
308
308
307.851
316
312
324
324
326.307
348
360
364
368
364.208
360
356
352
348.93
340
344
328
324
322.838
320
312
314.713
316
312
314.726
312
324
332
333.797
336
340
352
340
348
336
337.205
336
340
328
332
324
324
332
329.724
324
332
320
336
320
328
324
316
320.521
316
312
314.288
320
324
336
336
344
344
340
336
324
328
332
328
316
304
316
308
308
308
312
316
324
316
318.512
312
316
304
304
304
303.529
308
312
304
312
312.466
320
328
332
344
340
292
303.384
288
296
304
300
300
316
308
309.611
312.064
292
292
294.56
295.188
288
284
288
296
284
292
284
292
288
290.091
292
292.291
292
284
292
284
296
308
304
301.733
308
312
316
304
305.71
304
300
300.505
308
308
308
306.202
312
312
308
308
308
307.686
308
308
304
312
312
320
316
312
304
306.547
307.504
300
300
300
301.233
304
300
308
312
320
320
340
324
328
324
324
324
320
319.605
312
312
310.869
304
292
304
300
296
296
288
284
280
288
280
288
304
304
307.025
356
372
360
352
351.113
352
340
335.929
332.365
312
312
308
305.546
312
312
328
316
316
312
296
292
292
291.633
292
296
304
320
326.316
332
340
343.173
344
340
336
332
328
328
316
308
304
300
296
288
292
284
288
296
292
296.166
296.863
340
332
344
328
328
326.791
320
312
308
306.526
305.728
300
296
296
292
296
296
308
308
300
304
304
312
308
312
304
308
308
300
304
303.556
300
296
296
292
293.219
296
296.417
300
296
312
308.065
312
316
324
316
312
308
312
308
312
312
312
316
324
312
324
316
316
316
320
324
328
348
364
356
356
352
356
353.177
344
340.985
336
324
332
332
332
320
332
332
340
337.979
340
344
336
340
336
336
324
328
312
324
320
316
324
321.432
324
332
332
328
328
324
316
316
316
316
332
328
336
336
335.921
332
336
320
328
325.584
320
316
320
316
304
312
312
311.769
304
316
304
304
316
312
312
312
312
312.899
313.22
300
307.393
308
312
312
312.942
324
320
316
317.632
320
312
314.567
312
320
324
320
324
332
327.244
336
320
328
320
320
319.974
304
300
300
300
300.907
300
308
308.998
300
296
292
288
288
280
280
279.433
279.147
284
276
281.746
288
289.454
304
304
304
296
308
300
304
300
300
300.078
292
300
288
291.072
291.027
290.828
300
296
304
300
312
307.363
308
312
296
308
300
300
296
300
296
297.92
292
288
296
288
296
292
292
292.958
292.955
288
288
280
280
280
279.78
280.235
280
280.832
272
284
280.187
281.14
292
280
288
284
288
284
280
283.54
272
280
276
272
276
276
272
276.25
274.794
288
272
284
284
282.026
282.759
282.911
304
296
300
296
296
296
292
288
284
292
288
288
292
288
304
296
300
308
296
304
296
304
300
308
308
304
304
296
304
288
296
296
300
304
304
296
300
308
308
300
303.059
308
316
296
308
304
312
316
312
320
324
332
328
320
321.474
324
320
316
308
308
312
304
312
308
308
296
300
300.852
300.822
296
304
316
314.886
320
316
316
316.43
316
312
320
320
318.207
317.984
324
332
324
323.832
320
320.054
318.866
328
324
328
320
328
326.485
324
320
332
327.323
325.453
328
316
316
312
308
304
316
312
320
324
332
332
324
340
336
328
332
332
324
320
316
316.472
316.352
308
312.305
300
304
300
308
307.93
308
312
312.076
313.328
320
324
324.647
320
320
324
324
328
320
321.878
332
328
320
321.242
316
320
332
328.628
344
340
340
344
341.364
328
329.659
324
312
304
300
292
292.809
293.617
296
304
308
320
312
316.97
320
324
324.351
324
324
336
324
332
330.34
316
319.585
304
308
308
308
312
312
316
324
320
324
324
328
325.457
324.533
324
322.794
308
308
320
324
328
326.97
320
308
312
312.079
313.29
300
300
300
308
300
300
308
312
312
312
320
322.562
324
328
324
320
324
320
328
324.428
312
316
317.57
317.242
316
315.558
316
315.745
312
312
304
316
308
312
304
308.798
312
320
316
316
316
312
312
304
308
296
296
296
288
292
291.983
288
300
300
300
292
297.064
296.648
324
318.742
340
336
336
328
328
324
320
324
324
324
324
316
318.304
312
304
305.118
308
316
316
320
316
320
319.831
308
308
308
312
312.828
314.458
316.173
312
312
320
316
320
308
304
306.73
300
304
304.801
305.559
312
308
310.073
308
312
308
312
308
308
304
300
304
288
304
300
316
336
356
368
364
356
348
344
340
328
328
312
308
312
313.454
288
292
284
284
284.116
284.437
280
280
292
292.002
296
299.099
320
340
345.877
352
348
348.492
340
336.602
336
340
336
336
336
332
324
322.54
328
320
316
312
308
312
312
312.113
308
309.366
328
327.877
324
316
318.258
320.858
308
320
340
368
364
364
352
356
344
332
328
316
312
308
308
308.731
312
308
316
304
316
304
312
310.802
312
316
314.827
332
344
340
336
320
324
304
304
292
296
288
296
300
304
307.106
304
304
308
304
312
310.218
300
303.621
288
288
284
283.566
284
284
280
288
288
284
288
288
288
284
276
279.518
279.18
272
275.822
272
274.241
272
268
276
268
272
276
264
272.76
264
264
268
260
264
264
256
260
256
260
252
257.357
260
252
258.307
252
256
256
260
256
256
256
248
260
255.226
260
257.567
256
260
257.979
260
256
256
256
248
264.842
260
244
256
252
252
252.409
252
256
248
252
252
252
248
256
250.661
252
252
252
256
252.259
252
256
256
251.932
256
256
256
252.438
252
264
250.043
255.281
260
260
251.454
264
252.887
260
252.171
257.691
264
264
268
260.492
262.305
263.21
264
259.634
264
261.95
260.86
260.522
260.538
276
268
276
268
276
272
276
272
272
272
280
275.11
284
284
288
284
288
288
288
296
296
296
288
296
284
296
288
292
292
300
304
312
312
316
308
304
303.962
303.052
292
294.585
304
292
300
296
296.957
300
300
300
312
308
308
316
312
320
316.001
315.084
324
332
320
328
324
324
320
316
308
308
300
296
296
295.741
296.252
304
316
312
312
312
308
304
316
317.185
317.04
312
313.919
300
312
310.814
324
340
356
348
343.851
348
348
332
330.886
332
324
320
320
324
312
312
313.492
304
296
304
312
312
324
328
344
344
352
344
360
348
348
344
344
344
340.879
340
339.194
336
340
336
336
336
332
328
340
335.573
328
324
324
324.778
320
321.817
316
319.286
318.879
324
308
312
308
300
300
304
308
324
324
328
344
340
338.783
340
340
340
336.425
332
344
328
340
338.002
344
336
328
332
336
340
332
332
336
332
344
328
340
337.929
336.959
344
328
332
320
328
329.372
320
326.28
328
328
327.292
328
328.952
332
332
336
332
324
320
312
308
304
304
300
301.38
316
320
328
332
332
333.428
332
329.926
324
320
320
312
308
308
308.191
300
296
296
304
300
316
320
328
332
328
326.389
328
320
312
312
311.006
300
300
308
304
316
300
308
308.179
308
316
308
304
304
304
308
336
316
320
320
308
320
308
310.762
308
312
312
312
304
309.546
316
310.887
324
316.16
332
316
324
312
316.314
304
311.196
304
304
292
292
292.98
284
288
287.762
287.776
308
304
308
308
300
292
294.426
288
289.678
289.394
304
328
340
338.314
372
376
360
364
362.351
354.646
356
352.495
336
328
320
317.09
316
320
316
318.118
320
320.805
312
313.648
312
312
320
316
317.901
324
336
328
328
328
329.066
312
318.107
308
296
308
304
306.191
312
324
320
328
329.153
344
332
332
336
328
328.006
320
320
318.484
316
316.815
316
312
312
312
316
316
312
316
312
313.643
308
310.197
316
304
312
308
309.692
312
311.764
320
312
304
309.5
312
304
304
292
300
296
292
296
300
298.777
304
316
332
320
324
312
308
304
312
304
328
320
328
332
332
336
336
328
324
320
320
317.613
308
312
310.13
304
306.205
306.153
308
308
308.969
324
336
328
336
335.05
324
316
316
308
308
300
301.271
300
292
295.479
296
297.68
296
296
292
296
308
300
304
308
308.546
312
311.434
316
316
316.548
312
312
312
312
311.741
304
304
312
312
312
308
312
312.109
308
312
308
312
300
308
300
292
296
288
292
291.957
276
280
276
280
276
292
300
302.082
316
317.273
332
328
336
320
316
312
308
296
300
296
288
292
288
288
288
289.028
296
300
316
304
304
304
302.982
324
324
336
312
308
300
299.46
300
299.928
296
296
308
300
308
304
304
296
298.751
292
292
292
288
288
284
285.192
280
284
282.407
284
296
308
316
320
316
324
312
324
320
320
304
304
292
296
300
288
296
295.867
297.638
298.29
312
312
311.539
316
324
324
321.16
340
335.166
328
324
320
316
314.824
320
317.749
316
320
320
318.641
318.123
316
315.798
344
360
352
344.462
339.801
336.361
352
352
348.018
348
344
340
328
324
322.596
322.754
308
304
303.172
308
296
304
296
296
296.563
300
300.233
292
292
292.208
296
296
298.282
300
292
300
304
304
308
308
312
324
320
320
332
320
324
312
312
304
300
296
292
292
292.475
292
284
288
287.398
288
288
292
296
292
300
300.178
301.932
292
295.883
300
296
296
296
297.215
292
288
288
288.851
284
284
280
280.845
272
280
279.92
272
272
272
276
272
274.414
280
280.954
282.307
284
272
276
272
284
280
272
276
277.55
272
276
277.706
280
274.665
276
280
272
280
276
280
276
284
284
288
292
288
288
284
280
292
284
288
284
288
296
288
289.202
292
296
288
284
292
288.88
288
296
291.189
296
300
308
304
308
316
312
316
320
316
320
320
316
316
315.458
314.154
313.339
312
311.831
304
316
304
316
308
304
308
308
308
304
312
308
316
308
320
320
318.367
318.73
319.259
319.332
336
328
332
330.607
324
324
316
308
304
303.998
300
296
297.299
297.002
316
324
320
322.111
336
344
341.865
337.939
328
328
316
324
324
328
320
320
320
320.122
319.569
304
304
304
305.669
308
316
304
304
312
312
312
316
320
316
316
317.294
312
316
308
312
312
312
316
320
319.084
340
328
328
332
329.603
327.993
312
324
321.058
308
304
304
304.634
308
308.98
312
324
325.651
324
324
324.246
320
316.76
316
324
324.344
316
308
304
305.204
300
304
296
308
308
309.768
312
320
321.936
321.394
320
312
316
316.019
315.669
308
308
300
301.236
296
297.1
288
288
300
300
308
312
308
312
300
312
308
312
308
309.438
308
309.074
308
308.777
304
304
308
300
303.528
302.85
300
304
304
296
296
292
296
300
312
308
320
324
336
332.06
332
328
340
324
320
320
318.821
317.909
304
308
300
300
300
300
292
300
296
298.217
296
292
292
300
284
290.348
296
316
314.86
316
312
316
312
312.726
324
320
328
324
324
328
326.614
316
318.422
308
296
296.727
296
292
296
312
316
344
336
340
336.382
328
340
340
334.653
332
328.402
320
328
312
312
312
316
324
324
324
328
328
336
332
340
328
332
320
321.071
321.023
292
300
292
292
292
296
296.306
298.739
300.055
300
308
308
312
312.681
324
323.874
320
328
316
328
328
340
336
324
328
332
332
328.723
324
320
324
320
319.5
318.933
324
316
318.288
308
312
311.947
311.823
328
320
321.281
308
296
298.526
299.19
300.984
292
288
300
303.865
305.916
316
328
320
320
324
316
312
312
311.328
308.383
306.678
307.933
288
288
296
296
300
296
298.561
308
312
308
307.769
308
304
312
312
312
312
311.551
304
304
308
304
308
292
296
292
292
292.222
292.808
296
280
292
296
296
312
311.121
316
312
313.098
308
312
304
304
296
297.445
296.065
288
291.875
292
288
290.922
290.712
312
320
316
316
304
300
300
292
292
292
292.395
288
290.273
284
300
297.941
300
308
308
312
304
316
316
320
324
324
320
319.694
316
315.887
324
304
316
308
320
304
308.527
308.419
304
308
306.596
304
308
304
304
304
296
300
296
288
292.938
284
287.599
296
291.843
296
300
300.779
300
308
308
316
324
320
324
320
328
312
316
308
309.396
308
308
312
308
312
316
316
316
324
324
324
324
320
320
324
321.617
316
328
316
312
312
312.658
300
296
296
296.719
276
284
283.771
282.944
288
292
293.7
288
280
284
272
272
276
284
285.702
296
296
297.899
298.565
298.764
297.847
292
292
288
288
292
284
288
288
296
293.794
308
300
304
300
292
292
296
294.054
304
301.099
300.651
304
304
300
301.37
296
292
293.009
300
296
300
304
300.816
296
300
296
292
296.578
298.013
296
288
296
296
300
288
300
296
296
304
295.887
308
308
302.136
312
305.984
308
296
308
302.105
296
296
292
295.174
292
292
288
296
296
292
296
292
296
300
300
299.707
300
300
296
298.664
298.184
296
292
288
296
280
292
288
288
292
292
292
292
288
300
293.06
308
308
316
320
324
316
312
312
300
300
296
296
295.719
304
300
304
303.926
304.56
332
332
332
316
316
312
308
296
308
300
308
307.469
308.18
316
314.788
320
320
324
324
322.445
332
329.158
340
336
334.057
316
316
304
304
296
308
312
304
316
314.229
312
316
316
312
324
312
324
332
340
336
332
333.519
340
332
332
328
332
332
328
329.006
324
316
320
320
304
312
308
324
324
332
330.895
352
344
352
352
364
348
340
332
332
324
324
323.149
323.753
316
308
310.404
300
302.557
304
303.285
308
307.553
316
315.6
324
320
316
312
320
304
308
304
304
308
300
300
296
300
300
300
304
303.834
312
308
304
296
300
300
296
292
304
308
306.222
305.605
320
316.881
352
376
372
376
376
368.371
348
344
336
336
328
328
328.306
328.654
316
318.226
320
316
317.731
312
313.767
308
320
312
316
324
332
333.009
334.345
335.902
328
331.488
330.517
316
320
316
312
324
312
324
308
316
314.336
316
320
328
324
324
320
320
320
320
320
316
308
304
308
307.966
300
292
300
300
308
332
331.113
352
352
348.575
344
328
324
324
304
304
302.814
304
296
300
296
297.469
297.753
292
296
296
292
296
292
294.891
300
308
309.307
311.716
313.888
312
320
316
328
328
328
332
320
320
316
320
308
316
304
307.008
296
298.925
298.429
288
296
293.266
304
308
332
328
340
324
328
320
320
324
316
318.354
318.013
312
300
300
298.951
296
296
292
292
296
300
301.542
304
308
308
304
300
304
304.489
305.582
304
312
316
324
320
324
320
324
321.801
316
316
328
316
324
320
320
304
308
304
303.861
303.68
312
324
323.067
332
324
332
324
320
316
320
304
311.646
304
296
296
296.417
297.057
316
319.843
336
340
328
332
328
316
312
310.114
308
296
299.275
296
304
308
308
316
316
317.047
324
336
334.409
320
319.586
320
304
306.244
308
288
293.845
295.154
300
300
304
316
317.545
315.018
315.968
320
320
320
312
316
308
312
309.603
312
300
304
303.76
300
308
304
305.575
304
304.72
304.59
304.519
304.512
304.523
308
304
300
300
300
308
304.645
305.519
306.588
328
324
320
316
308
308
308
308
304
312
308
316
312
316
308
312
320
304
316
300
312
308
308
308
300
304
304.002
300
296
292
296
292
296
284
296
296
295.827
308
316
324
332
336
335.283
334.866
328
328.009
328
324
312
316
308
308
308
308
300
304
308
292
304
300
300
304
300
304
300
308
296
308
296
308
308
312
324
328
327.412
340
340
340
336
324
320
312
312
304
304
300
300
300
300
316
308
312
312
312.673
313.122
308
316
308
316
314.913
316
308
312.008
300
300
300
292
296.161
292
292
288
292
292
292
300
298.722
300
308
316
328
328
324
323.724
320
308
312
276
290.273
272
276
275.32
316
314.455
332
340
364
372
364
356
356
352
348
344
332
348
344
336
332
328
332
328.852
328
332
328
340
336
335.59
336
340
344
336
336
340
332
336
336
328
336
340
340
336.351
328
336
344
332
332
328
336
332
332
333.227
328
332
332
336
332
332
348
338.728
344
340
338.802
348
348
341.732
342.137
348
345.207
340
340
340
348
342.211
344
336
340
340
340
332
340
348
352
342.863
344
352
348
342.882
344
340
341.79
339.357
340.386
336
344
342.034
340
340
336
340
340.324
336
339.033
340.029
339.692
348
344.088
340
352
352
348.186
348.143
348
345.921
352
352
352
352
352
344
340
348
348
346.321
348
352
348.235
344
344
344
348
344
344
336
336
340
336
336
324
320
320
320
321.526
323.06
332
336
338.718
340.933
340
341.148
336
352
352.575
350.689
352
351.887
364
356
356
356
360
358.11
357.165
356
356
352
344
356
356
354.55
354.029
356
355.936
348
352
352
356
360
356
355.694
356
356
353.357
353.564
354.971
352
352
353.989
352
344
348
344
352
344
348
336
348
344
344.572
340
344
344
344
340
343.665
343.571
352
344
344
344
345.38
340
344
340
352
348
348
340
348
348
344
344
344
346.614
342.787
344.497
344
345.15
356
344
352
336
351.954
344
336
346.22
336
340
341.259
336
336
348
364
352
356
352
360
356
356
352
360
348
348
348.762
348
347.619
344
346.079
348
336
340
336
340
344
340
340
344
344
352
348
348
344
352
349.973
348
348
349.021
348
352
348
356
348
348
344
352
348
352
352
348
352
352
350.629
350.161
348
348
352
352
352
348
352
349.065
350.892
347.901
340
348
340
344
344
348
344.357
352
352
352
352
352
360
364
360
358.747
348
344
344
348
348.939
340
344
340
356
352.752
348
347.845
352
344
348
336
332
332
324
328
320
332
324
324
325.835
340
332
336
340
348
347.469
352
356
360
356
364
362.401
360
352
353.539
352.359
352
348
344
352
348
352
350.819
352
344
352
344
348
352
356
352
352
353.024
352.885
356
356
356
360
360
364
360
364
362.408
368
368
364
360
360
352
352
348
348
344
345.022
348
348
348
348
348
356
352
364
364
360
360
360
368
364
368
356
360
360.246
352
348
352
352
356
348
352
344
356
352
356
354.79
356
355.989
352
352
352.774
368
376
360
352
352
352
352
352.957
344
347.905
352
352
352
340
344
345.484
348
347.666
344
340
348
340
344
344
344
343.608
348
348.713
348.499
340
343.224
348
344
344
348
348.382
356
356
352
348
351.285
353.531
348
348.385
352
340
344
328
324
320
320.669
312
316
317.036
332
344
348.117
350.031
344
352
356
356
344
344
348
356
352
356
352
356
356
352
352
344
343.419
352
356
355.16
360
364
364
361.11
368
364
359.695
352
360
361.179
360
364
360
360
364
360
352
356
352
348
344
348
352
352
348
352
352
352
351.409
352
353.254
348
350.169
351.06
352
349.308
348
350.691
344
352
348
352
356
352.809
356
356
356
352
344
352
336
352
336
340
343.337
341.869
342.572
344
343.831
344.763
344
352
347.964
356
348
348
348
348.888
348
348
344
348
336
344
340
344
340
344
344
344
344.055
344
344.702
352
344.348
347.001
352
352
340
340
336
328
328
324
328
328
329.209
324
336
336
340
344
344
352
364
352
364
362.72
364
361.546
360.21
356
360
356
352
352
348
352
352
351.67
340
344
344
352
356
360
359.801
364
360
358.579
356
353.21
356
356
356
356
360
360.541
360
348
340
336
324
324
324
325.044
320
323.178
320
332
332.945
324
324
320
312
320
312
320
319.713
340
352
356
376
376.935
374.744
371.614
380
388
372
372
360
364
361.232
356
344
344
348
352
352.314
352
360
368
356
356
352
364
352
352
356
360
372
365.627
364
360
364
364
368
360
364
364.88
364
360
356
352
360
356
352
353.633
355.814
356
355.173
356
364
364
360
360.106
356
360
359.884
364
360.311
368
366.411
364.847
360
356
356
360
361.05
358.942
348
352
344
344
340
332
333.845
328
332
336
337.528
348
352
360
348
360
360
356
360
352
356
356
356
360
356
357.274
356
356
356
352
360
348
352
348
348.784
356
352
356
364
364
362.574
356
356
360
368
364
362.788
360
360
360
359.805
356
360
358.52
364
360
352
364
360
364
356
356
348
356
348
356
348
352
352
352
351.879
360
356
356.822
357.545
360
356
359.108
364
360
356
352
352
352.899
352
348
344
348
352
344
348
336
340
336
332
328
324
324.822
324
324.614
320
328
340
336
340
340
342.072
348
352
344
346.382
352
344
345.943
340
344
340
344
336
336
336
336
328
332
332
332
332.693
340
336
337.405
337.569
337.553
352
352
344
345.956
344
348
340
340
336
340
336
336
336
336
335.768
332
328
328
328
327.691
332
332
333.477
332
320
320
320
312
312
304
312
312
320
332
340
342.575
364
364.341
384
380
372
372
368.637
368
364.319
364
360
360
364
352
360
360
360
360
360
364
360
364
361.562
360
360
376
371.807
369.894
360
372
364
372
364
372
368.917
376
371.422
372
376
372
372
364
372
369.086
368.538
360
368
364
364.518
372
364
364
368
365.566
360
368
364
372
368
372
368
360
371.849
364.53
366.327
364
368.392
364
364
364
368
364
367.546
363.786
368
360
372
364
364
356
364
359.483
361.636
361.572
361.539
362.406
362.398
356
356
364
352
364
357.27
352
356
356
356
352
352
354.293
354.158
360
352
356
356
360
357.256
360
360
368
364
368
364
368
372
360
367.154
364
360
348
348
340
341.928
332
336
324
328.696
328
324
328
320
332
326.938
344
352
348
352
352.395
360
368
367.055
368
380
376
376.819
368
372
364
380
368
368
368.206
367.007
364
364.062
348
352
352
352
356
356
352
364
360
360
360
364
380
372
380
372
372
380
377.423
368
368
368
368
367.635
364
368
364
372
368
364
364
364.848
376
364
356
356
360
361.187
364
364
368
368.746
372
364
368
368
372
364
367.627
360
364
364
363.69
356
360
360
356
352
356
348
356
360
356
357.807
352
356.371
356
356
352
355.31
352
356
352
356
344
356.59
348
352
344
348
356
360
360
364
356
368
368
364
360
360
360
356
356
356.058
352
352
352.38
348
352
356
354.816
360
360
360
368
364
364
360
360
359.88
358.678
340
354.446
336
336
328
336
328
340
344
348
348
356
360
364
360
364
363.148
372
372
370.725
368
360
360
348
348
344
344
344
348
344
348
348
360
359.77
364
360
360.567
372
372
364
360
361.474
356
352
352
352
352
356
348
352
352.131
352
348
348
344
336
336
335.612
344
346.153
356
356
360
364
364.109
364
360
360
356
360
352
356
348
360
356.211
360
356
364
364
363.486
356
357.985
356
355.342
368
362.632
376
371.034
384
380
379.058
372
376
376
374.374
368
376
376
376
384
368
372
372.188
376
360
368
372
370.209
376
368
372
368
368
372
368
368
368
364
368.752
360
366.772
364.976
360
360
364
364
372
368.1
368
369.419
369.396
376
372
372
368
368
368
364
367.302
360
366.872
362.882
352
352
356
356
356
364
364
364
376
372.947
376
368
372
376
372.958
368
364
368
372
368
364
366.604
364
364
368
367.379
360
364
364
364
360
362.405
363.301
362.824
364
364
372
372
372
364
368
368
372
364.514
372
364
364
364
364.813
364.065
363.669
360
360
360
360.766
352
348
349.74
340
336
337.068
332
316
320
324
324
340
340
348
349.888
360
376
376
375.788
364
364
360
360
357.09
356
355.44
356
355.139
356
348
349.664
348.489
368
364.378
372
372
380
384
376
376
368
372
364
368
364
364
364
363.841
356
360
360
364
364
364.635
368
372
371.718
364
364
364.126
364.097
364
364.006
360
364
363.962
368
356
360
364
364
368
364
364
376
372.57
368
366.791
376
380
368
380
364
372
368
368
360
372
368
368
368
364
364
368
360
364
364
364
363.739
364.758
364
360
360
372
364.292
360
364
364.102
360
363.682
372
372
368
369.741
364
368
364
372
366.994
364
360
360
364
360
360
356
364
364
364
368
368
372
372
364
368
368.023
360
360
368
360
356
362.211
348
340
345.684
340
328
334.384
324
326.921
328
332
332.239
335.341
344
344
356
356
356
352
348
348
352
344
346.301
340
352
348
352
352
348
352
352
356
348
348
348.367
352
350.229
344
344
352
348
348
344
344
348
348
348
344.283
348
352
360
368
368
372
368.642
372
364
368
366.994
364
363.117
340
332
328
324
328
324
344
340
344
344
360
360
368
364
372
368
368
366.969
368
372
356
360
348
360
360
360
356
360
364
363.127
360
360
352
354.286
353.813
352
344
348
347.992
340
336
344
344
348
368
372
388
388
396
396
396
391.942
392
376
384
379.831
377.973
360
356
356
356
356
352
364
368
376
372
380
380
376
372
368
368
368
367.632
368.516
369.354
364
366.721
366.554
368
364
368
364
365.283
360
362.078
360
372
368
368
368.407
380
375.717
374.707
364
360
364
352
356
352
356
352
354.722
355.44
356
356.904
356
360
360
360.762
352
364
356
360
360
356
352
356
355.832
356
356
352
352
356
360
368
360
368
360
368
364
360
360
360
359.933
359.245
359.056
348
356
360
356
352
352
360
352
360
356
356
364
360
364
361.816
360
352
360
360
356
356
368
364
360.782
364
364
364
360
365.744
356
360
360
364
356
364
358.997
368
364
364
364
364
360
356
344
351.339
320
355.313
320
320
316
319.902
316
324
304
324
320
332
327.776
356
360
360
360
344
332
332
332
330.963
332
336
348
336
338.886
339.959
332
308
308
308.539
308.854
300
308
308.5
324
320
324
336
348
340
332
334.739
316
316.754
320
316
304
308
308
312
316
317.973
324
336
336
336
340
344
356
364
372
388
380
384
372
372
360
356.666
364
364
372
368
366.362
360
356
352
360
357.544
364
368
368
368
366.705
372
370.171
368.464
368
364
364
364
364
364
372
370.389
376
376
368
372
376
384
380
377.531
376
372
380
372
368
368
368.663
368
368
368.628
360
360
360
352
355.669
344
344
344
348
340
336
340
352
351.266
356
368
364
372
368
369.074
368.373
366.953
366.136
380
377.593
375.883
368
380
376
376
372
368
360
364
376
372
380
372
372.672
373.602
376
380
384
380.381
372
384
380
384
372
368
368
368
364
365.366
366.129
360
372
372
371.845
372
384
384
384
368
370.224
371.765
372.737
364
356
364
368
364
356
360
356
364
364
361.463
364
376
372
372
372
368
384
368
364
364
364
364
364
364
368
372
372
364
368
360
372
360
364.105
356
356
372
364
363.858
372
376
376
368
368
376
372
376
371.669
364
376
368
369.017
360
368
360
372
356
364
360
361.584
361.408
364
360
360
361.38
364
364
356
361.183
361.016
376
376
376
372
372
373.308
364
364
360
372
366.541
360
364
368
364
376
373.094
376
376
376
376
368
370.025
376
372
370.425
368
372
380
375.828
376
376.151
384
376
380
372
374.71
380
372
372
373.086
372
376
372.602
372
372
372
376
372.983
380
372
380
373.87
384
384
372
381.047
384
380
380
380
380
379.286
379.235
376
378.812
380
380
380
372
380
376.495
380
376
384
375.773
380
384
384
384
380.272
384.619
382.58
388
384
388
388
388
388
376
385.559
384
388
384
384.768
380
384
388
384
384
384.383
388
388
384
384
388
384.719
383.58
386.135
380
389.373
384
384
380
392.519
380
380
388
380
380
386.172
378.3
385.885
388
388
383.283
390.628
380
384
388
392
400
388
392
396
404
396
395.261
396
388
396
396
392.805
396
394.45
400
396.024
396
392
394.04
393.076
392
392
391.984
388
388
388
384
376
380
384
380
384
380
376
379.778
378.304
379.654
380.418
396
404
392
380
382.583
360
356
355.928
372
380
384
388
400
404
404
396.563
391.364
392
400
392
388.155
392
388
388
392
384
392
388
388
380
388
388
388
392
389.671
396
394.238
400
404
396
397.649
400
399.324
392
392
396
400
396.719
388
384
388
392
396
392
400
400.904
404
400
398.045
380
385.657
380
388
384
385.68
384
384
385.269
384
384
388
396
404
403.879
396
392
396
396
388
388
388.69
388
376
379.635
380
376
384
376
372
380
384
383.806
384
376
384
380
384
388
380
384
388
388
388
385.742
380
372
384
380
380
380
384
392
387.039
388
388
388
396
392
389.867
388
384
400
396
393.543
392.549
396
394.616
412
404
401.583
392
396
396.842
396
392
391.679
396
395.394
392
388
380
380
381.368
388
388
392
384
384
384
392
396
392
388
388.498
390.879
388
384
383.831
384
392
396
404
404
396
390.38
388
396
398.025
408
408
398.892
390.791
400
408
404
401.532
392
392
392
388
390.484
372
380
376
384
380
372
376
377.437
376
372
373.559
360
364
364.156
360
352
360
360
360
356
359.609
360
368
364
364
368
372
372
368
376
376
384
384
384
382.28
388
392
388
388
380
384
376
377.029
372
371.705
376
375.808
384
368
368
368.925
376
368
370.387
376
375.973
384
384
383.17
376
384
380
384
376
376
380
380
376
376
380
368
372
376
376
368
372
384
377.78
380
380
378.941
376.773
384
388
392
380
384
386.101
383.058
376
372
384
382.391
392
382.703
388
400
400
396
388
390.207
392.416
389.026
383.632
384
384
376
384
380
380
380
376
380
388
396
388
388
376
388
380
392
386.515
386.029
385.906
386.808
388
384
384
384
392
384
396
392
392
390.838
392
404
396
394.867
396
395.465
396
384
394.823
376
380
381.193
384
382.663
384
384
392
404
404
396
396
392
393.218
393.535
392.993
372
372
392
400
412
412
396
404
405.56
408
396
396
392
396
388
388
380
388
388
384
388
372
376
372
376
376
376
376
372
396
408
412
408
432
444
432
424
423.65
404
408
400
392
388
384
383.811
384
388
390.244
392.828
384
386.76
392
388
388
392
404
403.748
402.701
392
392
396
392
396
396
404
408
406.261
404
408
412
412
400
396
396
412
409.783
404
416
396
396
396.844
384
388.429
389.057
404
403.542
412
400
424
404
396
396
380
392
391.423
404
401.276
392
408
400
404
392
392
392
392.334
384
388.289
396
388
388
384
388
396
404
412
396
400
396
396
395.636
396
400
392
400
398.493
398.139
388
380
384
380
380
388
388
404
404
400
400.984
400.921
400
400
400
396
404
392
392
388
388
388
384
388
384
408
432
444
437.524
433.664
408
416
408
404
388
388.084
388
392
396
392
392
392
400
396
396
395.048
384
386.803
385.668
388
384
380
380
388
400
396
388
392
392
395.216
412
408
396
400
396
408
416
404
396
384
392
404
400
396
392
390.459
396
396
392
380
384
376
380
372
376
380
384
392
396
400
396
404
396
393.349
392.45
384
396
394.881
400
396
388
372
380
384
386.442
408
400
412
416
410.244
412
404
399.867
404
404
396
388
392
388
396
396.05
396.853
396
396
395.74
392
392.839
392
392
391.792
416
416
396
404
408
400
404
405.02
402.528
392
396
400
400
396.113
408
408
412
402.609
400
404
404
400
392
388
376
380
384
400
403.05
400.921
400
412
408
408
400
388
392
388
396
392
388.919
392
392
396
392
392
392
393.692
408
404
396
404
400
396
393.784
393.23
388
396
396.363
408
405.141
412
420
432
412
412
400
401.581
404
404
403.422
388
392
388
388
388
388
388.929
400
404
396
396.956
408
408
408
396
396
392
388
396
388
396
392
394.342
396
396
404
400
399.658
399.679
399.562
398.902
392
384
380
384
376
376
377.25
380
380.785
388
390.137
392.36
404
400
396
392
408
406.58
412
400
388
390.031
391.182
396
400
397.751
400
388
396
396.037
384
392
391.808
396
404
400
396
392
396
392
393.376
388
392
396
392
396
388
392
408
395.872
395.96
397.307
408
408
412
407.731
400
400
396
408
400
400
392
388
392
388
388
388.919
376
388
396
412
404
408
400
404
412
404
396
396
396
396
388
390.531
396
408
412
404
388
396
396
392
390.743
392
384
392
392.051
392
392
400
396
396
388
396
404
404
404
400
400
402.084
396
396.41
396.149
388
388
392
388
388
388
392
391.488
392
388
392
392.052
396
384
389.82
388
388
387.915
384
386.902
384
385.75
388
392
384
392
396
400
394.346
392
392
388
392
396
393.369
392
396
400
392
388
400
396.347
404
392
396
384
396
396
396
400
393.584
396
392
396.011
384
384
388.016
387.758
404
395.163
393.896
404
404
408
400
392
396.885
396
396
394.883
384
380
388
388.949
392
380
380
380
385.476
404
397.799
390.757
428
420
420
412
412
404
404
408
400
396
395.659
392
388
386.941
387.12
380
392
388
392
400
392
394.152
392
396
393.85
424
424
424
416
424
423.869
420
408
412
404
403.355
402.64
396
397.747
412
410.172
412
416
415.284
420
424
412
404
412
412
412
404
396
398.536
399.806
400
396
397.992
404
400
412
416.413
404
400
412
412
404.958
404.788
400
404
400
396
396
392
388
396
388
391.1
388
404
408
408
404
405.29
408
407.505
404.928
396
392
384
396
408
404
412
400
404
408
408
404
404
400
396
392
392
392
392.757
408
396
398.363
404
416
408
408
408.962
396
397.067
404
404
396
396
396
400
404
400
398.884
400
400
404
400.264
396
392
404
408
400
404
392
404
396
400
392
396
396
388
392
384
392
404
395.23
400
396
416
396
404
388
388
408
416
420
416
404
420
408
412
410.705
396
388
390.452
388
384
392
392.254
392
393.312
388
388
380
382.211
381.807
381.463
404
404
412
424
408
396
397.613
397.407
396
397.553
416
412
412
420
424
416
412
400
400
404
388
396
388
396
404
400
400
408
416
412
404
404
404
403.723
416
408
404
404
408
408.653
396
392
396
397.795
404
408
404
403.238
408
404
404
392
392
384
385.054
388
380
388
384
396
396.267
392
404
404
400
392
394.912
400
388
391.963
392
392
408
412
408.424
416
412
412
412
412
412
408
400
408
412
408
407.716
396
400
396
396
392
392
396
396.042
404
404
400
408
404
416
404
404
396
404
404
400
404
388
384
400
392
396
392
404
396
408
408
400
404
400
404
404
396
403.391
400.666
412
404
404
412
416
424
404
404
408
424
424
420.723
412
408
409.271
412
413.168
416
400
388
391.079
394.568
399.971
401.751
397.204
396
397.877
412
404
400
384
400
404
412
428
417.89
410.001
392
380
384
380
384.024
384
392
392
384
385.587
387.513
392
380
388
388
396
392
392
384
384
383.55
392
400
399.381
392
400
392
412
392
396
396
392
392.629
384
388
387.93
388
388
384
396
392
404
396
396
392
392
384
380
376
372
372
372
372
372
384
384.793
387.357
400
388
391.242
392.372
388
384
384
388
387.877
388
380
388
396
395.174
391.796
384
385.69
388.334
396
384
384
384
386.799
384
388
380
383.559
380
384
388
376
376
372
372
380
380
388
376
388
396
392
390.798
376
382.079
382.127
381.288
376
384
380
376
380.607
380
384
376
376
379.5
392
392
396
396
391.691
416
396
404
388
384
385.762
384
383.709
392
392
391.461
400
404
392
392
384
388
388
387.674
396
396
404
404
400.682
397.641
400
396
392
400
392
392
392.782
391.456
384
388.929
388.736
392
388
384
388
388
384
384
385.641
388
392
390.248
400
400
397.44
404
408
396
399.049
384
384
388
396
388
388
392.737
393.32
404
400.287
400
408
420
412.752
400
388
389.515
388
392
392
396
392
388
392
388
384
392
393.319
392
392
396
397.556
404
392
392
388
389.64
384
392
388
388
400
388
384
380
380
384
384.206
392
388
396
384
392
404
398.054
396
384
389.877
389.98
380
386.372
376
380
380.732
384
384
388
376
380
384
392
396
388
388.049
376
388
388.164
380
383.714
384
388
385.551
384.968
386.591
396
400
416
408
408
400
397.942
392
396
388
388.378
388
387.739
404
408
408
400
412
404
412
408
400
408
404
403.522
401.591
400
404
412
404
404
400
401.747
408
416
404
408
416
408
408.696
392
388
384
385.065
386.05
376
380.767
384
400
396
400
403.258
404
412
404
408
404
408
404
403.418
403.417
384
392
384
388
384
385.878
380
388
386.275
387.287
408
408
412
412
404
404
396
400
400
400
400
396
404
416
416
408
407.622
404
404.11
403.944
412
400
400
400
400
408
392
408
403.911
403.809
380
372
388
396
412
412
428
444
444
428
408
416
408
406.652
404.844
388
400
396
404
401.432
392
392
400
396
404
401.083
404
400
408
396
398.55
400
396
397.187
396
400
396
396
397.195
400
396
392
396
408
416
420
414.688
411.998
424
428
420
418.848
419.277
420.203
416
416
408
400
400
404
407.193
388
396
400
404
416
408
408
410.094
412
404
396
412
404
400
400
392
412
408.134
436
428
416
428
420
412
408
400
401.849
392
394.698
392
393.127
396
396
400
401.025
408
409.171
392
400
408
408
406.144
408
407.829
420
416
413.746
396
401.835
401.879
408
405.629
403.807
405.557
404
403.62
396
404
392
412
416
412
416
411.805
420
416
412
412.667
413.703
408
408
396
400
396
392
392
396
388
388
396
393.927
428
420
412
436
416
412
404
396
398.489
400
399.642
401.289
400
392
408
420
404
408
409.232
400
408
408
412
400
400
396
395.794
408
408
404
392
392
392
404
400
396
392
396.053
399.084
404
404
408
400
400.873
401.47
404
404
400
404
404
408
412
400
412
409.71
420
416
409.552
408.408
412
416
412.521
408
408
404
412
411.033
408
412
392
396
392
392
396
400
399.968
400.832
412
408
396
399.607
400.58
408
404
400
412
414.695
410.336
400
404.536
407.952
388
388
391.718
392
388.622
391.507
396
396
408
396
388
380
388
384
388
384
386.52
392
392
388
396
396
412
404
412
404
396
408
396
397.71
397.762
388
384
392
396
388
388
396
396
404
404
402.172
408
416
428
420
412
396
408
416
408
404
392
408
400
408
396
396
404
406.245
408
399.985
400
396
392
392
384
388
388
392
400
404
416
400
408
412
412.411
408
400
404
404
402.501
404
396
396
396
392
384
386.136
386.733
387.87
389.068
388
389.773
392
412
416
412.388
409.08
404
408
412
412.054
416
408
400
396
400
401.955
400
399.366
408
408
404
412
411.815
412
408.635
406.719
406.585
404
396
404
396
396
400
400.768
399.446
408
400
404
404
404
400
400
400
408
408
405.579
396
392
394.903
396
400
392
396.895
412
412
412
412
424
436
424
420
404
404
404.666
400
400
396
384
386.142
404
400
400
388
396
396
408
408
404
404
408
420
417.205
412
408
420
416
408
412
408
409.831
407.088
392
392
392
392
392
396
408
408
406.35
400
400
396
396
395.674
404
404
400
400
412
414.421
408
396
404
408
404
396
400
388
384
388
391.484
388
408
412
416
416
412
424
412
410.861
404
404
404
404
404
400
392
392
396
404
405.72
404
396
397.645
396
400
396
396
400
416
416.213
432
412
412
412.956
412
416
408
405.742
406.687
408
412
409.756
392
395.22
392
394.429
388
390.07
400
416
420
408
392
392
394.059
400
408
404
420
440
428
420
432
428
432
423.187
419.399
412
412
412
408.898
400
396
388
392
380
380
380.668
388
388
388
392
396
400
412
404
412
413.119
440
440
436.103
432
416
424
416
416
408
396
400
408
408
412
404
403.166
412
416
415.179
410.599
400
402.487
408
404
404
412
404
404
408
409.868
409.906
400
400
400
396
397.897
400
400.598
400.323
408
400
401.945
412
408
400
396
396
396.968
396.993
392
396
404
404
404
412
413.086
424
415.842
404
412
416
412
400
404
400
404
412
407.376
405.219
392
392
400
396
396
392
388
388
388
392
392
392
388
396
400
404
404
400.788
416
416
412
412
413.022
416
408
408
408.977
400
416
400
400
388
396
400
399.708
399.275
392
395.906
404
416
410.421
408
408
409.691
409.012
432
408
404
412
404
405.802
400
404
400
404
401.909
402.396
402.479
392
392
392
391.755
396
395.811
397.149
398.063
398.918
400
388
397.636
396
395.662
400
398.301
404
400
404
396
396
392
394.923
392
392
408
412
424
448
443.698
439.342
424
420
420
419.034
412
404
408
412
408
400
400
400
392
393.327
388
388
388.11
388.034
420
416
408
432
420
420
412
424
420
404
400
396
395.564
400
400
404
400
400.963
404
404
416
414.202
396
404
408
412
412
404
396
396
396.789
400
396
392
394.015
400
404.058
400
400
408
408
416
405.3
402.933
404
408
396
396.842
392
388
389.295
390.563
400
404.61
400
400
412
415.673
412
404
396
400
408
440
440
408
404.118
360
344
332
332
332
336
343.49
344
336
336
337.878
340
344
344
346.135
348.13
336
332
328
324
325.707
316
312
313.767
316
320
340
347.532
368
372
396
395.87
404
408
402.027
400
400
408
400
397.779
396
388
396
384
384
380
384
388
380
388
388
392
384
388
388
388
384
384
384.473
380
381.875
380
380
380
380.71
380
376
380
379.615
384
372
380
378.857
380
376
376
376
376
368
368
372
371.873
368
368
376
364
370.463
372
372
372
368
372
372
376
372
376
372
376
376
376
376
372
376
376
380
376
380
384
380
379.983
384
380
380
388
388
392
384
384
384
384
382.77
388
385.728
388
388
386.964
384
385.116
376
384
388
396
390.303
396
396
393.474
408
396
397.103
396
396
396
396
400
392
400
396
396.043
392
388
396
392
396
394.165
394.758
396
396
412
396
398.504
400
400
400
396
396
392
400
392
396
392
392
392
384
392
392
388
396
396
400
396
397.556
392
388
392
391.936
391.723
384
391.451
384
388.643
384
376
380
380.201
384
384
388
388.122
392
392
392
392
388
389.837
384
388
376
376
380
380
380
384
388
392
400
398.119
396
404
401.548
396
400
398.031
396
400
396
396
400
397.525
408
408
396
396
388
396
384
392
388
388
384
386.466
386.555
376
384
384
388
388
388.757
389.74
388
392
384
388
380
384.109
383.892
384
392
388
388
392
390.377
384
388
385.984
380
384
376
380
379.374
388
396
388
390.39
384
392
388
400
396
394.461
404
398.944
392
394.498
393.709
388
388
388.637
387.376
388
388
388.642
384
380
376
376.93
376.908
384
388
388
396
397.607
408
404
408
404
408
412
412
410.248
410.042
404
403.811
392
396
396
388
390.982
388
388
388.601
384
388
384
385.626
376
384
376
388
380
384
388
388
396
408
412
412.921
396
400
392
392
392
388
392
392
388
388
388.6
388
396
400
396
396.643
404
400
399.511
400
388
392
391.985
391.305
396
396
396
404
402.132
400
404
416
408.246
406.634
396
388
396
396
404
403.334
396
408
408
408
403.981
404
400
400
404
401.694
400
392
392
393.379
392
396
395.642
396
400
401.57
400
396
400
392
400
400
392
388
384
392
380
388
392
392
400
396
404
392
397.334
396
400
396
397.78
392
388
384
380
384
383.143
380
383.383
380
392
392
400
396
392
396
394.553
394.23
404
400
404
400
404
402.418
404
400
392
396
404
400.869
404
396
398.612
404
416
408
406.802
406.216
412
412
408
404
404
408
420
412
409.054
404
404
400
396
396
392
400
400
400
400
400
400
400
400.102
404
400
404
392
400
388
392.752
392.57
392.394
404
396
400
404
403.706
403.612
400
404
400
392
392
396
392
388
392.71
388
404
404
396
400
400.036
404
392
400
392
393.67
392
392
400
396.415
392
400
397.697
400
400
404
400
392
396
396
392
396.195
394.95
400
400
404
392
392
396
400
395.753
392
398.985
404
404
404
400
400
408
404
404
400
401.764
400
408
400
404
400
401.555
401.161
404
404
400
408
404
396
404
392
396
384
392.781
392
400
404
400
402.704
403.038
404
404
396
396
384
389.42
376
380.762
376
368
376
380
384
385.67
392
384
388
376
376
372
360
360
356
356.919
348
348
348.877
348.565
340
344
344
352
350.783
364
368
384
384
388
388
392
390.934
389.687
408
406.484
404.504
400
396
392
388
388
384
392
388
396
392
392.417
388
388.517
388
376
384
376
384
388
380
388
385.878
386.721
387.395
387.383
388.116
392
392
392.551
392.899
396
400
388
388
384
380
384
380
382.421
368
372
372.763
376
376
376.956
377.928
404
408
400
396
395.915
428
416
400
397.795
428
392
396
376
380
381.856
392
408
404
396
394.448
408
392
392
392
380
382.473
376
380
379.639
372
372
376
368
376
372
372
372
372
372
368
376
376
376
377.445
377.799
376
378.498
380
372
380
380
388
380
380
380
380
380
384
380
384
388
384.849
388
388
392
389.584
388
384
384
384.067
388
385.423
388
376
380
372
384
376
384
380.919
380
380
384
384
380
383.591
383.458
404
394.078
392
392
392
392
391.344
380
386.673
372
376
376
375.953
376
384
376
380
380
384
380
384
380
384
384
384
388
386.116
372
364
368
364
368
368
372
368
376
376
376
377.177
376
384
384
383.667
376
379.137
379.114
380
384
376
388
380
384
383.151
388
388
392
392
388
396
396
392
388
392
384
386.016
392
396
396
392
408
403.617
402.282
404
402.352
392
396
396
404
392
392
392
392
396
396
392
388
392
384
388
380
380
380.945
380
388
384
396
388
390.708
400
397.69
396
396.806
392
394.639
392
392.438
388
388
388.163
392
392
384
388
392
390.54
408
408
396
408
405.223
404
396
398.298
392
388
400
398.012
400
400
398.995
408
404.911
400
401.696
396
400
396
396.683
400
397.175
400
404
404
400.987
396
396
396.733
396.429
392
392
400
396
400
400
400
408
400
400.991
401.965
388
396
396
400
408
400
408
416
416
420
416
424
424
422.088
421.472
412
400
401.343
400.317
400.736
380
388
388
400
396
404
416
412
408
404
400
412
412
412
404
408
412
400
404
392
400
400
399.376
400
392
404
402.213
400
400
400.868
400.825
396
398.496
404
402.468
400.479
408
404
400
400
402.838
396
392
392
396
388
400
408
404
404
392
396
400
392
404
388
400
396
400
397.04
392
388
393.359
392
396
396
392
384
384
385.91
388
384
385.489
386.283
420
420
420
420
416.972
412
408
404
400
404
408
412
396
394.921
392
400
400
400
400
400
408
408
408
408
412
411.499
404
400
412
413.613
420
404
404
408.329
408
408
400
400
400
404.083
416
408
412
404
408
407.851
400
400
400
400
404
400
404
392
400
400
399.983
404
404
404
396
408
404
403.571
404
396
400
400
404
400
396
401.929
400.112
408
412
406.218
408
408
416
408
404
416
410.064
412
409.381
396
392
400
408
408
412
412.56
410.253
412
412
407.688
406.549
408
405.721
408
428
400
404
400
401.182
424
400
408
416
416
412
413.239
408
412
416
408
400
404
406.897
392
388
384
384
385.278
386.494
388
388
389.722
400
401.367
400
401.491
402.951
396
400
400
400
399.118
404
404
408
416
404
404
400
399.903
396
396
396
395.861
400
396
392
396
392
393.562
404
408
400
404
396
404
404
400
401.837
400
404
412
404
404
404
400
404
402.28
401.857
400
392
397.979
388
400
404
404
408
400
416
420
420
412
408
412
408
408.014
408
404
400
400
404
392
397.655
388
392
396
396
396
392
396
396
392
394.021
396
395.725
396.13
412
408
408
407.818
407.796
408
400
396
404
408
404
396
396
400
400.178
404
388
394.291
400
400
412
404
408
396
400
400.818
396
400
408
412
412
406.884
404.675
400
396
400
401.635
400
400
397.922
412
412
407.905
404
412
408
412
408
406.535
404
400
404
400
400
408
407.712
405.353
400
396
400
404
408
412
416
400
404
408
404
400
388
396
392
392
396
396
397.303
412
420
416
404
412
404
403.671
412
400
408
404
412
408
400
412
404
404
404
396
400
404
408
404
408
404
400
408
400
404
400
404
401.697
404
412
416
410.937
420
408
410.953
416
412.136
412
411.966
416
408
400
400
400
400
400
396
392
388
396
396
397.232
396
400
401.026
400
400
396
404
404
408
405.262
400
402.17
404
405.641
400
408
408
400
402.809
404
404
416
404
400
402.396
396
399.375
396
398.438
400
404
402.99
388
396
400
398.582
412
420
415.536
416
416
411.637
412
408
396
400
404
416
404
404
412
412
420
416
412
408
404
412
411.379
408.757
408
420
419.682
416
416
420
416
424
416
412
408
400
401.59
400
401.102
396
404
408
409.58
412
408
416
417.288
396
392
384
408
420
418.141
428
424
432
428.547
444
428
429.175
420
416
412
408
404
404
404
400
404
400
408
416
412
408
409.322
424
416
408
409.718
410.451
412
416
408
408
409.206
416
408
409.825
412
400
404
405.691
400
412
408
407.689
408.498
409.245
408.243
412
416
400
411.151
400
406.204
400
392
396
396
412
416
412
416
408
416
416
400
400
396
396
400
400
404
392
396
396.714
400
399.574
400
404
404
408
408
400
401.203
408
406.476
404.471
396
400.323
396
396
392
404
400
398.549
404
402.869
412
408
404
412
416
407.876
408
412
416
412
408
400
404
412
408.522
400
396
400
396
397.898
400
392
400
388
396
392
404
412
412
404
400
400
404
400
401.483
396
396
397.835
412
420
412
408
416
424
424
408
407.731
412
413.897
416
404
400
400
404
412
404
404
406.141
404
405.257
408
404
404
408
411.028
410.907
408
400
396
396
392
404
410.177
408
404.227
408
400
396
396
400
407.898
410.464
400
408
408
412
404
396
404
408
408.814
399.392
408
416
414.079
420
412
416
417.088
413.72
412
411.097
412.754
412
404
406.692
396
400
400.955
408
408
406.328
420
420
416.829
424
416
420
408
404
412
404
407.551
392
401.219
396
408
404
416
416
424
420
416
404
416
412.397
408
412
404
408.007
412
408
408
412
416
408
411.592
392
392
404
396
396
388
400
412
416
432
428
426.036
428
428
423.73
421.638
408
409.041
408
412
408
404
416
416
420
408
412
404
416
404
412
408
404
405.293
412
408
408.521
409.436
408
412
400
407.743
400
396
404
404
404
400
408
416
410.18
424
408
412
424
416
420
404
408
408
412
408
404
400
404
412
416
424
412
412
416
412
400
412
404
420
428
424
420
408
412
414.238
408
416
408
412
416
420
420
416
412
424
420
416.917
414.572
417.686
417.094
392
406.708
384
380
368
372
373.09
364
352
352
360
356
372
368
388
384
388.32
380
376
372
372
364
364
356
356
356
352
353.885
368
376
388
390.21
392
404
412
412
416
413.014
408
412
412
416
412.82
404
396
396
400
399.418
400
384
396
395.287
396.955
408
400
404
400
399.848
408
400
408
408
404
405.261
396
412
404
404
404.104
400
396
399.748
400
396
398.609
396
396
396
400
404
401.267
408
416
420
412
412.63
408
408.892
412
416
414.342
408
408
400
404
396
398.24
400
400.47
400
400
400.861
404
404
404
403.875
408
404
412
404
404
404
400
412
404
408
408
416
420
408
416
413.783
416
413.675
400
404
404
400
400
396
396
392
396
396
396.684
396
392
404
396
398.485
412
412
412
412
424
424
420
408
404
400
408
404
404
400
400
408
407.837
416
408
400
408
416
416
411.973
416
412
412
416
408
412
400
420
412
396
400
402.693
392
404
404
408
404
424
424
420
416
416
412
412
404
404
404
404
404.895
404
408
400
405.145
408
404
406.547
404
412
404
408
404
400
408
400
408
404
405.184
396
407.624
404
404
404.167
408
401.488
412
408
412
405.246
404
408
400
412
400.463
409.405
404
400
400
404
400.576
402.068
376
380
384
396
400
408
400
412
412
412
408
412
416
412
416
416
413.999
416
416
414.046
412
411.803
416
400
392
396
388
396
404
405.007
404
408
416
416
412
408
412
408
412
408
404
392
404
408
412
416
404
404
412
408
408
400
404
412
416
408
404
408
408
420
410.3
400
408
408
408
408
400
412
412
408
401.263
396
408.211
400
400
404
412
400
408
416
416
408.511
404
404
396
399.766
401.565
396
404
412
408
405.218
411.991
428
416
413.579
412
404
416
408
412
404
404
404.954
404.318
416
416
416
416
428
420
428
416
424
421.435
424
421.065
404
411.86
396
400
396
400
399.724
400.633
396
392
392
392
396
412
408
408
404
408
408.497
416
412
412
416
428
424
428
436
434.506
432.401
404
404
404
408
412
400
404
404
412
412.109
408
406.771
408
412
411.551
400
404
396
408
404
408
404
396
400
408
408
408
400
412
408
408
404
402.907
404
408.515
400
401.514
400
400
400
401.197
404
400
408
404.362
403.726
408
404
412
406.329
406.788
400
396
392
400
408
408
412
424
420.045
424
420.897
416
415.569
420
420
412
408
404
412
412.092
404
404
396
396
408
408
404
408
404
416
412
412
400
396
400.062
404
404
412
404
412
428
416
408
412
408
420
416
408
412
404
408
412
404
404
406.443
408
412
404
404
400
408
406.182
404
404
392
412
396
400
400
400
396
400
408
403.592
400
396
401.742
402.902
408
412
412
406.341
412
412
404
404
412
420
412
410.199
408
409.641
408
400
404
396
408
408
416
420
408
404
412
412
408
404.046
396
404.484
400
408
408
416
412
420
420
418.298
415.992
396
405.644
408
404
404
400
400
396
392
396
396
400
400
412
408
409.757
420
416.907
420
417.791
408
408
408.058
412
420
404
408.302
400
412
404
408
416
412
428
424
420
420.491
412
412
411.392
409.687
409.5
396
404
400
408
406.156
408
400
388
388
384
384
400
401.221
408
400
408
416
420
424
416
420
416
420
417.362
404
408
404
408
404
396
396
404
408
412
404
402.597
400
400
400
396
396.172
392
404
408
412
420
416
420
420
412
416
408
407.275
404
400
399.831
400
404
408
404
416
416
424
412
420
416
416
420
428
412
408
396
392
392
392.513
412
420.86
416
424
432
428.241
428
428
424
420.971
420
416.401
414.562
404
400
396
395.885
396.544
400
408
408
416
420
421.848
436
412
396
396
380
380
379.823
381.254
383.996
412
420
436
440
432
424
424
416
409.583
416
416
404
408
406.914
404
400
408
404
412
412
408
412
408
416
412.73
408
409.088
408
408
407.854
408.292
408.986
396
408
404
412
408
404
416
416
416
416
414.107
415.234
416
416
408
400
400
396
400
400
400
401.913
408
409.412
416
416
420
428
426.692
420
418.334
416
408
406.401
405.62
405.529
400
396
400
392
392
392
388
396
396
416
404
420
420
416
416
404
400
399.865
399.575
396
392
392
392
392
388
388
400
400.191
396
392
392
400
404
400
396
400
388
384
380
376
372
368
368.101
368.71
376
385.144
376
376
384
400
402.827
408
404
408
408
404
408
400
408
396
400
396
400
404
400
399.296
400
408
412
408
412
404
408
408
408
404
404
408
404
404.957
404
396
396
396
396
384
384
384
368
380
379.729
376
372
372
372
372
372
372
380
388
388
392
388
390.673
388
392
391.386
384
386.498
384
384
388
384
376
376
376
380
380
380
380.928
382.167
384
388
392
400
400
396
392
388
388
392
396
404
396
404
403.8
400
397.008
396
404
400
404
408
412
416
412
420
420
424
424
424
416
412
408
412
400
404
396
396
395.857
384
380
384
388
389.474
391.817
396
400
412
408
412
416
420
420
408
416
416.348
408
416
412
412
410.342
409.56
408
404
404.129
404
408
407.506
407.211
407.955
412
412
411.743
411.488
411.431
412
411.209
412
404
408
404
405.112
392
392
392
400
404
404
400
412
414.3
412
411.661
408
408
404
404
400
400
396
392
396
392
384
392
384
380
382.123
372
364
366.201
365.695
364
364
368
368
372
373.688
376.364
388
392
392
394.469
396
397.316
396
388
388
384
384
388
392
396
404
404.571
408
412
412
412
424
412
411.74
420
412
412
408
412
412
410.42
408
408
404
403.768
403.569
400
396
396
392
392
392
396
400
400
408
412
408
408
400
412
404
400
404
400
401.6
404
396
400
392
395.387
384
384
372
372
364
364
356
356
354.942
352
348
350.512
344
336
340
332
332
328
328
328
320
324
325.152
320
316
320
316
316
316
316
316
312
320
312
324
320
322.555
336
344
360
384
392
390.208
408
432
452
436
436
444
436
440
432
420
418.33
419.162
412
416
415.212
408
408
424
424
420.975
424
424
428
424
412
412.417
404
408
407.818
408.615
409.824
420
428
444
443.719
424
432
428
420
412
404
404.284
396
392
392.8
392
396
404
411.49
392
404
396
400
398.958
400
416
417.589
424
420
420.22
416
408
400
396
396
404
409.538
404
404
416
416
416
420
416
412
412
400
404
392
392
391.732
384
380
380.427
388
384
384
388
392
396
392
394.336
392
396
388
388
388.703
376
380.767
372
368
368
368
360
360
361.055
388
390.815
404
404.573
492
460.367
468
456
456
460
440
436
424
428
432
420
424
436
424
416
404
404
404
396
392
392
392
392
384
392
388
396
392
396
398.204
400.347
402.771
405.295
424
404
404
404
403.806
416
400
402.407
408
408
416
408
408
404
412
408
400
404
404
412
416
412
409.913
420
424
420
404
405.861
408.407
400
404
392
396
388
396
396
384
388
384
392
380
388
384
384
388
400
398.851
400
400
396
404
404
403.245
404
400
401.704
400
396
396
388
392
390.158
376
380
380.034
376
372
376
372
380
380
388
396
400
400
396
404
396
392
388
387.883
388
392
392
388
396
394.451
394.211
388
384
384.733
384
384
384.187
384.736
376
376
384
384
384
384
392
392
404
396
394.965
400
404
412
412
412
416
408
420
412
412
408
407.744
424
420
420
420
420
419.849
412
408
408
400
400
399.856
399.801
400
404
404
404
396
400.627
392
396
392
400
396
396
392
394.902
392
392
388
388
384
386.549
372
392.116
360
368
376
374.162
380
388
396
395.869
396
396
400
400
396
384
384
376
372
372.864
364
368
360
368
365.055
380
384
385.877
392
416
416
412
408
412
408
408
400
396
396
394.651
404
408
407.977
412
410.838
432
429.726
432
432
428
440
436.939
436
424
424
428
426.281
424.028
412
412
420
416
416.173
408
412
413.361
404
404
404
400
408
408
412
400
400
404
406.021
392
380
384
376
384
380
384
388
388
388
384
392
388
380
384
380
380
380
380
381.57
381.572
360
364
352
352
348
344
348
352
344
356
364
376
376
380
388
392
392
384
384
376
376
376
368
372
368
372
371.329
372
384
388
380
380
384
388
408
403.335
404
388
396
396
392
396
388
389.189
380
384
384
396
396
400
400
412
410.48
408.292
396
396
400
404
392
404
404
392
388
384
388
388
392
393.269
388
392
380
384
392
391.727
392
391.341
392
400
400
392
388
388
389.809
392
389.312
388.317
392
388
396
396
400
396
408
408
404
408
400
404
404
401.562
400
408
404
408
408
396
396
388
388
387.773
388
396
396.316
396
408
406.909
416
416
413.764
412
416
414.375
413.312
416
408
410.087
408
406.635
400
401.559
396
392
384
384
376
376
384
388
392
395.456
412
415.74
417.033
420
416
413.294
408
412
400
396
400
396
400
396
408
400
404
412
404
416
413.124
412
416
420
432
432
432
429.796
436
428
429.319
428
436
424
420
424
416
418.066
408
404
404
396
396
392
392
396
392
394.714
388
396
392
388
388
384
386.564
384
384
376
382.417
376
384
388
388
396
396.383
408
408
408.513
408.17
400
401.415
388
392
389.689
376
384
381.577
380
372
368
364
376
380
384
376
384
382.679
400
400
400
392
393.973
393.44
400
392
393.187
396
395.598
394.048
404
400
400
396
396
396.119
396
396
394.361
420
424
424
424
420.131
436
432
428.387
425.841
425.84
412
412
416
400
400
392
392
396
400
396
398.35
396
392
396
395.475
392
393.973
392
408
406.528
408.341
420
419.343
420.178
420.18
432
440
438.118
428
424
420
424
420
420
424
416
424
416
420
424
420
428
426.61
420
428
420
424
420
420
420.11
420.104
416
416
416
416
412
408
408
400
404
392
400
396
392
394.783
396
396.076
404
412
408
412
408
412
412
404
407.722
406.047
396
401.407
392
400
397.63
388
392
388
389.272
384
380
380
380
380
376
378.393
377.94
376
377.486
372
368
368
360
363.743
356
360.599
359.464
360
361.344
356
360
356
358.809
364
368
360
364.611
352
348
348
347.692
344
348
352
353.553
376
392
387.012
383.604
440
420
412.085
432
426.378
424
412
408
412
400
400
400.94
398.853
396.397
395.619
408
405.635
416
412
420
416
424
412
408
407.314
416
412.519
416
408
412
416
428
428
420
420
440
432
429.805
432
428
428
432
428
424
424
416
416
415.87
408
400
392
392
392
392
393.727
388
384
388
392
392
404
412
428
428
432
436
440
440
436
432
432
424
428
428
426.963
420
420
418.777
417.377
408
408
400
400
404
396
400
396
404
408
404
408
404
404
396
388
392
396
396.875
376
384
380
388
392
392
394.37
400
412
412
412
420
408
416
414.095
404
404
404
404
396
400
404
402.861
396
392
394.133
388
388
384
376
372
371.973
384
384
392
388
391.084
392.543
424
420
417.906
420
424
428
424
412
412
408
408
412
400
401.029
400
408
412
412
416
413.578
404
408
408
407.603
408
412
416
408
416
408
404
408
408.186
404
408
408
405.508
408
409.041
412
408
411.618
411.637
412
400
400
392
396
400
408
404
404
412
416
412
416
412
412
409.952
408
416
408
412
408
404
412
408
416
412.404
412
412
412
412
410.856
410.945
420
404
408
404
408
404
404
408
404
407.24
400
392
399.212
380
395.664
368
372
368
376
372.941
375.312
384
380
376
372
376.064
374.669
368
364
368
366.606
364
372
372
372
380
384
380
392
396
400
404
416
420
417.297
408
396
395.621
404
408
404
400
398.336
412
420
412
416
412
424
424
420
412
412
420
420
424
404
403.776
406.684
408
408
402.801
400
400
396
400
396
396
396
400
400
404
400
400.529
408
412
416
420
408
412
416
408
408
396
400
392
393.105
393.419
388
390.924
400
400
401.318
400
412
416
428
422.778
420
432
436
428
428
428
424
412
416
416
413.575
408
410.066
400
396
404
396
392
392
392
391.766
392
396
396.474
408
420
412
420
428
427.159
432
431.662
430.162
428
424
420
418.934
416
412
400
404
404
396
392
388
388.132
392
384
388
384
388
388
388.806
400
408
404
407.498
400
400
400
404
408
408
408.732
408
400
400
412
416
424
420
420
417.438
420
424
416
424
424
420
420
416
415.654
424
422.122
416
408
416
408
408
408.221
408.963
420
420
420
428
428
412
416
412
412
400
392
392
392
388
384
392
396
397.96
428
420
436
436
428
432
424
420
424
424
424
420
416
416
404
408
400
400.759
388
380
381.075
380
388
376
384
400
396
399.374
392
396.572
392
412
412
408
410.078
411.024
409.733
404
400
404
396
397.507
404
400
404
392
396
392
404
400
399.844
408
408
420
420
417.457
412
416
420
408
400
402.706
388
392
384
384
380
376
368
380
380
380
400
432
452
449.203
456
460
444
432
432
426.656
420
416.63
420
420.084
420
424
428
424
428
428
416
420
412
412
416
408
400
400
408
404
408
412
414.081
412
416
417.44
412
408
408
404
400
408
412
408
408
404
408
416
428
416
420
420
415.969
424
412
408
420
412
416
408
408
412
408
404
407.11
392
396
396
392
388
392
391.851
388
400
392
388
384
388
392
384
392
388
390.392
388
400
396
400
400
396
398.044
388
388
388
387.933
388.65
392
396
394.775
394.469
400
400
397.789
400
404
404
408
412
416
420
412
416
408
404
400
404
404.105
400
401.846
408
409.212
408.787
408
408
408
408
412
396
401.538
401.486
396
396
388
391.012
391.286
396
392
400
408
416
424
416
415.551
412
408.655
416
404
408
408.157
407.667
416
408
408
412
412
412
404
408
408
400
404
396
408
404.802
404
404.606
405.219
404
400
400
400
400.678
408
408
407.099
407.764
424
436
428
424
420
412
424
423.733
416
420
420
412
416
416.014
420
417.539
420
408
412
411.963
408
404
404
408
408.039
412
416
424
420
420
416
416.556
408
412
404
412
400
400
396
400
398.579
388
388
388.886
380
384
383.6
376
372
376
373.643
380
392
392
404
400
403.267
400
392
394.455
392.917
392
384
380
372
372.512
384
380
380
380
384
388
392
396
404
412
411.483
416
412.976
412
412
409.055
406.731
396
392
390.699
390.24
392
384
388
384
396
400
400
412
412
416
420
412
412
420
428
428
424
428
429.226
420
420
420
428
420
412
413.494
412
408
400
396
396
395.763
400
396
396
404
408
409.792
409.3
411.021
420
422.188
420
412
413.9
408
408.314
404
402.616
408
408
408
416
416
420
428
424
424
424
432
429.36
420
420.745
420
418.488
416
415.535
412
411.922
412
408
412
412.057
408
412
412
412
412
408
408
408.15
400
404
404
404
400
408
408
404
404
392
400
408
412
408.644
396
408
412
408
416
412.846
396
384
384
388
388
388
392
396.231
420
416
416
416
428
416
410.599
420
420
412.475
412
412
408
404.233
404
400
396
404
392
404
392
400
388
388
396
388
384
380
380
376
376
376.686
388
400
401.069
403.45
416
424
428
428
426.418
424
422.157
424
421.871
408
408
404
402.416
400
398.71
398.654
398.981
388
392
391.162
391.527
412
416
428
420
424
428
428
420
420
420.32
412
412
400
400
392
396
396
398.172
399.888
400
408
412
412
404
416
412
408
404
404
404
404
404.077
392
380
380
380
381.86
384.1
376
372
368
380
376
380
384
396
399.1
404
408
412
424
416
408
408.079
400
397.317
394.948
400
404
404
412
412.234
400
408
404
412
416
416
412
420
424
432
428
428
424
428
428
420
420
416
416
408
396
397.62
384
380
376
376
376
392
408
416.739
420.954
423.943
484
476
464
460
460
448
440
444
441.574
436.252
432.898
436
436
432
424
432
420
428
416
404
404
396
412
408
392
384
372
380
377.349
416
428
416
412
404
400
404
404
404
400
408
412
416
414.259
411.984
416
416
420
415.921
408
400
384
376
376.074
376
378.385
384
392
384
392
400
408
412
424
428
440
424
424
412
405.582
408
404
408
408
420
420
418.772
420
408
404
401.767
400
399.305
399.888
412
400
404
404
400
408
400
396
397.632
392
400
400
400
392
400
404
404
403.493
403.332
404.449
400
396
396
396
396.696
412
432
428
436
432
428
424
420.383
420
416
400
400.7
396
396
408
400
404
405.221
412
408
408.647
404
412
408
408
412
416
424
416
416
408
420
416
408
412
412.568
408
409.398
404
408
400
404
400
404
400
396
400
396
400
392
396
400
398.04
408
404
405.698
408
407.746
408.392
408
412
412
408
408
396
404
404
400
400
396
396
388
392
392
388
384
380
380
376
392
396
412
440
464
460
444
436.948
440
428
416
424
408
412
404
400
408
408
412
412
412
404
392
396
388
396
394.869
396.215
424
412
432
436
440
432
416
420
424
412
412
408
406.555
404
400
401.126
396
392
392
396
408
404
424
436
435.673
440
448
444
437.968
428
428
424
420
420
412
408
407.704
404
400
388
392
392
392
400
392
392
404
396
398.727
412
412
424
440
432
433.524
432
428
440
428
420
428
424
421.813
424
421.944
424
421.511
428
428
427.261
412
416
416
414.409
408
410.419
412
412
408
396
404
404
403.664
404.623
408
409.856
408
410.368
411.982
408
410.285
416
408
410.41
408
408
407.489
396
400
401.118
408
404
408
404
412
416
409.417
412.461
420
410.385
416
404
400
403.715
392
404
404
416
404
428
436
440
436
432
436
436
428
424
428
425.754
428
416
416
416.872
416.441
408
408
404
404
396
397.995
384
388
387.31
380
384
382.702
392
396
400
396
408
420
424
424
408
410.799
420
408
408
392
400
396
396
392
392
388
389.562
392
396
400
400
404
412
412
410.359
412
411.799
412
400
396
396.683
396
400
400
412
408
408.546
408
406.548
408
406.456
404
396
408
408
408
405.418
404
404
404
402.704
404
400
396
404
408
405.515
400
404
404
408
420
413.228
404
405.78
412
412
408.038
405.253
400
392
400
396
404
412
409.627
432
432
426.333
432
432
436
429.669
424
428
426.234
412
414.598
400
392
376
376.977
364
360
372
373.256
424
508
496
460
488
482.243
464
440
444
436
432
432
430.869
408
396
380
372
364
364.723
352
352
348
344
336
344
336
340
336
336
336.824
336
336
338.035
332
336
332
332
324
332.106
324
332.998
324
333.725
330.592
328
344
356
352.605
392
416
440
435.903
429.188
440
440
452
447.363
441.892
428
412
408
396
388
384
384.137
388
380
384
380
388
388
389.152
400
399.651
400.545
376
372
371.286
364
364
365.348
356
348
348
348.832
350.131
352.106
354.559
357.804
428
472
460
446.916
436
440
444
424
417.276
400
388
388
384
392
400
420
424
420
413.916
408.1
396
392
380
380
380
376
372
376
364
372
372
372
380
380
388
390.608
393.656
384
380
368
368
376
372
375.129
376.597
372
372
376
380
379.16
396
408
396
400
400
384
380
372
369.96
356
352
352.443
344
340
344
332
337.074
328
336
332
344
340
344.443
345.005
384
377.722
420
424
416
414.319
432
436
431.337
424
428
432
428
420
418.923
420
416
416
408
404
400
388
384
380
368
372
356
356
356
352
344
346.644
348
356
356.597
388
400
407.628
432
428
424
425.709
412
412
404
408
405.292
396
396
388
385.882
384
384
400
408
410.288
404
412
408
420
420
420
428
420
408
408
412
408
400
404
412
412
412
409.542
404
392
384
384.072
364
360
360
356
360
362.197
376
380
386.276
380
388
380
376
368
364
348
348
344
328
328
328
324
324
324
324
324
324
324
324
324
324
320
316
316
320
316
321.625
312
320
316
320
324
336
348
349.221
340
348
340
356
348
364
360
358.29
384
392
400
400
408
408
406.263
420
416
416
412
416
408
400
412
408
404.18
392
394.438
384
372
380
375.328
392
387.18
396
392
393.979
392
388
389.759
388
388
384
380
388
384
384
376
380.905
376
380
378.795
404
408
404
408
404
400
404
396
400
392
393.779
392
392
391.788
388
389.503
380
384
384
388
387.708
392
396
396
400
388
391.932
390.732
392
388
392
396
384
380
382.662
372
364
356
356
356.523
348
356
360
372
380
396
408
412
412
408
412
412
416
412.705
410.355
416
413.199
410.837
408.322
388
388
384
396
396
404
396
396.311
392
392
388
388
388
376
380
372
372
368
364
365.216
364
372
372
376
380
388
392.319
396
396
397.638
408
404
412
404
400
400.686
384
386.855
384.972
388
387.353
404
405.224
404
408
412
408
404
412
409.45
412
416
412
404
400
392
384
384.404
388
388
396
400
404
408
412
412
416
416
412.949
416
408
409.206
412
416
412
412.323
408
396
397.097
392
392
393.028
392
400
400
400
404
400
412
409.387
416
408
408
408
408
412
400
408
392
388
384
376
384
382.717
384.633
386.086
416
428
420
420
412
412
410.051
416
414.119
404
400
404
404.916
400
400
396
400
404
404
401.352
404
404
400
408
404
412
408
408
412
420
416
414.213
400
388
396
404
416
424
432
440
435.605
424
424
428
424
420
420
424
424
420
420
420
408
408.169
396
396
388
384
388
388
400
405.607
420
416
420
440
440
437.282
424
424
424
416
414.824
412
412
408
408.014
408
408
404
404.665
388
384
388
388
400
403.329
404
408
408
412
408
409.662
408
408
404
405.709
412
408
408
408
408
416
408
400
396
396
396
392
400
396
416
411.939
420
428
412
424
416
420
416
408
416
404
408.432
404
392
408
400
404
408
408
412
404
408.929
404
416
420
424
412
412
416
420
408
408
396
401.856
416
410.935
416
420
416
424
420
412
416
414.568
404
408.513
396
388
392
396
396.984
412
419.383
436
444
437.835
436
428
424
418.749
420
420
408
404
404
396
400
400.664
400
402.326
403.37
416
436
444
440
440
448
436
424
428
428
424
428
412
420
416
416
416
420
420
419.106
428
427.089
426.316
425.644
424
423.773
412
404
396
392
404
404
412
428
424
424
424
428
428
436
435.249
420
416
412
420
420
412
408
410.023
416
412
412
404
412
416
408
404
396
396
388
396
397.162
400
420
420
416
424
424
432
426.699
420
424
425.464
412
416
417.349
424
432
424
423.533
424
432
436
432
427.952
424
424
423.843
412
412
404
416
420
416
420
412
416
420
416
416
408
412
420
412
412
408
411.302
412
412
411.46
412.547
408
412
408
412
412
411.443
420
408
408
396
400
404
396
412
416
420
420
420
436
432
428
428
432
428
420
416
428
420
420.741
428
425.54
412
416
420
424
418.316
420
420
416
408
400
408
412
412
416
428
428
424
424
420
432
440
436
432
416
420
408
408
404
404
404
408
404
406.11
416
428
432
424
416
415.582
408
408
392
393.66
412
416
424
428
432
444
448
444
440
428
422.957
432
428
432
416
420
424
420
424
416
404
404
404
404
408
420
432
424
424.215
420
412
416
408
412
408
408
416
412
424
416
424
412
420
420
432
428
426.478
426.107
425.626
424
420
416
412
412
408
400
396
400
408
416
416
418.525
408
416
420
416
418.276
412
416
412
412
412
408
420
416
416
420
408
413.276
424
412
412
413.333
408
404
396
400
396
404
420
428
436
424
436
436
428
424
416
428
436
432
429.865
420
420
428
412
416
416
415.935
412
412.807
412
420
419.041
420
404
396
392
388
392
393.276
395.594
396
420
428
436
428
426.007
428
428
424
416
420
421.729
422.281
408
412
412
416
416
412
412
412
424
420
416
413.347
408
408
404
408
407.893
424
420
420
420
424
428
424
432
428
425.478
428
427.8
428
428
428
424
420
424
420
424
420
412
424
428
425.272
420
421.848
422.444
420
420.656
404
400
400
420
416
424
426.06
432
440
437.642
420
428
428.978
428
428
424
424.628
428
424
424
412
415.125
420
412
415.022
420
420
412
415.289
420
408
404
388
388
392
400
416
424
448
472
476
460
444
460
452
436
432
440
436
432
424
424.882
416
420
424
424.645
420
420
420
428
432
424
416
417.44
404
400
396
404
424
428
430.82
424
432
444
446.825
436
430.581
436
440
438.134
424
436
428
428
428
416
417.874
419.818
421.505
412
412
412
414.461
404
400
404
408
408
408
408
408
411.387
411.426
424
424
422.467
448
436
432
428
420
420
420
419.067
428
416
417.225
418.309
424
428
424
422.544
412
412
412
412
412
420
428
436
428
424
424
420
424
424
420
412
420
420
420
424
424
416
412
413.347
416
416
408
409.885
424
425.893
416
420
421.832
424.403
420
420
412
404
404
400
400
408
412
420
412
413.335
415.325
420
418.724
408
416
416
417.08
428
412
412
413.838
415.105
424
408
412
424
420
428
416
416
418.436
412
414.126
412
408
412.021
400
396
392
400
404
404.839
416
417.681
412
412
416
440
420
428
427.542
428
420
428
428
440
428
432
428
432
428.459
416
419.327
419.682
432
420
420
416
424
420
432
420
422.269
420
412
408
412
416
424
424
416
416
416
424
424.825
416
420
420
420
416
416
417.505
420
424
412
424
428
424
416.178
416
424
424
420
416
416
416
412
404
406.953
411.051
408
428
424
421.359
436
440
424
424
428
425.479
428
412
408
412
416
412
412
412
412
428
428
428
424.181
428
429.085
432
428
424.462
436
437.335
416
412
416
420.37
424
416
420
420
421.872
417.763
424
424
424
424
422.722
432
412
424
423.353
420
420.795
416
421.1
412
417.077
416.775
416.511
420
424
416
408
408
404
412
404
408.459
416
413.965
436
424
428
427.954
444
436
428
428
420
421.866
420
416
416
415.965
420
404
411.124
412
411.856
408
408
404
400
401.805
401.419
401.012
408
420
421.815
423.186
424
425.06
420
424
412
414.249
413.92
412.269
412
412.749
412.737
408
408
424
420
418.754
420
424
432
424
412
408
412
424
420
416
428
429.618
432
423.596
420
424
428
424
428
436
432
416
417.395
428
420
420
420.756
408
416
420
419.72
413.675
404
412.374
396
399.71
408
412
407.846
440
428
420
420
432
428
424
422.451
432
428
428
424
428
426.329
436
429.661
428
428
428.736
420
422.088
424
416
416
412
416
408
412
408
404
408
408.147
420
420
421.194
440
424
436
420
432
429.581
420
424.924
424.787
408
416
416.119
416
420
428
440
434.353
428
440
440
436
436
436
433.193
432
424
425.144
408
416
415.406
412
416
416
420
412
420
424
420
420
416
432
428
427.135
427.781
416
421.941
420.858
416
418.73
416
416
424
420.156
420.635
420
420.648
419.889
428
412
408
400
404
404.634
405.39
444
440
448
468
452
448
440
444
436
435.744
424
432
424
424.594
424
420
424
428
432
424
420
420
440
428
424
425.126
426.418
428
424
432
431.631
431.334
431.653
404
404
410.614
408
424
428
428
440
424
424
420
424
436
416
420.411
440
444
436
428
436
435.496
432
424
425.802
436
436
428
424.651
436
432
432
426.289
424
428
424
420
416
408
412
420
428
422.758
420
428
436
432
432
424
416
428
424
428
416
416
428
416
416
412
416
424
420
416.342
415.293
420.016
436
416
417.184
419.824
408
408
396
396
408
412
428
423.87
422.227
428
432
432
424
422.413
424.164
436
433.219
420
436
432
432
427.689
428
424
428
424
416
428
416
417.919
420
419.728
419.316
408
400
400
400
401.2
408
411.016
420
420
416
432
428
424
420
428
436
432
429.285
420
424
416
415.452
428
416
417.815
432
436
430.91
416
428
436
428
428
428.312
412
420
412
404
392
396
398.637
404
403.457
412
415.547
440
412
416.374
384
380
372
368
356
356
356
357.522
352
354.537
364
364
372
376
384
396
404
412
420
420
436
437.247
448
446.972
440
432
444
444
442.263
436
433.139
420
408
405.315
396
388
404
404
432
452
436
420
420.513
396
392
412
420.868
460
464
472
488
488
478.728
452
464
456
464
464
444
448
452
440
428
436
448
444.96
436
428
416
416
412
412
412
412
424
436
428
436
452
455.843
436
424
426.915
436
432
432
428
431.306
432
420
419.124
420
422.215
428
416
428
424
425.3
432
424
432
436
428
432
432.645
432
436
428
416
412
413.762
408
404
420
432
432.435
452
460
456
452
436
440
452
428
432
440
436.387
416
428
416
424
416
420
420
416
417.633
432
428
420
424
424
422.769
428
420
423.082
440
436
416
416
404
420
420.144
428
432
436
460
460
444
444
460
444
436
428
416
424
420
416
418.611
428
428.9
426.224
440
452
464
468
460
448
448
452
456
444
440
432
436
444
428
429.244
436
420
408
416
428
432
420
428
436
438.44
448
432
428
432.706
436
428
420
428
428
420
420
428
432
432
432
420
428
416
420
419.142
420
428
427.109
428
444
448
444
448
444
440.1
438.127
436.273
433.623
440
444
440
424
416
416.398
412
428
428
456
476
476
480
460
468
464
456
444
441.78
448
436
436
448
440
436
432
432
420
424
416
416.661
424
424
425.827
424
428
432
432
420
425.848
426.027
432
428
432
420
420
420
420
428
428
440
438.237
432
440
438.117
436
433.771
428
444
460
448
440
448
444
440
438.171
432
440
440
438.216
432
428
430.984
440
424
427.813
428
436
436
420
425.36
436
436
432
432
432
440
428
420
416
412
414.007
416
420
440
436
432
424
440
436
424
420
420
436
436
440
430.94
429.006
431.765
448
448
436
432
444
432
433.456
432
428
444
448
432
429.035
416
432
428
429.204
420
416
424
448
440
432.26
424
420
427.781
436
436
440
434.958
456
453.21
440
452
440
448
436
436.33
436.86
448
440
437.992
432
434.094
448
444
436
432
436
439.674
440
428
430.468
433.175
432
436
428
432
440
436
433.796
424
432
436
424
432
424
430.07
424
420
424.468
412
412
420
420.028
428
428
440
438.038
437.084
432
434.08
434.044
432
428
424
432
436
433.84
432
436
440
444
441.248
436
440
440
428
432
432
448
444
440
444
448
444
444
428
435.062
448
448
440
432
438.838
440
428
420
420
432
444
440
440
452
448
456
448
436
436
448
436
432
434.181
432
444
440.322
432
436
444
448
441.721
437.351
440
448
436
436
428
428
430.508
432.149
424
420
428
428
432
432
428
424
432
436
432
416
424
428
428
424
436
452
447.326
440
439.413
441.763
440.367
428
424
432
436.769
428
424
428
432
429.253
436
428
424
427.282
432
444
436
432
440
444
440
440
448
448
448
440.539
444
448.409
440
432
440
432
432
432
433.747
428
436
436.437
424
428
432
432
420
420
424
428
432
424
432
444
448
448
440
441.21
432
440
428
424
428
432
431.35
420
432
432
432
428
416
432
432
440
436
427.199
452
460
451.886
432
440
448
460
447.083
440
448
452
436
436
440
443.565
436
432
428
432
434.075
436
428.929
431.382
440
440
424
432
432
436
430.381
428
428
433.445
424
416
419.337
436
440
431.617
436
428
436
434.406
412
416
428
430.172
468
450.747
448
464
463.053
460
444
436
440
440
440
432
428
436
440
438.233
431.079
420
444
445.444
416
412
412
420
440
468
460
456
454.65
460
448
448
456
452
440
437.106
444
448
440
432
432
452
444
444
440
424
428.115
420
428
428
424
424.849
448
450.241
440
448
451.567
444
440
432
444
432
424
432
428
428.59
432
424
424
428
424
440
424
424
426.498
428
426.957
432
416
420
420
432
427.636
424
428
432
440
444
428
428
436
440
440
424
424
436
432
430.036
432
427.398
444
444
432
428.559
428
436
438.305
432
436
434.311
432
436
432.377
444
460
452
432
444
440
440
432
424
436
436
440
428
428
428
432
424
425.527
424
420
424
412
412
413.372
414.954
414.783
432
420
424
432
436
428
430.267
432.227
432
432
428
424
436
440
440
436
440
444
448
443.29
428
440
440
439.378
432
431.616
440
432
432
428
424
452
436
420
426.071
404
412
432
440
440
452
464
456
436
440
456
452.714
436
448
444
440
436
428
440
439.168
436
433.253
435.871
432
432
428
424
425.497
424
436
436
435.457
436
444
440
428
428
432
444
432
428
420
424
428
432
432
432
440
452
444
440
439.417
440.974
464
456
440
440
440
440
432
428
436
448
440
432
436
436
440
440
432
433.043
448
452
452
438.862
444
448.065
451.08
440
436
432
440
428
424
416
412
416
412
404
400
396
397.546
376
376
368
368
368
372
384
380
384
384
387.369
380
380
380
376
372
372
372
360
368
352
356
348
352
368
400
404
404
416
432
436
431.234
436
434.502
428
408
396
384
376
368
364
360
376
385.471
380
384
387.483
390.126
390.907
420
420
432
436
444
438.947
476
464
464
480
472
456
456.106
456
456
448
428
416
412
424
436
436
432
432.657
476
448
448.478
420
420
412
424
424
424.411
460
472
466.437
468
464
456
436
436
435.136
440
424
432
436
424
425.424
420
428
440
432
436
440
428
428
436
428
424
424
424.452
444
440
424
432
432
432
428.052
424
436
444
448
444
448
456
452
444.482
432
436
456
456
444
436
456
452
436
428
412
416.929
421.232
424.874
400
404.64
424
440
434.27
504
500
472
464
464
456
448
448
444
444
436
424
440
440
440
432
424
436
436
436
436
428
448
448
424
424
412
424
448
456
452
447.502
460
462.739
460
444
448
448
450.249
440
440
440
440
436
436
436.312
432
431.136
430.604
444
436
444
432
432
432
436
452
440
441.244
436
428
424
420
416
416
416.255
420
432
432
452
476
464
448
444
452
460
432
432
444
436
433.262
440
443.416
444
439.345
448
436
420
432
440
437.518
433.184
440
432
429.274
432
436
440
452
456
450.548
440
456
454.841
440
443.179
447.409
416
404
400
408
412
424
464
472
461.365
461.107
464
456
448
448
456
456
444
436
437.776
424
424
428
424
440
444
456
452.554
440
438.489
468
472
468
456
452
460
462.632
448
444.553
447.138
448
440
440
441.843
444.575
408
404
400
401.982
404
404
404
432
456
480
476
484
484.728
464
444
448
464
456
452.843
451.824
453.479
452
452
436
440
439.354
436
434.088
424
436
448
444
436
460
460
455.695
451.478
440
442.829
452
440
436
444
447.473
452
436
420
416
412
424
412
415.183
404
408
416
424
416
444
464
456
444
448
452
449.29
432
448
444
448
444
442.235
444.862
443.737
448
440
444
448
445.586
456
440
432
436
436
435.377
436
435.993
436
448
448
446.446
456
453.836
460
444
440
428
436
440
441.58
442.703
443.774
460
456
452
452
460
459.385
453.717
436
440
440
432
432
444
449.146
452
440
440
452
448
444
440.688
432
436
460
456
444
440
445.174
440
440.843
440
448
452
452
442.001
424
430.858
436
442.346
439.081
448
452
452
448
440
440
456
460
440
437.86
448
440
440
432
440
443.457
446.553
428
432
432
444
440
432
428
432
440
440
436
428
444
456
450.901
439.199
440
456
448
436
436
436
442.284
452
437.52
452
456
440
436.031
440.088
440
444
435.361
432
444
448
440
428
416
423.17
429.859
432
440
438.488
440.415
456
448
436
436
444
444
440
432
452
444
448
440
440.775
452
444
440
432
428
436
444
444
436
436
436
432
436
432
416
400
388
380
379.88
381.311
384.682
388.893
368
388
387.159
391.791
384
396
424
448
456
460
472
480
476
456
468
468
476
472
468
464
472
464
460.361
457.669
456
453.517
450.842
436
440
444
452
440
440
436
436
428
416
408
420
436
448
444
448
456
472
452
444
452
456
460
448
456
461.453
468
457.823
451.328
440
440
448
428
420
421.707
432
432
428
432
440
444
460
454.632
444
452
457.671
440
448
456
460
444
444
450.741
456
448.369
428
428
444
448
452
444
443.468
456
456
456
448
460
463.166
456
452
454.403
448
436
440
445.206
444
437.5
432
438.651
440
444
448
444
444
448
444
441.121
442.351
443.631
456
460
452
444
448
444
443.687
428
432.032
428
428
428
440
447.455
432
424
432
435.102
435.511
420
440
452
452
436
438.136
456
460
444
444
448
456
444
440
446.696
424
428
430.017
432
432
448
456
446.827
464
472
458.557
453.85
459.784
444
456
444
440
448
446.959
436
432
436.452
440
444
445.813
443.565
432
448
456
448
448
450.188
456
456
456
440
446.114
460
456
448
436
444
440
436
432
432
436
439.817
436
433.458
444
448.181
448
444
442.82
440
436
420
424
444
440
444
440.871
442.876
460
460
440
444
444
444
437.547
432
433.821
444
440
428
428
432
436
432
424
428
424
428
428
420
432
432
433.802
432
424
432
444
444
444
444
448
448
428
432
440
442.298
439.566
432
433.044
440
436
432
431.319
440
428
432
428
444
448
432
434.187
440
440
444
432
432
448
456
452
444
452
452
460
448
444
444
444
448
442.126
438.918
440.662
444.047
428
428
424
426.762
448
452
452
440
452
454.463
448
440
440
443.253
448
440
420
436
436
436
432
424
436
444
441.01
436
428
436
444
442.862
440
448
448
436
432
436
444.872
432
424
428
432
437.127
444
432
436
443.903
452
448
428
444
448
440
428
420
428
428
420
420
424.134
428
432
436
420
420
424
428
427.537
428
436
448
436
428
444
448.306
440
440
436
448
440
428
428
424
425.377
424.816
428
436
440
444
444
428
432
444
440
436
428
430.841
436
428
428
424
432
433.088
428
432
436
440
432
432
428
432
436
440
440
432
440
436
428
430.413
420
428
429.56
436
424
436
432.058
448
444
436
444
441.82
439.97
452
436
444
444
444
441.697
436
432
435.271
444
438.61
436
444
441.934
456
444
445.159
448
448
452
448
432
439.846
444
444
440.002
441.381
444.559
444
436
428
432
444
440
432
437.581
448
447.938
436
441.421
449.9
448
440
436
448.145
436
428
440
447.974
456
468
456
444
448
448
448
438.418
432
439.14
432
428
424
427.667
430.566
430.479
436
436
440
452
448
444
432
434.487
440
440
437.544
428
448
440
448
441.385
439.887
441.906
442.761
439.475
436.239
460
453.366
476
484
472.331
456
456
464
448
440
442.011
440
440.267
432
436
452
452
436
436
436
440
440
436
428
436
438.105
448
448
436
440
436
439.457
438.27
432
448
440
440
440
432
444
452
444
437.793
444
440
448
436
432
440
441.105
428
432
428
440
444
444
444
424
456
440
452
448
444
432
432
437.15
460
472
462.273
492
504
499.999
472
488
484
478.182
473.811
468
464
452
456
444
445.512
444.55
444
440
452
448
444
436
444
444
448
448.009
449.521
450.705
451.719
464
444
452
460
456
452
444
448.229
460
460
444
440
448
448
447.416
443.542
440
440
445.559
428
428
424
426.573
444
432
434.16
437.357
448
432
432
440
448
436
428
433.108
436
464
476
468
496
508
498.174
460
464
468
464.978
456.468
448
452
448
432
440
452
444
436
444
440
444
440
428
440
452
456
452
444
452
454.688
448
444
444
452
448
448
428
428
440
436
432
428
433.437
456
450.15
436
437.787
448
444
440
434.774
439.881
448
444
436
428
444
447.52
428
420
440
436
448
444
432
452
451.342
456
448
448
452
464
448
443.23
444
452
456
445.396
441.642
440
452
452
445.691
432
436
452
456
444
440
442.266
460
468
440
440
448
456
448
444
444
452
457.173
448
444
456
452
448
436
428
435.175
436
436
428
424
428.885
436.066
444
440
436
440
460
444
440
439.599
460
461.006
453.757
440
440
452
454.878
444
428
432
440.19
444
438.23
428
436
444
447.384
436
436
444
448
456
436
436
445.152
452.385
446.366
440
436.485
452
456.457
436
432
432
452
444
434.207
464
455.64
460
444.883
452
456
456
442.089
444.235
440
444
440.23
440
428
444
448
444
432
436.982
444
444.376
456
448
444
460
456
448
440
448
448
460
440
440
440
440
440
436
432
440
442.419
441.737
436
452
444
440
440.181
436
440
436
444
444
464
456
444
444
446.31
448
452
456
456
448
464
468
460
440
448
444
436
440
440
440
452
454.053
436
441.772
436
440
439.643
440
441.867
456
440
436
428
432
432.951
440
440
440
448
452
450.306
436
448
456
436
436
444
443.93
460
448
445.55
436
448
448
448
440.964
448
452
440
432
444
440
440
436.677
432
444
452
456
452
444
448
460
444
436
444
446.856
445.667
438.127
436
432
438.046
439.225
435.154
436
439.692
440
436
436
438.079
440.985
452
468
456
440
439.896
444
448
448
440.422
452
436
438.505
439.397
441.053
432
452
448.177
446.265
460
455.379
472
462.703
460
448
456
468
456
444
448.63
440
441.704
441.434
436
460
428
412
388
388
392
428
436
442.118
452
480
472
468
465.798
500
496
472
469.31
474.135
472.099
456
453.41
460
460.663
444
452
448
444
452
448
456
452.934
449.889
448.774
460
464
452
452
454.55
440
440
441.669
444
468
484
472
480
492
492
485.89
460
460
456
454.064
440
452
440
436
436
432
444
444.6
448
448
449.662
464
476
464
452
464
472
460
444
447.931
448
456
448
440
443.932
444
448
448
428
432
432
436
428
448
452
460
452
448
472
468
464
448
456
456
452
440
436
436
432
432
433.418
472
488
468
464
476
480
470.517
456
457.669
456
452.85
464
448
448
456
459.172
456
448
452
452
448
445.142
440
444
452
451.354
440
428
431.398
436
439.374
436
416
440
448
448.954
436
452
464
468
452
452
460
463.513
448
440
444
444
440
416
421.855
392
388
400
384
388
391.535
288
412
372
376
372
372
377.143
368
364
360
363.523
356
359.366
360.738
344
344
344
340
342.662
340
336
348
348
364
372
396
393.05
408
432
468
488
481.994
448
460
472
468
456
449.138
456
472
472
456
432
420
420
428
427.938
408
404
392
392
384
392
392
400
396
404
412
400
400
396
392
388
389.621
380
376
380
388
408
420
436
444
420
416.287
436
456
451.289
436
416
412
404
412
432
434.195
426.559
417
413.668
484
472
492
470.917
492
452
432
432
433.028
434.887
435.088
396
400.369
380
388
372
380
372
360
372
364
368
376
396
400
424
436
432
452
464
488
468
466.193
484
483.724
432
416
420.945
392
394.446
408
404
428
464
484
456
444
448
480
472.347
452
432
432
440
442.132
444
432
420
424
429.427
416
452
455.153
460
432
428
431.563
432
433.481
404
400
392
396
388
384
384
380
376
378.002
376
377.508
372
364
372
364
380
388
404
420
425.821
444
432
431.762
456
458.34
432
416
400
396
393.825
392
392
392
400
396
400
424
440
440
434.698
428
422.131
415.477
400
376
368
368
368
368
388
404.474
408
420
408
392
389.608
386.983
384
392
400
388
404
420
420.93
440
439.708
433.397
448
444
437.298
428
423.478
460
432
432
424
412
408
404
408
424
425.56
424
423.014
448
452
444
420
428
429.295
428
428
423.845
426.131
428.567
428
440
436
432
432
420
428
440
437.485
430.88
436
432
432.861
444
448
456
436
432
440
452
452
444.411
424
432
424
420
416
417.661
419.226
436
424
424.731
428
440
440
432
432
420
428
448
456
440
428
436
440
443.894
432
428
420
412
400
392
404
428
456
453.303
420
432
448
455.642
476
456
440
438.812
452
456.16
440
424
432
443.268
448
440
428.653
440
452
428
416
412
400
384
380
368
369.693
360
360
356
364
360
364
372
377.205
383.183
432
445.694
476
464
456
460
452
448
432
428
432
428
426.798
428
416
404
388
384
372
376
384
396
396
412
417.595
436
439.223
436.774
420
416
408
420
444
452
440
444
464
476
480
468
458.189
472
460
464
436
412
414.789
420
424.987
425.858
436
444
468
468
460
432
428
430.709
433.008
412
416
424
452
452
440
444
452
464
456.147
436
435.773
424
412
412
412
432
452
444
440
438.152
468
476
472
448
464
469.339
464
456
436
424
428
431.248
448
436
428
440
460
464.294
440
435.137
408
412
432
439.977
444
436
452
480
480
456
456
464
472
464
448
428
433.207
460
464
453.449
440.6
436
428
420
416
412
416
428
433.44
444
444.329
428
436
452
464
460.497
444
438.194
436
428
428
436
440
452
440
433.002
432
444
452
456
436
420
416
408
408
409.632
412.399
414.042
492
482.946
476
480
480
469.102
468
440
452
450.802
447.955
443.719
428
436
444
444
428
436
436
435.565
433.817
444
444
444
444
448
448
436
438.563
444
452
456
436
420
428
428
429.8
424
432
440
441.811
435.822
432
436
460
456
446.449
444
446.651
452
447.942
420
420
423.945
436
424
428
448
476
456.953
448
432
448
452.878
456
441.051
428
440
436
448
440
424
424
444
452
446.605
436
440
468
465.897
456.499
420
424
444
460
444
448
447.193
492
480
464
464
472
480
468.427
448
440
444
448
456
444
438.462
432
438.384
444
428
420
428
440
428
412
392
392
380
383.651
388
392
400
392
396.743
412
436
484
500
472
484
500
494.579
460
456
468
456
436
434.327
436
436
432.52
432
432
444
476
456
436
444
456
452
428
432
432
420
420
412
404
405.858
420
436
428
464
476
492
476
472
452
444.687
432
440
441.811
468
464
452
452
468
476
452
436
440
444
440
436.96
434.845
436.545
437.038
392
401.874
403.272
416
460
452
449.467
451.763
528
512.878
472
484
488
483.99
471.522
465.407
464
462.171
456
444
452
453.4
460
448
448.147
416
424
436
440
432
460
480
480
444
452
440
440
440
424
428
448
448
440
452
457.575
476
460
452
448
468
464
468
448
444
449.285
452
432
416
420
428
456
444
439.565
444.263
436
436.97
436
428
440
442.463
452
444
452
440
444
432
433.709
452
468
463.044
456
444
456
468
460
436
452
448
436
420
416
436
448
444
444
464
480
488
460
444
444
436
435.446
460
448
428
436
452
464
440
436.123
440
420
422.359
423.667
426.239
376
368
368
368
370.836
384
391.967
388
424
460
476
448
464
480
472
468
436
438.134
448
445.812
440
436
436
435.375
452
448
424
412
396
396.798
388
396
428
436.389
528
512.824
496.732
520
532
488
484
472
462.664
455.917
460
468
460
456
460
480
472
466.864
436
456
444
448
445.599
408
396
392
384
388
384
396
404
404
409.972
448
468
448
464
484
488
468
468
480
468
456
444
440
436.508
428
416
418.167
440
448
452
432
432.397
435.391
396
384
380
381.229
383.429
404
428
468
516
476
500
520
509.868
516
468
476
496
493.139
468
467.841
468
472
460
444
448
460
460.238
428
420
425.683
420
452
449.772
444
445.174
460
476
464
456.672
440
440
448
436
424
432
440
446.578
424
428
404
396
388
392
394.379
444
455.079
460
453.827
524
520
488
480.689
500
512
472
456
464.76
460
464
448
432
440
440
448
436
434.411
440.018
440
452
456
448
440
460
472
468.145
468
440
444
448
448
449.134
432
428
431.95
432
412
400
392
380
384
376
388
392
400
392
412
444
488
484.595
460
480
500
496
456
456
465.782
480
456
448
440
448
448.443
424
420
428
440
448
452
444.391
436
452
468
484
464
436
438.28
452
461.226
444
436.03
436
444.941
448
436
430.841
424
431.741
396
384
376
368
368
364
365.9
364
380
376
380
376
380
382.116
372
372
373.3
368
372
376
377.972
396
400.191
420
416
428
432
440
436.898
440
448
447.376
432
408
408
405.679
388
396
396
408
410.062
411.176
412.209
504
480
468.875
464
472
464
452
448
442.554
432
436
424
420
408
416
412
424
440
428
420
412
420
420
416
412
412
428
432
432
432
434.535
432
428
420
419.953
440
440
440
428
420
420
412
412
428
436
460
444
432
428.885
448
464
460
444
444
440
452
444
428
428
424
424
436
432
416
416.416
416
424
416
412
424
427.743
440
440
452
453.069
449.645
464
448
456
456
440
432
428
436
448
428
424
420
416
432
424
412
424
423.993
440
435.834
416
412
416
432
432
432
464
492
492
480.49
464
468
452
448
452
452
448
436
448
449.075
460
436
436
439.548
440.974
437.859
440
440.285
441.292
440.119
438.946
420
420
412
413.52
412.653
396
396
400
424
436
476
520
507.37
492
484
476.174
488
460
452
452
460
444
440
436
436.918
440
428
428
424
444
445.822
444.873
428
432
436
440
428
432
432.342
420
408
410.987
388
394.411
380
384
388
400
408
420
416
432
432
444
452
452
428
424
422.246
404
400
388
388
380
392
408
404
424
430.737
456
444
444
460
472
456
436
440
448
448
440.439
436.018
416
418.196
400
400
400
416
440
496
484
476
496
520
509.55
464
444
456
467.654
452
445.612
432
436.078
441.86
444
428
432
440
448
448
428
444
440
452
436
430.726
432
438.327
439.909
432
416
412
428
440
452
432
432
439.864
468
454.516
456
448
460
452
428
429.355
440
444.764
436
428
420
428
428
420
416
408
408
412
413.686
416
415.13
417.581
492
460
452
449.041
484
480.575
456
432
436.189
460
456
452
436
435.419
452
460
453.797
440
444
452
436
424
408
420
428.006
424
412
408
415.919
388
392.368
384
387.23
400
403.629
408
412
420
412
436
444
460
468
472
460
456
468
476
470.087
444
446.174
452
451.929
447.61
444
460
460
464
444
444.525
432
432.351
432
436
452
460
460
440
438.738
452
468
464
453.337
444
452
460
462.466
436
432
440
452
440
435.382
436
432
432
444
432
428
440
444
452
428
424
428
436.59
444
432
432
437.499
446.394
456
452
468
472
464.206
436
444
449.27
451.564
436
435.354
452
456
448.159
432
440
460
452
440
428
432
436
448
438.555
440
440
442.775
468
456.858
446.787
445.64
468
464
444
440
444
444
441.367
408
408
400
400
401.349
392
388
396
402.134
408
420
424
424
432
435.312
488
483.868
460
476
480.809
456
452
464
463.746
444
436
436
448
456
440
436
436
452
464
444
439.125
441.348
444
444
437.215
436
440
460
440
432
428
444
452
448.013
440
448
453.766
455.236
428
416
420
427.395
428
424
424
430.276
448
428
408
396
380
380
372
372
368
368
364
372
380
396
396
420
444
448
445.295
468
472
476
456
452
468
480
468
452
440
452
456
453.091
432
432
438.178
436
432
408
400
396
408
412.295
416
416
400
408
412.507
418.507
415.293
409.739
410.044
428
436
460
448
448
447.845
452
460
452
428
425.881
440
436
428
428
412
415.765
417.361
388
380
380
384
387.5
372
372
376
376
372
372
376
372
360
372
364
364
366.132
360
356
360
352
356
364
372
392
412
409.999
440
432
436
444
437.49
440
424
422.347
419.451
424
432
429.575
448
448
428
428
425.718
412
408
436
452
447.081
448
436
460
456
468
460
432
428
412
411.128
400
408
410.333
472
504
484
475.846
452
472
472
465.807
456
460
456
451.269
444
452
448
445.351
448
444
432
444
440
432
428
416
416
420
419.066
436
435.782
439.383
442.265
436
428
431.112
430.655
452
449.464
440
444
456
456
452
448.028
449.329
448
444
440.906
432
424
420
432
424
420
408
412
428
440
456
464
444
448
449.299
460
444
432
440
456
444
436
436
440
452
456
452
448
448
464
462
468
444
436
452
452
444
440
428
436
440
428
429.203
404
404
392
396
400
400
408
410.387
414.576
418.242
396
401.923
388
384
384
380
372
372
376
376
379.388
376
380
376
384
384.024
388
400
404
406.201
404
412
412
408
420
424
440
436.038
448
448
446.101
420
416
414.042
436
433.211
456
450.376
448
444.667
420
408
452
444.173
436
408
388
390.346
376
368
369.492
328
328
327.642
329.488
332
336
336
332
335.445
332
328
332
320
328
328.558
340
340
340
340
344
340
336
336
337.849
340
338.808
340.42
340
348
348
346.524
380
368.194
404
408
412
420
412
396
400
408
408
408
396
400
396
396
384
384.126
380
379.107
376
372
376
380
380
380.076
396
395.073
412
416
420
424
421.006
392
400
399.252
384
376
388
384
400
404
402.112
402.011
432
426.766
419.949
424
428
418.808
412
416
411.42
416
404
412
410.513
428
440
436
431.888
440
424
412
412.964
392
396
392
391.887
400
408
420
408
412.376
424
425.6
420
408
410.142
408
408
404
405.556
408
408
416
412
404
408
408.982
432
432
416
420
421.17
408
404
412
420
432
420
416
418.037
428
425.721
412
408.998
396
399.312
392
380
381.681
380
380
381.556
376
368
369.878
370.819
404
412
404
412
408
408.861
406.434
396
392
392
396
400
388
392
393.723
376
372
372
368
368
372
373.613
384
384
388
389.144
380
368
376
360
372
364
372
376
377.277
384
380
392
384
380
381.525
372
372
376
384
400
416
424
428
444
444
432
444
442.109
444
440.454
420
408
405.455
396
384
388
404
408
416
420
444
447.326
448
440
440
444
444
432
427.414
424
416
416
428
424
420
408
409.756
408
412
412.753
408
408.12
400
400.787
396
400
412
420
412
436
444
443.03
444
428
436
440
444
444
444
456
456.154
451.71
456
448
432
424
422.793
424
424.54
424
420
428
432
444
436
436.624
432
432
431.678
424
425.421
416
417.361
392
384
384
380
384
384
392
397.887
392
388
400
408
428
440
456
456
453.653
432
444
443.145
448
440
420
424
420
418.531
428
426.462
416
420
420.812
428
412
416
420
428
425.064
422.35
424
424.32
432
428
428
429.843
431.722
424
424
432
432
444
440
432
440
441.357
437.216
430.304
420
424
425.391
428
416
416
420
432
412
416
416
420
440
424
424
432
432
428
428
428
430.838
436
432
444
440
444
432
424
432
432
430.478
436
424
427.155
428.199
428
420
408
412
420
436
428
428
436
438.023
440
432
436
432
436
431.713
420
424
412
413.536
412
408
416
428
432
440
436
444
448
442.575
444
442.18
424
424
420
420
432
452
444
456
460
452
452
448
436
440
440
432
420
424
416
404
406.904
408
406.949
410.143
388
380
368
372
360
364
365.194
364
360
368
372
388
395.864
384
388
388
380
382.05
380
376
384
384.712
386.397
400
400
408
404
408
416
416
404
400
400
397.672
392
391.279
388
384
376
377.137
376.804
392
396
384
388
376
372
371.849
364
364
372
374.994
400
416
424
422.499
436
440
432
424
419.237
413.542
420
428
416
408
412
408
408
400
392
396
384
386.075
392
396
400
408
416
412
428
424
428
416
416.675
416.914
414.286
396
400
392
396
396
396
404
400
404
408
428
428
425.573
420
412
416
408
408
404
408
412
413.105
412
412
404
406.007
420
419.082
444
440.142
480
468
460
460
456
432
430.952
428
420
420.107
404
407.855
406.448
412
420
408
420
418.964
432
436
435.684
434.52
432.59
436
444
444
432
424
424
416
417.212
408
408
409.001
410.304
428
424
436
460
464
472
465.26
456
460
456
448
436
433.037
424
424
416
408
408
407.804
408
404
400
400
404
420
426.8
412
416
416
424
426.288
427.314
408
396
388
384
384
380
380
396
411.288
420
420
424
452
444
452
436
432
430.182
425.074
418.856
420
404
402.005
400.309
428
444
440
448
460
456.954
444
440
440
440
440
440
444
444
444
456
444
445.309
445.544
428
424
412
416
416
416
416
412
413.144
424
412
416
417.488
412
408
404
408
400
396
398.506
397.061
398.662
384
392
380
392
400
404
408
400
404.361
416
416
428
420
424
428
426.17
423.954
440
444
436
436
424
424
424
424
420
420
416
412
416
412
408
409.327
404
412
408
409.913
410.584
404
412
409.897
411.339
412
412
424
416
416
420
416
424
416
418.979
420
412
420.794
415.889
408
418.186
408
404
400
400
404
404.018
404
405.787
408
404
416
416
416
416
416
412
428
412
420
412
412
412
411.953
404
404
404
404
403.756
404
400
408
405.45
412
408
408
408
416
416
415.146
416
412
414.255
412
416
404
408
408.038
408.078
396
392
392
384
380
384
376
376
372
368
372
370.486
371.592
372.128
440
476
452
436
436
436
430.466
424.387
419.077
404
399.877
392
392
392
393.005
394.157
395.085
404
405.522
405.418
416
420
432
436
432
426.121
420.506
420
415.026
411.762
424
420
424
440
436
440
456
464
460
472
460
456.172
453.549
440
444
436
424
425.067
424
424.213
436
424
432
431.909
432.516
432
428
436
433.669
428
424
432
428
424
420
422.406
420
424
428
424
424
424
424
420
420
408
412
412.137
412
416
417.264
428
424
425.93
432
432
436
434.373
432
431.328
429.134
428
424
424.001
424
416
419.927
412
408
404
400
400
400
392
396
396
395.71
388
388
388
388
396
404
408
412
428
444
446.995
428
424
416
412
404
400
392
388
384
380
388
388
388
396
400
404
404
416
418.631
436
440
428
420
420
424
428
425.131
412
404
404
405.053
406.912
420
420
416
420
408
404
400
416
428
468
447.708
468
468
460.948
496
492.679
464
468
472
472
464
456
456
455.536
460
452
448
448.627
448
448
448
440
440
439.905
428
436
434.452
428
428
428.49
424
424
420
421.661
408
400
416
424
428
424
429.439
440
428
416
412
412.526
408
408
416
428
440
444
440
440
440
452
452
445.265
442.578
456
464
460
452
452
444
448
440
440
444
436
436
436
440
432
436
436
432
428
429.269
428
428
424
420
420
424
428
420
436
428
444
440
440.888
441.219
440
440
444
442.301
441.961
436
424
428
428.054
420
420
412
416
416
408
420
416
424
420
420
428
420
428
416
416
417.157
408
412
416
408
416
414.675
420
420
420
420
424
421.474
428
420
420
424
420.681
421.507
420
424
421.356
428
424
416
408
404
408
408
408
400
408
416
428
436
428
428
424
412
404
388
392
392.671
396.612
400
404
416
420
444
446.934
439.703
440
436
426.921
448
449.075
428
432
436
444
436
440
440
448
444
440
448
452
448
443.642
440
436
434.266
436
424
424
424
420
421.353
422.635
436
432
440
440
448
436
440
436
428
432
424
432
431.817
428
428
429
416
416
412
412.496
400
400
400.399
399.865
384
380
396
408
409.092
424
440
452
464
444
436
440
438.292
436.181
420
416
415.926
404
396
392
392
400
400
412
428
444
452
448
440.268
484
468
456
476
476
460
460
465.193
444
452
440
432
444
444
444
432
424
425.995
416
412
400
396
404
416
428
428
424
428.587
428
429.278
444
440
440
441.86
436
440
424
426.269
425.961
432
432
430.533
428
428
424
428
432
428
427.921
432
428
436
436
440
436
436.658
436
444
440
436
432
433.954
440
424
424
426.048
420
423.438
423.579
416
420
416
416
416
416.541
424
416
412
412
412
412.095
416
412
415.118
408
424
424
420
428
424
424
420
420
420.565
416
412
412
408
408
408
408.4
412
412
420
424
424
424
428
432
428
427.511
428
420
420.798
412
416
415.545
412
420
412
412
416
415.629
408
416
415.66
412
400
396
397.498
376
376
364
366.408
365.044
372
372.346
424
464
472
496
508
488
456
456
440
432
428
425.286
404
396
380
380
376
388
396
416
448
456.94
444
439.297
448
444
416
416
392
388.265
376
368
368
369.467
368
376
404
422.143
460
480
508
505.827
488
476.828
468
452
432
425.321
421.169
436
424
420
408
408.587
404
400
412
432
432
435.509
492
520
488
476
484
488
456
448
456
444
444
436
438.419
440
452
448
436
437.582
439.846
460
452
448
440
441.136
452
450.788
440
448
444
432
435.886
420
420
420
424
436
440.607
440
428
436
436
444
428
432
452
460
448
440
444
444
460
432
432
435.607
440
444
432
420
420
416
420
416
413.629
404
404
406.209
472
448
452
447.166
464
465.607
448
444
456
452
448
440
440.565
436
444
444
444
442.086
476
496
488
478.961
480
480.086
460
457.224
464
460.931
456.363
453.08
452
452.183
472
469.104
456
453.74
455.774
452
464
456
480
472
469.703
476
474.346
471.588
456
459.202
452
452
432
412
408
407.39
396
408
416
456
456
452
468
488
484.923
452
456
448
441.769
448
428
428
430.084
420
420
416
416
417.085
436
448
450.894
452
444
452
450.973
440
432
430.476
424
420
432
452
456
453.905
460
484
484
474.946
472
470.74
465.634
464
472
469.94
452
456
468
468
461.168
459.685
476
468
464
461.698
460
472
467.697
476
464
460
460
452
444
448
444
444
445.032
452
432
436
436
437.135
436
437.443
420
427.025
396
396
392
392
404
392
412
424
460
463.447
468
484
476
448
448
444
436
435.102
436
428
428
428
427.178
427.345
428
436
452
472
484
472
448
444
456
448
444
432
436
444
448
444
436
444
464
464
444
440.583
440
428
427.763
426.764
427.864
420
412
428
420
412
424
428
432
444
436
444
464
452
448
448
456
452
444
446.32
447.975
448
452
456
452
460
464
456
452
452.965
456
452
452
452
456
472
456
455.353
460
460
448
456
448
440
420
408
409.46
408
420
424
416
420
432
437.107
456
459.861
460.593
476
452
456
455.948
464
448
440
432
432
432
424
416
420
421.455
440
444
432
436
452
454.195
448
432
432
444
444
452
448
444
460
472
476
476
463.946
458.369
476
468
460
464
464
456
456
472
468
456
460
463.927
460
456
452
464
464
452
452
456
457.506
452
452
456
444
440
444
452
450.328
408
408
388
380
372
374.013
375.854
388
394.466
452
460
456
472
488
464
452
464
468
460
448
440
444
448
443.269
452
448
452
460
484
479.024
472
467.475
464
459.839
468
460
452
451.178
472
468
468
460
448
460
472
470.867
464
457.476
456.707
460
463.773
464
456
451.514
460
468
468
456
452.023
472
448
452
456.027
460
457.141
451.63
460
460
463.307
448
452
448
440
448
444
446.541
440
432
432
420
412
413.579
396
400.108
400
404
432
468
474.576
448
460
464
472
465.87
432
436
436.054
428
420
412
416
408
410.804
424
424
