835.149
851.737
789
885.239
855.158
820
828.718
751.907
846.633
798.58
794.53
787.334
720.141
804
776.057
811.423
875
851.446
891
836
810.752
887.807
832.863
822.895
859.396
826.759
868.128
851
836
774
821.254
813.633
703
711
688
693.349
719
723.918
729.89
711
758
758.402
759.29
812
809.737
820
789
794.058
774
773.487
750
752.228
752.505
752.832
735
740.341
741.964
742.527
844
820.692
813.709
860
848.857
829
828
843
852
859
847.682
844.012
844.735
844
839.208
836.313
851
836
836.47
836.228
834.843
833.451
832.097
831.09
830.464
789
808.009
804.248
797
799.448
801.398
773
789.756
726
787.443
703
763.517
754.076
752.617
755.718
687
711
711.956
750
789
784.835
734
754.347
758.315
766
762.854
762.147
767.802
828
809.549
797.857
867
844.352
829.465
826.479
823.355
816.501
809.48
805.44
789
784.473
782.784
780.262
779.253
812
807.715
828
820
813.665
820
814.15
807.459
802.764
798.095
750
771.622
767.676
781
836
899
906
953
944.864
914
915
906.935
828
827.442
812
805.697
773
777.295
820
834.676
839.195
842.496
828
825.03
782
783.545
734
727
726.567
727.131
730.394
732.992
757
758
765.044
743
751.331
752.585
703
715.52
680
683.6
743
752.321
756.276
891
873.276
860.83
853.619
842.187
830.314
820.267
811.093
680
679
681.115
683.665
726
743.297
727
719
720.774
720.879
718
718.233
718.842
688
693.153
672
673.784
674.071
656
660.725
661.193
662.074
665.393
668.82
672.333
675.832
678.699
681.521
601
610
609
611.065
614.355
610
617.448
648
641
647.435
651.458
655.165
672
673.63
648
654.926
658.12
655.713
654.764
648
672
656
649
652.275
653.898
651.788
625
634.4
636.62
634.331
632.526
601
611.378
613.373
617
615.627
625
629.844
629.852
649
653.73
617
627.741
586
579
578
579.731
582.712
586
586
589.853
592.402
609
613.977
618.237
640
644.355
642.799
625
625.862
610
604.993
602.127
594
602
603.766
606.796
609.432
611.809
703
727
687
704
694.449
682.179
670.857
664
655.991
648
617
618
615.974
594
598.153
599.606
633
643.01
711
710.137
699.844
690.025
678.804
781
756.202
734.823
757
750.487
739.594
773
765.277
756.743
753.042
711
714.87
715.985
711.292
708.083
687
704
742
733.914
821
843
819.92
807.215
844
805
796
743
726
703
703
703.6
774
805
800.077
794.372
788.149
776.082
764.732
756.052
748.586
813
843
852
832.073
817.365
859
857.312
906
938
917.042
900.233
893.948
894.628
820
817.336
852
857.086
914
898.688
883.918
877.098
860
812
810.375
867
899
882
870.92
866.635
861.511
850.717
841.479
835.982
831.55
797
795.822
820
836
846.128
849.951
848.895
891
914
897.297
883.477
821
812
812.096
815.54
821.757
826.672
829.595
831.286
890
900.786
891.251
878.886
836
830.914
831.547
835
836.1
831.682
797
800.692
803.271
809.504
814.209
814.984
811.026
811.739
815.549
819.658
852
850.172
867
899
898
883.362
843
837.659
838.944
797
801.922
803.119
808.241
828
834.693
837.923
839.566
837.968
834.138
836
832.978
829.652
826.814
824.326
822.394
820.92
844
898
894.833
851
860
812
815.177
815.22
844
850.836
852
781
789
800.719
766
779.289
783.391
788.331
789.94
786.401
785.689
789.67
742
753.87
680
690.286
689.88
692.865
699.881
706.77
735
742
752.894
750
757.593
760.094
797
774
777.165
726
727
734
732.779
742
742.4
805
797.809
789.948
782.04
774.623
765.845
759.461
753.565
812
798.647
836
820
808.313
801.809
791.854
782.319
766
789
476
595.398
758
745.852
742.938
703
719.008
727.232
721.462
722.962
725.829
726.513
727.706
728.815
531
1078
898.559
820.981
687
688
687
688.816
718
714.916
714.737
716.654
766
756.056
754.79
805
789
805
798.791
797.525
813
810.121
808.08
806.814
805.548
804.75
813
809.579
807.976
807.004
806.618
807.641
766
781.272
813
801.298
859
838.885
833.593
832.265
774
750
718
718.992
688
703
711
765
797
828
829
843
868
875
867
860.382
854.584
844
836
829.422
824.766
820.748
817.243
815.29
814.091
813.482
813.441
813.27
812
875
865.591
860.659
855.853
850.866
844.519
837.113
750
750
777.529
800.823
814.678
827.266
773
820
852
844.638
836.655
836.602
828
836
829.501
742
703
704.723
705.846
789
844
842.133
821
823.139
823.054
813
820
813.336
805.624
836
835.172
825.561
805
807.739
805
803.03
797.568
820
836
836
828.313
823.206
812
806.341
800.9
796.932
793.681
774
776.534
776.438
735
760.607
750
752.639
755.693
859
840.774
837.438
843
838.891
835.668
832.18
797
766
789
781
786.343
813
814.821
814.481
812.085
789
790.27
786.866
750
758.634
727
729.724
742
742.546
747.423
750.368
753.19
754.63
742
750
742
745.915
747.396
711
723.513
710
712.467
713.775
715.406
717.987
734
735
739.191
742.706
742
781
766
763.4
765
766
761.577
758.788
789
774
770.828
750
750
743
757
743
744.878
745.51
745.086
711
722.357
721.328
719.95
720.731
721.658
722.394
656
680
656
664
664.137
666.284
664
688
684.921
690.304
694.343
697.518
672
683.381
665
670.614
671.866
673.146
675.427
678.026
680.718
683.184
685.664
734
725.988
720.735
715.382
695
688
686.037
683.347
681.913
687
672
676.323
719
765
754.72
744.237
731.419
723.212
716.187
709.368
703.058
698.019
711
713.655
712.825
707.567
703.489
700.259
696.832
875
859
796.708
784.192
813
802.353
786.66
773
758
752.769
746.789
703
706.344
711
715.721
727
734
737.651
739.942
740.212
738.757
735.989
733.846
732.491
750
766
764.178
758.847
753.643
755.36
742
743.484
740.718
740.146
711
687
689.964
690.933
694.324
766
771.668
763.811
759.743
743
733.935
728.114
719
711
695
693.905
692.909
694.313
697.155
704
711.402
718.674
724.556
728.423
728.926
687
692.162
672
679
664
666.997
668.297
668.867
671.585
673.809
677.219
680.742
684.367
688.334
692.316
735
734
730.76
688
686.764
695
703
702.657
697.666
694.434
703
727
726
716.877
743
742.575
732.369
720.119
716.868
718.485
717.406
711.687
706.46
750
773
754.377
741.88
739.155
820
852
817.163
844
812
782
774.884
776.74
750
750
750
749.902
743
773
777.218
891
862.035
841.918
833.484
825.414
899
876.906
875
852.95
766
765
765.184
767.268
770.183
772.851
836
853.091
844.827
834.759
929
899
875.361
864.57
861.017
844
830.952
859
858.553
845.443
840.118
906
898.277
874.645
907
906.746
885.431
876.403
881.656
876.583
899
892.12
884.149
879.109
874.169
907
894.355
885.415
891
836
812
813.827
815.754
844
851
857.424
867
875
875.173
871.327
871.371
871.359
859
852
851.249
850.422
850.451
851.046
851.761
852.806
906
900.58
867
867
867.034
863.76
859.815
856.112
890
875
872.418
871.328
869.981
866.062
862.844
861.854
860.92
859.845
859.15
836
850.995
844
828
834.3
834.584
907
888.86
914
907.695
904.198
906
902.173
875
878.073
873.43
883
877.638
879.166
875
891
930
906
930
925.039
929
914
907
904.527
900.541
883
899
890
891
883
859
866.686
867.778
797
851.978
845.964
844.723
849.975
875
883
875
880.62
882.019
880.776
881.071
881.809
882.338
750
750
802.861
750
805
815.847
817.334
860
843
845.089
867
855.524
859
828
859
851.474
846.102
848.176
836
828
832.404
867
899
914
903.938
895.573
899
898.514
844
851.218
757
778.688
779.031
783.239
788.783
890
860
828
834.598
837.554
832.041
832.389
836.701
835.971
832.427
773
788.821
828
831.001
914
914
898.957
890.953
880.869
906
892.623
878.975
877.242
873.327
829
829.841
827.866
824.008
820
852
820
898
969
937.845
1055
1039
1008.38
998.506
988.054
883
886.077
859
851.884
820
827.407
844
851.762
891
914
916.388
915.909
930
926.872
920.241
882
881.994
879.636
875.33
874.783
969
961
951.818
945.832
941.04
935.859
922
915.588
909.117
902.399
896.309
891.726
929
928.013
923.154
916.756
883
886.098
887.078
890.782
895.001
961
957.579
969
957.914
922
937
906
899.268
896.795
896.977
984
975.674
964.68
914
908.98
945
953
945.027
933.263
925.643
899
921
938
937
938
945
939.219
933.562
929.429
928.003
938
922
914
914
915.889
919.161
918.319
922
914
875
867
867.08
868.643
871.939
875
878.859
882.948
883
886.397
888.73
867
859
860.601
861.678
864.185
789
849.893
843.173
844.809
847.789
851.134
854.576
857.279
774
765
742
744.843
750
753.175
711
765
762.033
820
820.896
828
851
852.012
477
1140
975.175
895.034
882.825
766
804
808.612
806.76
804.973
803.719
914
874.798
840.821
839.383
891
866.6
859
857.734
857.112
856.207
855.016
854.085
854.07
852
854.182
883
874.448
870.261
869.69
836
820
820
821.562
823.809
782
799.401
800.792
803.365
805.479
808.658
734
773.348
769.482
758
763.474
766.631
769.126
851
789
789
750
762.905
735
740.905
781
775.555
805
799.999
799.529
800.115
750
763.625
743
744.688
746.386
748.093
742
745.957
747.538
748.823
750.015
751.256
752.629
753.94
755.24
756.518
757.854
759.805
760.62
762.511
750
766
762.249
750
755.786
754.613
756.476
688
672
725.758
725.853
695
672
664
688
691.872
711
688
697.685
711
711.196
688
694.983
700.48
702.32
696.944
696.661
702.413
705.325
700.518
694.953
649
632
657
664
666.875
672
688
664
667.148
672
674.688
669.654
758
758
736.195
781
750
735.568
733.83
727.5
717.003
711.737
710.152
704.801
700.763
699.267
697.928
727
742
734.903
730.485
727.216
722.608
640
633
645.243
652.003
617
625
602
609
625
602
612.66
594
602.122
601
602
604.13
605.694
608.035
594
601
586
594.02
594.737
594
593
598.417
594
600.45
586
596.268
594.937
593.599
570
587.406
570
575.644
586
601
595.212
594.678
596.481
597.345
596.667
586
592.79
591.981
594
589.519
590.294
585
589.64
578
570
575.224
576.521
575.831
576.941
562
569.586
569.805
569.123
625
609.063
672
641.983
625
601
601.458
594
585
583.234
581.487
586
585.271
586.101
601
617
615.206
601
595.246
592.763
594
590.985
587.551
586
586.227
586.058
585.708
586
585.265
586.106
570
577.63
575.691
593
596.163
594.115
586
594
617
614.841
609.964
610
607.064
617
617.414
613.829
609.59
625
640
633.493
623.985
620.225
622.733
774
758
699.684
677.465
789
797
828
783.201
820
824.377
781
771.21
773.607
775.119
768.456
742
750
754.861
751.429
744.113
740.82
750
765
757.071
748.343
747.831
749.601
747.684
742.119
719
725.988
743
773
768.064
743
748.44
757.856
763.847
726
782
777.867
764.532
754.605
812
829
798.637
780.349
852
841.87
836
812.281
859
856.378
831.817
820.779
743
762.869
781
777.652
797
836
851
899
873.666
856.712
856.491
850.092
833.585
821.133
852
828
819.02
820.827
851
797
804.128
812.945
805
765
777.65
805
803.032
766
779.063
789.183
766
768.117
777.122
781
773.003
777.789
782
781.882
776.316
789
828
815.079
799.1
836
835.139
815.074
806.806
819.61
820.262
801.767
798.163
844
838.081
819.476
930
899.512
866.531
864.597
865.34
850.883
922
875
863.105
867.103
864.144
851.744
915
898.985
843
875
880.33
946
882
881.969
961
898
883.218
805
773
777.914
750
750
754.413
758.884
761.414
813
789
795.221
836
840.757
840.778
842.404
846.394
847.266
860
812
816.347
781
782.151
781.727
820
826.845
828.791
827.561
828
824.85
819.094
813.663
750
760.272
760.915
763.307
805
789
794.001
844
847.712
841.279
838.701
834.404
812
804.663
799.304
868
862.832
849.622
841.648
834.102
823.67
945
899.261
873.948
867.124
864.767
930
907.438
914
893.954
885.693
899
898
891.733
883
891
875
875.554
906
896.845
889.772
884.668
883
906
901.709
867
870.994
875.831
938
922
890
885.393
892.603
896.042
906
875
914
914
930
937
914.28
969
984
962.278
943.389
942.812
883
891
893.903
867
872.973
877.581
898
945
914
930
935.584
926.902
937
935.405
773
860
812
805
810.852
813.745
815.218
820.772
867
844
828
820
813
816.372
817.012
817.588
819.166
843
836
867
863.815
864.294
782
773
775.775
777.599
779.866
805
807.642
811.52
812.579
814.964
843
843.322
836
832.856
831.613
829.411
826.242
823.203
687
749.642
688
695.921
797
786.398
790.954
796.155
798.945
906
883
873.65
870.472
844
843.391
837.652
773
781.575
758
766
773
766
773
797
797
758
770.527
773.609
771.159
770.755
769.568
769.822
769.034
769.239
770.033
836
827.224
816.74
813.828
773
778.084
778.575
789
785.381
781.982
784.927
789
785.478
813
844
830.585
821
813.871
806.539
797.675
844
812
805.53
803.968
804.869
813
808.009
803.879
801.31
801.864
801.563
799.783
828
820
816.923
813.052
750
742
727
728.144
867
914
1008
945.261
1015
1000.77
1000
1007
993.035
907
859
844
820
818.947
821.611
836
868
874.798
875.962
875
843
841.864
840.934
839.034
821
812
812.356
898
961
953.846
914
906.943
914
919.685
918.615
909.884
902.248
813
815.446
835
850.578
859.073
857.5
883
890.904
890.387
879.258
870.578
864.952
858.751
852.26
846.752
804
806.563
806.224
808.819
811.806
815.262
797
802.811
803.332
804.654
807.068
882
890.317
881.867
876.014
869.569
860.577
853.111
961
936.812
919.588
912.406
883
852
847.106
797
852
854.536
855.637
851.684
850.19
852.352
852.857
850.132
907
897.28
887.284
844
852
853.216
852.496
860
851
852.068
854.409
844
846.461
846.076
821
831.05
831.242
830.562
832.37
907
878.747
872.261
871.478
865.472
843
845.057
846.618
890
875
868.191
859
852.361
867
863.278
857.255
821
429
576.145
664.046
742
746.193
773.908
789
789.746
791.577
795.89
915
887.314
878.004
875
875.631
828
820
836
834.734
833.468
833.584
914
906.762
902.383
938
882
899
828
797
801.853
799.8
798.888
800.44
803.898
914
883
874.524
873.205
866.758
828
797
797.162
797.509
860
871.835
946
936.524
937
938
923.354
909.248
844
836
834.062
832.853
898
908.665
922
891
880.675
870.664
859.194
850.407
846.598
845.753
845.758
845.962
882
875
874.401
870.934
865.61
860.777
857.381
758
766
768.124
742
750
773
780.98
782
790.418
796.655
804
808.508
813.76
819.156
823.123
826.216
727
746.893
734
735.638
797
801.169
803.183
804.91
805.04
804.145
800.8
799.301
734
746.644
748.069
922
858.21
845.381
841.121
828.47
961
993
933.65
907.59
899.527
875
861.743
854.089
849.829
750
735
812
789
789.684
899
889.863
922
906.073
891.883
906
945
919.214
902.303
953
942.622
923.71
945
922
938
930.643
926.08
953
907
910.966
922
911.801
984
906
911.642
914.616
906
904.217
903.131
903.553
905.067
904.347
773
840.857
860
968
937.483
1016
953
953.713
953.376
930
906
910.73
908.446
902.807
901.556
844
866.799
843
828
833.882
835.141
835.941
837.75
839.412
840.876
842.016
953
993
970.333
956.713
946
828
834.104
833.133
837.342
845.457
890
922
927.215
921.428
912.339
902.528
893.148
885.523
879.249
873.959
870.185
868.489
867.207
875
867
865.985
864.904
862.917
861.323
875
882
886.428
961
938
932.168
1000
961
984
974.563
968
964.245
961.825
957.163
922
925.268
926.927
945
942.324
939.322
907
913.259
930
927.941
925.797
924.382
906
914
911.638
909.744
922
953
890
907
906
875
884.679
812
842.43
842.378
844.756
848.942
852.368
797
867
856.614
883
843
836
813
823.031
797
828
851
852
852.32
844
859
861.114
836
844.099
828
831.382
831.904
812
844
836.476
867
860
867
883
876.8
875
872.042
869.873
866.762
863.499
860.585
891
867
868.136
835
846.29
845.627
852
820
832.391
831.631
830.485
789
806.197
805.336
802.571
803.585
804.746
789
750
763.142
764.273
773
750
750
742
746.222
746.888
748.446
774
778.445
784.03
787.87
792.297
695
672
675.223
677.077
683.17
690.481
698.663
706.724
713.721
664
676.958
609
625
602
609
586
595.117
601
610
593
578
579
580.97
601
594
602.576
606.828
612.755
610
615.385
625
609
641
617
625
610
613.533
609
609.178
607.644
607.438
606.775
594
593
594
593.62
594.568
595.183
595.983
596.599
597.339
597.759
594
596.474
595.981
596.841
578
590.628
587.179
586.519
587.688
672
610.801
610.864
726
620.496
619.316
618.097
648
631.351
627.834
627.813
627.856
626.366
601
605.229
617
612.081
609.529
609.604
611.444
611.837
611.282
687
633.331
765
655.833
648.802
648.091
643.459
639.799
648
664
655.75
641
601
625
624.705
622.975
621.648
622.189
624.264
625.706
625.89
626.507
627.217
726
659.6
652.664
679
667.898
633
617
621.294
622.864
571
588.067
570
563
564.728
566.528
547
562
555
557.858
559.51
560.799
578
571
574.838
586
586.256
587.818
589.849
617
615.56
617.874
618.26
602
605.733
606.11
603.03
600.926
563
562
562.744
586
587.679
587.938
588.022
703
664.261
703
683.503
673.906
667.389
659.831
653.127
647.211
633
629.677
626.413
586
586
585.456
570
574.609
576.571
578.656
581.094
583.529
585.749
587.606
578
581.814
582.936
563
569.717
570
571
573.449
575.401
578.287
580.975
547
570
566.123
547
539
543.612
544.533
539
547
549.115
549.869
552.367
554.702
556.514
558.258
560.19
562.065
563.597
564.817
566.058
618
632
618.467
611.111
605.665
633
630.851
602
601.63
604.562
605.405
578
578.232
594
596.878
591.811
586.302
664
656.231
696
673.232
671
667.257
672
661.393
652.196
649.719
649
633
628.267
629.795
628.343
626.104
624.773
626.078
627.026
627.311
627.448
627.832
628.339
664
656.895
688
682.319
677.289
671.54
667.94
665.555
662.933
781
735
711
706.11
702.057
711
706.32
718
743
735.839
730.555
727.633
725.787
723.364
720.091
716.693
713.717
711.221
709.09
707.013
706.392
705.436
705.791
679
701.193
719
715.088
713.81
712.269
750
703
706.955
708.534
708.214
688
672
648
680
683.294
687.713
691.335
734
789
758
748.904
727
723.198
718.565
711
705.712
696
679
679.733
680.092
682.555
686.014
689.24
710
743
747.852
739.543
729.3
727
719.008
708.727
695
688
684.978
711
727
695
711
718.58
688
695
688
695
695.658
694.285
694.221
694.83
694.577
693.178
691.786
690.792
690.295
690.145
690.222
690.689
695
695.698
680
719
704.793
734
743
718
720.076
720.677
719.757
717.776
715.876
715.765
715.098
713.903
703
706.311
758
742
736.479
733.238
731.878
734
731.296
727.952
633
681.309
678.654
676.206
640
641
645.76
647.184
647.112
650.091
695
693.351
657
664
492
565.665
564.869
672
663.268
662.971
667.085
680
719
710.111
704.827
704.535
705.271
701.684
820
787.834
805
782.402
773.235
773.743
772.071
735
735.666
734.972
773
781
797
787.183
812
836
825.531
816.183
809.32
804.222
798.352
792.137
786.322
804
800.238
795.772
792.234
789.803
786.39
773
774.075
772.785
772.988
773.727
774.256
774.906
775.099
805
804.992
804.091
800.59
798.572
797.463
795.603
794.3
793.023
735
734
719
721.118
680
679
678.437
678.612
680.253
682.101
703
708.454
717.719
726.56
734.887
742.416
641
625
640
645.157
655.659
666.734
610
601
604.322
617
626.017
664
679.286
672
673.615
676.029
675.444
672.386
667.082
711
727
695
696
701.1
742
703
727
727.682
718.221
708.927
709.094
703
698.707
695.068
695
719
735
728.375
722.563
789
789
789
774.569
768.749
766
759.174
752.278
750
746.516
734
731.103
728.52
640
625
646.902
610
609
611.097
680
711
742
743.727
744.326
750
747.637
743.71
740.818
737.292
696
698.711
696.508
656
648
633
633.03
634.105
703
717.012
718.486
735
730.921
723.351
716.174
680
674.618
695
698.155
688
691.854
695.379
694.656
672
676.491
680
664
688
691.855
695
690.03
734
742
729.564
722.971
718.858
710.38
726
722.011
742
734.724
728.458
725.668
765
754.263
744.293
796
782.796
774.206
703
750
743.366
736.417
731.839
820
787.725
805
757
766
768.438
761.504
755.362
755.462
734
750
719
726.922
695
704.884
706.637
704.916
688
695.552
750
734
719
719
724.179
722.836
721.623
688
703
701.583
711
709.311
710.278
679
691.077
693.126
693.566
672
677.662
681.357
695
690.454
685.084
711
712.844
707.515
699.193
696
703.629
703
711
701.954
701.027
680
685.331
648
651.838
653.194
656.419
659.064
609
665
781
741.879
721.795
719.383
727
726.221
717.879
709.639
704.201
699.233
693.208
687.896
683.823
681.791
851
774.137
748.314
741.62
734.654
781
764.886
750.842
742.703
739.715
737.904
742
735.595
719
715.712
703
703
703
704.042
705.092
695
695
696.59
697.849
698.795
699.638
700.009
700.728
701.301
702.101
703
695
697.63
698.301
699.706
702.264
704.784
708.432
735
737.427
735.602
731.334
727.528
724.148
719.674
640
703
695.049
687
703
735
727.228
723.741
724.156
672
690.94
692.372
691.035
692.491
742
727
727
742
732.893
723.529
695
701.628
640
656.62
633
633
634.096
636.015
664
664
669.26
673.438
676.208
678.628
664
664
665.563
688
750
744.98
742
731.524
750
751.653
797
789.949
727
724.995
731.185
711
710.96
727
723.126
719.087
715.673
714.825
715.108
713.825
710.9
707.851
705.712
656
680.547
703
727
711
713.354
718.088
720.121
716.601
716.631
718.404
718.63
715.297
625
676.605
625
636.516
638.257
636.535
711
711
711.268
713.423
714.127
713.716
711.615
709.033
706.099
718
696
687
689.247
686.817
685.797
685.491
686.321
687.152
687.933
688.709
689.078
625
683.671
668.863
672
671.646
671.886
672.598
672.88
673.346
675.079
675.79
677.213
678.536
679.917
609
636.572
638.372
635.791
633
637.851
640.203
642.302
644.963
647.527
650.346
652.984
655.639
658.019
571
602.092
579
584.181
594
595.588
599.719
603.593
594
601.377
586
593.207
595.146
578
578
581.887
578
581.584
583.911
586.451
633
626.918
624.693
624.119
625.54
633
625
624.927
609
611.833
608.251
594
594
592.239
601
599.96
600.436
601.321
600.837
599.664
625
620.386
617.374
614.022
612.076
610.533
601
600.723
599.857
599.642
600.681
711
640.573
636.396
727
703
664.157
657.554
655.931
652.073
711
727
734
727
757
752.689
742
711
687
686.647
684.606
711
704.628
781
762.31
751.567
745.279
737.382
727.906
718.068
680
664
662.321
663.923
640
649
651.428
641
617
625
623.755
624.706
627.527
672
686.008
692.64
703
706.936
707.597
727
725.488
719
718.701
717.879
714.93
711.789
708.896
705.851
609
660.264
654.412
664
666.714
669.541
679
678.788
679.499
711
727
721.368
716.933
712.417
707.255
726
703
706.194
703
711
718
735
730.883
735
750
746.138
742.968
711
695
703
711
712.574
680
685.113
679
672
664
665.573
648
651.627
656
657.866
656
656
680
695
700.139
711
713.717
695
695.196
696.674
640
651.923
641
625
628.346
633
635.413
639.493
644.353
647.763
650.414
652.906
655.044
656.789
735
716.509
750
737.585
726
721.006
718
712.353
782
767.649
836
814.226
774
774.203
710
713.367
664
666.07
665.324
617
711
750
688
687
692.678
687
680
680.965
672
672.873
672.658
672.689
617
594
601
600.216
703
742
738.318
735.293
732.036
722.59
711.793
701.799
758
742
728.64
723.565
721.01
715.651
657
656
656.477
657.641
625
627.33
625
625
625.351
625.956
609
610.173
601
601.195
600.468
601
602
603.393
605.219
578
586
601
604.278
609.587
616.588
623.553
602
610.281
612.39
614.698
613.733
615.342
601
586
589.263
590.413
618
620.77
617.291
656
651.943
640.747
634.67
628.299
672
661.46
672
696
664
664
640
640.559
617
617.088
615.504
593
597.745
598.77
599.447
601.671
603.355
604.476
605.158
605.789
605.931
606.149
606.911
606.722
607.978
609.208
641
641.352
644.302
586
596.897
578
581.847
583.139
586.345
589.373
592.076
594.92
597.88
600.68
603.287
605.252
606.988
608.211
608.86
586
591.348
563
570
570.772
573.629
577.326
601
578
547
554.365
556.395
563
566.835
570.404
547
524
529.327
531.377
609
614.877
609
602.52
595.927
586.057
586
594
588.97
571
565.348
566.425
539
540.842
531
539
542.982
524
526.97
528.694
530.576
531.58
532.148
533.648
578
583.401
617
612.321
602
597.222
597.425
594.81
591.237
562
562.012
562.861
562
570
579
579.345
593
592.762
590.826
594
593
602
598.922
593
590.458
594
590.642
588.163
570
571
570
570.786
572.941
539
554
552.79
563
562.501
547
547
549.406
549.541
549.324
539
540
523
528.613
539
532
523
527.411
529.926
516
522.082
515
518.362
520.098
521.573
523.556
525.542
527.661
529.627
500
512.035
485
489.797
490.529
492.314
495.032
477
484
486.184
469
477.455
479.352
480.287
483.328
485.901
489.011
500
485
492.143
494.164
468
479.285
479.21
477.772
480.627
485
461
460
463.309
462.536
464.453
461
463.128
464.519
469
468.296
470.088
470.584
471.212
476
475.179
476
469
461
464.072
468
467.523
468.098
468
469.916
470.449
469.595
467.523
467.451
468.258
445
468.88
461
460.803
469
461
461
463.701
463.27
462.412
463.643
453
463.082
461.045
460.702
460.102
476
461
464.94
465.298
464.848
469
465.785
467.329
466.95
469
468
467.436
467.828
469
467.427
468.437
467.687
468.232
467.693
468.408
467.753
468.494
469
468.149
468.971
461
461
464.121
461.4
464.744
463.634
465.275
469
477
471.754
472.2
472.703
484
477
475.839
476.223
476.11
475.825
475.093
461
468.387
476
472.97
476
474.578
474.568
476
493
486.904
484.131
469
472.122
473.094
469
470.204
477
475.29
477
476
475.45
477
475.936
474.639
475.392
474.716
461
470.64
469
476
472.8
469
469
476
469
471.375
472.289
468
461
469.393
469.927
465.914
469.429
471.997
469
469
461
469
484
475.241
472.275
485
480.705
473.822
476.638
479.121
470.502
472.438
479.017
472.578
477
476
469.676
469
475.31
469
469.86
476.572
472.121
469.82
478.169
469
461
476
469
467.321
477.374
472.66
476
479.796
469.08
477
484
468.066
479.9
476.24
467.216
482.996
484
469.385
481.931
469
471.556
476.435
469
472.273
484
469.398
492
478.81
476.611
482.085
493
475.572
500
489.252
492
500
500
492.455
494.969
524
513.451
509.603
508.611
524
518.57
515.851
514.742
500
515
516
510.971
509.674
508
508.866
507.87
505.665
516
508
500
503.144
503.936
502.608
501.363
502.448
503.508
508
505.668
500
492
492
500
501.935
493
497.653
484
488.834
489.421
485
500
499.914
500.495
500.669
485
491.211
508
484
490.948
493.755
508
499.742
523
515.358
531
525.581
523.33
508
500
501.279
500
507
508
507.308
507.52
507.194
506.69
506.235
505.448
505.184
504.93
539
528.325
525.85
524
523
508
508.844
507.405
508
500
502.456
523
523.065
515
508
507.691
523
524
517.464
513.072
513.178
514.804
513.592
500
501.928
500
502.13
500
500
501.783
476
477
477.964
485
487.74
487.673
461
461
469
484
461
467.028
470.645
474.568
469
471.38
469
472.11
471.003
471.847
473.854
475.689
469
471.97
473.588
453
459.453
461.474
469
466.409
468.465
454
459.901
461.694
484
477.596
475.624
476.68
477
471.924
472.684
473.411
476
471.823
472.604
473.894
471.56
484
480.095
478.387
477.903
500
484
483.461
484.053
482.583
480.43
479.973
479.742
484
481.215
479.803
479.681
480.821
500
507
496.247
494.314
493.899
500
498.522
496.433
494.576
476
483.384
469
472.512
472.146
473.138
474.134
474.832
461
465.902
453
461
459.631
460.22
461.228
461.619
462.417
461
461
461.079
476
474.869
476.015
477.511
478.113
479.179
480.102
480.691
480.448
480.631
469
472.042
476
469
469
469.728
469
461
463.984
469
468.94
468.653
468.429
477
476.498
461
485
468
469.594
471.158
469.348
466.916
470.299
470.374
468
469
471.514
469
469
476
471.372
467.405
472.574
472.039
464.782
469
476
465.271
470.947
476
465.523
473.662
469.239
471.387
470.506
470.241
485
459.145
479.321
465.85
473.323
469.283
485
463.285
477.505
484
467.437
492
484
492
483.277
483.808
476
480.696
479.901
477.967
492
493
489.1
488.468
488.733
488.885
488.038
487.505
487.084
486.741
486.536
486.212
486.049
507
497.553
531
539
533.664
555
552.168
548.107
545.159
542.009
539.005
539
540
539
531
523
547
543.121
547
563
558.749
557.849
555
553.475
550.631
547.513
545.031
543.139
541.664
540.651
562
558.372
556.885
555.137
553.548
547
545.094
543.766
542.639
542.456
542.797
539
539.85
539.629
539.683
539.976
540.331
547
547
549.216
547
546.906
546.846
539
541.8
541.395
516
559.36
542.4
542.307
543.382
493
602.375
492
539.15
477
545.623
485
461
484
484
482.42
469
461
469.147
470.229
468
469.735
471.268
472.323
453
463.726
454
459.277
459.263
437
450.748
449.639
450.3
451.561
445
449.849
451.508
451.916
452.55
452.419
430
430
431.657
433.319
429
430
430
432.444
432.858
434.963
430
434.034
434.786
438
438.242
430
433.53
434.756
434.328
433.709
430
432.958
434.142
433.287
432.081
445
443.264
438.481
435.621
437.915
438
431.902
453
438
435.627
437.857
445
434.114
453
442.621
436.802
453
443.212
453
446.358
445.366
453
454
446.589
461
454.395
451.892
453
452.03
453
453
461
461
459.085
458.71
459.094
461
459.149
458.752
458.6
458.36
457.995
461
469
465.885
469
467.174
466.667
468
466.918
465.918
461
461.667
461.323
477
472.834
470.586
469.585
485
484
500
492
487.157
486.627
485
484
485
500
484
485.742
492
491.367
489.764
487.963
487.898
531
555
538.921
528.633
521.954
518.397
539
523
518.656
515.03
512.878
512.649
509.866
516
515
511.847
509.403
508.336
508
506.629
508
506.336
505.148
504.798
539
532.72
529.475
526.653
539
538.814
536.983
534.373
533.28
534.11
547
539
539
536.99
539
539.921
539.137
524
525.658
508
511.629
492
495.384
494.71
508
516
519.25
521.959
547
547
546.086
545.693
547
543.065
538.688
535.341
531.409
528.221
516
516.12
514.613
515.227
517.181
518.341
508
511.575
523
523.939
523
523
522.677
508
507
506.441
508
508
509.626
511.287
516
518.598
516
518.415
519.935
520.042
517.866
523
516
515.649
515
514.848
523
508
524
517.984
517.399
523
516
518.367
539
525.973
555
539
537.041
536.563
535.314
533.736
523
526.526
524.895
563
549.936
562
558.876
558.006
578
578
574.119
578
578
576.602
575.398
570
555
557.636
540
523
524.998
539
515
525.472
526.372
527.134
529.987
547
547
549.04
547
555
539
543.827
542.783
531
547
531
536.042
535.481
534.142
531
516
522.183
521.782
524
523.995
500
516
513.048
512.651
500
505.862
500
516
500
492
500
498.406
508
515
514.823
508
492
498.973
500.623
508
505.217
493
468
476.827
484
487.806
486.497
461
476
478.792
485
476
473.434
461
468.221
469
472.008
469
463.822
453
460.449
465.393
469.43
463.099
454
445
461
467.264
469.332
460.831
453
445
457.552
469
468.116
459.46
445
447.774
456.581
453
455.923
454
453
453.752
460.644
464.301
458.343
448.163
449.818
454
453
454.514
449.17
477
453
450.461
461
445
449.849
477
459.55
477
469.508
465.653
463.483
462.933
461
458.374
461
458.801
456.17
453
454.256
469
461.086
461
460.395
459.655
461
459.13
458.682
477
464.463
464.482
464.354
453
468
461
461.369
462.06
461.885
461.728
462.241
461.966
461.75
461.656
461.557
461.395
461.195
461.057
460.916
469
456.465
461
460.688
484
431.696
500.792
452.821
459.316
493
468.071
467.349
468.792
467.915
516
480.352
478.758
478.58
523
498.817
493.788
492.205
554
532
519.187
515.911
578
578
555.507
555
546
540
537.093
532.745
529.234
525.908
522.26
519.154
517.764
563
562
552.121
544.916
571
593
579.113
562
556.589
562
562.778
539
547
550.787
552.43
545.547
541.776
546.445
539
536.883
534.551
536.518
531
532
523
525.992
527.391
527.484
500
514.628
513.189
492
492
493.919
495.672
508
484
496.489
485
489.13
485
487.542
488.476
489.973
469
479.554
478.111
477.272
453
453
469
465.917
453
453
445
453
438
453
445
448.502
450.264
438
444.386
445
444.786
437
440.988
442.819
437
440.287
441.963
442.474
442.933
444.398
438
442.306
441.958
422
437.999
433.792
430
433.093
437
438
429
441.308
461
450.876
445
449.416
445
453
446.914
453
453
461
446
476
465.273
461
461.029
460.743
458.892
457.022
456.797
455.889
476
468.455
466.185
465.546
465.563
464.935
463.7
462.583
484
476.101
474
472.855
477
475.895
477
475.125
473.742
473.419
472.544
471.131
468
469
468.703
453
531
406
481.311
471.758
469.797
461
465.168
466.386
445
462.384
460.939
458.294
453
456.5
457.955
456.929
469
464.616
466.055
467.272
461
468
465.721
465.66
465.691
465.792
461
469
464.669
461
462.533
485
484
492
487.458
516
523
519.263
514.955
513.711
513
532
525.582
521.213
518.438
518.979
531
528.703
525.032
521.777
521.269
522.163
515
514.121
508
507
500
508
505.028
504.739
507
507.051
507.756
500
502.968
502.803
503.313
503.183
503.781
504.548
505.166
506.264
484
492
491.266
490.883
484
469
478.922
477.862
477.368
480.032
469
476
477
475.7
477.813
477
468
474.221
484
480.537
481.16
469
476.305
477.088
475.847
469
471.324
473.946
474.607
471.682
471.941
475.771
476.44
461
477
469.988
471.869
453
469
468.32
463.707
461.689
464.912
468.145
464.917
492
482.533
478.068
480.032
482.294
484
477.122
478.61
485
484
479.061
477
480.594
508
497.734
500
495.52
494.116
531
532
522.418
523
532
529.978
526.476
508
509.124
508
506.362
502.868
484
487.796
484
493
492.034
490.828
491.597
485
492
484
485.756
484.569
484.968
485.063
485
485.098
485.201
476
493
491.751
493.109
494.089
495.04
476
486.71
486.292
486.03
485.758
469
489.073
469
480.759
479.574
453
473.055
476
461
469
468.331
477
484
469
476
477.312
476.668
475.834
477.349
477.951
477.674
492
484.456
483.386
484.7
484.152
493
492
489.851
490.331
489.579
500
495.466
485
489.097
500
496.532
494.375
492
485
487.158
487.81
487.561
476
481.692
469
473.137
472.993
477
460
438
442.319
443.602
461
461
453
458.684
437
442.615
443.707
446.048
445
447.787
450.123
452.808
455.435
454
456.835
458.722
458.767
457.439
430
436.357
438.015
440.64
438
437
440.329
442.291
445
442.813
437
438
439.936
441.083
439.061
440.093
437
438
445
445
440.702
439.988
442.836
446.124
438
439.083
441.005
438
437.595
437
439.737
442.941
438
437.801
442.666
437
438.835
441.48
440.014
445
438.193
438
437
440.599
437
437
439.483
440.008
437.645
439.782
445
446
461
449.594
445
453
461
445
447.299
453
453
449.626
461
461
455.662
454.364
456.69
456.176
451.179
451.478
492
492
468.317
484
481.993
493
478.059
484
484.765
477.255
471.374
484
482.513
468
470.203
476
472.796
477
492
486.654
480.667
492
491.988
492
484.335
500
497.94
487.229
487.076
493.005
488.596
481.663
508
516
499.62
507
508.893
498.831
516
512.783
501.269
523
516.624
505.486
510.45
511.928
500.087
531
523.028
512.716
517.313
516
504.531
500
504.946
485
491.976
500
494.643
496.189
508
502.083
492
503.503
505.673
496.248
484
500
485
486.079
492.406
485
476
484.88
486.086
485
486.947
490.587
461
468
461
453
453
455.379
461
460.203
438
453
453
452.341
461
445
438
453
445
447.307
449.357
437
443.448
445.176
445
445.373
446.079
448.047
448.466
445
447.592
446
449.266
430
430
429
430.577
422
429
428.727
430
430.785
438
438.032
414
425.179
430
438
432.297
435.909
430
431.773
429
430.217
429.75
429.938
431.049
422
427.553
430
421
438
428.838
421
438
424.59
422
428.497
424.637
429
430
437
429.948
432.755
430
431.85
431.177
438
429
433.925
431.42
438
430.808
445
434.736
435.805
445
461
451.257
461
458
453
461
457.784
456.296
461
458.594
457.977
457.785
457.559
457.446
457.191
454
455.303
455.162
453
453.796
453.686
445
449.899
447.845
453
445
446
461
461
456.993
485
467.115
466.973
500
484
492
489.188
493
492
489.317
488.879
487.119
469
474.159
471.094
469
469.184
477
474.105
475.019
474.433
475.158
474.311
473.873
485
482
476
500
492.519
491.018
491.108
489.802
489.354
489.16
492
493
491.428
491.253
491.567
515
508.146
506.1
504.104
503.762
504.521
504.198
502.408
523
524
531
516
516.304
517.62
524
522.499
524
515
514.039
514.801
516
516
514.352
511.958
511.309
511.844
511.816
511.637
511.355
510.971
508
508
500
500
499.66
499.737
500.265
500.726
524
524.785
508
516
515.974
507
510.688
511.502
493
507
485
492
493.155
491.384
484
489.508
484
492
491.919
493.178
494.368
495.233
485
492
490.815
477
476
477
476.064
508
500.914
501.297
500
500.03
499.471
498.762
562
531.891
521.626
546
538.887
533.859
516
539
532.489
523
516
518.63
519.379
508
531
525.166
524
531
527.839
527.194
526.251
524.871
524.065
532
527.732
525.689
532
529.292
526.797
528.049
528.943
525.782
527.213
532
500
537.046
523.142
507
532
521.326
521.064
521.957
531
523.136
525.505
527.247
523
492
516
514.855
511.043
512.642
515.869
513.043
492
506.508
506.02
516
508.415
513.122
514.952
492
492
500
500
484
477
484.327
486.195
481.763
493
498.633
496.454
492.687
484
477
478.562
696
579.612
544.485
538.911
531.973
492
495.478
477
478.086
479.051
477
479.479
481.375
483.087
469
468
470.003
477
477.096
478.36
480.24
482.138
483.934
485.572
523
518.377
516
508
508.257
509.515
511.202
509.754
492
484
485
486.18
487.436
507
493
492
492
492
500
508
492
489.281
493
496.033
484
484.292
484
485.573
486.917
476
469
484
487.43
486.855
481.464
480.013
484.733
490.507
492
484.356
480.931
477
483.514
487.049
484.299
477.458
476.222
476
483.759
485.853
477
461
468
469
476.013
475.315
467.685
466.262
472.061
481.764
483.902
476.477
469.891
472.195
482.158
469
469
468.355
471.372
476.184
476.876
468
461
469
474.533
469
464.78
462.046
469
475.796
445
461
476
471.568
469
465.863
471.58
461
477
470.888
461
467.638
453
461
463.239
461.607
458.938
462.261
453
477
466.546
463.879
465.5
461
463.258
461
453
469
459.812
461.228
469
469
465.191
467.73
466.96
464.221
500
475.872
474.686
475.122
492
500
492
490.231
490.653
490.435
489.249
487.452
492
493
492
492
492
492
493
492.099
491.244
490.598
490.181
531
531
517.618
514.638
547
543.367
531
524.955
523
522.641
518.528
516
515
514.7
508
505.214
516
523
522.381
546
544.254
537.327
531.45
527.613
522.842
517.85
523
531
524
539
531
527.423
527.433
527.362
531
528.835
527.453
527.52
526.722
525.199
523
516
517.164
524
516
523
523
523.731
524.427
525.37
526.133
500
492
498.456
499.941
501.407
504.401
507.019
508.764
492
501.365
499.911
461
486.149
461
468
446
455.183
456.459
453
445
450.379
430
438.112
453
447.847
451.986
454.722
457.553
460.138
462.596
464.862
429
446
443.714
442.55
444.778
446.037
447.867
448.198
430
438
439.566
429
430
430
431.757
430.544
433.083
434.324
421
428.166
427.243
425.99
427.828
414
423.053
421.743
420.852
422.363
430
427.961
421
438
437
433.923
435.19
437
433.503
434.08
435.142
429
431.992
445
437.335
436.808
438.165
446
439.252
438
439.849
438
435.708
437.325
437.094
434.691
434.634
438
453
461
453
450.102
461
453
469
463.429
461
476
472.676
469
469
469.816
468.447
465.787
464.437
464.244
476
453
469
453
455.788
461
458.805
445
451.088
451.361
451.177
451.015
451.845
452.536
452.652
477
484
479.623
478.133
477.653
477
476.651
477
475.1
474.538
474.22
477
475.633
475.1
474.847
474.696
474.43
477
484
492
493
500
500
484
500
497.784
495.896
493.898
492.235
484
485
484.613
484.792
485
484.668
484
484.678
524
562
525.366
519.269
515.284
593
579.042
561.948
547
539.274
547
549.63
547
538.649
534.12
547
539
531
527.055
531
533.723
533.389
529.557
526.12
527.402
529.245
528.32
523
521.615
523.248
516
523
508
516
523
525.793
525.752
522.838
525.4
528.523
492
516.909
513.351
513.12
512.81
514.406
492
506.863
505.574
504.336
503.894
505.784
506.237
506.749
508.05
508.111
509.48
509.061
510.524
510.011
511.312
524
531
523
524
523
523.955
515
508
500
500.249
500.451
500
502.001
503.181
504.65
506.491
508
492
498.239
497.798
498.635
492
477
484
485
486.65
492
485
476
477
478.635
480.542
482.885
469
474.216
477
476
485
484.419
484.495
486.063
477
480.242
482.005
483.522
481.292
477.289
469
473.14
484
483.469
476
473.132
477.602
483.255
485
471.619
475.162
480.509
483.175
476
477
484
485.999
473.57
484
488.226
469
474.155
481.671
483.501
477
479.471
490.376
483.699
470.245
477
461
464.368
467.433
469.522
466.772
469
474.376
461
466.088
470.532
467.559
454
468
446
476
469
467.721
469.292
469.521
466.822
468.96
468
467.361
477
471.167
470.632
523
500
489.233
507
501.434
492
485
492
488.436
485.905
484
484.538
483.686
476
492
485.839
476
479.34
481.969
479.896
478.309
469
484
481.855
479.428
476
479.154
485
461
476.503
475.645
473.346
471.874
474.771
476.498
472.805
473.505
477.359
438
453
455.918
454.087
453.514
454
457.288
445
446
448.725
447.552
447.035
449.902
449.522
461
445
446
445
437
440.302
437
438.955
438
439.875
438
453
445
446.84
437
442.099
442.1
453
437
438
453
445.457
430
437
438.119
437
438.337
453
447.588
445.067
438
437
439.305
437.983
437.266
438
439.293
437.466
438.484
439.93
446
437.792
445
444.618
437.028
446
443.455
445
439.474
444.328
437
439.793
446
438.217
441.511
441.662
454
444.052
445.395
446.199
453
453
461
455.436
461
454
455.65
454
453.713
452.986
453
469
461.289
460.357
460.197
468
466.031
464.998
464.565
464.427
464.265
493
476
474.417
485
492
487.673
485.794
486.374
487.183
500
500
500
497.581
497.262
498.778
500
498.714
497.507
496.523
496.174
495.51
524
515.907
512.282
509.865
509.465
510.406
523
508
516
513.632
513.073
523
524
521.503
524
539
535.341
531
529.709
530.902
530.863
528.875
523
532
500
515
508
508.474
492
508
505.386
505.104
516
500
515
516
515.432
532
526.964
526.667
527.984
528.221
527.896
528.085
528.141
515
492
499.656
499.666
500.142
492
484
486.296
485.922
486.808
488.417
488.97
489.744
453
473.254
453
453
454.383
453
453
454.864
456.426
438
446.736
446
447.42
438
442.466
443.941
430
422
426.88
437
433.383
436.489
438.597
440.828
442.884
437
422
429.242
422
406
410.817
422
425.008
415
422.332
427.733
415
421
422
416.86
418.627
424.09
406
411.015
414.69
411.302
413.338
422
417.215
406
414.394
416.486
409.966
414.377
420.083
414
430
424.593
413.069
414
418.138
422
410.496
423.885
421.981
422
438
428.493
430
430.411
446
429
446
437
434.987
435.015
433.953
431.614
431.589
453
437
437.982
446
442.359
441
441.016
440.9
440.504
445
442.461
453
448.009
453
453
461
453
453
453.564
453
452.63
452.49
452.505
452.466
461
454
460
458.386
458.115
458.049
458.057
458.106
458.162
476
461
477
476
474.263
476
475.315
484
477
477.902
477
476
475.892
485
482.296
481.807
481.959
492
489.467
488.512
488.628
488.683
508
501.503
539
528.3
525.316
524.138
522.779
523
523
519.917
531
539
547
563
546
563
562.106
578
578
571.859
570.147
570.71
569.028
554
555.41
552.431
549.492
547.685
539
531
531.144
531
532
533.427
534.534
535.607
531
533.103
531
539
539.979
523
530.041
528.576
530.1
531.268
508
525.078
522.109
508
516
500
507.622
506.578
507
508.648
509.644
511.211
512.615
523
521.906
523.424
524.843
526.072
523
525.15
524.556
523.934
515
519.296
516
515.856
516.056
515.833
515
515.797
523
524
523.841
523
524
524.057
522.753
521.491
520.366
519.103
508
512.805
500
516
512.121
516
500
492
515
509.614
500
505.52
508
508
523
519.593
520.246
521.226
520.785
520.368
492
506.178
503.671
492
500.823
499.977
498.241
500.259
492
497.35
497.386
496.888
498.099
492
492
493.388
493.023
485
476
480.249
479.712
484
482.817
468
469
470.901
469.929
471.752
472.026
468
469
470.594
470.51
471.192
472.189
473.864
475.663
477.857
485
476
478.747
479.974
484
483.217
479.456
468
472.265
492
488.23
482.674
479.16
478.71
480.188
481.377
500
489.948
481.082
500
497.537
484
480.249
492
500
487.765
500
496.239
492.085
516
507.862
498.45
524
517.448
507.906
508.034
510.347
503.538
516
500
500
501.438
498.935
495.76
485
492
492.308
490.477
500
492
492
493.846
508
501.424
500.882
500
500.549
499.692
499.39
492
495.247
495.14
492
493.611
477
490.478
487.678
484
485.932
486.85
453
469
453
484
477.194
453
466.678
465.594
476
469
473.194
473.955
474.615
475.143
476.066
469
473.551
472.641
492
484.443
461
453
461
461
485
479.267
453
459.626
453
455.963
476
474.611
470.838
468.874
445
452.33
454.23
456.5
461
458.465
453.855
452.463
477
453
455.984
457.42
461
458.695
469
445
461
458.446
458.341
457.39
457.991
458.81
458.315
469
476
471.481
469
467.51
460
463.548
461
460.985
445
452.985
451.817
451.528
451.608
452.419
453.099
453.44
454.139
454.318
454.884
454.756
515
461.752
463.664
532
475.767
524
473.482
508
481.832
500
500
508
498.32
497.666
508
492
500
494.983
492
500
508
501.349
500
500.244
499.344
516
502.774
502.009
501.763
531
515.996
532
531
528.974
531
528.9
547
540.164
537.724
536.979
537.175
554
548.588
545.739
571
562
559.274
558.477
557.081
556.279
553.981
552.513
551.274
571
578
562
563.314
564.272
564.135
563.047
586
580.12
577.566
575.833
574.975
573.241
601
578
578.82
579.19
578
576.327
578
570
571.819
571.505
547
561.218
559.12
558.88
559.894
560.687
561.397
562.056
531
539
540.186
537.959
540.385
539
555
552.391
554.836
547
539
532
534.138
539
538.698
541.22
543.184
545.014
531
516
519.555
508
523
527.848
508
514.923
492
494.836
495.6
497.421
499.722
501.931
477
486.865
469
485
483.691
486.553
485
488.497
490.567
492.719
494.785
496.818
469
445
451.352
430
435.725
430
438
439.873
443.479
422
430
431.563
432.353
429
438
439.973
422
430
429.089
422
426.342
428.02
430.129
432.345
414
422
423.777
422.713
429
407
418.826
420.689
419.041
420.723
430
426.607
426.847
428.99
430
422
429.377
430
426.077
429
429.058
424.235
429.48
446
453
445
442.033
445
442.407
461
453.796
453
461
457.448
454.861
461
458.925
457.215
453
453.451
461
445
447.881
447.921
453
449.312
453
454
453.477
453
469
463.85
477
470.89
469.048
469.182
468
465.424
476
469
468.754
469.465
468.025
467.781
477
477
475.505
475.106
475.217
475.161
484
477
477.939
477
476.906
476.644
477
476.053
515
482.54
539
495.5
494.143
494.296
524
508.203
504.471
516
512.471
510.236
509.648
516
512.384
508
509.351
515
511.78
510.203
516
523
519.468
517.935
518.906
518.346
517.708
531
547
538.483
535.096
533.937
534
532.013
528.702
523
522.725
522.439
521.829
515
516
523
524.877
525.408
523.119
522.287
523.308
523.737
522.438
492
511.816
492
492
492
492
492.379
484
489.447
488.001
492
490.555
477
484.647
485
483.724
485.562
485.566
487.329
487.472
489.306
489.635
491.401
493
493.082
494.808
485
490.892
484
508
500
497.407
497.156
493
494.903
494.418
492.744
484
489.355
487.354
487.061
487.659
487.34
484
493
468
491.641
485
484.734
484.528
485.488
485.288
486.154
477
477
492
482.816
483.897
484.613
484.67
492
488.323
489.338
516
500.374
499.042
499.128
498.984
498.497
498.069
477
489.236
486.281
485.99
486.796
486.576
487.434
485
486.804
469
476
477
475.991
477.103
477.869
477
478.485
469
474.584
473.143
469
477
460
470.798
468.177
468.282
469.26
469.91
470.019
453
466.668
461.895
462.504
468
465.375
467.033
484
475.694
469
469
453
464.528
462.269
461
469
465.221
466.432
476
470.895
461
468.079
484
474.853
472.685
473.751
473.235
470.566
469
461
453
455.424
456.513
461
462.433
453
457.648
458.465
458.704
457.736
461
453
455.315
445
438
438.787
469
470.046
453
430
432.86
438
461
465.485
462.392
445
447.421
452.353
457.119
445
445.885
437
446
448.655
453
445.251
440.347
438
444.06
430
445
430
432.213
435.086
429
432.351
433.527
437
435.788
434.978
435.381
436.892
438
429
433.491
430
429
430
429.754
430.504
430.304
431.125
422
431.902
427.952
428.55
437
438
445
430
445
461
448.219
453
451.381
453
450.94
450.129
449.873
449.343
448.761
446
446.926
446.641
446.338
446.103
446.2
446.11
446.408
445
445.909
446
445.677
437
445.889
441.355
442.279
442.338
461
448.663
450.144
461
454.266
461
457.87
457.213
461
476
468.924
467.336
467.065
467.658
467.512
467.148
466.943
453
457.209
446
447.653
447.388
447.231
448.122
448.584
445
454
452.33
453.3
453
453
453.749
453.698
453
453.672
453.617
454.168
454.524
468
465.904
465.625
465.227
465.049
465.282
465.31
465.026
492
484
480.788
492
490.24
484
492
489.919
488.095
487.333
492
491.517
490.792
490.274
500
498.801
508
505.678
492
494.446
494.688
493.375
492.113
491.527
491.454
491.314
490.743
515
503.768
516
507
508
516
511.95
510.247
509.758
509.674
509.114
547
530.505
571
556.477
552.78
551.022
546.898
547
543.54
539
538.158
536.141
532
532.394
547
593
585.082
580.62
594
602
594
590.277
586.294
554
563
539
538.447
535.678
539
532
535.096
535.761
537.059
538.239
539.259
540.191
540.897
541.275
546
545.735
546.439
531
535.795
534.312
534.476
515
524
522.534
515
520.474
492
522.775
492
502.612
508
492
477
485.925
484.797
484.225
486.484
500
497.825
500.588
502.595
503.476
505.505
506.025
506.993
469
488.676
485.053
483.719
485.509
486.409
486.663
445
466.234
463.736
460.998
463.088
437
449.831
430
422
425.308
424.15
425.658
427.491
429.216
430.971
432.82
407
414
429
425.671
429
431.208
414
422.707
424.387
414
418.996
420.911
406
414.29
414.096
414
415.84
422
422
419.796
422.951
430
423.575
424.504
428.041
414
430
424.349
420.455
429
430
430
426.155
430
427.798
424.207
426.717
461
453
441.92
441.555
442.26
477
461.315
493
480.845
477
474.729
492
492
485.963
483.26
492
489.806
486.989
484.349
500
496.522
515
507.94
492
493
495.597
493.931
490.632
477
479.764
478.902
477.654
476.981
476.366
477.403
478.959
479.2
485
486.428
487.119
484
484.744
492
485
485.92
486.469
485.885
500
485
487.389
508
503.992
500.352
498.965
515
511.107
507.003
523
519.098
523
518.304
517.312
517.587
500
503.889
508
504.294
503.014
523
517.824
547
539.081
578
566.298
578
570.535
565.413
563.25
578
571.091
567.632
547
563
546
548.883
578
566.688
578
572.687
617
609
603.544
602
599.922
610
594
595.415
592.104
601
594
591.9
609
602.875
609
605.118
605.004
604.528
617
610.809
608.234
608.446
607.306
606.165
586
586
585.99
570
574.957
575.471
554
539
541.769
540.836
542.92
545.82
547
550.306
552.238
554.561
570
570
575.414
579.893
578
581.163
586
578
586
584.158
583.007
578
577.723
576.563
575.07
573.979
572.996
572.5
572.449
572.596
570
570.994
633
588.779
672
613.68
607.919
605.138
602.303
599.082
596.099
593.495
602
578
582.713
582.201
580.536
570
573.685
573.519
562
566.999
554
559.508
558.427
558.841
555
531
549.338
544.464
544.955
545.959
547.441
539
546.266
539
543.357
543.15
540
539
541.563
540.541
542.65
563
515
539
537.428
537.009
538.157
532
537.216
536.747
531
547
539.951
538.827
562
545.268
546.878
547
545.889
539
545.185
539
524
534.857
534.129
508
523.192
531
525.319
527.051
586
560.508
555.154
610
586.243
617
602.385
593
593.641
587.237
580.797
582.728
577.841
573.69
574.543
531
548.05
545.796
516
492
500
500
500
505.386
500
503.902
523
520.719
532
531
523
528.495
531
532.055
533.908
532
515
521.993
520.876
520.662
524
523.327
525.592
525.829
526.133
525.053
524.942
524.403
547
539.699
555
547.634
544.211
547
543.796
541.203
524
528.943
527.769
527.524
528.514
529.107
529.848
530.135
530.768
531.172
530.902
531.484
523
524
523.489
523.034
516
519.546
519.341
519.338
520.478
492
543.071
516
518.664
508
517.667
516.764
515.886
516.259
516.639
532
524.5
523.654
531
555
524
526.015
527.801
527.28
531
516
508
515
508
508
509.671
509.493
516
513.601
469
501.014
492
516
508.729
507.236
508.73
547
539
534.322
539
537.836
536.277
533.688
532.446
523
524.961
522.301
515
516
514.569
508
516
512.019
512.92
513.537
516
514.912
524
523
522.622
516
517.881
517.834
517.17
517.08
539
535.167
534.211
533.901
555
551.276
547.973
547
547.196
562
547
548.156
548.967
594
583.57
574.715
569.545
568.859
570.076
554
563
560.402
557.732
555
553.456
553.012
578
570.606
567.072
570
570
571
568.033
565.734
565.287
564.916
539
550.643
550.252
547
548.052
549.155
550.063
550.864
571
567.9
562
563.92
565.132
563
561.112
563
554
556.099
578
572.996
570.435
570.243
568.921
565.374
664
648
604.625
599.837
595.929
590.35
585
581.448
609
603.75
648
629.806
620.269
614.987
640
635.312
602
601.87
602
603.077
610
594
593.02
595.138
594
617
625
619.311
611.435
607.77
609.396
611.928
618
612.635
606.942
609
610
617
614.613
609.168
605.223
607.425
664
649
632.926
633
648
647.796
656
643.426
634.859
635.578
639.745
679
664.501
650.768
644.536
644.215
647.697
650.057
645.199
638.213
664
662.242
659.575
648.937
696
671
663.879
672
703
679
670.259
641
664
633
648
646.876
625
633
649
648
642.411
643.057
649.201
665
657.7
664
662.563
688
711
701.892
695.194
758
750
735.541
727.819
726.733
722.655
719
714.412
712.336
710.75
708.654
706.067
766
749.645
739.47
758
742
736.983
735
729.723
724.814
721.152
742
735.867
730.278
734
743
737.565
742
740.297
734
732.858
732.453
730.141
728.8
728.25
727.995
727.978
728.096
728.549
728.724
729.353
797
722.605
725.712
725.251
725.489
726.758
728.131
750
758
774
759.02
766
766
734
742
727
726.066
724.575
723.349
724.845
789
762.738
758.458
756.396
753.051
749.891
781
781
771.101
765.402
764.888
773
766
797
789.067
797
789
784.957
783.592
780.271
773
770.321
767.571
765.483
763.834
789
783.963
750
742
742
719
724.706
725.108
797
788.253
727
739.59
741.376
744.959
747.575
749.137
679
680
656
657.649
640
641
633
634.941
633
634.238
635.441
636.841
638.61
641.14
828
836
808.939
820
813
765
753.928
727
719.275
716.204
712.494
711
710.534
750
765
760.663
750.194
804
758
774
757
743
738.376
743
742
737.961
735
750
745.059
746.488
766
765.108
761.84
750
749.21
747.372
743.548
735
735.382
765
759.617
754.149
751.983
774
770.436
763.994
761.51
764.648
764.331
757.129
774
771.59
764.105
761.064
763.729
774
765.186
761.468
750
752.895
734
737.757
738.628
740.35
740.123
741.826
743.956
758
758
757
758.14
759.995
760.124
757.792
756.81
757.049
758
766
764.702
762.559
761.53
761.891
726
727
735.043
703
719.886
720.942
719.546
723.402
723.539
726.097
726.103
728.286
727.728
729.863
757
751.289
751.365
727
711
742
737.237
735.507
757
753.529
750.704
782
775.836
765
763.301
727
733.187
711
713.102
734
733.451
735
736.131
737.886
738.372
736.873
734.688
733.191
731.82
730.542
711
716.316
719
717.798
719.824
727
727.287
728.78
729.902
805
781
766
765.009
742
703
707.984
709.374
714.221
720.491
725.006
726
742
743
734
732.932
719
726
695
701.231
664
669.117
669.753
672.145
742
747.577
745.14
739.977
719
734
730.711
727.478
789
789
813
798.617
789.696
782
772.991
766.619
703
711.834
719
722.599
727.088
773
781
789
778.605
805
797.968
785.195
782
772.221
761.165
753.44
746
782
779.142
773.618
770.892
770.283
765
761.465
750
750.804
748.657
757
758
781
790
789.24
784.733
780.469
774
768.969
766.351
764.942
764.562
696
757.747
773
767.449
812
804.176
799.486
750
735
736.403
719
724.229
726.229
728.307
750
754.441
758.266
759.981
757
758.765
750
751.632
749.653
711
726
721.619
735
773
768.544
768.599
762.107
820
812.838
803.665
796.765
791.399
784.781
750
750.977
747.718
744.521
745.195
797
774
734
739.241
726
703
707.06
709.249
710.891
713.803
773
758
797
796.314
750
756.998
756.659
687
703
707.506
704.59
709.804
721.755
711
715.019
719.392
711
712.697
715.021
711.734
713.11
715.117
715.562
716.843
750
741.753
738.37
738.067
737.338
679
709.086
705.128
703.59
742
758
739.772
740.176
738.353
727.785
726.537
726.608
703
687
689.666
691.481
690.864
694.661
698.198
698.575
664
672
673.334
657
656
658.776
664
656
664
665.792
667.492
641
641
642.481
643.923
646.334
617
641
640.211
642.134
644.232
647.148
727
711
701.152
703
701.609
641
646
601
602
594
595.709
597.898
617
633
641
646.08
672
672
670.689
664
658.323
652.241
647.138
643.403
639.919
672
669.546
668.062
663.785
696
703
703
694.117
688.559
703
711
704.461
695.453
690.82
711
703
695.923
689.64
711
695
693.114
711
708.499
711
703.375
727
722.618
735
726
721.109
722.741
721.984
716.519
695
711
710.974
707.259
702.469
704.788
707.686
705.059
702.137
703.917
705.372
703.56
702.046
703.165
719
714.167
782
734.014
732.638
820
779.706
761.187
750
748.085
747.141
734
731.623
732.131
729.918
773
761.724
781
797
765
750
750.88
749.309
750
758
754.193
751.499
749.53
746.426
743.92
741.652
740.513
750
757
719
751.322
734
735
736.647
737.004
742
741.188
741.841
742.62
727
734
733.359
732.568
726
719
723.244
734
731.013
730.471
731.354
719
734
733.323
726
727
742
737.635
735.029
736.72
737.491
731.6
733.621
736.943
664
664
711.188
672
686.217
693.061
657
648
655.054
654.315
648
654.086
656
658.119
672
649
658.017
660.595
648
653.44
655.852
633
643.568
645.987
648
649
651.675
654.44
656.33
655.317
656.964
633
641.828
664
656.02
664
660.876
659.046
633
645.455
646.697
642.316
609
624.012
617
664
695
685.139
677.924
676.339
672.811
805
755.414
765
741.443
726
727
725.433
717.458
719
713.936
709.293
707.15
704.443
702.149
700.526
699.406
757
766
742
735.671
732.245
726
750
743
735.622
805
788.485
777.364
768.917
767.048
789
765
759.693
757.991
750
747.708
719
722.409
723.713
725.561
726.013
726.794
757
757.497
750.701
747.507
749.289
765
759.997
755.021
766
766.652
761.3
766
773
770.38
765.263
773
772.98
789
780.657
773
774.47
775.088
771.951
750
765
763.701
761.851
758.98
759.081
761.449
760.923
757.146
735
750
751.623
750.642
745.665
734
742.226
744.215
743.196
739.336
741.412
744.88
746.123
742.605
742.721
750
751.749
758
742
746.628
752.218
755.485
727
737.046
741.745
744.543
737.676
734.1
789
759.076
743.735
746.769
756.136
750.702
735.733
750
757.029
748.263
735.004
746.22
711
720.758
726.477
728.3
722.976
728.843
750
746.036
758
765
756.315
749.676
774
781
767.56
726
737.055
741.893
739.716
731.935
757
762.246
749.482
746.474
750
748.337
757
751.653
773
770.47
759.296
742
748.529
750.727
745.798
758
763.414
766
781
775.3
782
776.128
770.222
767.743
773
769.423
766.202
766.228
765.535
763.674
761.671
750
781
789
782.788
780.352
778.606
776.062
719
749.719
664
726.821
679
693.109
694.97
695.003
697.038
698.604
719
713.78
716.42
719.17
789
828
818.504
828
844
841.957
837.893
774
742
742.082
741.681
743.305
744.923
765
767.188
813
828
822.582
813
796
829
827.864
817.628
807.089
801.616
799.478
794.868
789.553
785.066
783.273
750
754.83
755.1
766
770.87
797
804.376
805.038
801.864
758
764.086
726
726.137
742
758
813
828.532
822.738
836
828.07
816.942
789
773
763.809
757.063
754.933
735
750
752.28
789
789
791.039
788.649
797
766
750
757
756.435
758.812
760.919
762.547
765
763.149
773
773.51
774.824
774
789
797
797
804
789
785.646
783.331
742
735
735.971
736.987
739.634
743.269
746.778
750.477
753.93
773
782
784.639
784.907
783.74
781.022
776.284
771.211
750
750.793
773
776.294
777.625
774.965
774
765
762.247
781
782.48
779.223
758
789
788.312
812
789
781
735
742
703
719
720.594
742
746.057
747.013
746.674
750.449
755.336
757.759
742
743
745.201
747.509
747.081
735
737.727
740.069
742.016
726
711
715.805
695
727
703
711
711
713.592
703
706.899
711
712.451
711.095
712.758
789
774.029
812
802.66
797.222
794.397
781
758
755.283
751.579
748.127
743
726
727
725.955
725.798
726.63
727.329
729.01
730.026
731.203
727
703
710.842
709.081
710
710.487
711.047
797
805
812
803.06
796.995
758
719
695
694.206
695.704
664
672.814
674.495
677.758
672
609
626.467
640
649.1
656.85
656
665.233
670.88
672.93
673.901
675.291
676.957
677.652
579
605.122
586
592.281
570
571
577.108
580.956
585.251
641
640
640.573
664
665.541
648
649.181
649.876
578
594
593
590.422
595.022
601.571
601
610
612.579
602
625
648
641
632.723
696
687
668.8
664
657.08
644.955
638.624
648
625
625
628.491
617
593
602.908
602.644
601.445
604.973
609.218
610.813
711
676.94
669.467
669.465
661.663
652.612
672
656
641
633
625
625.037
624.916
617
619.607
664
658.014
812
741.432
867
813.879
788.932
781
768.663
734
719
715.02
709.731
664
669.657
670.266
711
708.417
705.786
706.567
707.743
706.422
704.969
860
792.256
766.964
758.315
734
729.025
765
754.071
734
734.783
739.162
740.041
736.502
732.368
696
695
695
688
689.904
691.045
703
734
736.347
750
748.939
745.07
774
734
732.949
734.329
731.806
728.627
633
633
656.497
667.845
675.445
766
804
778.459
772.863
767.492
753.084
740.153
727
703
693.499
687.904
633
638.641
639.041
640.538
647.057
883
802.784
883
891
853.249
867
857.303
837.122
827.952
789
758
752.701
718
717.328
717.982
727
728.308
730.432
773
758
734
711
714.755
640
657
657.766
656.703
648
680
681.119
696
718
724.018
758
773
774.09
735
695
697.072
697.14
633
641
643.383
644.645
758
759.283
751.217
747.333
737.687
656
661.513
661.445
657.766
659.828
663.393
688
695
695
693.461
692.965
688.302
625
634.091
634.084
636.783
643.263
650.172
653.725
654.809
656.406
655.616
586
593
586
586
610
619.764
656
664.404
703
700.272
710
700.181
695
685.589
676.47
670.026
663.962
660.07
656
680
695
693.981
688.815
684.843
679.805
664
672
667.629
679
677.572
680
677.245
719
714.498
709.072
701.778
664
666.353
640
649
695
680
678.357
734
750
733.633
781
774.137
756.848
750.11
766
756.03
734
734
711
706.711
703.909
649
659.756
662.841
665.561
594
602
604.838
602
605.462
614.476
735
851
875
834.185
828
822.594
809.373
795.49
688
656
664
656
657.827
726
719
742
750
744.192
735.95
729.446
680
678.734
677.786
625
627.384
628.403
629.131
630.23
601
618
618.037
620.024
586
596.089
649
651.147
654.882
658.174
663.288
664.42
664.065
828
828
766
754.039
687
680.698
671
667.529
666.433
664
664.535
665.201
665.395
664.573
663.421
703
697.463
691.896
742
730.716
711
695
689.01
685.182
682.757
681.523
681.453
594
594
593.688
594.207
597.571
625
656
758
805
789
812
803.985
783.808
719
719
713.614
704.168
699.675
625
609
602
602.363
605.423
593
597.589
602
604.523
602
603.761
604.418
625
627.474
628.759
617
601
602
586
562
568.556
531
544.02
578
584.586
594.034
883
867
778.91
765.358
750.2
727.612
706.875
691.199
680.072
695
690.353
664
649
648.495
602
602.241
603.54
605.002
606.626
608.422
610.581
555
581.245
582.316
582.078
883
867
799.071
778.731
773.284
763.44
752.182
742.77
736.87
729.031
593
586
633
656
688
719
789
772.839
749.67
737.305
722.431
705.444
691.245
679
657
651.172
647.735
578
584.97
585.211
602
648
670.484
682.57
687.327
742
727
719.414
714.644
704.939
695
672
666.241
656
654.167
632
641
641.759
645.901
651.893
688
711
726
720.682
713.554
706.306
695
686.197
678.62
665
664
662.301
648
650.73
617
623.227
619.538
623.285
628.222
632.787
883
729.221
720.941
715.135
707.397
914
821.524
812
786.884
775.157
770.101
734
727
725.394
722.218
766
756.758
749.049
746.002
746.716
746.929
744.589
757
789
782
772.607
767.75
764.965
760.326
766
773
769.014
757
756.008
750
782
789
765
750
719
711
695
695.785
697.02
701.722
708.306
680
684.738
685.883
689.263
632
649.019
648.227
651.516
602
618.809
618.991
620.401
624.551
628.606
634.435
639.403
672
677.533
682.527
687.853
641
650.157
718
709.27
697.583
689.059
686.857
735
723.868
707.587
688
664
668.761
633
635.973
636.668
594
570
578
580.561
584.971
562
563
562
564.302
565.014
586
594
602.174
594
597.641
601.676
604.877
641
646.026
633
633.047
636.234
594
598.743
570
571.323
555
557.772
547
550.12
551.67
553.709
554
563
562
565.158
570
563
566.088
567.612
579
579.926
570
570
572.444
546
563
559.759
555
562
560.133
578
572.528
594
586.313
584.143
583.825
581.262
579.461
577.531
575.821
574.218
572.738
572.177
571.8
571.667
571.727
523
524
500
513.283
511.613
516.164
517.18
521.161
521.89
524.746
525.912
527.435
528.901
530.229
532.263
534.086
500
500
500
501.296
502.873
504.892
507.586
510.472
500
506.613
508.421
804
774
757
683.207
695
656
633
625
617
586
578.212
577.345
576.554
575.57
574.809
574.738
531
536.771
537.432
538.694
540.32
539
541.292
542.99
544.338
531
535.949
536.541
536.763
516
542.279
554
557.035
562.237
539
547.149
549.209
570
564.782
560.233
558.897
560.336
562
558.317
578
578
586
578
570
571.465
555
547
547
539
539.852
523
525.907
523
523.594
524.927
508
508
508.736
507.272
507.511
508.791
509.168
510.8
492
501.343
499.86
500.75
500
501.777
503.633
500
492
499.222
497.771
499.967
516
507
510.336
511.442
510.87
510.248
500
484
488.55
489.625
476
500
501.144
516
513.803
539
563
554
547.587
543.696
537.603
531.179
523
519.023
515.756
523
522.131
523.274
602
625
605.79
592.808
641
641
609
602
604.308
599.656
591.287
584.436
582.929
580.033
574.775
524
535.593
539
539
547
563
570
571.142
568.668
567.004
586
584.335
577.349
572.37
574.925
576.119
573.712
572.237
573.4
575.422
586
583.046
602
597.889
593.433
602
598.714
610
609
610
606.732
605.49
604.892
594
595.369
593.711
592.184
591.762
591.465
656
634.247
627.799
625.278
665
652.6
633
633.684
602
604.779
603.606
578
578
563
564.531
564.05
563
570
571.997
575.512
578.7
594
598.436
603.065
605.942
586
588.751
588.274
578
594
594.234
595.705
596.846
640
641
635.012
672
667.126
679
670.065
664.794
688
684.6
671
696
703
687
680
682.318
680.073
640
648.796
625
610
611.731
610.761
612.301
579
588.505
547
554
551.637
551.775
554.023
556.766
547
516
531
530.41
530.906
570
570.826
672
671.579
669.535
664
688
648
649.26
601
602
598.107
570
573.959
574.646
575.798
578.254
580.592
578
594
591.506
555
566.258
564.257
563.856
564.289
524
541.905
538.66
539
547
531
541.116
543.327
546.273
548.891
531
539.457
531
539
531
516
523.45
525.352
524.365
526.785
594
581.164
574.583
625
614.15
603.487
570
572.561
572.333
566.336
554
555.709
557.796
555
551.68
553.042
554.54
552.464
550.278
570
568.029
563.99
560.716
562.23
561.626
718
742
625.444
703
680.947
687
680
663.332
658.615
654.138
633
629.272
680
675.137
664.6
658.298
659.443
703
693.861
681.651
649
653.617
602
601
601.071
562
566.907
531
531
524
523
523.656
524.417
525.558
526.968
528.149
529.283
530.414
531.467
532.489
516
521.511
516
520.644
522.154
515
523.433
526.422
530.468
533.749
536.705
540.587
543.584
546.011
546.55
545.924
500
512.424
518.001
519.54
519.862
525.34
527.653
492
508.784
512.116
492
502.728
506.035
500.792
506.89
509.672
506.048
510.26
512.145
509.752
512.936
500
506.889
507.507
505.533
500
508
506.067
505.598
508.043
593
542.452
535.003
532.926
529.103
525.192
649
535.585
534.161
533.324
625
609
563.98
602
594
588.203
594
584.516
648
688
648.959
672
662.97
656.823
625
609
608.625
603.389
598.677
596.808
578
570
570
569.227
579
578.93
586
593
579
593
591.768
593.942
595.154
594.783
555
570.608
567.113
539
549.77
550.332
552.16
556.205
559.057
555
559.648
559.747
555
558.567
557.581
554
556.787
547
552.823
555
553.617
546
552.398
551.224
553.188
586
586
586
563
566.682
562
559.823
559.244
558.203
557.884
557.559
557.292
618
617
609
602.469
593
585.397
577.214
570.072
578
576.218
570
568.515
593
617
610.688
601.043
633
632.646
633
620.1
625
627.382
619.386
617
612.321
609
602
601
617
625
620.65
616.523
649
625
621.974
623.98
633
625
620.486
609
609.489
609.238
608.963
609.884
611.361
648
639.382
632.898
630.823
758
734
693.168
683.265
678.318
669.588
661.722
610
612.754
586
570
555
555.941
578
610
609
617.775
633
639.398
641
637.887
632.443
625.33
618.43
611.887
606.977
593
590.577
609
614.297
625
631.021
633.088
631.643
626.054
618.683
609
602.795
594
590.744
589.93
578
578
609
602
625
633
633.281
631.317
627.692
622.437
616.828
611.68
607.621
605.141
603.578
641
640.995
625
622.586
623.308
648
657
671
661.625
651.437
644.408
664
666.241
641
638.831
625
609
594
586
602
617.448
625
641
648
657
654.867
664
719
750
723.176
701.788
690.197
683.494
677.043
664
656.817
653.23
651.711
578
578
579.849
562
567.915
570.527
573.746
922
734.403
707.275
1031
961
820.948
793.836
899
864.676
833.819
826.667
821
820.066
814.984
811.256
726
727.997
735.227
735.924
734.96
736.095
641
662.004
673.159
676.1
676.706
640
651.676
656.59
657.211
625
631.338
602
613.868
578
579
580.966
583.478
586.742
590.549
595.021
601.503
852
784.397
860
832.974
805.814
727
680
672
671
669.734
640
640.259
602
607.306
608.247
609.711
611.398
613.01
648
664
664.065
641
643.112
646.099
646.362
586
602.141
555
567.25
567.127
573.016
578.288
570
602
609.896
602
578
584.791
570
573.329
573.763
575.675
577.806
562
567.45
569.294
571.499
573.045
575.412
555
563
564.805
532
547.592
531
533.928
516
508
511.587
500
503.939
508
508
511.2
513.692
508
513.087
515.056
517.23
586
578.035
594
589.007
584.846
583.55
581.058
578
575.226
562
563
560.593
558.785
558.012
557.319
557.298
508
508
506.855
507.774
510.346
500
503.748
504.065
484
489.245
484
477
478.878
478.617
492
492.916
499.317
505.789
512.425
492
500.123
477
469
470.674
471.621
474.911
478.61
482.076
461
471.562
468.989
468.283
470.601
470.781
472.55
461
453
455.711
461
461
453
457.894
461
461.16
461
462.973
464.882
465.103
469
468.447
467.783
476
474.375
485
480.522
477.922
500
493.607
487.444
486.303
500
495.591
490.353
489.073
516
507
500.741
516
511.994
506.909
505.251
506.259
504.134
508
504.322
500
500
500.128
498.209
507
503.924
503.376
516
512.066
510.049
547
529.35
525.461
640
560.564
552.883
550.822
546.948
586
570.435
564.121
578
574.446
586
579.431
577.27
586
578
577.963
570
571.528
554
558.116
539
543.814
547
543.829
562
557.879
593
594
591.162
587.652
594
589.783
587.035
584.338
578
576.933
586
582.654
583.302
583.322
583.531
563
568.572
554
539
532
532.554
532.702
534.506
536.257
537.106
538.254
538.782
617
672
651.559
625
641
632
641
617
625
623.034
617.489
611.846
607.781
604.685
601.458
599.59
598.439
598.063
609
617
610
609.696
608.723
586
588.562
585.953
583.161
583.809
583.538
584.749
531
547
531
533.323
555
531
539
524
530.076
547
543.999
578
578.095
582.245
583.744
570
574.188
571.519
586
617
625
641
671
668.885
672
667.638
661.748
648
642.341
641
656
641
639.327
617
594
601
598.633
594
596.261
601
602
604.478
606.354
607.608
608.202
649
656
654.402
648.654
644.971
643.674
609
617
602
602.285
603.409
605.396
607.892
610.277
612.502
614.767
615.171
679
743
708.733
687.326
674.656
750
748.526
733.241
716.131
707.384
664
648
633
632.731
617
618.127
618.548
621.436
624.646
627.531
630.029
570
589.449
590.004
625
633.455
656
661.076
659.984
633
633.669
633
625
625.679
626.705
609
612.538
613.446
641
644.657
656
688
679
671.52
664.806
655.772
617
618.623
617.273
602
625
627.828
627.031
734
734
717.539
727
716.536
703.495
694.24
683.948
679
671.884
665.472
640
649
645.163
640
642.521
643.12
601
615.754
612.33
614.255
616.677
618.178
602
608.499
607.905
601
578
584.934
583.878
585.663
554
572.6
569.198
571.486
574.264
576.636
579.573
531
508
531
530.326
534.357
539.599
524
533.008
609
600.023
593.136
593.86
595.543
589.984
602
597.845
591.558
588.116
584.659
579.719
575.657
571.819
568.283
564.645
561.436
558.469
555.708
553.336
551.235
549.654
625
680
726
735
715.293
695.1
711
687
678.542
664
649
644.089
643.264
642.118
640.131
672
711
719
709.858
735
703
695.114
680
672.321
667.204
663.488
661.83
649
647.628
609
613.17
610.043
649
671.135
682.615
711
716.509
708.984
750
734
758
718
719
714.632
705.838
702.437
700.286
698.629
641
653.534
652.218
654.57
659.693
663.899
789
757.461
812
792.087
782.139
775.165
765.541
719
750
740.691
736.211
736.85
820
795.544
766
771.247
767.592
755.995
753.96
753.381
656
649
653.062
633
656
664.27
668.966
674.258
664
649
654.225
654.215
654.559
655.736
805
782.593
771.986
763.601
758.251
750.314
740.5
733.39
735
731.974
728.037
773
734
727
734
731.222
726.221
722.227
719.577
717.916
716.097
703
704.863
704.555
719
715.531
758
753.038
749.856
758
735
742
740.719
719
726
703
711
711
710.907
672
689.627
640
641
640.853
641.422
645.479
648.45
594
627.981
610
609
602
606.148
607.72
608.873
611.269
578
571
609
625
625
627.94
632.264
636.698
640.608
601
610.565
612.36
610.615
609.629
611.394
613.819
594
578
586
570
570
571.768
594
641
639.081
632.619
664
672
633
634.055
635.861
586
592.252
563
562
555
563
586
594.26
598.334
602.36
603.983
602.894
600.074
596.862
593.461
590.333
617
615.252
601
602.256
586
586
585.353
571
573.24
574.553
576.297
586
587.388
588.878
589.005
588.134
602
594
601
617
613.531
610.462
633
629.816
618
617
609
617
612.802
610.571
789
691.051
669.968
664.374
656.596
650.533
646.24
643.058
640.207
696
671
661.774
664
662.716
658.439
648
641
641
639.561
638.516
617
627.219
629.481
628.067
750
805
728.741
712.211
702.055
690.626
683.097
820
735
695
691.04
664
659.171
656.822
655.837
649
649.22
649.217
649.295
625
630.354
629.692
629.641
630.003
602
612.462
611.769
633
633
656
672
688
691.272
691.331
689.252
684.361
682.196
617
634.967
631.427
630.58
635.707
844
743.784
867
805.008
769.417
755.43
736.483
719.517
708.626
665
665.344
734
703
680
672
672.3
656
649
651.044
651.156
651.04
651.516
648
649
649.227
649.663
649.632
601
602
601.777
601.745
680
711
714.52
710.82
706.543
789
776.376
726
718.763
680
656
652.482
652.027
618
619.998
601
602.505
602.926
609
612.338
615.907
619.134
621.795
623.861
563
555
554.886
539
542.417
542.929
544.882
547
539
544.282
546
549.418
554.247
555
570
576.612
547
556.14
531
535.603
536.244
538.178
540.629
516
527.229
528.611
554
553.428
553.161
551.032
617
590.934
580.225
656
641
616.875
618
601
602
593
588.935
563
570
568.885
566.209
566.488
569.578
569.639
569.715
569.826
570.321
570.541
797
610.964
603.973
727
734
654.657
640.008
640.142
680
671.714
656.484
646.052
648.356
653.343
680
666.865
654.524
650.635
654.924
641
640.781
633
640
639.69
625
626.04
640
637.675
635.156
711
711
734
719
719
713.803
703.974
695.361
688.194
682.037
677.153
649
650.702
641
640
633
625
625
633
601
610
609.516
609.925
611.582
612.631
614.292
640
640.367
645.707
650.534
655.858
594
578
586
587.673
633
703
696.738
686.566
679.778
719
714.043
699.498
680
675.509
633
617
616.113
617.795
621.146
774
828
766.736
743.973
734.106
716.825
727
765
752.066
719
734
731.155
703
687
683.772
680.053
664
664.173
665.606
664
680
682.668
683.31
680
679.481
633
632
630.637
629.863
632.378
634.144
637.219
860
774.186
752.553
746.074
736.402
727.394
703
679
674.365
670.241
669.97
617
625.762
602
604.847
578
563
570
569.644
570
572.397
573.604
574.333
575.577
576.654
577.692
578.008
578.534
664
633
636.331
639.43
610
612.897
613.386
613.891
613.329
611.568
613.062
614.356
613.239
641
637.326
633.184
618
616.715
602
593
593.461
586
601
610
611.252
612.117
612.673
594
578
578.909
579.394
581.631
578
586
589.597
593.168
570
571
572.453
572.481
696
726
685.311
674.934
667.193
719
711.398
696.442
682.596
677.645
678.215
675.215
617
602
603.063
606.545
609.23
608.428
610
601
625
627.926
627.147
622.762
621.762
623.869
624.771
633
629.512
628.859
630.452
632.977
634.65
635.304
635.803
637.604
639.245
570
602
599.044
641
629.515
627.398
813
691.561
781
710.341
743
757
680
680
672
664
661.386
661.523
661.35
660.612
660.116
660.156
660.07
659.814
578
630.762
563
585.341
586.73
555
547
552.685
547
547
555
554
557.441
547
562
561.425
563.306
566.269
555
555
559.943
560.249
532
539
541.021
542.466
544.18
547
547
555
555
555.445
554.281
555.577
563
531
547.57
531
531
547
540.886
602
656
620.774
608.337
688
664
652.215
644.509
648
642.857
636.035
618
617.408
602
586
586.699
586.386
680
695
670.296
661.22
654.256
643.187
718
688
687
676.142
668.185
664
655.07
647.195
711
695.9
695
687.993
664
660.469
659.194
680
674.479
641
638.674
648
650.847
664
658.737
653.225
653.243
657.635
640
641.942
617
620.269
621.16
624.469
627.446
594
602.183
603.35
633
656
658.158
654.667
625
610
601
610
617.041
618
632
639.431
640.215
727
715.008
702.153
691.945
711
679
657
650.058
645.096
639.626
635.831
634.465
634.888
633.825
632.878
641
642.272
643.657
644.537
644.674
644.429
643.789
657
664
662.323
664
661.64
658.988
656.112
609
656.488
648.37
647.733
647.456
648.004
648.075
648.735
647.734
647.049
649
648
647.165
625
610
614.914
594
598.543
599.71
599.618
602.505
603.184
605.421
607.429
719
774
746.79
722.466
813
812.366
797
782.879
777.219
777.549
696
694.496
697.246
664
633
636.194
639.719
641.591
641.96
644.744
649.225
570
562
563.833
564.799
566.167
609
641
664
664
664
669.409
671.823
609
602
601
586
590.27
596.949
604.152
781
725.902
713.341
836
789.649
781
735
725.689
679
672
664
659.602
656.843
656.243
655.978
655.37
655.621
656.262
656.812
601
630.286
628.943
617
622.548
623.462
609
616.482
616.007
602
611.171
610.462
617
616.585
602
609
611.108
612.698
614.54
578
603.875
600.414
586
571
581.29
582.092
609
602.161
633
633
628.97
625
626.628
623.96
609
617
616.32
611.464
610
640
634.143
609
616.284
601
625
602
606.286
609.389
606.4
603.08
604.697
618
613.304
610.943
649
639.665
633
632.469
632.222
626.045
621.777
672
656.081
646.706
644.57
644.564
735
702.627
678.16
672
671.156
669.45
648
656
653.418
650.341
646.547
625
625
640
638.253
637.116
635.862
672
668.698
672
664
664
663.928
656.74
656
652.706
649.024
645.591
643.312
617
633
630.722
632.714
634.99
636.687
638.237
639.108
639.763
640.063
672
664
662.23
661.032
633
633
632.45
632.653
634.29
634.725
636.454
637.256
773
781
721.771
765
742
731.836
722.608
712.529
594
625.941
625.64
631.074
635.519
593
610
664
665.72
664
641
648
651.824
610
593
586
594
594.945
595.177
600.368
766
741.149
719.625
711.101
704.21
758
741.006
715.945
680
664
661.404
617
612.581
612.963
615.602
586
588.389
590.438
656
664.241
658.928
650.635
805
781.852
805
772.879
757
752.133
688
671
672
688
689.607
685.561
828
805
836
805
789.343
859
867
828
860
867
851.064
840.994
836.027
830.751
822.72
804
801.959
742
695
672
672.13
695
717.763
733.348
741.934
937
907.256
887.428
883
820
797
794.356
788.492
783.556
781
758
750
742
741.386
797
815.726
812.393
797
788.061
782.244
774.622
767.191
761.538
758.24
922
984
1000
1008
974.901
954.964
947.249
930
921.619
912.195
902.093
758
762.788
774
792.32
807.527
809.98
809.927
1063
1034.64
989.197
968.449
960.379
946.012
867
856.519
856.386
953
961
937.636
922
922.406
919.14
852
867
852
848.279
846.548
846.383
849.05
850.253
849.989
849.439
805
734
734
742
745.154
749.967
718
727.334
734
735
737.653
740.607
744.05
657
709.641
664
649
654.199
655.506
657.953
711
750
757.318
758
762.072
766.067
766.684
695
700.042
701.072
688
693.009
698.013
734
750
746.176
695
742
711
707.708
708.429
707.042
727
720.836
766
734
731.241
730.932
728.747
797
765
766
760.381
755.873
711
721.318
671
680.338
664
656
664
663.473
711
713.022
721.462
724.385
727.053
711
714.783
711.981
708.248
706.737
705.244
705.07
664
649
656
654.804
688
696.707
703.659
704.995
742
739.676
735
750
742.203
718
703
695.505
688.77
685.606
641
625
625
625.674
601
608.741
611.047
633
703
875
826.889
802.201
976
977
919.461
891.937
929
813
802.81
814.636
735
718
726.846
656
657
663.739
669.295
671.726
675.641
680.734
684.285
578
633.181
637.663
571
584.7
590.064
590.784
571
577.719
581.414
584.008
587.932
591.559
595.49
562
563
567.113
570
563
562
567.002
569.801
571.807
573.813
576.819
579.775
602
609
605.796
609
578
582.604
584.586
584.985
578
578
594
570
574.737
577.057
576.185
573.473
575.093
576.847
575.708
570
555
560.081
561.196
560.257
563
564.67
565.72
555
559.505
560.876
531
547
545.221
539
547
539
542.513
544.087
542.862
544.884
545.059
546.759
546.794
548.487
516
533.564
523
525.157
500
516.596
512.939
500
500
502.759
501.586
503.912
504.036
516
513.586
516
523
521.992
523
524.697
524.909
525.269
532
530.309
529.934
530.296
530.077
508
518.028
514.885
508
511.679
492
508
504.779
506.24
516
513.757
539
547
543.553
542.842
542.653
540.535
538.544
547
543.903
539
540.728
538.577
537.788
531
532.576
516
520.623
518.192
555
546.404
554
551.61
551.38
550.003
563
559.835
571
567.582
565.788
565.986
555
557.696
555.077
552.961
562
570
568.071
567.344
567.712
567.33
566.565
680
640.531
620.8
609.233
617
612.392
586
585.737
578
578
575.182
571
578
593
591.56
578
578.497
580.926
581.632
579.732
577.95
576.881
578.37
577.898
577.729
602
598.435
601
597.049
594
596.103
596.121
594
570
586
594
617
633
622.952
616.035
618
618.582
613.309
608.902
605.008
602.154
578
580.833
555
562
586
594
596.718
657
703
675.927
666.9
750
718
688
682.906
681.46
641
636.772
640.667
648
656
657
657.378
680
676.568
680
664
659.02
656.341
651.349
646.726
642.885
639.992
638.087
636.748
718
711
695.655
719
719
711
702.177
695.238
695
672
668.827
625
632.677
633
635.845
640.338
719
720.095
711
695
672
661.248
653.651
640
638.149
637.571
637.807
639.161
602
586
585.647
584.989
657
681.147
711
711.323
719
710.551
657
640
617
610
607.872
578
578.654
578.654
579.533
562
571
562
563.415
564.049
564.859
566.31
649
648
646.812
680
681.506
675.979
668.707
664.444
640
649
648
625
626.426
626.732
624.45
601
610
570
586
586
586.605
578
581.296
570
594
586
588.056
589.83
648
637.604
638.063
639.186
640.48
641.444
695
685.023
679.347
674.656
602
601
600.775
600.82
696
677.698
669.938
665.806
750
735.426
719
705.153
699.989
696.349
689.347
680.057
673.7
668.347
883
914
883
875
844.751
826.42
813.235
799.566
727
718
718.152
696
703
703.203
702.781
641
609
611.623
601
604.385
594
570
575.014
578
579.139
581.302
583.602
687
688
695
698.8
664
664
665.981
666.236
665.734
664.939
665.321
711
742
719
707.566
703.634
695
695
664
641
641
632
633
634.568
635.995
637.782
638.427
617
619.853
648
641
625
625
627.665
617
619.67
620.883
601
606.362
607.316
657
695
734
821
843
831.387
816.859
828
824.486
797
784.788
765
759.158
755.828
766
758
753.898
773
774.275
719
727
730.816
730.224
729.057
728.967
730.234
730.204
729.703
728.621
679
697.818
665
679
676.703
679.15
672
677.841
656
648
650.7
649.318
650.318
652.148
654.07
656.337
782
764.857
757.146
781
758
750.648
744.945
738.519
679
657
633
640
642.938
648.359
664
719
733.246
730.209
724.15
716.652
664
658.048
654.311
656
657
658.885
821
785.107
764.858
760.781
749.606
891
851
828
797
789
787.814
781.353
770.082
760.091
711
710.281
710.137
711
711.407
712.569
714.842
717.535
719.423
720.751
722.013
722.865
703
704
757
754.675
852
836.631
851
852
859
813
812
812.27
742
745.163
745.326
744.361
711
716.524
735
738.2
719
724.827
726
711
715.007
716.293
687
695.739
664
664
664.428
656
633
664
663.618
672.313
679
686.893
695.186
758
812
852
789
758
804
808.125
798.264
820
815.254
810.217
810.333
810.88
808.447
804.518
802.061
801.986
813
811.359
807.089
805.352
805.547
803.678
800.716
798.118
695
731.14
657
664
648
651.364
653.319
656
658.946
617
642.639
642.151
642.293
644.582
646.339
602
609
602
601
602.308
571
601
599.894
609
657
718
797
852
838.656
819.853
806.816
796.814
783.86
770.945
760.976
756.122
752.621
695
688
679
680.175
683.295
686.572
690.248
692.848
711
711.994
710.907
710.774
742
739.721
797
813
802.816
789
750
749.215
782
750
750.37
751.7
696
705.128
705.627
707.852
709.352
709.729
711.488
713.72
609
654.002
586
601
600.534
758
735.129
734.46
736.365
899
867
828
844
842.698
734
711
656
654.734
641
680
696.34
937
885.882
859.394
844
824.195
800.35
783.393
750
739.426
733.273
734
729.122
724.218
665
667.467
657
655.803
656.615
633
635.764
636.146
601
571
562
562.101
561.447
561.792
563.654
539
549.213
523
544.444
544.947
548.556
552.424
555.95
560.078
555
601
607.426
614.907
619.485
623.673
626.527
628.016
627.791
627.289
626.517
570
577.309
574.282
601
596.263
595.204
718
750
706.913
750
766
741.497
726
727
672
669.747
632
618
615.613
615.769
578
586.862
589.04
590.482
592.681
596.317
766
740.719
724.209
716.359
707.692
828
794.939
773
755.579
753.908
755.157
750.858
718
688
689.822
691.672
695
696
693.281
687
680
682.981
683.952
682.465
664
703
699.12
695
672
677.743
680.43
683.153
695
692.724
694.636
698.094
701.514
702.779
680
683.811
686.119
688.947
684.376
696
697.657
703
734
726.82
717.989
713.865
710.148
703
697.478
693.569
691.393
687
687.262
686.578
719
716.789
719
712.082
706.5
711
688
690.407
689.984
689.481
690.688
691.389
692.045
695
695.121
694.657
694.056
694.711
696
695.844
696.256
671
681.568
672
672.859
672.255
672.197
672.83
673.026
673.618
664
670.726
669.242
640
675.1
719
742
734
731.07
728.81
727
724.002
703
701.79
698.356
694.657
691.969
689.639
689.312
656
663.254
660.829
812
756.848
743.328
739.602
731.8
722.146
714.305
706.925
742
719
713.599
713.191
713.173
712.335
711.314
711.275
687
688
664
648
649.325
734
720.02
821
774.617
756.407
820
801.172
782.6
765
767.91
767.116
695
698.96
700.232
758
843
806.947
789.771
786.445
779.647
768.068
757.327
750.08
744.477
750
746.217
711
711
703
703
702.969
702.933
703.189
703.764
797
797.594
786.474
789
779.577
757
766
760.609
758
742
742.301
742.606
742.923
743.073
742.871
743.369
742.505
797
788.884
781.59
766
762.201
760.873
757.78
754.166
727
731.318
758
756.84
756.377
756.653
759.425
773
743
742
744.293
746.418
744.618
742.246
774
771.371
762.623
758.345
760.561
727
711
711.695
713.653
715.182
716.353
720.648
725.03
758
761.722
755.523
703
711.961
687
685.729
686.346
625
625
624.615
626.619
630.422
635.355
640.608
646.107
650.621
899
914
867
838.234
824.176
758
742.786
734.364
725.175
789
791.962
719
695
697.35
698.838
698.067
781
782.492
763.822
821
819.24
844
789
776.063
773
764.405
754.851
748.853
796
782
781
773
750
751.426
752.052
750.475
748.436
747.745
750
766
781
758
758.735
719
728.237
703
705.748
705.838
707.412
671
681.652
681.612
789
766
765
766.682
735
736.113
687
680
648
648.729
649.953
653.367
658.467
719
679
686.695
672
672.391
672
672.291
673.555
674.625
675.697
676.695
677.722
719
714.659
680
679
664
641
644.579
657
659.528
663.468
719
713.991
704.793
719
712.801
702.299
694.559
711
710.784
700.976
711
726
716.258
707.579
708.363
765
860
800.162
890
860
867
851
837.296
774
775.448
776.272
769.874
765.926
765.305
766.894
766.844
735
742
758
750
750.733
751.94
711
728.993
728.325
679
727
727
726.866
757
752.994
734
744.213
710
718.522
726
703
712.187
714.861
711.856
664
727
719
711.855
717.247
718.891
891
851
826.808
817.99
774
768.208
764.318
727
728.302
719
717.951
718.635
820
813
794.879
805
797.076
783.14
773.397
763.818
755.506
750
711
703
702.791
703.498
706.359
708.684
710.485
713.08
716.085
719.076
721.83
804
803.115
782
774.802
768.097
760.091
752.431
746.101
743.313
757
761.773
742
742.074
743.588
719
720.012
720.711
679
689.084
687
688.849
672
676.756
678.216
672
711
711.549
734
726
730.796
734.31
789
781.093
775.628
771.589
769.193
750
747.593
744.148
740.58
738.836
641
698.486
692.294
693.818
868
817.598
922
878.883
858.295
850.353
839.202
830.931
821.978
815.901
797
794.288
790.287
787.052
784.173
726
711
719
789
783.848
782.682
774
766
769.431
774
750
750.768
750.431
710
717.775
716.941
717.797
719.705
721.806
727
730.407
733.295
734
711
716.147
703
704.769
705.498
734
734
733.952
821
797
791.715
788.892
781.181
773.647
767.524
761.94
756.996
734
735.498
695
672
672.349
672.881
679
684.669
711
722.729
730.04
735.305
656
676.093
633
634.422
687
693.62
743
773
789
773
727
734
729.185
721.633
716.735
703
698.113
696.058
694.085
693.917
693.055
692.633
679
681.22
679.663
680
681.027
681.996
683.425
684.925
685.655
686.237
686.555
656
668.411
640
648.761
646.502
648.07
649.929
651.857
672
695
698.939
701.745
687
689.486
687.711
683.501
680.638
617
633
633
648
680
727
725.957
718.657
711.841
700.611
711
688
672
656
650.281
641
640.653
664
672
687
692.174
691.459
695
695
687.207
664
660.892
657.256
653.687
653.648
654.487
695
704.373
699.7
688
695
695.871
680
676.015
673.624
669.297
663.686
659.942
659.179
658.314
750
750
729.785
711
711
719
709.943
700.474
750
748.361
733.924
724.837
820
797.885
770.016
813
742
750
750.859
743.526
797
785.329
820
797
789.53
765
763.85
759.741
753.84
751.481
750.487
765
790
789
796
788.955
782.612
805
798.75
790.052
758
763.453
765.147
765.896
711
726.047
728.848
732.577
703
711.912
717.896
722.258
719.221
722.252
729.335
687
672
680
703
719
750
754.153
828
805
792.608
788.653
781
769.269
760.722
755.153
747.732
741.54
737.933
688
696.884
696.962
701.42
707.069
712.394
716.627
828
807.979
796.883
790.177
779.637
768.108
757.753
748.853
735
742
741.323
750
754.479
765
764.712
760.335
756.097
750
745.996
742.297
718
696
679
680
664
680
681.162
679
683.476
685.675
688
664
672.54
648
664
680
703
719
725.091
729.135
732.086
733.549
695
699.592
696.238
656
664.049
664.404
664.39
672
675.445
703
696
697.357
679
681.475
664
664.893
662.55
656
658.859
658.22
656
658.01
695
726
711
727
726.264
718.88
711.853
703
695
688.626
684.327
681.331
687
711
711
708.876
703.923
701.129
698.126
664
666.771
665.29
680
687.383
691.741
694.08
711
703
699.011
695
703
688
688.573
680
678.287
677.035
680
681.813
683.581
679
680.056
680.762
688
687
686.108
685.587
688
679
680.481
680.272
727
701.345
699.215
695
695
703
700.429
704
700.666
699.263
698.649
699.242
698.526
695
694.329
693.845
693.411
671
700.518
690.64
657
704.134
692.336
688
688.642
689.58
689.351
695
692.443
693.869
687
693.587
695
692.024
657
689.79
681.361
625
688.169
618
609
628.123
625.091
624.924
859
753.347
727.365
851
875
799.284
782.31
786.587
781.898
774.935
649
671.016
678.105
657
672
677.687
681.484
789
766
748.154
745.762
745.854
738.426
695
664
664
680
681.64
678.995
680.682
687.704
820
802.31
868
842.05
812
797
789.915
780.332
769.472
758.748
752.039
746.393
704
704.061
703.112
703.753
883
860
882
862.134
805
797.235
789.983
781.462
695
696
718
750
756.987
762.488
771.4
772.372
768.445
844
773
735
738.624
687
690.574
719
727.67
774
765
761.867
750
727
711
710.563
710.534
712.651
711
711
711
710.82
758
764.323
761.568
750.264
740.699
726
703
688
687
664
696
703
718
723.526
726
727.744
729.194
797
789.503
777.936
766.327
750
741.438
733.796
758
755.357
749.346
742
711
713.327
719
721.618
723.746
722.041
718.86
656
680
681.27
682.67
813
780.445
764.565
828
816.945
797.844
743
746.898
750.238
664
685.201
691.175
694.956
984
844.506
938
905.414
914
881.089
862.711
853.681
840.226
899
874.72
836
844
840.255
831.216
813
812.604
812.285
811.019
810.132
915
874.511
945
915.5
903.868
897.963
914
903.072
906
946
929
914
918.266
918.378
912.965
910.246
910.951
860
870.617
859
852
836
840.104
883
873.7
873.757
876.401
877.652
876.13
877.045
878.723
993
961
948.814
929
907
945
992
992
1039
1032
1070
1062.76
1015
1011.55
898
904.002
905.664
820
844.005
847.843
851.689
946
952.345
952.383
875
797
859
875.486
882.151
885.538
992
994.619
977.57
922
925.698
898
907
906.075
883
883
884.629
884.444
844
883
961
944.573
918.081
907.115
898
892.41
813
820
824.896
831.861
961
952.996
936.356
929.332
920.295
908.986
901.081
894.48
887.908
844
845.552
846.138
848.405
851.573
797
805.43
805.317
805.538
807.225
809.412
953
935.244
906
900.052
889.661
877.056
804
806.687
806.384
1008
1016
979.364
966.078
956.164
940.387
883
899
898
882.444
938
992
984
992
1000
981.249
962.737
952.061
961
947.143
936.084
932.471
946
921
916.486
953
954
946.231
1008
969
984
984.309
972.866
966.405
966.949
959.911
992
983.782
976.546
953
958.526
959.688
956.611
953
956.648
955.696
946
921
930.18
931.709
931.853
938
941.062
875
883
805
789
788.715
788.908
922
933.134
1016
1012.13
1007.18
1002.03
993.162
1008
985
890
883
883
884.147
886.931
890.828
820
867
868.298
870.389
766
793.638
799.743
802.22
804.244
807.495
811.456
813.022
954
930.684
911.311
914
917.581
891
859
828
789
789.737
844
857.267
854.487
1031
986.18
969
961.033
944.609
945
930.987
918.287
909.091
985
1008
1039
992
980.241
977.273
969.955
958.797
805
830.998
758
742
743.781
875
1242
1098.16
1094
1080.92
953
942.574
947.069
948.574
867
866.312
789
791.431
804.317
815.963
914
945.644
843
841.772
875
892.032
821
819.734
830.822
813
852
853.255
922
921.388
910.665
909.853
976
971.82
875
877.367
821
820.131
797
875
1000
1039
1070
1055
1047
1028.12
1008.65
991.19
975.126
930
890
885.182
884.943
886.995
836
837.674
840.971
843.404
845.85
847.995
849.916
852
852.627
852.92
852.767
1015
999.065
1055
1035.96
1023.83
1102
992
969
937
935.979
898
897.366
898.622
820
840.387
781
794.812
795.569
796.76
742
758
766
750
754.144
756.593
758.647
760.615
695
721.92
723.788
922
900.251
898.985
897.719
985
976
962.196
961
929
899
898.29
897.569
813
817.12
820.054
819.525
703
696
702.755
703
705.294
709.501
715.641
720.203
722.701
734
766
758
734
734
711
718.531
719.756
722.532
648
685.568
641
652.795
654.179
687
691.228
700.011
781
774
767.578
762.136
755.577
746.474
695
672
657
656.237
633
636.925
637.908
638.956
642.28
645.781
649.241
652.195
654.98
657.599
659.962
662.134
663.653
664.78
609
625
602
604.202
604.628
578
591.305
586
625
623.042
625
629.778
632.432
617
624.044
623.548
622.568
633
629.552
648
625
630.879
617
619.643
633
656
650.772
646.166
797
762.175
813
796
774
719
714.919
712.487
672
671
664
665
665.463
680
680.705
711
708.828
735
729.206
722.46
719
712.975
707.443
703.224
700.576
699.276
698.787
680
683.852
683.06
683.182
684.776
680
684.09
672
677.915
674.962
649
656
687
735
765
766
758.606
750.92
750
744.284
737.759
731.971
726.813
722.227
718.526
715.249
712.193
709.5
735
738.951
739.118
696
699.071
699.227
699.637
688
688.675
689.25
688
687.555
686.366
685.346
687
687.268
689.121
690.935
656
664
663.429
648
654.775
656.124
658.154
660.727
640
703
696
693.953
694.667
696.189
696.582
694.864
693.573
797
751.185
758
742
738.901
738.373
758
711
715.141
715.601
711.351
781
757.483
804
797
789.755
786.844
750
757
752.408
710
715.354
713.259
711.057
712.216
875
810.426
797.329
793.902
851
821
781
773
775.956
766
760.674
758
757.366
755.967
754.031
753.776
664
664
666.483
668.611
672.063
656
663.725
665.473
666.17
758
756.52
773
766
765.338
767.852
766.382
763.709
762.588
762.538
735
737.833
734.982
703
707.644
718
716.646
727
804
836
860
844
820
809.647
742
734.199
727.405
723.336
649
675.77
674.421
672
664
657
658.519
658.595
657
658.335
659.318
660.16
661.168
661.99
688
690.832
693.176
664
673.191
674.407
678.616
681.049
684.695
688.247
691.42
694.341
656
664.308
665.649
711
706.636
703
697.634
695
672
670.844
669.8
617
617
619.191
672
685.211
684.094
765
790
748.947
739.057
733.327
718.937
705.846
734
733.185
716.424
703
711
708.789
782
762.855
747.689
703
702.302
703.007
699.768
625
644.904
664
703
699.95
696.149
765
781
754.771
773
781
797
813
800.493
790.9
784.911
775.898
773
750
745.206
741.553
735.868
695
700.358
680
681.031
750
789
783.846
789
784
773.265
750
742.947
735.646
730.766
731.998
696
664
664
663.401
649
651.857
633
634.324
633
633.496
635.009
625
627.554
625
625.732
626.514
627.449
629.016
618
624.408
601
625
625.26
641
646.759
652.102
656.478
660.002
662.805
625
634.725
632.949
631.999
727
812
745.721
720.268
843
817.056
789.061
789
786.623
779.594
711
711.651
664
660.585
633
635.773
633
625
627.933
631.05
633.205
634.938
609
616.016
602
601
601.387
601
594
597.072
598.24
600.318
602.663
617
619.832
629.786
625
634.34
637.923
641.874
625
617
609
625
627.217
696
680.082
781
789
764.938
749.939
740.114
729.68
773
763.854
751.511
727
728.433
732.239
730.648
695
695.986
750
758
748.037
735.622
789
786.125
774.01
762.413
759.555
703
707.101
708.662
710.955
708.179
707.543
714.674
742
739.858
782
789
774.006
763.066
759.634
750.762
739.66
731.586
718
703
696
695.152
695
697.918
701.274
705.218
710.666
717.234
723.719
729.578
734.737
738.249
740.432
741.319
688
664
695
706.763
719
724.197
729.034
731.002
805
790.81
774.661
762.838
797
781
764.875
726
730.963
735.148
733.026
724.863
724.847
687
693.392
695.82
680
682.945
695
726
758
752.691
745.576
742.833
737.218
728.383
721.696
679
681.84
656
657.563
658.321
719
739.267
758
766
759.491
742
732.55
722.087
712.428
695
690.04
687.182
687.426
689.678
687
688.613
690.205
711
704
707.031
664
674.478
625
631.055
630.411
687
699.852
703.901
705.303
707.025
719
720.167
720.426
719.617
672
675.695
676.244
676.487
678.264
680.025
688
689.234
687.838
758
747.458
739.731
835
829
773
767.333
768.045
704
708.544
680
672
672.04
718
724.852
722.907
695
672
664
663.956
665.706
668.776
671.962
674.774
676.694
677.763
758
757.89
747.789
727
726
727.246
725.643
722.305
718.323
687
680
679.875
681.7
685.066
617
634.572
609
611.802
612.063
609
618
619.469
672
719
797
812
794.537
821
820
807.328
796.465
844
844.611
832.344
821
822.017
790
786.577
785.96
812
810.552
805.348
797
765
727
695
696.047
700.171
711
720.487
727.752
734.025
703
710.888
695
697.466
697.625
695
672
675.15
664
666.408
667.033
669.745
673.253
625
625
601
603.588
603.278
605.267
578
586
587.426
610
611.752
618.288
657
668.023
640
646.583
633
641
639.473
696
693.705
688
682.243
726
735
721.042
734
734.446
703
718
719.113
712.598
765
755.897
745.735
805
828
828
809.247
802.388
836
829.197
773
775.658
783.828
778.319
687
710.546
717.437
721.026
717.124
722.106
732.837
733.976
773
743
742.46
749.279
750.755
742.872
782
783.676
774.287
766
771.066
742
745.571
746.778
750
746.469
748.098
820
797
781
780.349
750
749.735
748.929
746.602
680
707.657
709.962
719
716.282
724.177
729.699
728.772
729.527
732.175
696
709.036
710.144
710.418
664
681.809
683.842
680
664
679
682.081
680.181
664
675.315
679
675.323
674.139
680.005
672
673.663
656
663.2
665.331
664.312
665.852
668.329
671.491
625
641
644.281
643.503
641.722
645.907
679
673.868
672
633
649.691
641
625
629.033
631.218
641
633
637.779
641.667
641.556
638.242
641.014
643.639
625
609
614.514
633
634.847
656
672
663.816
672
670.045
659.581
648
641
641
637.786
634.86
635.438
635.477
633.939
633.629
640
664
665.368
661.319
655.446
651.284
625
624.849
617
617.009
618.056
585
593.767
617
628.296
657
640
641
633
632.48
630.412
628.03
626.268
625.01
623.851
622.826
672
668.063
663.07
649
640
649
625
627.936
640
637.025
625
626.131
627.705
627.062
624.776
623.918
624.504
624.255
688
679
657
653.937
653.118
671
672
660.378
688
683.6
664
672
649
651.181
649.06
640
640.746
649
648.146
647.387
649
649.798
632
649
633
617
621.902
622.513
621.949
623.218
625.626
626.273
656
652.707
653.314
655.162
797
727.669
710.138
705.275
718
712.399
706.011
711
687
687.981
686.596
679
664
665.936
666.568
666.282
688
672
674.317
676.11
675.927
675.557
640
658.857
656.382
655.027
742
735
722.433
742
740.579
733.695
719
718.511
714.237
709.095
705.248
702.404
699.483
696.658
694.441
664
672.971
669.919
695
719
734
727
781
789
775.208
773
774
734
735
750
746.668
727
733.404
711
707.665
672
648
641
640.73
643.69
602
601
601.038
601.431
603.555
563
586
585.777
570
586
586.558
589.672
593.396
596.379
640
641
641
646.264
651.37
655.25
657.472
633
636.682
638.443
636.15
633.462
649
664
648
648.516
649
656
625
631.424
630.438
627.265
625
609
611.49
612.607
609
609.466
609
602
594
595.907
586
588.007
589.068
590.425
594
595.862
593
596.556
598.165
600.4
602.599
688
668.389
660.907
655
648.749
640.188
781
713.533
686.266
677.354
674.78
675.611
673.01
680
679
673.783
672
687
719
709.506
700.612
703
700.374
697.636
694.068
689.798
672
703
695.87
691.156
687.932
689.344
657
671
680
676.933
711
704.704
734
727.475
723.636
735
729.982
725.358
722.842
719.216
716.245
713.479
649
678.879
673.834
743
730.511
774
773
765.527
761.378
755.442
749.464
743.499
734
730.614
725.792
723.668
679
698.519
693.493
696.647
922
743.652
868
859
867
820
821.218
820.978
811.581
805.872
664
714.019
713.534
713.376
714.757
719.2
679
688.619
711
734
729.895
774
771.879
770.64
734
742.627
704
679
682.24
680
683.533
688
672
682.972
679
727
728.918
758
753.142
773
767.041
758.274
750
719
718
712.745
703
704.991
705.008
750
711
716.703
718.703
717.029
672
684.264
682.632
682.448
671
649
655.652
654.356
641
645.736
646.413
648.236
650.181
641
645.956
649
651.127
653.48
680
685.057
687.443
726
726.712
719.306
714.455
713.696
709.007
704.297
766
758.634
745.028
736.219
898
891
852
819.807
808.856
808.718
803.61
792.648
703
706.498
742
752.61
992
1047
946.261
1039
1016.93
979.116
949.848
914
902.134
890.794
774
742
766
783.349
773
790
789
789.493
773
773.017
773.823
726
719
722.42
723.792
742
742.725
703
711
715.198
696
703.903
687
688
691.087
693.623
703
706.877
719
725.328
729.799
733.262
736.686
710
715.674
717.348
714.861
716.714
718.491
720.264
718.737
743
736.948
703
688
691.507
692.767
694.82
697.123
695
696.748
697.564
696.472
696.599
696.017
789
762.643
752.426
734
728.335
711
706.521
703.974
688
689.812
690.81
773
751.437
742
734.452
735
719
709.295
704.592
701.504
699.598
735
742
734.404
734
728.066
718.979
710
704.006
679
672
671.423
672.556
675.471
664
688
692.781
697.401
701.117
704.329
687
692.623
690.836
688.382
689.086
711
726
719
715.692
713.56
703
700.563
697.681
672
688
686.125
679
683.113
680
680.993
681.367
681.139
682.165
656
657
640
641.998
680
677.883
681.212
683.366
684.876
805
804
774
789
765
782
774.187
789
797
787.882
781.999
843
868
859
875
859
836
836.958
839.473
836.379
831.432
827.908
664
775.958
768.317
763.646
750
755.897
759.794
789
782.391
781.73
783.073
786.498
787.091
680
713.784
711
709.826
711.935
836
823.485
852
846.036
844
840.056
836.045
831.288
735
750
747.615
740.985
743.418
749.822
852
828
836
828
797
791.769
782.678
750
750.215
747.389
745.849
734
736.592
736.382
820
818.635
812.761
805.391
799.035
797
812
805.612
796.813
789.678
813
812.066
805.145
797
793.268
795.13
836
844
859
845.042
834.03
829.172
830.849
851
875
867
875
863.735
790
800.138
765
781
782.717
788.41
794.058
797.792
860
860.491
853.269
821
815.907
828
805
804.237
805.581
742
754.136
754.865
759.025
757
763.23
782
773
777.313
781.142
711
727
742
742.927
746.113
752.185
755.042
754.999
750
758
757.754
766
764.607
767.161
742
751.504
703
680
683.835
734
743.551
748.365
781
781.517
774
757
756.202
749.926
741.814
703
706.518
711
716.109
722.054
782
781
772.214
937
877.029
898
898
876.157
864.796
858.532
765
767.006
765.466
719
703
707.065
703
705.136
750
761.775
813
851
891
906
907
893.948
836
829.673
822.939
797
781
781.539
782.282
784.487
787.634
791.919
727
726
711
712.188
715.236
718.97
688
687
688.194
688.448
657
667.055
664
665.206
666.881
703
709.113
721.581
733.479
744.587
751.775
756.538
750
751.241
734
731.761
719
727
726
727
726.24
725.972
724.424
734
731.024
730.975
730.8
729.718
734
742
727
728.771
743
740.153
742
739.321
738.697
734
727
734
732.801
732.607
731.129
868
843
769.727
765.611
852
809.549
789.172
844
824.998
808.03
805.697
806.251
799.469
791.951
765
774
774.881
771.329
758
762.812
750
752.756
735
739.417
695
714.623
711
710.723
713.398
714.188
758
766
769.612
719
734.486
703
687
687.535
727
734
738.58
741.079
743.821
766
766.515
760.901
754.627
726
735
711
709.487
709.836
680
684.157
685.744
688.643
691.536
743
757.154
743
745.162
743.757
766
760.24
781
775.803
766.521
789
783.555
776.173
774.742
758
758.642
755.425
752.124
757
766
764.279
820
808.914
802.989
835
821
812
808.491
774
777.851
750
752.254
749.71
750.934
781
813
810.755
806.343
801.444
791.052
765
758
742
739.193
738.009
703
695
711
719.892
735
765
781.283
787.372
891
906
879.958
865.655
882
875.01
857.374
845.853
841.478
833.845
823.717
817.977
875
860
898
890.732
883.31
878.78
873.961
797
808.83
809.088
773
774
773
772.343
766
769.103
770.048
781
784.103
774
779.401
781.745
726
727
726.365
726.616
750
750.027
757.335
761.322
767.299
726
743.473
695
708.346
703
705.261
708.461
710.955
713.967
716.516
836
805.095
800.141
829
820.797
813
807.721
802.488
796.995
773
772.129
768.646
765
763.067
761.936
762.496
762.856
763.614
764.423
765.428
766.172
766.571
766.621
766.574
766.53
766.426
766.249
766.155
766.01
820
823.059
818.497
812.375
806.506
801.009
844
797
797.901
781
766
766.601
767.366
852
826.398
836
836
830.199
826.286
823.455
821
815.998
810.979
806.576
802.767
799.466
796.565
875
847.225
838.24
834.961
831.859
828.231
824.472
883
882
866.624
857.717
850.567
843
836.483
774
804.592
820
825.518
823.484
875
844
837.647
840.226
838.231
831.525
826.488
826.699
726
750
727
727.734
734
738.785
758
765.567
773.963
757
782
781.945
783.411
750
763.387
763.512
761.082
762.967
688
695
696
687
695.221
700.317
704.986
709.955
714.188
781
789
782.437
953
888.767
789
789.589
781
805
836
825.053
817.742
814.971
875
861.35
841.323
789
791.423
781
781.071
779.805
758
734
742
747.067
734
774
844
840.068
825.808
906
905.912
907
886.855
875
867
857.926
847.489
841.903
839.159
834.862
742
773.347
775.503
785.35
805
812.811
789
791.76
793.608
789
788.172
787.648
750
742
742
741.113
742.2
727
733.064
734.529
737.355
774
782.537
766
771.82
735
742
742
742.26
745.568
719
703
705.181
706.34
709.988
774
773
769.35
764.123
757.806
749.945
742.288
726
703
703.635
704.377
708.061
656
672
672.902
676.259
681.797
687
691.982
743
751.643
748.056
742.649
737.981
729.896
721.659
672
648
647.434
647.227
633
625
633
635.345
680
695
702.396
707.318
766
766.416
753.47
766
734
723.535
718
727
724.219
742
743.385
741.867
739.839
711
710.887
727
750
746.866
739.575
733.336
813
802.269
797
782
773.411
767.056
756.342
745.6
734
735
735.168
736.281
765
774
773
763.405
753.766
743.879
782
779.212
770.695
761.965
756.278
719
711
711.002
712.486
719
750
764.712
771.564
772.827
750
758
759.767
761.513
727
726.63
734
739.455
719
722.095
726.932
731.542
703
708.64
711
719
715.714
713.211
742
748.32
739.778
766
765
789
782
769.613
769.883
770.803
789
765
766
772.422
769.71
762.203
758.912
718
750
782
772.963
836
819.626
812.805
804
799.595
794.181
787.686
781.298
742
749.445
748.12
750.027
753.655
711
724.924
725.767
695
704.821
703
702.631
680
695
691.946
692.898
765
758.189
757.587
890
853.649
852
836
828.59
822.618
815.421
808.79
727
736.537
695
719
711
718.551
723.075
725.506
727.116
719
703
688
690.937
690.546
689.876
690.44
690.975
727
727.423
731.286
820
906
898.154
879.083
863.516
765
757.843
688
687.279
672
687
696
710.204
723.261
735.017
687
690.71
672
672.855
687
691.444
735
746.522
746.196
757
750
727
711
680
687
687.105
656
665
665.705
667.811
671.664
674.689
695
697.835
699.93
680
683.276
685.343
682.434
680
680.238
711
727
726
735
731.501
710
750
748.372
739.08
695
702.167
703
742
734
723.842
718.715
742
743.449
732.695
750
749.892
742
733.04
731.322
711
766
758
747.219
743.252
745.686
774
762.625
750.077
745.903
749.108
751.646
711
688
689.73
688
690.516
691.377
774
805
775.195
771.988
852
805
789.647
792.922
788.164
774.203
771.8
735
726
742
751.071
758
781
812
802.792
797
790.775
780.583
770.44
742
736.59
742
750
753.266
789
805
796.066
787.189
778.101
789
788.344
780.482
734
736.673
738.987
742.66
758
762.508
763.963
763.564
760.434
781
781
776.219
769.005
765.355
764.544
696
695
698.06
719
773
781.598
777.041
776.023
812
810.849
798.388
788.38
687
657
658.975
660.637
666.274
664
669.28
675.658
680.338
742
742
742.12
743.033
750
735
728.239
723.384
718.977
714.273
687
687.537
695
697.279
805
812
798.65
788.38
778.769
757
758
766
750
734
729.263
724.588
720.654
717.863
718
718.036
718.342
727
742
745.012
766
767.21
762.433
804
800.979
791.589
758
752.866
751.297
749.643
749.513
719
725.122
742
750.563
751.847
748.388
746.766
749.31
751.898
749.699
745.232
741.919
740.767
739.337
812
792.52
781
781
789
789
797
788.025
812
774
777.428
776.655
734
745.337
718
719.789
696
671
657
679
677.756
684.218
690.366
695.482
700.331
704.804
708.901
750
754.154
742
726
711
713.676
713.112
711.888
672
680.169
681.789
703
707.525
727
734
727.575
727
695
719
687
688.669
672
687
685.271
685.861
625
656
664
661.831
711
706.017
705.739
706.749
705.67
703.751
734
724.164
720.647
720.118
717.675
716.236
714.23
712.603
766
773
760.224
753.852
748.589
747.74
711
696
695.609
693.081
695.213
734
711
719
721.675
721.634
688
695.345
688
711
715.715
711
719
722.255
743
736.18
703
711
679
649
648
649.417
653.312
658.263
672
682.314
688.997
693.356
696.755
699.422
701.295
774
762.601
749.722
741.241
733.695
724.185
750
743.781
735.375
734
732.483
730.819
734
730.347
727.006
724.856
723.153
721.595
719.706
717.806
716.568
781
751.873
765
735
735.641
735
765
756.757
805
789
781.126
797
773
774.174
750
751.034
748.229
745.519
744.569
744.101
703
750
740.047
737.974
737.984
738.803
739.615
740.026
742
741.579
727
726
727.698
727
711
718.456
717.014
710
696
719
710
711.382
713.356
727
723.201
719
722.486
719
720.55
720.038
720.426
720.695
695
695
697.013
696.859
727
730.221
758
752.472
789
781.876
735
738.955
672
687
688.848
692.618
680
719
721.736
758
754.706
751.884
748.082
789
779.912
789
774
734
738.471
726
719
695
698.798
698.798
701.276
695
696
757
757.624
752.24
747.007
746.495
742
711
727
725.06
703
706.228
710.275
711.112
709.711
727
729.482
725.636
722.03
723.676
720.696
828
786.757
766
761.806
757.939
750.296
743.986
680
701.812
702.629
706.248
710.734
719
672
690.28
688
679
682.486
680
711
706.981
708.376
750
750
743.634
743
739.758
732.882
727.089
725.25
836
792.582
774.229
769.13
797
734
741.172
741.926
736.564
732.3
731.945
828
828
793.772
784.906
780.966
774.738
765.104
820
799.855
782
777.331
828
808.734
790.181
786.372
899
854.049
820
836
838.319
781
789
802.275
795.93
782.595
783.022
790.258
785.467
813
813.337
743
768.656
719
723.966
724.469
727.431
875
882
849.523
841.606
832.875
818.966
807.466
797.663
773
766
765.735
703
711
781
786.229
789.48
813
843
832.673
822.196
867
856.219
838.484
831.994
773
743
740.805
727
725.501
782
820.439
805
810.615
815.88
796
790.578
787.635
774
766.066
762.394
742
695
697.583
774
758
764.312
781
789
788.943
797
781
775.154
768.746
750
745.7
750
748.215
734
738.4
739.867
741.504
875
823.49
836
828.133
818.492
774
765
758.733
773
797
820
813.313
803.672
794.257
783.631
775.13
805
806.643
800.181
792.638
787.55
860
840.046
822.05
828
804
800.476
773
781
836
831.367
820.569
809.484
804.083
812
813.881
805.937
794.995
791.508
797
802.305
875
907
929
899
877.413
868.592
789
786.359
742
742.094
741.841
746.429
757.593
769.638
922
921.971
961
907
892.362
882.243
868.006
938
932.653
875
864.722
883
883
873.232
861.615
857.24
906
883
875.428
870.087
844
813
815.226
816.17
898
892.069
881.433
872.126
871.434
877.344
876.713
868.283
863.143
866.182
922
912.51
893.835
881.965
878.161
880.912
890
882.828
883
938
867
852
867
876.339
878.737
860
856.208
820
813
816.392
821.553
827.696
829.526
825.667
827.442
828
831.248
820
821.464
822.161
823.876
825.501
718
790.21
750
891
858.481
907
894.87
859
828
805
758
762.326
763.427
765.841
765
821
843
852
848.754
845.6
840.666
804
797
795.734
792.062
792.718
794.074
795.037
795.453
796.385
795.895
898
880.059
872.399
844
837.267
829.63
820.999
757
768.57
766
820
831.003
852
848.354
820
782
778.912
778.468
781.475
785.177
788.826
774
776.587
883
946
992
946.483
914.644
1015
1016
997.331
937
907
890
893.506
895.034
906
900.178
893.399
1078
1056.03
1009.63
868
828
834.52
882
904.994
898.925
886.276
883.993
892.395
922
899
885.952
882.131
859
883
929
883
877.607
879.388
946
976
951.128
926.935
917.851
969
1015
977
956.64
945.302
950.631
957.909
949.762
933.722
906
910.68
859
864.049
865.301
851
854.378
856.153
914
930.82
891
890.628
902.135
912.198
908.984
883
867
891
903.276
914
922
906
907
921
925.256
918.499
907.352
828
840.655
846.015
844
847.711
797
844
848.139
851
846.235
820
829
835
852
867
867
860.971
862.622
859
861.983
862.254
861.692
861.636
862.967
864.6
865.897
945
945
921.794
910.286
901.542
894.494
887.564
921
907
859
859.648
861.188
863.525
864.818
863.766
862.323
862.616
864.308
992
928.918
910.569
922
891
890.297
887.465
883.94
880.811
878.147
877.373
938
926.463
917.235
883
883.183
906
905.979
922
910.106
902.227
930
927.81
922
913.112
908.177
909.81
909.487
904.598
900.14
900.367
903.184
903.331
899.491
895.678
896.447
899.669
899.919
896.507
893.023
895.157
914
914
906.581
900.397
851
896.689
893.373
883
929
919.808
875
914
930
914
883
893.209
899.559
901.478
894.383
875
906
922
945
917.559
907.837
915.418
867
876.307
883.453
859
863.251
868.394
930
916.97
903.865
890
900.321
905.591
852
859.872
864.561
859
855.768
867
874.852
875.12
851
828
836.519
841.122
842.939
842.397
847.026
854.111
856.612
851.724
849.081
852.709
855.032
945
913.333
892.086
875
921
969
938.367
852
852.141
855.693
863.903
866.856
906
891
914
912.973
907.962
897.943
890.467
886.67
977
943.815
918.78
907.998
906.939
908.59
953
938
906
883
890
899
828
843.203
845.819
850.015
899
893.92
890.176
888.805
891.857
906
891
945
935.172
926.368
920.5
918.811
1008
975.946
957.261
906
908.836
916.581
919.901
912.864
985
965.507
946
940.677
939.582
867
859
860.341
862.151
865.524
868.618
872.449
875.871
878.256
879.551
937
883
886.085
898
897.848
894.597
883
922
918.613
953
936.524
929.121
929.382
930.681
927.374
924.201
914
915.153
906
898
897.867
914
909.901
907.254
906.797
908.138
909.234
907.751
904.996
905.371
905.266
930
924.47
836
804
855.535
804
821
827.781
828.92
831.135
833.748
836.836
899
889.42
888.687
883
886.327
889.01
888.353
1000
985
959.821
950.455
961
958.6
947.952
939.633
937.055
934.22
914
913.664
912.918
910.092
914
911.503
911.042
911.582
929
883
896.932
914
914
911.675
898
883
891
890
890.098
890.571
893.001
945
938.572
933.406
929.739
929.481
927.504
921.707
917.273
914
883
888.732
889.536
914
916.542
930
927.479
919.566
911.824
904.256
907
904.713
930
932.438
929
922.674
954
951.492
943.01
936.101
936.339
961
914
919.116
921.354
920.182
859
953
953
930
925.178
945
942.791
927.71
923.794
934.338
935.178
921.635
918.721
929.282
930.247
916.832
917.38
898
912.35
961
945
925.666
925.8
938.302
935.139
946
968
946
935.276
922
925.578
930.308
932.549
938
931.691
927.126
946
906
898
902.547
906.018
909.654
922
920.707
918.851
919.536
921.531
923.115
923.097
920.092
919.29
891
899
890
891.47
899
901.47
914
916.379
918.496
917.757
915.057
912.206
909.433
907.284
905.377
903.677
937
961
952.391
944.919
961
959.272
906
911.112
914
953
949.455
940.425
934.794
992
977
953
937
938.69
941.149
906
908.15
922
953
944.857
932.231
934.333
941.743
940.356
925.517
919.688
926.179
934.461
929.391
915.821
937
948.368
943.538
867
885.608
907
914
905.028
891
904.908
929
930
911.977
905.267
917.471
898
900.014
922
928.305
918.693
914
937
941.937
928.614
916.216
924.392
934.771
925.951
922
899
882
891.528
896.31
891
887.662
891.333
890
868
859
861.454
863.446
937
935.222
923.794
929
933.859
927.763
946
945
936.263
929.717
927.73
922.303
916.554
898
907
882
914
954
946.952
941.558
938.468
931.475
922
916.195
911.502
908.061
905.575
904.915
905.087
938
944.635
945
938.402
933.2
953
956.001
951.731
946
940.161
929
922
867
907
914
917.405
913.82
946
956.731
914
917.907
907
875
879.481
880.941
884.001
961
946
929
932.942
934.961
927.135
920.9
923.293
920.101
899
929
932.512
930
920.933
883
867
869.312
805
817.683
852
898
930
930
945
961
937
933.553
928.001
915.95
909.124
868
890
906
907
908.38
911.278
907
902.001
882
882.641
820
790
804
805.995
820
828
837.155
841.974
845.576
875
880.48
884.901
887.533
891.138
893.941
894.65
894.58
894.118
906
883
885.64
906
938
930.143
921.603
914.956
913.679
913.119
909.269
904.235
899.999
896.265
892.832
969
946
934.548
928.981
924.952
920.094
946
906
945
930
926.9
924.107
922.588
921.768
920.264
914
914.584
883
899.663
875
879.198
813
858.63
852
851.143
868
863.659
868.865
992
977
961
962.321
938
940.44
936.083
906
908.298
904.633
901.655
969
945
930
976
985
969
963.613
962.896
957.906
929
891
922
920.154
917.485
916.254
914
953
947.557
940.623
938.522
930
927.914
925.016
921.863
922
921.697
920.751
920.537
920.913
953
951.294
899
890
891.236
893.154
906
909.466
922
925.544
921
915
921
921.99
906
908.005
909.809
899
890
891
892.867
895.015
898
859
872.211
874.14
859
883
887.284
888.135
890.138
893.063
892.66
945
932.97
927.599
938
933.729
946
939.425
936.414
929
929.055
926.277
923.349
921.562
921.016
960
948.26
906
912.114
912.792
906
907.84
899
900.151
899.036
883
851
867
891
894.324
897.962
902.561
914
922
922.765
922.734
929
926.795
921.772
890
914
899
898
891
893.478
922
937
930.17
899
902.844
890
890.023
888.287
886.349
885.815
885.873
812
856.323
930
914.769
890
894.448
976
946
936.663
953
952.059
944.597
945
914
953
947.259
969
954.51
950.582
954
953
945
941.837
914
920.201
946
937
930.872
930
931.685
931.224
930.636
914
914
915.586
916.484
922
921.196
923.341
899
910.22
914
913.35
898
903.494
906
908.504
906.995
907.543
914
915.267
890
930
922.089
918.167
969
955.647
961
938
938.784
867
911.045
905.21
904.028
905.999
929
921.769
919.648
922.521
938
929.815
938
934.049
898
907
961
934.39
1000
953
937
939.993
940.505
875
883
886.914
891
890
946
946.485
953
942.612
961
955.652
867
886.8
844
840.79
852
857.694
883
906
852
870.07
876.771
872.321
873.417
881.596
914
922
911.14
891
892.611
889.702
883.331
880.995
922
918.931
910.247
891
894.622
897.08
892.555
885.884
883.585
898
844
858.092
862.952
864.25
945
931.238
920.27
992
976.379
1016
999.414
986.644
982.227
976.071
970.022
930
934.917
931.815
945
940.678
961
959.423
957.953
956.992
914
922.912
922
918.283
919.104
961
922
930
945
937
938
942.658
939.83
930
934.296
934.496
931.575
933.471
935.274
933.398
875
902.687
890
887.852
937
931.501
915
925.797
926.713
918.494
921.378
925.093
919.646
917.458
891
914
912.79
909.592
976
961
954.062
954.671
961
950.449
946.791
948.022
942.271
937.271
914
918.889
917.365
922
919.608
921.55
930
929.703
907
915.516
915.744
914.364
914.613
916.27
916.463
937
933.309
930
929.019
931.03
891
907.457
945
937.547
931.523
932.67
932.87
925.285
976
969
945
945.107
946.398
937.789
933.308
934.283
932.103
961
951.237
922
937
936.887
931.685
927.818
931.663
953
945.391
937.837
898
911.672
875
890
891.25
891.92
893.582
895.925
954
945
940.883
914
918.963
923.089
923.479
883
889.599
892.956
898.04
894.961
891.247
894.647
900.484
899.498
891
892.332
895.835
898.333
894.649
891.523
894.005
897.318
896.08
892.456
891.48
922
920.675
909.809
883
898
903.716
904.757
945
922.972
910.228
921
923.762
953
934.376
920.699
961
956.012
953
930
929.771
937.321
976
961.822
946.763
939.609
941.473
946.775
859
891
937
931.161
921.694
907
843
863.164
781
791.126
791.801
758
766.644
771.26
758
762.205
742
781
786.017
758
734
742.103
744.621
711
718
719.636
797
797.329
798.454
799.29
803.047
828
883
870.717
858.643
984
961
934.084
961
953
942.36
935.883
933.969
930
961
954.822
947.609
947.579
948.513
930
929.718
929.91
927.017
924.458
922.104
922.507
922
937
932.185
953
948.034
961
992
985.062
980.596
977.252
973.802
967.624
962.217
953
961
957.321
937
938
953
955.212
955.877
954.816
956.346
957.403
955.632
952.703
946
944.791
943.979
953
952.843
952.714
952.074
961
962.165
962.568
960.739
953
938
940.311
922
923.289
953
969
969.798
965.195
946
945.624
946.344
947.767
949.511
948.679
945.031
943.201
944.709
976
953
961
958.687
959.169
956.769
954.508
953.874
961
958.732
937
938
939.626
940.93
922
926.334
883
844
852.342
853.456
907
918.652
928.653
935.481
937.799
1008
1003.02
992.609
953
945
941.663
936.04
931.926
969
975.189
966.799
957.581
992
991.097
976
967.089
992
989.625
975.014
966.191
967.925
1000
990.86
977
971.194
974.439
976.841
970.583
962.593
976
980.806
976.139
961
962.564
970.644
972.703
930
940.432
953
961
954.342
946
957.49
967.35
797
892.293
892.519
889.536
711
788.192
711
664
672
664
672
676.581
680.748
685.16
689.205
692.66
695.559
698.02
700.398
602
644.93
632
633
635.512
638.579
642.568
647.054
899
822.333
802.311
906
872.74
858.575
857.309
853.568
852.302
851.036
773
797
799.3
790.846
789.58
914
914
922
903.813
893.028
891.8
887.64
879.265
871.816
866.514
930
914.534
898.849
937
953
985
984
971.973
967.238
945
953
930
930
927.123
922.788
919.543
937
899
905.038
904.658
903.755
899
901.252
938
960
954.651
949.747
922
937
935.356
969
961.839
954.971
914
930
930.293
930.58
927.519
924.38
924.807
977
922
924.969
927.776
961
945
939.073
934.034
961
957.68
951.12
929
932.184
899
875
877.436
938
937
930.433
914
919.855
930.519
933.918
906
907.53
914
922.633
883
885.257
890.535
900.352
898.575
890
914
926.921
923.3
908.169
946
961
945.138
914
921.071
932.809
928.545
921
912.45
922.597
929.133
920.321
898
905.168
937
945
930
917.549
914
937
937.872
925.067
915.219
920.9
929.805
927.751
914.814
910.57
937
940.698
906
930
935
953
914
917.677
928.3
931.81
914
914
924.583
914
906
907
914
919.63
914
883
893.539
900.901
905.35
899.202
969
961
939.652
936.202
945
946
927.654
927.843
936.513
933.47
977
961.006
930
945
950.643
921
920.824
927.271
906
906.142
910.616
912.939
908.004
910.332
915.013
914.217
910.832
913.015
915.276
914.127
912.499
907
953
943.022
935.968
933.072
969
960.662
875
875
868
871.154
870.599
875.933
880.867
884.537
887.515
922
938
984
972.102
938
890
907
908.685
911.772
910.332
922
926.672
925.348
945
954
946.731
938.054
906
914
914.305
914.539
911.661
961
960.632
949.124
939.546
898
900.34
901.531
922
925.612
924.177
922.962
867
878.067
879.787
890
893.391
896.441
900.717
976
974.93
960.131
949.73
943.021
867
870.796
872.54
906
906
902.263
900.501
960
915
898
898
922
918.997
875
914
921.171
915.517
902.093
903.899
909.462
914
904.197
899
905.055
937
946
931.087
920.756
992
961
922
953
954.528
944.261
914
923.419
914
953
939.487
961
968
954.182
941.661
907
912.174
914.542
916.074
912.989
915.198
920.143
920.125
968
930
926.152
922
923.199
922.479
875
906
905.037
937
945
937.593
933.943
933.559
934.855
932.649
928.313
924.775
924.044
922.96
920.387
898
905.23
875
867
899
896.696
930
929.137
930.373
931.696
928.775
890
895.525
875
874.996
852
855.14
852.808
855.34
858.707
929
937.16
937.326
936.223
929.067
919.72
891
885.054
879.402
875.321
859
861.427
852
852.08
898
911.722
867
871.405
883
875
872.818
872.879
906
906.085
899.137
891
914
882
891
890.973
907
900.707
945
930
923.827
921.371
918.446
912.417
914
910.445
906.586
961
961
947.325
914
913.527
915.019
914.754
911.283
898
901.261
901.815
901.912
901.632
901.533
953
943.983
935.413
930.742
926.065
914
908.543
907
905.242
921
924.807
919.175
913.46
922
923.966
890
891
893.766
899
898.593
914
953
943.225
934.151
932.712
929.59
921.408
907
875
876.623
907
922.161
921.693
946
947.823
953
922
916.95
918.467
915.614
909.709
883
885.032
887.026
890.273
892.898
894.585
914
922.216
920.355
929
931.159
924.67
916.086
910.44
904.662
891
887.806
886.262
953
946.155
984
976.352
930
930
926.789
937
932.404
906
909.514
911.187
912.795
907
905.136
907.051
960
953.516
937
929.593
930.23
906
898
897.484
899.347
922
907
929
934.157
977
966.417
955.455
914
899
914
924.84
930
924.813
918.767
916.238
919.617
922
918.786
914.368
910.821
913.03
914
914.177
911.112
908.163
890
895.301
896.305
898.841
921
923.317
920.048
916.002
907
906.012
907.339
945
939.55
932.475
924.862
920.749
917.964
913.395
859
874.249
880.742
890
894.249
899.663
953
952.125
860
871.517
884.472
805
804
807.658
844
851.776
857.741
870.862
878.034
891
883
859
867.643
875
871.296
960
933.49
913.085
909.306
984
954.966
928.153
919.528
922.948
923.844
911.911
905.218
905.958
905.422
985
955.578
937
930.017
927.623
946
922
909.31
883
922
923.111
918.29
993
992
1008
982.63
974.497
970.796
963.312
906
891
890.716
892.372
895.92
900.189
905.741
909.957
912.64
913.68
860
873.857
873.197
874.009
1031
994.216
982.537
978.587
938
945
946
937
914
916.021
915.994
914.224
930
899
903.158
904.48
902.227
969
950.253
960
951.361
922
921.438
899
922
916.644
914.783
915.997
922
922.041
923.816
924.064
924.184
924.354
891
906.821
930
920.019
918.329
922
920.337
929
930
926.539
926.494
925.842
926.229
867
883
901.79
898.363
899.98
909.995
930
921.632
914
920.84
920.007
883
897.481
903.073
844
862.866
869.499
922
912.654
961
954.888
939.676
883
883
886.516
881.354
883
875
874.971
874.771
804
825.045
826.976
804
813.682
823.337
824.102
891
899.644
892.698
892.941
892.837
884.375
860
882
878.442
873.12
891
929
922
913.964
911.673
899
922
913.397
906.443
905.412
922
914.134
909.585
953
969
945
939.502
940.549
933.687
927.198
923.896
921.146
906
904.527
904.411
902.157
900.915
922
923.897
920.538
875
891.978
894.564
883
875
875
875.414
907
921
918.441
918.488
919.881
917.804
930
914
916.397
916.783
913.432
882
887.585
883
898
898.523
883
907
910.154
906.552
901.72
904.112
905.409
922
914.757
930
929
922
918.299
919.678
918.638
914.809
875
888.564
891.186
892.468
889.159
892.527
906
907.455
902.13
903.749
1024
960.044
992
979.098
967.485
836
805
804
805
820
834.334
849.123
861.09
870.458
877.684
883.295
886.858
945
953
943.612
933.233
931.858
914
953
946.7
936.095
1015
996.603
976
977
976
969.843
964.324
960.466
959.659
957.289
977
971.157
945
950.047
951.062
947.118
943.469
942.043
968
961.89
969
963.952
962.711
945
949.871
899
891
890.746
984
977.665
975.893
978.042
969
961
954.215
946.761
940.821
937.903
937.289
937.226
937.672
852
851
922
946
952.771
937
938.353
968
963.606
954.117
947.52
867
898
906
907.533
905.044
953
961.455
952.42
948.632
950.1
943.947
969
929
929.214
932.646
898
901.301
946
942.599
932.81
914
921.607
924.544
969
958.906
952.251
922
925.224
953
947.891
940.247
969
963.491
958.162
952.676
929
931.767
933.426
931.215
927.331
929
946
946.435
953
944.701
985
980.712
922
925.735
938
938.436
931.39
882
907
953
945
930.338
932.955
937
953
939.576
933.92
937
941.247
953
937.111
922
932.189
938.744
868
851
855.915
945
950.839
935.517
922
937
944.967
922
912.274
898
852
854.601
829
830.898
890
910.024
908.009
904.646
909.73
913.375
899
890.546
887.123
898
867
862.763
865.344
868.501
866.019
891
898
897.148
893.467
893.341
906
901.588
895.604
891
889.551
891
891
886.229
852
860.251
862.32
866.03
867.169
867.254
870.59
874.045
874.567
871.506
868
869.653
869.318
875
828
852
890
884.163
898
898
894.666
891.276
890.317
888.985
886.166
922
914
898
898.481
898.984
930
922
898
897.681
899.505
922
883
887.661
888.229
887.286
885.638
883.096
773
766
801.892
906
899
895.046
901.824
906.029
898.778
828
834.444
842.702
804
808.886
818.565
851
849.056
843.943
899
898
880.686
871.176
914
909.16
883.155
938
935.438
902.959
883
896.612
929
907
890
901.281
922
903.579
887.369
897.501
903.586
889.546
876.806
885.182
890.423
922
921
905.518
906.014
912.46
907
889.341
890.486
875
877.092
867
867.412
869.887
872.341
872.384
875
875
877.7
879.61
880.563
881.087
859
852
867
870.29
873.668
859
863.799
867.04
868
869.504
883
882
875
852
867
869.916
875
875
869.183
898
906
896.245
886.231
883.421
887.067
885.104
874.756
867
891
893.56
883.86
859
866.186
872.558
875.519
875
859
865.706
874.446
878.178
869.463
883
888.597
885.165
875
875
882.895
884.863
873.644
870.069
879.435
884.862
875.743
866.275
851
859.883
907
929
914
895.835
894.509
906
905.518
893.244
883
882.737
898
899.24
883
877.566
879.994
899
899.67
890.228
914
906
867
868.593
872.785
878.285
875
870.283
875
820
781
782.64
783.46
734
746.942
748.395
753.871
759.47
664
721.66
721.608
723.651
727.386
734.189
610
594
598.647
600.441
586
596.13
602.295
606.957
750
828
823.257
820.255
820.503
992
954.252
912.659
889.345
889.534
914
911.046
820
821.569
852
828
823.979
823.494
938
934.441
904.195
889.645
890.434
890.652
860
875
874.814
789
813
819.634
804
852
864.185
836
843
853.304
805
813.437
812
789
793.007
773
789
787.587
789.575
793.056
795.292
937
908.911
954
940.218
883
859
883
899
929
910.021
812
823.651
829.454
837.915
820
819.888
820.915
867
876.325
870.747
857.049
850.942
855.843
860.127
828
825.714
827.669
831.804
832.229
930
906
883
875
873.285
868.064
734
762.691
781
792.48
790.537
796.388
808.114
812.503
808.079
809.596
781
791.604
792.699
773
781.791
797
799.47
789
795.807
828
825.118
814.906
813
820.133
821.965
797
820
823.442
814.68
807.719
812.04
813.045
803.501
799.594
789
791.794
790.891
773
778.173
781.885
783.814
727
734
739.995
742.922
740.258
745.908
766
757
762.158
767.35
769.471
768.078
770.932
750
756.257
750
752.441
754.257
756.433
759.164
750
758
759.564
766
812
742
753.288
755.222
688
731.138
726.296
648
683.023
625
645.745
647.701
625
635.27
617
627.11
594
601
602.848
594
601
633
631.734
766
753.632
752.365
751.671
751.004
859
844
812
798.716
801.783
742
742.295
744.371
740.933
738.56
737.441
738.527
739.633
739.56
781
775.69
768.826
820
828
812.218
803.203
758
755.892
695
695
688
695
688
679
683.32
683.809
719
758
765
805
810.794
789
783.379
778.998
770.438
719
719.212
657
657.91
656.934
680
697.936
712.778
805
766
766.933
726
717.805
719
734
735.051
719
717.128
717.498
713.203
708.929
656
664
664.242
657
661.474
667.045
672.737
677.016
680.304
682.396
684.108
734
734.103
727.164
750
751.306
742
739.337
738.944
758
751.328
828
809.864
798.445
791.912
788.716
766
726
729.262
704
750
747.489
747.615
757
766
762.708
758.609
755.228
751.511
747.124
671
697.309
672
671.836
672.71
674.563
678.297
680.555
683.287
685.728
828
789
750
751.997
751.83
726
726.428
724.601
720.817
718.824
750
781
774.198
758
752.722
750
743.556
738.12
734.608
733.329
731.195
729.453
734
732.579
732.426
731.857
730.03
728.594
726.667
688
736.802
726.91
726.352
727.109
727.873
728.52
728.884
728.492
758
742
743.987
711
696
699.705
711
712.767
714.643
716.716
718.941
720.327
820
821
820
805.52
844
840.286
832.215
774
771.13
781
781.682
774.67
767.709
767.1
890
859.385
906
899
835
829
833.997
832.344
883
906
878.567
862.632
836
867
852
844
837.574
838.406
859
875
899
882.336
869.698
844
845.599
867
864.681
859
851.715
805
816.466
844
849.996
847.317
968
926.792
903.909
896.297
895.681
893.538
883
873.452
836
836
837.871
906
903.102
891
922
920.449
907.812
893.078
885.421
875.064
863.681
855.81
852.245
850.131
849.285
849.584
850.308
828
831.219
812
813.83
812.237
836
846.281
854.76
828
852
852.567
883
851
857.142
860.657
861.874
859.037
820
867
860
828
890
875
867.532
864.17
875
836
846.455
883
869.203
859.144
861.672
864.013
854.203
851.986
859.958
858.18
657
757.713
649
734
724.468
724.85
765
758
781
782.282
785.735
789.489
792.096
793.851
703
687
695.958
695.428
696.371
758
754.592
758.35
763.318
766.52
843
826.018
836
825.674
820.066
816.181
758
765.917
759.274
752.823
753.262
753.568
804
799.461
859
844
812
758
758
755.454
735
711
714.034
695
719
727.792
829
831.173
852
844
832.272
821.388
766
759.132
753.626
719
703
702.421
672
672.757
672.281
672.639
674.232
672
679
680.239
682.561
703
710.477
711
671
682.918
648
664
625
639.617
657
659.438
726
733.225
735.54
703
711
707.401
790
773.246
820
797
783.826
777.054
758
774
797
784.829
778.318
775.882
805
812
836
828
813
812
789
788.533
742
719
703
702.126
711
719.143
726.776
732.98
739.067
746.042
703
710.005
664
640
633
632.595
636.275
642.023
648.747
851
837.715
823.925
867
899
836
827.098
790
777.875
768.513
761.303
703
702.875
703.109
664
668.215
656
657
658.151
659.957
679
682.304
684.411
686.432
688.305
689.505
672
674.842
674.807
674.86
676.985
625
625
625
627.594
630.457
634.677
639.291
805
820
805
789
778.468
774
734
750
744.168
733.214
725.012
718.812
713.203
708.389
705.095
703.838
703.459
750
745.934
741.161
735.663
680
656
656.357
657.644
661.466
602
586
586
585.537
587.974
586
588.888
601
603.903
608.335
611.648
614.685
617.364
619.569
621.374
623.1
624.967
627.636
758
742.392
727
711
687
641
680
681.35
678.02
669.121
617
617.41
621.987
630.641
636.355
648
641.368
656
664
672
667.196
672
664
664
657
656
617
641
637.332
633
637.824
639.949
664
672
668.92
695
690.38
683.63
679.317
673.177
664
659.398
654.938
651.778
650.121
650.199
650.64
625
664
652.471
653.313
656
655.591
649
651.7
649
648.539
648.049
647.752
641
632
635.943
634.491
633
633.931
634.536
635.434
636.309
680
669.241
687
683.715
682.408
681.619
680.208
648
650.934
648.669
645.985
664
665.434
664.193
663.406
719
734
719.488
789
804
789
775.383
735
728.389
703
672
671.605
664
640
633
633
633.827
672
687.698
697.901
703
727
727
725.259
721.061
679
679.27
675.702
718
711
711.379
711.449
712.248
672
672
672.106
704
710.249
705.186
700.372
698.735
697.055
693.37
672
671.932
671.376
672.194
672.394
672.62
674.433
703
708.98
705.363
672
675.25
676.561
734
728.473
718
709.42
705.916
704.773
719
713.048
700.953
695.12
695.583
743
737.759
782
758.408
766
773
770.781
828
828
811.693
797.686
793.951
773
769.998
828
816.571
802.542
790.422
789.122
875
820
828
820.424
843
821
817.119
816.452
811.226
806.188
875
839.998
829.508
827.017
820
828
868
875
851.722
844.803
845.156
852
836
828
867
855.011
846.839
841.917
867
875
862.73
891
884.616
835
838.71
842.721
841.224
835.633
836.749
930
898.149
867
836
852
857.803
852.927
844.473
906
892.32
865.873
969
937
844
848.264
836
860
853.846
858.422
938
902.51
877.967
879.901
880.978
937
930
903.583
895.118
888.061
874.953
864.284
953
961
919.732
906
905.83
804
813
797
798.724
898
910.793
903.458
899.07
993
981.097
955.596
960
915
953
946.785
930.835
969
964.039
947.848
939.494
940.894
934.844
883
906
908.04
901.702
899.163
904.459
904.986
985
968.444
957.717
954.796
930
925.666
945
939.816
938
941.135
941.612
935.995
922
926.049
930
914
917.819
920.602
918.245
916.395
937
954
942.722
936.686
937.876
933.779
927.429
924.975
925.243
930
930
926.985
928.333
921
860
925.415
916.643
912.043
851
883.235
884.838
881.929
880.336
883.808
886.978
875
880.11
906
938
927.812
922.171
929
932.308
945
934.975
899
906
938
931.715
921.704
913.935
918.517
898
901.068
899.044
930
922.965
915.556
938
938.983
933.306
923.746
921.846
923.448
899
859
891
937
992
985
974.314
899
901.679
904.083
906.602
891
895.338
900.462
903.893
900.281
938
945.925
936.76
928.241
961
922
946
945
936.741
932.011
907
909.729
906
898
899.201
875
875
875.913
877.36
852
861.796
906
907.189
859
872.908
883
880.378
859
865.703
869.839
868.426
869.014
868
871.387
898
893.848
867
872.684
880.012
906
890.729
906
901.69
922
930
914.746
899
922
925.254
899
896.463
903.901
937
923.978
937
927.194
922.895
921.659
906
905.724
904.163
901.269
969
952
940.484
930
929.228
924.787
890
896.593
899.13
914
913.417
909.805
911.403
852
866.115
828
829.871
828.471
828
831.543
834.875
838.143
883
891
898.103
852
860.196
898
904.275
900.083
836
835
839.773
883
883
867
906
914.45
908.09
898
898
868
864.388
861.916
860.383
852
875
906
900.015
906
929
938
920.972
911.183
875
867.613
863.367
907
867
851
805
805
781
783.463
883
901.044
929
1000
1032
1010.89
992.251
979.32
963.86
947.61
935.972
928.297
922.697
918.671
937
939.837
937.683
935.246
933.16
906
914
912.18
908.62
908.586
898
898.512
898.439
897.607
945
922
883
887.039
887.544
889.386
892.205
868
890
891
893.047
836
851
844
852
851.764
852
855.781
859.154
861.511
836
844.841
846.502
849.197
849.483
850.82
853.881
857.242
859.113
860.413
862.774
865.581
875
872.53
869.294
870.506
906
898.461
891
884.024
915
909.109
900.735
894.679
883
884.071
883.25
880.226
877.371
898
897.925
945
932.781
883
882.277
884.293
899
875
844
848.365
867
883
880.639
867
883
894.741
897.417
860
859
867.262
859
856.7
844
860
875
876.999
864.635
860.15
867
876.305
871.955
859
855.824
891
867
859.088
856.567
864.319
869.337
929
901.388
885.449
883
886.215
883.192
874.087
890
930
913.025
894.34
891.19
893.912
914
922
844
855.493
774
792.976
695
717.071
665
664
656
658.354
661.618
633
640
618
617
620.2
602
608.489
610.901
613.605
617.107
578
594
597.835
602.685
606.588
611.272
812
787.012
776.459
765.689
781
790
779.882
768.417
719
712.928
712.791
703
726
724.067
719.649
945
877.5
833.096
815.186
805.084
793.973
781.969
742
737.806
688
679
704
707.942
680
703
717.133
722.158
724.307
757
759.145
773
766
750
744.672
742
736.545
695
700.269
699.776
664
656
657.002
657.749
661.777
718
735
731.73
758
758.278
747.131
735
758
726
727.897
687
689.762
703
706.037
709.866
875
820.308
806.22
859
836
844
834.464
826.703
822.545
817.307
811.898
807.377
664
714.017
713.745
717.021
721.478
730.692
617
663.859
625
617
625
672
726
711
715.658
720.474
721.232
721.744
875
840.355
822.012
797
750
749.471
735
730.404
758
755.511
751.346
751.201
727
725.901
688
671
671.486
671.771
673.944
633
646.964
679
680.518
686.618
805
797.185
790
783.985
774.953
767.055
762.435
756.956
711
734
736.625
730.772
726
727
687
690.613
711
713.077
711.366
711
713.176
688
692.037
691.032
688.017
688.016
687.954
805
773.94
820
811.09
803.513
798.448
792.592
758
757.685
752.102
746.367
742.972
741.421
740.99
740.449
740.309
740.204
594
695.891
686.683
625
632
625
641
625
632.127
634.314
636.002
637.366
639.279
632
680
676.489
678.493
682.703
742
736.975
734
733.021
734.194
734.257
680
672
673.925
727
714.559
706.044
743
734
723.62
735
718
711.695
708.272
735
727.44
718.495
716.637
688
689.845
758
741.845
727.268
696
702.028
707.222
703.997
697.28
765
744.373
765
751.858
758
749.537
718
721.705
727
720.992
804
828
795.952
787.103
813
802.055
789.171
821
773
772.509
711
717.72
727
757
755.311
812
806.879
774
776.734
771.177
757.818
751.608
883
839.918
819.749
818.427
828
807.882
859
849.603
891
867.423
883
874.586
863.881
828
830.732
781
786.719
784.531
867
848.905
843.913
843.313
836.978
830.378
825.294
821.14
817.702
828
823.919
828
827.765
821
859
850.091
867
859
857.915
857.079
853.7
849.927
846.52
890
878.745
898
860
861.738
914
906.145
899.316
892.978
888.758
889.388
888.908
885.014
881.07
877.7
875.08
872.497
906
894.979
889.976
886.316
884.603
884.294
891
886.895
883.196
881.959
875
915
897.089
893.056
914
910.215
922
875
880.589
797
773
784.613
813
828.296
840.368
907
937
927.495
921.138
914.636
902.528
890.891
880.846
914
918.069
946
898
897.44
900.146
897.421
929
867
870.86
883
887.283
883.576
899
895.131
892.694
890.298
886.815
883.505
880.717
879.255
878.946
878.7
891
891
891.146
836
865.671
875
873.268
872.791
883
881.905
914
905.336
901.287
898
897.68
875
882.332
882.134
867
872.827
898
892.798
886.219
887.345
890.46
899
887.153
890.153
844
854.799
856.444
856.024
858.722
861.437
862.186
862.941
891
891.015
887.337
887.439
891
887.93
891
883
882.649
836
859
860
858.879
891
890
907
890
891.005
890.101
885.565
882.689
879.62
876.856
874.656
859
862.549
875
872.502
883
881.349
805
859.796
850.934
851
852.242
852
853.993
922
896.726
882
875
878.475
880.098
876.145
873.197
874.004
945
915.409
902.203
896.74
895.87
897.96
930
883
885.522
930
918.331
909.102
902.866
883
883
906
914
904.958
875
875.697
890
900.476
896.253
888.212
883.695
887.038
894.032
898
890.147
884.276
886.568
893.969
895.576
889.256
867
899
902.67
902.427
889.008
883.251
890.968
930
921
883
880.528
886.319
896.323
897.275
890
879.053
888.748
900.484
903.47
891.28
879.366
886.582
898.167
843
855.193
861.552
867
883
873.635
859
868.986
878.686
899
888.689
867
867.888
877.747
887.729
885.235
869.542
865.769
875.045
886.335
885.136
868.414
862.864
872.156
882.44
821
832.928
843
821
836
838.456
867
866.705
836
843.631
852.28
875
891
851
853.785
863.21
870.826
865.086
850.024
836
846.641
853.861
836
832.542
891
898
879.24
863.296
870.242
878.435
867.57
849.242
891
898
922
938
953
930
929
928.248
919.472
905.598
902.507
900.29
893.375
887.379
887.979
953
929
919.902
917.437
883
859
875
880.711
884.437
875
878.552
882.149
898
896.19
899
897.496
897.716
859
875
867
869.773
869.098
870.799
883
886.16
886.049
882.558
914
913.769
906.534
900.998
901.725
867
871.983
867
844
867
890
889.202
887.628
843
853.957
860
851
855.711
859.878
857.138
857.873
891
890.955
882.64
891
875
868.5
867
864.748
860
851
854.051
854.802
852.703
891
886.458
881.422
880.473
875.465
851
854.707
828
828.421
828.649
827.641
830.36
832.833
834.727
875
882.048
882.299
867
868.654
867.5
863.261
828
832.69
867
871.484
868.029
864.078
863.579
914
908.213
867
863.66
890
893.274
880.579
899
900.174
891.6
879.272
879.673
881.913
876.541
883
891
882
875.357
877.6
880.461
875.955
868.303
870.255
872.207
868
836
844.787
875
880.792
836
859
891
885.078
891
888.569
889.003
884.685
880.472
882.25
879.693
906
898.915
906
901.734
896.958
894.328
891.01
886.466
891
898
894.253
891.924
883
884.897
898
895.234
893.352
891.574
892.342
891
890.816
889.194
883
884.58
885.251
891
890.687
883
885.11
886.687
890.265
888.485
884.059
884.326
889.82
844
836
870.743
870.589
851
863.906
865.969
859
828
836
838.527
867
865.135
867.416
872.523
871.176
883
881.765
877.77
874.312
828
836.818
838.845
839.196
852
883
914
901.498
894.727
890.963
881.914
859
844
838.56
834.969
859
870.921
873.75
906
909.105
898.949
899
891.482
880.365
870.584
875
867
862.521
859.482
856.58
853.755
851.611
850.052
849.137
848.685
812
828
844
891
893.306
890.692
907
903.793
895.796
890.028
883.492
875.778
898
900.098
896.941
945
942.578
931.942
899
899.706
898.461
893.343
889.008
886.955
883
879.808
876.827
930
921.949
828
828
861.359
797
827.03
830.297
831.602
961
969
941.994
938.808
914
922
915.866
898
894.442
890.234
885.349
883.039
880.655
879.371
914
906.92
900.957
897.68
914
890
875
852
854.843
852.424
852.855
854.245
859
859.468
875
882
887.527
892.563
895.842
898.041
898.174
773
796.466
765
774.888
776.756
930
953
938
922
916.198
922
875
880.461
875
865.766
860.442
856.343
852.663
922
915.741
828
836.896
843.975
867
914
905.078
867
866.325
867.107
861
914
906.015
843
867
871.764
874.839
866.273
863.263
870.727
852
852.031
860
862.712
860.263
860
890
888.048
872.561
867
844
848.044
849.648
859
856.044
858.249
862.907
805
826.892
829.047
828.675
829
867
851
883
881.054
867
867
883
883
874.391
852
867
867
875
844
853.54
820
825.611
743
763.364
765.602
742
753.559
759.371
761.272
890
930
916.835
912.535
898
889.463
880.981
872.652
898
894.232
899
930
925.5
920.158
919.094
915.557
911.918
908.529
937
931.711
922
921.743
875
875
875
875
873.245
872.338
872.661
875
875.143
876.436
877.329
877.873
878.131
878.122
878.122
878.131
878.751
879.789
880.926
882.64
868
890
888.785
887.563
836
889.917
844
851
855.547
868
906
898
891.788
888.785
851
860.11
863.876
866.124
864.677
836
836
840.234
844.105
891
880.347
872.041
852
856.873
860
869.648
930
945
918.282
903.28
892.896
881.308
930
924.401
906
894.422
889.803
892.012
894.591
892.296
890
899
896.475
852
858.467
875
878.51
878.603
891
906
906.003
883
883
843
846.078
846.908
914
917.67
907.534
930
931.135
917.796
909.385
906
896.818
887.086
860
828
829.386
844
855.768
863.153
852
854.551
858.125
867
868.084
875
875.118
867
863.912
883
890
887.495
879.281
875.984
859
859
860.374
851
850.443
899
899.331
892.422
885.04
882.123
878.6
872.1
765
797
832.873
914
899.813
961
953.831
961
948.055
945
935.742
883
899
895.761
884.974
922
924.245
915.149
930
906
901.045
922
922
913.235
912.778
908.817
903.852
899.822
896.62
899
895.367
894.573
895.544
895.916
906
891
897.979
836
898.718
884.648
883.037
836
867.312
863.957
891
883
859
869.829
844
844
846.571
848.174
848.405
860
857.554
860.042
861.878
875
873.342
872.828
873.932
875.212
875
891
859
821
836
859
862.742
861.883
864.911
844
836
813
867
861.604
859.124
857.877
914
901.771
889.743
884.678
882.911
874.158
864.527
906
900.532
922
891
883
898
930
945
953
868
906
904
898
897.452
892.605
890.843
891.272
930
922
913.896
914
883
890.819
890
891
891
887.244
821
838.932
842.001
899
894.449
883
884.323
890.794
953
940.276
928.539
836
847.827
854.816
866.834
868.548
862.716
758
775.115
812
844
852
843
891
903.032
899.922
878.033
875
860
859
855.171
848.6
852
854.564
855.819
852.789
945
899
888.881
886.874
881.491
883
876.184
870.586
868.009
864.897
907
906
922
911.431
938
931.932
923.413
914
906
891
887.689
884.456
882.049
875
906
900.589
901.291
901.235
898.796
906
903.091
901.62
851
875
871.312
870.021
891
886.837
889.169
891.139
891.358
892.154
892.503
892.79
914
914
906
905.016
906.068
954
906
907.415
898
901.12
868
851
854.432
855.917
858.295
861.155
863.761
899
901.806
900.829
859
866.575
868.538
871.423
870.092
843
813
816.671
804
782
784.671
786.753
790.233
794.042
798.013
802.969
808.082
922
920.447
909.76
914
909.547
900.548
859
852.415
848.037
843.164
842.08
844
883
906
901.355
914
908.75
899.137
889.874
881.7
874.411
868.269
863.306
859.665
856.682
891
906
860
859.912
862.768
883
887.864
891
884.862
880.215
878.298
875
891
836
847.232
899
906
898.255
888.033
883.028
914
913.786
859
858.422
862.283
870.491
868.919
781
789.692
797
808.234
813
859
898
954
921.342
836
852
836
836
827.75
805
820
833.004
841.924
852
845.124
883
895.597
867
852.019
853.162
789
793.208
794.406
799.339
801.516
804.101
808.139
810.875
867
870.202
851
844
846.601
843
834.744
797
801.204
803.064
806.031
898
890.242
877.063
953
954
898
859
863.844
864.691
857.273
849.309
836
875
890
914
899
888.454
875
867
861.347
813
815.626
817.052
914
910.793
897.207
883
883
877.946
868.132
860.817
855.873
856.312
856.509
854.003
859
859.292
836
839.678
813
815.429
805
806.598
829
836.614
842.916
846.136
836
851
849.639
846.883
845.183
846.016
847.348
847.495
848.187
891
890
885.048
843
844.429
845.494
844
842.671
859
857.591
883
876.562
898
891.396
875
874.933
872.162
844
859
844
843.804
843.244
843.122
828
828
828.653
859
852
836
842.521
843.846
840.812
875
868.664
865.778
867.232
883
859
862.365
851
852.062
851
883
877.095
907
859
867
867.083
866.232
864.383
844
849.455
848.901
847.933
846.954
898
882.418
915
898
895.172
890
886.707
883.991
880.402
876.997
873.966
883
878.338
876.936
875
875.254
874.93
874.689
874.628
875.121
875.19
875.513
875.808
876.086
867
871.492
828
884.296
836
844
883
869.923
906
914
910.796
860
894.727
888.174
883
884.795
884.424
883.347
883.127
882.458
875
859
866.812
828
828
852
844.705
868
862.882
891
882.779
898
875
852
857.587
859
857.866
828
852
847.443
848.229
930
938
953
944.145
936.562
928.097
844
828
797
797.223
820
860
875.298
884.34
885.16
880.375
875
867.949
861.445
836
828
825.868
813
820
820.983
823.429
804
804.662
804.488
835
844.278
850.991
854.429
860
820
816.787
813
811.08
797
799.384
800.731
802.913
806.315
810.09
890
914
898.589
886.876
875
864.711
852.807
841.467
833.097
827.649
824.52
822.034
820.847
820.379
860
871.512
852
845.449
842.14
838.934
834.29
830.102
899
898
884.107
875
899
890
875
852
851.151
853.234
855.22
851.546
859
863.242
862.516
856.157
852.107
820
827.105
828.473
836
844
867
876.327
869.57
861.714
836
852
853.597
853.299
850.126
844
847.482
849.287
851
846.683
859
860.466
856.084
850.89
868
882
875
868
864.31
866.115
864.508
851
828
832.334
852
859.367
853.122
859
868.374
870.061
836
840.061
847.415
773
820
821.23
820.154
820.327
824.337
930
930
902.542
875
859
857.796
853.563
847.888
843.875
845.12
846.29
844
840.959
840.555
875
860
867
890
884.335
878.648
873.614
869.181
875
870.907
865.814
862.21
906
875
898
893.535
891.172
859
844
846.064
847.504
848.888
718
696
679
688
691.776
698.637
707.791
898
887.053
930
875
876.021
878.241
872.088
866.434
882
891
914
908.407
906.945
906.92
905.455
922
867
867.974
868.998
865.72
898
922
883
883.05
885.056
881.977
877.787
836
836
875
880.834
852
858.61
865.604
868.749
859
860.539
865.978
869.268
863.776
851
856.337
875
873.225
862.037
858.307
865.67
836
860
861.951
860.314
854.685
836
844
820
824.083
836
838.037
835.859
837.401
797
810.329
812.709
815.137
765
782
734
750
750.825
752.28
756.757
760.441
765.06
769.385
773.638
836
805
809.127
812.966
813.334
813.046
828
826.226
824.441
824.343
836
836
844
840.331
820
828
826.738
823.276
821.816
828
825.979
851
844.553
841.074
820
823.83
821
836
831.389
829.239
830.715
758
758
790.555
793.691
727
759.346
761.465
759.852
773
775.582
779.169
789
789.505
791.819
750
758
760.146
759.596
758
761.069
764.136
766
768.219
735
748.223
750.448
752.44
859
802.836
875
899
861.011
856.217
805
820
814.928
875
851.257
875
867.102
804
817.002
815.37
805.712
805.469
961
992
930.125
953
1023
975.267
952.31
950.556
941.517
928.008
828
836
859
899
890.876
884.948
914
938
945
891
887.301
896.888
897.401
813
828
839.358
850.972
839.727
834.365
875
892.318
797
797
805
805
797.977
797.18
811.613
805
801.702
813
822.954
823.035
789
821
804
804.394
781
812
828
852
844
833.012
834.32
838.41
833.52
825.533
821
824.625
844
828
836
844
875
866.728
858.482
836
835
837.745
839.012
843
835.937
859
858.557
855.632
828
829.233
851
853.042
836
832.767
828
833.424
835.414
831.885
828
830.234
834.813
836.236
781
805.775
812
814.581
804
797
804.147
809.95
812.176
734
768.004
770.756
766
766.267
767.979
852
859
845.656
838.41
867
866.588
852
840.388
846.605
849.897
859
842.894
838.9
845.347
820
818.061
818.675
818.929
815.422
812.69
781
789.303
790.982
791.661
791.974
860
844
851
828
821
822.761
821.575
819.983
820
822.374
821.877
821.336
828
826.538
797
758
764.027
742
744.848
711
717.733
718.536
721.296
725.336
728.939
732.817
736.312
739.645
742.912
745.983
750.207
754.177
805
812
815.045
829
832.144
782
783.601
784.318
784.647
782.91
766
768.576
781
781
778.827
789
766
750
752.033
753.543
766
805
789
796
821
804
795.193
793.713
789.087
782.817
797
765
743
746.269
758
789
773
774.56
779.288
779.109
774.43
813
811.926
801.637
797.418
797.985
791.954
789
766
766.273
765
742
750
774
785.34
781.956
821
821.854
811.053
804.802
799.513
789
780.831
775.153
769.412
828
822.336
844
844
833.887
797
781
766
761.572
820
859
848.345
835.628
844
839.915
828.692
816.572
797
781
774.015
772.497
734
727
726.29
726.43
729.778
732.738
736.394
739.891
743.203
746.876
750.28
765
742
735
735.709
735.199
719
742
742.255
747.541
752.394
755.919
906
861.336
921
899
881.248
870.861
861.649
853.666
846.8
711
765.047
703
711.963
781
777.104
779.106
780.902
907
875.805
844
840.439
835.71
825.17
815.591
810.576
774
775.144
766
742
746.654
748.138
749.451
751.755
753.965
756.241
757.81
812
807.888
812
805.228
829
828
820.877
815.825
742
753.381
751.536
680
706.905
703
706.082
836
828.341
984
931.081
903.595
895.77
914
875
875
874.956
864.89
857.611
766
805
807.205
806.361
891
885.347
874.512
867.168
828
820
818.463
829
824.253
820.868
820.836
819.314
815.747
860
867
863.901
861.136
883
851
836
838.059
834.794
844
805
814.496
816.551
818.302
821
818.65
821.295
824.578
825.337
822.836
821.662
774
790.304
791.139
791.916
828
829.186
867
865.882
861.044
857.023
852.635
846.319
840.931
837.152
833.133
719
771.166
767.184
727
751.168
749.273
790
789.117
821
816.776
820.705
820.89
820.55
819.274
818.477
816.89
750
797
859
883
865.927
861.949
898
886.441
876.686
872.623
869.518
864.344
859.853
855.841
850.359
847.17
859
875
869.011
828
835.294
828
828
827.182
844
843.664
844.658
805
817.331
816.893
818.335
820.333
823.071
774
790.85
758
742
742.182
743.461
745.966
844
845.431
845.423
846.658
797
800.791
800.514
789
792.318
813
867
898
886.803
876.917
868.546
867
857.405
847.71
839.874
828
836
834.272
830.759
852
851
845.965
844
838.851
832.427
828.75
825.287
822.321
821.02
828
828.434
829.165
828.963
828
826.867
826.816
804
817.87
805
807.755
805
806.72
813
811.986
790
801.564
798.474
799.447
800.798
801.284
802.981
803.559
836
830.331
829.665
805
820
818.38
758
765
727
711
711.786
713.355
750
761.46
774
781.511
782
773
777.716
789
781
805
803.162
802.048
801.046
799.22
796.855
794.152
791.368
789.663
788.38
786.978
785.649
836
823.001
817.484
859
875
862.429
859
853.157
845.694
839.118
833.726
829.871
826.7
823.827
821.444
844
845.525
842.642
839.386
953
961
912.046
945
930
918.301
908.821
899.219
890.978
859
883
882.49
875
874.698
879.028
878.607
859
813
820
822.175
825.623
829.955
797
806.46
875
906
896.201
889.872
914
899
898
860
851
852.68
852.908
851.013
828
836
841.279
845.631
852
847.872
890
868
860.376
857.072
765
742
744.211
726
729.987
732.195
789
820
821
832.999
844.67
846.226
820
826.422
826.682
821.735
821.042
813
811.462
820
818.151
817.691
844
841.442
828
828.575
826.941
823.152
828
823.983
821.098
821
820
816.999
797
757
743
742.287
742.102
745.08
750.467
756.511
762.546
769.429
812
828
833.117
836.2
773
805
789
787.222
836
833.099
827.506
820
836
821
789
773
766
764.024
765.021
767.342
770.107
828
828
836
821
814.888
807.623
798.818
792.967
750
753.253
752.721
754.277
758.493
843
845.096
835.3
830.279
821.557
809.849
798.819
789.132
781.41
719
723.151
727
766
783.099
792.317
797.419
735
711
711.072
703
657
661.821
672
680
689.344
699.376
711.471
718
722.26
726.708
732.697
737.175
739.332
726
728.469
728.623
725.917
734
758
754.267
747.744
743.848
766
726
730.783
703
705.785
726
720.427
797
812
828
938
930
907.371
898
886.517
843
831.717
827.744
821.888
782
765
767.094
768.205
769.512
812
817.417
804
802.958
803.223
800.458
797.601
828
805
773
766
765.974
766.432
768.864
843
867
868
861.662
856.141
848.374
838.984
830.009
843
789
791.383
790.171
787.371
828
805
807.483
813
810.168
807.153
804.865
821
812
809.067
808.431
806.299
804.353
802.361
801.445
907
906
886.604
878.549
813
820
813
811.197
810.475
809.222
809.846
810.477
810.753
810.745
811.526
811.997
812.356
813.163
774
807.781
803.167
801.488
828
822.064
822.555
824.4
824.253
824.431
823.865
774
823.024
812.439
809.435
810.641
809.511
809.736
922
862.585
868
861.566
858.277
813
824.339
823.061
818.693
758
750
734
719
721.327
766
777.183
789.348
860
862.312
854.483
946
918.479
895.791
891.554
881.718
867.941
862.223
883
873.795
866.694
869.325
921
907.378
894.079
922
918.15
922
914
899
898.4
895.559
890.096
884.869
836
820
844
852.583
858.673
938
938.266
953
922
906
945
942.761
932.706
921.68
919.705
917.084
852
851
853.512
857.854
821
829.333
835.136
839.691
859
867.542
872.953
828
837.157
804
805.073
765
769.826
769.909
772.458
867
883
883.462
883.114
898
891
885.353
880.624
873.976
843
842.646
837.113
831.206
829.966
883
882.049
906
899.474
906
875
874.188
868.044
860.889
857.112
853.656
898
891.536
887.218
881.846
877.57
843
848.539
828
828.868
867
877.016
878.868
906
908.387
900.699
892.97
885.31
876.211
859
855.488
853.129
852.751
836
860
865.112
867.539
906
907.028
891
890.914
867
860
856.431
852.732
899
898.947
860
860.72
797
806.247
806.8
810.271
816.811
824.013
830.809
836.133
840.179
867
873.327
873.1
921
917.819
905.872
898.893
899
891.415
937
953
954
945
890
907
906
903.742
900.092
897.258
898.764
922
919.306
914.38
909.722
908.628
898
897.513
894.498
914
911.01
907.566
903.606
828
874.308
805
819.693
797
801.761
797
789
836
827.854
882
907
910.43
882
868
869.717
804
817.463
815.555
828
835.223
844
859
861.012
938
929.294
969
953.565
938.407
931.354
954
945
933.494
899
900.85
852
852.216
828
828.756
875
884.924
890.516
898
901.648
902.198
922
914
907.733
906
900.406
894.008
889.92
828
838.664
838.336
930
922
921.835
922.483
913.617
905.158
896.675
886.4
876.491
868.501
862.918
859.086
858.039
852
853.405
805
817.686
814.246
816.004
820.176
875
888.618
890.222
906
891
883.481
876.251
868.016
862.231
860
860.854
862.224
812
828
844
938
953
932.618
945
935.363
976
930
924.114
867
867
844
838.971
836
836.892
875
914
923.634
875
870.09
874.813
891
891.904
953
945
938
925.815
891
875
868.173
866.096
868.602
836
836
836.196
836
839.432
781
797
828
844
847.346
882
890.792
906
900.074
898
844
836
820
815.068
815.813
818.361
824.876
898
930
922.471
910.906
899.669
945
891
886.197
885.356
820
859
860.052
855.96
854.263
875
873.873
867.47
866.036
867.972
866.053
750
795.371
726
730.826
730.262
731.066
734.267
738.146
740.609
742.92
745.394
747.47
696
703
703.527
703.373
704.108
705.39
707.527
709.816
713.376
656
689.937
687
750
867
899
871.268
850.632
1109
1054.39
1046
1008
930
875
875.571
882.845
813
796
803.618
750
734
737.688
745.193
750.649
718
696
704.554
711.969
715.023
716.329
774
779.233
780.541
805
773
774.683
790
791.253
793.255
794.751
789
791.558
791.919
929
874.756
847.453
839.044
834.257
827.828
883
867
847.797
839.971
840.198
953
906.068
878.678
867
875
875.554
891
882
871.851
937
917.801
953
928.66
890
891
894.918
894.655
891
890
914
909.265
899
851
862.547
805
815.891
816.176
773
789
797
836
867
873.657
877.465
883
883.96
882.433
880.593
875
852
852.072
851.186
849.503
850.905
906
915
909.019
901.887
895.205
886.154
852
852.144
847.007
843.174
844.352
852
843
844.513
821
825.175
822.559
822.861
825.121
826.938
829.152
907
937
925.884
914.575
891
899
895.823
883
875
867
864.411
862.166
860.493
858.837
858.915
820
826.804
804
813
859
867.149
869.463
836
837.016
838.757
839.359
837.736
852
875
875
875
877.238
922
919.862
890
860
862.617
864.295
862.282
858.327
953
941.781
919.085
859
860
863.275
864.5
860.541
857.592
930
945
953
924.751
915
911.795
902.867
875
867.373
875
879.585
875
883
889.936
888.068
880.642
875.492
867
859
856.836
859
859
861.097
820
852
867
883
879.902
878.872
882.168
883
882.249
867
870.078
871.795
859
868
867.607
866.171
865.356
867.007
867.206
922
909.082
899
896.513
893.052
887.251
883.241
879.436
906
899
894.253
890.267
889.512
889.351
886.527
883.114
880.722
875
875.061
874.083
873.318
937
930
914.578
938
906
883
881.523
880.747
851
914
903.545
900.606
906
902.593
898.585
907
902.832
898
896.348
894.329
867
878.936
877.108
875.313
867
836
847.473
849.105
848.214
853.103
857.536
859.385
859
862.911
946
937
922.956
922
946
941.176
882
885.583
889.273
887.217
881.329
880.846
885.129
886.113
881.39
890
890.222
887.561
883.72
883
891
887.763
884.533
882.871
883.67
883.172
880.528
879.169
867
871.006
930
953
934.324
921
922
922
891
890
887.504
883.894
867
868.92
869.753
930
925.846
918.189
882
836
829
828.503
831.187
890
911.787
913.068
937
933.657
891
883.263
879.895
875.605
872.163
871.228
899
882
907
910.634
904.891
897.332
892.606
887.021
937
938
928.116
921.514
918.286
913.276
907
882
882.73
906
907.117
891
890.944
895.647
960
915
882
891
896.691
907
899.758
894.264
922
926.75
906
899.373
906.213
912.96
905.507
883
888.74
883
887.501
883.948
881.743
898
914
905.995
915
915.805
908.284
914
906
883
885.083
898
902.408
896.327
897.422
903.426
905.247
899.028
895.823
906
908.585
901.683
897.377
914
915.139
905.41
898
904.81
907.245
898.353
894.447
890
895.013
894.682
889.816
891.993
914
913.997
906
891
875
891
906
902.734
892.856
896.755
909.304
911.851
900.686
895.956
903.104
890
888.618
883
921
915
906
902.219
914
914.746
945
928.916
919.468
919.418
921.215
930
920.696
913.738
929
929.722
899
882
922
907
890
892.314
875
891
883
859
866.135
868.933
875
871.118
872.555
876.713
879.67
906
899
937
931.539
891
895.481
900.674
898
892.003
889.507
899
897.571
891.704
888.794
892.423
893.419
890
886.64
888.872
914
914
890
891
859
872.419
874.342
875.511
873.643
828
842.71
845.77
850.243
849.658
847.143
851
855.499
813
859
854.877
844
846.175
883
898
899
898
894.812
895.513
898
898
899
891
890.202
882
879.693
876.83
874.095
873.503
938
945
945
936.875
914
922
921.978
916.482
938
932.315
930
924.098
919.251
915.248
836
867
864.843
867.699
870.11
873.116
860
864.226
864.669
899
898
896.654
898
899
898
898.12
875
881.17
879.578
878.917
883
882.193
884.922
886.641
888.643
890.404
930
929
922.574
918.3
912.729
905.681
898.16
914
910.804
908.018
945
939.144
933.453
929.832
924.741
918.711
914.865
911.363
908.474
906.463
906
930
927.904
924.952
920.709
937
938
933.163
976
977
961
957.447
938
922
919.593
917.265
917.191
918.662
920.794
906
911.564
945
948.03
945.028
939.556
936.168
934.691
921
917.067
914.619
913.349
913.23
913.501
945
952.607
949.152
907
908.22
906
909.191
911.65
912.727
911.934
912.889
913.56
913.515
912.337
911.302
910.225
909.564
909.848
937
938
934.928
898
914
912.565
916.951
918.007
913.952
912.637
914.59
954
946.886
937.161
930.229
929
930.224
969
961
950.457
968
963.112
953
948.782
977
972.778
964.344
961
961.653
961
907
875
876.369
877.931
867
937
956.078
952.948
969
984
974.663
993
961
956.254
953
945.753
942.113
941.579
940.783
939.948
939.824
939.821
939.819
930
890
904.284
899
901.153
904.19
905.828
907.433
984
972.356
968.392
965.903
963.883
969
965.401
964.624
964.171
962.514
961.147
958.097
955.235
899
875
875.437
874.691
883
875
906
891
896.89
898.833
899.087
900.206
900.602
901.46
901.957
902.402
903.391
899
901.717
907
906.947
908.707
914
914.139
914.615
883
897.773
894.377
851
901.077
887.131
886.228
885.546
984
931.355
923.227
923.945
922.243
920.2
920.735
953
938.652
868
895.343
897.877
812
846.814
836
883
876.924
930
923.83
916.488
920.946
938
945
937
932.371
929
922
916.241
899
899.495
897.696
896.289
896.715
930
924.644
924.253
923.746
946
940.461
934.939
933.459
968
958.362
950.522
944.386
891
898
901.46
905.315
914
918.456
930
932.892
977
973.77
962.17
955.766
950.446
941.769
968
954
976
945
947.72
961
957.917
951.996
948.216
914
922.938
922.189
922.259
922.79
985
974.257
968.602
907
890
892.259
893.772
897.26
883
888.331
922
934.708
934.897
945
950.159
947.238
940.86
936.382
932.786
927.334
930
922
914
912.764
930
933.078
932.193
928.14
945
953
949.818
942.048
938.423
937.561
934.761
930.529
937
935.934
915
919.187
938
941.693
935.965
922
926.079
931.114
932.58
926.951
923.55
928.005
932.568
899
890
893.978
898.211
906
890
883
899
909.589
910.327
900.938
901.656
911.482
937
922
911.897
961
953
941.322
933.303
938.165
953
941.9
946
953
948.973
938.718
934.817
961
958.631
930
929.539
938.855
941.087
930.714
961
962.007
951.158
930
937.641
942.752
937.235
929.599
936.937
944.143
939.421
929.123
939.164
949.163
938.966
883
899
911.436
915.881
907.726
922
938.868
953
935.171
969
914
917.361
922.614
923.378
917.723
921.94
926.702
923.615
976
960.036
949.743
948.364
985
966.227
985
971.453
963.518
930
906
908.678
909.923
913.037
916.224
969
976
965.364
962.83
957.105
944.891
933.572
924.916
914
910.24
909.17
909.577
938
953
958.886
961
956.71
949.094
940.641
932.602
985
983.052
953
944.031
941.666
938
914
937
938.307
941.569
898
908.964
922
914
914
929
930.311
930.158
927.066
928.926
930.046
954
946.764
906
915.367
920.611
923.338
916.902
922
929
929.907
953
953
942.919
953
954.819
922
898
903.244
906.196
945
941.089
922
925.023
929.205
928.31
937
933.285
927.437
928.669
929.8
925.064
919.68
920.527
921.95
920.814
917.826
919.359
937
961
954.436
984
981.492
961
954.531
899
908.05
945
984
980.373
992
993
982.715
993
990.175
977
969.779
963.285
937
938
945
948.799
951.069
950.715
949.444
944.675
939.9
936.6
933.819
932.521
932.379
961
938
930
906
945
940.163
941.245
914
922.319
969
964.959
945
942.525
944.553
946.407
906
915.24
920.641
923.929
860
890
907
907.032
898.713
902.043
913.597
898
897.163
901.464
898
897.06
895.439
945
937
930
922
926.957
928.103
918.217
914.751
920.168
921.279
985
959.908
947.501
944.348
944.977
922
923.213
921.748
930
922
918.607
835
868
898
914
907.787
906
938
939.305
931.653
927.381
930.151
930.64
875
867
871.677
906
907
901.235
953
977
969
961
945
936.96
926.404
915.562
953
945
930.483
929.898
932.62
883
888.281
892.81
868
871.965
878.198
992
971.426
957.302
969
945
935.392
928.78
906
883
969
984
969.253
963.331
957.197
946.847
937.437
929.966
921.661
914.952
852
862.325
859
860.313
946
961
937
936.837
859
852
851.177
875
890.837
902.349
911.551
913.891
909.46
904.712
898.103
893.264
922
914
875
898
899
894.803
891.139
889.766
852
857.618
858.7
828
813
815.376
816.053
914
961
992
930
928.737
924.676
898
914
899
906
903.451
900.983
1000
979.27
984
938
935.33
930.523
923.478
953
944.952
914
913.842
906
907
906.299
903.175
891
890
890.915
875
878.824
828
855.123
851.009
734
734
743
734
773
782.014
843
852
867.538
872.814
914
911.061
910.079
922
937
946
922
922.923
937
932.063
927.57
946
942.829
954
951.477
948.729
875
894.111
895.698
890.88
945
931.757
927.091
925.019
993
972.136
958.297
954.014
960
951.512
943.071
939.32
934.755
961
952.278
937
938
942.175
939.995
922
929
931.471
930.358
914
930
930.17
928.363
925.102
926.777
907
913.493
915.113
915.957
914.731
917.984
921.511
945
940.608
936.229
938.06
945
939.647
932.966
935.683
929
925.462
923.505
924.647
924.284
953
949.197
938
922
922.447
805
888.626
882.074
881.142
852
865.487
868.344
867.503
937
925.14
924.144
927.113
922
924.009
938
961
953
914
938
929
922
922
937
931.96
929.263
922
930
890
883
906
900.714
901.055
875
883.962
885.915
884.593
922
923.041
914
929
938
931.325
907
882
885.607
887.218
875
877.852
922
922
930
924.901
919.461
913.058
905.412
897.68
922
922.156
916.292
912.913
922
918.708
912.047
909.194
914
912.257
930
925.355
945
945
922
938
953
945.005
937.568
914
917.336
918.279
918.619
915.872
917.26
919.843
859
860
869.762
906
898
905.038
912.254
910.533
908.596
911.65
910.463
914
910.795
836
853.714
858.015
844
898
930
924.873
924.905
1047
1007.39
988.775
968
954.456
961
969
968
959.522
953
961
953
945
942.985
914
915.784
913.707
912.692
938
937
937.545
938.117
953
946
929
907
859
852
851.253
853.162
922
953
969
971.354
961
984
969
964.114
898
901.556
898.849
897.541
891
890
907
912.602
915.792
916.564
922
922.584
918.919
915.426
930
926.756
906
908.48
914
910.641
883
888.948
890.899
893.194
922
898
914
915.533
930
922.283
906
930
926.508
918.534
915.799
930
922
945
953
943.472
938.628
945
942.49
953
938
953
949.511
945.247
942.609
875
905.13
906
903.871
904.962
938
932.106
945
930
934.849
935.276
914
922.98
883
893.165
894.639
922
920.223
924.211
945
942.485
940.139
941.433
914
938
937
930.444
929
927.769
923.761
920.373
906
908.092
937
938
934.169
935.521
929
938
933.973
930.638
922
937
934.099
931.306
929.136
945
941.125
938
906
918.348
920.975
921.169
891
899.54
907
922
945
922
924.197
930.66
931.97
925.209
906
930
929
925.346
914.796
917.583
925.918
906
883
888.8
922
927.25
954
942.761
969
967.832
954.536
944.126
948.216
960
969
952.67
947.512
938
937.792
968
960.502
992
981.982
973.335
967.788
968.184
922
927.068
928.244
954
961
958.064
952.731
952.525
954.167
969
967.95
960.313
952.841
914
890
891.474
892.804
922
914
906
930
940.232
930
929
934.292
937.64
934.588
930.36
914
916.228
916.401
976
961
953.471
950.229
950.241
945.148
937.322
931.716
928.565
929
925.831
907
909.587
910.755
898
902.021
903.842
977
959.493
951.178
949.583
943.535
932.704
925.211
921.028
918.026
930
930.589
928.756
929.883
937
938
935.397
932.299
922
914
898
859
836
835.688
835.486
1016
959.716
1023
999.215
1047
1022.22
1010.94
992
983.766
976.722
970
965.939
962.755
960.333
958.997
958.495
958.192
953
953.823
954.162
922
875
859
852
812
805
804.742
804.193
914
929
944.32
948.448
860
836
757
756.188
755.496
758.707
763.109
672
690.223
640
644.855
647.041
650.979
617
625.527
609
614.369
616.673
618.965
586
595.97
598.415
601.369
604.244
570
587.787
590.374
596.366
600.032
605.084
611.086
618.61
868
784.258
750.71
737.214
820
796.247
773.864
789
789
787.734
786.468
785.252
784.762
929
899
906
886.495
875.266
875.824
875
875
870.039
866.761
875
871.649
865.89
875
868.348
862.713
843
852
848.007
820
860
850.446
848.008
899
885.062
880.494
878.154
875
870.736
870.651
867
864.99
890
883.194
880.62
882.078
906
896.857
892.366
892.397
890.295
886.687
899
893.359
889.967
889.883
946
921.935
915.361
912.521
859
860
864.529
869.974
851
907
859
869.313
836
847.623
849.002
875
869.422
869.837
852
836
841.484
842.999
843.03
842.904
841.541
946
960
915
905.058
898.09
889.359
879.445
872.773
868.452
864.916
861.987
859.593
858.519
858.458
858.76
858.528
858.476
858.237
858.236
858.603
922
906.786
906
896.956
887.578
880.144
922
916.213
908.077
882
880.698
885.076
907
953
935.102
916.926
907.886
906.123
909.521
843
860
828
851
851.727
883
890
887.43
886.052
887.375
890.838
893.465
781
801.961
781
783.614
785.879
789.779
794.424
798.778
836
843.134
849.432
854.209
860.416
805
818.566
773
776.653
719
703
703
711
718.395
728.621
739.576
750
760.837
797
808.452
821
797
799.745
801.763
735
789
750
753.341
757.137
756.134
937
961
909.301
886.446
898
885.301
865.521
853.711
846.624
844
805
773
774.897
742
742
743.174
703
664
669.344
656
657.665
659.185
660.834
662.652
665.031
666.758
668.556
766
836
835
835.597
838.333
843.578
847.769
847.401
945
891
820
820.883
781
789
788.101
786.835
785.619
786.271
750
727
734
736.279
736.8
737.412
737.897
738.928
633
689.074
686.941
683.97
685.469
687.948
890
834.467
819.993
844
898
868.451
859.517
861.858
862.069
856.972
853.321
938
844
842.837
849.845
844.26
883
873.81
868.246
867.703
867.141
864.684
891
891
890
884.99
881.625
851
851.065
848.23
845.498
836
838.849
851
891
887.069
881.428
938
969
937
938
935.332
953
953
939.385
935.495
935.424
899
897.811
898.031
894.645
893.191
894.479
890
883
883.891
883.622
884.675
886.13
887.292
859
868
866.307
866.684
867.906
868.729
870.352
906
908.927
911.791
913.492
946
947.91
944.588
914
922
922
906
922
977
969.519
957.665
937
935.913
935.044
930.895
891
894.935
844
828
812
821
824.005
829.294
834.884
844
852.385
805
818.957
820.358
829
832.918
937
954
945
937
934.623
882
930
931.732
922.003
875
883.713
885.307
906
930
920.985
915.036
914.15
908.864
900.918
894.733
889.501
914
909.104
904.282
901.242
899.569
897.31
894.162
844
883
844
852.265
853.868
853.772
805
820.631
773
782.382
780.261
779.719
774
765
782
779.734
782.911
773
781.397
782.131
711
768.461
727
741.536
851
860
849.204
849.443
850.424
797
758
750
749.852
752.505
836
839.145
828.622
822.021
809.825
797.602
898
844
836.005
687
758
742
743.686
745.517
749
751.502
758
758
757.494
750
753.455
754.474
754.804
755.02
755.488
695
696
718
715.759
715.818
719.655
773
766
766.021
781
778.704
778.019
775.773
774.177
750
735
711
709.458
709.796
821
812
797.169
790.503
836
836
820.006
758
758.912
742
726
727
726.608
711
713.138
703
711
712.713
715.493
718.296
721.035
723.57
680
656
656.991
656.559
659.785
662.978
666.193
669.837
675.121
750
764.429
765.25
764.194
764.022
758
766
761.814
755.545
750.395
745.975
741.202
765
766
760.932
756.202
844
830.627
812.564
813
789
784.064
781.085
719
727.544
687
692.558
692.192
693.753
697.29
700.951
704.37
719
725.319
742
749.645
755.707
759.801
762.678
719
726.202
725.921
711
714.033
715.125
716.938
720.005
722.931
725.815
728.365
730.339
731.928
731.751
782
767.591
758.769
753.047
746.489
739.825
735
731.205
728.176
726.73
726.281
875
802.405
821
801.952
883
921
938
969
1000
993.471
987.489
945
937.637
914
909.721
908.818
907.573
907
875
851
867
860
890
899
894.828
893.664
893.836
875
874.828
906
902.163
902.022
901.689
902.029
859
907
921
938
953
953
947.527
942.276
937.723
931.387
945
939.481
906
898
898.363
896.983
895.557
895.224
895.762
906
922
922.526
923.433
860
881.264
883.064
883
884.231
899
900.071
938
922
919.414
898
899
898
907
904.216
946
914
922
920.059
920.245
918.186
914.88
912.088
910.784
909.107
922
917.495
915.427
916.35
916.401
915.714
922
919.418
898
899
900.248
900.497
902.249
903.564
904.776
914
922
938
935.678
933.737
883
896.594
914
917.726
913.249
912.008
906
905.121
922
921.377
915.46
911.899
891
896.107
914
915.205
945
929.28
911.142
907.041
938
938.385
898
891
895.153
914
917.771
922
906.661
903.562
910.715
914
916.454
907.222
900.353
906
915.925
898
894.832
896.417
902.061
906
902.544
895.033
891
898.475
904.583
890
887.23
867
890
894.519
906
896.403
887.97
898
938
929.991
921.386
912.404
910.348
907
937
929.525
919.29
909.832
909.194
915.621
919.108
914.067
903.186
898.922
902.844
910.215
906
899.962
893.724
922
924.562
890
888.1
892.957
890
906
891
883
889.419
899.366
907
906
896.067
894.601
903.572
911.115
922
908.576
897.879
922
938
898
895.22
898.888
883
906
905.114
875
881.326
886.916
892.916
891.779
884.955
886.125
894.585
900.446
895.237
885.578
887.757
897.05
938
922.449
909.269
904.123
908.747
912.69
906.968
896.641
893.209
896.91
922
906
899
894.806
898.53
904.742
891
875
875
879.303
906
906.991
897.812
893.936
897.738
905.904
890
891
892.569
897.491
898.582
892.76
889.322
891
896.026
895.386
888.972
899
859
859
860
867
870.394
871.906
871.106
873.104
898
900.619
897.096
875
878.439
881.962
886.633
884.855
878.141
867
871.184
874.734
878.319
875.369
870.417
872.167
875
878.496
875.789
870.184
867.973
870.921
875.294
876.429
859
852
855.396
836
828
829.093
831.502
836.279
852
852
855.53
859.979
865.069
844
847.724
836
837.795
838.931
750
758
786.348
791.239
804
868
870.129
866.04
867.255
969
976
992
968.263
984
945
932.857
929.335
922.667
915.301
1008
1000
979.467
971.068
968.899
963.381
956.945
951.816
948.717
977
971.409
937
938.754
940.178
937
933.703
930.95
985
977.498
930
931.861
906
930
953
953
985
929
932.192
935.234
938.888
938
935.883
935.752
938.082
940.15
937.16
934.437
945
942.143
939.821
939.349
939.103
930
932.763
931.832
914
921.658
920.3
919.373
920.851
898
899
898
898.108
899
890
896.488
895.382
929
922
891
903.388
890
892.628
892.741
893.189
859
878.728
891
898
914
910.083
908.571
789
774
825
835.86
842.885
849.562
858.177
781
766
758
758.213
570
655.83
656.065
662.38
742
754.157
781
786.399
789
793.288
795.762
796.553
796.49
796.628
796.568
796.495
742
757.733
742
740.829
750
748.734
734
741.823
743.152
743.59
743.692
828
804.588
799.55
875
938
968
927.843
905.256
922
929
969
984
1024
1023
1015.81
1012.27
1012.12
1011.85
938
976
1031
1017.82
1024
1016
1007
985
961
976
961
969
969
964.53
961.748
960.856
959.475
958.302
984
979.644
979.664
980.538
938
937
922
923.522
923.751
899
883
884.164
881.847
930
953
953
958.766
875
889.102
906
913.792
919.277
961
972.797
968.291
960.984
985
981.376
970.062
922
946
950.174
945
935.359
938.573
941.931
937.124
976
970.342
960.628
929
935.859
938
934.168
1008
994.294
981.274
975.737
977
967.629
956.976
937
938.74
939.942
969
970.907
962.714
955.187
947.574
938.642
933.11
931.452
932.665
934.638
945
950.722
954.577
954.873
969
992
989.87
981.052
961
953
951.715
951.337
952.288
951.086
947.532
938
945
930
932.535
898
923.32
953
977
976
970.36
977
978.272
961
938
929
946
955.973
958.771
956.013
937
907
937
945.176
946.881
891
867
872.308
879.876
890.206
914
891
890
899.664
916.404
922.67
910.801
899.768
938
956.037
961
941.29
914
914
927.607
938.015
929.52
922
913.046
917.664
926.712
953
939.614
921.131
914.878
969
1000
983.077
958.975
1047
1035.88
1094
1086
1049.53
1046
1053.47
1052.87
1038.87
1028.07
1029.12
1007
1004.67
1003
1008
1007.45
1005.71
1006.28
1007.37
1007.34
1006.4
1005.73
968
1000
1000
969
961
977
1015
1008.87
1006.49
1010.62
984
1008
1024
1018.48
1014.1
984
953
960.015
953
961
969
972.422
977.492
980.663
969
977
979.17
976.325
973.437
973.234
973.508
972.126
970.143
945
1016
1047
1047
1033.49
1024.01
1013.63
1001.21
991.684
852
920.666
917.541
921.637
852
887.364
888.459
886.543
888.803
896.347
898.301
1063
1032.77
1020.61
1019.16
1017.83
953
985
986.801
972.454
1071
1070
1039
1036.97
1038.11
1025.57
984
946
906
906.397
906.754
977
1039
1032.57
961
1008
1039
1023.64
1010.94
1008.8
1003.47
1086
1070
1055
1044.81
993
992.338
993.028
1047
1042.29
1078
1125
1141
1114.54
1101
1055
1047.63
1043.08
992
992
992.701
996.187
1000.2
977
980.9
982.852
1016
1024.64
1000
984
969
937
937.741
937.22
938.489
940.834
942.756
945.369
948.833
961
966.959
974.444
982.574
989.537
984
984
1016
1022
1016.65
1007.2
985
983.649
984
983.536
992
984
981.034
981.364
983.637
983.962
982.484
979.351
1024
1015
1008.75
1003.75
1000.84
999.085
994.15
987.824
992
992.746
991.891
988.501
987.41
992
1008
1005.58
1000.08
996.318
968
984.385
1024
1023
1015.08
1007.53
1055
1050.11
1008
1004.98
1047
1045.44
1033.91
1023.51
1015
1018.73
1020.89
1039
1027.21
1062
1055
1042.7
1024
1015
1024
1024.76
1018.8
1023
1025.45
1025.26
1019.68
1016.53
1019.03
1023
1019.49
1015.22
1017.11
1019.17
1018.58
891
1010.99
1000.95
993.144
991.849
993.636
789
881.106
880.859
876.422
879.054
886.446
938
934.178
936.366
1039
1055
1036.35
1039
1042.01
1035.93
1034.13
1033.49
1032.22
1117
1087.33
1133
1114.31
1111.26
1078
1082.36
1062
1062.75
1063.12
1062.79
1086
1070
1069.1
1070.19
1068.03
1065.04
1063.21
1000
1027.34
1023.01
1021.73
1024.07
1024.87
961
1000.88
1039
1029.3
1032.72
1036.2
1039.06
1040.34
1047
1046.32
1048.36
1049.26
1049.28
1070
1063.06
1061.75
1062.56
1062.13
1094
1086
1080.67
1078.96
1079.76
1008
1000
992
991.388
1008
1012.23
1047
1053.84
1055.83
961
977
945
946.009
946.508
1203
1127.73
1117
1111.28
1097.59
1082.45
1047
1039
1039
1039
1037.73
1037.14
1036.59
1035.33
1033.29
1031.18
1027.12
1025.95
1015
1016.14
1016.35
1016.57
1024
1054
1049.93
1039
1054
1055
1063
1064.67
1066.64
1031
1036.2
1007
1009.76
1008
1047
1055.57
1054.92
1053.97
1102
1101.87
1125
1112.78
1102.05
1095.17
1088.49
1081.22
1016
1008
1008.37
1071
1085.29
1083.47
1078.6
1074.92
1068.86
1086
1084.58
1076.43
1032
1023
1047
1055.62
1058.8
1023
1026.15
1008
1014.28
1018.28
976
969
992
1005.62
984
982.866
988.154
1000.76
1005.26
1023
1018.74
1019.81
1025.44
1030.39
1028.89
1015
1012.24
1016
1031
1027.19
1019.02
1016
1018.98
985
990.502
1023
992
993.911
996.671
998.682
997.218
969
977.77
980.819
1086
1045.39
1031.49
1070
1065.72
1051.1
1044.04
1048.02
1047.79
1008
1008
1047
1043.47
1070
1055.9
1050.87
1052.09
1048.29
1055
1048.35
1042.3
1078
1086
1072.86
1086
1082.38
1063
1059.37
1000
1014.79
1017.78
1020.44
1156
1219
1164.32
1144.01
1180
1165.8
1086
1054
1052.52
1049.75
984
989.876
992.947
1016
1015
1017.65
1025.2
1029.55
1028.87
1027.77
1000
992
992.606
992
1008
1009.18
1009.29
1010.68
1012.31
1016
1017.33
1000
1007
1008.5
1010.55
1013.14
1032
1032.37
1025.77
1019.8
1015.06
1010.4
1007.13
969
973.973
975.877
978.106
980.74
984.399
1062
1047
1023
1021.91
1017.91
1009.29
1004.81
969
974.102
975.366
1000
1009.38
976
981.552
976
969
968.286
970.528
953
929
931.587
938
953
961.429
1016
1000
996.73
995.584
989.921
1000
998.317
976
977
979.083
979.139
968
967.095
968.935
922
934.141
936.352
1039
1086
1041.4
1031.47
1117
1106.82
1086
1071.12
1068.1
1016
1009.34
969
965.266
937
937.849
938.273
940.283
942.829
914
917.736
953
964.811
961
1000
1012.84
1012.24
1006.77
1002.78
997.831
993.676
992.456
992.129
992.353
993.153
1047
1046.66
984
985.223
988.576
989.751
986.588
982.722
982.254
982.693
981.96
979.209
977.038
1062
1029.6
1000
997.108
997.435
997.6
985
1023
1018.38
1016
1000
992
995.138
995.541
977
978.743
961
966.056
992
991
988.352
986.923
1031
1032
1007
1002.56
1007.34
1007.82
969
973.928
979.195
983.943
978.393
1023
1027.45
1013.94
992
985
987.617
985.25
979.691
922
945
953
956.93
951.086
953.875
984
992.032
981.51
984
992.954
1055
1033.7
992
988.475
997.371
1063
1047
1031
1047
1078
1069.92
1049.13
1038.63
1045.64
1049.36
1035.55
1020.71
1032
1187
1164
1106.68
1078.35
1075.85
1076.67
1141
1106.69
1078.9
1086
1094.96
1063
1054.07
1055
1057.93
1000
1007.36
1011.03
1015
1017.21
1008
1000
1000
1002.47
1002.99
1002.83
1003.01
977
982.791
993
995.708
968
977.313
979.933
922
930
930.354
935.232
939.774
828
852
853.899
860.57
867.035
1039
1110
1055.3
1045.99
1045.12
1029.95
1017.31
1015
1008
992.699
1024
1023.54
1009.23
1008
1004.02
992.478
985.402
1007
1008
1001.48
1008
1004.1
1008
984
984.134
1016
1010.18
1005.41
1003.05
1005.24
1007.21
1005.33
1007
1007.92
1005.21
1031
1023.61
1015
1014.3
1015.36
1000
1000
1001.44
1001.19
1016
1031
1008
1008.19
985
976
977.487
978.431
980.228
982.216
1000
1000
1002.42
1004.81
1005.25
985
953
956.52
938
922
906
906
907.216
909.785
985
1039
1038.38
1000
999.601
997.133
1016
1015
1008
1004.95
1039
1042.23
1032.74
985
985.299
985
987.541
985.795
980.538
978.517
981.776
984.44
983.453
979.534
976.804
977.42
978.082
977
973.982
973.725
975.062
977.346
979.141
1007
1039
1047
1038.66
1029.03
1016
1008
992
969
960
957.471
957.533
962.605
972.563
976
982.678
989.499
994.335
946
953
953.897
1040
1036.57
1026.15
1018.65
1011.33
1001.47
990.584
981.39
1079
1062
1049.02
1041.08
1000
996.629
991.094
983.498
978.2
975.1
974.719
1023
1039
1029.5
1062
1055.91
1043.98
1023
1039
1008
1001.4
1000.46
1000.07
1000.43
1001.41
1007
985
990.863
960
961
958.177
958.645
961.025
963.119
965.254
946
969
965.495
992
993.051
1000
1008
1010.61
993
976
978.886
977
977.602
979.921
906
945.956
969
961
961
945
953
945
947.618
969
984
979.08
975.49
992
988.907
961
967.207
971.247
915
928.137
1055
1094
1053.99
1078
1067.64
1078
1086
1071
992
1009.83
1009.42
945
949.107
955.837
955.667
953.229
945
947.661
948.132
948.149
948.601
949.268
961
960.867
992
991.686
989.62
988.183
1008
1007.41
1062
1039
1034.84
1035.03
1034.83
1008
1010.5
1008.52
969
974.714
972.407
971.5
973.562
976.048
978.054
969
972.169
972.397
972.536
1148
1019.62
1016.32
1015.06
1012.88
1078
1050.47
1063
1054.51
1050.19
993
1000
999.839
993
945
958.151
985
1000
999.058
997.244
1016
1031
992
996.598
969
972.206
984
961
961
961
962.461
984
993
992
991.335
993.424
994.587
991.264
987.201
984.074
981.609
992
984
982.163
980.987
1031
1017.24
1011.32
1007.35
1005.54
1039
1032.28
984
985.968
987.779
989.15
968
971.404
973.337
984
983.235
979.784
968
977
982.293
976
972.515
971.957
953
977
977.516
968
966.075
968.49
973.746
1000
977
977
980.104
983.949
985
977.26
973.168
980.104
984.24
980.869
973.206
970.833
969
974.683
969
961
963.52
966.506
970.32
969.014
963.811
1078
1054
995.66
991.392
990.703
985.587
978.962
975.821
977.886
980.079
993
989.686
985.283
984.933
1047
1019.51
1000
994.476
977
1000
997.858
969
972.643
1008
1015
999.85
992.694
976
992
995.719
1016
1000
1055
1109
1070.44
1041.9
1141
1117.7
1016
1017.69
1029.96
1026.84
1009.07
1009.86
1024.3
1025.47
1055
1045.59
1023
1024.15
1027.77
1023.46
1023
1040
1007
1008.87
961
968
969.121
1008
1016.22
1016
1019.28
1008
1010.74
961
961
961.985
1016
1028.12
961
968.752
975.028
979.17
974.657
974.785
979.562
1024
1020.43
976
974.02
961
964.685
965.721
977
974.864
972.28
973.8
976.363
978.211
975.005
1007
977
973.475
1000
996.712
988.46
981.481
983.878
976
975.912
973.172
984
1008
1015
1004.54
997.092
1032
1030.37
1039
1031
1022.41
984
987.121
988.593
977
1015
1040
1033.68
1024.45
1020.54
1020.1
1018.31
1011.48
1003.96
998.604
995.565
1031
1032.13
1023
1013.89
1008.09
1007.41
1006.85
968
973.715
1023
1024.96
1019.41
1016
1016.11
1014.77
1011.14
993
1007
1008.88
968
977.165
981.325
983.595
979.359
977
981.329
984
992
985.993
984.933
953
960.859
962.372
1000
977
977.27
981.92
983.19
979.675
980.913
983.898
953
984
977
1015
961
961
993
983.895
978.87
1046
1071
1024.19
1078
1059.16
1040.91
1037.08
1034.44
1023.35
1019.18
1024
1015
1011.37
1013.14
1010.66
976
985
976
992
985
988.601
953
966.556
968.207
967.167
953
946
984
979.502
981.594
984.951
1039
1034.04
1031
1031.67
1032.36
992
995.988
1024
1018.27
1024
1019.55
1039
1035.02
1031
1026.48
1023.97
1015
1011.15
1008.18
1004.98
1002.24
1000.47
985
987.904
986.446
992
976
980.796
980.026
979.686
980.497
980.76
981.475
981.93
961
971.202
968.418
930
980.651
968.812
968.04
970.796
976
976.07
978.71
979.529
1008
1001.17
992
992
994.409
992.63
989.911
988.308
986.995
984.6
1024
1010.93
1007.12
1004.98
1003.53
984
953
960.122
960.982
963.573
969
972.226
974.899
1023
1020.84
1023
1016.88
1011.17
1004.83
997.489
991.104
921
932.899
933.093
985
968
975.439
1015
1018.45
1039
1034.78
1008
999.28
1040
1039.71
1031
1018.42
1031
1033.15
1022
1012.37
1012.03
1010.8
961
961
938
939.017
938.876
940.649
943.66
946.517
948.971
951.069
953.328
938
941.463
953
984
961
965.453
969.037
972.444
973.394
1016
1017.64
984
1008
1009.66
1003.1
997.562
969
972.402
1015
1006.85
1000
994.062
994.265
994.931
991.437
987.165
984.461
976
974.566
972.858
930
943.484
944.594
946.964
948.819
922
977
1008
1007
993
992
1000
998.356
990.518
987.282
976
971.969
976
975.584
992
993.924
1016
1014.33
1008.04
993
988.152
983.84
992
988.777
985.352
1055
1040.81
1030.18
1024
1000
992.021
992
989.941
988.915
969
975.031
953
956.026
955.551
985
994.64
998.172
953
961.043
1008
1010.75
1004.4
997.283
1008
1008
1001.64
994.203
990.973
953
956.441
958.118
960
962.484
965.173
967.807
969.004
967.01
965.335
992
992.461
969
971.596
973.852
972.511
968.603
969
971.078
969.793
968.906
976
975.144
992
987.051
983.67
981.985
981.569
978.793
975.331
946
960.97
977
953
977
976.018
972.934
974.969
1008
992
969
985
985.082
992
985.431
987.515
988.56
982.782
938
945
947.783
946.36
947.006
1008
1003.61
969
978.741
982.148
976
968.511
977.439
977.588
965.832
967.92
976.075
977
1000
992.831
985.874
986.244
982.234
1015
1016
977
980.248
953
938
953
956.513
969
968.122
1024
1000
937
943.307
946.702
938
961
966.715
968.278
966.888
1047
1039
1023
1014.35
1007.04
995.491
992
969
961.459
956.926
953.869
984
990.667
977
945
985
983.037
961
962.061
967.372
966.854
963.1
961
962.936
963.626
961.598
959.999
960.58
961.709
985
969
960
938
949.493
952.954
954.981
929
935.429
938.671
942.526
939.923
936.767
939.402
943.875
993
992
976
1000
998.407
976
973.037
972.973
992
961
968
973.635
953
950.801
954.245
956.798
992
981.891
975.47
975.986
976
977
976
971.956
1000
994.329
987.418
1008
1004.15
997.845
995.206
996.864
993.793
1031
1021.94
1017.16
1000
1000.84
1031
1024.33
1018.06
977
1000
999.005
999.813
969
976.419
1016
1023
1016
1006.19
1004.69
1000
1002.63
985
985.079
984
988.53
992
986.355
984.08
797
445
575.417
609.456
664.061
391
1008
938.18
937
940.415
940.859
938
961
1062
1057.31
1086
1087.81
1090.2
1094.71
1099.44
1039
1046
1057.88
1059.54
1060.32
1063.55
1069.81
961
993.704
1008.77
1008.67
977
945
953
956.001
956.094
961
953
956.952
977
992
991.182
946
960.456
938
945.662
947.048
948.623
951.794
955.974
984
992
977
976.495
1031
1016
1008
1000
1000
1023
1016.61
1001.65
1024
1026.75
1015.78
1003.83
1007.84
1009.64
1133
1083.86
1086
1063
1039
1039
1039.42
1034.69
930
972.033
974.067
961
962.655
1024
1025.02
1016
1015.37
1020.9
1020.22
1014.01
1010.76
1012.43
984
987.322
988.807
961
965.447
968.157
969.814
971.654
977.149
953
962.03
965.008
953
946
960
1008
998.978
992.693
993.962
1039
1030.17
1021.95
1019.8
1020.6
1000
997.829
969
977
984
984
977
978.333
981.005
979.909
969
969.402
971.139
970.736
961
961.623
963.209
962.907
961.64
961.561
962.143
963.585
929
954.125
945
947.956
950.143
951.604
953.943
956.164
1070
1086
1020.37
1016.44
1011.93
1006.35
1000
992
988.688
968
968.885
953
977
1000
1031
1055
1055
1109
1103.85
1039
1032.93
1027.94
1018.86
1010.94
1005.3
985
982.971
1024
1031.32
1032.86
992
995.312
998.779
1001.73
1001.76
999.894
999.56
1001.87
1001.96
999.772
998.334
998.114
937
930
929.622
929.901
945
938
946.301
952.35
958.365
962.57
965.888
969.398
1016
1019.97
1015.32
1078
1074.7
1109
1095.41
1084
1081.3
1024
1024.52
1023.19
985
990.927
1000
1000.12
1000.91
1002.69
985
989.646
969
961
937
930
930.328
961
966.295
977
1008
1016.85
1020.88
1022.92
1025.03
1008
992
991.867
989.208
988.439
976
977.967
985
969
971.985
974.173
953
957.372
945
914
898
883
891
898
902.907
908.489
913.643
919.425
946
953
962.156
970.119
930
906
909.037
910.25
915.304
920.492
1008
1008.21
995.002
985.743
976.155
963.359
950.147
1070
1043.23
1019.47
1007.67
1000.08
990.515
980.291
971.877
965.15
953
953
950.398
949.167
949.694
950.196
969
969
968.838
883
930.2
925.902
922
922
906
912.62
914.475
913.686
914.332
914.668
1000
989.91
985.211
961
964.255
968.178
976
961
956.873
953
955.867
954.398
949.814
914
921.279
922.916
924.734
923.273
945
947.322
914
906
907.897
909.672
914
913.407
883
889.496
890.761
906
910.205
899
903.255
937
961
955.252
944.805
939.475
940.865
943.817
875
882.94
907
918.744
929
916.885
914.485
921.463
927.045
920.842
910.035
907.373
911.51
915.297
910.511
903.013
766
781
823.596
835.144
839.763
841.628
852.33
859
861.976
862.179
860
864.627
866.789
867.312
867.186
1094
1016.08
993.175
977.201
966.962
956.726
1063
1021.46
991.294
1008
1008.33
1039
1026.04
992
991.906
953
953.923
1016
1005.66
991.561
981.344
980.345
983.894
984
1000
1016
1009.72
1002.7
995.902
995.652
997.313
992
992
988.368
985.117
985.481
946
968
964.589
964.879
960
985
981.06
1007
1001.1
998.659
999.701
1000.1
977
953
961
945
945.836
947.397
891
916.686
929
930.203
936.105
941.331
943.589
1070
1071
1048.43
1016
1012.31
977
953
937
933.108
933.807
936.663
940.674
883
897.678
1031
1015.07
1133
1087.17
1058.91
1133
1086
1067.69
1055.56
1047.03
1039.03
1029.63
1021.91
1047
1043.89
1038.43
1036.3
1036.95
984
987.482
976
974.511
974.108
974.482
976.098
946
959.614
992
988.78
990.769
996.771
1002.53
1007.18
1010.57
1013.17
1016.77
968
977
953
954.737
976
977
981.064
945
955.637
958.361
959.784
962.236
963.711
929
938.609
1031
1014.09
1109
1076.23
1057.21
1050.13
1102
1094.85
1079.52
1016
1019.87
1015
954
961
992
1008
1007
997.181
946
968
977.31
985
976.654
966.902
945
957.348
965.633
914
917.537
920.837
931.664
934.582
933.965
1164
1103.48
1063.15
1051.42
1133
1107.13
1068.72
1049.89
1024
1024.52
1021.33
961
963.075
922
945
947.779
938
940.154
946.175
1040
1039
1093
1068.61
1070
1066.02
1070
1055
1043.68
968
985
984
992
994.615
996.392
953
963.576
963.948
964.93
966.005
966.411
968.641
945
949.213
949.359
949.679
950.89
952.102
961
945
953.587
984
987.276
945
956.315
914
945
961
959.208
955.869
958.565
962.306
958.697
1102
1050.1
1025.4
929
930
961
965.729
963.465
959.181
958.526
1141
1058.8
1013.47
999.036
999.848
1047
1023
1000.3
989.922
991.373
976
985
980.18
975.248
972.619
972.578
969
967.909
966.367
966.434
953
984
981.49
992
969
945
951.517
953.146
955.012
956.61
958.41
1000
1002
998.371
995.15
945
969
967.758
965.912
963.535
1062
1034.98
1018.48
1014.37
1008.32
1023
1011.3
1001
999.582
985
979.122
961
954
954.806
955.927
957.465
959.067
945
949.116
1000
996.811
993.695
1016
1015.75
992
1000
999.784
993.843
976
977.327
978.897
979.411
969
971.225
974.038
985
982.97
978.663
976.935
977.943
976.792
973.58
953
957.17
938
968
970.341
953
969
977
979.062
968
972.576
1008
1005.69
997.035
992.918
994.435
945
956.458
959.526
1102
1140
1133
1148
1133.14
1120.23
1108.22
1086
1086
1078.18
1062
1056.24
1052.02
1031
1028.67
1027.49
1039
1031
1040
1054
1063
1061.67
1023
1000
1016
1016.72
1000
985
989.227
990.456
992.333
922
976.738
929
899
905.023
914
914.952
919.864
925.835
993
994.601
995.769
996.394
1000
1002.79
1002.11
1078
1109
1078
1062.79
1061.47
1133
1120.68
1079
1070
1055
1058.41
993
997.143
977
978.537
978.466
978.798
980.737
984.679
945
954.49
953
954.777
956.8
958.264
960.78
963.178
984
1016
992
994.807
999.557
1002.42
992
994.579
1055
1063
1053.79
1063
1059.78
1031
1039
1008
1004.18
1000.89
997.952
997.257
999.057
1000.03
1000.92
961
968
969.121
953
946
992
1015
1010.88
1012.69
1015.04
1012.12
1086
1068.52
1059.38
1057.16
1052.14
1046.65
1042.76
977
985.117
984.053
1008
1012.8
1015.9
1017.18
1013.14
1007.23
961
967.371
967.425
1008
1008
976
982.317
977
1015
1016
1000
1000.14
1005.5
1006.9
1002.37
1039
1039.64
1047
1039
1015
1011.02
1055
1050.73
1041.88
1024
1019.39
1031
1016
1013.24
1009.13
969
1031
1023.26
1018.3
1054
1063
1039
1033.59
1036.75
1078
1039
1016
1020.37
1028.3
1015
1011.31
1000
1006.94
1009.92
992
996.076
1001.72
1004.99
1000.94
1000.13
1005.81
992
995.644
1000
976
977
984
987.401
985.685
988.425
1023
1024.15
1039
1000
1003.71
1006.29
1004.81
999.004
977
985.091
1000
1001.9
995.601
992.93
1071
1043.16
1024.93
1022.14
1024.15
1024
1010.71
1000
1003.29
1005.72
1002.24
995.687
985
992
996.086
1031
1019.77
1009.37
1005.09
1007.81
1010.29
1004.22
851
859
915.619
925.132
929.839
939.973
954.323
1016
1014.4
1023
1017.31
1014.62
992
1023
1018.02
1102
1067.86
1045.55
1041.74
1040.46
1140
1099.41
1094
1073.95
1069.05
1070.82
1000
1006.98
1000
996.765
953
922
953
962.245
966.645
1054
1061.08
1054.12
1078
1039
1032.21
1023
1055
1070
1061.34
1055.3
1055.04
1049
1041.81
1039
1037.34
1203
1143.39
1109.38
1156
1144.82
1094
1093.27
1055
1049.68
1063
1058.07
1055.98
1056.15
1058.8
1031
1008
1012.66
1000
1002.81
1004.57
985
992.182
992.178
1000
1000.02
976
986.728
986.652
987.461
992
992
1000
1002.67
1007.02
1011.09
1014.39
1017.63
1019.88
1021.56
961
974.635
961
964.204
966.561
969.178
972.396
1000
1007.46
1008
1047
1031
1047
1023
1021.59
1040
1031.76
1026.44
1024.42
1023
1031
1032
1027.54
1027.6
969
993.929
984
984.132
953
977
974.562
992
988.789
990.214
992
1016
1011
1011.07
985
1000
999.267
997.75
996.431
1062
1046.35
1039.83
1047
1055
1046.16
1040.95
1042.05
1047
1040.1
1035.52
1034.74
1024
1024.17
976
993.657
992.141
993.134
992
995.081
1008
1008.19
1008.43
1062
1055
1048.55
1048.29
1043.28
1034.02
977
953
984
995.933
1003.74
938
957.842
961
953
959.96
967.736
968.886
961
969
976
969
1016
1015
1006.21
1003.38
1004.46
999.091
993.21
991.146
990.148
988.938
1039
1016
1008
1007.1
1002.17
996.787
1000
992
991.053
988.835
986.349
1000
995.644
995.515
1023
1015.61
1031
1024.29
1020.23
1018.4
1078
1055.79
1044.63
1040.09
1037.55
1037.56
1093
1094
1071.63
1008
1007.89
1008.74
1047
1048.41
1041.85
1033.99
1029.33
1032.38
1037.33
993
1015
1014.16
1019.23
1031
1024.78
1020.94
1023.92
1000
1003.96
1004.57
1039
1000
984
987.373
991.695
1031
1028.78
1022.8
1078
1063
1053.23
1031
1033.58
1031
1023.74
1000
1003.76
1006.22
1006.51
1003.59
1006.02
992
994.559
996.005
969
973.921
975.389
977.693
946
954.229
1000
1000
995.015
1000
1005.98
1004.95
1071
1015
1017.35
1020.91
1031
1023.17
1017.92
1020.68
1020.26
1015.57
993
984
977
975.835
977.141
978.783
980.593
875
937.123
859
852
852.598
1031
994.242
1172
1094.62
1080.44
1179
1138.74
1124.85
1123.58
1119.21
1117.49
1078
1082.64
1133
1164
1125
1123.73
1086
1078
1055
1056.73
1056.84
946
991.377
1000.08
985
1031
1016
1017.97
1021.41
1023.23
1102
1097.57
1117
1111.37
1111.28
1113.12
1109
1105.32
1070
1039
1040.14
1054
1052.87
1056.06
1058.1
1061.36
1061.99
1062.07
1061.48
1061.63
1061.36
1058.44
1056
1053.68
985
1023
1018.29
1039
1038.3
1041.13
1044.96
1047.58
1050.1
1051.66
1053.53
1047
1070
1062.9
1047
1054.78
1032
1023
1027.16
985
1002.2
1008
1004.87
984
992
993.897
1008
1004.2
1008.19
1009.36
1008
1016
1013.62
1015.9
1008
992
998.852
997.344
997.713
999.679
1001.44
1003.42
1005.47
953
997.933
989.079
987.087
986.944
989.745
985
968
961
964.528
963.422
1032
1054
1042.84
1037.57
1033.15
1039
1032.95
1027.04
1024
1039
1034.94
1029.98
1027.14
1027.46
1047
1031
1029.92
1029.51
1039
1035.91
1024
1031
1070
1047
1008
1012.87
1015.66
1015.97
1013.58
1014.13
1019.97
1086
1094
1064.96
1057.1
1057.88
1056.84
1048.92
1041.01
1086
1081.59
1066.82
1058.87
1061.37
1063
1055
1047.53
1045.83
1047.39
1044.81
984
999.863
1009.72
961
922
924.515
953
962.797
967.108
992
1005.04
1008.65
1016
1008
968
953
956.124
1008
1018.63
1016.33
1055
1060.79
1047.15
1047
1046.55
1071
1015
1015.49
1039
1055
1039.18
1031
1033
1032.85
1023.38
985
988.85
992.657
992
988.921
990.28
996.633
1015
1012.51
969
1008
1031
1025.91
1016
1012.24
1021.67
1026
1016.57
1006.46
1047
1048.81
1035.48
1022.63
1028.75
1047
1038.2
985
994.212
1003.76
1009.08
998.739
1133
1164
1049.05
1164
1133.57
1087.58
1086
1089.41
1069.6
1055.62
1064.32
1062.32
1047
1016
1030.23
1000
999.924
1004.62
1024
992
1003.41
984
977
978.605
977
945
956.138
985
983.601
961
1015
1016.42
1054
1050.6
1031
1039
1047
1039.78
1034.84
1008
1023
1016
1011.69
1031
1027.17
1023.1
1022.4
1022.13
1019.21
1015.85
1014.2
1012.44
890
883
936.499
859
908.72
914.747
915.903
852
881.939
828
844.452
848.327
828
805
818.957
822.164
992
1040
1027.46
1101
1156
1135.66
1121.21
1121.82
1122.53
1039
1040.37
1048.4
1047.65
1046.4
1046.5
1048.79
1048.1
1046.93
1141
1133.18
1172
1180
1167.68
1164
1158.85
1125
1120.07
1114.19
1078
1077.09
1101
1101.71
1101.42
1039
1056.58
961
980.849
979.978
1000
1009.2
1017.49
1025.86
1148
1142.82
1156
1145.57
1054
1078
1071
992
1005.27
875
901.589
904.331
867
880.621
892.586
836
850.513
828
844
846.415
849.484
853.434
856.322
858.914
861.245
742
735
742.01
745.204
747.772
782
773
784.991
836
813
820
827.882
914
900.161
887.705
1055
995.961
958.684
952.507
1078
1017.55
987.411
986.648
989.685
987.772
984.706
1063
1053.89
1040.55
1038.42
1039.29
1039.11
945
973.483
1031
1008
985.809
980.725
985.098
980.343
969.466
930
929
992
990.632
1039
1023.64
1013.55
1012.16
1009.39
945
945
914
922
922.214
923.664
927.291
932.593
936.929
969
977.914
1016
1039
1033.4
883
898.372
836
837.85
837.717
805
859
872.603
887.891
1015
1017.89
1094
1109
1164
1143.26
1179
1173.53
1161.75
1160.48
1063
1064.79
1070.44
1069.36
1069.01
1070.65
1074.07
1076.12
1077.12
1077.48
1077.64
1054
1055
1056.53
1039
1055
992
1018.6
1014.93
1014.88
1017.11
1055
1063
1066.15
1071.99
1063
1039
1031
1032.27
961
984.1
961
945
969
992
1047
1070
1069.69
1068.82
1061.58
1052.43
938
859
875
874.78
993
1034.24
1044.01
1046.28
1180
1156.84
1141
1128.67
1111.85
1071
1031
1024.17
1016
1007
1002.23
1003.18
1002.48
999.425
998.502
998.619
998.61
998.328
997.941
997.715
997.633
1094
1110
1095.51
1032
1000
961
1007
1047
1078
1075.16
1070
1057.82
1102
1109.03
1106.95
1089.5
1073.68
1065.34
1064.98
1015
1009.8
1000
1002.61
907
875
890
895.2
906.353
911.042
1180
1156
1101
1102
1094
1073.75
1059.3
1055.59
1049.71
1041.65
1094
1094
1080.72
1074.81
1055
1039
1034.09
992
1008
1031
1027.16
1024.58
992
996.478
998.283
992
991.603
990.85
990.486
991.731
992.39
922
906
891
890.656
953
993
1031
1133
1120.81
1219
1207.76
1164
1152.46
1145.24
1130.3
1120.68
1115.43
1023
1000
1016
1039
1039
1039.84
1023
1023.25
1024.66
1015
977
982.709
985.562
986.642
987.412
988.399
989.727
990.927
991.614
992.239
1094
1097.77
1097.68
1092.72
1088.74
1086.45
1081.62
1075.82
1055
1055
1078
1023
985
984
984.246
987.547
1109
1110
1096.28
1087.02
1078.05
1031
961
960.566
898
907
906.504
922
946
968.44
1055
1079.06
1078.33
1075.99
1039
1008
998.933
991.81
953
951.952
952.816
953.362
954.439
955.995
957.155
958.231
1094
1070
1057.79
1007
977
970.023
965.016
962.671
961.829
960.535
968
968.822
968.218
1078
1073.67
1058.14
1046.01
1035.42
1022.63
1009.6
1000.17
1157
1102.59
1210
1163.77
1134.41
1125.25
1118.6
1108.35
1016
1019.34
1047
1048.43
1044.07
1023
1025.45
1029.15
1047
1042.17
1016
1008
1011.07
1024
1024.18
1008
1008.69
984
992.68
929
922
922.464
924.735
1117
1106.02
1172
1140
1124.19
1094
1081.85
1016
1008
1005.82
992
992.525
992.784
993.259
953
906
908.416
907.558
898
901.748
903.159
891
945
949.502
883
896.433
899.209
899.645
900.302
901.42
904.768
907.159
797
872.698
869.551
750
828.678
827.621
823.697
826.541
835.279
838.885
839.756
842.52
727
765.054
768.071
765.233
767.163
779.15
789
812
812.39
875
898
883
881.734
883.624
879.216
872.341
871.075
1047
975.432
932.886
1227
1104.01
1125
1083.06
1063.39
968
914
922.283
930.851
969
1078
1057.3
1038.48
1021.91
1006.79
1156
1104.64
1063.12
1039.72
1031.17
1023.84
1055
1041.23
1016
1009.59
1009.08
1005.69
1016
1000
996.534
1008
1010.94
1010.86
1046
1032
1000
1000
1008
1007
1009.13
1006.4
1004.61
1007.65
1009.83
1010.72
907
984.417
977.228
973.945
970.785
972.328
984
984.125
982.569
914
890
896.262
899.148
902.961
882
893.253
900.154
905.865
907.518
912.095
918.844
924.771
1070
1040.36
1031
1024
1070
1110
1132
1141
1125
1118.16
1120.03
1109
1104.67
1086
1085.29
1087.55
1088.03
1087.48
1054
1055.91
1059.72
1059.61
1055
1047
1039
1041.23
1008
1016.06
961
985.494
1007
1005.3
1011.39
1016.2
1063
1065.95
1070.47
1073.62
1023
1030.38
1031.49
1030.23
1031.37
1033.04
969
953
930
922
924.154
968
961
972.249
984.109
992.542
946
956.602
1000
1005.93
1000.13
994.532
1118
1156
1172
1156
1141
1131.85
1125
1113.08
1102.73
946
966.779
970.485
981.978
1148
1211
1178.3
1179
1170.63
1148.8
1130.11
1116.16
1101.9
1087.65
1047
1038.5
1035.33
1032.57
1032.62
1094
1108.82
1108.86
1103.81
1047
1031
1029.73
1028.8
1055
1061
1062.02
993
1023
1022.94
1028.8
1032.29
1036.24
1042.99
1047.32
1048.15
1047.01
1045.35
1044.17
1070
1079
1109
1094.91
1081.64
1072.42
1068.88
1055
1015
992
991.64
992.435
997.473
1015
1039
1051.38
1057.44
1061.73
1039
1047
1031
1016
1013.05
1010.57
1011.51
1008
1010.66
1008
1008.58
1070
1077.81
1039
1036.19
1037.59
1034.31
1029.02
1024.89
1021.69
1019.09
1031
1029.2
1028.01
1070
1067.81
1055
1078
1078
1068.21
1070
1063
1056.21
1052.08
1048.29
1044.74
1041.42
1038.63
1008
1015.64
1015.11
969
1011.66
1016
1016
1021.96
1055
1070
1070
1047
1055
1031
1027.3
1015
1012.63
1012.38
1014.16
1024
1028.82
1031
1033.68
1035.34
1031
1039
1035.71
1032.32
1029.87
1026.42
1023.36
1020.56
1018.71
1017.63
1016
1015.02
1013.91
1013.91
1014.31
1024
1025.83
1028.84
984
1000
1008.76
984
1000.1
998.923
997.742
984
992.683
1016
1007.94
1024
1019.73
1031
1028.67
1027.47
1027.92
992
1000
1001.05
992
995.514
1055
1043.21
1036.84
1038.42
1031.07
1022.7
1021.62
1013.43
1039
1039
1031
1029.92
1000
1003.34
1003.06
999.596
1002.39
1005.36
1004.19
945
984
985
981.621
986.055
988.788
1047
1036.69
1031.26
1023
1025.46
1025.97
1022.13
1018.4
1017.45
1141
1074.37
1057.95
1054.25
1086
1074.68
1118
1101.68
1093.61
1047
1055.36
1071
1015
1026.28
1023
1021.82
1020.99
1020.78
1021.68
1022.53
1023.34
1023.99
1024.55
1000
1007.53
1024
1019.43
1019.99
1021.06
1022.76
1025.19
1026.76
1028.33
1029.96
1032
1033.64
1039
1054
1052.51
1039
1016
1018.66
1019.41
1021.69
1023.42
1022.43
1021.19
1022.72
1024.16
961
937
966.442
937
949.811
953.387
1039
1101
1133
1104.92
1132
1086
1076.57
1069.92
1055
1070
1069.19
1065.25
1063.02
1060.47
1057.71
961
990.328
989.418
961
953
960.126
962.007
963.027
914
914
915.385
938
935.987
1148
1141
1123.98
1122.01
1120.1
1110.71
1103.9
1054
1055
1023
1014.9
1016
1014.65
1014.33
1014.48
1014.86
1015.08
1054
1049.85
1039
1036.7
1035.62
1033.64
1031.15
1000
1005.95
1003.32
1001.8
937
953
952.017
952.489
955.752
1023
1031.33
1031
1034.99
1062
1057.92
1050.14
1008
1031
1000
996.86
999.738
998.715
997.015
1024
1062
1032
1032.72
1037.39
1000
1007
977
974.17
985
983.183
960
966.44
968.135
966.188
945
961
958.777
977
976.881
985
968
974.195
961
963.639
962.577
929
940.706
938.186
922
928.872
930.792
932.552
934.82
922
928.535
930.139
930
914
921.748
920.816
920.577
921.856
914
898
905.877
904.438
938
933.088
937
938.401
937.104
935.756
945
945
969
960.776
945
954
952.568
953
947.539
947.751
883
907.488
909.047
909.115
912.422
1016
1062
1079
1047.85
1062
1047
1032.88
1047
1008
1003.42
1000
991.973
945
948.717
949.045
977
978.028
1000
1001.45
997.45
993.849
1008
984
1000
996.462
1008
992
993.182
990.557
989.137
989.548
930
969.803
964.509
964.04
966.947
967.737
969.553
1063
1039
1030.88
1007
1008.73
1008.34
1004
999.644
996.683
968
961
946
947.206
947.444
977
983.332
987.355
1007
1008.44
1004.89
998.635
992.605
953
953
969
960
964.185
967.469
968.647
970.098
953
958.013
984
992
1000
994.269
1016
1014.61
1007.16
984
984.6
982.172
953
957.626
959.354
961
992
992
988.442
984
979.462
973.298
930
929
929.877
931.224
933.862
937.144
940.315
942.605
969
975.307
945
952.22
922
899
900.415
890
860
843
843.654
844.336
847.388
851.535
856.129
860.695
1297
1179
1125
1071
1062
1043.58
1018.53
977
969
976
984
982.734
977
1000
1008
998.83
986.388
985.122
983.87
982.604
961
960.223
961.002
960.773
960.568
937
953
951.03
1000
961
953
955.84
961
929
935.266
937.535
942.617
940.861
985
992.099
953
961
969.211
967.311
961
963.07
967.442
1031
1002.25
987.784
984.176
983.941
961
914
930
929
953
949.186
948.988
955.19
959.21
954.195
948.969
950.924
952.933
945
941.529
943.381
945.368
944.556
942.071
943.943
945.949
945
942.677
942.818
969
970.353
965.806
960.82
1015
1008.22
996.467
1016
1000
1008
1001.72
995.65
961
966.968
1031
1020.36
1010.26
1032
1026.78
1021.97
1017.02
1013.05
976
1008
1002.16
996.56
977
982.36
976
977
992
988.944
977
982.512
961
965.695
953
955.223
946
945
937
930
931.548
930.788
977
1000
1005.04
1039
1039
1033.64
1008
1001.5
953
949.863
946.838
949.193
954.269
960.123
1031
1063
1078
1067.64
1056.58
1045.93
1101
1101.04
1085.84
1069.73
969
970.721
914
914.557
914.929
969
997.599
1007.98
1008
1008.48
1011.81
929
946
947.649
955.133
922
938
937
938
937.602
939.29
943.284
944.697
953
961
977
976
976.368
976.419
974.512
970.915
967.714
964.64
961.792
960.165
961.29
976
975.076
974.382
975.459
975.986
975.341
974.691
969
1024
1006.39
1046
1032.1
1025.15
1020.44
1015.12
1010.6
1006.66
993
992.284
961
968
965.298
953
957.842
954
956.105
956.06
1007
1008
1007.88
985
987.527
987.179
983.657
981.136
945
954.291
951.915
954.781
958.585
985
995.938
1024
1023.15
1015.45
961
963.631
960.203
953
954.053
993
1005.69
997.555
1000
994.675
982.606
973.635
966.818
976
984
985
992
984
977.18
985
983.903
979.884
976.654
975.031
945
945
922
923.594
923.572
906
911.496
882
914
910.3
913.579
918.59
921.631
925.448
928.809
932.036
1031
1014.38
992
992.169
992.713
989.366
985.498
1008
1000
997.914
996.407
976
977.01
974.262
971.153
1008
999.642
976
978.88
980.42
978.079
976
985
982.535
980.915
1008
1000
1008
1003.68
968
976.548
978.796
954
968
971.631
967.53
977
981.763
977.063
976
979.778
976
969
992
969
973.169
976.07
1000
990.069
989.067
990.089
986.297
953
946
937
922
945
930
937.195
939.58
940.117
942.762
943.634
977
975.199
975.563
945
953.301
954.833
953.377
951.909
914
922
930
898
899
906
922
921.116
945
949.096
948.416
945.422
945.925
883
896.398
828
851
914
918.906
922.103
927.599
1125
1058.74
1117
1087.48
1057.69
1043.88
1023
961
959.921
961.483
956.245
954.979
956.444
914
918.41
968
968.29
967.024
960
961.163
953
930
931.581
931.103
930.418
930.643
931.386
932.237
1000
998.761
969
970.755
974.859
977
937
961
1016
1003.03
986.751
982.64
984.791
1125
1064.28
1086
1055
1043.08
1038.33
984
969
968.883
984
977
976
985
990.65
988.119
982.602
983.505
1016
984
984.548
977
978.998
977
976.204
977.488
1054
1032
1047
1036.31
1023
1024.89
1039
1034.72
992
1008
1008.71
1032
1021.78
1016
1013.71
1015.01
1015.38
1016
1012.68
1024
1007
1024
1021.78
1015
1013.53
1012.86
1007
993
996.178
961
969.482
968
969
971.919
984
986.159
989.948
984
988.412
992
976
993
988.37
989.996
1000
995.821
997.386
997.137
996.779
1000
969
988.59
977
1000
992.401
1000
996.936
997.56
938
959.624
962.064
961.322
977
975.974
978.635
980.213
981.344
1070
1063
1051.88
1044.71
1000
1000.66
996.45
954
964.654
963.059
965.093
968.525
953
959.64
960.815
961.03
992
985
985.813
986.148
1008
1004.15
992
989.522
1000
997.405
993.773
990.744
977
980.909
981.276
980.775
984
982.734
983.03
945
946
968
967.799
967.66
968.087
970.95
972.325
970.989
1016
1007.39
985
968
970.906
961
963.03
945
938
939.913
941.741
944.398
947.177
950.367
953.625
921
929.426
953
957.59
955.257
952.847
961
963.203
992
985.08
969
968.001
961
958.963
992
986.677
979.415
1032
1023.55
1023
1010.97
1004.63
1001.2
945
922
922.913
924.334
928.048
933.267
1008
1014.87
1004.17
1001.87
1055
1048.99
984
982.939
989.706
986.066
954
957.182
992
1000.13
984
980.673
991.201
954
951.241
953
956.383
952.334
948.074
1031
1025.87
1023
1008.99
1003.77
1032
1008
1000
1004.75
1007.09
994.414
988.535
993.34
1070
1043.19
1078
1063.32
1053.51
1062
1056.56
1048.42
1015
1016.38
1031
1025.71
1063
1053.54
1048.31
1016
984
985
986.704
990.78
953
968
969
972.34
992
996.084
999.659
1002.32
1004.32
977
982.53
953
955.626
956.205
958.125
961.62
964.562
967.703
970.291
972.735
975.116
977.471
945
955.631
914
914
922
924.104
922
937
938.733
968
969.732
972.184
953
959.951
958.693
955.202
956.665
954.653
945
953
969
977
969
968
967.367
963.449
977
953
956.966
956.197
953.311
951.602
960
954
954.487
954.441
969
964.659
963.407
968
966.569
1016
987.344
1023
1009.65
992
985
984.987
982.032
979.073
977.753
976.5
1008
992
984
985
986.298
984.885
983.315
981.917
980.803
980.114
968
972.531
961
953
954.952
992
985.044
953
961.351
964.095
969
968.016
992
993.825
1102
1054.14
1039.33
1000
977
975.998
914
942.757
883
875
922
930.223
1039
1032.65
1187
1133
1117
1078
1060.55
1047.22
1034.43
961
945
944.207
945.794
945
949.188
929
931.665
933.533
934.408
961
964.262
966.024
968
961
960.934
961
959.865
959.381
993
992.992
994.196
1008
1011.51
993
995.841
993
968
985
981.338
984
985
982.537
982.153
1008
1000.95
997.823
995.906
994.99
993.872
991.452
989.741
988.978
988.048
977
979.67
969
970.569
970.416
985
984.815
986.854
938
882
922.473
929.366
1125
1406
1344
1217.02
1166.21
1117
1094
1047
1047
1047.28
1008
1000
1000.68
1002.3
1002.33
945
946.76
914
961
970.218
971.09
1047
1049.73
1070
1066.7
1053.1
1043.51
1037.57
1055
1039
1047
1049.23
1047
1047.68
1047.28
1045.63
1044.05
1041.94
1040.03
1031
1030.93
1008
1023
1039
1016
1000
1004.69
1000
1000
1015
1039
1042.68
1044.26
1070
1047
1055
1031
1033.82
1032.49
1028.34
1054
1051.97
1049.03
1050.38
1016
1021.98
1021.47
1018.32
1021.21
1022.43
1021.29
1023
992
1001.99
1001.24
1000
1002.39
1002.71
1003.41
984
993
990.602
990.482
992.69
992.84
969
977
975.554
993
961
992
986.697
986.946
989.685
989.816
969
978.788
984
980.444
984
1000
994.721
992.765
995.908
1015
1007.98
1003.91
1005.62
1005.48
999.63
992
977
930
945
930
922
924.078
961
971.645
976
969
977
978.456
977.82
978.605
969
970.004
967.542
965.312
965.351
965.331
965.489
965.559
953
956.272
954.807
953.229
937
942.773
942.65
938
945
944.83
945.854
946.532
1015
989.892
1000
997.08
995.577
993.811
969
976
971.939
961
962.867
1000
1032
1000
997.495
997.41
1024
1007
1001.14
1000.46
1000.35
996.333
992.053
988.406
985.216
982.228
979.49
978.092
978.312
1016
1000
997.425
996.728
996.526
1015
1008
1004.17
1001.23
984
986.181
987.051
953
974.001
970.466
1000
985
992
1000
998.593
953
977
975.634
974.343
953
964.227
966.23
906
927.981
945
985
972.874
977.669
985.236
976.796
984
988.751
961
929
943.566
898
902.432
906.848
904.718
961
974.375
1008
1000
1015
1008.77
996.489
988.817
977.648
966.606
914
919.497
914.238
917.321
859
878.209
875
878.022
884.736
930
930
936.692
940.464
941.095
940.392
939.188
899
906.294
902.579
859
852
867
872.879
906
898
906.014
922
930
924.105
930
945
935.068
928.179
923.68
915.147
907.447
901.679
836
854.026
853.924
856.026
862.657
870.48
875.185
878.094
881.01
882.456
882.03
789
789
797
796.792
803.692
811.042
816.778
822.603
1055
1055
998.921
981.316
969.224
984
961
943.297
935.445
929.963
875
898
914
938
945
931.389
922.605
917.591
910.327
902.143
782
781
750
750
751.455
766
805
890
993
992.753
991.487
992.772
1039
1030.42
1016.53
1010.97
1009.27
1002.64
995.556
991.18
1000
998.795
995.768
994.583
994.714
994.465
993.629
961
953
961
960.959
957.98
945
930
929
928.229
927.904
929.53
922
925.795
954
960.373
954
959.6
985
968
970.425
975.291
976.943
972.414
977
979.689
976.03
969
976
976.783
971.673
968.251
969.832
984
961
945
948.602
950.347
949.351
947.789
949.97
951.755
950.753
949.659
951.847
953.569
852
942.692
932.654
927.556
928.123
931.139
933.639
984
971.515
945
914
891
898.652
901.958
813
840.166
842.454
844.861
847.367
938
936.407
984
1086
992
1016
1016.78
1001.37
993.453
995.259
988.229
978.521
976.783
973.64
967.232
963.555
962.875
960.911
960.395
960.432
960.659
930
939.729
939.467
937.753
937.471
938.759
940.047
940.505
941.833
1070
1070
1034.22
1086
1079.58
1067.95
1086
1078.1
1069.14
1064.93
1047
1043.87
1041.22
1038.03
1036.77
1036.78
1037.29
1037.32
1016
1020.28
1000
1002.87
1001.75
992
994.383
995.308
995.922
996.432
997.089
998.08
953
982.388
978.29
976.141
978.935
1047
1037.43
1037.04
1038.62
1039.16
993
1002.23
976
961
962.959
1000
1005.21
1008
1008.8
976
977
984
982.85
984.063
986.966
987.956
946
929
932.077
933.351
936.99
940.606
944.471
948.171
951.291
954.653
921
928.757
930.14
934.906
1000
1004.11
995.223
990
983.967
974.236
964.683
953
945.796
961
964.528
953
949.684
976
978.913
971.869
963.537
977
977.404
967.178
959.936
960
959.67
955.882
951.789
950.824
951.273
1039
1004.78
1078
1062
1048.33
1041.61
1047
1039.93
1032.35
1016
984
969
967.545
1008
1011.55
1015
1011.05
1000
997.961
998.21
1008
984
982.969
953
955.967
956.628
1039
1034.56
1024.96
1019.9
1055
1061.91
1057.03
1045.2
1037.76
1038.82
1041.14
1035.85
1109
1078
1094
1083.83
1076.87
1000
985
984.964
1007
1016.98
1020.14
1021.63
1025.38
1028.28
1026.83
1031
1039
1038.61
1036.08
1024
992
995.631
1000
1003.33
1007.91
1011.27
1014.25
1055
1058.92
1052.3
1008
961
937
936.774
938
943.164
948.607
953.79
959.075
1070
1077.66
1046
1024
1020.65
1021.99
985
979.054
978.683
980.585
979.892
969
966.38
984
1039
1047
1033.52
1019.61
1011.81
1005.8
922
930
945
922
928.523
931.643
935.045
937
930
932.161
934.225
922
925.129
925.668
926.965
928.286
929.486
930.901
932.554
934.206
935.838
750
743
810.558
815.648
844
836
849.469
852
820
834.661
835.626
836.106
838.068
839.593
841.753
758
784.323
922
937
1031
999.182
969
946
906
898.547
828
805
804.328
804.477
806.863
789
791.652
793.393
844
853.056
854.798
859
859.019
858.232
854.73
836
831.613
836
835.097
834.108
833.736
834.137
834.894
898
903.05
900.756
891.39
883.838
898
907
906
922
875
872.345
872.684
872.972
836
839.257
891
890.938
887.469
880.212
945
941.238
961
976
977
965.349
945
939.54
922
914
914
938
934.872
922
914
914.906
913.218
909.931
908.339
908.137
907.793
929
907
910.409
910.378
909.959
909.912
909.702
914
938
945
942.74
922
930
932.59
934.928
914
914
922
924.525
937
930.603
927.162
928.697
930.388
922
945
940.357
969
959.556
949.33
1000
989.458
975.31
966.988
953
949.206
945.393
930
953
950.329
947.929
948.158
949.847
949.284
946.762
945.299
937
938.833
937.415
914
898
901.289
900.141
901.803
758
861.286
852.227
1109
1006.96
985.282
981.655
1211
1116.3
1068.02
1195
1145.74
1125.58
1007
1000
985
984
982.801
953
956.844
945
946.712
947.514
938
940.932
943.312
984
985
983.954
992
991.776
1008
1008.16
1006.9
1006.33
1006.54
1047
1047
1045.8
1024
1015
1008
1000
1000
997.164
994.117
977
977.932
978.442
979.16
1023
1018.32
1016.22
1012.12
1008.85
1008
1007.04
1003.27
998.961
995.225
993.765
914
983.395
972.715
610
784.955
781.831
776.657
780.378
789.386
794.887
799.149
803.097
806.486
809.316
811.704
814.058
816.51
1016
1007
985
983.868
929
932.106
954
992
985.213
1156
1133
1121.24
1117.37
1047
1049.6
1000
997.502
997.679
922
923.828
928.084
929.95
930.586
931.385
932.783
934.095
953
951.119
950.198
984
987.581
1039
1023
1031
1047
1041.42
1035.31
1030.86
1030.37
1030.9
1030.83
961
979.969
979.519
977.565
984
982.487
984
985.421
985.927
985.752
953
962.624
961
958.471
992
985.203
953
964.182
937
942.014
943.026
944.351
930
937.076
922
922
923.504
945
941.724
946.019
948.4
950.846
952.783
954.497
956.25
957.886
937
938
939.44
961
956.727
945
961
961.02
959.228
955.098
906
916.087
919.652
921.886
945
961
961
956.486
955.45
1016
1015
998.568
976
969
963.796
956.217
968
965.322
961.06
957.886
961
958.892
955.309
968
954
955.983
956.223
1000
988.586
982.506
976.652
972.153
969.421
966.195
962.373
992
987.005
982.977
992
969
945
946.108
953
958.22
961.459
963.289
969
970.287
969.488
967.45
1008
1023
1008.28
1023
1023
1008
1000
997.927
984
985
981.433
977.84
1008
1005.78
1001.2
1031
1028.95
1018.74
1016.15
984
985.816
968
966.718
985
988.534
990.459
992.479
1070
1086
1086
1074.97
1065.88
1047
1032
1015
1008
1000
1000
1000.3
985
1015
1018.67
1008
1008.05
1009.72
1008.44
1005.49
1002.8
1002.15
1001.76
1000.52
999.784
999.592
999.39
1007
1005.85
1031
1035.01
1038.2
1062
1094
1091.88
1085.38
1076.74
1024
1020.77
992
993.627
1023
1039.38
1000
1031
1031
1035.37
1034.49
992
976
946
929
977
961
967.084
972.685
976.75
981.025
983.267
1000
1003
993
996.48
968
973.404
974.167
973.375
974.648
921
935.688
937.441
939.162
942.329
1000
1002.62
997.78
1024
1019.2
1007.78
1005.94
977
976
972.119
963.696
961.477
1008
1005.99
999.669
1039
1033.92
1020.59
1019.64
1012.75
1001.83
997.218
945
953
952.227
954.566
958.495
962.499
964.614
945
953
953
930
945
942.232
944.021
1016
992
992.648
992.719
1016
1008
1039
1032.06
1000
1006.64
1004.01
1016
969
976
977.909
969
969.267
961
963.643
984
978.822
992
988.17
993
991.535
1000
985
986.667
984
1031
1018.22
1013
1009.12
1007.69
1009.13
1007.39
992
995.172
1023
1015.64
1011.27
1006.81
1003.79
969
980.865
980.782
980.382
984
1000
1000.41
999.286
998.163
1016
1023
1016.47
1011.67
1012.06
1011.77
1008.11
1016
1015.69
992
954
1015
1006.12
968
982.431
1063
1054
1026.31
1027.66
1023
1013.8
1003.6
946
964.399
970.435
915
931.958
938.729
914
953
969
1000
992
999.655
993
986.138
984.152
979.758
972.926
969.514
966.808
965.318
1000
1015
1008
1007.85
1005.91
999.052
1031
1016
1011.14
1009.51
1004.37
1000.67
953
963.788
1008
1004.06
1078
1047
1038.82
1024
1021.88
1019.41
1013.26
1007.25
1002.63
998.825
995.273
992.05
989.435
989.322
989.478
1008
1031
1031
1023.17
1016
992
988.205
985.266
984.984
954
961.075
977
976
981.902
1031
1045
1024
1031
1033.1
1024.48
992
991.363
992.049
988.588
953
958.777
961.922
963.046
1008
1023.69
1016
1010.35
1006.77
997.909
988.55
981.699
1007
1000
995.599
993.155
1000
997.853
993.635
991.342
991.915
985
953
961
984
992
961
993
994.907
988.962
992
984
982.363
982.13
983.747
981.992
961
968.72
972.01
970.386
977
980.514
979.209
976.421
979.993
1000
1007
993
991.149
984
982.586
984
980.356
976
977.028
977.799
977
976.849
975.939
977
953
984
985
976
976.743
978.359
978.433
977.307
976.435
977.384
977.784
977.062
976.287
1000
992
977
979.579
984
976
978.475
1000
990.868
1000
984
985.007
985.771
984
981.972
982.249
982.169
981.821
930
890
914.89
920.484
927.538
934.562
765
864.867
858.588
750
758
750
757.175
759.268
762.893
768.003
734
727
719
723.408
724.503
725.879
728.273
820
824.111
827.256
891
895.874
894.88
992
1016
992.368
1047
1048.17
1117
1114.27
1063
1094
1109.45
1070
1070.86
1047
1051.48
1058.59
1061.26
1133
1129.51
1156
1155.35
1078
1083.39
1023
1024.99
1063
1094
1088.47
1101
1097.63
1180
1150.58
1133.25
1078
1071
1069.99
1066.26
1065.16
1065.01
1065.77
1066.12
1065.1
1063.27
1008
1023
1022.47
1025.89
1028.72
1039
1045.17
1049.47
1049.86
1023
1031.01
1029.61
1028.87
1030.05
1030.6
1032.86
1034.76
1037.4
1039.79
1042.96
1148
1122.01
1110.46
1102.35
1092.41
1023
992
961
963.01
965.427
1093
1093.3
1085.77
1077.34
1055
1043.96
1037.06
1000
961
969
970.405
975.187
980.535
1016
1031.49
1035.01
1033.21
1031
1024.52
1016.74
1008
1000
1000
1016
1020
1008
1003.87
1001.52
998.067
992
993.092
969
969
969.324
1117
1164
1297
1196
1125
1103.28
1092.43
1047
1038.62
1037.68
1007
1005.89
1000
1001.22
1002.53
1002.89
1003.14
1003.48
1165
1145.83
1127.14
1106.95
1094.29
1084.61
938
914
961
1101
1109.58
1097.46
1086.62
1084.72
1081.09
1071.41
1203
1181.61
1125
1110.71
1106.81
1094
1080.97
1069.89
1062.18
1054.9
1024
1078
1084.55
1079.38
1141
1135.43
1117
1070
1024
1022.73
1008
1008.61
1009.99
1011.78
1013.27
1014.38
1015.35
1016.12
1032
1037
1043.4
1050.4
977
994.718
994.262
997.21
1000.6
969
980.18
953
969
968.762
971.693
968
973.25
976.184
1039
1032.09
1027.68
1024.16
985
1000
1015
1013.31
1179
1111.58
1081.56
1071.72
1063.04
1053.08
1044.56
1023
1017.2
1054
1125
1100.45
1117
1095.06
1076.87
1118
1062
1047
1047
1042.76
1000
961
962.875
976
1008
1020.57
1026.88
1008
1010.1
1014.17
1017.81
1018.46
1008
1023
1031.87
1033.14
1078
1077.08
1068.58
1064.78
1063.81
1059.08
1024
1024.89
1007
993
976
1000
1009.51
1014.34
1017.07
1019.8
1062
1102
1091.81
1081.16
1072.69
1125
1122.75
1107.29
1102
1062
1070
1055
1031
1029.26
1030.78
1034.19
1036.19
977
991.507
993
1031
1035.26
1032.16
1063
1070.05
1031
1030.98
1038.15
1041.45
1033.39
985
999.02
1004.41
1011.24
1007.53
1011.18
1020.5
1024.16
1055
1047.69
1037.78
1037.24
1036.97
1007
1009.45
1110
1093
1067.08
1148
1124.22
1096.01
1088.66
1088.39
1074.41
1094
1090.34
1076.16
1072.01
1072.83
1068.18
1063.98
1039
1042.76
1041.61
1039.92
1008
1018.22
992
992
991.54
991.392
1000
1000.29
1003.77
1006.73
1055
1061.87
1067.46
1047
1052.51
1057.01
1056.54
1054.18
1050.88
1031
1023
1021.52
1031
1024
1025.29
1025.86
1026.71
1027.06
1023
1021.61
1020.16
1018.71
1017.26
1015.81
1014.49
993
997.824
1024
1039
1041.6
1042.57
1039
1047
1049.02
1048.24
1044.35
953
988.523
1032
1027.1
1019.69
1024.17
1070
1079
1093
1110
1070
1065.08
1066.67
1063.43
1007
993
997.112
1024
1023
1019.16
1021.89
1029.04
1031.31
1026.09
1000
1005.53
1008.76
1011.76
1094
1087.49
1070.89
1031
1026.07
1024.24
1062
1070
1058.07
1046.8
1070
1075.7
1047
1016
1015.65
1023
1047
1055
1062
1051.33
1078
1063
1052.52
1043.18
1023
1019.32
1020.36
1039
1008
1011.28
1014.24
1018.55
1019.2
961
969.344
971.819
976.408
978.756
980.289
1078
1075.17
1117
1101.87
1091.4
1084.82
1076.18
1068.16
1062.04
1056.33
1039
1034.35
1031.7
1029.83
1047
984
1000
993
1015
1008
1011.08
993
1007
1005.38
1005.53
1006.59
1054
1044.14
1062
1086
1084.81
1084.33
1084.24
1083.76
1046
1049.61
1046.48
1041.54
1040.08
1039.73
1078
1070.55
1065.8
1234
1169.78
1133.46
1128.23
1117.51
1125
1114.35
1107.76
1102
1109
1102
1095.98
1092.95
1091.58
1032
1064.04
1031
1023
1047
1046.09
1049.28
1032
1023
1028.6
1028.51
1070
1047
1000
1014.56
1017.21
993
1000.95
1000
1000
1002.38
1003.92
1006.22
1008.37
1062
1079
1074.01
1065.25
1059.03
1056.74
1050.31
1041.78
1034.41
1028.9
1094
1085.69
1074.86
1031
1024
1008
1008.09
1009.01
1054
1110
1100.84
1141
1187
1177.13
1158.61
1144.3
1134.08
1122.64
1111.04
1102.56
1097.69
1094.58
1092.37
1091.07
1090.4
1141
1140.29
1134.87
1127.08
1122.96
1119.29
1113.67
1108.58
1104.82
1101.92
1023
1073.3
1068.08
1070.48
1148
1140.85
1140.18
1031
1064.35
1071.11
1075.59
969
998.535
1005.75
1008.26
1125
1121.4
1110.62
1112.19
1108.84
1125
1125
1115.23
1112
1107.26
1099.96
984
969
970.94
971.1
973.714
1039
1064.12
1064.12
1065.79
1068.56
1063
1023
1023.66
1022.48
1019.58
1015
1015.98
1016.75
1017.72
1063
1054
1047
1049.54
1125
1115.31
1104.29
1094
1078
1047
1008
1005.29
1005.86
1009.14
1012.91
1017.17
1021.88
1242
1116.78
1195
1117
1105.14
1078
1068.95
1064.17
993
1000
992
993.484
992
994.126
1062
1039
1040.03
1045.31
1101
1102
1023
969
945
946
948.176
1157
1210
1150.65
1257
1243
1213.26
1192.87
1219
1117
1071
1072.9
977
978.241
976
977.519
979.602
1110
1118.92
1102
1117
1078
1086
1086.07
1047
1062
1061.41
1024
1026.11
1026.59
1071
1101
1110
1109
1108.99
1101
1094
1087.75
1081.82
1008
1017.37
1016.45
1017.95
1031
1094
1148
1133.79
1172
1165.7
1148.21
1141
1127.93
1111.6
1086
1076.29
1068.61
1062.77
1062.19
946
929
929.744
929.708
933.846
939.109
944.436
948.031
951.22
953.559
954.894
956.176
1063
1093
1092.55
1091.29
1008
1055
1066.26
1071.22
1066.14
1078
1117
1094
1086
1085.39
1086.42
1101
1095.56
1090.36
1087.95
1039
1042.5
1043.15
1041.54
976
1031
1133
1115.49
1101.83
1101.64
1098.2
1086.13
1140
1134.72
1039
1078
1047
1037.24
1037.36
1044.51
1044.58
1044.5
1055
1054.93
1094
1090.12
1125
1113.2
1102.01
1098.16
1093.19
1023
985
985.897
984.227
987.301
992.139
999.935
1005.57
1010.97
1015.9
1020.17
1024.84
1109
1094
1089.41
1085.14
1070
1061.79
1055.1
1048.81
1044.38
1042.4
1172
1138.64
1172
1250
1224.6
1205.61
1197.51
1192.04
1117
1125
1086
1000
1009.18
1011.21
1023
1030.02
1062
1149
1234
1214
1188
1183.2
1188
1117
1111.98
1115.65
1108.66
1100.86
1099.92
1102.78
1103.04
1101.78
1086
1088.36
1086
1085.7
1085.35
1085.38
1085.76
1071
1072.72
1072.5
1039
993
1014.99
1024
1029.47
1037.52
1047.54
1078
1109
1125
1124.79
1122.13
1116.15
1055
1039
1047
1070
1047
1053.83
1060.9
1008
1021.12
1024.58
1141
1195
1146.36
1211
1202.29
1169.94
1133
1130.08
1133
1094
1047
1050.78
1016
1015.31
1039
1060.12
1062
1086
1102
1117
1109
1103.34
1100.24
1117
1086
1109
1094
1088.39
1085.9
1084.62
1084.53
1084.67
1063
1062
1063.46
1109
1105.28
1117
1111.23
1107.24
1105.02
1101.41
1079
1046
1094
1092.34
1092.8
1055
1031
1033.25
1035.07
1038.41
1041.89
1094
1112.33
1104.12
1039
1008
1009.09
1011.48
1016.44
1020.31
1024.28
1032
1038.85
1043.76
1046.25
1102
1031
1031
992
996.769
998.491
1001.54
1004.17
1005.89
1007.81
1078
1078.04
1000
1002.88
1005.84
1010.87
1011.64
1007.9
1009.66
1014.02
1117
1109
1063.09
1049.25
1046.35
1046.71
961
973.788
974.941
981.611
986.127
1227
1120.24
1080.08
1074.39
1069.78
1056.78
1043.87
1034.08
1008
1007.29
1006.97
1117
1096.55
1073.02
1060.67
1052.53
1041.45
1030.91
1024.85
1024.47
1156
1108.04
1079.43
1067.76
1060.49
1054.04
1047.73
969
1000
1001.5
1172
1218
1167.86
1145.5
1136.53
1125
1110.52
1097.35
1156
1148.54
1127.5
1164
1172
1153.54
1140.79
1137.94
1130.18
1119.11
1110.83
1107.79
1104.04
1156
1149
1139.78
1134.93
1125
1109
1106.08
1102.42
1156
1159.71
1150.44
1086
1101
1107.32
1114.68
1109.19
1107.61
1171
1133
1121.5
1122.35
1125.29
1119.69
953
1024
1027.99
1030.54
1024.45
1031.54
1047.49
1053.77
1052.55
1053.42
1172
1148
1102
1103.73
1120.95
1117.78
1099.01
1079
1090.46
1164
1137.75
1112.45
1101.38
1110.78
1109
1100.44
1000
976
969
970.902
974.893
976.448
979.015
986.168
993.066
995.843
996.378
997.757
1000.3
1002.18
1003.46
1004.74
1006.46
1000
1002.27
1003.5
1005.8
922
976.757
1281
1320
1194.03
1235
1328
1298.47
1242
1224.86
1220.94
1210.16
1070
984
989.16
852
862.758
812
813
796
800.364
790
773
779.541
812
821.086
829.822
781
800.308
812.939
727
761.251
774.926
792.203
804.714
687
766.103
773.152
781.052
785.213
711
749.092
755.349
821
807.206
782.677
773.602
783.044
1110
968.775
868.449
835.114
1079
1007
919.877
1008
1001.99
1109
1040.28
1086
1101
1093.4
1078
1063
1065.61
1066.59
1065.65
1065.3
1132
1121.24
1117
1055
1058.95
1063.59
1015
1016.87
1016.98
1133
1095.69
1125
1099.49
1094.67
1039
1039
1071
1072.27
1065.53
1063.56
1211
1086
1081.21
969
906
908.697
912.874
1078
1258
1414
1254.77
1212.45
1305
1295.34
1253.05
1230.97
1180
1179.28
1179.36
1177.34
1173.82
1016
1022.23
976
981.87
994.889
1004.66
1010.64
1023
1063
1073.54
1075.14
1074.21
1073.93
1074.12
1073.3
985
995.04
1008
1015
1039
1044.19
1023
1008
1014.49
1016.04
1017.56
1019.56
1021.32
1022.64
1023.54
1020.92
1063
1078
1065.09
1051.13
1045.85
1043
1055
1052.26
1045.97
1044.23
1046.24
1048.25
1047.37
1133
1125
1100.67
1063
1060.02
1059.84
1059.15
1047
1015
1024
1000
1004.77
1006.16
1009.06
1187
1123.54
1101.53
1095.5
1088.19
1180
1179
1164
1136.53
1124.79
1123.63
1119.97
1109.83
1100.22
1078
1078.04
1079.33
1079.67
1141
1130.97
1121.65
1112.44
1106.97
1105.29
1103.36
1031
1052.97
1086
1087.9
1088.21
1086.25
1088.84
1090.67
1125
1086
1091.27
1101
1098.44
1078
1070
1071
1073.47
1062
1063.75
1062
1039
1055
1039
1042.61
1086
1080.67
1076.67
1076.31
1079.35
1077.13
1073.49
1072.34
1072.49
1070
1068.61
1039
984
995.269
995.648
1110
1101.29
1101
1100.99
1094
1084.93
1070
1079
1062
1057.45
1054
1071
1069.41
1024
961
964.742
966.288
972.089
979.8
989.136
1156
1137.56
1117.84
1430
1328
1242.13
1234
1227
1199.11
1164
1125
1122.62
1121.37
1054
1079
1091.78
1078
1076.73
1164
1167.09
1143.62
1125.9
1124.69
1078
1077.01
1055
1062
1094
1086
1078
1081.99
1084.37
1085.07
1000
1048.93
1048.91
1049.76
1050.81
1093
1063
1064.43
1125
1116.18
1101.54
1098.87
1039
1016
1015
1016.82
1172
1203
1297
1250.53
1221.98
1234
1180
1166.11
1159.12
1086
1084.32
1188
1179
1165.43
1188
1187.52
1141
1156
1141
1127.39
1121.01
1118.18
1115.15
1112.46
1110.53
1109.01
1108.29
1086
1141
1117
1119.2
1122.79
1123.39
1124.75
1086
1063
1065.99
1078
1079.68
1055
1047
1086
1086.72
1089.2
1092.96
1195
1169.63
1140
1172
1172
1156.3
1147.99
1153.4
1149.65
1136.65
1134.91
1139.21
1134.23
1125.43
1126.79
1128.91
1124.24
1156
1148
1180
1170.15
1162.48
1160.08
1101
1113.56
1086
1087.27
1087.71
1079
1132
1142.05
1145.27
1147.61
1149.06
1148.22
1146.67
1142.89
1078
1102
1101
1105.29
1111.15
1115.5
1116.02
1115.55
1114.75
1008
1036.44
1042.24
1117
1119.66
1156
1152.4
1164
1153.3
1145.28
1102
1125
1117.86
1078
1091.95
1090.47
1078
1085.38
1054
1062.87
1062
1060.61
1064.37
1065.39
1067.95
1069.46
1093
1110
1125
1117
1114.53
1102
1098.29
1095.5
1092.76
1092.97
1093.48
1047
1031
1032.03
1086
1117
1119.61
1125
1180
1178.23
1163.17
1148.7
1138.86
1093
1086
1063
1070
1071.98
1076.32
1081.25
1087.02
1092.27
1086
1110
1125
1125.13
1164
1161.34
1093
1096.57
1032
1036.58
1035.77
1078
1093.67
1102.02
1117
1141
1141.56
1219
1209.73
1191.65
1177.88
1166.03
1152.99
1078
1080.12
1079.4
1079.5
1039
1008
1011.56
953
938
1000
1015
1032.52
1094
1156
1147.96
1139.87
1137.25
1128.9
1156
1151.32
1143.78
1143.07
1140.88
1135.7
1132.53
1130.37
1127.83
1124.27
1120.93
1118.7
1115.54
1112.7
1078
1062
1055
1056.72
1057.22
1094
1099.39
1105.03
1094
1117
1118.17
1121.33
1133
1132.71
1134.09
1134.62
992
1067.58
1063.62
1063.65
1068.04
1094
1092.27
1117
1094
1099.17
1102
1099.36
1110
1105.51
1086
1023
1042.78
1024
1070
1086
1088.78
1090.93
1125
1121.71
1116.53
1093
1098.46
1098.87
1090.72
1087.69
1084.34
1080.06
1093
1040
1054.4
1057.06
1058.11
1031
1039.44
1043.64
1046.52
1044.07
1045.99
1049.72
1050.09
1049.86
1164
1141
1122.59
1119.13
1117.18
1109.85
1103.67
1099.3
1095.23
1090.78
1079
1062
1063.42
1125
1133
1125
1111.91
1101.25
1095.22
1091.18
1093
1089.83
1085.86
1078
1039
1024
1062
1069
1075.73
1132
1142.02
1135.63
1140
1055
1031
1031.01
1032.1
1047
1060.49
1187
1177.88
1219
1172
1187
1176.62
1086
1085.45
1039
1031.34
1030.32
992
995.122
995.989
996.855
999.378
1001.68
1003.96
1211
1185.99
1164
1164
1164
1151.97
1139.76
1133
1094
1062
1071
1039
1078
1054
1024
1028.29
1055
1059.2
1047
1048.15
1140
1128.87
1113.26
1105.22
1100.57
1157
1132
1120.64
1114.74
1117.85
1118.36
1112.99
1107.77
1106.95
1047
1057.49
1061.19
1125
1116.43
1117
1141
1138.25
1109
1101.37
1101.03
1094.17
1039
1046.52
984
986.562
985.777
1140
1132.88
1125.85
1148
1102
1101
1101.57
1091.83
1083.4
1063
1070
1070
1071
1093
1071
1070
1072.56
1071.11
1055
1057.85
1058.5
1057.13
1057.91
1109
1099.59
1078
1076.41
1076.04
1072.77
1070.8
1070.86
1072.38
1101
1097.86
1094
1087.85
1016
1049.86
1051.39
1051.89
1051.62
1203
1140.43
1121.95
1118.15
1132
1118
1109.18
1104.56
1102.23
1096.55
1094
1148
1117
1108.06
1106.13
1104.44
1100.24
1096.29
1015
1052.13
1086
1101
1102
1096.49
1097.56
1078
1086
1062
1063.59
1062.82
1063.05
1065.12
1066.92
929
1009.15
1003.44
946
937
1008
1101
1204
1163.89
1125
1235
1195
1167.52
1160.92
907
970.451
989.917
804
789
812.46
828.462
834.254
845.577
812
823.557
820
828
831.376
834.464
837.121
840.474
843.195
891
844
854.102
813
797
773
774
750
760.95
763.098
757
764.666
766.509
813
821.099
828
830.074
1008
1094
1125
1062.87
1021.54
1004.63
1000.48
852
844.952
937
965.305
961
993
992.93
987.281
977.111
968.082
960.845
953.799
946.953
941.175
936.13
883
930
928.916
1274
1120.44
1077.85
1062.37
1234
1195
1152.78
1124.45
1141
1133
1117
1055
1008
914
919.986
926.648
939.588
1071
1140
1127.28
1108.56
1099.11
1091.17
1077.59
961
976
984.322
1148
1195
1180
1211
1205.83
1184.41
1167.64
1078
1069.92
1007
997.581
859
852
898
969.418
1164
1211
1192.06
1176.64
1382
1305
1258
1211
1212.55
1213.77
1054
1054.18
1088.12
1116.57
1120.04
1124.3
1133.38
1136.79
1134.81
1131.99
1063
1063.08
1068.28
1227
1164
1086
937
875
852
855.839
865.87
872.207
1141
1171
1169.73
1168.47
1167.2
1227
1221.78
1055
1054.7
1068.15
875
886.267
921.925
978.674
989.116
995.022
1006.53
1015.01
1219
1178.49
1117.04
1115.13
1257
1204.93
1055
1055.26
1088.37
1086.25
1045.78
860
820
855.825
920.571
931.307
934.138
942.288
859
865.26
876.493
882.637
881.755
880.502
1101
1125
1072.34
1156
1117
1102.02
1140
1141
1136.47
1135.6
1137.62
1137.8
992
998.096
1164
1140.1
1107.07
1093.63
1093.21
1091.66
1078
1075.25
1074.32
1101
1141
1125
1115.8
1111.9
1094
1090.65
1102
1098.3
1091.3
1089.97
1031
1045.34
1046.07
1048.26
1023
1027.07
1027.95
1156
1188
1155.87
1144.32
1138.78
984
907
910.921
867
851
854.677
857.954
862.115
866.523
871.436
929
970.969
914
917.363
875
844
820
836
838.704
828
836
852
805
816.499
844
846.294
1023
1010.37
989.32
977.624
965.278
1149
1088.38
1133
1079.53
1039
984
914
913.664
883
883.934
992
945
943.219
943.282
985
1000
953
947.314
922
921.368
920.624
917.346
843
856.784
860.722
1102
1109
1101
1067.52
1148
1149
1126.04
1070
1062.17
1063.92
1056.41
1039.4
1029.15
1026.99
1025.04
1018.52
1012.24
1009.35
945
948.397
890
891
894.452
899.239
1157
1118.52
1099.38
1089.11
1076.67
1065.49
1059.96
1047
1043.54
1040.91
1039.49
1038.27
1008
1008.41
1006.28
1219
1187
1134.39
1112.31
1117
1106.32
1092.74
1081.37
993
1031
1101
1125
1108.08
1089.43
1179
1177.41
1149.21
1109
1105.15
1109.62
1102.95
1087.22
1079.24
1081.65
953
1008
1015.11
1019.83
1219
1367
1264.44
1312
1293.73
1250.78
1231.29
1225.59
1205.89
1188.82
1181.47
1172.75
1163.18
1156.93
1152.48
1391
1320
1286.61
1282
1265.47
1250.34
1239.69
1125
1117
1120.11
1078
1086.59
1089.6
1089.37
1090.46
1023
1016
1016
1015.95
1017.31
1008
1013.68
1016.35
1019.03
1125
1117
1117.84
1117.92
1195
1198.03
1117
1120.02
1128.29
1007
1019.13
1020.1
1024.23
1025.47
1156
1133
1119.47
1094
1117
1102
1088.89
1083.36
1047
1071
1069.48
1063.5
1063.21
1064.49
1055
1056.03
1031
1036.62
1000
1008.26
1008.35
953
970.248
929
936.065
935.813
1093
1258
1289
1232.12
1336
1328.24
1309.23
1180
1178.73
1192.77
1193.52
1191.07
1189.72
1078
1079.99
1089.2
985
989.257
1047
1071.58
1074.14
1074.36
1078.83
1082.88
1082.57
1125
1125.17
1121.79
1120.52
1120.72
1121.51
977
961
965.55
1031
1050.61
1057.48
1204
1226
1219
1195.24
1181
1117
1103.52
1118
1070
1068.96
1072.95
1069.59
1067.42
1070
1071.91
1031
1094
1117
1141
1109
1125
1127.62
1117
1063
1068.52
1068.76
1065.71
969
1024
1029.26
1029.94
1219
1187.93
1195
1188.04
1179
1164.1
1125
1114.64
1105.64
1187
1110
1108.9
1102
1096.34
1091.97
1101
1063
1047
1039
1039.29
1038.96
961
992.097
992.31
989.772
991.253
992.118
993.36
994.409
995.694
1211
1153.81
1139.5
1148
1144.87
1139.81
1135.29
1130.46
1126.14
1122.64
898
975.424
500
1289
891
896.493
1031
1006.48
1005.22
1005.52
1344
1273
1227
1218.25
1214.84
1156
1157.59
1156.42
1094
1094
1086
1084.85
1078
1078.03
1039
1032
1062
1063
1063.78
1078
1078.71
1078.33
1102
1086
1101
1097.24
1125
1118.5
1094
1063
1062
1062.64
1063.41
1032
1041.48
1274
1167.76
1147.17
1243
1234
1192
1176.82
1179.85
1157
1150.18
1148.78
1146.32
1094
1100.24
993
945
946.993
947.743
1281
1229.17
1204.31
1199.27
1185.7
1168.55
1156
1180
1172
1101
1100.81
1107.29
1000
1013.91
1034.55
1008
1014.94
1036.31
1042.46
1042.07
1043.85
1234
1188
1133
1156
1141
1117.57
1102
1015
946
951.292
954.494
961
1445
1198.57
1173.78
1167.16
1147.03
1250
1221.57
1191.79
1190.44
1189.3
1179.51
1156
1141
1140.3
1140
1078
1086.66
1000
1000
1012.52
1019.47
953
972.445
981.96
1125
1149
1179
1169.35
1164.73
1008
976
979.858
984.64
992.346
998.103
1006.64
1014.66
1266
1237.68
1282
1253.89
1229
1117
1105.37
1133
1132.51
1117.02
1098.28
1096.45
1097.28
1096.02
1089.96
1078
1077.72
1079.53
1047
1051.04
1052.5
953
937
985
990.752
1359
1234.64
1205.25
1195.17
1186.71
1177.01
1203
1226
1210.08
1196.76
1110
1023
1025.11
1028.39
1036.69
1042.88
1211
1235
1172
1165.38
1165.88
1149.18
1265
1243.5
1213.48
1234
1225.95
1125
1062
1016
1015.24
1018.3
1055
1091.47
1226
1232.76
1215.28
1208.21
1200.97
1211
1197.55
1180
1172.22
1195
1187.08
1156
1154.63
1094
1054
1052.73
1055.49
1060.81
1031
1031.06
1033.73
1035.51
1156
1161.62
1154.85
1145.27
1141.04
1164
1162.08
1156.78
1155.06
1234
1232.46
1219.72
1078
1086.93
1090.39
1257
1297
1247.8
1258
1249.26
1258
1245.45
1229.07
1243
1237.28
1172
1167.68
1168.95
1031
1052.64
1057.86
1102
1111.53
1116.31
1126.09
1130.9
1129.65
1258
1247.97
1195
1194.32
1199.67
1186.85
1172.42
1172.28
1174.31
1079
1078
1164
1168.03
1156.23
1313
1276.35
1241.53
1094
1000
1007.16
883
914.678
977
1012.65
1024.32
1375
1317.93
1284.59
1328
1303.26
1264.47
1263.84
1259.97
1237.24
1102
1106.07
1134.61
1133
1132.54
1138.05
1144.53
1171
1172.01
1203
1226
1221.47
1216.51
1215.25
1212.81
1204.02
1195.39
1188.43
1039
1112.82
1112.27
1114.38
1148
1152.5
1281
1264.2
1254.2
1290
1274.6
1219
1223.8
1187
1179.45
1156
1152.7
1150.2
1008
1073.36
1075.07
1101
1106.47
1203
1320
1282.64
1269.96
1263.95
1245.77
1203
1195.34
1188.55
1175.21
1032
1066.18
1081.67
1101
1105.63
953
1007.34
1094
1101.99
1180
1183.08
1179.3
1328
1281
1239.04
1203
1203.77
1172
1156
1159.5
1148
1149
1109
1114.01
1118.26
1000
1070
1188
1167.75
1154.37
1153.3
1152.18
1164
1156.76
1151.37
1125
1122.09
1118.97
976
1042.1
1043.14
1132
1133.21
1136.35
1242
1242
1226.34
1220.65
1195
1180
1156
1147.73
1109
1117
1071
1054
1055.56
1031
984
954
984
1031
1062.06
1196
1202.03
1190.25
1184.11
1226
1217.49
1198.84
1179
1141
1136.03
1134.22
1133.07
1132.67
1133.03
1476
1063
1086
1089.01
1148
1140.8
1128.56
1127.3
1129.93
1131.67
1130.74
1126.62
1124.55
1124.1
1016
1049.71
1052.71
1051.96
1086
1085.68
1089.37
1095.36
1258
1194.01
1211
1196
1188.75
1109
1114.14
1112.59
984
1045.87
1046.64
1045.22
1110
1112.5
1211
1188.2
1195
1196
1172
1125
1086
1083.94
1079.78
1080.03
1133
1134.88
1008
1051.16
1057.52
1056.75
1062.84
1071.43
1072.2
1281
1242
1195
1188.03
1173.95
1152.06
1137.02
1127.73
1054
1133
1172
1234
1199.33
1177.92
1211
1204
1187
1171.8
1086
1091.93
1047
985
988.105
989.471
1024
1044.34
1242
1235.79
1305
1295.38
1273.91
1263.56
1156
1154.1
1156.07
1153.48
1152.22
1148
1146.98
1102
1086
1087.37
1016
1027.89
1034.07
1039.19
1044.19
1048.23
1274
1273
1242.04
1220.78
1235
1242
1188
1182.2
1185.54
1125
1123.94
1126.34
1000
1016
1055
1069.93
1073.35
1179
1180
1157.64
1156.72
1155.99
1179
1118
1117.05
1120.57
1110.62
1102.22
1102.88
985
1030.27
1037.23
1133
1127.88
1313
1260.74
1234.48
1229.55
1265
1233.21
1215.07
1217.3
1164
1156.86
1157.21
1151.29
1145.37
1146.88
1149.33
1148.74
1148.06
1235
1320
1271.69
1247.98
1239.78
1164
1162.73
1159.75
1155.51
1153.82
1015
1070.47
1070.7
1077.09
1081.5
1086.78
1235
1336
1285.94
1261.19
1165
1160.22
1160.41
1101
1099.76
1110
1218
1243
1218
1195.4
1194.82
1125
1120.64
1000
1006.1
1117
1149.23
1148.76
1171
1170.85
1188
1182.71
1167.41
1154.36
1145.36
1138.05
1078
1078.04
1079.41
1081.46
1083.41
1084.4
1085.13
1084.91
1084.19
1118
1140
1145.32
1141
1136.16
1134.99
1129.36
1121.59
1093
1078
1079
1080.07
1055
1059.87
1060.57
1062.82
1065.96
1156
1157
1148.24
1172
1168.57
1148
1140.64
1140
1131.25
1123.96
1118.87
1113.37
1109.58
992
1050.59
1046.79
1051.38
1266
1212.26
1265
1274
1312
1285.45
1188
1194.15
1188.98
1102
1110.97
992
938
939.594
941.951
948.492
1273
1246.46
1258
1248.55
1273
1260.29
1252.31
1187
1186.58
1185.42
1125
1123.73
1127.14
1127.56
1127.66
1094
1156
1158.82
1157.63
1156.7
1312
1274
1244.68
1297
1281.27
1255.79
1211
1208.56
1197.96
1191.24
1086
1108.68
1031
1035.87
1036.65
1140
1168.06
1226
1225.74
1219
1195
1211
1208.12
1198.35
1180
1164
1160.77
1063
1076.52
1085.06
953
937
1000
1094
1133
1141
1227
1218.39
1203
1200.18
1191.3
1180
1170.65
1162.05
1109
1102
1105.95
1107.45
1110
1125
1062
1071.69
1075.89
1075.67
968
1019.76
1030.3
1033.61
1034.89
1265
1172
1159.72
1160.11
1147.84
1135.99
1125
1164
1153.84
1141
1142.8
1031
1008
1016.08
1020.46
1022.68
1030.57
1043.35
1196
1168.59
1142.61
1172
1148
1125
1149
1164
1145.12
1157
1140
1131.61
1007
946
947.979
1000
1031.38
1250
1231.52
1208.32
1235
1219.54
1189.05
1172.58
1161.74
1179
1164.23
1150.27
1145.06
1180
1140
1102
1103.4
1106.85
961
984
1000
1019.13
1022.96
1305
1258.14
1328
1303.58
1266.15
1219
1148
1138.3
1137.03
1135.76
1135.86
1138.1
1203
1195
1183.94
1181.54
1094
1103.22
1107.22
1107.15
1070
1077.16
1082.86
1084.64
1085.06
1086.14
1087.52
1125
1124.53
1124.55
1126.14
1129.11
1102
1106.35
976
993
1031
1040.75
1048.34
1219
1198.16
1175.34
1211
1198.76
1211
1180
1171.31
1165.21
1070
1000
1003.79
953
899
902.379
904.57
1016
1064.46
1083.61
1091.61
1093.6
1093.52
1180
1235
1250
1216.86
1218
1188
1164
1156
1154.82
1141
1187
1189.06
1187.79
1186.53
1185.91
1185.01
1078
1085.32
1091.71
1093.36
1047
1057.44
1061.68
1062.13
1336
1259.35
1344
1309.53
1277.05
1196
1193.39
1180
1133
1070
1075.2
1008
953
953
945
985
1148
1266
1312
1321
1250
1242
1258
1254.97
1156
1154.73
1203
1210.19
1206.46
1211
1215.63
1215.94
1214.66
1172
1172.25
1172.98
1171.58
1133
1132.56
1135.05
1078
1082.06
1084.21
1084.81
1085.38
1086
1090.83
1094.15
1097.18
1100.42
1104.21
1108.04
1111.68
984
1065.47
1060.57
1058.33
1196
1195
1182.89
1180.5
1273
1249.65
1230.1
1225.25
1223.09
1218.59
1117
1032
968
967.433
968.055
971.334
976.735
983.242
1304
1344
1278.32
1258.45
1249.04
1187
1170.24
1125
1113.85
1111.46
1110.06
1109.03
1109.46
1195
1200.09
1219
1206.84
1193.2
1184.67
1175.94
1164.27
1154.01
954
984
1019.19
1037.85
1043.53
1453
1297
1461
1409.7
1345.18
1250
1227
1227
1203
1187
1117
1071
1000
1007.5
1021.49
1031.19
1102
1257
1264.8
1262.25
1263.01
1250
1248.45
1195
1193.73
1194.14
1192.68
1172
1170.73
1173.27
1164
1163.04
1078
1088.21
1092.84
1098.28
1086
1087.25
1091.28
1360
1312
1252.46
1367
1337.47
1298.31
1289
1258
1250.33
1244.9
1117
1117
1120.55
1121.77
992
976
1024
1059.64
1065.12
1069.11
1281
1266.7
1228.52
1320
1312.8
1313
1292.88
1294.26
1140
1133
1157.05
1118
1031
992
1009.85
1024.45
1109
1135.79
1336
1314.28
1297
1283.98
1266.24
1243.43
1226
1215.46
1205.71
1197.78
1188
1186.98
1109
1113.12
1120.08
1016
1047.47
1149
1164.98
1165.9
1164.63
1164.27
1158.97
1151.62
1227
1212.63
1197.88
1235
1229.29
1221.94
1222.75
1222.85
1102
1121.65
1124.63
1054
1102
1121.64
1113.06
1188
1189.59
1174.86
1175.72
1171.83
1289
1250
1230.05
1232.13
1221.69
1157
1166.33
1168.62
1133
1164
1174.27
1085
1040
1056.51
1058.45
1058.13
1072.61
1085.98
1088.91
1187
1266
1226
1212.78
1213.74
1201.5
1187.84
1185.57
1148
1139.89
1140.13
1094
1097.24
1250
1228.5
1212.2
1206.73
1192.95
1176.86
1164.19
1154.81
1146.69
1140.74
1136.35
1133.86
1131.74
1129.55
1024
1054
1071
1076.24
1125
1138.52
1143.77
1211
1203.31
1194.06
1187.55
1133
1172
1164.5
1180
1175.31
1175.75
1173.54
1169.58
1166.05
1162.63
1159.76
1157.59
1156.15
1155.13
1117
1156
1145.61
1141.13
1297
1211.66
1289
1243.19
1231.04
1224.51
1216.35
1171
1125
1118
1117
1078
1088.95
1089.94
1063
1187
1175.22
1176.38
1178.5
1250
1250
1227
1223.23
1221.45
1242
1230.08
1223.22
1109
1133.82
1136.44
1047
1069.38
1071
1075.38
1077.26
1219
1141
1179
1157
1151.31
1151.09
1125
1101
1102
1062
1094
1094.72
1097.14
1101.32
1105
954
1022.77
1021.42
1020.5
1187
1313
1247.27
1221.54
1312
1276.74
1251.13
1246.08
1242.95
1235.42
1232.52
1164
1166.95
1168.57
1166.16
1164.92
1039
992
1000.12
1032
1052.94
1058.76
1062.98
1375
1258
1211
1202.24
1197.56
1182.65
1156
1157.45
1161.66
1161.17
1125
1127.77
1118
1125
1109
1109.58
1078
1031
1000
1000
1002.11
1007.5
1012.06
1015.81
1234
1273
1274
1242
1234
1234.69
1149
1132
1131.52
1102
1098.85
1098.93
1086
1085.6
1063
1047
1048
1048.25
1049.37
1050.59
1051.87
1156
1156.07
1125
1164
1188
1178.39
1165.28
1157.8
1157.34
1117
1117.37
1141
1148
1145.06
1140
1143.75
1143.57
1138.3
1133.3
1000
1045.24
1066.22
1073.3
1073.87
1079.23
1085.29
1266
1195
1195
1191.36
1183.07
1140
1135.78
1135.61
1127.68
1119.7
1141
1148
1138.88
1063
1082.24
1089.21
1090.07
1089.22
1095.11
1141
1140
1124.5
1118
1101
1078
1039
1024
1023.55
1110
1156
1164
1156.99
1151.85
1234
1229.75
1204.53
1185.52
1181.44
1179.33
1243
1226.41
1313
1296.61
1270.9
1259.13
1258.11
1252.98
1243.82
1133
1143.87
1150.45
1125
1126.21
1130.03
1024
1075.16
1046
1047.78
1050.32
1053.42
1188
1187.73
1196
1187
1195
1196.39
1164
1156
1188
1226
1219
1164
1169.43
1180
1179.23
1109
1114.88
1054
1059.21
1059.69
1062.68
1101
1125
1128.88
1133
1125
1140
1139.39
1133.91
1109
1133
1136.25
1109
1117
1141
1133
1127.61
1128.67
1132.01
1129.92
1126.64
1133
1320
1203.28
1234
1234
1214.3
1258
1235
1226
1225.82
1172
1141
1146.71
1145.89
1145.85
1149.42
1032
1039
1045.9
1461
1085
1089.77
1091.45
1093.39
1117
1115.73
1109
1111.98
1114.2
1114.61
1114.72
1115.33
1115.89
1148
1146.95
1156
1155.99
1117
1133
1085
1071
1074.46
1075.83
1077.63
1079.97
1082.96
1085.67
1088.47
1090.58
1093.68
1172
1161.37
1151.05
1094
1090.75
1091.26
1140
1141
1134.45
1125.27
1119.26
1117.77
1117.22
1133
1156
1148
1134.99
1148
1141
1142.33
1136.83
1086
1087.46
1133
1137.01
1132.27
1156
1150.61
1118
1116.41
1046
1055.78
1056.9
1047
1102
1119.04
1110
1112.94
1120.24
1203
1184.09
1102
1100.04
1105.84
1125
1118
1117
1116.23
1117.21
1132
1079
1084.16
953
953
956.047
960.815
967.651
973.078
1226
1183.2
1187
1203
1172
1152.04
1172
1149
1134.49
1131.86
1128.64
891
964.472
1012.4
1020.04
1022.96
1034.82
1035.11
1461
1312
1258
1234
1235
1226
1204.31
1156
1141
1137.71
1129.58
1128.31
1127.87
1127.95
1127.91
1000
1056.96
1039
1040.71
1055
1055.54
1057.64
1059.96
1062.59
1172
1187
1175.05
1133
1133
1137.84
1139.37
1117
1116.58
1109
1110.33
1110.26
1108.62
1107.52
938
1010.25
1055
1049.3
1179
1152.81
1226
1202.75
1189.8
1182.96
1133
1132
1125.98
1115.56
1110.54
1125
1122.22
1122.08
1123.03
1123.14
1123.03
1123.12
1123.15
1123.2
1123.36
1123.59
1123.81
1124.19
1274
1234
1198.4
1187.13
1179.44
1171.81
1093
1016
953
953.502
953.31
813
888.804
895.248
813
835.461
845.937
836
820
826.046
830.421
833.275
836.139
839.074
1008
1020.58
1026.66
1086
1094.63
1098.25
1031
1032
1036.99
1062
1060.73
1059.47
1047
1049.21
1050.07
922
935.939
942.182
942.954
1117
1091.73
1072.02
1063.83
1057.33
1172
1131.48
1103.11
1096.57
1092.11
1085
1070.09
1057.34
1052
1049.03
1045.63
953
984.549
989.868
1196
1132
1071
1066.97
1067.2
899
950.482
836
841.061
842.044
847.216
898
914
926.572
867
875
882.1
844
848.654
852.416
854.776
766
784.749
788.884
791.622
794.132
797.102
800.517
803.928
711
703
680
683.272
684.165
687.556
691.567
695.59
750
758.225
765.119
770.99
779.674
785.731
820
820.94
828
827.521
789
791.052
791.168
789.497
785.45
796
795.93
859
850.935
839.108
882
899
929
930
918.792
913.067
953
946.675
934.926
899
883
888.289
851
851.606
851.558
852.024
1070
1071
997.325
1055
1042.99
1016.52
999.349
969
957.103
946.233
977
970.134
961.583
956.675
952.094
1078
1034.96
1008.73
961
959.51
969
969
937
936.634
883
892.115
892.527
892.402
992
990.339
987.704
985.786
985.66
984.714
1023
1014.15
1000.98
937
935.317
938.154
941.871
929
927.808
1016
1019.15
984
978.021
981.677
922
883
914
906
904.677
1304
875
891
891.236
894.009
897.247
901.733
907.27
1188
1061.24
1011.44
999.006
997.493
991.829
983.66
975.77
852
869.419
898
897.785
977
976
974.734
973.173
984
883
875
875.185
820
827.051
828.754
830.011
832.013
711
756.085
758.399
760.424
764.58
771.512
777.657
641
656
658.4
660.579
664.178
669.278
829
875
873.665
872.399
914
868
866.734
812
820
813
808.621
807.456
875
869.136
867
862.485
836
828
824.686
819.96
816.59
875
868.132
859.815
890
882.627
874.082
859
851.759
844.828
891
884.937
875.043
869.17
805
813.839
814.525
818.039
836
843.323
845.455
847.31
847.734
984
934.554
976
949.943
935.647
1071
1025.36
991.54
1062
1049.12
1027.34
1024.1
1047
1042.64
1055
1047
1048.43
1052.08
945
979.607
981.773
914
929
932.808
914
918.482
907
910.813
911.734
911.996
828
858.642
858.984
858.827
773
823.179
766
776.842
781.654
812
812.738
818.631
824.941
830.19
834.145
953
939.071
1023
992.795
985.44
1117
1117
1077.84
1060.88
1086
1091.38
1090.88
1090.81
1093.24
1047
1051.75
1061.33
1062.88
1062.14
930
930
968
977
975.918
974.652
975.324
979.934
1047
1040.09
883
906.237
914.547
927.805
927.552
924.44
883
904.821
1055
1043.95
1211
1147.77
1105.97
1091.81
1250
1221.82
1188
1150.07
1145.13
1151.16
1062
1060.86
1068.78
1079
1076.33
1071.25
1070.97
1074.17
1075.33
1074.07
1072.43
1125
1118.48
1047
1051.27
1056.89
1056.95
1052.9
1052.05
1016
1031
1031.72
1033.8
1033.9
1037.12
1042.36
1024
1008
968
973.228
961
965.048
967.563
1125
1098.26
1149
1203
1173.51
1156.74
1151.53
1140
1130.6
1125.25
1121.37
1047
1049.87
1049.21
1117
1115.64
1016
1023.38
1024
1025
1024.39
968
979.131
938
942.695
943.059
942.946
1148
1219
1266
1232.59
1172
1167.25
1180
1175.8
1101
1099.4
1125
1133.56
1093
1085.67
1086
1055
1052.06
1051.81
1054
1054.09
1053.99
1054.6
1055.5
1016
1024.22
1070
1068.2
1066.46
1140
1144.15
1133
1132.04
1138.24
1136.61
1054
1059.95
1062.88
1062.98
1060.68
1065.91
1062
1060.32
1086
1088.59
1000
969
973.364
975.633
1054
1068.77
1068.83
1046
1047.74
1047.95
1043.26
1040.55
1040.29
1250
1172.43
1138.51
1126.55
1132
1118
1062
1056.62
1057.76
1055.01
1050.32
1109
1111.68
1093.76
1156
1148
1125
1114.08
1079
1070
1086
1085.47
1063
1067.44
1073.21
1070.47
1068.24
1068.88
1069.31
1069.67
1069.84
1071.06
1070.8
1069.37
1070
1071
1069.68
1069.39
1039
1071
1065.88
1065.22
1066.47
1102
1097.62
1094.78
1063
1071.11
1125
1086
1083.17
1084.1
1055
1070
1063
1063.23
1032
1047.22
1031
969
938
939.058
1031
1044.67
1048.9
1059.09
1266
1227
1172.02
1211
1198.86
969
1016
1032.25
1028.82
1211
1250
1258
1221.57
1205.93
1149
1140
1110
1098.87
1096.77
1102
1117
1115.79
1086
1086.98
1085.72
1081.44
1080.41
1015
1036.82
1036.89
1037.86
1039
1040.91
1043.25
1156
1141
1179
1164.15
1203
1202.59
1164
1166.51
1167.84
1160.23
1154.22
1047
1055
1055
1056.64
969
1039
1041.13
1179
1164.06
1203
1203
1188.16
1180.9
1164
1172
1162.44
1148
1094
1100.93
1100.92
1099.95
1063
1075.8
1079.81
1093
1093.26
1093.85
1096.89
1094
1095.03
1095.17
1086
1087.22
1087.37
1054
1060.25
1058.92
1061.94
1094
1109
1094
1063
1069.65
1071.41
1074.17
1086
1090.84
1188
1155.63
1145.41
1211
1190.68
1175.49
1169.49
1165.07
1156.31
1148.74
1047
1074.85
1149
1147.99
1133.46
1219
1213.39
1183.59
1177.84
1178.99
1109
1113.78
1122.35
1102
1094
1106.54
1086
1085
1071
1071.8
1070.99
1071.27
1024
1070
1125
1121.5
1113.42
1210
1305
1242.68
1213.76
1203
1156
1141
1164
1180
1171.85
1165.02
1166.45
1163.04
1154.28
1078
1082.39
1084.78
1089.87
1015
992
995.743
1031
1125
1131.96
1234
1289
1244.94
1223.09
1219.41
1210.99
1195
1188.68
1117
1117
1086
1102
1070
1072.61
1079.27
1093
1118
1117
1117.42
1164
1125
1101
1101.64
1101.42
1098.54
1096.92
1110
1112.03
1204
1200.61
1194.97
1188.87
1183.08
1174.41
1164
1156.75
1150.1
1144.21
1086
1109
1106.69
1109
1055
1077.13
1077.92
1078.49
1082.18
1086.95
1089.17
1047
1060.73
1059.4
1057.62
1059.23
1059.51
1258
1192.43
1234
1216.49
1172
1172.52
1169.66
1156.57
1146.9
1144.39
1078
1086.59
1094
1091.7
1092.58
1095.08
1047
1061.01
1062.04
1062.08
1064.17
1117
1114.09
1112.42
1109
1109.54
1108.31
1105.73
1219
1184.22
1219
1206.75
1180
1125
1127.54
1123.49
1119.29
1093
1099.21
1099.95
1099.67
1227
1187.46
1195
1172
1166.17
1160.93
1133
1172
1161.73
1149
1234
1258
1228.72
1211
1205.76
1195.41
1186.6
1180.73
1175.12
1179
1164
1163.23
1162.33
1007
1000
1052.67
1064.89
1078.08
1242
1228.88
1304
1284.95
1260.86
1254.19
1281
1264.55
1249.7
1246.4
1239.88
1231.16
1225.87
1222.23
1218.1
1213.93
1210.63
1208.87
1207.7
1172
1176.56
1179
1178.31
1141
1159.18
1093
1102
1094
1093.7
1156
1133
1094
1108.26
1112.6
1117
1117
1121.84
1125.63
1128.42
1130.78
1133
1156
1180
1148
1118
1124.57
1127.27
1141
1132
1102
1109.21
1141
1156
1142.46
1128.24
1102
1125
1109
1117
1141
1131.38
1124.64
1122.84
1127.86
1132.42
1129.1
1120.61
1116.17
1078
1087.08
1091
1102
1103.99
1078
1082.45
1094
1101.36
1125
1116.64
1203
1192.1
1172
1165.2
1159.27
1146.76
1135.28
1126.45
1117
1109.85
1106.16
1105.06
1203
1172
1101
1079
1080.62
1083.2
1087.75
1091.49
1156
1160.71
1148.12
1258
1273
1211
1200.96
1198.38
1257
1229.36
1212.34
1209.53
1032
1081.04
1093.02
1000
1024
1033.94
1036.87
1037.27
1179
1211
1181.61
1266
1242
1289
1289
1234
1235.33
1240.44
1172
1148
1160.76
1161.24
1159.98
1164.78
1079
1093.87
1101.22
1101
1102.47
1108.33
1078
1085.56
1140
1137.14
1133.56
1133.66
1136.01
1136.55
1136.56
1136.37
1136.84
1133
1135.67
1137.09
1257
1407
1326.84
1269.99
1239.34
1273
1273.38
1264.6
1253.3
1244.08
1125
1127.66
1086
1087.37
1089.97
1062
1133
1188
1201.8
1201.11
1227
1230.67
1222.57
1211.19
1202.97
1227
1171
1166.9
1141
1148
1133
1117
1047
1063
1109
1126.94
1135.54
1219
1242
1226.64
1217.73
1212.18
1250
1226
1211.02
1204
1199.18
1190.03
1148
1149.42
1154.04
1149
1140
1142.18
1133
1133.53
1133.88
1070
1055
1056.34
1101
1119.07
1125
1195
1203
1193.98
1195
1198.69
1194.65
1187.95
1149
1179
1181.64
1176.65
1170.66
1171.95
1132
1134.19
1134.49
1031
1078
1078.94
1196
1185.03
1177.1
1203
1198.24
1185.6
1141
1164
1162.43
1153.06
1150.18
1101
1110
1101
1103.03
1094
1099.75
1103.07
1104.03
1106.04
1108.38
968
1000
1014.56
500
690.114
1250
1103.04
1094.92
1203
1156.03
1154.76
1227
1200.58
1199.32
1180
1178.73
1177.47
1164
1162.73
1132
1130.99
1094
1093.75
1047
1101
1125
1141
1164
1172
1172.42
1175.44
1179.43
1171
1180
1176.56
1170.54
1164.77
1179
1175.14
1173.61
1174.46
1174.42
1173.86
1172.75
1133
1144.29
1139.58
1135.89
1047
1086
1081.22
1080.08
1084.57
1086.3
1089.38
1250
1200.62
1195.16
1196
1203
1198.1
1193.2
1192.12
1189.37
1133
1141.28
1139.79
1135.15
1070
1031
1034.54
1008
992
1024
1078
1187
1188
1182.24
1177.63
1265
1164
1160.45
1133
1122
1093
1071
1072.81
1109
1102
1109
1114.11
1117.92
1117.64
1113.21
1108.4
1104.01
1099.79
1096.03
1141
1179
1169.48
1156.86
1164
1188
1185.05
1171
1163.9
1118
1132
1149
1152.91
1133
1117
1118.82
1122.83
1125.68
1123
1118.66
1117.39
1121.18
1125.24
1124.13
1063
1076.48
1078.4
1196
1179.48
1156.82
1203
1179
1167.74
1154.48
1148.09
1102
1093
1093.51
1096.12
1100.14
1103.23
1106.72
1055
1068.42
1069.56
1125
1129.25
1123.91
1121.66
1211
1203
1187
1171.84
1165.91
1125
1116.51
1180
1172
1133
1132.18
1144.39
1145.79
1188
1172.07
1159.49
1227
1156
1070
1078.09
1016
1020.65
1164
1250
1214.43
1200.03
1297
1271.38
1239.04
1233.23
1289
1269.04
1242.46
1239.22
1240.42
1228.83
1062
1076.8
1100.68
1133
1094
1180
1214.18
1195.37
1188
1234
1211
1188
1189.27
1188
1172.89
1163.75
1177.1
1179.99
1169.4
1171.04
1125
1125
1128.33
1125
1047
1024
1027.44
1164
1274
1230.76
1227
1336
1306.03
1273.78
1203
1204.84
1156
1149.06
1117
1116.47
1119.76
1164
1179
1179.41
1023
1050.09
1068.4
1093.79
1234
1328
1287.92
1257.31
1274
1312
1180
1164
1125
1125
1125.02
1124.62
1127.6
1133.8
1149
1151.62
1150.35
1148.34
1147.8
1146.58
1143.3
1141.77
1235
1222.25
1204.93
1190.6
1281
1187
1164
1157
1159.55
1159.84
1158.78
1159.16
1161.63
1163.63
1161.27
1158.73
1094
1101
1102.66
1104.14
1047
1077.98
1077.85
1023
1045.54
1049.73
1071
461
644.224
1015
970.78
1015
1023.31
1026.77
1453
1195.22
1193.96
1195.6
1352
1244.1
1274
1279.08
1218
1224.83
1232.63
1179
1186.71
1125
1135.37
1007
1020.41
1032.8
1034.3
1038.5
1046.05
1172
1172
1148
1156
1159.56
1148
1117
1117.84
1118.17
1118.25
1141
1142.3
1142.68
1149
1149.38
1149.55
1039
1055
1101
1104.85
1103.69
1105.15
1211
1203
1274
1247.6
1203
1197.52
1190.4
1227
1212.04
1199.64
1200.17
1200.02
1157
1125
1128.19
1128.45
1129.23
1109
1078
1063
1070
1063
1065.11
1066.07
1067.93
1070.58
1072.41
1073.48
1188
1191.17
1227
1156
1155.86
1161.57
1171
1133
1141
1125
1062
1064.52
1064.41
1086
1096.43
1305
1254.78
1312
1290.82
1261.14
1242.53
1226.77
1336
1299.02
1267.81
1253.81
1125
1131.34
1134.38
1137.36
1156
1172
1172
1171.53
1171.08
1169.83
1047
1070.64
1074.23
1077.27
1148
1151.25
1151.95
1156
1149
1150.74
1151.11
1151.34
1151.97
1152.46
1156
1156.38
1158.69
1160.47
1117
1130.85
1127.65
1124.52
1102
1108.81
1117
1114.38
1016
1101
1089.78
1090.19
1091.7
1265
1188.59
1282
1234
1220.65
1215.08
1206.64
1180
1164
1125
1126.93
1126.91
1085
1094
1125
1121.21
1078
1098.58
1107.14
1118
1070
1031
1052.88
1109
1102.69
1096.61
1098.46
1211
1192.01
1168.34
1133
1142.01
1172
1159.44
1133
1128.9
1109
1108.07
1102.49
1096.96
1099.66
1102
1078
1078.42
1031
1036.95
1038.21
1041.95
1044.66
1047.21
1050.31
1266
1190.59
1166.78
1160.71
1203
1156
1156
1159.79
1155.78
1102
1063
1065.67
1067.43
1070.34
1072.16
1077.04
1125
1128.63
1120.85
1113.36
1156
1117
1107.09
1149
1172
1148
1137.5
1141.92
1195
1179.69
1163.78
1162.07
1167.54
1162.64
1117
1133
1140.76
1138.73
1125.73
1125
1131.12
1117
1112.96
1114.75
1101
1104.26
1156
1151.7
1138.46
1137.01
1143.51
1250
1194.89
1210
1202.54
1191.2
1180.32
1148
1141
1138.86
1137.14
1137.12
1109
1114.63
1109
1111.91
1094
1098.12
1101
1102.81
1104.81
1106.47
1108.31
1109.83
1054
1071
1156
1142.58
1137.19
1336
1254.86
1297
1274
1336
1179
1189.97
1194.49
1110
1120.97
1127.58
1127.91
1127.98
1130.81
1134.18
1135.6
1118
1121.9
1123.2
1187
1235
1213.31
1198.48
1203
1201.93
1164
1164.51
1164.71
1102
1102
1102.66
1105.83
1093
1101.74
1125
1118
1120.13
1086
1093.53
1095.07
1096.68
1098.63
1101.59
1104.14
1105.77
1179
1235
1215.45
1219
1213.09
1164
1159.92
1159.48
1071
1054
1054.41
1047
1031
1035.6
1037.92
1040.52
1043.23
1046.2
1049.36
1156
1161.46
1172
1148
1143.21
1180
1164
1156.11
1149.61
1147.13
1086
1089.18
1089.23
1054
1056.3
1008
1011.38
1011.09
1156
1156
1157
1146.09
1196
1172
1132
1128.39
1133
1125.14
1101
1149
1151.97
1144.15
1094
1104.69
1110.65
1070
1072.76
1094
1148
1131.93
1119.77
1180
1176.82
1149.42
1171
1141
1124.71
1086
1096.37
1039
1041.82
1042.94
1055
1060.19
1117
1140.85
1093
1103.06
1115.54
1140
1211
1194.88
1180
1164
1149.4
1135.03
1124.26
1117
1113.25
1164
1167.79
1163.56
1153.7
1146.71
1179
1118
1140
1141
1136.66
1054
1079.05
1054
1055.54
1056.66
1059.1
1133
1157
1164
1158.68
1159.51
1156.68
1149.32
1142.94
1137.02
1130.68
1125.21
1125
1123.12
1122.72
1070
1087.75
1055
1078
1078.82
1086.25
1110
1113.6
1125
1125.82
1148
1145.36
1141.3
1094
1078
1076.96
1085
1092.35
1062
1071.78
1074.55
1118
1086
1088.41
1110
1117
1109.34
1101.6
1196
1203
1158.84
1150.05
1154.94
1179
1159.91
1086
1091.65
1078
1081.76
1077.94
1077.93
1086.72
1095.34
1094.15
1164
1166.89
1149.04
1137.62
1157
1157.11
1125
1125
1093
1063
1055
1109
1094
1093.8
1039
1109
1110.17
1104.8
1096.58
1101.5
1071
1076.89
1078.84
1078.81
1156
1141.34
1188
1173.04
1162.04
1195
1188.2
1141
1149.49
1153.82
1142.98
1086
1062
1065.95
1079
1081.05
1082.76
1015
1039
1040.19
1042.42
1045.44
1211
1218
1186.91
1179.96
1175.21
1156.22
1141
1136.14
1128.74
1117.03
1125
1141
1140
1130.68
1110
1103.2
625
790.61
1047
1055
1070
1075.03
1073.76
1203
1181.56
1162.73
1161.47
1152.93
1149.12
1109
1125
1124.38
1101
1105.05
1094
1086
1089.17
977
1016.51
1016.67
1015.41
1016.55
1266
1367
1320
1279.22
1255.37
1226
1188
1172.65
1159.41
1102
1109
1109.09
1102
1093
1093.84
1086
1085.62
1085.49
1055
1094
1094.71
1094
1094.66
1094
1094.47
1094.11
1093.43
1093.1
1092.98
1117
1115.82
1119.95
1172
1171.98
1180
1203
1148
1150.86
1149.43
1145.27
1141.54
1102
1109.77
1107.34
1105.55
1243
1191.23
1175.04
1171.54
1164
1155.13
1148
1102
1105.68
1103.49
1148
1094
1078
1082.12
1084.49
1086.58
1088.74
1063
1069.18
1039
1024
1024.32
1054
1141
1133
1128.37
1164
1165.13
1155.48
1146.49
1145.21
1133
1125.92
1165
1148
1139.72
1139.66
1137.26
1130.78
1124.89
1121.14
1047
1102
1096.82
1096.77
1099.68
1164
1154.57
1148.49
1146.28
1125
1120.13
1141
1136.56
1131.96
1134.78
1137.05
1141
1135.82
1141
1138.45
1141
1137.39
1136.74
1136.16
1133
1172
1155.37
1149.39
1024
992
945
1008
1040.21
1391
1320
1515
1416.18
1328
1301.8
1282.63
1226
1125
1125.21
1055
1101
1133
1138.04
1138.58
1139.37
1164
1157
1155.73
1093
1096.2
1100.28
1101
1102
1070
1072.68
1102
1070
1055
1063
1093
1094.58
1132
1137.25
1070
1102
1101
1110
1099.28
1099.11
1164
1154.08
1137.69
1164
1156
1141.29
1062
1086
1093.9
1091.23
1125
1180
1157.62
1148
1148.33
1139.41
1078
1088.54
1094.02
1087.39
1080.42
1078
1094
1092.57
1109
1114.17
1108.6
1093
1096.25
1086
1109
1094
1096.03
1098.79
1097.81
1096.15
1156
1137.26
1180
1163.5
1141
1142.41
1039
1091.85
1125
1114.24
1109.76
1111.16
1113.12
1110.18
1109.99
1188
1187
1156
1148.89
1147.14
1140.35
1133.36
1128.96
1132
1128.4
1124.93
1123.15
1117
1117.49
1008
1077.01
1015
1030.39
1030.59
1029.01
1133
1114.61
1203
1188
1186.49
1184.3
1195
1148
1156.19
1133
1133
1129.43
1126.98
1126.46
1126.79
1070
1098.34
1091.81
1085
1087.78
1089.24
1089.76
1090.31
1091.42
1091.76
1093.53
1094.17
1095.17
1095.87
1242
1181.39
1172.37
1168.18
1165.1
1163.99
1141
1094
1097.34
1097.01
1098.31
1100.85
1103.3
1024
1063.77
1060.01
1061.11
1117
1141
1227
1197.03
1182.15
1175.07
1320
1265.47
1230.04
1216.88
1203
1164
1125
1124.57
1125.29
1117
1133
1141
1125
1125.32
1127.67
1127.42
1039
1080.17
1081.3
1082.45
1172
1218
1200.1
1257
1250.55
1230.9
1258
1248.28
1234.25
1234.93
1231.71
1225.18
1222.62
1221.17
1217.32
1024
1111.05
1107.95
1113.55
1120.82
1127.88
1227
1234
1225.05
1312
1291.63
1272.5
1269.36
1258.62
1249.98
1246.83
1242.82
1086
1142.6
1147.16
1147.77
1219
1234
1224.11
1224.21
1180
1094
1109
1112.14
1113.08
1304
1258
1252.18
1249.94
1125
1138.42
1144.83
1141.48
1143.69
1153.77
1154.02
1141
1144.97
1145.32
1144.06
1143.98
1144.59
1144.26
859
844
883
945
968.687
988.823
1274
1226
1200.29
1258
1234.26
1211
1211.89
1141
1139.73
1141.88
1094
1071
1085
1118
1116.86
1187
1188.9
1211
1197.61
1193.09
1191.98
1188.28
1184.58
1182.02
1164
1158.42
1151.39
1144.69
1226
1172
1180
1156
1157.77
1157.47
1125
1101
1102.46
1046
1063
1060.53
1032
1039
1117
1219
1281
1258.76
1250.39
1211
1205
1197
1187.69
1181.77
1177.15
1172.47
1156
1125
1122.07
1120.91
1094
1095.36
1096.61
1097.75
1047
1061.5
1055
1056.3
1057.45
1057.74
1058.14
1156
1155.58
1218
1213.05
1211.71
1164
1165.69
1141
1136.49
1117
1116.32
1115.99
1116.5
1117.83
1148
1149.74
1150.15
1102
1078
1055
1070
1047
1086
1092.84
1098.71
1102.56
1105.49
1107.1
1107.17
1107.47
1108.11
1109.16
1110.91
1112.49
1132
1118
1120.94
1121.05
1119.58
1125
1121.77
1120.18
1118.8
1117
1115.39
1148
1135.33
1131.52
1156
1150.61
1062
1091.7
1114.28
1108.86
1219
1203
1177.47
1175.05
1281
1237.94
1209.95
1203.82
1199.24
1192.17
1184.32
1179.12
1174.29
1168.74
1196
1189.08
1181.91
1172
1171.05
1168.58
1188
1181.46
1176.19
1175.38
1175.67
1174.93
1172.33
1086
1159.36
1211
1211
1198.54
1219
1218
1219.02
1214.58
1148
1170.06
1164
1165
1148
1153.37
1157.19
1158.45
1110
1127.76
1110
1109
1094
1098.84
1054
1086
1083.9
1117
1113.11
1115.2
1109
1086
1102
1100.79
1101.08
1103.49
1105.36
1108
1109
1111.11
1112.19
1114.13
1115.28
1116.24
1164
1148
1144.68
1093
1117
1115.27
1113.76
1112.12
1110.79
1111.14
1258
1195
1166.43
1159.46
1180
1180
1169.09
1161.7
1158.82
1159.43
1157.84
1154.22
1078
1109
1110.66
1110.88
1109.82
1109.65
1112.27
1115.07
1116.43
1305
1234
1172
1164
1156
1148.04
1149
1143.12
1141.54
977
1058.08
1054.27
1053.89
1266
1273
1297
1267.44
1250.98
1344
1317.28
1203
1164
1156
1154.44
1149.2
1133
1133.82
1117
1047
1059.71
1064.58
1066.82
1069.82
1164
1166.93
1165.66
1211
1180
1156
1148
1144.83
1139.32
1136.76
1141
1086
1093
1093.51
1095.02
1098.19
1105.38
1171
1168.34
1117
1125
1141
1125
1070
1081.51
1085.56
1086.05
1172
1156
1144.58
1145.91
1141.36
1129.75
1117
1112.46
1172
1195
1164.99
1150.35
1211
1195
1172.88
1159.05
1161.7
1160.85
1146.39
1054
1069.31
1077.27
1087.95
1093
1086
1094.85
1103.33
1148
1149
1136.08
1195
1203
1179.88
1159.88
1125
1141
1143.26
1134.63
1117
1120.66
1130.21
1134.24
1102
1105.73
1113.59
1133
1117
1107.53
1102
1078
1070
1071.31
1073.38
1075.53
1077.04
1079.88
1086
1090
1093.47
1096.12
1047
1015
1017.83
1018.82
1024.24
992
1002
1004.66
993
984
988.966
991.262
994.243
998.088
1031
1015
1020.78
1025.14
1028.07
1029.62
1024
1026.87
1000
1005.41
1006.63
1008.66
1010.82
985
994.712
1157
1081.07
1187
1126.08
1242
1182.3
1154.16
1147.74
1070
1078.81
1077.64
1000
1000
1000
1000.07
1024
992
1001.95
1004.79
1004.98
1005.65
1015
1008
1011.21
1012.64
1039
1036.4
1036.22
1008
1021.22
1000
1006.11
1007.23
1008.15
1023
1016
1020.49
1022.48
1022.1
1469
992
961
938
945
954.312
1039
1047
1070
1125
1180
1133
1101
1098.93
1096.25
1091.45
1007
1010.13
1011.71
1010.49
1015
1014.98
1016.76
1485
1212.08
1144.82
1134.38
929
958.752
966.995
972.032
975.785
979.442
984.329
953
959.267
962.099
1117
1116.19
1117
1164
1148
1142.71
1140.72
1136.91
992
1014.35
1015.47
1014.22
953
962.278
967.923
1023
1055
1054.49
1053.23
1052.4
1071
1070
1070
1063.02
1008
1010.25
984
981.066
976
977.222
984
988.213
992.811
1000
1005.25
1023
1024
1026.3
1008
984
1016
1016
1039
1033.15
1055
1055.85
1062
1055.52
1049.26
1046.4
1043.33
953
930
936.204
1000
1016.53
1021.52
1024.53
1195
1120.97
1095.3
1133
1101
1063
1054
1055.17
1046.37
1031
1033
1033.23
1031
1040
1039
1035.26
1033.26
1000
1004.21
992
992.706
993.744
994.97
977
986.686
986.952
988.258
990.193
991.167
1039
1045.41
1050.09
1102
1106.19
1078
1074.21
1074.66
1068.64
1023
1016
1016.77
1015.05
1055
1086
1081.34
1074.34
1068.9
1031
1024
1020.96
1031
1023
1024.21
1023
1024
1022.57
1020.61
1039
1047
1055
1015
1020.67
1022.35
1007
1016
1017.52
1018.53
1018.83
922
1094
1687
1370.82
1220.92
1219
1195
1149
1093
1102
1101.23
1099.96
1071
1069.73
1070.94
1062
1061.23
1061.08
1078
1076.85
1075.65
1075.6
1075.95
1076.07
1076.23
1076.79
945
1056.61
1024
1055
1053.47
1227
1210.79
1194.83
1185.19
1211
1200.23
1133
1143.2
1031
1000
999.947
999.397
1003.12
1188
1173.35
1250
1231.12
1210.73
1201.19
1188.74
1175.83
1166.93
1161.34
1156.83
1153.28
1146
984
1000
1024
1031
1043.61
1054.8
1060.86
1063.09
1039
1023
1024.51
1054
1051.74
1050.9
1008
1023
1000
1011.22
1040
1062
1070
1055
1070
1076.17
1031
984
988.852
1000
1016
1020
1000
1001.53
1008.48
1020.65
1024.48
1008
1004.01
1009.23
1101
1102
1081.17
1109
1094
1082.27
1008
984
946
945
947.978
985
1005.35
1102
1106.66
1090.75
1148
1133
1110.13
1090.59
1102
1095.83
1080.18
1069.35
1064.86
1057.45
1049.89
1045.46
1042.63
1414
1375
1344
1297
1289
1269.47
1243.97
1086
1084.73
1133
1187
1177.09
1203
1198.51
1140
1131.44
1130.86
1127.34
1122.58
1118
1118.39
1110
1047
1023
1024.13
1031
1032.41
1033.52
1035.03
1101
1112.56
1148
1152.26
1101
1103.28
1078
1072.46
1078
1101
1086
1094
1141
1148.44
1078
1081.14
1087.92
1088.06
976
995.103
1032
1044.85
1141
1117
1106.44
1203
1184.78
1125
1125.35
1133.74
1123.22
992
961
970.011
976.153
969
970.642
1125
1132.22
1226
1211
1187.64
1219
1212.74
1172
1165.73
1063
1031
1031.79
1033.66
1039
1042.79
1093
1109.99
1180
1180.39
1164
1117
1110.71
1108.45
1102.68
1039
1024
1024.52
1024.37
1025.33
1063
1085.42
1092.83
1098.84
1104.24
1105.46
1102.32
1095.72
1087.91
1125
1124.52
1109
1102.39
1099.36
1046
1048.64
1048.61
1052.06
1058.56
1023
1000
1000
1000.68
961
976
977.554
1000
992
961
984
989.034
1079
1076.32
1069.61
1068.4
1218
1178.38
1196
1169.34
1158.24
1159.52
1157.11
1149.2
1142.76
1039
1050.68
1015
1024
1023
1032
1036.47
1086
1089.77
1089.27
1094
1093.56
1086
1070
1067.5
1064.31
1039
1055
1051.94
1053.53
1094
1096.28
1086
1086
1101
1097.84
1063
1069.9
1068.48
1062.63
1016
1026.36
1028.13
1026.46
1028.66
1086
1102
1094
1095.53
1023
1016
1019.08
1016.01
1015.5
1019.85
1031
1033.51
1000
1007.21
1009.59
1011.38
969
979.675
982.413
985.023
987.342
992.117
997.03
1000
1001.22
1063
1039
1034.36
1035.02
1032.98
1071
1039
1054
977
995.044
997.076
938
960.734
992
1031
1019.63
1019.89
1022.08
1017.35
1148
1094
1078
1070.73
1064.52
1056.89
1000
1015
1014.41
1008.47
1008.81
1013.44
1013.96
1013.66
1013.51
1013.55
1013.52
1013.07
1012.71
1011.47
1010.93
992
992
992.83
993.354
1024
1021.13
1015
1055
1055
1015
977
980.681
982.196
1008
1017.11
1140
1082.44
1274
1257
1227
1202.12
1190.29
1176.83
1054
985
961
961.98
968
1047
1102
1105.17
1117
1117.35
1102
1093.48
1086.54
1039
1000
998.734
998.421
1000.39
953
953.875
955.25
1047
1094
1094.97
1093.71
1093.12
1090.73
1082.46
1072.26
1063.22
1054.62
1039
1039
1034.41
1031
1047
1051.54
1055.26
1070
1055
1062
1079
1062
1061.93
1024
1027.67
976
982.634
979.484
961
967.037
1015
1047
1057.58
1063.92
1065.79
1101
1099.21
1086
1081.58
1062
1052.55
1045.16
1016
1055
1056.57
1057.31
1057.6
1057.2
1484
1221.11
1000
1002.48
1031
1040.65
1041.48
1041.17
1117
1108.52
1096.06
1101
1099.33
1097.01
1039
1032
1039
1039
1062
1063
1062.52
1063.32
1008
1018.12
969
985.993
938
929
929.713
931.248
935.332
938.85
942.504
1070
1067.59
1064.44
1060.22
1061.37
1061.91
1058.83
1055.29
1000
1016
1015.06
1012.59
1055
1054.67
1110
1103.41
1071
1015
1014.87
1011.47
1009.41
977
977.856
978.939
979.229
980.624
981.688
982.735
982.748
1016
1023
1028.78
1032.32
1035.64
1304
1305
1281
1258
1222.12
1063
1052.95
992
993.566
1015
1042.19
1086
1086.73
1083.81
1079.88
1297
1195
1147.82
1126.65
1119.97
1047
1045.73
1039
1038.78
1039
1038.78
1070
1047
1070
1072.34
1063
1047
1039
1040
1040.14
1039.82
993
992
992
993.062
994.524
993
995.41
996.874
998.918
1002.14
1004.72
1007.52
1086
1070
1094
1094
1087.07
1081.49
1076.94
1072.2
1068.46
1047
1046.09
1043.94
1094
1109
1101.52
1090.28
1086
1047
1047.03
1062
1063.65
1063
1062
1058.24
1058.16
914
975.135
972.696
1125
1187
1164
1164
1258
1305
1289
1258
1265
1271.14
1265.29
1102
1101
1114.58
1121.57
1120.31
1078
1071
1080.01
1083.29
1082.03
1133
1140.1
1138.88
1135.45
1071
1023
1029.71
1031.01
1016
1017.99
1021.64
1094
1111.95
1113.26
1114.68
1122.89
1078
1078.09
1077.94
1032
1047
1049.52
1052.29
1117
1127.26
1133
1122.49
1112.84
1031
1070
1068.08
1066.66
1156
1148.09
1180
1171
1155.04
1117
1109.95
1096.89
1086.29
1081.8
1079.17
1077.87
1077.83
1078.23
1078.51
953
1000
992
1031
1033.87
1042.11
1149
1138.95
1134.43
1132.2
1124.31
1125
1109
1063
1063.89
1062.76
1062.31
1064.66
1069.25
1070.72
1070.5
1125
1121.11
1156
1172
1158.35
1148.42
1142.12
1078
1081.9
1075.74
1055
1058.43
1070
1078
1083.75
1091.11
976
1024.76
961
968.441
1047
1040.34
1195
1250
1212.89
1194.97
1183.48
1164.49
1149.21
1078
1077.52
1076.3
1076.12
1077.42
1079.99
1117
1117.68
1111.17
1156
1149.9
1136.58
1130.12
1123.33
1116.38
1110.83
1106.44
1102.44
1099.21
1054
1061.39
1059.66
969
977
976.079
976.902
1070
1148
1143.19
1142.08
1141.89
1131.9
1123.93
1094
1093
1086.42
1082.85
1081.84
1081.72
1081.65
1081.51
1032
1038.18
1036.59
1036.66
1039
1055
1057.39
1058.55
1148
1164
1147.78
1110
1103.35
1062
1055
1051.83
1031
1070
1047
1031
1024
1023
1055
1047
1051.34
1054.36
1008
1020.74
1022.09
1023.14
1024.35
984
992
994.328
997.268
998.63
999.351
1002.24
1005.93
1008.67
1039
1055
1055
1054
1049.69
1046.81
1040.7
1035.45
1149
1107.88
1090.8
1084.41
1078.8
1072.09
1140
1119.08
1102.95
1093.22
1110
1101
1099.29
1063
1039
1039
1039.86
1041.16
1055
1070
1086
1039
1039
1042.4
1045.87
1047.01
1046.53
1109
1112.06
1125
1114.51
1106.88
1100.13
1090.68
1081.29
1075.05
1071.95
1070
1068.65
1093
1097.13
1093.34
1087.76
1083.15
1078.16
1073.42
1070.09
1067.42
1067.14
1063
1063.34
1063.06
1062.88
1039
1045.46
984
1000
997.483
1008
985
1002.97
1008
1012.89
992
1001.96
1002.13
1179
1113.33
1098.93
1097.24
1093.95
1148
1133
1123.16
1078
1062
1064.7
1086
1047
1070
1071
1070.92
1066.18
1047
1050.57
1052.67
1050.89
1048.3
1078
1094
1101
1092.05
1085.62
1082.33
1077.05
1133
1124.93
1094
1090.54
1096.19
1096.86
993
1024.15
1041.15
1117
1098.67
1086.71
1093.21
1098.39
1090.1
1265
1196.16
1151.68
1143.72
1140.48
1128.16
992
1025.4
1048.26
1065.97
1057.52
1058.62
1109
1094
1101
1118
1114.36
1117
1055
1066.37
1055
1062
1055
1058.95
1065.29
1086
1117
1110
1101.34
1102.33
1102
1054
1059.63
1060.58
984
1006.77
1219
1135.44
1116.17
1117.41
1108.43
1092.96
1085.4
1084.16
1227
1211
1156
1172
1172
1148
1134.11
1127.71
1118.54
1031
1008
1010.82
993
993.514
1078
1102
1098.46
1098.12
1099.68
1094.16
1203
1196
1176.37
1165.21
1159.36
1078
1076.27
1055
1050.62
1079
1094.99
1094
1180
1179.11
1166.74
1155.64
1117
1106.77
1109
1104.04
1086
1047
1048.1
1048.34
1051.51
1055.25
1060.42
1064.87
1203
1211
1192.08
1178.72
1101
1091.86
1086.84
1081.02
1023
1040
1046
1056.63
1062.97
1086
1098.64
1055
1056.52
1000
1003.04
992
984
1040
1059.45
1157
1150.46
1141
1179
1250
1164
1094
1098.89
1102
1097.66
1091.57
1148
1141
1148
1117
1102
1101
1133
1126.79
1149
1140.01
1132.88
1129.09
1125.34
1218
1184.75
1161.43
1145.97
1141.44
1078
1088.43
1047
1000
985
984.32
1078
1141
1156
1149.09
1273
1269.98
1241.15
1221.7
1214.35
1149
1070
1068.96
1076.29
1063
1070
1081.67
1088.14
1089.27
1090.04
1109
1112.92
1108.63
1141
1133
1101
1100.83
1101
1096.07
1094
1078
1081.03
1081.74
1082.28
1083.59
1085.79
1088.41
1039
1077.83
1008
1007
1011.22
1118
1100.69
1097.65
1099.57
1234
1172.97
1154.18
1094
1097
1101
1141
1130.26
1122.85
1164
1235
1164
1117
1086
1090.21
1093
1092.5
1047
1051.34
1059.43
1070.6
1118
1148
1136.55
1125
1101
1094.02
1088.51
1083.19
1063
1062.56
1063.99
1062
1047
1047.56
977
1008
1007.1
1047
1039
1046.96
1054.02
1055.76
1164
1164
1180
1165.82
1154.64
1144.36
1133.67
1125.45
984
977
984
986.658
1110
1127.87
1187
1179.72
1166.08
1227
1216.99
1133
1148
1148.77
1131.31
1078
1081.06
1082.85
1077.3
1024
1039
1007
1007.86
1011
1024
1027.82
1029.87
1033.07
1035.36
1036.13
1250
1218
1157
1140
1141.2
1135.95
1125.62
1116.52
1078
1062
1061.62
1061.84
1062.9
1063.46
1016
1024.97
1031
1033.16
1035.54
1036.19
1038.31
1040.64
1164
1128.5
1118
1108.71
1102.98
1078
1071.92
1062
1061.63
1102
1106.41
1102.87
1096.35
1148
1146.11
1070
1072.93
1023
1026.32
1078
1094
1088.92
1203
1227
1218
1219
1206.13
1188.25
1171.58
1158.3
1094
1089.42
1055
1000
1000
1000.1
1015
1028.93
1044.99
1148
1163.34
1117
1141
1140
1126.43
1086
1086.43
1083.73
1077.03
1086
1078
1094
1098.04
1102
1047
1062
1063.77
1063.54
1008
1023.7
1031.13
1038.06
1036.04
1071
1156
1134.47
1114.27
1114.75
1258
1250
1197.08
1204
1205.92
1118
1116.37
1125.65
1123.45
1055
1066.37
1086
1089.08
1188
1156
1149
1148.07
1137.37
1121.96
1111.81
1106.79
1117
1112.57
1105.14
1071
1070
1062
1061.78
1032
1037.45
1037.29
1039.08
1016
1039
1086
1125
1123.94
1102
1103.52
1133
1125
1116.72
1078
1082.07
1088.76
1086
1039
1031
1035.13
1055
1055
1049.8
1049.37
1056.78
1063
1060.35
1055
1051.66
1118
1116.56
1099.35
1188
1187
1155.03
1141.61
1148.24
1132
1125
1040
1046
1048.35
1078
1081.27
1015
1024
1028.95
1034.29
1055
1125
1132.37
1116.96
1108.96
1104.62
1227
1185.69
1152.52
1137.12
1078
1077.72
1071
1071.6
1072
1062
1062.25
1066.5
1070.87
1072
1071.28
1102
1117
1113.41
1103.52
1094
1087.79
1082.46
1101
1100.03
1117
1115.6
1110.81
1078
1080.32
1079.5
1082.29
1084.28
1084.93
1055
1031
984
985.882
985.992
990.795
997.719
1004.09
1010.33
1016.29
1022.43
1028.57
1203
1153.57
1149
1142.68
1055
1039
1038.84
1038.56
1063
1039
1031
1034.86
1039
1055
1052.83
1048.11
1156
1164
1149
1164
1164
1147.15
1129.61
1117.6
1141
1133.44
1122
1114.21
1112.28
1112.05
1110.89
437
627.135
1023
1007.6
1007.38
1110
1103.71
1125
1164
1158.45
1172
1170.87
1170.13
1125
1101
1105.8
1105.39
1105.43
1106.76
1109
1110.82
1112.34
1078
1102
1164
1162.73
1133
1180
1172
1176.41
1163.37
1157.41
1070
1084.25
1085.01
1024
1039.85
1043.6
1046.16
1032
1054
1047
1049.68
968
996.204
954
958.229
958.905
960.39
1203
1157.11
1144.96
1143.57
1134.18
1172
1148
1145.71
1094
1070
1069.24
1065.28
1070
1068.73
1068.17
1031
1078
1072.1
1133
1116.31
1106.33
1101.59
1096.73
1133
1121.95
1164
1133
1127.34
1123.43
1140
1133
1131.04
1128.92
1102
1086
1062
1039
1038.72
954
992.923
989.247
953
992
991.655
1094
1090.46
1093.4
1096.32
1132
1133
1130.08
1129.48
1118
1118.44
1116.29
1113.63
1112.2
1101
1102.44
1102.41
1070
1024
1031
1029.52
1029.83
1140
1204
1178.16
1158.15
1150.53
1137.85
1188
1148
1143.38
1142.44
1148
1094
1095.61
1097.26
1096.84
1180
1226
1313
1268.32
1240.7
1203
1190.21
1180.71
1156
1148.78
1109
1133
1134.03
1135.16
1136.39
1101
1107.17
1107.41
1107.6
1108.77
1062
1047
1047.76
1048.07
1049.48
1164
1163.48
1235
1187
1179.79
1182.33
1211
1132
1094
1096.91
1099.94
1102.78
1148
1125
1125.28
1127.79
1128.29
1141
1136.13
1140
1136.59
1148
1144.11
1139.24
1110
1101
1109
1106.62
1106.99
1108.35
1110.32
1112.3
1086
1070
1094
1062
1072.6
1074.57
1073.4
1075.31
1077.11
1078.29
1195
1154.74
1149.32
1172
1140
1140.92
1140.99
1137.47
1062
1079.47
1008
1018.48
1125
1203
1211
1192.93
1184.49
1289
1242
1220.54
1212.11
1140
1140.31
1085
1079.4
1079.2
1080.2
1082.34
1164
1181.14
1141
1093
1094.59
1031
1032
1033.41
1036.04
1038.12
1149
1117
1115.73
1119.13
1101
1100.01
1218
1202.92
1182.79
1133
1130.19
1110
1070
1069.13
1069.22
1070.17
1133
1125
1055
1062.53
1067.29
1069.14
1125
1127.78
1188
1170.2
1154.83
1146.66
1134.09
1122.56
1101
1094.07
1090.82
1109
1117
1133
1070
1077.3
1078.43
1008
1028.39
1117
1110.02
1102.54
1098.84
1099.53
1219
1171.44
1144.43
1138.51
1139.69
1136.48
1102
1062
1055
1063
1075
1078.04
1024
1030.29
1038.46
1049.48
1049.58
1042.07
1109
1128.5
1125
1098.85
1109
1118.5
1101
1086
1082.51
1070
1064.77
1061.41
1061.48
984
1000
1005.14
1110
1107.14
1125
1133
1187
1168.48
1149.74
1143.84
1149
1133
1122.25
1118
1110.68
1132
1211
1235
1187
1176.45
1172
1163.94
1153.55
1144.92
1140.71
1141
1137.83
1134.38
1117
1116.42
1114.57
1125
1129.79
1133.36
1134.54
1055
1102.69
1000
984
984.179
1032
1046.05
1060.31
1072.56
1082.93
1092.5
1180
1179.05
1171.47
1161.57
1158.17
1125
1120.58
1116.54
1062
1063
1064.23
1047
1051.64
1008
1023
1023.62
976
990.648
1102
1172
1367
1244.99
1204.02
1312
1296.8
1226
1172
1141
1141
1140
1138.84
1138.16
1140.36
1125
1148
1151.72
1150.05
1148.49
1078
1084.87
1090.52
1094.04
1094.45
1094.8
1097.07
1102
1101.65
1101.53
1149
1151.31
1152.77
1250
1241.74
1227.91
1156
1154.21
1154.06
1148.59
1144.17
1142.82
1144.13
1143.51
1142.27
1141.33
1141.79
1117
1121.54
1016
1000
1012.88
1015.85
1022.25
1030.4
1102
1116.61
1120.01
1122.84
1127.09
1125
1123.52
1123.14
1164
1161.92
1158.96
1155.02
1157
1154.27
1150.25
1125
1125.62
1141
1101
1106.44
1107.45
1040
1058.54
1016
1000
1001.79
1055
1054.61
1064.09
1070
1102
1104.21
1106.34
1117
1117.23
1117.17
1116.98
1116.39
1116.13
1115.17
1114.14
1031
1000
1008
1009.47
1017
1025.96
1507
1222.56
1047
1046.63
1046.81
1086
1091.97
1125
1123.04
1120.38
1133
1130.44
1125.77
1123.08
1120.78
1062
1062.69
1063.23
977
984
990.537
995.763
999.793
1203
1154.21
1131.88
1123.88
1114.32
1156
1147
1140.75
1140
1129.26
1117.74
1109.54
1102.89
1117
1111.68
1078
1063
1086
1086.98
1031
1048.52
1057.75
1059
1071
1078
1076.53
1077.47
1077.27
1086
1141
1136.19
1127.15
1122.36
1122.91
1122.17
1110
1105.1
1101.97
1098.92
1095.11
1091.53
1089.58
1089.21
1088.3
1087.17
1086.41
1085.99
1085.76
1085.14
1164
1055
1039
1078
1074.59
1076.17
1157
1195
1160.31
1146.48
1142.42
1211
1188
1165.29
1158.76
1162.16
1161.35
1024
976
979.152
1023
1056.17
1067.18
1081.37
1179
1177.6
1157
1145.69
1147.32
1142.07
1062
1031
1034.22
1039
1055
1055.97
1058.32
1078
1088.55
1031
1030.42
1035.56
1040.52
1036.79
1063
1093
1089.88
1187
1165.51
1138.35
1130.31
1123.4
1110
1117
1117.39
1110.77
1125
1122.85
1113.14
1108.11
1103.36
1086
1084.79
1082.37
1180
1144.38
1133.24
1148
1138.71
1133
1126.68
1078
1086
1118
1116.56
1112.87
1115.29
1094
1099.32
1093
1091.72
1093.19
1094.75
1096.12
468
656.703
778.889
1015
1015.77
1250
1201.55
1200.29
1202.35
1200.9
1199.73
1200.83
1201.72
1157
1162.6
1166.56
1166.7
1168.36
1172
1195
1196.47
1199.53
1219
1188
1196.37
1148
1155.21
1172
1172.23
1093
1055
1067.39
1117
1120.39
1125.44
1137.21
1172
1174.54
1169.31
1169.01
1173.95
1172.96
1164.28
1158.29
1158.27
1155.5
1150.26
1146.25
1146.25
1146.89
1266
1214.83
1193.04
1187.14
1182.97
1148
1143.98
1141.75
1070
1106.66
1104.83
1107.81
1112.42
1115.28
1141
1142.01
1085
1079
1046
1049.42
1047
1023
1031
1086
1089.38
1095.7
1101.66
1156
1258
1231.23
1210.69
1320
1235
1216.49
1164
1172
1164
1157.74
1152.8
1078
1084.68
1087.32
1091.7
1031
1042.16
1048.96
1196
1189.47
1168.89
1234
1233.72
1207
1187.92
1190.12
1184.32
1086
1090.46
1100.25
1105.92
1094
1097.53
1111.13
1117.31
1047
1039
1047.57
1055
1053.73
1117
1130.8
1133
1164
1162.59
1145.08
1164
1140
1125
1094
1096.19
1096.4
1039
1016
1019.48
1020.58
1141
1141.03
1211
1200.44
1188
1177.25
1172
1133
1125.62
1118.6
1117
1094
1047
1055
1055.25
1060.53
1068.72
1077.63
1086.24
1091.04
1032
1046.22
1046.65
1140
1196
1203
1178.24
1165.69
1156.97
1143.3
1188
1187.5
1140
1172
1181.4
1174.06
1125
1129.43
1137.27
1046
1055.89
1046
1047
1047.91
1051.57
1058.02
1133
1137.42
1130.97
1126.67
1127.91
1086
1086.58
1109
1117
1117
1116.76
977
1006.98
1016.2
1024.78
1055
1078
1086.95
1304
1247.32
1203
1266
1265
1227.46
1207.77
1209.51
1201.4
1156
1172
1180
1169.11
1054
1072.76
1088.87
1091.28
1070
1079.86
1086
1085.89
1086
1088.61
1090.99
1140
1136.07
1195
1187.8
1172
1171.85
1176.05
1187
1180.72
1177.17
1178.94
1031
1055
1086
1094.5
1196
1194.03
1250
1240.56
1164
1165.12
1156
1117
1071
1072.46
1072.86
1086
1091.9
1098.03
1102.56
985
929
933.414
933.516
938.951
945.511
953.65
1266
1213.12
1185.48
1183.6
1169.34
1148.49
1135.92
1133.57
1131.35
1127.9
1126.64
1086
1062
1070
1032
1000
1002.83
1004.86
1047
1053.51
1053.82
1053.25
1164
1152.13
1132.5
1110
1148
1141.15
1126.18
1109
1113.65
1093
1118
1078
1082.41
1088.34
1088.69
1083.49
1031
1044.65
1050.89
1056.85
1133
1124.41
1133
1123.08
1115.98
1107.64
1099.29
1110
1104.66
1102
1100.35
1099.09
1097.45
1094.36
1092.14
1090.36
1088.92
1015
1069.22
1058.92
1063
1109
1098.63
1099.04
1098.62
1148
1134.26
1128.69
1125.77
1127.21
1127.16
1124.09
1122.95
1047
1075.28
1078
1086
1086.6
1089.56
1164
1157
1156
1148.41
1141.32
1101
1086
1082.7
1077.99
1077.58
1094
1100.45
1101.37
1100.16
1140
1102
1105.83
1108.85
1102.64
1098.93
1099.3
1422
1210.62
1186.42
1079
1085.08
1078
1125
1122.69
1203
1204
1181.28
1250
1258
1228.52
1085
1095.07
968
987.848
990.224
1250
1320
1336
1258
1242.1
1281
1250
1226.28
1148
1147.43
1152.79
1117
1125
1129.66
1180
1226
1214.75
1180
1180.2
1164
1161.41
1158.58
1157.31
1156.07
1155.04
1153.65
1110
1086
1086.26
1086.31
1088.54
1091.11
1093.76
1097.73
1547
1273.52
1125
1124.35
1123.91
1123.85
1179
1179.68
1176.06
1173.43
1173.3
1172.43
1187
1117
1141
1143.84
1142.06
1141.91
1142.81
1144.92
1146.09
1146.16
1146.23
1101
1121.18
1122.81
1122.29
1195
1187.04
1179
1133
1140.11
1140.27
1137.12
1135.43
1136.71
1117
1125
1109
1111.99
1008
1057.17
1052.98
1039
1047.33
1149
1226
1202.47
1266
1255.46
1250
1239.38
1195
1187
1157
1146.99
1143.24
1117
1125
1125.63
1047
1039
1040.85
1042.4
1078
1102
1109
1112.4
1115.08
1116.21
1115.32
1180
1174.98
1167.71
1156
1157.51
1159.45
1157.76
1140
1141.42
1141.58
1140.29
1138.47
1015
1047
1055
1086
1089.75
1125
1133
1203
1172
1165.61
1196
1211
1192.7
1157
1161.4
1163.52
1155.82
1062
1081.4
1088.42
1097.5
1092
1148
1170.15
1155.97
1142.42
1147.1
1172
1171
1149.97
1125
1101
1100.85
1125
1128.89
1121.09
1078
1047
1054.77
1060.01
1023
1086
1110
1113.65
1107.05
1149
1159.55
1153.03
1179
1173.91
1163.84
1156.02
1153.8
1078
1084.87
1086.7
1088.46
1091.01
1047
1078
1094
1091.28
1090.81
1096.63
1096.28
1093.81
1172
1154.83
1142.71
1110
1078
1080.72
1078
1079.35
1031
1016
1017.13
1019.1
1016
1018.29
1022.39
1027.59
1008
1014.49
1016.13
1018.48
1179
1188
1155.87
1143.69
1135.67
1172
1166.04
1156
1144.46
1125
1102
1098.03
1047
1046.22
1045.86
969
1000
1001.61
1007.2
1009.98
1011.91
1180
1211
1226
1197.81
1148
1117
1110
1100.38
1095.1
1094.47
1094.79
1062
1086
1087.46
1102
1102.51
1125
1121.46
1071
1076.58
1076.15
1072.3
1070.97
1069.74
1149
1140.19
1219
1203
1203
1193.76
1183.8
1117
1117.31
1112.56
1107.18
1125
1133
1130.72
1126.64
1195
1180
1169.63
1070
1091.7
1093.07
1094.37
1096.28
1099.01
1101.93
1086
1089.19
1088.53
1172
1161.05
1147.58
1142.14
1142.01
1117
1113.95
1111.1
1108.61
1105.5
1055
1064.94
1065.4
1032
1041.28
1042.27
1117
1120.92
1115.84
1116.63
1211
1226
1211
1187.53
1178.43
1133
1125
1109
1078
1077.39
1077.53
1078
1055
1058.3
1078
1086
1086
1086.71
1055
1060.53
1063.25
1149
1101
1125
1157
1179
1149
1145.54
1152.68
1133
1130.84
1132.1
1130.33
1031
1057.89
1023
1023.98
1055
1064.3
1067.41
1073.55
1046
1053.36
1055.69
1055.66
1118
1115.88
1111.01
1109.49
1117
1112.27
1078
1083.06
1083.27
1080.65
1081.2
1082.7
1084
1000
1025.69
1172
1121.51
1108.3
1107.54
1101.62
1087.75
1079.1
1071.2
1062.93
1058.51
1086
1039
1049.09
1056.39
1053.82
1054.5
1056.35
1057.54
1102
1091.95
1085.35
1081.75
1078.97
1110
1099.56
1090.63
1086.5
1082.97
1079.66
1047
1054.92
1117
1133
1120.68
1112.57
1180
1156
1117
1078
1094
1070
1094
1090.44
1086.98
1110
1111.19
1102
1062
1047
1050.9
1117
1117
1103.43
1188
1219
1178.1
1153.23
1172
1171.13
1149.3
1134.28
1078
1070
1071.05
1079
1101
1102
1093
1093.31
1094.99
1086
1070
1069.38
1016
1023
1022.4
1024.43
1027.12
1140
1142.92
1180
1174.54
1164.73
1159.91
1153.7
1180
1175.57
1133
1125
1125.37
1120.74
1102
1070
1016
1017.31
1008
1010.05
1012.81
1015.25
1017.72
1020.06
1021.92
1235
1194.75
1173.78
1164.18
1155.73
1147.21
1117
1112.13
1110.91
1108.87
1047
1048.82
1195
1178.58
1156.15
1141.62
1274
1245.03
1209.5
1192.19
1189.21
1156
1144.69
1101
1097.04
1102
1117
1114.99
1112.45
1115.9
1117.02
1086
1101
1110
1109.66
1196
1203
1164
1153.63
1147.16
1134.96
1126.23
1121.91
1120.42
1119.74
1071
1117
1117
1119.4
1211
1234
1207.36
1204
1192.75
1179
1166.87
1155.61
1145.33
1137.63
1132.07
1128.61
1126.94
1126.35
1126.2
1102
1107.92
1093
1095.88
1164
1149
1132
1133.59
1135.09
1132
1128.78
1125.36
1101
1104.35
1093
1094
1094.18
1016
1031
1086
1085.09
1187
1169.14
1226
1204
1195
1188.32
1164
1159.17
1151.52
1143.57
1138.29
1117
1094
1094.09
1092.98
1023
1051.25
1050.33
1149
1145.49
1145.59
1218
1203.81
1195
1211
1198.49
1196
1189.35
1180.56
1175.25
1125
1101
1100.64
1100.27
1078
1071
1074.26
1074.82
1008
984
985.571
985.32
988.077
1141
1143.03
1138.89
1156
1148
1143.76
1016
1028.54
906
911.3
910.506
774
827.38
839.132
858.955
773
758
772.615
719
728.841
736.208
740.408
719
703
710.238
714.184
664
684.578
641
663.357
669.353
677.083
684.132
691.719
868
868.24
866.176
860.97
859.917
858.734
1141
1148
1031.47
1093
1092.37
1079
1073.14
1073.09
1133
1086
1088.94
1097.38
1105.54
1102
1101
1107.48
1031
1038.22
1048.44
1047.89
1044.47
1042.87
906
867
852
867
898
905.343
911.447
922.427
933.357
941.902
949.77
969
984
1016
1000
1001.42
1006.96
1133
1113.86
1090.56
985
929
934.659
969
1101
1087.04
1211
1203
1226
1194.16
1170.03
1164.22
1163.43
1055
1015
961
960.34
1015
1053.48
1059.77
961
961.58
1258
1203
1117
1089.24
1093.36
1102.61
1098.08
1072.77
1060.34
1060.52
1060.3
1094
1078
1062.78
1062
1066.93
1069.16
1061.68
1039
1000
1009.67
883
843
850.598
853.529
861.049
898
911.228
921.77
945
960.739
978.254
929
944.018
929
931.036
932.35
953
1015
1032
1030.76
1029.5
1028.78
1071
1132
1116
1097.17
1085.73
1125
1148
1141.05
1125
1117.66
1031
1039.61
1055
1070
1094
1062
1048.81
961
973.593
1000
1017.76
1020.69
1148
1235
1195
1151.82
1143.05
1094
1101
1079
1067.21
1066.03
1065.32
984
993.954
1047
1032
960
973.896
891
875
877.249
880.966
885.272
890.475
896.475
1062
1070
1066.03
953
953.166
906
908.078
859
862.689
1047
1051.86
1036.64
1110
1112.07
1172
1142.67
1234
1211
1211
1197.23
1195.31
1194.34
1193.07
1191.46
1190.58
1190.22
1189.47
1188.04
1186.14
1187.89
1189.31
1190.12
1039
1062
1075.58
1074.31
1073.17
1074.71
1077.92
1039
1039
1041.94
1040.14
1040.24
1258
1208.69
1201.62
1201.07
1133
1047
1031
1016
1016.31
1018.33
1110
1126.46
1121.77
1114.9
1107.16
1096.11
1054
1052.73
1050.75
1049.06
1050.05
1051.13
1079
1082
1070
1064.94
1024
1025.27
961
945
961
966.205
1063
1031
1047
1055.61
1051.42
1140
1164
1135.48
1195
1156
1157
1151.67
1102
1070
1055
1050.97
1039
1041.68
1045.81
1047.28
1054
1055.79
1057.42
1058.38
1058.94
914
914
931.141
933.566
942.225
1133
1112.18
1180
1166.81
1226
1207.19
1197
1094
1086
1084.75
1079.01
1031
1024
1025.42
1024.64
1063
1046
977
994.275
999.204
992
994.231
1109
1219
1211
1179.58
1164.15
1155.56
1137.61
1124.44
1125
1086
1081.03
1070
1068.33
1067.6
1031
1031.67
1033.04
1033.67
1034.55
992
1001.15
1002.85
1004.33
929
965.492
898
920.072
919.434
919.357
922.719
926.159
844
882
882.433
882.152
885.042
888.614
892.666
896.232
899.213
901.726
904.18
906.586
908.909
750
823.177
822.223
819.026
781
789
798.293
797.652
799.885
803.81
807.309
875
866.354
938
923.881
919.732
919.859
1086
1026.76
991.244
974.865
973.743
974.125
970.743
964.594
1094
1085
1049.58
1031
1032.94
1023
1024
1020.69
1015.67
961
964.201
1008
999.861
990.499
983.191
982.462
1047
1033.83
1078
1053.44
1102
1148
1188
1156.05
1164
1161.39
1140
1063
1055
1039
1036.06
1036.21
1038.71
1042.43
992
969
969
969.625
1039
1052.92
1054.32
1055.71
1188
1166.47
1143.99
1135.87
1226
1207.52
1172
1133
1138.6
1078
1073.98
1074.77
1077.14
1076.38
1075.78
1078.25
1117
1070
1055
1061.58
1065.25
1047
1047.39
1051.15
1052.33
1070
1102
1100.89
1079
1082
1086.78
1088.02
1085.94
1084.97
984
1044.06
1070
1065.09
1057.38
1059.26
1066.48
1187
1135.9
1112.61
1104.92
1105.92
1103.82
1094.44
1023
1033.96
1086
1101
1086
1067.72
1024
1000
1023
1040.71
1046.55
1109
1104.56
1141
1117
1099.65
1117
1113
1100.4
1088.02
1081.45
1063
1101
1094
1087.41
1081.33
1070
1071.54
1070.85
1066.86
1063.27
1023
1031
1032.61
1047
1047
1049.6
1052.28
1062
1110
1109.73
1039
1044.38
977
1016
1125
1115.38
1100.14
1094.53
1093.94
1090.49
1211
1164
1179
1150.26
1134.74
1102
1099.06
1099.54
1117
1094
1054
1051.54
1056.69
1079
1079.33
1055
1047
1050.03
1070
1075.85
1032
1039
1042.45
1049.38
1052.9
1048.09
1211
1174.86
1211
1195.17
1184.23
1175.75
1168.38
1158.87
1150.09
1143.36
1063
1067.79
1067.92
1068.59
992
1008
1000
1001.84
992
995.976
1157
1138.82
1226
1235
1216.7
1207.35
1202.4
1195.19
1187.25
1188
1187.57
1186.3
1185.7
1047
1093.5
1008
1008
1070
1077.07
1172
1172.84
1196
1189.65
1289
1227
1195
1188
1181.46
1117
1120.2
1047
1052.92
1047
1050.31
1141
1157.34
1203
1250
1258
1203
1219
1203
1186.39
1177.57
1063
1062
1063
1064.17
1068.82
1101
1119.4
1127.13
1131.88
1086
1093.5
1094.29
984
977
977.895
978.468
982.366
986.696
1133
1135.44
1134.17
1134.69
1211
1203.45
1187.97
1183.95
1182.03
1171.87
1163.98
1160.17
1154.82
1062
1070.12
1071.38
1069.59
1101
1141
1138.62
1125
1124.31
1172
1188
1174.03
1161.53
1157.63
1150.81
1141.36
1000
1043.69
1133
1188
1171.49
1274
1281
1248.24
1236.37
1196
1181.84
1172.91
1163.71
1078
1094
1109
1115.92
1086
1085
1086
1085.28
1084.04
1085.67
1087.98
1078
1080.23
1070
1016
1023
1022.38
1071
1073.97
1077.18
1172
1175.69
1141
1156
1163.47
1148.36
1136.53
1139.66
1039
1046.63
1051.43
1117
1118.26
1164
1162.16
1180
1148
1143.11
1138.5
1094
1125
1126.65
1115.6
1141
1156
1172
1157.46
1153.73
1133
1149
1144.11
1139.16
1138.91
1136.63
1134.62
1132.54
1130.7
1062
1092.69
1087.79
1086.09
1089.87
1091.77
1094.2
1095.55
1097.78
1098.56
1039
1068.2
1047
1048.39
1048.89
1049.35
1051.23
1102
1092.84
1095.71
1117
1109
1110
1094
1101
1094
1093.6
1091.38
1090.08
1055
1039
1041.08
1041.65
1044.21
1094
1132
1127.31
1133
1086
1078
1073.63
1068.07
1064.96
1063
1062.34
1061.15
1132
1132.07
1125.92
1149
1132
1122.73
1102
1102
1096.34
1090.28
1086.42
977
1028.37
1025.28
1028.15
1110
1172
1157.92
1153.63
1149.57
1172
1162.96
1140
1136.82
1130.99
1121.47
984
1025.08
1039
1046.18
1094
1180
1172.37
1162.09
1161.73
1148
1130.25
1109
1078
1066.55
1060.01
1070
1102
1105.9
1070
1080.25
1084.34
1081.07
1079.86
1079
1125
1140
1128.49
1118.41
1114.12
1107.87
1195
1172
1149.48
1139.68
1142.46
1145.45
1139.86
1156
1150.4
1144
1138.48
1135.85
1149
1144.69
1137.91
1117
1121.18
1122.94
1124.67
1122.75
1119.68
1055
1095.47
1008
1044.55
1042.77
1040.3
1042.03
1044.54
1047.06
1086
1079.51
1082.13
1086.6
1089.79
1078
1083.69
1070
1074.2
1075.1
1074.7
1047
1060.42
1057.66
1016
1035.84
1032.2
1031.81
1034.35
1031
1047
1055
1054.69
1054
1055.72
1086
1078.61
1102
1094.12
1091.67
1092.32
1089.96
984
1000
1041.72
1039.97
1024
1031
1070
1086
1072.57
1141
1132.39
1117
1110.33
1118
1104.91
1086
1093
1088.49
1074.76
1172
1156
1172
1132
1126.8
1125.06
1070
1074.84
1118
1110.33
1101.41
1100.4
1101.02
1180
1171
1133
1127
1122.67
1111.34
1102.88
1099.36
1094
1133
1128.23
1120.17
1113.22
1110.9
914
836
885.516
934.802
982.258
1010.94
1047.46
1060.12
1062
954
981.379
995.886
773
838.526
688
699.276
724.438
751.028
783.12
824.354
633
698.183
736.193
594
623.574
653.992
664.412
674.117
687.982
700.963
547
607.934
562
574.845
585.029
554
555
564.171
539
531
535.684
532
547
539
543.104
545.428
547.194
549.157
539
539
541.253
542.671
546
555
531
555
563
562.32
555
557.924
559.485
558.239
554.277
554.739
556.135
554.163
550.802
551.666
555
552.713
548.921
555
555.428
550.849
548.83
554.22
554
555
547.788
571
560.233
555.231
555.993
558.984
555.515
664
536.765
656
521.388
539.402
547.352
703
522.845
531.642
537.452
625
551.868
552.658
554.993
601
575.44
571.76
594
586
582.055
582.132
582.366
581.963
581.464
580.911
580.484
580.114
579.706
579.153
672
672
633.521
703
688.524
678.039
666.454
661.833
655.172
648.22
642.569
639.975
703
685.539
734
718.199
758
742
735.099
789
771.183
757.27
754.006
867
891
820
803.914
773
772.251
774.422
769.683
764.183
687
672
673.798
676.38
679.059
680.342
703
719
722.864
724.692
726.505
728.9
729.494
703
711
710.97
680
683.705
680
681.38
683.825
687.462
691.552
694.894
758
758
751.942
745.019
727
734
719
713.044
709.024
719
716.642
714.543
713.495
713.398
813
836
807.458
789.068
779.697
868
836
818.49
757
753.733
762.158
734
729.812
728.196
719
721.588
722.601
742
719
721.384
723.505
726.265
867
825.41
800.94
813
811.609
766
766
767.932
774
769.112
773
758
758.961
759.832
719
711
712.654
680
685.118
686.822
688.429
690.651
692.82
812
794.548
787.872
914
877.657
922
906.241
906
900.146
894.22
890.601
887.436
742
734
734.796
735.338
742
711
722.132
711
695
698.695
703
703.039
742
741.857
743.638
805
806.34
805.765
806.33
807.118
766
770.479
789
782
782.575
783.405
785.829
828
844
834.377
824.368
813
781
778.264
775.207
772.655
703
695
696.831
698.208
633
625
609
608.988
609.409
719
748.415
753.751
756.906
969
1070
1062
1039
1007.23
989.65
979.397
967.636
957.199
953.906
954.48
711
719
744.997
711
717.39
695
711
720.322
719
703
711
713.925
714.482
726
704
709.078
711.069
712.952
715.472
719.954
781
782.927
786.182
820
844
836
835.595
835.905
852
851.945
820
836
839.299
834.476
828.723
827.219
828.782
828
852
846.567
945
911.3
895.761
1078
1005.25
1039
995.554
983.365
875
881.274
883.288
878.541
1008
980.236
961.639
977
969.891
953.403
944.479
939.181
875
878.769
878.854
877.129
878.343
899
882
797
822.724
823.703
813
859
875
880.946
884.407
890.52
914
909.99
859
868.503
953
992
964.697
945.445
938.859
933.199
923.097
1016
989.973
964.112
899
929
935.835
930.351
911.215
906.401
911.169
1062
1004.39
963.722
976
954
952.724
954
940.958
1016
990.843
968.374
1055
1026.16
953
949.893
962.516
957.105
804
850.41
877.514
914
938
968
970.228
958.143
953.416
956.547
947.757
935.419
883
899.969
905.984
907.396
906.913
917.101
922.519
422
581.708
687.626
702.541
812
852
867
868.528
874.987
878.543
758
758
786.488
790.534
696
759.456
695
715.974
727.075
680
692.454
687
711
703
711
734
733.88
734.414
750
749.63
742
727
718
721.109
734
766
763.291
766
781
780.292
776.026
771.13
804
821
804
792.005
789.28
791.188
852
852
832.246
815.467
809.385
813.567
734
748.899
688
693.346
693.185
697.692
702.127
705.782
709.385
712.906
715.723
717.968
719.712
914
890
860
847.423
838.865
830.018
819.418
774
767.412
766.425
765.506
1039
949.08
1093
1055
1031
1016
976
946
968
1024
1164
1129.08
1164
1071
1039
1042.1
1008
1002.99
1001.17
1000.31
984
1008
1007.66
1005.7
1000
1000.05
999.877
997.936
882
958.404
952.452
851
911.343
954
953
951.474
1008
1047
1062
1052.93
984
1002.75
960
957.792
914
928.254
931.928
1023
1055
1047
1023
1039
1034.13
1015
1005.14
915
867
870.496
797
803.444
789
805
860
905.793
1148
1134.8
1114.23
1105.58
1090.55
1070.73
1054.41
1043.58
1033.87
883
875
884.798
953
992.295
997.834
1070
1070.83
1050.35
1031
1022.66
953
944.557
944.802
942.877
939.646
935.852
932.623
875
879.291
836
839.175
812
814.888
816.03
773
784.015
813
804
810.176
765
758
763.051
764.3
766.332
769.134
772.932
776.609
992
953
939.228
984
977
964.818
957.734
945
930
929
938
934.28
931.84
931.372
931.37
1039
1018.22
968
922
924.134
933.548
933.549
899
899.14
901.992
1094
1033.71
1070
1031.67
984
976.974
899
900.533
891
875
890
897.939
903.68
836
845.457
848.083
929
954
944.455
928.317
928.46
934.063
933.651
924.922
916.676
915.535
915.087
914
907
921
922.69
923.394
922
851
875.654
883
898
906
899.545
897.029
901.527
902.551
1008
974.095
961
954.018
949.732
942.244
934.44
927.572
921.652
917.035
913.882
911.246
909.968
909.655
909.607
909.667
909.85
820
860
856.034
853.365
856.049
1133
974.098
954.722
949.764
1000
961
953.47
957.275
937
883
894.337
897.793
898.022
898.803
1008
1008
974.502
964.676
963.682
948.149
932.173
953
969
950.14
939.78
891
895.943
875
875.355
875.997
879.819
881.963
758
800.4
800.973
806.628
811.545
822.018
718
769.622
769.586
767.211
1008
1039
1006.49
997.838
1132
1102.09
922
927.575
805
804.023
781
774
778.612
784.044
788.597
791.859
735
726
727
728.825
730.211
732.14
781
783.026
784.887
786.296
788.128
789.951
750
756.585
1000
821
820
820.306
819.713
818.666
750
759.291
762.76
719
703
707.704
711.01
713.535
715.295
711
714.836
758
756.933
757.052
711
723.705
750
766
781
770.078
782
781
780.06
789
786.696
757
743
745.25
711
711
680
681.964
672
679
664
668.314
703
727
758
764.798
767.355
767.384
762.577
727
725.786
703
699.654
671
673.966
674.286
678.354
684.421
691.223
698.208
703.666
707.729
710.41
852
806.959
795.323
844
812
799.547
828
817.818
804.767
828
836
825.291
820.898
824.665
805
805.271
806.88
882
861.635
849.762
851
860
875
865.028
899
889.364
881.612
1008
1023
1023
994.994
981.707
945
937.226
934.674
976
967.643
954.144
976
976.846
972.772
946
944.204
944.418
914
913.987
883
867
852
843
844.185
845.399
836
875
883.832
893.95
903.776
867
859
860.514
867
870.179
874.239
878.43
882.726
882
884.658
946
945.341
939.696
931.184
883
880.892
881.656
969
985
962.435
961
944.223
934.173
926.732
917.572
908.38
860
836
835.661
836.215
844
851.418
945
961.961
937
928.392
919.822
937
934.822
925.155
1031
1016
969
914
910.678
883
851
852
854.356
858.605
861.937
865.75
871.698
875.56
1055
1016
985.57
961
950.882
938.817
926.896
961
963.842
957.193
950.07
944.125
977
970.445
960.076
951.999
950.958
950.629
947.362
922
976
968.805
1039
1007.22
1008
1000.13
993.048
985.134
844
915.799
859
867.862
867.863
867
898
895.84
901.228
907.153
909.539
911.561
913.168
898
906.421
813
858.795
854.925
850.875
906
895.802
897.221
961
969
1000
987.258
1070
1047.9
1036.6
1047
1040.83
1008
1000
999.619
995.081
1031
1023.21
993
997.917
999.502
996.165
993.668
993.319
993.768
867
868
906.641
906
914.036
890
899.664
902.82
902.799
904.141
906.037
907.781
910.024
859
899
897.083
897.207
899.601
901.48
905.951
1031
1006
991.272
982.476
975.043
967.886
961.682
938
934.557
961
953.862
947.877
943.833
942.887
943.247
941.14
938.123
935.356
933.449
932.636
931.925
961
955.496
952.322
949.499
947.133
992
985.779
978.575
973.628
973.22
984
945
947.371
890
915.158
912.869
915.505
917.532
920.084
992
982.969
976.892
1007
993
968
946
961
957.846
977
1008
1000.98
1055
1041.66
1028.77
1008
1002.68
1023
1024
1013.12
1008.33
1008.75
1006.38
1002.96
998.985
922
992
1047
1027.59
1000
1001.91
1009.98
1031
1020.55
1000
998.806
1005.5
1009.62
1002.62
898
921.152
931.504
883
895.886
859
871.241
797
819.097
821.342
824.293
827.831
832.308
838.192
704
790.414
789.44
789.216
792.139
796.102
800.759
766
782.613
784.781
786.372
788.36
790.787
929
898
885.845
880.757
879.259
876.825
805
805
812
808.071
805.101
807.786
810.462
810.458
790
757
764.987
766.319
769.635
772.854
776.919
780.94
783.2
961
885.71
1015
963.178
930.064
919.347
914.164
906.613
664
757.821
758.019
718
726.818
736.195
737.214
836
835.56
834.294
867
860
852.981
851.715
850.449
848.844
847.073
845.795
844.85
828
830.175
831.93
832.972
833.307
835.437
836.826
1000
941.94
977
947.695
1109
1133
1133
1078
1063.29
1066.76
1067.67
1061.4
1052.94
1051.57
1000
969
972.895
1016
1014.73
1010.97
1005.27
1004.15
1006.09
1007.49
1006.43
1003.05
999.922
997.89
996.334
996.083
995.437
1000
1015
1000
954
937
922
921.61
921.974
924.837
926.978
930.096
1054
1045.88
1063
1052.02
977
945
946
968
993
1001.16
1002.04
914
918.929
969
988.327
993.326
980.106
965.04
959.33
964.573
975.896
979.53
1031
1008.24
1086
1062.53
1040.54
1025.99
1021.16
1093
1080.01
1057.46
961
961.196
966.027
972.739
1133
1102
1078
1086
1077.88
1062
1048.85
1036.98
1028.09
961
962.183
962.84
965.438
1132
1101.7
1081.34
1070.87
1059.62
1071
1058.44
1046.36
1038.18
1028.97
1117
1180
1180
1151.44
1133.87
1086
1076.28
1086
1109
1104.1
1086
1109
1102
1141
1134.92
1121.7
1070
1068.87
1072.07
1076.85
1080.81
1077.13
1086
1089.5
1092.96
1117
1113.85
1105.36
1097.09
1109
1112.75
1086
1047
1049.6
1053.58
1110
1094
1089.53
1094.15
1023
1055
1055
1057.92
1031
1037.56
1042.1
1044.55
1070
1065.65
1064.94
1067.27
1031
1038.78
1040.85
1043.86
1044.82
1039
1086
1086
1075.61
1039
1047.4
1050.55
1047.92
1078
1039
992
1002.47
1006.71
1039
1044.74
1043.59
1039
1042.17
1062
1071
1062
1051.12
992
1024
1028.64
1033.76
1026.97
984
985
1047
1062
1063
968
977.524
987.395
1002.55
1009.56
1008
1070
1133
1107.86
1072.1
1065.37
1086
1102
1077.98
1070
1094
1100.16
1080.43
1058.13
1070
1082.47
1078
1094
1084.57
1125
1078
1065.87
1068.56
1074.3
1093
1082.89
1102
1099.56
1148
1141
1122.01
1039
1052.39
1078
1088.3
1083.3
1039
1048.74
1057.92
1066.94
1063.58
1063
1066.29
1086
1086.23
1076.07
1068.24
1063
1070.88
1070
1086
1079.35
1074.68
1063
1070
1102
1097.32
1078
1031
1039.91
1044.64
1051.89
1053.85
1085
1082.36
1075.79
1086
1088.28
1089.13
1082.26
1055
1057.6
1061.38
1039
1042.61
1024
1026.53
1028.34
1031.24
1032
1034.18
1036.68
1039.08
1041.15
1043.07
1045.38
1047.82
1049.9
1050.04
1049.93
1050.07
1055
1054.28
1056.5
1058.4
1000
1017.09
1033.48
1029.98
1032.47
1035.61
1063
1047
1045.96
1086
1086
1068.48
1068.56
1008
1031
1032.17
1029.43
1032.13
1035.1
1055
1049.91
1046.64
1048.67
1047.3
1043.35
1043.71
1031
1034.12
1047
1016
1047
1070
1058.2
1054.63
1055.75
1000
1023.81
1039
1032
1034.21
1031
1034.67
1032.37
1033.57
914
978.037
906
921.888
1032
1014.83
1015.19
1125
1099.74
1093.57
1096.06
1062
1064.19
1064.25
1141
1112.33
1117
1055
1055
1070
1063.68
1057.78
1054.43
1093
1085.22
1016
1029.69
1037.12
1033.2
1028.34
1027.47
1070
1065.78
1000
1023
1033.05
1055
1040.69
1037.97
1078
1079.04
1060.63
1050.83
1023
1008
1023
1031.42
1026.78
1021.15
1031.44
1039
1078
1056.29
1070
1047
1024
1025.73
1028.9
1039
1055
1046.56
1039.79
1031
1028.49
1047
1039
1031
1026.91
1029.02
1033.07
1093
1102
1079.07
1063.08
1054.47
1052.09
1049.69
1045
1039.8
1062
1055
1053.08
1109
1101.41
1089.18
1081.28
1076.65
1068.92
1060.13
1047
1043.7
1016
1070
1110
1096.53
1087.4
1082.24
1071.45
1059.52
1051.57
1047.87
1045.69
1046.23
1047
1070
1094
1092.54
1081.73
1071.08
1062.86
1054.58
1048.52
1045.38
1044.87
1046.39
1048.77
1078
1088.84
1079
1071.67
1065.63
1061.62
1117
1113.39
1063
1101
1117
1115.86
1104.9
1094.47
1063
1086
1087.63
1084.58
1039
1024
1025.17
1028.85
1070
1109
1086
1079.27
1085.1
1078
1071.67
1054
1031
1033.03
1035.54
1031
1117
1117.21
1141
1070
1063.24
1125
1101
1094.1
1088.48
1085.3
1081.46
961
922
923.829
924.15
867
852
854.697
851
852.668
856.052
860.582
864.749
868.159
871.119
773
774
777.049
812
815.621
820.473
844
850.86
856.379
860.773
865.316
860
929
1094
1031.89
989.117
1164
1122.13
1156
1062
1060.73
1016
1109
1211
1195
1149.81
1135.82
1141.28
1150.54
1149
1148
1164
1118
1118.07
1122.9
1015
1022.11
1028.61
1029.35
1141
1130.99
1116.11
1125
1128.5
1118.57
1108.4
1104.18
1118
1114.55
1110
1104.99
1047
1060.24
1061.35
1065.82
1094
1101
1101.93
1047
1000
1031
1040.96
1047.1
1117
1110
1100.02
1055
1023
1022.72
1023.67
1029.96
1038.36
1046.61
1054.06
1058.2
1058.47
1055.38
961
976.656
977.703
983.58
989.013
1000
968
977
978.405
1007
1011.84
1032
1034.94
1034.88
1008
1023
1070
1066.45
1054.38
984
1024
1027.36
1047
1029.18
1022.11
1030.36
1109
1088.9
1063.97
1046.36
1031
1037.98
1043
1033.57
1020.46
1031
1037.52
1039.51
1028.19
1019.55
1094
1070
1048.73
1024
1039
1062
1079
1047.67
1094
1089.08
1074.44
1058.04
1060.49
1086
1076.12
1058.48
1063
1072.09
1068.6
1141
1112.32
1090.73
1047
1070
1075.55
1071.46
1060.84
1057.1
1062.69
1068.91
1070
1060.19
1057.57
1039
1008
1016.82
1020.93
1026.82
1029.28
1029.85
1033.05
1039
1043.62
1044.64
1043.03
1043.26
1044.98
1063
1064.56
1078
1073.39
1008
1017.2
1022.16
1028.29
1062
1060.64
1053.19
1047.57
1047.87
1070
1078
1063
1049.28
1042.44
1046.99
1056.06
1094
1171
1149.02
1121.85
1039
1034.24
1034.85
1038.06
1062
1068.29
1064.31
1054.92
1031
1033.29
1038.66
1047.83
976
1000
999.802
1016
1023.39
1008
1008.55
1014.03
1016
1018.83
1000
1002.03
953
965.134
945
945
985
991.41
476
631.259
739.089
938
930.309
931.806
936.628
930
932.832
934.625
935.407
935.611
935.631
936.015
1063
1062
1060.01
1055
1053.77
984
993
993.279
992.013
990.747
989.481
976
976.567
1000
1015
1013.73
1000.85
994.427
994.295
995.84
1054
1040.74
1026.37
1047
1039
1033.34
1025.16
1017.84
961
977
1015
1021.92
1016.67
1008.6
1008
1010.53
1011.43
1031
1024.08
1016.52
976
992
1032
1028.81
1031
1019.05
1047
1039
1030.11
1031
992
1000
1002.12
1002.3
998.469
985
988.966
977
960
962.347
963.857
966.135
968.047
1007
1024
1020.58
993
998.033
1000.61
997.224
993.536
984
953
956.598
957.858
960.763
964.377
968.999
973.577
992
1000
1000
994.53
989.545
977
1015
1012.96
1070
1047.75
1054
1024
1017.6
1039
1032
1062
1051.77
1042.22
1055
1055.44
1055
1047
1043.76
1041.22
1038.61
1035.75
1032.78
1070
1094
1080.16
1072.32
1066.47
1063.43
1015
1024
1047
1047.27
1045.6
1042.39
1043.41
1045.09
1043.96
1040.57
1024
1028.21
1039
1040.75
1039.09
969
988.649
1000
1008
1005.87
1002.35
1008
1015.14
1000
1000
961
972.755
891
919.918
920.815
946
961
968.965
1078
1074.36
1062.78
1056.75
1048.62
1062
1048.78
1063
1059.27
1044.44
1039.85
1034.85
1025.82
1070
1023
1055
1049.13
1042.65
1063
1054.56
1050.7
961
1014.29
1005.64
1125
1093.17
1087.33
1085.37
1164
1132.86
1102
1103.06
1070
1072.97
1071.32
1008
992
993.327
993.536
1047
1054
1055.26
992
1004.37
1008.18
1010.55
1008
1008.35
1012.98
1015.31
1055
1047
1040.12
1037.2
1039.97
1039.83
1015
1017.03
984
987.363
987.734
990.431
992.812
994.927
997.461
1000
1008
1009.58
984
991.01
1039
1034.45
1027.85
1023.45
1047
1047
1031
1015
1018.41
946
945
948.012
950.557
953.359
957.928
1023
1033.51
1063
1055.58
1101
1110
1092.02
1081.03
1156
1146.84
1120.74
1112.5
1114.77
1107.93
1063
1066.74
1071
1054
1051.74
1071
1086
1078.5
1073.53
1076.01
1076.65
1071.93
1078
1078
1015
1040.41
985
989.346
988.659
991.087
994.528
1000.22
1004.48
1007.97
1012.31
1047
1023
1030.07
1033.8
1034.56
1034.46
984
977
978.179
979.812
1125
1125
1133
1133
1121.3
1062
1070
1063.21
1051.08
1044.33
1039.18
1034.29
1030.48
1028.24
1026.96
1079
1074.17
1067.56
1039
1038.4
1037.69
1086
1079.5
1023
1023.65
1025.55
1028.65
1028.48
1026.48
1086
1099.34
1094
1117
1101
1089.03
1078.26
1070.93
1063.87
1070
1065.76
1102
1099.94
1087.35
1071
1068.98
1067.03
1062.6
1059.08
1055
1054
1053.61
1078
1079.91
1015
993
500
681.628
969
961
965.405
937
942.097
945.531
946.343
947.498
948.98
950.451
1195
1148.05
1125
1123.73
1122.47
1121.2
1015
1023.56
1028.59
1027.33
1026.75
1026.39
1078
1076.74
1031
1038.75
1041.56
1041.37
1033.78
1028.93
1030.31
1029.54
1026.5
1071
1062.35
1054.59
1050.25
1049.25
1045.61
1039
1024
1023
1023.42
1023.75
906
987.126
875
867
870.378
870.628
821
841.523
843.952
820
831.605
834.741
837.277
840.031
842.841
765
821.835
742
781.762
711
757.339
757.105
695
727.761
730.801
773
771.786
777.135
976
916.423
906.538
906.488
901.663
1047
983.857
1031
1054
1034.87
1035.8
1040.69
1043.35
1045.65
1140
1102
1125
1132.25
1136.95
1142.53
1145.66
1150.09
1101
1071
1101
1099.64
1117
1108.97
1102
1078
1078
1078.95
1076.06
1073.62
1073.74
1075.05
1074.92
1086
1084.44
1172
1156.85
1070
1069.84
1069.72
1071.56
1062
1063
1039
1044.45
1045.44
1117
1117
1108.16
1101.31
1097.47
1090.74
1093
1110
1106.65
1099.07
1047
1051.5
1086
1092.2
1088.82
1079.54
1075.49
1077.03
1081.08
1080.79
1075.17
1071.25
1070.14
1070.41
1068.87
1065.66
1062.34
1061.01
1016
1039.45
1086
1084.39
1117
1109.39
1103.57
1203
1172
1153.13
1146.89
1141.49
1132.39
1124.42
1119.04
1114.58
1039
1061.53
1094
1101
1079
1054
1063.03
1102
1099
1090
1086.53
1079
1077.44
1073.54
1071
1070.59
1070.99
1070.95
1070.9
1071
1072.63
1074.42
1076.06
1031
1053.49
1052.02
1052.76
1117
1099.33
1094
1062
1094
1090.05
1109
1100.91
1097.16
969
961
1018.49
1028.39
1036.46
1045.06
1050.47
1052.19
1052.3
1052.88
1052.96
1052.84
1052.72
1052.53
805
883.119
951.375
781
859.522
881.808
880.355
884.011
892.992
804
827.229
836.798
836.224
922
922.461
1055
1093
1082.48
1081.22
1083.71
1117
1113.58
1112.69
1115.3
1117.83
1119.62
1102
1141
1141.62
1142.84
1145.13
1062
1055
1064.04
1070
1067.87
1055
1055.88
1058.34
1086
1081.36
1074.82
1071.75
985
1015.76
992
994.912
1031
1035.82
1040.28
1044.84
1102
1109.62
1071
1072.14
1046
1055
1054.62
1050.99
1047
1047.16
1063
1063.7
1060.03
1055.55
1055.78
1056.56
1007
1047
1041.9
1039.04
1037.75
1039.33
1039.88
1093
1094
1081.71
1074.56
1073.09
1075.01
1073.83
1024
1036.96
1039.18
1024
1031
1078
1073.16
1102
1086
1080.2
1079.23
1055
1070
1066.63
1040
992
992
1000
1003.97
1039
1047
1049.18
1049.9
1051.73
1049.95
1046.92
1024
1026.68
1047
1048.29
1047.21
1044.24
1031
1086
1086
1077.31
1071.07
1069.67
1055
1049.24
1045.18
1041.2
1037.41
1033.69
1031.24
1039
1037.98
1036.62
1063
1062
1056.65
1050.95
1055
1094
1094
1080.02
1069.26
1078
1055
1023
1024
1031
1031
1035.17
1040.58
1046.74
1050.37
1031
1070
1071.46
1039
1047
1049.92
1046.41
1040.89
1042.84
1023
1016
1018.08
1020
1018.41
1015
1019.22
1047
1047.57
1062
1057.21
1055
1055
1050.03
1043.96
1040.32
1031
1028.54
1027.6
1070
1069.28
1055
1102
1099.88
1090.03
1079
1074.48
1067.8
1061.65
1057.32
1053.79
1050.82
1063
1061.39
1061
1059.29
1055
1039
1039
1037.33
1038.77
1070
1074.8
1072.05
1066.82
1062.43
1039
1036.82
1039
1041.09
1044.99
1039
1043.53
1045.84
1008
1018.21
1019.5
1022.54
1024.33
1028.19
1030.79
1031.53
1032.46
1032.88
1033.04
1032.54
1032.26
1031.55
1094
1080.35
1073.56
1069.6
1062
1056.53
1039
1037.57
1034.36
1032.9
1032.84
1070
1064.54
1047
1039
1037.26
1035.83
1034.37
1032.9
1063
1062.74
1039
1035.3
992
1006.24
1007.35
891
978.309
898
923.818
1007
989.348
1040
1030.78
1117
1092.45
1090.43
1090.87
1086.34
1063
1070
1078
1070
1066.54
1070
1067.59
1066.05
1063
1062.91
1101
1088.61
1094
1078
1080.98
1031
1054.77
1070
1086
1110
1085
1082.24
1094
1092.42
1087.27
1082.56
1081.24
1082.54
1070
1071.85
1073.23
1086
1082.37
1109
1103.65
1062
1068.1
1069.77
1069.84
1068.19
1063
1054
1057.2
1058.61
1109
1104.34
1078
1076.02
1078.2
1080.01
1075.45
1070.31
1078
1080.99
1078.13
1069.63
1071.16
1062
1064.47
1117
1097.06
1078
1072.73
1075.12
1055
1070
1069.46
1069.6
1047
1031
1034.33
1086
1086
1074.95
1071.25
1076.51
1082.25
1125
1094
1086.16
1110
1108.18
1097.57
1023
1029.87
1036.47
1094
1086
1071.99
1074.89
1117
1119.76
1102.68
1086.93
1078
1085.22
1089.2
1076.61
1064.06
1066.05
1074.52
1079.18
1110
1094
1084.97
1125
1128.95
1117.26
1100.47
1094.79
1086
1087.37
1082.91
1094
1091.41
1088.19
1084.47
1047
1054.97
1057.09
1062
1079
1086.23
1088.69
1055
1070
1086
1086.37
1039
1051.36
1055.74
1000
1024
1023
1020.71
1055
1062.43
1101
1095.52
1091.28
1089.36
1081.16
1072.53
1086
1070
1068.26
1067.58
1086
1079.54
1076.05
1055
1061.28
1059.18
1056.08
1055.55
1055.14
1094
1084.43
1080.26
1047
1055.82
1057.4
1023
1030.83
1032.68
1035.44
1035.73
1071
1081.61
1086
1078
1039
985
988.346
976
978.727
1039
1062.83
1067.82
1068.27
1065.56
1057.51
1048.89
1101
1102
1089.94
1078
1072.68
1039
1032.83
1029.49
1063
1054
1071
1069.27
1078
1039
1039.37
1039.59
1037.56
1047
1062
1061.1
1063
1058.85
1053.89
1109
1110
1099.68
1088.57
1081.3
1074.17
1066.77
1062.45
1059.04
1056.17
1054.25
1062
1047
1055
1101
1096.37
1125
1116.22
1093
1087.12
1082.23
1074.26
1067.23
1063.01
1117
1117
1108.99
1078
1072.39
1063
1060.83
1070
1076.94
1086
1086
1094
1091.48
1084.91
1077.5
1071.35
1066.44
1101
1103.01
1096.8
1087.66
1081.19
1078.16
1117
1118
1109
1097.36
1102
1103.5
1105.3
1099.06
1091.49
1102
1070
1072.29
1073.32
1075.34
1076.58
1075.41
1074.14
1125
1109
1102
1097.86
1099.67
1133
1126.32
1071
1054
1078
1090.05
1109
1094
1078
1094
1101
1098.62
1070
1072.15
1071
1080.06
1080.2
1072.19
1067.95
1070
1070
1072.18
1125
1113.02
1097.03
1090.36
1092.25
1109
1104.99
1094.03
1085.07
1125
1123.29
1070
1068.94
1094
1094
1093
1080.39
1081.36
1093.33
1099.64
1101
1083.24
1079.16
1094
1104.09
1098.69
1085.04
1078
1088.22
1109
1104.45
1089.37
1082.21
1090.95
1101
1097.69
1082.89
1077.76
1070
1081.05
1088.55
1088.56
1077.95
1078
1086.14
1000
1031
1037.46
1055
1054.88
1053
1053.47
1059.03
1094
1117
1117
1125
1117
1110.91
1109.79
1125
1121.94
1141
1133
1125.31
1122.85
1121.09
1117.94
1114.18
1125
1122.06
1120.21
1062
1104.18
1062
1079
1077.95
1078.14
1078.97
1079.41
1079.92
1080.23
1080.68
1081.21
1047
1062.28
1060.81
1058.51
1007
1034.26
1030.94
1015
1022
1024.01
1025.41
1015
1022.19
1024.07
1025.79
1055
1101
1110
1086
1062
1066.52
1069.14
1065.82
1060.4
1061.82
1064.52
1062.61
1057.04
1055.06
1055.47
1054.2
1050.85
1094
1062
1032
1047
1078
1117
1103.01
1086
1101
1125
1120.52
1071
1086
1086
1088.36
1062
1063.17
1039
1043.62
1044.94
1047.26
1047.75
1109
1133
1118.56
1125
1093
1086.5
1055
1049.37
1046.66
1047
1023
1026.04
1027.52
1029.85
1047
1054.97
1060.67
1071
1075.02
1063
1062
1039
1038
1035.23
1035.28
1037.25
1039.16
1041.17
1109
1111.12
1078
1073.57
1069.98
1060.77
1053.23
1062
1094
1090
1080.04
1071.61
1064.71
1117
1149
1128.09
1102
1090.18
1086.93
1141
1137.98
1122.36
1105.84
1140
1143.72
1140.26
1122.29
1109.89
1016
1047
1054.17
1102
1098.02
1101
1090.15
1102
1112.59
1086
1081.54
1082.08
1055
1059.75
1061.52
1055
1057.06
1059.23
1061.55
1063.52
1094
1071
1054
1058.78
1060.5
1070
1067.36
1068.95
1055
1070
1067.27
1065.46
1093
1087.36
1133
1124.9
1118.53
1114.28
1140
1149
1138.44
1094
1055
1058.76
1110
1101
1117
1108.83
1103.45
1104.99
1070
1102
1098.97
1063
1068.49
1071.92
1073.13
1071.23
1101
1101.44
1078
1081.06
1086.37
1089.94
1084.83
1110
1117
1117
1105.56
1093
1117
1111.06
1099.34
1098.25
1107.46
1103.77
1093.13
1101
1105.49
1062
1072.64
1079.12
1101
1078
1084.58
1093.55
1092.59
1094
1095.61
1101
1094
1133
1125.09
1114.88
1114.52
1094
1096.14
1097.74
1094.3
1090.84
1094.47
1093.9
1101
1096.91
1097.6
1125
1119.22
1110
1046
969
1016.31
1029.98
1040.86
1048.04
930
937
954
961.608
922
943.163
899
916.876
919.83
891
902.159
907.207
912.92
828
865.925
869.862
878.078
880.673
884.892
954
960.648
959.382
958.132
1093
1049.81
1016.47
1015.21
1016.66
1133
1080.81
1047.7
1055
1057.89
1094
1102
1086
1062
1086
1087.42
1079.75
1073.5
1073.12
1073.4
1072.78
1069.88
1066.44
1063.91
1060.97
1059.65
1016
1028.54
1030.78
1035.03
1039
1039.57
1041.77
1039
1040.15
1040.45
1062
1039
1044.44
1047
1031
1031
1033.24
1032.11
1034.54
1035.79
1016
1007
1011.33
1012.8
1014.92
1017.77
1047
1047
1043.65
1045.12
1041.51
1035.38
1033.02
1062
1058.25
1094
1078
1072.14
1070.94
1094
1088.79
1080.58
1076.04
1078
1079.11
1076.25
1094
1094
1089.6
1086.76
1085.93
1085.22
1102
1096.48
1055
1064.25
1064.83
1066.11
1110
1094
1117
1110.93
1107.27
1102
1100.92
1100.1
1096.3
1093.08
1156
1140.74
1133.18
1129.62
1063
1075.13
1039
1042.36
1042.02
1044.22
1047.35
1050.02
1052.6
1054.8
1056.73
1110
1110.55
1110.55
1107.58
1063
1031
1030.98
1039
1049.44
1047
1047
1051.53
1039
1039
1063
1069.59
1047
1062
1066.05
1063.54
1059.03
1055.75
1055.89
1054.07
1055
1086
1082.67
1074.3
1069.16
1069.97
1068.81
1118
1101
1093.26
1090.8
1088
1082.63
1078.8
1016
1078
1066.36
1125
1101.6
1109
1103.8
1100.63
1099.04
1078
1080.64
1046
1052.53
1051.12
1039
1043.51
1040
1041.97
1042.34
1043.17
1031
1036.12
1035.66
1047
1042.67
1045.48
1047.46
1048.33
1023
1000
985
1015
1012.3
1019.38
1063
1068.2
1067.2
1066.96
1061.57
1054.52
1047.8
1086
1082.09
1072.1
1067.25
1063.84
1008
1016
1015
1016
1019.42
1070
1078.94
1069.56
1062
1063
1053.79
1044.49
1062
1060.66
1052.41
1050.09
1048.55
1045.12
985
1003.98
1008.97
1010.85
1013.43
1031
1094
1110
1089.18
1047
1023
1017.33
1013.43
1011.61
1011.14
1125
1110.58
1172
1149
1130.87
1117
1102.67
1125
1117
1110
1102.07
1097.41
1091.78
1085.49
1080.48
1076.24
1074.22
1073.14
1071
1070.89
1071.2
1047
1053.93
1053.01
1110
1099.68
1096.74
1093
1110
1125
1124.57
1119.02
1071
1070
1094
1062
1069.13
1072.9
1075.58
1074
1117
1112.42
1106.77
1102.7
1102.09
1102
1094.71
1088.61
1085.09
1081.88
1109
1070
1076.61
1109
1102.65
1097.96
1117
1113.02
1141
1101
1094
1055
1031
1070
1102
1117
1110.49
1109.52
1125
1133
1124.35
1062
1067.23
1072.15
1101
1101.65
1096.18
1071
1076.7
1080.98
1101
1097.57
1084.45
1077.05
1094
1102
1086
1073.79
1068.38
1075.51
1117
1113.59
1078
1063
1070.7
1082.87
1088.95
1079.82
1069.74
945
981.582
1008.86
1019.21
883
899
875
888.093
859
836
845.264
853.517
858.016
861.198
766
823.643
830.138
834.037
835.943
838.696
844.186
850.002
853.356
735
750
765
772.141
867
867.443
866.751
867.231
872.164
872.999
871.733
867.744
1007
954
925.182
914.711
1023
979.73
1039
1002.74
990.58
1031
1022.36
1011.8
1015
1032
1039
1039
1037.73
1037.2
1037.27
1035.98
1032.18
1029.53
1028.63
1027.14
446
565.019
922
909.286
899
908.363
911.319
922
923.233
924.806
914
916.361
917.461
919.231
922.567
766
766
772.163
719
728.968
733.156
735.717
738.558
750
751.765
750
752.882
754.524
790
804
821
843
852
867
871.327
872.696
872.993
922
953
953
951.734
950.468
984
985.357
1071
1109
1077.05
1055.83
1051.46
1056.3
1059.66
1055.24
1048.05
1044.14
1045.08
1070
1068.12
1059.85
1055.1
1053.95
1063
1070
1063.44
1031
1033.07
1035.42
1034.69
1032.23
1028.74
1026.24
1026.27
1026.87
1055
1055.65
1050.07
1007
1013.33
1015.69
1023.56
1047
1054
1031
1040
1044.69
1051.48
992
998.59
953
1000
1047
1042.43
1047
1047.26
1048.97
1015
1039
1039.54
1016
1017.27
1008
1047
1039
1047
1041.29
1000
1023
1047
1039
1031
1030.88
1034.25
1063
1053.65
1046.07
1042.34
1043.32
1040.72
1037.03
1109
1088.78
1074.39
1070
1094
1089.51
1078
1071
1078
1075.28
1068.02
1063.04
1064.62
1023
1047
1063
1057.61
1071
1031
1047
1047
1046.86
1054
1051.18
1051.62
1052.62
1053.07
1086
1077.22
1070
1068.87
1070.43
1070.93
1069.53
1040
1085
1047
1071
1070
1067.8
1065.98
1065.11
1063
1064.44
1064.17
1063.76
1102
1088.07
1078
1076.76
1077.41
1077.88
1076.17
1073.87
1073.11
1072.83
1072.52
1055
1064.65
1062.5
1062.2
1061.99
1062.56
1063.27
1063.12
953
1087.32
1024
1026.78
1180
1141
1095.22
1109
1106.41
1099.2
1047
1054
1086
1086
1094
1102
1094.55
1133
1140
1127.47
1119.25
1119.09
1117
1108.44
1099.8
1095.06
1091.45
1086.9
1083.58
1081.78
1080.19
1078.41
1076.89
1102
1107.79
1108.62
1054
1071.19
1078
1080.8
1080.16
1079.85
1082.62
1086
1085.88
1083.14
1054
1063.78
1065.06
1054
1071
1073.78
1086
1094
1090.17
1086.96
1088.25
969
961
1014.41
977
992.076
1003.53
1003.84
1063
1065.92
1064.47
1067.7
1066.07
1062.27
1172
1156
1148
1141
1130.87
1122.66
1113.51
1070
1070.68
1067.03
1063.53
1062.59
1062.76
1063.39
1063.71
1125
1112.4
1106.13
1101.9
1070
1070.74
1068.1
1064.71
1065.31
1065.84
1039
1055
1054
1055.89
1058.49
1063
1078
1047
1057.36
1057.66
1056.23
1047
1051.42
1055
1053.72
1086
1078.92
1118
1109.7
1105.88
1094
1093.28
1102
1086
1087.14
1085.8
1016
1031
1016
1016.38
1018.31
1020.79
992
1016
1012.19
969
986.497
953
961.84
960.416
1078
1057.64
1058.11
1117
1106.76
1102.91
1102.4
1100.45
1085
1085.74
1102
1102
1097.67
1096.42
1097.89
1097.08
1094.57
1094
1092.88
1117
1110.9
1106.6
1106.02
1106.6
1105.08
1070
1071
1067.99
1064.35
1065.73
1066.79
1067.84
1078
1082.88
1086.05
1101
1086
1089.57
1090.77
1089.24
1088.39
1088.58
1087.75
1039
1063.8
1060.29
1086
1081.85
1063
1071.22
1071.15
1068.3
1070.02
1071.72
1047
1059.83
1054
1052.95
1102
1109
1100.61
1118
1113.39
1047
1000
1023
1024
1025.56
1032.31
1038.98
1039.39
1055
1055.55
1078
1086
1062
1047
1049.88
1046.54
1047
1039
1042.3
1078
1075.73
1110
1100.68
1092.07
1086.66
1082.17
1078
1073.24
1086
1094
1110
1125
1078
1077.94
1077.16
1075.87
1086
1082.83
1079.79
1078.9
1078.81
1133
1140
1128.28
1117.42
1140
1137.69
1129.49
1117.83
1110.15
1107.6
1125
1125.05
1071
1073.21
1075.37
1081.11
1094
1087.52
1039
1063
1066.14
1072.86
1073.22
1065.26
1062.8
1094
1164
1145.79
1121.98
1110.77
1117
1127.28
1128.05
1086
1070
1075.45
1085.29
1090.73
1080.99
1109
1117.08
1115.85
1100.82
1092.34
1096.83
1047
1051
1052.31
1047
1049.19
1051.12
1055
1078
1084.57
1085.86
1055
1060.62
1063.34
1000
1014.91
1017.02
1094
1095.14
1089.39
1070
1094
1093.25
1102
1094
1089.89
1086.45
1080.68
1094
1117
1086
1117
1110
1105.46
1109
1103.62
1101
1096.45
1092.49
1094
1090.26
1047
1060.61
1086
1080.45
1079.6
1082.25
1082.96
1125
1117.13
1114.2
1115.38
1078
1047
1070
1071
1071.75
1063
1054
1071
1071.62
1069.55
1068.7
1117
1078
1078
1055
1061.89
1064.19
1062.93
1070
1164
1140.46
1180
1109
1108.56
1094
1070
1071.55
1063
1064.36
1065.56
1065.73
1067.14
1068.51
1055
1059.67
1059.43
1059.52
1060.68
1060.89
1062.35
890
998.246
989.327
985.355
988.49
890
953.892
949.203
836
894.76
895.862
894.596
897.278
902.09
905.843
1023
1005.45
1004.18
1055
1047.77
1046.5
1046.48
1149
1109
1086
1088.27
1091.88
1086.59
1148
1149
1135.68
1078
1085.41
1091.02
1087.15
1109
1102
1100.65
1055
1061.11
1062.88
1058.77
1055.17
1053.59
1054.79
1039
1041.9
1041.91
1042.06
1042.53
1043.47
1044.46
1078
1078
1080.74
1082.1
1084.05
1085.65
1087.19
1086.64
1086.26
1084.68
1083.23
1094
1092.42
1091.03
1090.23
1089.87
1039
1053.2
1053.48
1023
1033.11
1034.47
985
1005.75
1004.36
1002.71
985
984
987.187
986.906
989.094
991.18
993.655
996.201
1000
1002.45
1005.4
1008.29
1011.04
1013.67
1023
1024.87
1027.61
1030.13
1032.06
1033.72
1032.9
1032.87
1032.3
1031.06
985
994.755
1024
1023
1021.37
985
1000
1015
1013.65
1007.81
993
984
987.55
989.471
988.149
977
981.795
985.04
1023
1019.19
1007.09
1004.13
1012.31
1164
1096.02
1060.61
1043.16
1041.56
1023
1039
1034.15
1024.69
1094
1081.76
1064.86
1071
1069.22
1062.64
1054.05
1047.47
1055
1070
1060.85
1102
1078
1047
1039
1042.63
1043.78
1041.13
1039.14
1040.29
1041.78
1109
1094
1082.78
1077.36
1078
1072.03
1063.02
1125
1107.99
1095.22
1089.09
1086.44
1083.06
1101
1093.33
1054
1078
1076.8
1086
1077.81
1070
1072.64
1074.57
1078
1063
1078
1062
1086
1094
1086
1081.14
1047
1065.79
1070
1069.06
1063.71
1060.08
1078
1080.15
1074.8
1067.56
1068.7
1076.45
1047
1055.27
1058.98
1061.47
1057.28
1058.85
1063.9
1086
1077.53
1070.88
1078
1086
1080.24
1069.68
1110
1105.12
1055
1054
1060.76
1063.74
1056.11
1059.3
984
1011.69
1017.91
1062
1055
1051.65
1058.5
1062.91
1047
1008
1019.48
1025.54
1039
1030.99
1032.04
1042.8
1008
1016
1015
1016.89
1013
1014.3
1007
1032
1030.08
1031
1039
1000
1011.74
1013.81
1013.06
1012.08
1013.36
1008
1000
1046
1036.91
1062
1053.37
1049.89
1039
1040.17
1040.9
1023
1025.98
1024.92
1023
1032
1027.98
1027.37
1047
1041.38
1071
1101
1094.44
1088.4
1082.54
1076.25
1063
1054
1047
1043.7
1041.08
1040.92
1023
1032
1028.93
1000
1015.27
1011.08
1014.42
1016.74
1039
1037.54
1041.82
1044.1
1045.87
1071
1067.62
1066.8
1065.21
1086
1082.01
1080.69
1008
1037.27
1033.84
1039
1047
1044.64
1046.41
1047.12
1094
1082.42
1062
1061.17
1063.22
1086
1077.89
1068.44
1047
1052.34
1058.65
1061.72
1056.34
1048.07
1047.45
1079
1101
1089.61
1077.5
1071.12
1039
1046.83
1051
1031
1033.66
1031
1033.31
1035.61
1094
1055
1050.85
1053.51
1059.09
1094
1087.33
1062
1079
1078.22
1102
1095.07
1094
1085.12
1082.82
1102
1099.47
1070
1008
1008
1009.48
1086
1117
1102.09
1047
1046.3
1052.4
1062.21
1064.73
1054.34
1054
1058.33
1078
1070
1063
1056.81
1059.76
1065.14
1062
1054.48
1039
1046
1051.14
1055.07
1078
1068.25
1086
1083.41
1077.89
1068.57
1062.78
1047
1046.02
1046.72
1049
1051.67
1053.54
1055.33
1057.29
1062
1063.31
1054
1054.83
1054.65
1094
1085.73
1078.75
1070
1078
1078
1072.68
1067.39
1064.53
1064.54
1071
1093
1071
1039
1041.77
1044.48
1049.42
1051.88
1050.4
1048.91
1051.33
1023
1078
1067.34
1063.54
1148
1125.59
1110.22
1148
1140.09
1128.64
1124.89
1126.31
1121.39
1116.15
1071
1078.34
1055
1055.83
1055.35
1102
1097.89
1098.18
1102
1101.2
1098.72
1095.47
1092.19
1088.95
1085.95
1083.26
1081.94
1081.65
1081.64
1082.09
1082.77
1086
1086.38
1055
1078
1073.48
1073.24
1075.28
1117
1109.53
1094
1086
1094
1085
1086.44
1087.3
1086.5
1078
1086
1125
1111.75
1105.02
1094
1086
1086.37
1110
1104.44
1098.18
1055
1066.97
1109
1102.69
1097.25
1055
1061.52
1086
1117
1109.82
1097.76
1088.56
1093
1100.76
1102.99
1094.33
1078
1079.32
1087.7
1095.58
1091.35
1008
1062
1064.29
1094
1084.3
1064.85
1055
1067.89
1078
1094
1078.79
1086
1082.44
1125
1117.44
1103.92
1094
1095.26
1108.93
1113.24
1100.88
1039
1045.59
969
979.892
982.245
1054
1062.79
1062.12
1008
1016.41
1026
1042.33
1048.08
1040.15
1031
1034.76
1046.44
1053.72
1078
1069.06
1053.55
1062
1069.71
1062
1031
1029.79
1033.09
1117
1096.51
1062
1051.79
1102
1102.67
1086
1046
1039
1055
1067.06
1061.98
1043.34
1039
1023
1047
1053.07
1045.88
1063
1069.15
945
973.928
988.355
998.291
1001.6
977
969
980.054
992.635
996.785
1000
992.927
1016
1024.52
1028.4
1015
1039
1063
1057.88
1042.24
1086
1087.12
1070.25
1086
1088.82
1076.41
1066.46
1071.29
1072.06
993
1011.46
1017.83
1016.53
1009.31
1017.85
1022.12
1016.2
1109
1094
1109
1098.52
1063
1063.47
1062.02
1051.83
1062
1064.85
1055.42
1054.29
1057.19
1008
992
995.188
995.242
998.405
1002.92
1078
1075.47
1093
1086.33
1076.83
1086
1078.57
1069.33
1055
1062
1071
1070.53
1055
1058.47
1093
1091.97
1063
1055
1060.28
1078
1071.96
1061.26
1057.6
1086
1088
1070
1055
1058.62
1063.37
1078
1065.09
1063
1023
1032.9
1039.24
1045.83
1070
1055
1052.69
1039
1044.94
1048.89
1051.47
1055
1055
1049.77
1049.02
1052.34
1056.31
1056.92
1047
1043.19
1045.58
1039
1043.34
1043.78
1041.89
1047
1046.77
1048.8
1032
1035.92
1031
1033.08
1034.23
1034.99
1039
1047
1049.4
1055
1039
1041.2
1063
1061.95
1057.81
1053.59
1050.9
1049.35
1046.48
1047
1044.76
1043.05
1055
1055.06
1039
1041.37
1007
1018.1
1039
1039.35
1039.06
1037.5
1039.31
1023
1031
1032.19
1031.65
1031
1031.11
1033.03
1033.33
1033.17
1000
945
988.336
961
1007
1024
1031
1032.17
1070
1070.29
1066.22
1064.2
1059.56
1052.61
1039
1036.24
1032.6
1029.25
1062
1094
1109
1094
1087.16
1078
1069.43
1015
993
992.322
993.775
999.13
1005.05
1125
1120.76
1106.74
1125
1070
1059.07
1086
1091.88
1047
1048.79
1057.13
1031
1029.34
1047
1039
1039
1040.96
1043.68
1086
1055
1050.81
1054.66
1047
1071
1064.59
1024
1031
1055
1031
1031
1008
1016.52
1008
1010.39
1039
1039.12
1037.46
1039.81
1031
1033.2
1023
1023.79
1023
1021.57
1021.84
1021.95
1023
1031
1030.72
1031.51
1055
1052.64
1049.7
993
976
986.498
990.636
1008
1016
492
657.733
763.589
760.437
762.39
771.975
945
969
968.066
1070
1068.16
1086
1084.85
1085.24
1063
1067.08
992
985
995.368
997.396
1000
1000
1002.26
1002.9
1002.8
1002.82
1002.93
1004.11
1005.82
1007.41
1000.26
1024
1018.81
1014.76
1013.25
1011.8
1011.7
1011.02
1011.14
1012.59
1013.93
1015.52
1016.85
1018.33
977
977
937
914
917.08
918.509
883
914
891
898.515
901.259
903.817
906.808
929
907
898
930
928.128
931.196
1047
1054
1045.13
1038.26
1034.63
1028.34
1020.79
1013.98
1008.58
1125
1148
1114.68
1089.62
1080.53
1082.4
1180
1132
1107.22
1093.2
1078
1110
1109.73
1148
1172
1156
1110
1104.4
1031
1063
1068.25
1075.9
1078.34
1148
1136.12
1133
1140
1133.76
1141
1134.92
1125.81
1118.95
1112.03
1104.08
1098.05
1093.75
1092.29
1094
1125
1125
1140
1136.89
1131.27
1126.01
1118.75
1117
1111.77
1109.23
1106.19
1094
1093.98
1109
1115.92
1063
1070
1079.25
1083.63
1070
1077.01
1079.96
1082.22
1039
1053.94
1039
1040.72
1063
1062.05
1065.36
1069.26
1072.58
1054
1039
1044.56
1063
1065.36
1060.53
1060.65
1067.98
1102
1094.09
1080.1
1102
1062
1078
1076.85
1073.31
1069.1
1047
1047
1078
1070
1086
1109
1099.54
1062
1065.52
1068.37
1068.86
1078
1063
1070
1016
1030.58
1033.09
1034.71
914
971.073
1055
1102
1132
1112.74
1179
1170.74
1153.8
1145.4
929
922
961.006
977.897
852
888.519
910.053
789
817.528
853.45
781
790.368
834.633
766
775.369
734
745.297
696
711.701
721.808
695
710.442
743
773
844
852.75
858.455
867
870.217
906
904.633
903.367
930
945
937.113
921
899
899.236
922
946
939.655
933.103
932.029
933.625
934.317
931.648
1078
1015.02
979.147
1156
1089.61
1156
1157
1109.93
1101
1103.19
1099.21
1125
1116.77
1113.04
1113.97
1086
1088.9
1089.78
1102
1096.67
1047
1062.14
1031
1037.28
1055
1049.55
1015
1016
1039
1036.37
1037.14
1039.73
1042.73
1047.97
1050.54
1039
1043.97
1046.55
1048.09
1071
1067.92
1067.31
1066.41
1078
1039
1046.34
1055
1051.82
1063
1057.94
1055.54
1056.17
1079
1070.71
1110
1097.53
1063
1054
1055
1054.2
1053.09
1052.66
1053.15
1047
1055
1052.42
1052.67
1118
1087.29
1083.43
1086
1083.88
1078
1074.58
1063
1062
1059.57
1058.09
1117
1097.73
1070
1078
1078.82
1086
1080.37
1076.44
1076.65
1075.62
1072.61
1069.73
1068.38
1086
1082.24
1077.76
1074.56
1076.11
1078.56
1070
1071.29
1062
1065.62
1067.27
1068.29
1093
1117
1100.23
1125
1118
1112.06
1047
1065.03
1055
1054.7
1056.66
1070
1075.09
1109
1141
1132
1123.28
1070
1072.31
1094
1099.8
1095.54
1089.04
1088.55
1087.75
1083.2
1078.68
1070
1078
1071
1062
1063
1064.72
1066.15
1109
1107.02
1140
1130.86
1132
1071
1086
1084.36
1084.33
1084
1071
1062
1063
1070
1078
1081.77
1084.31
1118
1156
1147.54
1136.13
1126.25
1140
1125
1115.79
1107.44
1101.7
1071
1069.52
1078
1086.21
1102
1108.46
1111.42
1063
1067.98
1086
1055
1039
1062
1086
1085.13
1082.01
1078
1079.37
1078.78
1110
1109.47
1104.51
1101.3
1078
1078.23
1076.89
1015
1029.02
1031.73
1036.1
1038.62
1043.44
1048.14
1050.69
1051.69
1117
1112.61
1101.12
1094
1090.68
1081.92
1073.25
1101
1098.78
1141
1141
1117
1111.86
1086
1082.55
1078.9
1075.81
1063
1023
1029.54
1071
1074.09
1110
1086
1117
1117.84
1110.53
1093
1091.53
1088.17
1133
1128.13
1062
1047
1071
1085
1085.99
1076.54
1074.76
1083.15
1091.17
1141
1123.06
1108.49
1102.48
1101
1102.53
1096.28
1088.36
1083.92
1086
1088.53
1078
1073.88
1074.85
1078
1080.71
1077.32
1078
1078.35
1047
1060.83
1061.56
1062.33
1061.54
1061.36
1063.62
1063
1063.69
1062.56
1063.08
1078
1077.99
1078.88
1077.2
1076.9
1039
1039
1042.61
1055
1057.31
1094
1085
1083.3
1110
1104.52
1096.48
1092.88
1062
1032
1033.71
1062
1063
1078
1047
1050.25
1053.07
1117
1133
1117.31
1109
1117
1063
1058.11
1031
1039
1041.27
1023
1024
1054
1094
1110
1100.26
1089.89
1083.67
1109
1111.93
1099.68
1085.64
1079.76
1086
1088.97
1070
1064.54
1109
1115.21
1105.3
1109
1109.24
1109.36
1102.75
1095.85
1092.49
1089.37
1085.09
1080.71
1078.11
1079
1078.55
1078
1094
1085
1083.34
1062
1094
1091.04
1088.4
1093
1092.16
1055
1068.76
1068.04
1067.51
1068.72
1071.08
1102
1098.13
1095.59
1096.64
1078
1078
1078
1071
1062
1064.58
1065.76
1064.87
1065.75
1067.86
1071
1069.02
1069.81
1094
1092.55
1087.74
1063
1078
1077.81
1073.98
1102
1093
1089.1
1088.62
1109
1102.77
1078
1110
1104.66
1109
1102
1099.48
1101.65
1100.44
1117
1109.21
1085
1091.76
1086
1086.84
1070
1039
1063
1065.87
1065.45
1067.13
1071.7
1117
1111.17
1103.84
1104.99
1110
1054
1039
1042.2
1044.23
1043.92
1094
1111.02
1100.62
1125
1126.06
1110.35
1103.19
1110
1109
1097.86
1047
1008
1010.12
1011.11
1014.25
1018.63
1025.18
1094
1113
1106.83
1039
1039.69
1047
1055
1056.27
1052.12
1051.58
1054.32
1086
1088.62
1078.19
968
973.912
969
1008
1039
1038.29
1070
1076.1
1110
1109
1090.43
1076.12
1074.1
1110
1117
1078
1065.88
1069.06
1080.07
1084.25
1040
1023
1027.76
1034.79
1125
1125
1100.4
1102
1103.49
1086
1047
1031
1047
1061.47
1067.4
1039
1037.78
1047
1062.2
1070
1058.5
1048.49
1047
1039
1041.18
1037.74
1033.61
1034.48
1036.95
882
952.776
883
891.731
906
908.027
992
1024
1030.48
1033.27
1036.26
1085
1080.76
1102
1055
1039
1040.8
1046
1042.36
1094
1089.02
1102
1125
1141
1135.17
1133.67
1086
1087.54
1089.04
1117
1111.17
1117
1110.83
1106.69
1102
1097.41
1093.16
1102
1070
1074.02
1073.12
1073.27
1073.8
1074.12
1074.49
1074.79
1074.9
1074.56
1074.23
1093
1086
1088.27
1070
1102
1109
1105.55
1070
1076.78
1078.14
1080.52
1079.21
1077.82
1055
1066.96
1069.09
1070.95
1068.55
1066.96
1068.77
1047
1059.74
1039
1023
1026.21
1028.09
1110
1101
1093.35
1090.86
1091.43
1070
1055
1000
1031
1024
1029.22
1070
1076.99
1047
1070
1070.14
1102
1091.89
1039
1048.33
1047
1094
1084.09
1074.06
1086
1083.61
1132
1111.68
1099.28
1039
1051.32
1053.55
1055.38
1051.01
1045.97
1049.91
1053.49
1055.75
1051.28
1047
1050.15
1054.29
1054.47
1054
1032
1038.91
1041.18
1045.07
1043.73
1040.79
1042.63
1046.67
1049.91
1070
1070
1078
1073.92
1016
1034.13
1043.05
1047.75
1031
1035.21
1041.14
1062
1054.15
1040.47
1046.37
1070
1064.85
1045.75
1044.74
1055.19
1055
1042.44
1078
1071
1053.27
1055
1039
1041.14
1008
992
996.796
1000.46
1003.36
1004.44
1023
1063
1063.76
1054.8
1056.73
1060.68
1070
1055
1062
1047
1040.49
1055
1055.86
1054
1039
1032
992
1015
1017.08
1039
1047
1046.65
1024
1026.72
1028.45
1027.46
1047
1023
1026.22
1055
1053.95
1039
1039.63
1044.34
1031
1032.71
1034.37
1034.62
1030.64
1039
1063
1055.74
1048.39
1047.07
1047
1041.76
1054
1040
1037.86
1039.5
1039.46
1047
1039
1039.41
1054
1063
1054.95
1050.8
1039
1040.46
1047
1039
1038.9
1038.68
1047
1047.22
1044.76
1041.71
1078
1047
1046.71
1048.18
1047.71
1016
1033.71
1039
1037.6
1031.21
1033.89
1042.45
1102
1086
1069.9
1067.24
1085
1080.34
1068.04
1063.11
1066
1068.15
1061.92
1056.06
1032
1039.25
1078
1094
1086
1062
1058.15
1064.7
1070
1066.01
1032
1015
1017.51
1062
1071.62
1063.4
1000
1004.04
1014.26
1008
1039
1033.73
914
920.288
891
904.115
914.658
925.044
796
845.401
848.659
870.518
881.681
883.767
887.348
898.021
910.942
918.528
781
750
766
773.939
781
785.283
867
885.298
884.981
884.524
888.994
891.522
890.256
888.99
888.17
886.904
1093
1110
1125
1101
1063.55
1156
1156.26
1133
1108.63
1101
1106.14
1109.24
1133
1117
1111.84
1113.59
1115.7
992
1055
1061.6
1156
1127.16
1103.6
1093
1141
1125
1110.96
1094
1070
1063
1073.44
1086
1079.61
1071.21
1072.26
1081.6
1086.97
1102
1090.51
1083.92
1086.7
1092.34
1102
1093.91
1083.57
1081.04
1078
1079
1077.85
1102
1093
1088.14
1084.37
1085.44
992
1057.33
969
1015.56
953
975.624
961
929
940.31
942.089
941.817
943.073
859
914
909.509
907.909
1063
1078
1068.69
1086
1117
1109.66
1094
1095.83
1096.56
1125
1109
1102
1093
1095.29
1094.73
969
1003.22
1016
1062
993
976
988.078
953
955.742
985
1078
1069.78
1057.04
1056.63
1059.67
1054.52
1195
1169.46
1138.88
1134.3
1132.27
1117.61
1125
1149
1140
1164
1149
1148
1144.37
1139.42
1134.5
1102
1109
1108.42
1133
1093
1086
1089.48
1088.26
1086
1087.68
1078
1080.94
1081.14
1078
1078.93
1079.93
1080.9
1082.23
1083.55
1054
1064.61
1008
1052.21
1046.7
1046.47
1049.03
1051.72
1054.43
1056.66
1058.58
1060.29
883
996.685
988.398
984.485
987.33
992.017
797
828
845.448
852
854.373
867.633
899
898
903.484
1000
997.228
1110
1081.65
1078.66
1148
1102
1099.61
1063
1066.52
1068.89
1068.11
1086
1086.49
1102
1125
1124.06
1123.62
1054
1031
1032
1034.49
1033.79
1033.71
1034.96
1036.51
1079
1046
1079
1075.79
1016
1032.96
1046
1047.19
1055
1063
1064.28
1063.03
1102
1096.01
1086
1039
1015
1017.7
1019.27
1022.41
1071
1015
1027.78
1030.66
1030.66
1094
1109
1086
1125
1117.92
1125
1109.64
1054
1071
1068.49
1062.59
1058.2
1058.98
1039
1062
1060.53
1058.91
1086
1086
1117
1094
1094.18
1078
1047
1031
1055
1058.84
1061.59
1063.79
1110
1109.75
1103.02
1102
1097.35
1088.26
1079.98
1070
1062.48
1086
1093
1088.24
1083.58
1078.56
1086
1078
1071.68
1068.47
1068.59
1067.5
1065.33
1062.79
1062.94
1062.78
1063
1062.31
1061.71
1061.4
1061.2
1061.64
1086
1092.84
1055
1046
1032
1047
1052.72
1086
1087.27
1078
1101
1086
1082.63
1078.62
1102
1078
1070
1070.23
1071.47
1070.26
1109
1125
1114.29
1107.99
1105.14
1099.64
1093.24
1088.33
1083.97
1080.04
1093
1089.74
1087.43
1086.11
1039
1055
1070
1069.99
1071.95
1074.07
1075.63
1075.19
1073.75
1072.35
1047
1054.4
1071
1069.88
1069.21
1102
1101.76
1125
1119.05
1113.7
1110.29
1104.76
1098.04
1117
1117
1102
1105.15
1105.97
1110
1103.99
1101.31
1101.54
1015
1086.32
1073.79
1072.79
899
1001.17
994.945
989.898
990.399
994.734
1133
1164
1137.86
1133
1135.97
1136.76
1130.21
1179
1227
1199.37
1184.21
1185.57
1186.15
1180.54
1176.13
1176.64
1054
1063
1069.23
1125
1120.39
1078
1083.9
1093.51
1070
1068.92
1070.84
1071.4
1069.61
1069.76
1094
1100.28
1070
1078
1083.33
1086.29
1055
1064.2
1055
1086
1080.83
1101
1118
1111.94
1099.99
1047
1057.1
1061.16
1064.36
1000
976
1008
1023.63
1086
1082.22
1076.66
1080.76
1081.23
1117
1106.46
1093.47
1088.85
1109
1117
1104.05
1092.26
1071
1074.46
1109
1107.79
1078
1069.56
1074.54
1101
1117
1118
1098.7
1088.08
1090.41
1095.49
1097.11
1089.24
1079.46
1070
1074.18
1094
1098.79
1091.77
1080.28
1117
1102
1095.62
1087.34
1086.65
1093.17
1054
1057.69
1060.42
1065.32
1067.62
1064.99
1065.97
1070.76
1075.09
1063
1070
1073.29
1074.56
1055
1060.71
1065.34
1055
1056.77
1094
1091.53
1148
1135.75
1122.48
1078
1055
1056.71
1058.21
1061.45
1064.53
1068.01
1094
1125
1118.28
1107.87
1099.64
1090.47
1079.59
1109
1125
1125
1125
1125
1117.39
1108.43
1133
1130.98
1121.92
1113.47
1110.03
1156
1164
1133
1094
1093.38
1098.72
1104.8
1094
1090.53
1091.56
1096.54
1100.4
1133
1070
1078.98
1083.42
1089.05
1090.82
1086.67
1084.38
1087.93
1093.81
1096.54
1091.39
1118
1125
1156
1156
1156
1145.05
1136.68
1086
1117
1114.21
1112.86
1109.24
1107.25
1109.35
1203
1169.17
1152.82
1149
1145.92
1140.64
1134.05
1129.29
1148
1142.63
1136.93
1133.34
1148
1143.14
1164
1154.14
1147.58
1146.89
1070
1113.88
1110.3
1108.21
1125
1148
1143.98
1203
1156
1157.19
1157
1172
1166.3
1162.04
1160.96
1161.67
1158.78
1156.45
1125
1086
1092.04
1091.92
1157
1162.22
1203
1197.98
1188.01
1180.06
1169.73
1158.95
1149.06
1140.65
1133.36
1117
1117
1117
1119.66
1124.86
1130.57
1136.76
1141.93
1146.06
1148.32
1147.19
1187
1196
1172
1165.79
1133
1129.37
1148
1102
1111.83
1093
1097.11
1133
1130.98
1132.79
1117
1121.29
1124.99
1127.13
1125.87
1031
1056.76
1062.71
1065.35
1067.17
1069.62
1274
1219.91
1195.35
1227
1218
1180
1149
1156
1152.61
1125
1121.95
1078
1094
1094.69
1125
1125.53
1125.05
1094
1099.99
1102.32
1133
1126.66
1119.01
1118.18
1120.2
1121.43
1118.88
1070
1077.97
1078.44
1085.88
1090.22
1093.19
1097.2
1078
1071
1054
1055.47
1056.86
1059.78
1062.54
1064.98
1067.8
1110
1124.35
1122.17
1071
1093
1096.29
1101.96
1063
1067.41
1070.4
1075.67
1072.43
1125
1122.21
1102.25
1148
1143.63
1102
1102.81
1109
1110
1094.29
1078
1085.27
1117
1107.95
1093
1094
1104.12
1105.25
1094
1089.45
1098.9
1094
1084.84
1062
1063
1067.1
1078
1094
1089.8
1093.79
1100.24
1101.94
1109
1103.48
1098.54
1099.11
993
1044.18
1044.09
1044.86
1045.71
1049.12
868
859
905.506
852
884.113
907.707
914.275
923.377
914
926.975
932.569
945
946.376
949.201
1031
1078
1110
1108.73
1107.47
1094
1092.77
1091.51
1089.95
1088.68
1086.51
1085.25
1094
1092.74
1091.48
1090.87
1089.4
1088.46
1070
1047
1078
1074.92
1069.95
1125
1114.27
1039
1053.64
1140
1125
1111.03
1086
1086.01
1082.23
1102
1109
1095.81
1089.39
1047
1053.32
1055
1057.21
1058.24
1102
1106.22
1092.56
1141
1117
1102.99
1102.33
1096.64
1085.78
1077.8
1073.42
1070.44
1031
1015
1015.75
1017.09
1020.14
1071
1090.38
1088.71
1090.79
1092.28
1086.1
1180
1140
1157
1148.99
1140
1117
1114.75
1110.36
1105.98
1071
1078
1076.33
1075.16
1054
1078
1075.99
1101
1078
1082.05
1079
1078.87
1079
1076.33
1055
1047
1086
1093
1089.21
1063
1070.58
1101
1094
1088.11
1117
1078
1039
1046.3
1052.97
1057.24
1062
1180
1139.78
1127.17
1123.11
1133
1121.73
1108.98
1156
1150.51
985
937
951.088
958.192
963.69
968.896
984.156
995.656
998.673
946
965.119
977
981.388
1055
1059.53
1058.27
1057.79
1078
1076.73
1069.59
1068.26
1069.44
1047
1046.02
1045.89
1044.62
1042.1
1041.16
1041.19
1054
1086
1077.28
1070.22
1078
1073.94
1055
1052.94
1055
1062
1057.9
1078
1094
1085.34
1079.82
1080.82
1077.16
1070.68
1067.44
1066
1063.18
1110
1117
1180
1161.92
1147.97
1149
1140.12
1128.87
1133
1127.72
1121.19
1063
1086
1083.25
1109
1110.06
1070
1078.16
1080.47
1082.73
1117
1117
1125
1120.18
1113.66
1094
1089.43
1084.74
1086
1086.65
1110
1093
1097.93
1100.22
1098.71
1096.63
1094
1095.38
1093.17
1094
1125
1119.06
1114.55
1117
1109
1104.87
1110
1156
1180
1168.78
1133
1125
1109
1117
1133
1135.99
1134.58
1129.41
1124
1122.49
1140
1086
1086
1088.87
1092.88
1098.1
1099.79
1097.64
1125
1132.05
1132.62
1125.7
1119.89
1118.83
1119.43
1117.21
1113.37
1110.79
1112.47
1114.76
1113.48
1110.98
1109.61
1111.6
1063
1112.62
1086
1088.84
1070
1081.56
1133
1115.88
1110.72
1109.14
1101
1094
1099.16
1100.76
1078
1085.66
1087.71
1132
1118
1113.58
1111.47
1148
1133
1101
1110
1114.19
1111.73
1125
1093
1099.87
1117
1125
1117
1108.99
1117
1120.5
1117.49
1109.07
1105.76
1110.54
1093
1117
1113.43
1094
1125
1119.29
1149
1140
1156
1157
1187
1172
1164.91
1172
1156
1155.97
1094
1117.32
1113.39
1111.42
1117
1117.51
1119.53
1119.93
1121.25
1121.69
1122.45
1141
1109
1086
1095.09
1093.83
1094.14
1096.11
1098.07
1099.82
1101.67
1103.48
1132
1118
1122.09
1124.41
1122.87
1122.27
1070
1063
1066.22
1086
1092.69
1097.42
1101.46
1103.07
1102.03
1132
1130.69
1109
1141
1156
1136.18
1129.25
1101
1103.76
1100.84
1086
1088.83
1117
1118
1140
1141
1133.45
1157
1151.85
1093
1100.15
1101.58
1097.35
1062
1073.65
1076.81
1075.05
1078
1084.92
1063
1068.3
1071.02
1117
1114.29
1109.02
1112.14
1172
1160.57
1109
1094
1101.58
1104.6
1097.18
1090.39
1086
1091.96
1110
1078
1080.51
1070
1075.47
1074.57
1062
1055
1058.57
1101
1101.48
1091.9
1133
1132.46
1133
1120.48
1117.31
1120.81
1055
1065.9
1070
1055
1086
1093.78
1092.46
1086
1089.7
1089.58
1084.75
1094
1070
1073.72
1078
1075.01
1074.73
1075.41
1075.46
1203
1203
1179.91
1219
1188
1178.98
1170.7
1125
1125
1120.54
1116.55
1113.88
1047
1054
1053.65
1056.8
1060.88
1086
1092.1
1096.73
1099.94
1101.95
1023
1047.3
1015
1016.34
1016.68
1017.55
1020.45
984
1008
1007.62
1079
1164
1160.49
1150.15
1141.89
1196
1265
1235.63
1206.36
1265
1269.04
1109
1115.3
1124.9
1086
1084.73
1125
1138.19
1258
1257
1225.99
1213.71
1209.21
1198.13
1183.47
1180
1242
1227.48
1203.08
1193.34
1195.01
1191
1180.77
1173.47
1173.92
1117
1124.13
1117
1117.8
1119.64
1063
1080.29
1081.36
1082.18
1070
1047
1094
1096.02
1102.26
1140
1146.56
1149.62
1151.67
1154.1
1086
1098.5
1079
1085
1087.24
1117
1121.99
1164
1188
1140
1117
1118.27
1110
1101
1070
1075.68
1086
1093
1063
1070
1047
1094
1090.68
1088.61
1063
1069.81
1086
1117
1086
1081.68
1085.18
1117
1156
1141
1101
1097.2
1133
1133
1126.08
1086
1062
1063
1093
1117
1108.56
1091.55
1085.29
1196
1180.05
1162.04
1130.48
1196
1197.36
1184.24
1155.4
1143.46
1086
1054
1054.73
1059.86
1067.52
976
983.05
986.573
1078
1094
1087.9
1102
1148
1148.08
1131.65
1086
1090.26
1032
1028.08
1039
1062
1071.23
1110
1120.82
1115.26
1156
1156.88
1139.57
1125.43
1121.71
1110.55
1101
1093.46
1087.58
1081.22
1039
1043.53
1041.63
1043.81
1048.24
1052.33
1056.59
1060.52
1064.37
1086
1078
1080.48
1078
1062
1047
1048.82
1094
1095.59
1098.21
1094.91
1093.19
1095.35
1180
1163.26
1146.79
1134.32
1071
1072.69
1074.96
1079.36
1080.71
1076.26
1071.76
1188
1160.95
1135.49
1121.59
1141
1117
1108.95
1086
1055
1062
1064.63
1068.8
1069.84
1069.94
1073.37
1093
1102
1140
1141
1133.76
1101
1071
1070.05
1055
1057.04
1071
1078.29
1083.36
1086.82
1090.4
1094
1062
1094
1078
1076.29
1075.16
1141
1125
1113.98
1108.85
1016
1039
1078
1078.66
1101
1096.34
1109
1103.25
1109
1101.3
1095.33
1180
1137.66
1124.26
1203
1203
1174.7
1149
1132
1164
1151.79
1137.94
1171
1164.22
1153.65
1117
1102
1108.47
1108.39
1104.95
1078
1086.53
1180
1162.86
1145.32
1196
1192.92
1172
1133
1140.6
1148
1142.36
1125
1128.83
1139.22
984
945
966.468
945
949.678
1219
1199.3
1179.53
1181.11
1171.52
1273
1242
1219.21
1141
1101
1118
1120.98
1109
1107.73
1102
1103.47
1101
1099.73
1098.5
1097.58
1118
1116.89
1111.93
1110.66
1109.64
1094
1055
1063.83
1039
1047.99
1031
1037.76
1037.84
1040.43
1042.67
1047.7
1094
1105.59
1110.67
1113.48
1078
1081.57
1078
1073.77
1071.75
1071.3
1055
1057
1125
1120.18
1114.77
1086
1082.52
1082.69
1102
1101
1093.62
1085.76
1082.25
1117
1086
1083.64
1094
1086
1084.88
1102
1125
1117.39
1108.4
1016
1041.38
1050.22
1218
1177.26
1155.42
1150.4
1146.79
1134.07
1120.24
1203
1183.44
1158.44
1148.16
1144.89
1125
1114.7
1109.68
1086
1081.99
1101
1094
1078
1083.28
1086.82
1085.99
1085.31
1086.36
1086.68
1117
1070
1079.96
1063
1066.82
1102
1095.91
1098.03
1100.33
1101.95
1103.35
1104.67
1125
1121.15
1109
1070
1039
1039
1063
1094
1100.71
1118
1164
1161.46
1172
1133
1126.16
1117
1108.93
1101.94
1096.79
1093.42
1090.38
1086
1085.42
1109
1156
1117
1133
1135
1157
1171
1159.86
1078
1085.63
1086.56
1078
1080.94
1083.84
1086.86
1211
1182.73
1171.61
1195
1187
1173.61
1094
1094.98
1094
1078
1094
1102.03
1062
1070.28
1078
1079.45
1102
1125
1148
1157
1147.68
1141.05
1101
1095.53
1090.62
1086.15
1087.38
1117
1123.14
1124.3
1118
1116.79
1109
1105.07
1101.46
1063
1054
1053.95
1053.7
1056.99
1086
1094
1098.42
1101.86
1125
1117
1117
1116.22
1112.33
1108.31
1104.28
1100.28
1096.41
1125
1122.53
1125
1085
1091.63
1062
1065.39
1063.34
1078
1083
1125
1133
1117
1115.05
1109.77
1101.22
1086
1082.9
1046
1063
1061.5
1125
1130.89
1133
1125.06
1116.98
1107.76
1097.33
1087.39
1079.62
1074.39
1072.1
1094
1104.89
1109.74
1125
1102
1101
1095.2
1117
1119.03
1078
1079.11
1081.63
1102
1104.91
1099.01
1092.36
1094
1097.94
1101.61
1094
1088.46
1086.74
1070
1073.07
1075.15
1078.48
1077.57
1110
1140
1133
1086
1083.9
1078
1079.75
1063
1065.01
1066.93
1109
1115.87
1107.65
1099.5
1097.84
1096.93
1091.19
1083.96
1031
1038.62
1041.26
1047.39
1051.74
1054.41
1058.29
1141
1138.05
1122.32
1112.59
1164
1164.71
1141
1117
1118.65
1125
1110
1109
1108.29
1086
1070
1070
1072.05
1073.71
1073.66
1076.13
1047
1031
1031.98
1033.01
1035.49
1430
960
970.408
922
930
934.664
940.138
1063
1054.85
1055.53
1172
1149.63
1164
1161.56
1102
1023
1027.36
1015
1008
1000
1047
1047.29
1070
1063
1062.43
1054
1052.73
1031
1030.33
1039
1047
1044.54
1041.74
1040.62
1039.44
1037.26
1036.44
1035.75
1035.15
1039
1040.2
1041.61
1043.07
1043.23
1043.23
1041.76
1070
1064.29
1063
1047
1046.83
1000
1047.1
976
977
996.967
968
981.035
982.84
982.089
961
945
952.729
952.845
952.392
953.942
1047
1030.42
1101
1087.08
1063
1066.25
1066.58
1060.75
1056.11
1054.81
1053.85
1051.7
1049.21
984
999.38
998.4
997.196
969
978.198
981.137
981.456
946
957.61
961
959.735
953
956.271
945
947.951
961
961.715
1000
1024
1027.86
1023
1063
1061.55
1049.73
1045.13
1016
1000
996.682
1031
1031.01
1023
1019.01
1015
1014.72
1016
1012.64
1008.9
1005.77
1004.87
1004.15
1016
1013.44
1011.34
1008.64
1047
1045.88
1024
1015
1000
1002.69
992
992
1023
1032
1026.63
1020.94
1019.8
1019.97
1031
1024
1018.61
1016.33
992
977
992
969
974.015
976.417
977.815
978.561
979.86
981.907
983.364
1047
1055
1039
1047
1046.37
1039.13
992
992
990.708
953
953
961
961
965.875
972.129
1008
1015.05
1031
1028.24
1008
1003.17
1000
1008
1004.86
1000.28
997.295
993.862
989.897
984
969
1000
969
984
982.977
982.678
983.308
922
914
917.524
918.134
921.575
925.567
766
862.882
734
799.177
750
762.058
767.753
770.27
906
890.579
890.62
992
981.332
1000
998.734
1000
999.56
1023
1047
1044.41
1110
1107.82
1107.15
1110.15
1179
1180
1149
1153.46
1162.81
1023
1016
1008
1009.71
1039
1036.94
1063
1062.44
1059.39
1057.97
1054.92
1051.58
1094
1089.65
1109
1102.46
1097.2
1086
1082.25
1031
1047
1043.77
1094
1156
1149
1164
1187
1174.58
1161.5
1152.61
1142.92
1063
1066.18
1063.04
1024
1029.02
1030.61
1031.05
1034.2
1037.67
1101
1112.13
1111.32
1117
1118.88
1113.72
1070
1070.22
1067.22
1094
1070
1072.41
1094
1078
1063
1068.61
1070.86
1067.48
1023
1034.68
1039.12
1041.97
1037.7
1040.95
1045.6
1045.63
1041.64
1039
1054
1032
1036.3
1038.75
1041.4
1038.54
1040.79
984
993
1031
1030.82
1027.78
1030.38
1036.46
1037.63
1023
1028.63
1032.59
1028.38
1024.31
1008
992
997.546
999.905
1001.17
1032
1042.49
1047
1055
1048.65
1038.18
1078
1071.24
1060.56
1055.31
1051.82
1044.42
1037.94
1101
1081.8
1101
1118
1106.3
1100.19
1097.83
1086
1094
1088.74
1084.81
1055
1060.47
1057.43
1053.97
1053.48
1079
1073.64
1072.33
1074.05
1000
984
986.575
985.948
989.463
992
976
993
976
453
637.701
750.883
750.115
907
968
973.944
977.725
1211
1164
1133
1141
1148
1109
1114.48
1063
1031
1040.5
1000
1006.95
992
1016
1039
1042.99
1048.61
1055.1
1059.94
1063.87
1066.45
1102
1101
1149
1134.92
1242
1200.18
1181.87
1125
1101
1102.52
1102.62
1086
1086.48
1090.38
1125
1124
1120.55
1094
1096.59
1047
1031
1016
1000
1002.05
1047
1064.33
1077.47
1117
1128.28
1109
1103.78
1055
1051.37
1050.66
1008
1008
1008.74
1012.12
1016.81
1047
1055
1047
1048.28
1049.85
1086
1088.81
1079
1086
1084.53
1079.15
1023
1029.58
1027.03
1026.24
984
991.022
993.78
996.694
1078
1090.11
1080.52
1074.92
1068.71
1058.53
1047.69
1055
1051.09
1039
1063
1039
1040.36
1042.03
1071
1065.18
1110
1103.4
1086
1082.62
1076.56
1068.74
1062.94
1046
1043.53
1040.38
1037.73
1037.71
1047
1054
1039
1024
1027.34
1008
1016
1014
1014.65
1016
1016.91
1031
1033.93
1038.44
1042.49
1046.14
1047
1049.44
1008
1022.81
1019.75
1019.64
1021.91
1023.74
1025.48
1007
1015.32
1014
985
998.487
996.727
961
969
969
967.247
970.095
972.221
1008
1003.4
1006.46
1008.72
993
998.699
997.723
994.719
995.254
995.588
1016
1010.17
1008.58
1009.2
1000
1002.15
984
986.955
985.816
969
976
975.79
507
667.335
765.037
756.751
765.304
782.645
883
891
922
961
968
954
945
949.319
882
883
953
946.051
1062
1110
1125
1118.11
1118.07
1110
1111.19
1102
1101.99
1103.91
1106.65
1110.67
1047
1048.4
1051.97
1048.41
1041.85
1000
1002.08
1004.14
1003.55
1003.11
1172
1180
1138.36
1124.11
1114.04
1063
1053.1
1141
1226
1189.44
1258
1245.97
1217.37
1204.28
1197.22
1183.19
1170.66
1163.78
1158.52
1117
1114.43
1156
1155.83
1149.32
1142.71
1141.07
1094
1078
1094
1094
1097.31
1100.42
1078
1083.5
1078
1077.66
1077.73
1102
1109.84
1117.69
1125.37
1131.6
1135.72
1136.75
1135.3
1131.69
1039
1064.39
1000
1004.32
1016
1024.03
1039
1050.55
1078
1055
1066.79
1068.83
1023
1037.38
1037.51
1037.36
1016
984
993.598
1071
1068.18
1062.8
1070
1071
1063.05
1058.09
1056.98
1050.42
985
976
979.493
1000
992
997.327
1006.34
1047
1045.26
1038.92
1039
1040.25
1033.48
1024.36
1016
1015
1011.1
1005.79
1015
1016
1000
1016
984
992
993.237
993.566
961
972.446
875
927.918
923.19
851
917.743
906.917
1273
1086.07
1064.58
1059.24
1141
1102.8
1090.86
1091.25
1016
1025.02
1030.01
1028.38
1000
1015
1019.85
1019.67
1019.36
1020.12
1021.69
1023
1117
1078
1071
1069.73
1094
1084.36
1077.81
1073.72
1070.38
1055
1055
1052.74
1050.29
1049.27
1049.47
1050.01
1164
1113.54
1282
1257
1207.54
1195.64
1203
1194.42
1183.83
1177.75
1070
1083.52
1082.67
1081.69
1093
1094.52
1086
1088.52
1071
1073.24
1073.09
1072.78
1072.76
1073.12
1073.69
1074.37
1075.06
1075.77
1076.43
1077.33
1024
1053.29
1052.31
1053.13
1057.03
1032
1023
1030.36
1054
1049.18
1047
1047
1051.41
1053.14
1015
1029.25
1000
1004.18
1005.25
1047
1044.94
1044.28
1023
1008
992
977
984
986.411
991.21
996.077
1171
1172
1141.48
1126.35
1133
1119.43
1094
1081.45
1047
1008
1039
1049.79
1052.23
1047.63
1044.12
1042.07
1078
1076.71
1068.14
1059.39
1054.6
1052.65
1048.78
1086
1086
1086
1062
1094
1090.85
1062
1066.72
1039
1047
1039
1039
1039.1
1047
1047.37
1047
1047.48
1071
1071.34
1068.37
1078
1078
1074.59
1071.71
1069.93
1067.58
1064.57
1062.53
1078
1075.09
1073.41
1078
1077.83
1078
1076.81
1076.08
1075.73
1070
1069.71
1070
1078
1076.28
1075.61
1063
1066.55
1070
1070.13
1078
1078
1063
1066.95
1068.75
1070.19
1069.66
1039
1051.56
1053.65
1054.86
1053.39
1052.11
1055.55
1024
1042.06
1041.54
1008
1026.18
1031
1027.91
1029.57
1032.14
1070
1079
1071.74
1069.58
1072.47
992
1000
1004.93
1001.86
1039
1055
1039
1023
1016
1008
1010.14
1000
1003.62
1005.64
1007.18
977
984.884
986.19
1000
1002.85
1005.25
1008.41
1010.23
1047
1045.08
1040.19
1034.94
1031.01
1000
1001.93
992
993
991.975
976
980.568
982.147
1016
1026.28
1062
1047
1024
1039
1040.24
1008
1009.76
1011.58
1009.4
1039
1039.7
1094
1083.94
1071.54
1065.31
1039
1024
984
984
984.841
961
953
954.772
1000
1023
1028.84
1039
1071
1073.11
1062
1056.52
1050.77
1041.46
1008
1004.44
1001.97
1000.04
1000.93
984
986.17
987.862
1024
1008
1008.12
1011.18
1012.73
1047
1044.68
1039.39
1047
1043.82
1037.95
1047
1047
1043.34
1040.22
1040.18
1039.48
1037.32
1035.03
1078
1068.96
1031
1033.49
1034.64
1034.08
1032.37
1039
1036.39
1035.48
1078
1063.44
1057.07
1054
1063
1055.93
1050.95
1051.42
1052.36
1024
1032.27
1034.45
1034.92
1055
1054.93
1051.08
1048.9
1047.9
1039
1031
1024
1039
1041.96
1039
1040.61
1042.38
1015
993
1039
1042.22
1172
1117
1125
1117.26
1107.56
1097.85
1088.53
1000
977
969
968.551
971.385
975.808
981.371
1000
1016
1026.45
1062
1071.4
1046
1045.73
1008
1001.07
998.083
1000
1054
1062.36
1023
1019.59
1023.56
1024.96
1023.5
1021.07
1019.08
1018.72
1016.25
1012.37
1008.62
1005.56
1023
1022.83
1021.01
1133
1125
1097.74
1110
1100.66
1140
1125
1109.97
1086
1084.27
1047
1042.67
1062
1066.59
1067.94
1055
1070
1071
1072.34
1067.61
1063.56
1063
1062.11
1059.33
1056.8
1055.5
1055.38
1055.02
1054.48
1055
1056.25
1057.5
1057.81
1059.4
1059.64
1062.05
1071
1071.69
1069.47
1066.53
1016
1080.83
1023
1024
1039
1047
1039
1016
1007
1000
1039
1032.26
1031.23
1070
1060.34
1058.48
1058.71
1024
1031.83
1034.39
1023
1026.27
1027.71
1027.33
1028.72
1028.84
1055
1047.96
1039
1016
1008
1010.86
1012.57
1023
1025.49
1026.58
1027.06
1026.21
1024.74
1023.58
1022.06
1021.3
1021.6
977
1000
996.271
995.652
997.896
998.438
1000.57
1000.85
1001.99
1002.33
1002.83
1002.97
1000
1008
992
1001.83
1000.37
999.27
1000.78
1016
1008
1009.76
1011.23
1000
1006.56
1005.6
1005.22
1004.98
1005.11
1005.15
1004.96
1004.6
1004.51
1004.34
1004.09
1003.94
1003.79
1141
1010.84
1010.11
1012.3
1078
1040
1025.48
1008
1016
1000
1003.89
1004.98
1003.5
1004.52
1005.05
1005.94
1007.12
1007.22
1008.5
1008.19
1009.52
1023
1016
1008
1012.04
1023
1019.1
1023
1032
1047
1045.57
1062
1057.46
1052.97
1050.39
1047
1044.24
1041.66
1086
1078.33
1070.22
1064.51
1000
1000
977
979.106
979.998
1000
1009.32
1039
1051.1
1054.17
968
982.458
899
902.168
898
961
987.791
1055
1068.37
1078
1072.07
1016
992
986.666
983.448
983.756
985.77
937
944.029
961
971.932
979.854
976
969
992
1008
1004.02
985
982.201
982.585
980.042
974.417
930
936.209
922
925.55
922
923.75
927.59
932.416
1008
1016
1006.93
999.578
993.504
986.648
953
947.09
945
914
916.705
968
985.258
969
968.148
970.935
965.307
946
961
961.534
955.687
951.114
949.762
946.796
942.85
977
974.553
1008
992
987.155
1000
977
969
970.834
914
906
906.887
905.664
906.879
910.956
913.813
968
977.341
1000
1000
995.792
961
959.558
954.287
898
907.493
890
907
912.821
930
953
922
928.315
914
910.112
909.943
908.484
875
883
891
929
935.329
937.173
934.946
931.845
926.954
906
906
902.97
922
928.158
890
883
886.472
883
883.482
875
876.993
878.899
880.43
882.435
884.257
867
867
860
867
867.28
868.355
869.635
871.339
873.786
876.24
898
902.694
901.832
898.498
899
906
890
889.119
890.422
859
866.057
843
844
836
837.941
867
914
922
917.138
913.731
945
946.636
937.055
929.92
867
868.722
828
826.208
826.602
829.107
833.58
838.975
844.854
850.446
961
962.368
953
914
914
883
873.158
867.168
860
867
875
879.823
883.818
886.333
1000
992.552
975.496
960.99
949.536
953
943.698
931.971
922.607
915.255
908.525
902.417
897.448
893.962
892.343
892.662
953
957.046
949.861
939.387
930.362
922.909
916.026
922
918.682
913.769
953
956.219
949.86
1000
976
985
980.891
961
957.093
953.338
947.243
1008
994.382
984.591
1008
1001.19
990.89
987.054
981.827
975.945
972.046
1000
991.722
987.352
986.043
984.65
981.577
805
773
850.554
882.319
804
852.325
945
1000
985.779
990.337
984.803
976.501
1102
1072.59
1050.78
1055
1045.41
1078
1063.47
1078
1073.12
1101
1091.34
1093
1092.67
1091.83
1091.29
1089.97
1032
1007
1012.04
993
992.629
992.637
992.903
977
981.557
981.577
982.009
982.908
983.527
984.998
961
1000
1015
1018.82
1015
1018.91
1022.36
977
986.025
985.609
953
965.38
967.093
969.25
972.558
977.066
1015
1024
1047
1031
1047
1042.35
1032.83
1027.08
1020.83
1013.54
1008.17
1004.16
1234
1120.47
1195
1195
1133
1071
1072.09
1073.38
1065.3
984
1005.56
1013.9
1000
1001.62
1005.62
1023
1024.02
1023.42
1023
1026.04
1026.47
1000
1008.07
1008.99
992
1016
992
1000.51
1001.72
1003.02
1023
984
1024
1020.69
1019.25
1018.73
1019.75
1020.03
1203
1102.98
1083.42
1075.88
1069.98
1065.2
1061.78
1024
1015
1015.98
1013.85
1062
1070
1063.94
1058.93
1053.96
1049.65
1045.35
1042.01
1023
1024.65
1023.4
1022.74
1047
1046.7
1031
1033.29
1039
1039
1040.23
1041.29
1016
1022.02
1024
1007
1010.9
992
961
985
1000
1003.37
1009.09
992
999.368
1001.32
1000.63
1007
977
987.437
989.271
987.394
1047
1041.33
1037.07
1035.96
1027.39
1018.62
1078
1061.57
1051.64
1046.17
1039.61
1000
1004.45
1003.5
976
977
978.53
978.891
981.235
984.451
986.646
1055
1049.09
1041.62
1038.09
1031.4
1023
1016.14
1009.87
1006.66
1005.53
1005.59
1078
1065.89
1057.83
1051.73
1045.37
1037.16
1029.95
1023.9
1062
1057.61
1054
1024
1019.74
1016
1014.5
1012.79
992
1047
1044.47
1040.25
1000
1016
1055
1049.79
1040.13
1086
1079.76
1068.89
1061.21
1063.68
1064.28
1056.17
1054
1051.49
1039
1034.94
1034.35
1086
1031
1031.57
938
859
821
797
781
782.989
787.532
793.564
799.903
805.809
811.856
816.72
821.055
825.25
859
868.102
851
828
805
812.839
816.489
820.657
823.541
826.985
830.986
835.115
1094
1017.65
977.443
957.618
945.461
931.213
1141
1056.21
1149
1076.54
1040.55
1093
1094.49
1117
1101.97
1091.11
672
812.377
922
890
888.734
921
930
932.09
933.084
933.763
934.355
933.993
933.719
937
915
923.746
1015
1078
1188
1154.48
1297
1258
1211
1172
1174.74
1174.09
1071
1078.01
1085.01
1087.62
1087.03
1235
1227.73
1195.99
1156
1154.73
1154.02
1146.53
1000
1047
1066.22
1148
1137.23
1128.66
1129.28
1123.81
1110.32
1100.98
1070
1070.51
1016
1047
1055.23
1061.17
1061.36
1063.84
1133
1133
1120.48
1078
1086.97
1093.19
1047
1052.37
1057.35
1055
1117
1116.78
1103.88
1098.47
1093.31
1084.4
1076.36
1070.83
1101
1099.18
1039
1055
1117
1103.55
1082.32
1081.64
1088.64
1172
1125
1085
1087.67
1094.68
969
1000.12
1021.34
1180
1211
1180
1179
1164
1165
1125
1078
1054
1052.76
1052.81
1007
1016
1025.38
1036.47
1070
1055
1062
1180
1265
1219
1184.03
1170.33
1148
1134.58
1120.26
1125
1125
1116.92
1111.59
938
945
961
978.271
922
906
913.323
852
859.284
797
797
797
805
808.352
812.898
817.53
805
813
817.886
805
816.022
774
807.006
810.204
750
750
789
790.067
793.007
798.146
804.188
808.418
811.726
875
864.193
856.532
868
859.883
849.011
844.879
838.389
1086
963.044
911.602
900.216
1109
1005.6
1062
1004.15
1046
1000
998.734
1078
1101
1066.23
1053.5
1053.67
1054.21
1052.59
1141
1086
1076.4
1076.29
1023
993
976
977.677
976.38
975.245
859
891.588
781
798.531
758
763.956
768.9
727
703
695
688
693.05
696.471
701.049
706.002
711.39
716.599
721.598
726.849
805
814.159
984
976
974.734
974.108
974.345
1110
1156
1118.91
1093.34
1089.53
1096.35
1107.79
1109
1070
1157
1168.69
1159.16
1155.07
1159.85
1166.76
1171.2
1171.33
1170.35
1171.65
1093
1098.36
1103.27
1099.47
1047
1051.67
1007
977
979.951
981.085
977
981.389
984.882
1117
1110
1218
1205.05
1194.14
1117
1118.53
1119.56
1118.29
1117.03
1116.79
1180
1117
1116.59
1121.33
1109
1105.84
1125
1102
1101.47
1102.4
1101
1099.5
1016
1062.55
1156
1133.13
1211
1187
1174.02
1171.21
1117
1123.18
1122.92
1114.87
1110.63
1070
1078
1039
1043.28
1043.02
1132
1130.43
1125
1122.87
1119.41
1112.83
1107.11
1101.71
1039
1048.99
1078
1039
1023
1029.4
1031.07
1156
1133
1129.72
1101
1093.52
1084.98
1075.26
1047
1045.38
1045.59
1046.78
1048.45
1049.44
1133
1102
1055
1000
1003.41
1004.97
1009.17
1013.5
1156
1131.13
1179
1166.05
1148.46
1110
1098.92
1109
1103.99
1097.72
969
988.408
994.869
1000
1005.41
1009.38
1266
1266
1296
1255.79
1234.56
1195
1177.2
1109
1098.04
1094.83
1089.46
1085.95
1084.69
1085.04
1070
1047
1050.05
1024
1028.27
1125
1117
1149
1164
1180
1171.61
1159.94
1150.34
1141
1132.57
1062
1094
1092.12
1096.16
1100.49
1062
1072.97
1072.79
1140
1134.99
1130.48
1032
1050.49
1052.76
992
1039
1041.75
1041.36
1044.69
1050.28
1179
1164
1141.51
1101
1103.86
1024
1023
1023.69
1039
1046.06
1093
1099.94
1091.28
1110
1054
1050.28
1024
1021.18
1021.09
1022.42
1007
1063
1064.7
1102
1097.03
1089.45
1081.54
1071.71
1063.53
1059.27
1057.53
1016
1022.99
1024
1026.17
1055
1039
1043.92
1047
1044.83
1044.04
1062
1071
1039
1043.71
1188
1226
1152.46
1133
1156
1148.64
1109
1103.27
1102
1099.71
1133
1124.91
1117
1133
1132.37
1123.53
1086
1086.92
1089.87
1089.63
1071
1015
1025.51
1016
1019.58
1019.89
1020.6
1024.25
1235
1210
1178.62
1170.59
1125
1114.17
1101
1093.94
1088.83
1085.97
1084.6
1071
1117
1120.56
1070
1071.83
1076.05
1125
1141
1086
1015
985
976
976.764
980.388
984.101
1196
1170
1149.16
1144.79
1140.94
1172
1159.32
1142.84
1133.52
1128.38
1109
1133
1127.82
1149
1101
1086
1039
1038.59
1038.44
1040.13
1055
1060.57
1133
1138.25
1135.04
1156
1151.71
1133
1124.72
1119.66
1114.4
1111.9
1101
1094
1093.12
1102
1105.55
1108.76
1110.06
1063
1071.37
1071.22
1023
1038.58
1047
1118
1116.46
1172
1166.97
1152.84
1144.29
1135.9
1126.7
1055
1060.95
1061.3
1148
1149.28
1139.58
1149
1145.82
1129.88
1119.8
1015
1027.29
1028.96
1030.12
1034.6
976
1024
1029.24
1028.08
1172
1219
1184.34
1177.44
1218
1180
1168.62
1169.74
1132
1094
1039
1024
1062
1077.1
1094
1078
1078.17
1080.15
1078.83
1074.73
1073.3
945
984
985.782
988.215
991.352
995.984
999.96
1257
1191.13
1169.47
1163.51
1155.1
1139.9
1127.86
1156
1145.82
1131.52
1121.06
1115.91
1108.35
1078
1062
1063
1062.28
1141
1126.06
1116.38
1203
1180
1162.91
1094
1094.64
1093.33
1088.67
1086.53
1086.34
1088.7
1141
1148.21
1125
1117
1119.34
1119.47
1111.49
1046
1063
1067.18
1133
1128.94
1114.05
1110.5
1203
1185.86
1154.44
1142.85
1143.06
1094
1092.58
1078
1078.33
1078.64
1078.5
1141
1109
1100.82
1104.02
1107.35
1054
1062.73
1066.88
1071.38
1067.81
1071.22
1211
1160.82
1133.4
1235
1206.55
1196
1140
1141.29
1143.22
1132.2
1124.86
1039
1065.74
1032
1034.07
1034.98
1054
1047
1050.53
1039
1043.32
1044.17
1044.29
969
999.735
1062
1057.06
1078
1086
1102
1105.45
1078
1082.67
1046
1049.25
1063
1060.25
1061.23
1000
1016
1019.58
977
988.69
1063
1053.38
1179
1149
1054
1064.49
1066.11
1141
1179
1141.51
1122.5
1117.23
1109.06
1094.08
1141
1136.82
1086
1088.49
1095.83
1090.4
1079.65
1079.03
1081.37
1078.46
1125
1114.33
1103.03
1097.21
1016
1043.04
1046.04
1023
1133
1123.24
1114.56
1179
1165.81
1152.14
1152.08
1147.79
1110
1116.05
1115.82
1101.94
1101.19
1105.57
1156
1142.1
1141
1137.71
1128.49
1149
1164
1133
1132.67
1133
1094
1100.37
1099.64
1096.01
1096.05
1099.73
1117
1121.29
1120.1
1164
1141
1117
1120.45
1123.01
1119
1055
1068.72
976
1001.17
1001.69
1006.78
1258
1195
1187.16
1183.28
1250
1226
1202.66
1110
1109
1110.35
1109.19
1104.64
1094
1095.22
1097.47
1078
1077.95
1093
1094.96
1094.43
1094.02
1095.49
1047
1047
1039
1040.05
1015
1031
1030.48
1101
1112.29
1148
1148.58
1147.21
1146.6
1142.66
1062
1067.27
1063.81
1008
1024.26
1025.59
1026.51
1034.32
1328
1343
1220.12
1206.8
1191.1
1313
1260.29
1220.42
1201.82
1078
1031
1031.96
1008
1031
1040.99
1046.48
1000
1005.63
1055
1070.91
1046
1044.73
1109
1124.18
1122.92
1149
1149.77
1147.31
1138.5
1117
1116.17
1116.71
1115.23
1112.66
1140
1140.67
1086
1089.43
1102
1099.49
1031
1042.81
1050.32
1016
1021.1
1029.45
1029.97
1015
1022.83
1040
1038.62
1039.29
1045.59
1051.47
1052.45
1053.58
1058.17
1187
1164
1136.55
1130.24
1078
1102
1109
1109
1093.89
1070
1074.94
1079.22
1077.09
992
922
922
961
987.749
1164
1219
1161.25
1250
1250
1211
1187
1110
1101.78
1102
1097.22
1095.41
1096.14
1062
1125
1131.93
1133
1122.69
1120.98
1141
1149
1140
1102
1101
1063
1062.64
1133
1125.71
1118.85
1116.12
1141
1152.22
1149.96
1141.9
1063
1101
1105.34
1109.02
1100.42
946
970.691
988.203
1001.5
1003.13
1001.86
1013.33
758
757
783.333
814.8
843.29
719
719
763.728
817.549
664
692.375
641
665.701
625
639.349
655.931
625
641.399
653.163
662.677
669.546
674.921
679.43
683.027
758
750
749.697
749.487
750
751.656
750.39
718
720.586
721.32
720.054
716.655
714.725
715.212
715.939
714.123
750
740.895
736.51
733.449
731.241
727.709
723.589
719
715.785
713.147
719
717.423
718.159
719
726
711
716.52
716.112
715.318
716.068
715.957
797
766
749.931
711
713.168
695
680
695
697.484
705.229
712.257
828
821
795.716
784.822
851
837.832
797
787.687
788.791
783.559
772.67
765.037
762.472
760.3
755.473
751.394
750.768
750.631
828
816.226
851
852
844
836
804
821
815.689
781
780.917
719
711
710.017
710.191
711
797
781
783.56
742
744.43
743.963
727
734
719
734
733.096
735.39
679
719
715.929
718.033
721.999
766
761.861
758.97
755.553
751.724
774
765.703
711
750
745.289
719
695
703
706.345
688
694.965
656
656
657.692
659.91
703
719
774
768.456
758.997
756.385
758
749.027
740.259
738.383
734.002
729.51
687
680
680.086
682.465
641
648.657
649.911
586
578
594
597.512
606.077
614.578
622.361
628.153
649
652.512
648
653.44
664
667.773
670.471
672.595
675.645
678.082
679.012
679.18
742
727
703
698.403
699.877
672
674.322
687
680
676.134
703
726
715.538
706.588
703.151
699.423
692.918
703
699.726
693.764
695
694.11
688.55
685.14
684.411
719
711.253
704.078
701.157
700.558
727
750
737.07
727.37
723.173
742
743.482
738.185
729.926
725.585
734
737.04
727
722.306
727
730.322
730.092
742
734.378
730.922
719
720.921
721.949
735
758
765
751.601
743.042
739.308
789
797
797
765
754.525
752.96
758.72
742
742
737.949
734.552
734.78
711
716.612
717.954
695
701.433
679
680
680.923
656
661.929
633
639.019
617
633
629.778
632.779
636.773
639.946
644.107
647.873
968
961
832.304
816.674
875
864.014
837.161
819.561
914
913.681
883.727
863.814
976
975.519
930
914.159
918.817
907
929
1024
1023
991.865
974.744
973.593
970.608
985
971.544
960.425
961
956.842
1071
1030.19
996.428
1016
1017.28
1023
1000
989.01
922
927.887
922
925.442
928.491
930.828
933.074
1000
1006.7
945
891
906
911.872
921.148
1015
1018.06
1002.17
992.148
969
956.334
946.283
940.371
939.352
939.247
939.008
1078
1094
1060.77
1055
1040.23
1023.68
1007.12
992.935
981.471
971.546
1015
1019.59
914
918.464
921.574
925.713
929.173
929.893
851
860
860.19
882
889.685
891.143
867
890
895.934
860
906
891
897.707
828
851.826
854.953
828
867
883
883.594
882.562
882
887.022
886.766
836
875
874.374
867.098
864.227
869.982
852
857.79
820
832.862
774
787.475
743
726
711
703
703.915
704
706.643
704
707.289
708.601
710.029
860
854.084
890
883
914
961
938
945
944.54
943.973
943.483
942.654
942.401
942.706
797
840.134
742
744.527
746.201
750.321
755.01
758.95
762.716
883
879.53
878.264
876.998
876.801
859
855.116
854.192
890
887.898
886.632
886.29
914
914
909.984
907
890
899
898.538
836
850.057
851.749
849.101
851
899
892.967
883
906
901.235
889.807
875
880.427
881.156
874.089
871.025
875.243
874.012
875
883
937
961
935.178
928.726
953
930
920.216
917.851
844
862.61
864.162
836
844.856
849.518
850.957
891
914
883
836
842.348
843.925
846.019
849.473
853.47
758
773
774.012
781
789
798.228
807.012
814.099
867
899
929
917.313
906.896
902.944
1008
977
937
852
853.592
865.919
878.24
876.974
866.645
812
828
837.347
849.244
828
813
789
765
774.368
766
758
757.122
757.139
758
762.62
764.482
774
775.92
735
744.113
744.207
753.487
891
886.902
953
937.305
919.63
910.068
901.948
766
769.207
768.393
768.807
770.225
773.404
703
687
703
680
688.371
695
696.97
735
737.43
740.981
821
821.082
819.816
818.549
860
855.423
847.206
789
795.539
743
718
718.281
679
696
703
712.382
720.863
729.246
781
789
785.588
780.152
774
766.921
743
711
710.329
709.751
712.101
716.018
656
672.911
672.689
641
650.807
652.121
664
680
718
729.351
728.301
726.208
766
757
750
745.886
744.554
740.288
671
685.118
641
641.363
640.904
641
679
703
708.61
789
796
781.703
771.78
761.125
746.39
733.59
836
814.457
797
790.412
711
712.417
712.193
709.712
711.503
716.536
719.816
720.327
720.673
890
891
840.816
906
852
833.173
820
804.815
805
796.866
766
764.273
763.375
761.839
761.172
760.728
711
703
734
735
739.513
740.734
828
843
827.078
818.631
814.529
843
833.034
826.048
827.247
843
839.925
833.651
831.378
922
903.136
906
860
857.47
781
789
790.541
734
747.219
751.886
755.214
774
796
782
785.21
836
839.421
834.139
805
808.82
765
768.834
768.52
742
734
735.935
737.011
757
764.131
773.212
773
776.545
777.68
777.548
774.178
679
703.753
648
651.631
633
637.583
640.919
645.087
650.407
742
758
765.469
767.317
769.302
769.598
789
782
778.19
777.02
774.255
710
716.053
715.201
714.105
715.657
688
726
719
758
773
789
781.625
775.07
821
810.612
798.935
791.482
734
735
726
724.946
711
716.149
717.97
719.336
722.109
724.298
726.687
728.488
703
711.627
710.645
695
699.71
698.899
700.003
701.632
703.335
750
766
734
738.387
741.477
719
722.71
719
742
736.435
727
728.206
727.541
750
741.87
735.853
734.049
734.035
731.799
688
700.07
656
658.848
658.886
661
664.137
632
641
642.181
687
690.962
695.855
680
672
679
680.221
681.359
681.708
656
662.348
610
618.291
618.614
622.806
627.612
734
728.894
720.033
898
842.708
954
906
992
959.668
812
789
795.488
794.222
792.956
793.194
695
710.913
715.938
716.853
718.106
721.284
725.901
641
677.44
680.94
681.072
594
636.679
593
594
586
602
640
644.156
648.404
654.287
660.378
789
780.717
766.413
762.732
763.016
760.582
695
700.653
641
640.897
610
601
603.119
586
590.816
593.091
595.89
563
571.923
570
570.691
571.578
571.951
601
602.156
609
617
619.942
610
614.644
586
586
587.203
588.429
590.593
593.999
596.657
633
630.493
626.591
622.556
617.656
611.039
860
710.185
678.224
671.218
734
704.175
689.763
684.232
711
711
702.287
694.691
718
714.886
687
687.673
664
667.606
633
633
633
648
644.577
625
625
630.281
632.094
609
613.559
578
590.244
609
612.715
615.911
620.449
657
671
669.86
711
712.003
702.637
695.102
693.079
711
705.361
696.252
693.413
641
664
687
821
774.233
890
930
883.772
867
914
908.406
828
781
790.496
796.924
719
720.982
734
727
750
753.258
756.113
757.837
797
796.11
765
764.221
758
750
746.852
746.596
719
718
688
695
694.997
696.936
695
781
805
801.065
844
839.478
825.986
820
797
787.41
766
758.832
754.266
742
742.356
742.576
744.268
773
779.041
782.693
782.976
743
747.008
743.878
750
751.113
751.488
734
737.971
736.638
703
695
694.767
695.878
672
688
689.965
671
678.547
680.94
682.976
685.617
664
672
673.659
675.283
672
672
675.723
677.65
672
676.728
678.787
656
667.862
668.036
657
640
649.171
651.347
648.682
680
687
679.418
682.02
672
667.755
669.896
668.207
758
717.13
708.27
706.024
719
709.882
719
735
727.812
750
743.978
766
758
753.378
753.821
752.067
750.614
748.085
746.612
745.579
743.821
789
797
786.099
797
793.771
791.168
787.421
804
508
1055
867.146
711
720.176
703
732.078
731.935
736.083
704
734.517
737.028
750
749.6
734
743.963
727
739.505
742.702
743.416
687
656
672
672
688
687.731
696.239
773
768.423
764.525
758.873
742
735.487
726.335
717.161
687
687.533
687.976
691.344
765
772.913
761.731
752.724
743.133
729.801
797
781
766.216
774
770.381
726
723.63
711
704.875
734
741.643
742.488
773
813
820
805.272
794.706
786.386
776.006
765.379
756.888
749.428
742.471
739.099
742
744.206
746.953
743
742.687
766
771.891
750
747.588
743
742.311
740.221
737.811
736.705
736.983
737.166
742
742.571
744.566
719
738.055
736.372
738.383
672
737.532
729.048
725.284
649
718.791
709.27
672
685.198
696
703
694.453
697.228
704.262
705.336
701.312
702.411
707.748
672
688.432
695
694.322
686.75
693.224
700.551
726
719
706.393
695
707.22
709.754
703
687
696.453
696
711
711
726
711
719
734
727.049
717.776
716.835
719.869
735
734
722.885
716.818
734
735.922
729.459
719.84
717.828
750
758
747.509
737.269
735
718
718.982
718.384
711
703
705.08
735
737.725
729.885
723.178
725.122
766
750
726
722.034
728.551
743
726
720.156
734
741.433
750
736.082
797
797
773.54
782
765
758.414
742
741.995
744.773
727
725.726
742
744.774
738.118
735.615
774
772.798
757.728
753.46
758.357
755.883
743.129
750
754.312
750
741.486
746.136
758
758
773
773
790
780.954
771.409
836
836
828
836
830.013
789
742
758
759.775
742
773
821
867
846.082
837.211
867
862.42
844.412
834.877
831.777
821.879
758
742
743.887
745.208
750
753
759.186
764.151
734
739.32
740.971
735
736.171
738.01
740.091
719
724.218
719
726
727.05
730.51
734.238
726
727
726
727
728.937
726
735
742
750
750
765
743
745.08
746.304
744.651
774
767.641
763.989
758
766
757
750
748.95
742
740.982
740.111
727
719
742
726
730.392
731.565
731.04
742
739.464
742
726
742
738.412
719
728.016
727.817
719
723.124
724.282
723.838
726
726.63
727.91
728.796
729.754
680
708.441
706.603
704.296
671
695.934
692.951
691.273
734
724.555
723.351
727.165
724.545
750
742.223
718
727
727
722.685
721.908
722.86
750
740.376
773
762.224
757.961
756.582
742
744.319
740.908
711
711
709.145
703
705.405
706.829
719
721.334
724.623
727.182
742
711
719.845
696
695
693.667
692.706
694.395
687
719
734
736.45
766
767.184
757
752.311
735
734
729.962
726.146
703
704.934
695
695.413
696.671
698.164
700.784
703.357
706.208
735
734
726
735
735.813
732.937
729.49
710
709.15
711
711
695
699.879
701.835
704.722
706.1
711
713.301
750
747.303
739.039
774
771.846
797
782.923
797
792.192
784.588
780.681
719
736.622
732.941
687
672
703
710.458
715.47
721.02
719
721.987
722.212
719
687
695.52
672
656
672
668.26
673.104
617
641
625
627.689
578
586
578
579.972
617
679
689.172
689.684
691.569
691.818
710
706.837
703.467
742
742
732.534
711
712.83
672
670.6
667.451
617
622.684
617
618.224
621.969
625.2
657
640
643.592
645.573
643.838
642.42
641.332
648
647.754
640
649
648.678
651.158
653.359
655.273
657.188
659.324
661.193
662.427
662.684
662.871
664
679
675.954
672
670.176
669.751
672
670.505
640
645.129
645.808
647.346
648.795
632
637.728
625
641
639.699
625
625
627.995
629.859
629.14
617
621.331
609
617
615.561
615.991
610
617
618.823
656
652.399
657
651.023
688
686.017
680.044
687
672
670.635
668.046
656
653.916
651.267
648.862
648.269
633
636.364
634.499
634.582
680
672
664
664.532
656
648
641
639.252
641
641.974
643.838
645.115
649
650.58
652.438
653.991
653.562
671
688
682.508
711
707.608
719
703
698.165
695.186
691.268
687.894
684.557
649
655.294
687
690.018
757
744.076
734.156
726.753
812
805
783.043
750
727
728.356
730.53
727.548
710
705.211
708.248
712.663
714.687
703
699.278
702.152
706.249
708.148
774
761.485
748.818
738.6
742
740.993
732.815
711
707.289
707.432
828
789.665
930
866.891
837.837
826.933
820.436
814.071
806.021
813
806.175
800.231
789
786.144
783.903
734
727
726.979
726.482
742
744.451
747.96
821
817.246
813.645
808.408
828
821.292
811.798
726
711
710.634
710.479
703
705.743
703
704.015
758
777.622
813
851
867
854.993
839.941
868
863.794
851.761
773
750
742
740.726
734
750
762.902
766
769.582
772.708
773.611
812
814.514
789
785.324
784.601
727
733.536
664
672
671.184
675.375
703
716.564
730.424
741.085
749.373
756.24
1024
886.766
856.783
846.894
833.608
821.036
758
742
726
725.256
703
707.511
712.741
711
714.553
717.806
720.245
695
702.358
703.814
844
843
867
891
859
843.335
836
829.031
812
806.903
734
734.802
734.143
734
736.477
719
721.747
722.187
723.408
724.911
726.088
758
758.96
760.477
761.556
762.97
763.015
762.589
762.157
625
702.794
641
641
671
666.017
813
836
836
829.375
813
797
788.466
780.597
773.836
768.151
742
742.01
738.54
736.62
695
704.59
702.951
758
748.372
748.687
750.221
749.364
883
833.018
807.99
799.24
791.907
782.83
774.182
769.375
768.662
768.368
680
648
664
680
696.081
706.514
695
701.795
709.025
711.779
679
657
661.345
662.149
663.021
663.852
665.357
672
674.154
696
718
724.149
742
766
758
747.771
742
736.589
728.814
721.735
711
703
699.603
672
679
676.524
648
656
633
635.877
632
657
658.246
648
649
651.528
652.787
653.535
641
645.45
625
630.847
631.581
632.312
633
635.268
656
658.076
680
672
672.21
664
656
649
645.725
643.67
625
627.85
633
636.316
639.28
642.221
644.62
645.252
664
665.886
662.545
640
642.118
641.414
633
633
634.163
664
664
658.041
652.95
664
648
644.301
645.371
633
633.259
634.498
635.843
634.984
672
648
664
663.066
660.352
680
676.922
703
719
734
726.747
743
734
730.532
727.756
711
695
693.719
690.471
689.397
690.806
719
715.153
715.404
718
716.359
711
709.063
705.814
750
765
756.241
748.542
750
735
711
707.293
680
664
663.418
663.43
667.062
672.738
711
733.715
739.406
740.994
813
828
808.435
794.562
785.985
820
817.143
805
794.822
794.415
750
727
727.159
703
704.478
705.43
781
793.944
788.655
780.342
775.992
922
922
891
836
821.933
821.617
782
757
766
773.691
758
757.789
761.315
766.154
767.082
765.486
764.543
750
750.249
750.344
749.786
758
757.125
757.379
735
743.393
719
732.798
758
759.496
766.455
867
851.812
839.372
828
817.805
805.889
794.958
750
747.412
744.712
747.034
751.167
756.32
761.48
765.492
719
731.006
711
687
690.682
690.879
693.625
697.056
700.603
703.944
707.199
709.768
712.219
714.466
742
750
756.849
762.368
766.583
769.514
771.339
772.646
719
718
766
764.027
828
811.413
797.97
891
877.603
852.863
907
900.038
877.252
870.588
476
1070
911.983
734
744.603
753.6
680
710
719.973
722.419
724.63
730.155
737.513
742.679
746.534
749.783
727
703
724.355
725.156
726.882
735
773
772.036
773.559
778.464
836
830.048
813
812.62
812.275
812.379
766
750
750
748.43
746.695
726
727
729.378
731.834
773
781.111
777.11
774
773
768.183
761.984
757.321
753.538
750.266
687
715.178
703
711
766
812
811.358
820
836
825.183
815.62
807.411
796.729
758
750
744.03
727
729.236
729.044
731.076
734.068
640
691.921
703
711.149
750
805
867
867
854.22
844.494
831.507
816.796
758
757.441
711
719
718.47
695
702.136
704.64
707.35
710.513
712.868
715.053
716.414
765
774
773.608
769.051
766
761.899
781
778.665
797
781
774
765
758
766
764.54
762.766
761.048
760.397
761.049
761.693
851
883
847.343
825.445
875
859
836
829.813
823.022
774
797
804
802.834
789
792.076
796.012
782
781.218
782.739
765
774
773.597
774.694
775.417
776.232
777.105
758
750
751.955
751.746
727
738.58
739.6
741.519
745.005
747.956
751.133
750
753.219
753.825
797
805
800.717
797.511
766
766.041
764.929
762.465
761.013
688
720.559
718.38
836
891
853.487
835.344
827.311
816.944
804.867
792.884
782.898
775.149
735
734.551
719
719.259
720.762
722.749
724.933
773
750
750.228
752.567
742
740.871
742
740.965
805
805
804
794.657
791.113
792.943
792.801
790.004
766
734
734.038
789
792.085
821
809.801
797.244
790.87
791.044
791.829
787.865
773
767.155
812
814.148
808.367
797.937
898
876.737
847.194
828
829.527
831.08
774
766
768.237
773.091
765
813
875
851.043
833.568
835.147
890
873.046
851.202
805
803.016
808.249
812
804.825
797.384
800.844
807.168
807.48
799.545
836
849.214
813
807.213
781
784.628
726
703
703.539
734
750
755.012
430
550.605
619.995
621.097
621.346
625.077
711
714.729
714.593
714.063
717.664
875
833.011
883
899
873.412
872.447
875.787
773
758
750
742
735
735.883
738.721
740.269
740.73
741.351
844
836
818.8
781
781.558
782.037
776.764
773.101
771.416
771.26
766
765.712
765.896
766.572
906
875.199
858.875
850.186
828
818.306
809.576
801.828
719
766
820
812.586
844
852
840.418
829.875
821.344
774
750
719
717.458
717.373
719.564
722.804
725.789
727.997
729.366
730.424
731.209
732.242
734.028
735.977
672
687.67
686.672
687.441
690.667
693.162
696.181
699.446
703.227
688
697.995
699.476
711
719
721.691
723.55
725.978
734
734.195
733.962
734.163
711
716.405
715.818
714.192
715.716
813
780.523
875
868
828
821.278
804
795.331
789.441
719
725.936
672
687.549
686.892
691.328
696.451
735
741.502
744.973
805
812
805.775
799.345
794.245
758
752.515
747.052
742.437
742
711
718.214
734
739.955
747.633
891
854.344
914
891
867.851
829
817.312
789
797
791.892
785.061
780.965
777.506
773.965
773.426
774.059
789
790.047
773
776.755
828
836
827.44
836
829
812
805
804
774
776.585
775.957
781
766
771.437
774.429
776.826
778.125
779.129
780.919
781
779.725
778.28
828
812
806.273
805
797
766
771.287
769.946
772.568
775.159
778.195
781.079
781.173
773
776.225
777.694
776.196
774.95
776.847
775.674
774.332
775.757
735
726
727
728.181
731.086
734.582
738.007
774
766
769.995
758
761.242
759.563
805
797.192
792.287
859
845.965
835.298
829.967
781
774
771.666
768.411
768.327
750
753.954
755.862
757.555
781
782.141
783.554
782.751
774
770.794
767.675
734
741.629
738.985
740.329
743.005
703
718.672
773
778.304
875
858.686
848.226
840.818
831.491
820
820
812.357
804.608
796
790.316
785.769
773
771.769
743
734
687
692.858
758
805
815.277
814.553
906
899.772
879.966
868.408
856.641
757
754.469
766
781
758
781
803.98
766
768.052
781
782
773.24
774.427
778.349
766
761.634
789
786.353
776.397
774
778.553
777.863
775.658
776.329
778.738
726
755.211
757.476
753.885
750.095
759.792
762.149
754.948
711
730.678
734.885
732.776
729.423
738.179
740.67
736.842
766
767.415
759.897
760.205
767.234
762.946
789
805
790.086
804
802.368
789.869
788.142
852
898
938
914
890.756
876.506
871.994
789
774
775.902
742
750
766
774.672
781.892
786.371
791.724
828
836
797
798.478
802.314
750
756.091
756.28
759.636
761.281
764.387
767.781
766
774
804
807.539
774
779.81
783.461
779.3
772.259
703
716.552
720.357
723.458
757
758
735
742.008
745.849
746.502
750
751.214
753.986
756.026
756.175
756.578
757.637
687
680
683.324
685.607
735
747.238
805
805.765
794.315
785.761
774.167
766
755.507
745.89
750
747.041
744.727
743.711
742.101
773
773
770.852
765.219
761.342
804
797.638
789.478
984
885.742
985
925.079
937
917.373
897.725
891.286
891
884.748
879.815
891
887.222
868
870.909
871.662
870.406
869.535
869.714
870.206
870.506
870.96
871.032
871.126
871.455
867
868.833
875
871.981
868
872.113
871.881
875.046
828
889.871
877.191
873.978
872.4
871.442
873.43
872.994
872.404
820
886.443
859.15
857.708
857.992
859.595
875
922
898.341
893.192
891.168
891.541
890.38
968
936.451
922.647
914
911.746
912.3
953
945
934.346
907
906.739
930
953
942.756
932.112
945
953
952.443
946.985
940.821
937.372
936.205
933.225
928.37
924.014
922.06
969
969
961
945
914
916.729
919.67
851
881.184
882.321
886.55
888.298
889.031
890.704
894.294
896.968
922
899
875
859
862.432
836
867
906
883
887.141
867
883
883
882.688
899
898.285
897.185
896.776
895.046
893.184
890.469
899
895.472
922
916.058
912.597
910.517
907.424
904.719
901.992
899.183
844
874.909
782
843.429
834.846
835.971
867
860.488
851
858.927
859.05
860.361
906
894.754
895.013
938
928.028
993
992
983.76
980.186
979.346
976.999
973.284
970.669
969.597
969.115
968.81
977
976
961
938
883
898.941
899.131
899.633
903.385
906.389
909.137
1117
1078
1026.77
1017.76
1006.23
990.277
977.363
867
899
900.133
930
941.16
859
875.987
891
901.389
900.988
900.441
906.108
914
913.978
909.187
908.468
909.011
909.274
908.714
908.268
961
958.946
952.411
951.75
956.4
890
901.349
903.126
836
867.572
869.111
961
936.311
954
951.344
942.311
921
921.188
916.073
910.101
907.137
906.417
945
937.523
922
922.495
843
867.825
869.285
871.738
860
869.379
874.085
874.094
874.737
875.864
877.185
877.195
876.971
953
953
945
939.507
867
890
922
917.783
909.892
904.699
961
956.146
953
939.061
934.518
935.82
931.013
923.231
918.484
875
878.333
891
914
883
875
906
914.528
904.605
883
859
836
859
852
852.324
853.47
859.129
864.957
765
811.099
809.808
789
781
805
820
844
836
838.042
847.406
852.729
914
945
926.481
937
933.591
923.506
916.052
867
844
843.149
841.232
842.656
821
828.087
914
977
955.726
961
961
949.408
938.508
915
902.286
891.983
883.397
836
812
811.119
810.85
805
807.088
808.491
809.713
810.689
797
797.624
797.173
781
782.682
750
782
812
813
816.904
821.151
827.734
833.799
838.071
875
878.108
878.124
882
875
871.284
891
883
879.076
867
875
873.067
867
865.031
862.442
844
845.136
842.416
835
836
836
836
836.278
836.546
836.674
766
818.246
809.578
808.135
836
829.4
833.674
836.627
859
854.502
856.146
836
846.594
843.355
841.672
773
799.339
799.917
796.34
800.446
803.847
804
789
774
782.12
726
735
734
732.68
736.743
739.723
875
854.469
945
922
910.954
906.232
898.615
892.028
820
825.118
822.398
781
774
773
774
774.366
775.465
777.596
773
774.988
775.522
773
773
773.521
774.185
727
751.504
703
687
696
695.174
697.83
672
672
676.775
679.053
743
789
795.195
796.351
798.082
828
827.996
823.195
818.662
797
793.357
789.089
784.872
727
730.109
730.441
726
729.434
727
729.715
765
768.241
768.242
765.996
735
711
711
710.193
712.353
714.872
717.957
719
703
706.872
703
703
680
685.502
688
687
690.633
693.536
696.679
699.375
702.053
704.597
707.015
709.337
711.42
712.86
715.4
717.556
718.036
680
688.385
690.566
680
685.883
688.293
687.112
688
691.061
711
707.293
704.708
704.32
703
698.273
703
700.22
696.397
648
657
640
642.055
643.634
645.787
648.582
651.181
653.962
656.803
659.636
662.688
734
735
726.591
711
705.415
688
680.223
675.056
672.512
672.222
672.714
673.95
742
740.624
711
704
695
687
681.229
677.617
674.615
726
734
723.211
710.511
700.11
690.985
681.622
675.424
672.841
672.528
711
724.013
717.375
719
719
710.337
700.056
690.942
682.985
735
736.154
728.97
750
743.613
733.838
743
737.337
735
725.801
711
704
701.142
695
688
688.683
688.794
689.04
689.519
689.662
689.953
703
708.034
713.359
672
681.25
671
671.266
670.795
670.983
672.487
674.021
696
701.679
719
723.36
722.656
718
715.099
680
681.691
680.641
680.853
672
675.1
676.579
677.469
679.547
681.429
683.384
683.649
868
752.107
867
777.739
805
796
774.388
768.026
763.257
758.069
753.137
748.689
747.006
746.135
745.129
744.483
765
750
751.198
752.434
766
760.732
774
768.954
768.647
813
798.815
792.795
851
836
830.592
827.303
826.824
766
771.217
770.08
766
768.011
765
743
749.057
749.219
750.597
805
828
828
819.713
828
820
809.307
801.964
792.76
750
753.589
751.212
751.759
718
726.661
726.512
750
760.41
768.502
758
750
757
756.034
755.636
756.468
726
727
727.674
729.162
726
711
716.493
718.123
720.893
724.108
726.975
730.148
733
735.234
735.018
695
703.183
742
742
737.214
711
716.731
722.367
726.278
688
695.945
702.108
695
688
695
688
692.821
672
678.571
682.03
685.067
682.228
665
672.584
677.049
680.36
672
673.308
679.365
734
725.22
709.878
883
875
773.184
828
816.506
797
783.957
782.716
777.003
695
708.775
672
671
671.483
672
675.721
678.535
656
664.531
680
679.889
680.947
683.061
711
742
741.153
739.877
740.009
758
758.44
758.181
742
742.671
727
726.067
703
704.384
704.57
706.159
706.796
727
728.337
758
758
753.744
749.302
744.123
737.236
731.626
711
708.661
706.362
706.582
708.475
696
700.89
698.95
687
680
687
688
691.727
695.815
699.128
702.569
704.972
707.077
708.832
641
617
629.36
631.321
617
617
624.233
627.861
664
664
670.455
674.894
703
704.302
687
665
669.405
656
672
664
664.432
666.895
668.943
672
669.445
672
688
685.95
681.997
678.108
676.484
674.884
671.875
648
664
664
680
703
711
726
758
750
735
728.467
711
696
691.069
688.082
687.26
672
673.561
673.08
673.764
675.569
695
703
706.94
708.447
707.618
704.279
703
719
716.481
713.459
709.481
734
734.109
729.733
735
781
776.133
781
771.016
764.67
762.804
696
707.938
705.573
705.964
707.798
710.209
712.08
712.72
713.208
713.714
714.082
714.162
766
757.595
752.654
748.508
745.432
742.332
765
750
747.803
746.035
745.756
746.026
745.935
773
805
805
812
805
797.935
781
781
779.271
766
766
789
785.822
783.367
779.572
821
819.454
812.217
781
781.31
783.044
742
766
765.472
804
805
799.029
781
782
781.915
778.845
775.127
776.979
778.609
774
765
767.942
769.796
768.734
852
832.492
825.628
813
758
765
727
731.273
726
728.584
742
750
756.352
761.167
804
812.361
808.847
844
836
826.434
819.578
811.105
828
805
803.381
802.974
797.707
766
769.107
767
758
761.717
763.855
766.294
768.327
770.238
771.981
1102
831.445
719
718
724.274
731.583
736.72
738.143
704
718.814
722.441
734
733.706
734.546
734
738.215
740.705
688
708.903
710.088
710.138
710.594
711.263
695
696
700.486
702.217
789
797
789.666
784.884
775.39
763.105
781
774.109
764.536
759.141
754.996
860
812
774
771.05
757
756.15
754.029
750.905
748.088
745.559
745.28
938
847.029
883
845.739
899
873.055
850.859
922
906
878.153
872.483
872.232
868.039
862.765
859.047
857.462
855.823
853.645
852.61
853.039
853.511
875
868.963
866.312
899
888.637
883.776
875
852
858.959
836
842.555
841.842
842.833
845.076
847.323
859
875
878.905
851
867
866.761
863.654
875
890
883.837
878.965
875
891
886.053
875
852
857.202
858.642
859.732
856.972
856.782
774
810.829
812.225
811.344
811.982
765
788.301
750
756.149
757.75
719
730.718
719
722.57
719
721.624
727
728.05
735
736.979
740.438
744.219
805
805
820
820.229
820.863
781
783.536
783.92
781.734
743
747.911
719
711
712.637
714.412
742
750.518
755.919
759.015
742
743.425
750
749.805
750
748.106
747.857
747.557
750
734
735
736.444
710
718.69
719.947
687
701.135
702.39
679
696
695.455
727
722.267
726
719
722.444
718
727
723.28
695
703
700.796
700.83
695
699.36
698.26
700.052
700.691
702.259
702.292
703.943
688
695.824
703
699.327
718
712.132
734
727.331
726
726.218
703
710.399
709.011
706.276
707.528
727
726
723.843
742
736.237
765
754.801
726
688
687
687.886
657
669.005
670.3
671.774
676.054
679.05
782
797
789
779.98
772.655
719
713.847
708.639
664
657
656.68
657.193
660.157
633
639.059
639.845
703
716.598
717.497
713.994
921
854.721
883
854.642
781
773.347
735
722.761
703
719
728.542
729.925
687
672
676.42
680
680
680.425
711
719
726
724.79
723.029
703
703
703.325
703.345
703.637
704.65
706.587
711.126
687
693.334
680
682.104
680
664
667.586
668.765
641
652.174
653.244
652.131
609
617
618.318
625
625.664
629.88
633.598
637.684
617
627.479
629.942
632.098
593
618
617.225
625
621.157
649
648
664
653.587
651.656
695
684.248
671.519
666.686
669.241
664.41
657.888
657.207
654.888
672
664.097
660.629
656
657.543
656.537
898
763.711
891
875
803.748
828
818.224
797.641
719
695
696.041
694.577
693.569
680
672
675.51
675.774
676.182
677.351
678.724
680.075
681.413
682.414
742
742
740.734
739.468
765
765.237
758
757.359
742
742.041
742.019
741.252
740.626
766
773
769.031
763.223
761.318
761.005
782
777.061
770.951
767.182
765.723
764.921
761.758
757.963
754.671
752.612
656
672
722.738
723.687
695
709.524
716.738
715.615
695
680
672
671
670.2
671.076
673.429
675.933
678.429
680.912
683.348
656
641
602
601
602
604.913
609.381
614.132
620.037
625.337
632
637.806
643.894
750
744.793
727
719.732
688
687
672
664.408
659.252
655.574
656
672
675.56
680
676.287
670.38
640
639.659
637.214
657
661.333
641
642.064
625
628.205
627.769
627.507
632
657
667.127
750
745.305
758
746.294
733.156
721.322
742
739.194
728.296
717.434
695
689.79
687.704
686.637
648
641
641
640
641
644.483
647.326
696
703.812
705.92
695
692.518
691.211
686.634
688
687
688
689.679
691.144
692.284
693.059
693.282
693.375
692.159
690.722
656
656
656.52
658.103
661.149
662.539
663.825
679
680.49
681.514
681.039
682.181
805
729.661
721.797
844
805
750
747.001
757
751.674
743.869
739.668
740.154
758
750
750
747.515
805
820
794.555
778.678
781
750
749.007
765
766
758
752.021
711
723.654
727.134
733.664
732.773
730.721
734.925
740.766
914
834.822
800.261
805
805.727
799.468
787.275
704
720.399
688
690.643
692.691
664
669.094
671.929
695
704.099
710.608
716.075
722.751
727.335
729.215
711
711.719
718
717.884
742
727
727.519
729.796
711
715.211
715.992
713.84
715.488
714.167
715.891
796
771.784
760.79
755.138
749.22
680
672
679.633
685.323
625
649.082
651.014
618
609
612.74
594
598.006
599.028
672
875
812.563
930
895.326
875
805
774
766.901
758.968
750.413
748.346
695
694.76
696.463
648
651.519
633
637.883
625
628.706
632.51
648
649.864
651.689
711
714.244
713.964
711
696
698.225
719
687
690.865
692.13
693.687
694.011
687
689.039
690.676
688.912
664
664
656
672
672
670.561
669.711
657
660.344
659.818
658.707
657.623
656.465
688
750
739.158
730.24
781
779.195
766.299
755.638
748.571
742.417
703
698.781
698.765
664
665.408
665.473
666.636
669.67
610
601
633
648.252
658.766
773
772.263
758.742
753.056
859
844
810.233
766
768.122
727
717.943
716.754
718.186
711
708.421
709.773
710.596
709.306
726
725.191
722.033
719.611
695
688
687.37
685.992
686.061
686.784
687.855
690.467
693.393
696.335
664
680
719
717.53
750
743
739.665
774
742
766
726
727
727.151
723.661
696
695
703
688
691.819
680
683.251
683.829
641
657.751
655.918
654.237
633
640.828
641.912
640.945
642.72
711
702.758
719
717.358
695
695
696
664
668.667
640
640.527
641.75
641.356
644.538
647.404
641
645.083
646.776
711
700.472
695.166
689.693
703
697.66
690.569
684.639
688
684.36
680
677.963
677.963
649
664
660.822
660.403
661.768
662.312
711
750
733.978
724.333
718.548
712.361
704.859
697.5
750
743.283
734.388
729.689
726.899
680
682.149
680.169
719
723.55
718.224
742
727
734
728.35
721.61
716.102
679
681.094
672
672
688
697.166
696
699.848
703.781
703.925
734
726
724.56
722.806
703
703.187
699.804
695.921
711
734
734
750
746.616
739.973
742
735.688
727
719
711
707.453
705.028
704.449
704.868
679
686.764
656
660.463
657.763
659.03
661.574
663.797
743
737.869
737.361
735.717
732.084
726.652
672
677.846
633
656
653.646
659.691
666.296
671.831
675.146
688
689.681
690.332
688.853
685.894
682.799
680
664
665.99
662.888
656
657.071
656.716
657.389
658.225
664
664.09
666.548
668.9
670.961
695
693.701
711
688
688.127
687.968
685.451
742
728.192
720.37
715.6
758
734
729.074
725.982
711
672
675.601
675.57
677.094
678.439
680.496
683.166
684.485
684.977
685.16
685.142
684.89
684.343
648
656
654.857
655.491
657.937
664
665.999
649
656.688
648
649
650.58
652.803
655.417
664
666.701
664
667.104
687
686.548
672
673.589
657
659.196
657.91
664
663.372
648
649
648
641
643.162
644.166
645.658
647.167
648.755
650.556
633
638.989
649
650.17
650.173
648.975
695
672
680
679.175
676.147
765
733.329
713.808
709.943
704.834
812
766.309
766
749.323
743.944
711
712.777
713.825
703
703
701.068
700.763
701.367
700.482
700.127
700.453
700.454
700.528
679
657
672
669.148
669.828
632
648.33
646.892
617
609
617
614.019
617.75
609
616.876
618.812
621.727
624.449
627.511
742
727
718.437
713.793
711.332
705.506
726
719.757
711.548
708.403
707.425
765
753.39
726
719.887
724.201
695
695.646
680
678.744
677.947
649
653.125
653.914
654.659
655.527
664
664.532
666.333
668.605
750
750
741.875
736.428
732.098
735
718
713.878
710.564
705.976
656
660.964
660.615
663.494
667.39
671.569
675.039
676.655
703
703
702.01
699.062
695.534
691.841
688.136
684.774
681.877
680.358
633
655.001
650.699
625
637.762
625
629.525
629.866
630.795
632.829
641
640.563
642.854
644.668
645.896
647.077
647.96
649.407
650.042
651.732
648
651.505
653.012
654.063
633
645.906
642.284
641.245
642.281
758
680.128
672.127
668.947
666.076
766
727
684.327
672
671.014
657
640
625
626.369
602
605.535
606.489
594
578
581.404
581.48
579
580.891
581.652
602
603.573
625
641
617
620.248
623.381
623.647
622.666
621.368
633
640
641.489
641
648
646.764
643.855
641.274
639.259
637.09
634.467
632.206
633
631.653
703
696
679.804
735
757
733.687
734
728.662
688
684.67
671
680
678.216
677.195
680
681.29
680.728
679.628
678.802
678.875
678.401
703
699.019
696.296
672
677.088
676.638
673.624
672.827
673.316
674.096
695
680
684.592
695
694.994
692.445
690.013
696
726
711.549
704.416
719
711
707.316
703.849
703.432
702.756
699.145
672
680.77
672
664
687
690.054
695
703
711
719
734
727
719
695
694.228
688
684.869
685.287
664
688
685.877
688.441
734
730.757
727.122
782
771.101
760.313
754.154
746.244
737.329
730.542
723.751
717.711
713.794
710.54
1172
750
734
733.697
734.047
734.602
735.706
736.267
736.931
737.615
738.214
738.624
739.204
739.787
740.655
782
773
772.016
773.561
758
750
742
745.457
750
750
751.263
753.721
755.902
734
739.667
743.045
745.802
745.748
744.318
742.933
742
740.907
727
711
713.121
695
697.047
680
683.54
695
699.544
707.458
750
761.62
761.6
762.968
759.344
751.754
744.876
737.779
688
693.21
689.875
742
755.294
753.746
753.62
804
829
810.686
828
823.087
808.181
796.677
766
757.108
813
808.936
796
789.297
773
766.337
773
774
771.232
768.864
768.581
769.246
742
727
728.382
727.993
735
738.805
742.805
746.75
751.212
755.43
750
751.022
758
761.824
761.289
742
744.617
746.149
758
742
743.248
735
750
750.285
747.276
742.645
765
766.887
773
758.502
766
742
734
727
729.743
732.515
735.351
735.698
737.003
739.7
711
719
720.342
742
744.605
742.711
719
724.164
711
709.95
703
704.673
695
697.461
698.772
700.852
703.486
706.294
734
743.121
744.786
735
734
733.688
728.009
722.055
719
717.443
716.409
715.311
726
729.066
730.049
711
696
695
687
688
688.979
690.856
703
742
766
766
757.597
749.642
742.083
750
751.33
746.905
740.483
736.273
734.757
733.696
781
777.825
767.066
758.651
754.476
755.434
756.82
789
781.478
766
797
820
815.248
804.67
734
741.192
742.889
748.954
751.201
687
703
708.283
716.485
719.305
713.556
714.651
726
414
535.002
688
695
695
735
781
772.331
906
869.824
847.021
845.755
836
834.734
773
766
765
750
748.78
766
765.586
789
742
748.571
703
695
696.352
695.727
664
671
674.012
674.64
672
672
673.456
674.23
675.116
675.954
678.557
680.743
671
678.584
680.151
683.117
685.509
687.775
690.082
692.317
664
676.772
675.322
677.039
656
669.69
719
692.929
797
836
738.694
821
796
758
758.657
719
720.097
721.359
717.41
717.11
727
724.907
727
726.796
726.436
711
703
703
702.646
701.803
704
703
705.387
706.029
710
719
719.353
711
715.755
717.573
718.728
718
719
719.939
719
718
711
711.737
711.462
711.295
711.816
719
720.801
719.353
718.326
718.538
718.125
727
695
715.594
712.734
712.671
687
695
698.825
697.847
679
689.866
679
682.35
683.194
703
698.002
695
698.036
699.923
680
688.121
689.418
656
670.58
672.382
668.981
671.153
675.409
649
656
658.17
654.529
657.552
726
750
728.804
726.508
695
692.132
688.648
719
726
715.261
711.854
706.884
699.1
758
746.734
797
789
773
735
730.33
728.655
774
781
767.126
789
758
751.844
758
773
766
750
744.227
742.091
773
766
759.209
750
746.952
742
745.478
742.887
738.837
735.357
737.325
773
773.614
766
757.865
755.111
756.933
735
737.909
738.731
741.826
703
727
726
729.249
729.447
727
734
734
734.253
733.058
733.44
735.764
688
705.041
706.259
705.109
705.368
708.177
710.329
712.078
714.22
716.277
648
675.648
677.216
675.679
656
668.847
670.859
669.39
617
641.128
643.316
610
622.833
626.954
626.082
609
594
609
609.673
609.606
765
730.738
860
836
807.586
801.468
795.894
785.019
718
704
704.686
701.046
698.072
697.582
680
656
641
642.387
617
624.288
618
621.728
609
614.823
615.347
616.037
649
680
684.468
703
711
703
705.549
711
711
695
696
696.344
693.327
687
685.268
684.234
682.026
726
720.693
716.068
712.564
679
681.29
678.333
674.969
672
671.698
656
656
657
679
687.033
690.299
734
737.603
731.041
724.544
718.621
710.416
702.029
695.482
690.915
687.767
685.13
684.473
687
688.31
690.305
672
677.12
675.382
675.185
676.357
676.533
610
667.769
657.502
656.119
703
719
714.59
712.996
742
735
718
688
695.898
694.69
641
662.508
664.875
703
703
699.747
702.126
698.895
691.202
727
711
703.933
705.327
664
656
648
646.511
640
642.694
645.52
647.083
649.963
652.907
655.868
658.681
661.31
663.844
665.96
667.859
625
637.73
636.228
719
708.791
702.865
699.683
672
673.066
670.15
657
655.312
649
646.65
645.857
633
636.675
637.394
617
617
618.042
616.802
618.461
554
578
555
557.315
557.924
602
594
601.6
606.687
610.29
614.741
618.49
625
625
627.7
594
602
586
585.064
586.366
587.607
590.127
592.431
562
555
570
568.79
571.904
574.222
576.406
576.828
523
543.688
541.161
539
542.261
544.501
531
523
527.242
563
559.797
560.895
562.947
565.998
594
590.695
584.334
578
579.258
571
570
586
547
554
547
539
540.619
531
533.058
562
570
567.585
564.326
562.601
563.313
570
566.919
564.226
633
656
635.222
656
649.128
632
625.867
594
589.583
585.899
582.586
582.389
562
565.424
546
548.147
547
555
531
538.819
538.861
539.948
541.622
539
541.479
542.539
543.833
545.08
546.67
539
544.299
545.794
547.604
549.897
554
555
555
557.941
559.173
558.419
570
563
561.579
570
594
586.689
580.669
602
594
591.186
589.598
586
584.525
582.894
581.179
579.868
578.708
555
562.484
578
578
576.919
576.246
570
571.851
570
568.888
568.56
570
569.902
563
562
562.271
633
609
600.915
633
627.819
620.333
614.671
625
633
602
604.78
586
586.749
583.807
578
586
586.357
587.525
588.113
588.703
589.324
589.24
563
574.255
572.788
562
565.094
563
562
563
564.468
564.673
578
577.783
581.131
578
581.539
563
570.685
569.162
568.713
569.862
569.679
570.852
570.55
571.745
571.431
609
595.289
591.807
617
601
617
610
607.779
606.538
604.617
603.488
601
602
601
600.27
600.278
579
589.163
571
575.449
574.863
574.041
574.969
575.536
633
618.366
641
648
644.919
642.983
633
633.178
617
602
600.476
597.336
597.865
598.867
599.872
600.685
586
586
586
593
591.979
586
602
600.991
601
602.207
594
601
598.225
594
586
588.76
578
583.11
578
578
570
555
559.217
546
548.588
549.485
551.029
553.717
555.83
558.568
560.993
563.806
566.693
569.853
671
636.536
627.667
623.754
619.217
664
659.416
648.766
638.09
636.251
640.076
640.898
609
607.554
611.054
613.441
617
611.393
608.634
610.815
613.279
633
628.663
633
628.88
641
639.21
640
625
621.755
623.879
626.371
633
617
616.761
619.441
625.272
626.913
617
601
604.591
608.093
610
617
611.668
608.513
610.869
633
634.559
628.313
601
603.698
607.851
586
589.239
586
590.003
593.015
594.847
595.818
597.423
617
624.715
622.575
602
599.474
602
607.357
586
589.338
586
590.166
601
586
588.653
591.823
601
578
583.508
586.631
590.422
588.344
648
627.995
615.987
614.17
615.756
758
674.024
643.992
672
667.036
654.822
647.533
649.197
625
610
611.999
609
609
609.606
611.209
609
611.227
625
623.452
743
820
719.066
699.471
875
828
786.476
750
758
759.016
734
724.224
724.943
703
687
696
703
702.372
719
726
742
733.118
722.771
703
699.128
696.697
694.041
711
688
703
664
674.534
672.924
673.859
609
657.321
609
601
605.996
606.196
625
649
648
680
703
705.841
734
731.705
730.344
796
735
742
742.076
734.313
696
706.65
672
672
672.442
664
666.466
671
696
693.582
711
709.806
709.617
711
703
699.976
696.706
696
693.494
693.683
694.193
680
684.035
683.299
683.069
680
682.291
680
681.993
672
676.037
641
669.584
660.954
662.672
663.702
664
664.77
688
703
701.702
702.643
703.224
704.609
711
709.763
708.438
708.545
708.652
687
691.987
680
678.738
664
665.969
664.783
664.824
666.186
680
679
696
695
695
696
694.425
735
726.902
735
729.742
727.178
726.208
695
700.128
696.551
693.437
694.011
734
726.897
742
736.362
732.384
729.087
725.176
703
711
703
711
707.525
708.516
726
727
724.398
723.682
703
707.038
706.529
704.465
706.519
708.002
707.304
664
679.571
680.186
641
658.822
657.632
656.553
664
664.572
710
706.819
727
734
731.781
730.13
728.537
725.027
721.69
718.714
703
705.017
701.003
703
703
680
687.709
683.91
672
671
672
672.024
672.322
719
711.276
711.362
710.468
708.436
743
736.537
732.863
695
672
672.41
673.527
678.111
683.383
687.542
704
695
694.026
688
680
677.239
664
665.109
665.558
667.21
669.019
670.707
671.508
671.618
703
714.4
715.704
710.278
703.377
699.466
703
702.23
672
673.613
633
636.256
640
645.01
649
672
664
667.74
670.284
672.049
670.761
665
656
657.526
649
664
664.193
656
658.9
660.887
662.864
664.811
632
646.37
647.399
657
653.875
695
688.064
683.64
688
687
727
758
743.352
805
794.758
757
711
712.257
656
661.964
661.441
663.958
586
570
571
570
575.346
580.547
586.476
589.968
592.757
594.493
595.756
596.581
766
797
820
798.677
778.854
772.678
711
701.839
672
669.806
672
672.148
649
648.22
650.1
651.521
651.866
651.588
651.463
652.549
653.383
653.887
641
643.204
610
619.912
618.479
618.607
619.773
621.687
626.246
630.679
813
820
771.64
773
750
737.543
1024
931.214
860.037
815.403
641
642.615
648.024
648
641
640.942
640
643.957
649.739
652.484
652.996
652.739
593
586
578
581.069
609
633
656
696
718
758
766
764.734
763.104
761.838
760.99
758.679
672
675.737
677.947
758
754.972
813
796
782.434
776.144
703
680
672
680
683.52
742
750.777
726
711
695
696
672
669.385
669.119
668.889
669.089
617
623.083
601
600.787
600.275
600.263
632
643.637
656
666.815
678.267
687.056
691.52
742
758
758
734
727.01
725.357
680
679.488
678.199
675.526
675.504
742
758
774
759.665
750.366
820
811.334
812
791.515
796
774
766.426
759.068
751.621
745.426
617
669.787
669.281
601
602
656
666.504
758
836
906
867.543
849.574
898
882.535
781
787.041
796.936
742
743.491
756.418
757.05
755.784
664
672
683.801
687.081
687.315
657
687
688
710
709.289
708.708
710.282
727
726.224
724.958
725.132
728.488
719
721.24
722.397
723.568
725.087
766
750
744.432
719
722.977
725.477
725.234
703
705.829
687
689.752
688.852
719
695
700.152
702.347
680
687.857
689.428
688.478
690.791
601
610
619.976
622.162
601
616.274
617
621.4
625.189
630.911
635.703
758
738.418
729.643
664
667.315
668.906
625
630.856
695
692.215
883
867
815.943
796.385
781.41
759.465
742.37
781
774.596
687
664
633
632.304
633.314
635.26
638.299
641.688
643.455
643.866
644.376
645.041
645.224
645.17
645.301
645.387
645.379
645.498
640
641.384
649
648
653.28
656.501
660.037
662.909
665.249
667.089
669.294
668.093
586
642.446
634.892
633.831
570
629.894
620.705
649
687
743
717.455
757
758
766
734
737.811
737.191
729.789
726.171
680
692.005
633
644.099
642.727
594
617.287
618.295
619.644
623.777
625.964
594
609.978
608.397
617
625
625.076
633
634.236
633
638.454
639.82
643.121
646.034
648.913
625
635.723
625
628.028
628.172
593
586
589.833
602
609
611.425
656
672
664
658.931
654.412
645.22
636.864
628.894
578
584.757
570
567.958
569.462
570
573.092
576.302
580.134
584.444
588.878
625
639.164
642.968
617
614.516
615.909
563
578
575.167
586
590.629
595.711
601.29
648
649.885
640.923
630.765
648
641
629.632
633
602
598.977
595.745
617
609
605.167
605.69
607.967
607.753
633
640
618
615.084
609
606.775
603.588
640
664
654.588
645.228
640.064
703
695
683.285
679
673.049
641
637.673
617
614.23
612.282
648
658.859
657
648.275
641.999
636.039
629.9
625.168
742
702.35
679.24
672.106
665.128
655.546
646.098
632
629.215
625
626.178
617
619.912
621.774
623.919
626.138
633
609
615.887
616.716
615.812
617.693
625
625.042
617
625
623.468
624.53
625.348
609
602
601
594
596.498
598.102
609
633
636.308
633.095
631.886
626.862
620.657
616.269
625
627.08
609
611.925
613.337
614.682
613.937
611.452
612.67
613.774
613.477
602
609
610.308
610.465
607.794
607.148
618
619.201
615.815
612.288
614.184
593
600.955
602.481
594
593
586
594
594
593.114
602
602.794
604.089
609
625
623.592
620.865
620.405
620.959
619.086
625
622.865
601
610
609.321
601
570
594
595.878
593.935
586
601
665
646.497
635.555
773
710.125
757
724.354
734
719
709.428
664
668.748
656
651.284
649
649.985
625
625
625.931
625.801
626.857
628.19
641
639.329
641.695
643.931
633
637.016
633
617
625
622.351
624.711
626.742
628.575
631.581
633.906
637.116
625
633
632.04
631.198
631.831
631.132
570
634.325
619.767
616.305
570
555
565.594
568.319
570.136
572.553
586
588.897
609
610.105
594
601.926
604.796
609
603.924
593
599.751
602.268
593
594.069
596.799
610
604.882
617
612.666
610.555
617
613.445
608.553
605.469
604.191
632
623.587
617.501
615.479
616.79
616.433
611.239
608.963
610.051
609.933
607.29
604.753
605.881
648
649
632.26
648
644.946
609
611.674
612.541
594
600.96
602.648
603.802
603.525
606.254
606.968
605.632
606.214
606.805
649
638.99
632.864
630.956
649
645.116
639.031
635.351
635.307
633.226
629.685
627.635
626.873
617
618.525
617.18
615.815
615.614
571
611.641
603.27
602.233
594
599.167
649
656
648.711
711
701.089
695.292
692.786
687.624
681.762
625
631.247
627.585
585
594
586
602
605.292
611.813
602
607.176
609
594
598.932
597.456
597.153
641
636.358
633
631.474
641
639.507
625
627.917
628.216
626.714
625.603
625
625.29
625
622.325
621.633
601
606.905
602
617
601
625
623.039
617
601
606.487
610
609
602
601
603.372
603.12
602.891
604.811
609
586
594
601
586
591.93
594.237
586
589.413
586
571
577.356
578.396
586
583.722
594
596.119
586
591.279
593.342
588.428
602
600.786
593.596
598.929
601
589.861
596.775
599.585
617
625
615.071
648
637.769
664
641
639.181
638.542
625
601
594
592.859
592.951
562
577.837
570
571
570
571.858
572.811
602
594
597.201
602
602.436
603.262
603.489
603.836
578
586.901
570
572.427
571.602
540
553.392
551.008
551.304
555
554
586
580.307
581.698
582.891
581.43
586
586
584.427
583.89
582.484
582.5
586
578
581.513
580.179
580.286
570
570
586
579.601
562
563
564.149
555
558.03
562
547
552.414
571
567.045
593
589.336
588.208
589.291
588.155
585.405
584.704
617
594
594
595.599
592.838
547
555
558.194
557.605
560.443
546
551.97
555
570
568.43
579
579.573
576.641
574.511
648
621.646
656
641.429
634.421
633
626.968
617
609
605.184
601.986
599.723
598.179
597.908
598.358
598.422
625
619.326
617.06
594
586
578
578.447
577.883
577.855
578.321
578.806
579.214
586
602
632
640.428
680
703
697.577
688.89
680.488
664
679
680.182
656
651.549
651.709
641
617
617
616.528
618.806
621.273
623.403
625.541
627.493
628.785
629.021
570
594.173
578
577.899
563
562
563.489
564.849
566.598
568.93
578
586
591.419
586
591.45
593
596.165
602
609
610
611.461
612.79
614.017
614.738
672
696
683.352
664
640
634.191
636.945
641.609
601
602
593
591.911
593.449
595.11
586
570
573.052
563
570
570.099
571.583
573.068
570
570
571.542
572.936
574.425
576.032
577.864
579.845
582.276
578
581.951
583.628
586.192
585
579
586
586.07
585.217
582.656
586
593
590.547
601
596.148
625
625
614.646
610
610.473
609.408
606.3
609
607.17
593
595.942
595.629
594.009
601
599.556
599.849
625
619.306
625
621.013
617.982
617
613.482
640
630.99
627.987
627.196
641
638.549
636.085
634.249
635.501
635.169
641
638.085
633
634.424
664
655.858
656
652.448
650.294
641
642.018
633
625
672
672
663.275
688
703
695.607
695
691.471
664
688
687
680.873
679.054
672
671.974
668.811
665.806
664.507
662.852
661.609
661.585
664
656
659.58
658.526
659.199
659.728
660.331
661.021
633
666.56
658.826
633
641
642.98
641.343
642.069
643.995
644.125
646.773
646.053
656
680
675.794
672
671.338
672.614
656
641
643.13
644.072
645.453
645.825
648.86
650.853
617
594
602
609
612.794
616.427
621.183
648
656
695
719
719
706.15
734
719
708.069
702.836
698.759
693.189
680
676.774
674.182
703
696
693.424
692.442
692.684
687
684.759
682.446
679.778
678.328
680
678.042
677.723
677.04
676.723
676.312
648
675.041
669.231
670.49
672.225
648
649
649.89
617
617
616.783
615.48
687
677.415
852
733.737
899
898
829.259
823.977
818.862
805.019
796.639
633
649
609
615.642
619.792
624.736
629.062
632.765
635.485
637.763
639.83
680
679.662
758
789
781
765
763.734
765
763.354
761.785
760.54
759.773
664
672
664
665.769
648
653.173
655.311
687
735
735.868
820
821
807.549
795.017
784.124
770.518
757.983
748.41
625
661.778
641
642.528
680
694.757
704.812
711
715.638
703
672
664
641
625
625.968
601
605.529
609
609.548
633
643.598
652.449
663.079
648
655.644
658.456
656
656
656
641
641.265
625
625.044
622.762
624.141
648
650.38
653.815
679
679.567
656
657.294
653.688
648.332
617
621.14
621.019
620.046
726
813
763.856
867
844.705
774
765.539
757.351
664
664
664.65
662.224
648
652.168
617
633
635.056
636.36
625
630.703
633
617
633
633.079
634.787
617
626.733
626.74
627.828
601
620.887
620.529
623.188
629.306
610
609
614.147
615.831
640
630.651
649
640
649
632
649
648
680
669.472
663.395
687
711
700.671
692.586
758
757
740.126
718
719.447
721.986
717.076
680
685.617
680
678.731
687
682.361
711
707.812
727
719.671
713.726
703
695
719
719
711.357
711
711
711.605
708.081
688
691.591
692.576
694.024
687
690.613
695
695.637
693.391
641
695.568
685.352
664
670.627
674.645
696
686.763
681.69
687.241
692.273
735
720.036
711.314
708.441
750
742.325
773
754.85
828
808.458
797.643
828
815.846
809.019
812
844
859
847.099
841.572
843.962
846.373
845.339
820
805
828
828
821.058
816.982
836
831.659
828.779
827.775
825.155
823.456
820
817.155
815.259
815.512
828
805
809.556
811.641
406
581.601
734
711
711.339
729.124
732.654
733.06
739.859
719
742
742.309
742.376
745.032
747.503
718
733.651
734.852
734.915
736.54
738.512
740.766
703
680
711
709.935
758
742
742.473
746.788
743.425
726
732.978
742
736.574
734
738.744
736.922
729.865
757
766
773
757.838
756.436
758
750
745.202
719
724.258
734
731.332
728.891
766
766.103
755.492
756.654
759.041
750.197
734
688
687
688.321
688.308
690.987
694.88
698.718
701.555
704.598
707.572
743
750.859
766
742
766
781
772.956
727
730.014
732.92
731.029
727.239
726.967
729.786
719
718.693
711
712.582
712.101
671
649
651.64
652.747
656.155
660.053
617
630.613
631.508
634.21
638.02
664
671.811
657
663.557
649
664
663.364
672
674.297
711
712.668
709.139
703.926
700.655
696.167
680
676.667
673.504
670.317
669.489
669.112
669.495
669.78
670.068
657
625
640
637.012
639.219
649
687
692.241
692.163
648
653.174
650.225
646.989
633
641
641.662
643.613
646.955
650.385
652.176
652.65
679
664
672
670.102
640
610
614.793
616.225
615.914
585
586
587.574
586.594
589.267
593
596.096
599.292
602.589
586
586
578
579.833
578
547
555.444
555.81
586
594
598.477
704
695.159
742
730.671
750
740.508
728.559
723.092
750
746.254
740.113
736.306
680
679
681.143
679.638
677.963
677.465
679.323
681.225
682.048
682.174
682.032
681.402
617
610
611.283
610.257
640
647.802
657.192
688
697.49
750
766
756.13
746.783
738.349
728.827
719
712.078
711
706.604
703.689
701.956
700.668
656
662.421
658.788
659.102
672
703
708.264
710.808
718
715.758
709.521
703.105
696.281
691.051
687.354
685.328
686.564
672
676.918
675.319
677.312
680.058
681.707
683.639
687
687.317
687.102
686.925
618
739.243
625
676.019
672.182
670.684
672
679
676.315
678.866
649
656
659.523
641
650.811
652.062
633
643.023
643.417
642.068
643.792
644.963
641
644.738
645.885
687
696
688.098
711
680
683.477
656
658.598
664
661.02
661.149
661.436
661.665
660.832
660.304
659.198
659.195
658.101
657.878
657.748
695
686.742
683.518
679.888
676.772
674.931
672.39
669.791
668.07
667.376
641
660.531
656.929
657.381
658.965
617
661.413
602
650.483
594
639.067
632.303
630.762
601
594
602.618
602.744
617
610.907
696
726
774
797
789.302
782.698
742
734.767
742
736.24
730.813
679
684.034
686.035
684.452
688
711
710.751
707.9
750
745.534
726
680
684.651
683.083
681.191
633
625
625.604
626.739
781
772.953
761.876
756.658
765
742
731.702
687
696
692.268
686.685
685.002
686.236
649
653.086
654.46
656
658.964
679
680
719
742
758
758
757
749.996
740.883
711
704.024
719
718
696
726
719
719.448
719.198
695
698.954
703
699.746
711
708.438
750
742.884
738.727
735.168
734
727
710
710.733
709.452
680
703
702.442
700.34
711
711.257
680
695
694.042
703
703
719
714.651
711.912
713.728
710.486
708.08
703
703.528
726
743
742
734
711
719
687
692.275
679
680.482
681.342
703
705.729
703
702.069
702.966
704.947
706.739
705.526
702.687
656
664.494
664
672
675.651
688
692.763
672
679
696
697.818
688
687
689.991
687
680.751
678.768
680.728
679.398
677.556
679.381
681.745
680.523
695
695.536
689.862
687.534
695
692.893
688.157
695
672
677.138
678.522
687
682.913
695
693.349
718
711.115
707.609
706.468
719
714.228
710.862
664
679.657
680.845
648
633
637.421
609
618
620.151
620.606
657
718
766
751.746
745.915
781
775.648
719
703
704.671
688
679
680
531
594.215
664
680
676.658
695
701.787
711
718
709.405
695
690.991
672
666.663
662.149
658.456
657.992
658.303
659.232
660.397
617
632.03
625
625
626.5
627.927
629.267
630.594
632.263
633.311
633.097
1070
695
681.675
648
651.525
653.725
654.14
625
648
647.583
664
662.931
662.736
665.302
667.926
669.631
670.811
671.565
672.716
673.927
1039
820.346
687
688
711
710.417
705.32
702.615
898
815.402
782.985
922
857.624
883
859.322
843.34
841.908
837.645
805
803.734
782
780.734
813
805.098
799.664
799.252
797.665
794.656
791.11
789.849
790.654
750
772.2
703
749.864
743.35
704
734
734
719
728.444
750
745.404
750.814
766
764.338
767.603
773
750
760.474
757.869
797
784.455
828
828
822.6
820.202
789
795.356
750
758.575
753.65
750
734
740.258
737.682
739.59
750
748.726
751.68
753.12
754.452
755.289
773
772.284
773.845
775.26
648
657
709.717
705.426
710.962
687
701.142
680
686.672
648
648
633
625
594
599.66
600.37
617
617
623.444
632
638.486
664
680
695
698.745
700.638
727
734
729.432
722.624
718.273
715.69
712.37
708.788
705.991
703
701.872
742
739.249
758
751.152
734
732.512
732.412
735
729.871
724.966
679
689.275
688.645
664
672
656
659.14
656
656
641
645.141
648
646.88
648.792
650.236
652.237
671
674.581
680.638
695
701.44
706.627
710.631
713.332
714.524
648
663.269
663.144
662.967
656
711
709.029
773
752.364
805
758
750
745.327
735.019
729.049
724
719.829
716.242
713.888
711.832
710.75
710.083
709.721
709.764
710.105
710.567
711.227
672
704.432
656
691.888
684.618
610
617
609
610.742
609
612.92
615.305
618.462
621.166
625
627.378
630.135
632.896
635.564
633
637.209
639.153
641.247
643.587
633
639.342
625
631.03
610
617
615.382
602
601
604.136
601.972
603.823
604.202
625
620.697
622.521
623.949
623.521
624.305
570
597.343
547
578.264
572.867
562
569.893
602
594.643
641
632.539
679
680
675.101
671.788
668.958
664.866
633
638.844
633.391
629.326
626.706
625.441
625.25
625.093
625.194
735
691.116
676.61
672.797
711
680
678.696
672
667.601
664
660.129
656.528
695
719
705.851
773
758
746.95
739.768
732.627
725.412
719.104
713.736
665
672.535
672
670.435
680
680
679
704
705.26
706.897
664
664
687
690.058
690.941
688
656
711
701.798
735
757
746.088
774
768.774
760.766
750
746.722
743.833
739.293
735.156
731.952
730.211
727.924
725.981
724.754
723.691
711
714.989
712.876
712.224
711.731
734
719
727
725.542
727.01
725.894
679
728.223
649
733.908
649
664
678.678
677.225
677.515
696
726
716.207
713.97
716.537
727
724.657
711
717.538
711
703
687
692.719
690.253
688.462
688.786
689.189
689.696
649
648
649.977
647.627
618
625.653
627.405
602
609.791
602
604.708
606.376
586
594
595.538
597.399
600.155
602.994
606.649
641
646.985
652.355
648
650.832
695
693.57
687.554
657
656.046
648
647.476
644.119
640.327
637.707
638.143
638.82
718
698.623
711
719
711
705.032
680
675.256
648
644.213
649
650.803
654.194
672
695
697.719
704
718
712.375
695
688.509
681.314
648
664
660.92
660.375
662.785
633
640.024
636.976
609
616.359
594
597.084
597.42
570
579.34
576.542
617
612.546
672
671.054
679
688
672
656
641
638.356
633
632.976
633.901
610
615.121
641
642.717
644.293
648
646.963
703
703
695
684.251
671
665
632
627.901
609
607.175
602
603.491
605.777
608.803
578
586.158
594
594
599.451
603.576
607.628
610.823
613.604
632
633
636.356
625
625
609
610.774
625
621.958
623.932
624.243
625
617
616.285
633
664
648
642.479
656
656
649
672
666.338
680
671.32
680
676.523
671.972
695
703
693.645
689.595
690.616
690.142
656
662.114
659.664
656.199
656
656.337
656.629
656.126
680
676.157
696
687
686.698
686.682
704
711
703
699.111
699.401
700.019
697.102
693.846
691.154
690.097
689.194
664
657
672
672.359
688
688.527
689.896
690.807
672
664
664.606
695
696.696
693.034
726
727
718.415
713.474
719
734
725.687
734
731.015
725.8
688
695
694.318
727
721.568
715.178
719
720.978
438
1039
835.696
736.7
732.306
656
656
672
676.135
677.879
719
758
753.526
751.887
751.586
752.699
752.33
751.187
749.921
748.655
747.389
617
698.236
694.067
691.876
695.223
664
683.296
680
680.066
679.918
682.882
683.638
684.197
750
711
696
695
698.229
680
686.515
687.982
687
688.054
689.297
690.838
692.388
758
737.566
719.964
789
773
758
758
753.022
746.69
742.67
739.166
735.797
711
713.661
711
719
715.801
717.588
719.224
704
695
734
735
750
742
737.121
664
688.856
690.814
692.99
649
664.13
666.535
669.372
711
719.233
718
711
713.624
696
697.627
697.825
664
671.484
673.345
648
653.811
648
649
650.866
696
711
711
708.874
703.732
680
677.368
696
696.031
693.097
726
704
701.006
695
691.148
688.131
686.593
684.571
682.836
719
703
688
688.055
688.647
649
662.903
662.625
662.603
664.054
695
703
699.634
672
672
680
679.729
677.607
679
681.461
679
678.999
680
679
688
684.416
688
685.103
695
691.449
672
677.314
678.425
648
659.733
660.328
672
670.699
648
649
651.297
656
649
664
648
655.042
655.479
672
672
670.025
679
680
677.246
672
674.025
673.35
670.694
668.43
679
676.872
673.706
672.676
757
717.541
706.16
703.243
700.258
664
641
625
626.486
672
719
709.914
702.054
697.944
695
684.522
675.561
695
698.627
691.914
656
656.717
680
688.014
682.577
675.472
676.213
735
728.647
712.086
704.233
704.654
706.861
700.225
690.44
734
742
719
695
697.337
680
664
664.128
667.758
672.229
671.126
668.488
671.946
812
836
771.676
753.084
749.681
742.812
828
804.1
836
816.985
801.645
795.369
794.524
790.046
813
803.808
789
785.589
786.764
788.613
782
778.51
775.744
774.443
813
836
820
813.364
806.325
804.128
801.403
798.194
794.932
791.875
820
819.376
817.226
811.087
807.845
807.677
807.365
828
824.083
817.806
836
834.089
830.993
825.4
821.989
797
797
797
797
812
828
830.873
797
804
836
835.972
827.605
805
806.279
808.815
835
831.855
822.801
820.557
821.92
822.251
815.953
852
847.81
867
856.948
848.439
843.683
765
784.458
789.526
793.256
794.985
875
870.661
829
829.508
805
798.095
798.562
800.432
836
836
830.556
826.115
818.944
811.487
836
851
840.737
831.226
825.735
822.015
818.389
710
747.707
767.258
772.271
797
800.412
820
821.335
797
766
773.53
776.298
773
790
795.626
796.899
795.273
797.357
798.473
781
784.816
786.573
787.093
788.479
790.17
792.245
793.952
795.312
796.805
750
761.505
764.409
719
735.063
703
707.819
703
711
711
703
711
713.455
695
688
693.288
679
680
682.517
684.512
686.932
687
690.581
687
692.424
649
680.872
656
661.938
663.802
662.664
665.518
666.299
668.647
670.207
672.006
726
703
701.342
700.315
672
679.63
678.493
773
733.635
720.204
765
758
749.921
745.22
743
738.92
735.301
732.114
687
695.036
693.239
766
742
758
750
744.306
737.456
696
698.963
664
666.187
666.21
668.23
671.199
674.24
851
789.538
930
876.141
860
848.798
789
727
722.425
720.595
719.269
735
736.912
743
740.937
738.892
734
703
705.799
703
703.412
703
704.383
704.869
656
657
657.153
664
679
679.348
703
708.251
718.963
726.116
730.202
732.357
687
688
718
717.558
765
782
828
828
815.574
782
773.733
743
737.149
733.687
732.04
696
702.243
700.708
701.25
704.556
706.042
765
765.751
764.171
758.899
752.944
745.414
739.038
648
671.071
671.605
675.409
681.638
688.286
820
811.583
804
797.539
786.88
774.103
757
719
711
704.954
679
680.198
680.506
680.987
683.033
684.63
686.253
641
652.519
651.544
652.278
655.895
742
741.293
734.946
729.288
722.777
715.3
711
709.751
710.142
711.671
712.948
714.122
714.321
712.863
710.929
708.156
696
726
718.254
715.49
734
727
724.117
721.87
680
702.056
656
666.142
665.773
679
679.3
656
656
658.549
649
672
667.447
671.091
673.516
674.721
676.283
672
675.288
648
658.611
656.892
649
651.661
653.219
711
703
719
703
711
705.688
698.754
694.042
703
698.474
679
682.921
671
633
641.682
656
672
675.124
679.211
672
670.027
671
665
662.335
660.24
658.322
657.343
657.185
711
680
682.644
684.395
683.226
679.677
664
666.471
665.896
641
656
654.222
653.869
655.007
655.907
656.011
656.411
672
672
670.301
649
657.832
657.217
618
643.366
640.679
637.808
625
632.95
633.203
640
638.376
648
647.089
647.289
648.892
649.305
656
653.284
652.347
653.116
652.427
651.57
650.629
656
653.605
679
688
683.351
680.433
678.247
678.414
625
646.559
642.841
642.446
645.08
617
643.013
638.417
757
691.224
684.378
796
731.533
710.476
820
711
708.814
703
711
701.979
702.636
702.799
687
687.821
689.525
686.387
625
652.875
625
628.079
630.22
703
694.185
691.316
735
742
721.572
719.739
782
843
795.813
836
828
805.74
800.24
812
802.724
805
801.594
828
875
855.919
844.352
842.456
843.502
875
891
876.781
868.733
797
803.51
851
860
848.531
836.535
797
804
805
797
799.863
835
805
805.573
806.932
811.9
817.353
815.481
781
783.499
785.725
791.161
794.385
792.989
664
726.304
633
658.126
658.522
662.251
695
694.675
702.743
679
735
734.046
734.7
736.81
711
703
687
692.787
692.609
692.461
693.368
695.933
698.497
700.773
719
717.811
718.436
727
726
696
703.948
700.282
696.586
695.163
679
684.676
719
714.602
742
737.021
732.495
728.547
766
760.379
750.003
741.714
758
742
738.491
735.101
1093
727
725.308
718
719.859
721.32
722.785
724.446
725.766
727.25
728.4
729.426
730.48
731.877
733.103
758
756.533
756.161
757.566
759.113
750
753.596
755.256
758
759.226
761.118
734
719
724.864
703
714.968
719
757
759.156
757.7
812
805
789
784.181
778.176
1086
897.281
846.474
833.756
826.063
818.892
810.59
773
774
844
833.275
875
848.145
825.208
820
782
773
719
687
672
672.424
674.018
719
735
742
804
797
766
766.468
727
750
753.898
750
758
765
766.999
735
739.327
680
691.267
649
672
674.006
681.313
689.263
828
815.078
803.965
796.221
784.506
770.231
750
739.806
731.718
726.786
680
685.822
685.377
671
676.006
678.038
711
717.789
721.939
774
773
764.314
758
742
731.223
726
719.75
715.008
695
680
687
688.565
696
704.98
695
699.482
719
723.872
735
732.101
743
740.641
774
765.664
789
781
770.767
757
766
763.427
782
851
834.561
821.171
844
841.425
833.791
828.34
823.302
828
797
821
820
814.585
813.198
811.731
810.723
859
845.945
851
843.889
839.925
836.326
813
828
820
816.487
851
844
844
841.636
840.788
839.434
837.374
835.492
833.812
797
828
820.906
804
810.114
811.201
810.667
811.828
812.786
813.793
814.656
815.359
828
813
818.25
818.344
817.074
758
766
771.885
782
782.409
789.466
792.59
794.913
797.288
799.837
757
778.595
758
761.062
763.547
789
786.088
828
823.554
820.574
789
797
789
781.813
783.438
783.249
781.452
797
793.215
773
780.425
765
758
742
744.667
782
782.358
784.041
784.935
786.249
804
801.863
797.454
794.291
791.748
789.419
786.334
784.53
782.673
758
797
788.183
786.372
786.117
829
843
828
823.156
804
802.978
800.965
796.931
793.187
790.547
805
812
808.983
804.574
801.356
801.131
801.039
798.238
794.599
792.651
792.82
734
766
761.899
765
764.23
774
773.291
776.429
778.038
734
763.891
759.591
758.165
759.543
727
742
750
744.255
746.516
748.62
750.136
735
750
734
742
741.409
742.333
744.301
734
742.262
727
734.953
734.1
733.921
736.024
765
754.667
781
758
759.642
773
769.854
765
765.176
764.777
742
749.808
750
746.362
747.226
746.929
781
782
777.724
775.593
774.722
772.987
766
763.086
760.408
757.652
726
735
735.884
736.761
738.106
741.192
743.535
781
774
772.453
781
797
766
767.998
769.033
773
767.487
766
789
786.542
781.774
750
759.23
761.586
743
734
736.606
738.993
738.505
742
726
735
736.486
737.037
774
773
768.205
768.102
770.357
820
820
809.426
844
840.51
781
785.168
750
735
757
750
758
766
768.69
782
782.366
782.456
780.735
774
758
758.294
755.352
752.808
753.11
753.385
754.835
719
734.179
730.862
726
728.606
688
707.061
703.302
702.785
705.378
726
723.427
727.176
729.638
805
792.197
805
800.156
797.747
795.554
773
750
747.179
743.588
773
750
774
750
752.975
750
746.804
746.338
500
1031
809.235
750
735
740.927
789
773.29
765.34
765.522
767.044
769.153
770.787
844
816.688
813
812
797
781
782.524
750
757.355
774
789
789
786.895
773
776.392
773
771.221
769.426
767.286
764.953
763.388
761.942
761.469
687
727
722.19
782
789
812
836
834.57
851
845.27
837.796
831.835
782
785.537
777.939
773
774.328
774.998
727
742.553
738.283
632
689.015
684.679
693.109
625
659.159
661.383
660.9
664.351
666.191
668.635
641
657.901
633
648.432
648.213
650.514
653.848
656.944
660.291
734
722.272
711
711.532
714.835
602
631.379
636.295
578
617
619.186
640
641
646.802
664
660.998
664
664.967
633
642.955
642.731
638.545
640.216
656
651.838
609
624.583
609
611.292
632
627.633
630.599
633.297
634.626
766
707.547
726
713.945
711
701.92
695
688.662
656
658.387
654.837
652.145
652.08
652.363
652.85
742
707.576
698.857
695.039
691.186
686.44
682.218
678.56
675.222
672.342
669.935
668.362
667.308
666.433
805
766
746.481
739.121
730.199
720.178
711.205
704.103
698.232
694.196
690.775
687.971
686.035
672
674.771
673.81
676.373
695
700.393
703.679
702.824
699.963
696.769
693.557
690.814
688.253
812
836
803.162
852
845.533
830.483
836
844
837.39
831.275
851
868
859
875
875
875
872.973
870.213
805
811.301
828
822.697
819.119
819.199
821.171
820.459
820
818.068
816.323
816.523
843
883
878.219
898
892.435
938
934.874
921.435
875
873.691
872.123
868.339
860
858.822
922
914
902.522
896.092
896.212
895.147
875
871.027
860
843
852
854.133
857.139
859.618
861.799
851
853.205
805
773
773.406
774
777.493
812
830.193
860
870.383
873.814
874.182
871.713
869.651
813
819.188
815.222
945
977
934.515
924.265
945
931.665
914
905.147
898.037
887.906
812
814.428
816.176
867
873.959
870.004
866.026
860.99
852.319
844.666
828
827.286
851
860.033
859.548
853.667
850.955
850.261
848.347
847.643
847.549
847.836
812
819.482
843
883
914
945
922
909.563
860
851.773
846.575
843.711
846.413
850.318
703
703
757.276
773.69
851
852
851.88
852.848
853.243
848.822
758
758
760.141
764.904
771.664
778.297
784.57
787.253
821
825.844
826.069
825.525
824.475
821.808
816.669
680
710.05
664
664.157
664.26
665.951
670.268
664
670.257
673.26
676.362
679.793
682.61
750
761.775
750
734
758
765.486
764.923
763.657
762.423
763.605
719
723.614
724.089
750
747.768
742.795
740.622
742.05
743.467
741.363
737.471
679
689.082
774
820
844
859
852
835
829
821.274
742
740.068
696
695.425
695.449
699.973
705.553
703
719
725.222
730.585
727
773
780.615
779.086
773.305
768.843
763.713
851
844
820
821
821.797
822.027
818.42
814.4
921
889.613
930
905.666
890.354
889.035
890
852
852.87
860
854.33
875
867.596
864.183
868
866.334
820
829
826.986
836
836
837.508
840.7
841.463
813
821.739
773
783.807
781.126
781.761
821
789
801.753
805
805.709
883
875.38
871.29
804
809.453
734
680
681.185
681.377
688.496
641
657.35
660.586
680
690.319
700.867
656
671.822
676.846
679.078
664
667.898
671.102
734
738.66
737.599
836
891
914
914
900.862
893.409
888.469
797
795.734
802.688
802.93
801.664
801.218
802.505
802.005
798.799
812
811.097
808.033
844
812
809.681
810.338
734
726
726.097
725.932
729.024
703
714.325
714.434
672
688.21
640
656.426
655.438
656.119
648
688
685.364
695.087
688
695
698.431
679
688.804
703
711
711.226
713.245
719
695
700.93
703
703
698.631
700.288
672
681.124
672
670.723
664
649
652.66
651.778
651.723
601
602
601.915
603.184
606.039
609.631
680
688
671
677.086
680.974
696
691.457
690.454
695
691.716
688.332
688
679
675.819
672.752
669.395
666.82
664.756
663.439
662.579
661.783
610
593
594.041
593.973
610
616.788
623.519
628.639
633.904
617
609
612.242
593
597.003
597.038
579
584.217
584.434
594
554
569.536
569.424
593
610
614.407
609
594
570
572.447
586
570
555
559.743
561.422
561.108
633
631.85
623.76
618.566
611.55
641
632.756
619.567
612.844
610.032
605.015
597.832
592.312
588.88
648
672
703
679.732
665.591
664
661.56
656.128
647.596
640.31
609
605.438
578
602
601
610
616.146
620.948
624.742
627.585
628.506
711
672
666.135
649
644.775
639.421
633.827
601
604.589
602.268
603.243
606.311
570
582.448
582.125
582.492
609
611.016
614.296
750
693.884
678.06
675.531
667.607
658.382
651.311
644.969
639.121
633.857
632.81
578
571
570
555
559.024
563
565.632
568.561
571.409
625
601
610
612.651
594
595.428
594.081
601
599.283
600.529
603.81
906
691.895
675.443
844
797
727.206
706.632
696
695.908
672
669.101
669.995
625
578
589.926
570
574.866
577.297
580.514
584.039
587.536
590.037
591.927
554
547
539
539.823
539.316
540.032
541.406
544.577
523
531.722
533.269
537.331
541.443
531
540.049
542.198
545.856
549.194
552.11
555.324
680
651.333
656
643.865
635.876
628.884
621.578
615.526
610.578
554
563
547
554
555.496
557.441
546
547
548.327
563
570
571.231
572.048
586
562
565.467
593
589.25
585.638
602
603.047
586
589.419
591.39
588.602
563
568.698
578
576.448
569.593
572.178
575.4
572.398
567.025
703
625.523
608.394
704
642.036
619.227
620.675
617.914
607.517
603.915
617
613.918
606.397
603.563
606.102
604.778
601.596
600.114
601.879
601.456
600.76
601.096
688
625.425
688
645.33
638.393
635.957
628.17
626.588
624.965
711
695
680
672.252
657
648
680
719
734
714.199
702.19
695.267
656
657.526
664
648
649.594
656
652.707
652.86
653.025
653.915
672
672
703
697.477
735
727.408
750
726
742
736.856
728.843
725.303
721.353
718.245
715.785
715.313
715.115
715.742
734
743
739.542
742
727
729.741
729.309
696
726
719
727
718
720.185
720.889
735
765
750
758
756.022
754.879
703
680
687
688
679
680
711
720.021
720.944
724.649
727.173
724.949
704
708.546
710.16
706.836
707.143
765
761.999
748.039
773
768.925
758
766
734
730.279
732.477
735
765
774
804
791.827
783.655
779.108
789
789
780.439
776.76
774.077
769.805
735
765
760.381
773
758
781
777.966
774.54
734
745.033
747.802
758
774
773
750
727
734
736.321
726
729.549
733.631
742
734
735
739.918
743
710
711
727
730.742
725.67
728.621
736.46
739.707
733.291
731.318
737.212
750
750
766
758.057
749.203
745.031
727
728.373
729.946
731.686
728.994
765
764.38
754.874
758
750
742.034
736.451
733.074
742
719
719
720.659
721.822
766
763.152
750
719
711
719
703
703
705.425
707.192
734
735
734
732.489
731.155
727
724.866
723.048
721.622
703
706.085
705.794
706.482
703
705.522
789
764.284
758.227
755.488
750
742.589
711
709.571
687
686.806
684.94
719
730.782
733.605
828
800.644
786.663
851
836
815.047
805
801.955
793.977
785.275
779.96
775.336
769.553
764.99
762.636
789
788.566
773
773.702
757
757.406
756.118
852
859
832.477
822.656
812.943
800.382
788.121
812
844
838.648
852
844.104
835.349
827.556
820.166
813.581
774
421
535.708
758
764.771
766.952
777.482
777.627
776.361
742
743.766
742.863
741.597
741.433
743.658
820
813.561
803.532
803.221
805.182
750
762.902
762.278
761.012
760.918
762.405
821
816.148
820
789
798.17
781
773.989
789
789
781.255
777.605
778.093
867
827.686
860
851
852
828
824.79
789
789.75
786.405
783.656
783.435
875
849.892
842.264
838.057
797
797.855
797
793.793
793.709
793.996
794.215
812
809.081
807.573
789
805
781
786.728
774
776.564
789
750
767.569
766.358
797
790.77
789
791.239
812
789
774
766
768.413
750
781
774
774.823
776.788
776.926
777.258
777.881
777.997
797
757
770.814
765
766.307
781
775.857
851
827.525
844
835
833.147
797
801.907
798.518
750
769.564
765.654
765.074
844
823.138
820.354
818.635
765
775.931
750
750
751.784
750.673
754.127
755.837
757.464
758.424
914
853.587
840.395
835.219
826.499
805
781
776.509
772.104
805
805.078
805
812
806.275
796.757
791.046
787.194
789
789
789.099
782
804
801.955
800.199
798.124
796.797
794.118
790.773
836
836
797
795.343
797.209
829
836
804
801.257
844
839.921
829.085
852
828
825.087
823.091
822.443
820.196
844
836.799
830.209
825.8
826.742
828.352
859
821
804
808.028
828
827.525
835
829.295
844
842.249
821
828
829.057
826.663
825.528
827.015
827.636
824.942
823.659
813
804
805
806.276
805
807.238
809.161
810.702
781
774
796
801.844
758
734
738.796
727
731.748
742
745.241
750.031
754.583
797
803.88
789
793.098
774
765
764.634
765.072
766.819
766
789
792.159
788.872
783.012
821
843
832.093
844
836.36
805
836
833.952
824.64
816.574
814.193
820
816.464
810.882
807.76
808.924
808.543
805.468
805
804.552
805
805
803.61
803.463
803.012
803.465
803.777
843
844
844
840.563
828
813
812.262
797
797.558
773
782.117
781.101
784.335
765
766
773
758
764.768
765.175
766.106
734
742
741.504
739.983
742.073
744.003
746.047
747.945
750.19
752.14
735
745.711
744.305
750
750.204
752.565
755.097
756.957
758.638
742
750
749.083
719
735.973
742
737.982
742
743.433
750
742
746.662
750
745.816
747.958
749.181
746.022
758
758
789
805
797
790.848
786.091
780.68
774.645
766
762.809
766
764.103
765
765.127
765.247
835
818.533
860
846.141
836.994
830.67
836
836
830.456
813
810.771
808.72
805.731
851
843.98
883
875
867.209
843
842.167
841.704
838.454
781
766
773
805
820
823.686
825.319
829.415
832.528
789
794.482
796.626
742
750.7
758
789
796.473
789
795.462
801.184
797.958
790.772
774
776.806
766
719
742
746.611
749.179
758
765.505
764.416
773
773.778
772.073
766
767.024
727
750
734
735.497
737.582
766
762.326
703
724.953
719
717.454
721.116
723.417
695
707.237
709.14
640
610
615.016
616.619
621.326
629.567
578
608.094
608.173
610.326
616.787
621.822
626.396
555
579.983
539
545.544
554
554.543
539
555
547
555.497
557.233
539
550.312
563
563.455
585
584.786
587.419
589.425
591.482
601
610
608.897
607.43
617
617.463
617
617
616.955
617.225
648
641.258
635.088
632.308
649
640
636.902
634.607
631.832
609
612.65
649
638.257
633.415
629.895
630.512
695
668.098
703
695
656
658.811
656
651.63
647.433
633
635.069
634.357
601
613.928
615.487
594
601.628
604.998
604.889
606.67
602
609
625
625
626.458
609
615.446
615.759
578
590.532
591.7
592.912
570
571
574.299
575.936
577.955
581.398
584.727
586.894
588.656
590.929
593.166
586
578
602
586
586.897
602
595.904
617
608.53
605.425
607.342
606.023
599.226
695
655.138
637.751
633.301
630.586
656
646.003
664
665
656
687
679.413
674.589
673.234
758
723.32
707.22
702.145
700.292
700.178
696.319
691.853
688.087
719
750
733.14
724.141
718.379
750
744.926
737.009
703
706.426
696
696.136
693.084
690.021
689.967
695
696.312
696.916
695.127
694.589
726
732.666
734
725.532
726
758
781
821
804
797
789
783.133
780.032
775.195
769.774
812
836
827.461
813.349
804.649
789
773
770.21
768.466
767.169
766.011
765.068
765.237
820
821
815.11
805.956
798.021
791.594
773
782
781
782.999
789
788.708
785.376
781.619
777.834
774.291
789
789
797
793.859
789
786.213
785.005
774
773
772.168
771.729
766
767.583
767.615
757
743
745.579
758
765
769.243
773.142
776.449
778.555
780.016
781.134
781.403
750
742
743.288
742.967
781
797
794.197
797
794.316
789
781.59
774.508
766.693
813
805
798.338
812
808.916
800.955
844
833.259
813
814.111
813.698
806.939
802.672
799.967
1125
727
734
735.4
738.494
741.082
852
818.18
961
872.951
857.337
856.105
854.721
852.325
850.044
836
789
797.504
735
745.187
745.599
734
797
788.111
898
874.069
844
843.694
805
805.015
803.783
812
807.859
804.203
883
906
884.611
804
805.829
807.312
805.071
803.652
828
831.646
824.578
860
828
822.04
820.992
816.208
804
803.131
804.555
804.716
805.056
806.893
808.813
809.393
809.645
809.713
844
839.328
835.866
833.508
833.926
833.071
828
820
817.12
815.517
814.503
813.661
813.698
814.041
804
821
820.505
820.087
828
827.604
826.756
812
814.526
814.317
805
820
819.949
836
833.161
813
818.174
818.788
816.797
805
813.524
814.945
811.635
813.137
817.251
742
829.943
811.755
773
796.806
742
784.564
777.987
766
772.236
782
776.672
779.507
781.693
782.748
726
757.144
758
752.059
820
899
1000
945.766
976
922
906
883
872.167
865.423
859.645
854.968
852.187
850.031
847.865
845.825
843.473
841.691
840.208
839.024
852
849.264
847.598
848.147
847.946
847.621
757
840.256
781
836
875
866.813
922
915.245
937
933.256
933.251
931.203
930.863
898
909.741
904.867
901.856
882
883
922
914
908.511
908.27
891
900.385
896.946
894.126
892.469
766
834.867
829.633
827.688
831.439
820
828.787
851
846.535
859
859.478
828
836
836
812
820.617
758
782.109
782.027
750
774
804
797
805
811.183
750
771.704
773.366
769.892
687
719
723.73
711
722.648
696
705.241
695
699.534
700.755
702.386
695
700.005
701.637
703.468
705.139
707.297
758
756.247
734
719
711
714.081
715.205
750
745.918
739.606
758
734
734
730.659
726.843
696
711
709.486
709.774
709.307
709.766
766
754.731
745.26
740.83
737.562
743
736.026
719
695
697.623
699.22
711
716.183
718.93
711
712.35
726
730.203
725.779
719.81
717.197
680
685.164
686.259
690.14
734
766
755.981
797
774
764.847
757.429
773
768.973
759.06
753.228
828
819.099
883
856.094
838.791
922
905.068
883.898
867
868.334
867
875
868.574
864.189
864.412
864.883
862.291
875
859
868
866.878
863.862
863.364
862.761
861.773
844
849.448
867
828
782
804
806.587
797
804.336
808.53
828
831.185
883
898
892.129
914
909.776
937
926.133
918.894
969
955.349
976
966.342
961.9
937
939.282
883
906
875
875.693
876.513
876.03
876.906
877.971
880.172
881.187
883
883.965
884.881
885.397
743
734
750.289
749.852
756.371
767.794
930
916.328
937
946
937
935.734
934.727
929.602
719
750
794.044
799.096
875
886.346
878.367
877.101
876.376
864.803
855.248
849.11
842.2
789
781
789
787.501
788.509
789.603
790.238
790.497
844
845.17
797
797
801.628
801.476
801.534
802.671
803.711
802.345
782
785.089
813
813.001
813.719
812.004
758
777.652
781
784.257
780.907
726
738.754
742.678
748.451
757
750.48
752.935
761.393
781
797
797
782.246
781.912
790.734
800.152
795.008
776.965
772.135
778.456
765
766.854
763.241
763.434
766
773
742
758
758
761.143
759.295
758
773
774.543
772.24
768.727
750
757
750
751.656
750.383
812
782
779.355
782
773
771.182
772.264
770.543
767.679
765.929
696
733.725
657
708.824
701.447
701.436
704.545
707.042
708.595
711
712.057
713.758
715.204
716.536
717.78
718.998
633
678.834
673.583
609
602
607.617
607.758
742
719.113
718.604
875
819.56
844
820
781
719
719.068
672
672.879
641
643.834
645.3
647.57
601
615.503
609
610.977
613.081
614.787
616.815
618.828
625
617
620.218
621.517
622.166
623.478
624.856
601
615.026
601
609
586
579
585.944
587.164
563
555
559.772
563
563.961
578
578.585
582.993
586.254
589.325
586
589.744
591.796
592.019
586
570
575.282
576.619
563
562
563
564.615
564.041
566.148
568.219
555
558.572
560.093
559.248
546
586
578.708
562
571
571.777
555
562.336
567.285
554
559.59
566.652
547
560.278
554
549.396
558.437
531
546.341
523
529.002
531.11
527.978
530.407
533.584
531.269
534.435
547
542.401
555
550.693
553.125
553.1
552.753
547
531
539
523
527.977
523
516
515
516.016
515.503
516.939
517.47
539
538.631
540.416
541.352
542.567
542.218
541.802
541.45
541.144
540.81
540.528
539
524
539
508
521.165
539
533.048
523
524
539
531
531.147
531.891
531.496
570
556.207
570
565.349
586
580.039
578.093
617
604.782
657
638.66
632.174
703
719
691.045
681.235
684.634
687.479
683.897
680.108
656
672
640
664
660.222
655.641
656.115
656.47
656.06
610
625.77
602
586
588.876
570
573.093
570
547
552.631
551.358
516
523
522.756
523.588
523
516
523
516
523
524
526.82
530.28
547
550.138
539
547
539
544.222
539
541.37
542.771
543.065
547
545.827
546.255
546.798
546.489
546.369
546.854
546.623
539
540
539.92
539.331
539.213
539.151
539.101
594
515.615
601
538.885
541.546
571
586
562
558.261
578
569.67
461
1117
783.682
598.965
867
755.901
836
719
703
707.552
688
686.836
686.621
686.35
664
666.38
656
656
658.482
659.526
661.963
664.343
668.054
672.186
676.319
680.019
683.851
649
648
652.972
653.487
655.393
655.747
658.29
662.661
665
668.009
649
656
657.49
656.622
657.394
633
644.762
585
628.916
622.978
622.174
563
547
555
557.935
532
547
551.364
523
516
522.237
540
539.198
531
539.325
545.138
548.917
550.404
552.67
556.03
558.907
561.005
562.561
586
578
586
582.979
579.419
570
567.419
564.422
560.691
563
559.742
557.956
556.264
570
567.537
566.577
565.877
578
575.994
586
582.194
586
583.184
586
594
590.374
594
601
594
595.12
610
578
584.758
584.624
586
583.486
601
595.74
586
601
586
588.752
609
596.57
586
590.957
590.777
594
592.088
593.585
578
588.137
586
593
563
579.702
593
584.141
581.643
625
606.447
578
590.271
593.739
583.73
562
563
569.363
555
570
583.019
570
575.717
562
578
571
570
570
586
586
578
580.285
571
572.851
571.829
570.403
562
564.793
565.752
564.995
566.234
567.069
568.106
568.054
568.916
568.875
569.536
569.443
610
590.728
602
597.126
586
601
602
598.014
625
619.012
633
627.801
624.899
623.97
578
591.557
539
554
551.798
553.814
539
524
527.779
540
539
543.297
546.061
549.217
551.399
553.516
555.594
547
555
531
547
562
555
547
555
556.231
546
555
539
542.661
539
540
540.273
524
531
539
539
523
531.253
562
563
554.457
555.949
559.115
555.828
551.749
553.574
554.299
547.638
544.812
547.673
547.203
563
557.382
555.421
555
553.815
555
551.437
549.356
539
547
546.573
545.665
531
531
524
524.613
531
516
523.219
524.266
525.175
524
526.247
527.09
528.558
523
526.209
525.581
526.435
523
525.575
523
508
516.72
515.753
508
512.604
512.965
512.467
514.243
508
512.732
512.472
512.221
500
509.707
484
502.978
493
495.687
496.731
496.148
497.737
497.96
499.276
508
505.646
507.029
508.041
492
501.953
500
476
493.118
477
477
484
480.623
482.134
469
477.29
476.65
476.014
477.413
461
469
468.303
467.009
468.612
468.396
469.941
469.94
460
466.941
465.482
465.681
468
466.919
468.681
469
469
461
461
462.454
461
462.153
462.211
445
468.448
461
460.928
461
461.723
461.374
462.242
462.025
462.964
462.583
461
463.793
461
463.358
461.777
462.871
462.266
461
468
459.757
465.887
461
464.933
469
453
479.085
461
461
453
479.44
443.302
453
461
456.333
461
461
459.988
462.558
461.776
484
464.303
466.583
467.586
461
461
462.89
460.469
469
461
469
465.508
477
469
469.847
470.341
469.607
477
471.808
469
470.617
461
468.029
465.088
464.781
465.421
484
470.04
470.859
471.318
471.157
470.576
470.478
470.378
470.061
469.807
468
469.485
467.389
468.793
461
476.421
459.556
461
469
461
465.904
453
469.216
461.58
469
461
477
467.379
467.438
468.272
468.237
468.127
468.757
453
461
459.113
461
460.073
461.486
461
461
462.333
461.733
453
464.335
456.917
459.208
453
460.109
456.888
457.686
453
458.841
456.662
457.392
446
460.655
452.832
454.062
454.751
454.573
455.398
453
461
453
457.424
446
464.483
452.097
461
453.155
461
454.564
457.561
453
458.499
477
453
458.482
469
460
454
460.005
457.72
469
484
474.035
472.161
471.72
485
476
475.082
475.066
474.207
473.122
472.468
476
474.051
473.427
473.019
472.908
472.701
471.666
471.463
471.414
469
484
477.462
476.3
492
484.872
484
500
489.993
484
485.259
486.008
492
488.929
489.322
490.425
469
483.587
492
486.787
469
477.632
476
477
476.541
477.937
477
468
477
476
473.66
474.657
476
485
479.617
479.115
481.507
482.481
500
492.017
477
483.493
477
477.754
477.299
477.966
478.236
477.944
461
476.413
484
477.271
485
481.802
484
500
500
492
491.34
508
503.048
508
500
492
516
510.419
506.291
504.171
505.86
500
500
499.272
500
497.723
496.634
496.623
496.545
496.214
495.951
495.723
492
493
492
492.769
492.334
508
503.431
500
492
508
503.832
502.043
493
500
500
500
492
500
499.591
497.522
494.745
492
500
497.627
500
492.722
492
498.853
498.07
493.522
492
497.597
500
524
503.838
501.022
508
507.925
502.914
498.354
503.158
506.527
503.83
508
500.808
502.761
516
512.152
506.955
516
513.814
511.433
508
508.833
510.107
506.852
500
500
502.123
492
495.633
498.095
500
496.713
492
497.707
500.39
497.712
496.727
499.617
501.211
497.248
496.566
515
508
502.381
503.803
492
495.165
496.603
508
500.58
498.347
501.87
502.462
485
494.795
507
493
495.089
502.58
498.874
516
506.355
501.234
503.921
508
500.374
500
506.018
502.443
508
492
500.463
485
491.25
493.118
492.863
492.244
500
500
499.266
507
503.79
503.246
503.809
524
514.37
532
524.542
524
522.879
521.839
520.617
518.92
518.242
547
537.584
534.914
533.128
533.339
539
508
515.722
515.161
512.743
508
510.078
510.172
509.826
510.273
510.793
511.04
511.439
511.34
524
522.091
521.763
500
509.961
524
500
508.038
500
516
508
510.278
511.728
511.399
508
510.853
511.831
492
509.152
524
508.265
510.804
512.624
511.2
509.506
508
507
509.406
507.201
508.949
510.16
508.1
500
510.845
516
508.189
509.864
492
484
489.486
492.103
492.364
492
495.48
497.276
497.147
498.353
499.609
500.846
476
500
493
484
487.974
493
484
492
491.608
491.092
490.687
468
485
476
461
469.803
471.175
467.858
470.867
469
484
479.891
481.699
484
485
492
500
497.831
496.812
497.716
497.069
495.667
493
484
486.099
484.195
485
484.437
484.973
485.027
485.701
492
485
486.837
486.809
486.801
492
484
493
500
497.005
507
504.464
492
508
503.576
502.205
502.705
485
500
495.48
494.885
495.475
495.311
495.101
495.169
495.141
495.092
495.058
495.061
477
494.45
486.631
487.378
488.213
649
484
469
469
471.705
474.721
461
472.422
469
469
477
476
477.792
480.145
481.907
483.856
492
492.339
484
489.134
490.663
492.001
500
500.157
539
601
568.97
559.675
625
617.027
579
573.693
554
548.921
546.623
543.719
539
539.305
523
522.795
524
531
531
532.707
534.381
531
531.407
554
551.918
549.677
546.165
543.468
524
539
535.892
537.506
537.533
695
742
657.479
782
746.784
695
683.424
664
649.2
640.804
774
765
766
744.538
757
756.532
703
719
720.157
712.186
705.343
703.85
695
692.166
689.049
633
633
687
681.253
680.501
690.203
680
678.565
680.536
679.479
678.326
617
637.397
635.794
648
652.399
750
773
749.767
734
729.253
657
657.176
648
640.749
680
656
664
664
658.13
657.071
656
655.538
654.938
654.851
655.499
656.066
657.11
657.699
719
705.262
698.108
691.298
649
653.277
652.401
653.34
654.531
655.191
672
670.93
743
721.756
836
791.59
765
758.417
749.918
641
651.803
651.068
651.879
578
610.422
613.795
616.47
623.138
766
746.74
731.11
734.42
721.455
750
742.39
729.458
742
750
731.985
718
719.641
713.147
706.413
742
739.588
727
726.579
727.658
742
711
734
727
734
735
726
727
726.136
711
688
694.78
687
686.305
687.97
690.285
692.077
680
685.382
685.706
586
570
578
579.003
586.033
563
562
571
572.787
576.374
580.753
584.304
589.541
593.742
586
593.84
597.089
586
593.227
578
571
575.28
577.587
578
581.198
570
578
580.536
555
567.024
568.857
539
550.601
547
546
547.927
532
540.904
539.58
538.821
541.13
542.264
544.234
546.108
548.025
550.049
552.13
539
547.185
531
539
537.572
547
563
561.245
547
550.811
547
547.845
547
563
555.813
547
539
532
533.384
539
541.592
531
516
531
524
531
539
538.134
531
534.031
535.232
531
532.025
539
539.008
539
538.011
538.422
555
552.575
523
528.102
530.612
533.23
530.186
526.959
524
530.548
532.005
539
531.73
532.415
523
528.343
523
516
518.277
520.345
523.258
522.555
520.857
524
526.636
508
514.034
508
509.909
509.6
510.94
500
504.882
500
507
506.442
507.537
492
499.951
499.46
516
500
523
517.544
507
512.351
512.242
492
504.109
501.495
499.473
500.889
502.721
500.343
500
502.901
500
476
495.1
508
500.256
497.949
506.638
503.048
495.111
505.331
505.763
495.308
484
500
501.484
484
497.031
485
484.021
488.014
490.012
484.928
487.848
484
500
493.218
492.759
496.322
494.701
490.683
494.332
495.008
492
491.542
495.421
500
492.598
495.155
498.316
492
493.627
476
477
479.513
479.713
479.732
469
484
483.146
482.609
484.069
469
492
485.307
500
492.522
500
497.558
496.783
515
516
511.694
510.06
511.066
510.633
508.745
507.161
476
488.979
500
494.105
493.975
495.38
495.229
495.14
495.4
495.285
495.963
500
498.215
499.119
500
499.567
500.162
499.748
532
518.956
515.948
515.159
514.902
514.532
514.025
513.518
513.254
513
512.682
476
509.927
500.581
499.933
477
498.013
494.084
493
492.823
494.258
500
498.346
499.228
516
510.335
508
507
509.27
509.098
508
508.616
508.897
500
508
506.01
504.644
504.262
504.766
504.65
492
493
492
508
505.168
504.985
506.663
505.744
503.458
504.375
493
497.237
497.836
500
508
509.601
508
508.739
508.967
505.66
505.426
504.877
501.475
500.969
500.531
492
492
492.207
492
492.957
493.531
494.164
492
494.194
492
493.839
500
500.052
492
497.198
496.882
496.897
497.597
497.663
498.592
498.536
499.149
499.127
499.716
484
497.472
477
492
487.088
485
492
492
485
491.83
491.182
500
493
494.661
495.354
484
508
495.988
477
493.795
493
490.953
484
485
489.096
486.205
487.157
485
488.73
492
487.087
500
484
492
500
489.036
492.704
493.855
484
493.42
489.802
487.722
490.457
493
492
500
484
492
492
500
489.476
492
500
490.889
495.28
493.016
508
484
499.403
500
494.571
498.168
495.495
495.89
496.672
494.297
496.873
494.555
500
493.572
484
500
487.931
493.911
516
493.997
531
513.981
510.065
510.652
547
563
550.649
547
545.575
562
557.109
552.948
539
540.922
541.217
539
536.003
516
520.643
519.568
517.837
516.556
523
521.621
522.184
555
555
551.891
555
555
549.912
544.798
541.249
547
523
524
525.581
523
523.965
526.487
531
530.225
523
525.892
526.56
525.545
524
524.232
524.201
523.527
522.794
516
531
516
520.809
521.404
520.358
521.78
521.807
523.212
507
520.74
516.576
516.366
516.19
547
527.772
526.972
531
529.617
527.761
529.323
528.339
500
523.365
500
510.403
500
504.778
504.655
507
506.428
508
508.379
509.475
508
509.834
500
508
505.621
505.446
506.241
508
507.595
508.709
509.594
524
492
512.193
509.3
509.215
508
516
508
515
508.802
523
493
531
498.819
508
509.052
523
510.465
500
507.486
507.278
507.01
506.605
507.382
507.973
507.92
508.769
508.395
493
500
515
504.338
504.764
505.702
505.467
506.192
492
500
499.611
493
495.965
497.07
496.844
496.525
500
500.062
500
500.829
501.481
500
501.839
492
508
500
500.231
492
500
500
508
500.113
500
502.407
516
508
507
506.086
506.355
508
505.661
504.142
504.09
504.04
500
508
503.065
503.352
503.45
503.319
503.318
503.438
503.467
503.467
503.425
508
504.184
508
505.337
506.06
506.123
505.334
484
492
493
491.853
492
495.577
492
508
502.596
500
502.974
492
508.805
501.083
500
502.089
500.424
500
500
499.761
485
498.891
493.233
493.238
494.49
492
492
493.301
507
500
499.869
500.742
500.537
500
500.23
500.364
500.295
500.382
508
516
512.278
510.733
510.284
510.638
510.898
510.643
509.624
509.61
509.677
516
500
508
507.317
507.386
508
508.008
508
508
515
500
507.806
507.796
507.857
507.868
507.833
507.829
508.448
508.381
509.081
500
514.118
501.756
500
508
515
502.927
508
507.769
506.63
508.657
506.207
516
500
517.322
499.859
508
507.41
508
507
506.749
516
503.688
515
508
509.733
508.857
509.388
523
508.325
508
509.491
516
508.269
508
507
508.911
516
500
516
505.524
508.068
531
508
512.015
512.146
511.351
511.043
531
539
515.971
517.225
523
520.779
518.761
517.903
517.723
523
520.31
547
535.218
531
539
536.975
535.302
533.426
533.082
532.503
529.938
555
546.588
542.226
541.652
542.364
547
546
543.166
531
534.479
534.405
534.162
532.964
524
528.511
546
541.541
547
578
565.258
562
560.641
547
546.875
531
531.585
523
523.62
539
545.35
548.443
548.775
548.202
545.125
539
536.67
534.762
533.383
524
523
523
523.244
524.193
525.211
526.433
524
523
539
563
566.048
563.11
557.248
550.257
532
527.885
493
515
516
520.689
515
518.585
524
528.175
530.379
516
519.075
520.529
547
547.503
539
534.043
547
539
547
539
534.847
535.096
537.223
515
519.199
520.873
523.128
520.44
516.894
547
548.854
539.087
534.792
539.301
547
538.006
529.709
539
547
539.23
539
523
539
532
523
525.041
531.055
531.133
523.984
539
539
532.448
527.741
571
562
563
570
564.389
555.875
555.208
555
549.489
545.076
548.329
546.436
542.742
542.403
543.48
547
578
571
566.713
579
562
555
562
558.921
556.307
554.256
554.884
553.531
547
548.662
550.034
550.049
547
549.488
539
543.19
554
539
544.648
545.654
563
555
554.642
563
562
559.33
555
558.037
547
550.19
551.099
555
531
547
547
562
552.141
562
558.186
556.45
555
547
551.735
551.579
548.801
547.97
546
547.66
547.343
524
531
533.027
524
523
525.781
525.582
539
524
530.566
531.506
531.066
546
542.483
571
539
531
533.965
539
515
524
507
511.561
500
508
505.799
507.48
509.381
509.433
511.638
511.611
532
531
539
539
539
539.179
539
537.595
536.174
534.963
534.116
571
563.209
560.406
555
553.043
553.734
552.687
578
569.929
564.756
555
554
555.705
555.016
552.435
546
545.401
563
570
578
570.053
564.264
578
579.331
579.498
555
552.951
554.636
547
548.869
548.13
547.636
539
547
548.64
570
569.251
563.755
601
578
586
563
586
583.181
579.38
575.662
576.155
576.523
573.488
572.025
570
563
564.692
563.714
578
573.957
579
577.818
578
594
589.727
588.026
586.616
571
585
581.637
570
574.593
575.062
586
580.075
570
576.026
576.449
586
601
595.106
591.64
590.258
590.76
588.715
571
575.08
586
578
578
580.272
582.023
578.673
586
587.32
583.418
586
586.959
582.449
580.963
593
589.185
583.616
585.909
587.694
602
590.314
586
590.21
590.977
602
570
586
594
586.234
586
587.972
617
601
591.562
586
593
594
589.777
602
594.232
593
579
587.439
590.594
578
563
569.491
574.361
563
565.974
569.893
594
570
574.409
581.185
570
571
574.476
578
572.988
572.347
577.389
578.328
572.379
570
586
586.561
594
581.461
594
610
599.422
588.985
590.587
594
588.84
581.245
582.928
585.853
584.462
609
603.589
595.89
625
610
601.806
603.098
618
608.253
594
597.754
601.129
586
562
568.551
572.874
570
566.659
555
559.424
561.196
559.512
570
571
571.982
563
566.901
568.872
569.064
566.949
571
573.354
574.316
573.935
574.88
602
617
609.589
601.204
595.99
562
570
579
580.717
563
570
571.789
574.874
573.586
572.06
571
573.639
573.115
571.863
555
561.101
562.506
531
545.754
547.166
523
532.428
534.53
534.528
524
529.999
532.224
515
522.18
524.657
539
524
530.896
562
554.125
555
556.249
570
561.469
539
539
543.049
539.802
533.607
537.515
540.937
536.894
570
578
565.712
571
572.167
561.429
556.134
558.193
547
531
533.247
534.439
532.375
532.139
534.967
546
547
544.714
547
539
536.782
536.558
547
546.344
539
562
562.564
557.285
554.125
547
571
547
554
555.469
547
546.366
555
552.841
547.796
555
570
539
543.943
547
546.455
543.83
546.012
548.265
547.427
545.549
547.594
531
524
528.1
529.432
529.09
523
516
518.51
517.911
517.601
519.617
521.529
515
518.836
518.665
519.702
532
534.017
535.237
536.439
531
531.352
530.969
539
538.496
537.314
524
523
516
515
514.636
500
524
521.185
516
518.675
519.606
520.546
524
515
518.73
518.782
531
528.526
527.679
515
518.991
500
505.928
506.131
506.797
492
477
480.935
482.327
492
493.684
495.795
498.413
523
526.43
522.574
519.9
520.571
519.647
539
516
515.59
518.218
518.302
514.992
510.994
510.094
511.849
507
504.282
502.98
503.203
516
514.808
511.727
531
531
539
563
555
550.132
547.039
544.741
547
543.589
539
538.035
547
545.678
578
572.33
625
613.081
602.933
633
624.131
614.89
579
583.471
582.273
578
574.139
572.816
617
608.574
609
594
594.886
597.824
555
546
546.511
547
554
547
551.616
555
556.536
556.189
578
583.831
584.207
581.643
583.042
585.088
571
539
541.747
555
547
523
529.231
532.275
555
539
544.136
551.388
551.599
546.007
555
557.014
562
553.847
555.403
554
550.314
563
561.527
557.054
578
570
565.168
547
551.88
563
557.583
578
572.999
578
573.75
578
573.93
578
574.145
571.645
570.961
578
554
562.338
562.243
570
570
555
563.245
570
566.609
565.477
566.226
566.914
555
570
564.682
563.92
564.612
539
539
542.358
542.323
562
555
547
552.089
553.194
552.616
552.845
554.544
554.391
553.696
554.843
523
531
532.613
532.389
535.01
562
571
565.037
563
561.801
554.221
550.292
545.893
555
553.932
550.151
551.368
547
544.387
543.602
563
554
551.821
551.651
546
545.998
545.743
571
570
566.046
560.804
586
586
580.629
593
591.241
587.698
586
563
565.478
564.963
562.611
563
562.715
563.63
563
562.455
562.513
562.311
563
562.476
562.932
570
569.799
569.769
569.641
578
547
574.943
554
559.534
547
554.902
554.573
610
589.452
585.982
711
615.379
649
632.651
609
611.681
563
575.139
547
550.73
551.175
551.815
553.876
555.625
609
656
641
656
618
614.359
608.234
625
619.09
633
648
641.17
637.142
640
641
633
632.739
617
616.116
594
595.355
592.801
570
573.78
572.926
573.377
574.302
539
601
664
653.196
649.147
984
769.009
727.244
883
797.767
757.366
750
680
678.734
684.632
686.323
685.057
684.97
586
601.754
608.633
612.829
614.476
618.023
623.274
627.018
703
719
710.168
698.933
697.667
696.425
692.004
687.368
686.31
687.435
687.523
618
636.681
586
578
562
562.651
564.004
566.983
570.581
547
554.004
554.663
593
597.829
604.559
633
643.003
647.636
650.118
586
594
593.648
578
586
588.697
591.739
579
583.343
585.661
570
572.987
586
585.257
582.517
594
592.937
570
576.406
578
574.296
573.884
576.992
576.196
563
562
547
549.818
546
547.751
532
547
539
540.713
543.158
543.479
545.877
546.536
548.745
524
531
529.539
523
532
529.517
532.625
531
524
529.674
527.919
529.658
532
531.166
539
537.746
538.66
539.494
516
531.364
526.419
547
562
556.569
578
572.821
570.913
568.915
566.845
539
531
530.283
529.422
531.16
532.827
534.484
535.859
536.984
538.032
563
561.692
539
540.703
531
523
524.404
523.636
524.266
525.037
525.257
547
532
535.841
536.469
536.294
523
524
525.256
523
524.969
539
531
532
531
523
525.381
526.439
547
539
537.527
578
556.985
552.538
553.256
549.846
546.474
563
557.542
551.199
553.113
570
561.166
556.472
617
602
589.864
587.58
602
591.626
618
609.821
603.708
601
599.694
596.991
593
590.924
602
601
597.208
596.548
597.842
597.111
595.748
593.781
593.024
649
619.224
641
609
610
609
594
609
604.805
625
615.537
625
621.683
594
604.618
604.12
586
592.789
593.124
592.143
592.944
593.762
594.293
594.777
579
586.233
602
625
617.976
615.941
641
636.445
631.299
629.166
629.669
625.43
621.934
640
656
646.526
672
687
675.492
667.43
667.587
664.717
633
641
656
651.024
645.436
646.834
648.539
644.689
688
681.74
672.44
680
648
648.646
648.536
645.338
643.545
645.514
644.51
642.383
643.179
750
750
742
711
705.446
697.997
734
726.651
716.221
705.185
758
757.341
750
766
742
736.1
737.446
743
726
721.273
719.169
703
703.182
711
708.497
706.352
705.473
711
703
705.137
706.763
707.164
742
733.857
730.257
774
767.81
759.622
755.99
756.377
753.363
710
715.439
716.6
679
693.932
695.972
696.445
699.847
704.328
705.113
705.97
707.564
695
699.116
697.758
697.685
697.797
698.983
797
767.786
761.687
758.735
754.292
749.452
746.293
805
791.232
780.888
891
906
906
891
880.329
836
827.722
826.559
805
801.899
859
844
837.467
833.694
831.397
820
797
797.089
794.443
758
774
796
796.973
798.121
801.809
803.121
802.112
789
804
803.112
804.768
813
813.907
812.484
810.576
808.215
805
812
813
810.47
811.165
813
820
817.244
774
796.932
793.911
765
774.804
776.288
775.137
797
792.187
794.248
796.298
781
787.577
786.928
836
836
829.827
781
787.89
789.646
789.22
812
808.454
820
816.013
810.505
773
780.171
779.81
765
769.699
771.45
757
758
759.67
758.643
789
794.613
844
840.853
844
835.139
825.976
817.949
773
775.426
797
828
828.888
875
873.574
862.243
853.043
843.265
832.92
825.219
818.934
742
759.727
758
789
799.84
805.793
809.337
805
800.404
796.221
791.831
774
776.322
820
836
835.343
825.744
820.133
816.091
867
866.515
855.058
735
758
774.527
784.892
786.12
775.942
771.33
742
766
742
747.994
745.393
734
736.586
742
748.399
750
774
765
765.646
773
776.897
779.781
779.68
804
803.56
801.74
800.057
799.093
789
781
765
766
762.84
763.075
763.741
836
805
801.933
789
797
793.302
805
800.259
789
788.311
786.749
783.54
820
810.52
804.217
801.292
799.299
813
809.233
803.956
828
822.551
816.901
742
785.28
782.604
711
751.02
749.852
746.537
688
672
648
649
649.509
651.349
653.795
609
628.421
617
625
625.129
626.76
629.433
641
649
656
648
656
659.257
656
660.673
661.939
663.963
666.19
668.15
669.469
671.62
673.359
664
648
651.255
648.937
647.555
646.995
647.346
647.62
711
688.33
683.143
681.305
677.717
671.259
665.646
660.833
658.168
687
682.123
675.649
680
678.4
671.696
668.196
666.502
719
699.97
688
680
679
678.263
675.233
671.294
667.828
666.552
666.012
734
699.368
711
705.482
701.832
697.167
727
726
716.194
734
728.542
723.681
726
727
742
734.735
742
738.059
736.72
736.352
733.888
732.682
781
761.093
755.12
752.029
751.664
750
746.544
765
758.052
754.473
758
755.35
754.589
753.772
734
741.113
739.387
781
828
821
836
827.875
820
758
726
672
678.348
678.513
758
794.066
813
813.451
806.342
890
889.784
865.762
847.174
836
828.933
818.498
781
773.862
743
736.786
734
734.592
736.237
797
823.695
824.187
818.575
758
755.984
734
729.707
719
734
744.197
755.975
766.1
797
811.566
814.545
812.776
808.061
773
765.487
759.406
813
823.836
813.019
797.594
784.82
778.228
770.192
812
782
774.988
777.976
758
757
759.794
758
758.134
727
687
690.186
672
703
714.931
719
725.999
736.563
734
737.388
739.622
741.232
766
766
767.732
767.493
767.189
765.672
774
770.759
769.179
789
785.915
766
774
771.206
767.512
764.334
761.001
759.148
750
773
774
771.225
770.623
774
772.813
774
771.684
770.446
804
774
775.263
776.564
781
773
773.92
775.454
774.908
774
773.246
765
742
752.175
753.198
754.092
755.345
756.885
758.159
758.873
759.442
774
773.17
772.78
772.153
742
751.625
752.036
734
740.065
750
750.941
766
769.09
719
734.954
737.793
711
718
721.406
719.435
722.558
725.328
743
741.418
742.477
742
743.662
741.596
741.212
741.133
727
732.336
718
727
724.037
735
734
735.259
735.307
735.918
719
726.92
703
710.177
711
696
672
671
672.035
696
703
710.538
714.345
766
773
767.747
762.11
695
699.104
699.016
700.013
703.672
688
692.616
735
743.239
738.05
735
728.313
723.769
718.609
773
750
735.862
727.984
711
727
726.728
734
727
721.085
719.113
723.609
726.644
723.999
718.879
750
743.439
890
891
898
867.247
821
789
779.455
703
706.631
706.116
712.542
664
687.363
689.336
695.585
664
675.765
677.983
679.221
680.829
703
703.192
704.617
706.268
711
711.418
712.158
782
778.797
775.785
775.205
868
852.121
812
813
742
745.588
719
718.528
742
740.598
740.894
742.261
744.724
745.658
744.403
804
805
793.646
781.691
828
822.66
808.162
797.514
750
765
766.165
735
765
758
759.883
761.35
821
812.572
781
782.654
758
766
762.257
750
703
711.757
713.916
715.962
718.892
723.82
727.948
773
779.452
777.266
782
781.457
774.997
757
758
735
732.004
729.038
729.589
731.596
734.299
737.292
844
813.46
806.805
773
764.71
756.913
748.933
765
763.606
789
785.976
778.085
782
774.71
767.639
764.624
761.625
759.354
742
744.672
743.765
750
751.119
711
726
742
750
782
781.006
781.496
773
769.532
764.748
719
728.681
735
738.317
742.44
747.944
749.854
734
738.31
738.906
734.633
735.342
737.045
703
715.175
715.604
713.548
641
672
672
679
681.896
633
657.466
658.773
610
627.401
631.746
631.115
633
633
656
655.655
672
671.847
674.875
678.388
703
687
687.865
690.653
664
670.386
640
644.435
641
641.181
643.16
679
674.893
674.201
675.026
695
689.053
685.019
681.74
678.355
674.493
670.539
666.928
663.872
672
671.22
735
720.43
715.443
712.035
706.318
699.073
719
672
664
664.29
663.031
703
696.868
695.364
693.01
719
714.5
718
696
693.66
687
719
719
711.867
727
718
714.728
711.524
719
716.559
713.267
709.941
708.726
695
711
707.664
672
684.946
703
699.733
697.614
774
773
789
777.999
770.436
765
756.988
719
703
703
703
719
725.75
766
765.989
759.577
774
766.62
758
742
732.936
735
729.778
726
734
733.128
727
734
732.246
729.506
729.58
711
716.325
713.813
713.948
715.277
711
713.546
712.231
712.524
712.514
712.515
734
742
744.871
745.815
742
735
734.127
733.114
688
664
668.997
703
714.101
721.955
726.809
728.856
750
751.042
726
750
751.254
742
735.615
734.632
773
763.869
750.7
774
742
738.949
726
726.095
695
698.902
701.14
703.768
704.555
706.563
708.774
709.126
709.381
789
797
804
790.806
784.925
781.414
781
774.93
769.516
765.56
829
823.939
814.376
804.286
836
838.113
859
845.546
836.467
836.714
838.486
875
865.072
882
871.825
843
843.252
845.941
845.827
842.285
837.055
766
791.276
792.92
795.548
795.741
795.413
796.075
797
799.391
800.911
800.648
867
858.932
854.086
852
851.163
852
847.657
867
844
891
906
906
914
875
877.224
844
845.109
812
814.257
867
863.561
945
938
928.988
919.636
911.281
900.964
891.394
860
855.074
851.717
797
883
873.119
883
882.86
828
812
813
813.211
817.572
822.71
828.077
831.79
844
867
871.24
871.084
869.831
869.041
875
859
859.007
858.972
855.705
852.132
844
852
849.179
846.6
846.367
929
903.813
893.687
844
844
843.044
842.043
842.121
842.414
829
833.223
833.325
930
893.893
882.392
878.144
922
912.235
922
909.633
902.424
901.21
900.099
851
854.601
867
868.904
865.592
862.238
866.516
789
815.267
820
844
843.106
875
867
865.421
820
831.091
828
860
898
906
907
914
890
882.106
883
872.982
852
812
828
826.195
829.762
833.894
898
901.635
891.525
886.94
875.442
862.147
851.047
842.493
836.323
833.051
844
850.222
853.554
855.645
938
934.739
924.531
915.738
922
912.229
852
804
804.882
805.492
809.229
813.354
819.436
825.959
868
884.579
852
859
866.322
865.974
857.556
828
830.341
852
859
854.007
846.891
848.277
882
883
874.233
865.118
863.512
868.014
867.306
857.139
850.602
850.643
875
836
820
823.183
797
800.34
801.865
804.824
829
837.89
839.693
840.695
781
793.604
795.354
798.975
802.164
805.105
688
739.141
734
711
742
743.95
781
782.233
788.491
791.997
794.33
938
888.591
872.21
867.105
861.151
855.019
899
884.386
874.021
922
945
953
943.278
939.495
953
898
891
898
893.617
953
940.396
930.232
927.153
925.167
937
929.973
923.754
919.372
976
977
961.467
952.295
948.568
992
984.086
953
946.251
950.526
937
933.6
907
882
883.459
885.457
889.692
836
921
929.266
992
1000
989.282
983.513
980.173
898
828
829.115
829.201
833.781
859
844
855.118
774
790.074
789.183
812
820.916
829.603
1031
1012.55
991.551
984.267
971.747
867
898
891
876.327
874.434
930
932.018
890
889.95
895.99
885.76
875.799
877.959
898
891
882.501
867
875
873.05
813
820
867
875
868.774
906
917.972
908.912
899.43
908.022
908.902
797
844
855.492
867
836
844
861.079
859.802
844.101
849.097
861.45
859.546
843.846
848.125
734
758.245
875
864.769
847.555
849.866
859.918
851
836
820
797
801.878
742
742
727
728.398
750
757
765.226
774
780.183
782.613
820
821.843
820.577
883
867
853.674
859
852
851
852
847.935
843
841.387
839.657
805
810.654
735
762.142
758.233
890
867.915
862.929
861.424
867
844
839.169
813
804.282
799.684
797.851
829
836
837.802
852
851.517
898
891
882.076
898
899
886.446
878.491
875
866.758
899
890.246
882.442
852
789
758
757.604
664
657
656.521
657.022
660.412
625
625
609
613.757
625
625
628.855
657
687
695.011
701.232
707.525
719
725.627
729.114
726
711
735
737.458
737.834
737.333
758
758.911
754.824
751.88
749.498
797
790.141
773
766.988
758
757.82
755.606
742
738.774
719
718.525
716.982
742
735
736.47
737.446
740.322
789
782.183
774.39
767.895
764.556
742
737.412
735.933
750
755.083
758
752.997
742
742.989
789
785.581
780.107
770.406
761.582
758.047
759.062
859
819.637
820
791.193
784.337
784.372
773
770.352
750
747.058
748.137
752.531
844
836
809.235
792.709
789
781
776.08
770.537
774
820
818.539
808.589
890
875
857.102
847.689
789
786.448
734
735.929
773
796.097
802.933
802.481
799.547
793.453
784.894
868
851.694
834.819
825.579
818.417
809.93
800.532
793.449
787.973
783.731
781.464
780.738
780.184
779.296
779.077
778.595
774
757
727
731.537
729.106
729.518
732.003
687
735
727.727
782
776.158
899
860.081
821
820
817.714
813.921
810.135
809.45
696
733.139
732.346
735.809
773
780.294
742
766
768.463
762.11
859
875
860
842.49
805
797
787.276
776.568
771.186
768.522
851
846.407
838.736
844
835.057
822.57
836
867
890
930
912.742
896.994
914
910.517
922
922
883
877.395
877.487
844
843.328
804
766
742
741.294
742.195
746.59
782
828
844
856.05
865.499
869.873
742
762.548
765.969
771.956
780.235
791.718
802.053
806.112
808.191
914
907.449
892.668
844
841.174
812
800.847
930
900.214
946
923.77
904.776
914
900.526
906
906
914
907.204
902.142
946
937.686
927.5
774
718
735
711
718.32
813
847.99
890
860
863.979
851
845.502
828
827.183
827.643
797
799.823
781
781.541
782.296
783.246
784.858
735
750
734
735.655
736.798
738.057
739.807
741.418
820
817.157
816.177
811.165
805
805.581
804.914
803.812
802.88
718
738.42
742
747.131
782
789.637
789.931
786.868
781
773.975
768.042
763.434
760.141
757.312
726
704
704.886
695
742
735
742.814
749.347
752.788
820
816.418
773
776.198
771.851
762.712
742
740.106
737.677
735.116
736.058
938
992
874.889
854.543
938
918.275
886.18
828
804
789
786.979
784.831
750
750
781
795.706
793.42
785.049
953
930
891.412
890
844
831.114
821.985
836
831.995
812
807.051
809.543
809.635
807.845
890
889.731
869.965
961
940.086
908.721
899.778
945
924.719
904.061
897.95
805
818.182
818.765
750
762.478
1054
1063
957.673
949.478
946.337
1015
971.223
969
929
920.559
883
875.06
873.339
869.547
898
900.951
899.723
969
945
930.951
924.888
914.571
903.148
893.984
782
773
789
793.469
797.095
802.128
781
787.628
1078
984.38
1024
1000.14
982.457
972.48
961.08
948.93
936.921
774
781
785.15
788.081
792.165
796.319
828
833.513
833.745
742
757.696
761.372
761.891
875
867.327
864.994
863.728
862.332
859.084
857.358
856.657
858.256
858.628
898
895.226
892.828
891.131
891.131
898
895.222
891
886.564
883.407
907
900.731
883
884.345
781
813
815.711
815.028
818.006
781
898
883
938
923.97
977
964.942
957.15
953.698
949.115
836
869.07
865.259
781
810.845
817.025
820
852
875
883
898
898.297
812
838.682
727
750.131
703
707.853
711.631
844
847.439
851.513
852
852.572
961
992
958.936
940.522
939.256
932.163
920.183
883
938
935.406
923.189
984
976.201
1000
989.058
985.235
985.262
984.062
981.373
977.938
974.76
970.653
966.26
930
933.095
961
954.238
930
935.883
939.452
914
929
927.471
906
915.352
915.786
913.601
915.38
916.33
917.264
918.102
920.009
921.348
923.291
891
905.39
903.77
902.953
828
903.147
893.192
889.176
891.682
894.476
895.545
897.113
899.09
868
887.635
922
908.872
891
898.222
953
935.462
927.011
890
899
875
836
848.958
857.163
851
853.531
906
912.54
899.274
843
851.726
922
918.458
898.327
892.726
900.514
852
851.255
856.674
899
906
888.917
890
895.235
875
866.221
867.383
869.818
862.897
855.26
857.389
860.609
861.332
856.822
1070
1055
949.2
984
974.019
938
926.706
953
946.714
933.262
937
906
836
847.15
805
804
804.1
805.349
807.396
809.1
811.204
852
852
855.993
858.616
820
828
828.73
828.59
922
922.923
921.875
916.934
915.216
899
890
885.486
852
852.055
849.663
758
798.891
742
745.883
719
781
775.07
867
861.526
836
841.624
842.368
838.89
836.992
797
781
766
765.758
765.4
767.088
769.446
771.919
774.575
758
764.674
734
742
741.356
740.778
742.747
743.774
719
695
700.415
697.686
699.767
701.888
705.349
828
818.976
820
813
807.454
800.287
792.646
836
830.295
820.912
852
850.473
842.914
859
856.252
851.522
789
795.394
795.548
765
727
719
719.478
721.961
724.948
728.028
758
760.571
763.542
769.136
774.809
836
835.536
836
831.646
829
825.704
821.11
816.308
828
826.24
836
833.06
831.758
821
812
809.299
805
803.119
802.059
801.314
789
790.571
789.975
859
845.153
838.347
891
880.028
869
860.676
836
813
809.76
828
837.996
840.817
836.799
831.812
827.798
851
852
845.418
837.06
832.776
867
867.947
858.335
860
843
840.354
841.097
841.247
758
788.865
795.171
799.188
758
771.326
776.262
711
730.461
733.688
736.386
736.915
750
789
789.716
788.857
852
851.688
899
898
883.493
820
825.34
797
788.415
788.737
790
813
820
813
851
847.857
828
827.673
797
797.536
793.751
790.839
790
804
802.989
804.765
806.516
820
820.312
789
795.435
758
734
719
718.84
679
688.688
664
664
719
797
810.785
813.513
815.883
859
859.988
797
802.547
805.892
805
799.631
852
851.811
836
831.544
828
818.543
810.384
806.336
891
873.142
867
855.497
828
824.43
789
784.33
758
758.416
766
812
831.395
837.282
836.064
859
859.029
848.206
838.693
844
836.887
844
820
820
758
763.718
763.285
766.297
710
735
735.05
739.713
746.749
883
930
930
953
943.217
844
845.669
841.313
750
762.545
766.022
763.089
766.963
875
876.983
851
853.105
766
773
776.462
769.923
891
886.327
864.867
750
757.317
758.062
755.253
756.61
672
684.604
686.074
688.133
691.522
698.565
706.628
709.791
711.79
712.708
789
789
789
787.734
758
759.316
759.867
750
789
820
813.496
803.556
802.622
802.899
875
852
834.06
844
844
843.048
838.524
789
750
752.416
754.237
758.234
761.606
805
816.944
814.215
844
847.078
836.404
805
797
792.249
785.612
765
767.106
769.512
771.429
774.324
844
855.515
851
844.578
835.751
758
761.864
734
730.732
730.802
732.507
734.934
737.632
828
821
819.32
750
742
719
716.754
820
859
846.095
827.028
811.077
799.674
922
875
855.325
837.653
830.738
831.792
789
782.47
780.31
780.358
780.432
852
846.553
820
809.831
804.145
800.102
789
805
797
793.44
791.786
804
789
766
769.932
742
745.717
782
787.982
794.131
797.251
812
789
758
750
735
732.487
733.842
766
774
782.358
789.723
790.74
788.071
783.682
777.495
770.473
764.863
760.26
757.05
703
714.41
714.327
717.351
722.331
726.272
867
824.616
819.369
814.687
804.384
797
786.892
776.588
813
820
812
829
823.376
814.239
807.537
800.678
794.448
789.691
786.479
804
829
822.761
816.399
836
859
860
850.522
841.991
804
801.81
742
746.41
746.731
751.762
758.753
765.79
772.469
875
875.271
875
852
859
859
847.98
851
843.616
859
853.545
844.115
804
758
758.241
759.62
657
656
656.491
648
652.004
648
680
686.457
694.086
699.713
727
742
749.085
754.209
766
750
752.907
735
736.142
735
735.214
750
750.295
773
781
779.745
778.287
776.828
775.19
750
742
738.546
734.554
731.304
730.442
731.233
731.464
797
797
789
773
764.744
755.058
745.411
740.567
737.935
680
702.253
688
758
764.846
765.972
867
852.404
844
833.32
821.462
781
772.366
696
664
703
736.062
755.464
767.129
953
969
914
898.189
884.182
867
847.869
805
781
773.597
769.004
750
748.948
750.266
812
829.337
828.745
821
814.179
808.527
800.395
859
883
906
879.106
890
860
850.256
820
815.066
814.035
814.742
816.697
782
765
764.907
750
752.261
726
711
710.788
688
711
710
713.82
717.146
773
787.925
796.97
801.253
806.958
814.659
867
867.357
863.332
836
833.677
836.064
844
838.93
831.292
828.279
829.48
867
821
820.112
820
813
810.413
807.518
812
844
837.955
875
859
852.04
848.01
846.618
842.66
828
805
805.44
806.54
813
818.363
822.406
826.375
836
836
833.821
844
844.235
837.906
821
843
821
851
844.292
906
914
938
844
859
836
837.076
851
852
836
841.193
843.164
842.649
922
888.435
929
913.101
843
849.98
851
860
855.25
853.778
855.764
836
813
817.633
812
758
797
794.686
852
828
836.12
842.151
837.48
837.408
839.095
929
896.344
898
890.173
886.31
884.652
879.185
873.874
870.303
865.887
898
922
937
915
908.005
908.125
908.153
903.546
897.705
937
928.952
953
942.198
934.744
992
979.954
967.607
976
969
953
938
898
900.083
961
957.496
948.762
945.397
945.694
914
911.736
859
861.735
861.268
891
904.525
891
898.28
903.392
903.198
902.779
922
906
905.242
906.01
905.524
904.493
930
930.958
924.552
929
927.193
946
938.303
914
922
922.186
917.888
913.612
913.925
898
891
883
859
861.899
862.499
863.356
844
843
844.326
844.064
845.611
847.201
848.947
899
907.504
911.515
914.043
917.401
922
922.207
921.024
920.228
919.765
917.43
914.916
912.343
909.917
907.504
905.076
820
838.316
849.61
828
836.611
805
812.356
813.461
727
695
696.924
828
829.947
899
890
922
922
891
893.785
812
782
782.626
813
830.798
838.418
852
857.463
844
836
834.734
836
852
847.465
842.668
840.535
837.344
832.627
805
805.063
801.236
812
797
820
823.683
890
891
882.314
883
876.488
914
903.934
891.227
884.392
882.952
879.293
899
892.988
907
882
884.431
884.475
881.532
878.723
875.895
874.301
873.569
898
860
865.657
865.966
852
812
821
822.055
797
781
786.424
786.79
787.508
851
851.684
828
837.608
841.26
838.909
840.377
844.583
844.172
883
878.662
922
937
923.415
922
919.967
930
924.171
898
859
844
844
828
852
843
899
896.328
896.029
893.949
890.532
886.093
773
818.843
815.535
766
786.18
789.283
787.882
795.071
801.456
937
922.168
916.75
916.237
908.558
898.978
976
922
930
922
912.617
930
922
961
947.321
942.089
942.928
922
922
945
937.558
931.948
945
953
946.972
944.743
942.676
939.245
935.576
934.02
932.401
930.989
929.544
929.476
929.979
930.344
883
916.589
898
900.841
902.003
882
890.997
906
899.853
914
911.049
913.726
915.193
916.406
917.037
917.75
985
965.924
961.888
958.925
957.833
958.618
955.946
952.737
883
905.959
902.922
901.761
859
877.701
877.899
877.979
880.733
883.357
875
878.787
879.181
781
805
805.057
844
836
847.66
856.332
858.078
860.572
866.11
750
750
773
780.451
786.596
828
797
851
853.257
846.995
922
905.742
891.41
891.043
921
930
908.608
906.571
907.897
901.402
895.776
836
846.585
846.523
882
874.131
890
888.669
885.725
883.475
879.795
875.707
828
828
828.08
859
867.478
922
985
961
945
938.735
925.841
912.111
901.542
891.922
883.46
877.288
922
882
885.433
887.671
884.376
882.595
938
937
927.762
920.584
836
890
885.482
891
898
893.904
882
899
867
859
836
860
857.727
860.15
875
874
773
813
789
790.476
792.124
843
829
836.111
842.36
842.857
851
850.349
851.951
852.632
852.817
898
907
899.168
892.795
889.316
922
915.147
905.524
899.544
774
810.63
816.846
819.944
822.735
851
853.702
855.065
937
891
922
805
797
801.394
803.315
828
830.983
860
862.543
789
806.72
808.231
757
743
747.883
748.263
750.938
756.966
761.054
836
835.443
781
789.69
750
703
734
821
822.773
774
783.212
794.943
790.168
914
867
841.128
834.669
828.555
813.81
800.389
882
915
875.133
848.02
922
914
878.74
863.777
868.586
867.52
899
851
828
837.855
842.806
835.068
824.525
824.141
831.178
834.091
914
888.468
781
790.558
796.386
807.968
961
1062
979.99
940.185
931.848
927.011
945
928.335
910.036
902.161
896.656
993
971.461
844
842.734
821
836
848.753
836
830.45
830.777
766
778.125
782.977
672
664
672
677.114
682.334
633
609
617
622.157
656
703
789
797
852
867
865.734
875
867
866.143
864.897
863.631
862.365
861.385
672
679
688.529
703
774
786.556
875
843
837.922
852
842.601
789
766
761.681
755.119
750.761
751.488
743
744.603
745.781
747.357
749.333
789
750
761.444
719
728.599
727.87
711
711
712.248
713.14
813
798.917
792.763
790.935
791.456
726
743
726
725.337
727
750
734
738.91
774
768.306
821
843
829
796
774
764.835
757.882
789
785.691
727
733.277
773
852
827.3
812.165
807.186
961
953
922
883.725
873.578
789
750
774
802.29
809.325
969
945.446
908.377
890.599
805
795.974
727
758
771.258
789.18
792.737
793.177
793.609
922
915.411
813
805
818.626
825.974
813.554
801.913
820
830.444
789
787.429
703
723.038
618
644.24
646.893
609
619.521
672
695
701.172
707.443
717.609
725.57
993
929
883
867
865.734
805
803.617
805.858
803.178
798.303
922
902.067
877.784
836
834.734
834.228
826.44
821.155
789
789.497
791.36
788.851
703
688
691.363
692.231
694.185
695.923
868
859
813
817.73
821.556
813.379
813
789
765
762.535
761.739
761.685
762.387
758
766
836
875
853.51
898
891.115
874.736
861.293
774
750
746.44
750
754.339
758.155
891
894.722
883.79
875.632
867
883
859
848.63
875
872.637
859
850.652
846.438
852
867
856.993
850.899
875
882
922
908.238
895.637
836
828
844
846.751
845.687
841.61
930
922.475
859
856.473
863.985
851
844
841.147
843.802
848.318
848.353
844.05
750
798.612
800.712
802.297
797.547
800.011
807.512
602
697.278
570
606.367
606.492
585
571
581.496
586.107
588.839
591.951
836
803.918
802.652
801.735
802.533
803.183
859
836
834.734
797
773
775.489
774.405
773.139
771.872
727
750
751.536
750.27
891
906
899
872.337
854.876
847.908
821
781
773
766.999
766.768
768.508
1063
952.566
923.412
1031
993.088
960.238
947.301
942.44
932.89
907
900.709
976
993
968
947.258
943.229
875
898
905.072
904.207
828
844.038
862.923
852
852.157
854.744
906
904.721
945
940.389
938.45
938.776
907
905.533
906.42
977
958.926
941.025
945
946.608
937.065
929.18
927.404
914
909.644
907.097
904.96
930
925.065
924.151
976
967.34
930
927.36
927.434
919.679
883
889.621
929
914
909.649
915.765
919.479
913.187
911.244
916.826
890
895.232
899.511
1039
984.025
959.772
1000
953
945.751
945
940.037
931.935
928.256
930.37
928.501
925.879
898
922
906
908.626
910.213
828
897.273
887.76
885.976
888.791
891.105
906
922
914
890
828
854.581
855.562
727
719
721.366
687
697.087
704.374
707.272
781
792.672
828
836.671
797
773
779.899
781.198
780.875
765
767.832
757
790
790.208
781
781.781
757
762.701
750
750.405
758
756.832
758.012
757.83
757.912
757.926
756.718
836
819.209
891
871.266
914
904.012
894.35
891
867
875
870.77
866.424
864.816
864.201
864.629
864.291
914
906.099
859
820
828.059
765
758
773
789
844
836
899
914
903.497
897.266
893.209
885.028
867
883
938
961
937.459
922.767
917.832
960
951.77
938
929
946
947.67
992
975.347
957.781
953
954.586
952.196
929
961
958.994
914
916.579
922.34
926.715
921.904
915.94
922
875
882.758
969
956.663
985
1015
1016
1003.49
996.557
992.96
922
928.006
828
834.938
834.547
836.218
1024
1011.19
1005.31
1001.24
969
883
882.144
899
912.664
916.716
919.382
1102
1063.68
1038.33
1062
1043.99
1046
1035.52
969
964.902
960.517
949.04
942.544
921
920.046
922
891
921
923.769
925.548
927.624
946
948.087
946.844
947.013
946.756
946.716
946.227
945.936
984
980.309
977
980.407
981.902
976
976.661
961
945
961
930
937.619
936.668
935.396
935.947
936.514
992
980.989
977.411
975.808
972.695
930
939.731
938.625
938.024
922
937
937.155
934.713
938.536
891
890
891.524
891.079
852
843
843.448
844.33
847.166
850.466
852
883
889.49
875
881.514
886.651
906
908.266
937
938
935.294
914
913.645
912.77
909.315
905.785
984
970.791
961
954.358
947.172
939.592
933.96
929.269
925.483
945
930
953
947.881
914
867
874.641
875.994
878.919
1023
993
978.155
972.528
961.131
949.303
938.883
929.691
922.439
917.838
914.698
915.355
993
981.787
971.046
961.757
1000
969
922
924.351
927.284
926.056
922.842
922.831
923.896
906
898
868
870.028
914
945
952.203
950.749
946
939.793
932.132
925.308
919.673
915.33
985
979.718
969.903
962.704
930
924.912
953
930
929.037
928.945
929.589
1015
988.086
970.173
977
953
922
920.887
828
805
804.921
914
950.47
959.083
955.392
954.161
948.158
937.049
927.426
828
797
796.247
795.754
798.786
802.058
806.157
984
979.861
985
914
908.834
909.095
1000
961
942.531
927.784
985
945
938
937
953
992
1000
980.943
968.187
967.158
890
890.37
891.369
892.184
891.181
889.356
680
688
711.744
728.286
680
723.374
664
698.142
706.999
672
682.334
689.366
692.612
695.166
698.265
701.241
704.376
707.603
781
782.167
783.717
784.701
883
881.734
844
844
848.458
847.192
789
765
769.547
770.226
768.96
805
806.111
859
850.91
838.699
830.156
825.22
818.116
810.499
804.597
799.944
795.538
792.134
789.634
788.549
787.983
787.241
786.262
828
820
821.362
816.033
810.683
805.245
800.226
796.522
793.243
774
776.979
774.775
726
774.463
906
1047
964.589
976
942.713
914
903.385
892.451
820
781
778.854
757
766
770.93
774.777
804
823.618
820
828
844
842.708
867
862.192
852.546
938
929
906
922
868
866.012
875
875
914
909.328
904.337
868
867
836
835.251
833.557
812
852
846.613
875
873.612
876.133
875.706
873.297
870.613
867.316
864.827
862.95
861.27
851
875
867.797
866.409
977
935.22
968
954.425
907
906
867
870.018
866.075
875
872.046
843
851.964
852.376
853.175
855.279
856.915
859.204
836
845.87
844.033
844.44
867
862.045
864.258
866.705
875
907
904.835
904.704
882
907
914
961
953
922
916.166
918.801
945
941.63
883
875
877.931
891
894.678
887.791
953
948.353
935.977
961
960.776
938
927.146
924.658
961
969
992
985
953
890
894.147
897.142
905.454
911.812
922
953
963.035
953
942.224
935.683
926.36
915.212
929
914
914
915.968
918.94
921.989
992
906
852
854.821
857.765
863.574
870.648
867
872.388
875.453
877.822
879.505
977
951.908
969
959.297
1000
993.116
969
968.757
968.664
969
962.358
958.531
958.604
898
908.999
907.766
906.18
906.387
907.901
985
973.71
968.174
965.391
929
931.3
928.394
923.823
969
968.398
953
956.398
898
909.028
909.021
867
880.379
867
864.529
866.043
953
961
951.967
950.384
1031
1017.36
999.311
991.729
984.723
973.796
898
901.338
902.494
1016
1003.16
991.124
987.619
977.503
965.486
898
898.236
899.651
922
961
961.177
954.996
948.299
969
964.374
953
961
960.055
906
937
937.313
933.861
984
977
966.163
961.098
955.224
945
942.097
940.703
922
914
937
891
905.479
908.149
904.772
908.613
912.36
843
872.889
870.18
866.117
872.611
874.094
876.474
977
955.473
950.795
951.434
1000
969
969
970.732
965.001
962.223
984
969
966.869
966.925
963.584
960.868
958.559
956.932
955.995
955.024
836
820
797
798.102
868
898
914.494
875
888.932
892.79
893.798
896.995
900.308
992
1063
1033.51
1011.82
1032
1032.78
1019.02
1008.07
1003.66
999.775
977
971.82
992
990.887
983.486
978.876
979.042
977
972.47
967.623
965.376
964.833
964.45
976
974.328
977
974.429
993
953
967.957
966.309
967.297
968.08
968.423
970.462
971.196
961
966.541
938
945
946.394
945.861
947.791
949.22
914
922
923.575
922.172
924.384
969
960.318
960.763
962.908
882
908.404
899
836
861.889
797
812.687
813.288
789
801.258
820
821.814
859
883
867
878.976
914
911.818
910.873
912.337
913.181
911.928
898
860
804
810.965
810.932
818.837
827.944
838.696
845.545
849.868
853.16
854.477
853.882
849.893
976
930.24
992
961.363
945.164
992
978.282
1000
985.983
980.945
984.08
953
956.087
956.669
954.069
953.511
953.66
946
948.796
949.929
968
962.697
960.168
961.628
961.966
961.288
960.452
915
931.144
883
892.059
890.321
892.209
895.784
898.038
901.297
903.63
906.443
937
940.196
914
891
828
836.201
852
863.255
899
867
891
897.493
899.735
1000
988.612
974.815
966.31
956.403
828
797
800.163
906
927.179
923.88
916.441
912.505
992
981.881
961
937.421
938
961
950.092
931.116
1023
1016
983.274
922
927.942
922
917.465
908.798
908.367
914.973
918.266
913.383
907.462
908.288
909.926
945
939.793
931.32
926.593
928.264
929.853
927.224
758
848.842
846.678
844.429
750
765
770.386
774
781
784.506
792.076
734
763.101
766.684
922
894.849
961
940.726
937.213
875
885.314
892.18
888.552
805
781
790.331
794.469
793.809
867
874.282
828
836
842.259
867
854.749
841.857
1000
946
968
936.669
930
922.687
883
875
875
871.226
866.876
867
868.528
867.035
865.286
864.74
961
923.266
907.304
929
919.303
907.989
903.351
899.294
895.776
883
883
836
855.037
828
898
906
906.094
898
895.951
836
844.684
789
792.591
860
865.575
914
1000
978.299
966.012
961.024
947.609
934.64
923.584
912.898
875
882
878.332
874.16
874.375
875.334
874.856
873.961
937
933.193
906
883
867
863.647
862.33
862.008
862.278
862.4
862.823
1008
973.59
959.109
945
936.434
976
971.361
922
860
851
851.006
855.184
859.413
860.525
861.137
864.189
867.248
914
914
908.181
914
929
930.619
976
930
914
914
916.384
916.083
867
852
852.24
855.081
945
953
992
969
961
955.554
950.656
953
947.095
1000
1032
1023
1005
993.636
985
922
918.751
918.242
919.734
922.43
924.249
927.12
891
875
875.419
891
898.028
985
992
984.045
985
968
960.275
953.193
946.263
1016
1014
1003.28
991.538
953
950.663
948.8
946.453
944.53
941.862
750
824.457
849.677
851.929
853.87
857.279
864.494
868.749
945
945
938.515
922
899
909.01
860
870.088
870.972
805
797
898
1047
1008.16
986.92
981.72
1031
1007.38
984.351
978.776
979.498
972.966
959.834
992
1008
992.088
979.756
978.071
972.35
961.96
938
945
945.027
939.676
945
867
895.162
836
838.95
837.869
836
838.336
840.672
821
820
821.22
836
882
930
906
909.66
953
953
950.873
953
875
867
813
813.02
812.73
883
909.599
891
929
942.367
933.307
875
875
879.025
820
844
849.908
875
870.165
929
938.15
992
1000
980.129
964.909
955.064
914
914
910.035
900.823
895.713
961
953.404
945
940.749
931.682
921.602
914.478
946
961
984
972.217
964.186
914
909.948
905.142
902.775
904.857
883
884.051
883
851
854.639
853.854
859
861.713
899
912.244
937
942.26
977
953
950.21
949.99
883
929
924.599
992
975.103
970.484
967.665
957.804
961
954.079
949.029
945.139
820
869.991
938
992
973.87
969.91
963.544
977
963.55
956.531
945
936.251
929.499
1016
1023
1000
985
976
962.969
952.144
851
805
805.158
906
945
952.031
949.151
906
914
917.252
859
860.338
862.908
865.913
1023
1017.78
1008
1000
990.706
976
961.783
949.31
930
953
1000
994.852
979.814
967.641
963.716
1016
1007.57
992.761
976.717
891
898.91
859
859.75
890
904.006
910.884
909.483
908.785
914
923.61
953
956.208
951.133
820
829.023
833.581
843.337
854.812
852
851.138
859.079
867.097
869.814
869.522
871.378
874.5
859
863.376
898
900.282
892.076
954
951.587
938.078
926.278
926.187
923.594
875
879.028
880.437
879.087
880.051
882.186
884
883.448
880.815
915
911.756
905.163
900.594
898.509
894.787
890.651
887.119
930
921.269
911.776
907.729
922
852
891.381
797
866.65
858.103
797
824.233
821
819.559
821
835
821
789
812
821
815.124
817.094
750
785.872
696
695
698.141
698.139
700.671
679
633
653.013
654.763
654.674
657.931
661.03
719
723.205
731.308
736.75
898
872.903
853.742
875
873.076
875
821
804
797
852
845.3
832.406
867
869.653
875
866.18
859.854
805
807.474
808.601
805.89
802.584
800.319
800.889
820
818.632
781
784.771
773
734
737.056
789
774
777.751
782.911
789.634
750
726
734
736.147
750
754.425
760.797
727
735.808
738.311
741.85
743.377
742
745.311
747.13
747.146
747.315
749.061
750.636
751.907
749.16
743
745.802
750
748.594
805
828
820
813
803.92
742
735
735.355
703
718.053
719.452
812
808.143
742
750
727
750
750.861
718
722.318
726
750
751.71
746.092
741.426
734
750
735
732.766
860
824.147
798.251
788.828
783.495
945
867
825.099
828
826.934
823.533
844
830.316
961
909.174
930
898
887.584
885.905
881.021
872.355
864.912
860.781
930
899.497
883.407
1117
1019.4
965.601
954.595
1102
953
942.018
943.412
935.496
820
797
804.503
750
758
765.454
768.023
770.337
775.151
780.746
640
697.256
625
631.565
634.468
617
623.052
633
664
649
657.475
696
699.179
702.574
705.961
703
743
757
797
795.734
844
899
890
875
873.362
873.574
872.307
871.041
869.807
870.374
789
795.272
804.424
803.824
802.043
804
805.226
806.278
805.696
803.058
797
789
765
769.102
774
742
765
761.563
763.972
758
758
781
778.195
782.758
773
779.524
765
758
750
750
727
734.211
732.369
732.749
735.061
727
734
735
736.18
750
750.213
752.984
753.791
754.478
754.93
754.224
753.97
753.148
774
781
779.07
776.556
781
781.473
780.302
820
820
811.504
804.491
802.249
828
836
826.044
817.278
813.628
815.992
805
813
796
766
758
734
733.837
797
804.614
806.748
801.899
801.851
805.024
806.72
914
891
858.395
813
808.445
810.871
781
780.604
820
829
843
832.205
867
864.58
851.412
838.979
750
764.085
767.326
773.697
776.843
828
844.116
812
813.53
774
771.744
789
852
883
868.294
882
883
866.906
851.353
844.175
830.281
930
953
921.825
905.326
899.489
961
946.81
922.821
914
891
890.519
859
868
867.593
961
938
961
944.825
938
930
890
881.096
877.93
828
867
874.512
879.866
879.975
977
970.321
1000
988.165
954
947.234
898
875
869.644
864.842
866.111
852
875
874.377
906
911.576
916.424
916.925
906
902.094
875
875.547
872.038
870.725
843
849.499
847.433
847.517
849.95
851.399
854.43
856.897
836
882
914
909.801
905.502
900.753
828
842.219
782
750
750.032
749.922
754.943
852
880.751
884.547
886.377
851
850.822
859
858.622
856.169
853.546
852.379
914
911.588
899.256
885.453
977
969
938.88
938
941.285
935.414
969
958.63
1031
1031
1005.68
945
930
932.097
930.203
925.384
922.957
925.822
928.444
928.873
926.886
961
969
922
923.256
926.553
875
895.106
867
868
867.917
875
876.832
930
922
924.998
914
916.539
917.479
891
898
896.661
894.304
896.4
897.124
898.788
899.767
852
869.792
898
892.605
875
875
878.904
891
885.307
859
844
847.23
828
812
814.526
781
787.155
906
961
992
977
965.568
875
873.516
870.384
859
821
804
789
788.468
789.419
791.783
844
875
922
925.268
918.995
910.48
901
890.13
880.221
871.897
865.201
859.937
855.899
852.587
852.066
922
931.216
813
773
787.764
797.685
811.293
820.61
742
797
781
786.94
788.139
788.644
883
882.963
930
912.338
905.115
867
867.43
821
812
810.734
844
906
922
906.423
906
901.275
893.351
879.954
859
906
902.251
914
891
886.211
883.413
876.848
836
836.01
875
884.597
883.526
876.854
875.775
878.294
876.923
870.847
865.469
862.344
859.938
875
876.09
859
844
812
805
844
856.32
930
953
937.604
925.568
906
896.513
886.853
877.347
867
860.722
857.279
856.711
857.992
859.799
820
826.319
826.199
860
875
879.8
877.437
812
821.278
822.156
826.441
830.922
834.036
898
910.085
898.687
893.785
976
969.036
944.477
932.353
930.739
923.263
828
834.352
838.789
906
902.065
889.754
889.11
945
939.258
912.149
867
870.58
880.236
906
946
929
913.373
909.348
875
867.959
864.696
866.275
868.563
869.382
844
847.182
849.13
937
935.317
953
934.009
852
847.307
847.218
850.417
789
798.84
798.707
804.439
953
944.569
968
907
953
953.333
921
909.563
902.61
894.663
885.935
878.997
874.676
872.361
953
938.01
926.489
921.589
919.458
914.581
908.583
844
820
797
796.607
797.168
799.39
801.253
851
873.849
789
805
852
937
969
1016
992
977.917
969
929
917.718
875
859
856.962
906
954
961
921
912.856
914.704
891
851
846.446
847.357
848.721
851.146
852.542
854.25
855.568
855.903
953
956.438
985
977.232
969.349
963.454
956.665
948.434
899
890
875
870.295
869.809
797
809.743
808.946
883
953
992
984.308
975.02
965.234
951.057
937.377
852
848.434
843.892
867
867
891
914.134
921.646
945
953
947.131
852
844
828
844
855.72
861.899
866.142
868.729
866.762
862.788
859.291
875
906
946
948.626
939.638
922
910.703
901.842
892.671
884.464
821
824.747
899
922
937
924.52
909.982
836
836.968
838.841
758
742
758
742
766
859
977
966.692
951.519
992
987.825
964.875
953.011
797
797.942
805.328
782
781
758
734
734.718
695
727
735.902
741.954
746.688
750.624
753.74
755.14
781
781.939
797
797.704
789
758
765.811
758
759.588
782
914
906
887.611
872.254
860.821
848.963
867
851
837.276
828.311
823.04
818.022
844
840.023
831.952
890
884.453
872.801
862.252
820
782
779.26
780.073
784.385
789
792.294
795.259
796.075
875
882.196
899
867
861.21
836
836
867
870.247
864.408
853.915
847.078
845.184
969
969
936.395
909.665
899.107
897.846
969
962.146
933.279
984
985
974.032
959.933
951.341
949.159
946.269
953
943.276
934.992
933.097
914
913.514
911.98
910.855
993
973.825
963.444
956.181
948.003
940.722
1047
997.198
1008
998.13
990.784
969
967.238
963.257
922
899
898.854
930
898
903.849
912.447
915.186
915.963
828
855.365
857.856
914
913.923
915.653
977
978.49
963.439
959.724
961.506
954
943.591
898
902.164
904.853
890
890.295
938
949.93
1023
1005.18
1070
1060.86
1035.54
992
987.151
981.102
971.083
930
931.625
930.375
929.427
1000
1006.87
999.336
996.028
989.327
977
969
961
955.909
953.715
952.839
952.588
992
1016
1023
1014.78
1007.25
1000.69
992.986
986.027
907
923.569
852
856.554
855.657
914
976
1016
1015.42
1008
922
923.325
922.172
922.313
925.092
931.059
1023
1047
1034.31
1102
1078
1056.64
1049.24
1007
1016
1010.47
997.557
992
989.738
985.501
981.194
977.93
976.021
973.83
973.077
953
957.595
957.289
1000
953
945
953
969
967.377
968.495
968
946
955.99
956.519
953
953
954.161
945
949.648
938
961
976
973.268
969.362
968.079
968.947
969.416
1016
1000.82
985
980.062
1023
1031
1022.08
1032
1026.43
1039
1039
1033.87
1030.33
1027.35
1025.17
1000
1001.59
984
983.457
981.043
1046
1037.18
1032.26
1029.48
992
993.446
992.302
990.904
1008
1013
953
953
954.581
954.58
957.966
1008
1024
1007
1024
1026.75
977
983.843
938
968
993
994.776
875
897.778
835
840.101
840.084
938
1023
1020.87
1017.46
1018.74
1008.49
994.403
987.014
979.94
971.745
964.503
959.398
1008
1007.99
1008
1001.87
999.05
922
930
929.936
937
938.571
939.695
937
969
968.037
965.005
1000
996.655
987.899
986.584
989.376
986.749
922
891
893.355
894.679
836
850.835
852.52
937
947.522
950.728
960.102
961.785
957.03
906
911.318
985
976
965.492
875
882.453
859
860.531
828
828
804
806.735
807.805
809.296
781
844
862.138
891
890.262
891.108
984
981.189
964.126
1039
1039.26
1014.65
1001.46
1004.41
1000.44
984
981.146
983.821
1023
1078
1059.38
1045.08
1039.75
1040.46
1039.63
1034.5
875
953
951.971
946.648
944.179
945.613
949.975
1094
1064.06
1039
1000
1002.21
1015
1016.45
1031
1016.61
1008.53
1009.22
1013.46
1012.52
1008.04
1003.44
938
956.126
957.6
959.355
960.413
993
976
978.299
976
978.114
984
981.153
1055
992
992.891
1008
1007.1
993
994.758
996.721
1008
1002.33
999.531
1047
1031.18
1031
1025.73
1023.11
1032
992
998.52
997.569
994.039
992.278
992.717
993.27
992.932
992.899
1000
1000
998.328
999.109
1001.11
999.91
999.691
953
969
970.043
953
964.424
963.532
938
952.489
949.745
951.003
992
985.711
987.803
990.25
946
963.086
960.515
957.216
961.454
962.001
961.375
963.383
963.253
963.369
914
931.323
922
919.371
922.098
923.141
924.733
926.852
953
945
948.758
949.292
948.74
984
976.609
1039
1024.58
1018.38
1014.73
1023
1017.56
976
981.205
1000
1000
993.398
984
977
979.959
1000
994.544
989.577
986.409
987.167
988.191
985.986
982.575
1015
1008.18
1015
1071
1054.82
1070
1059.73
1050.46
1044.19
1037.16
1071
1062
1052.64
1048.15
1000
1006.58
1006.26
976
992
990.073
1008
1009.82
1011.98
1014.06
1015.9
984
1000
1008
1004.91
1005.23
1000
1003.26
1003.92
1032
1046
985
999.104
1024
1020.54
1014.98
1013.97
1016.97
1039
1026.26
1063
1047.19
1032
1032.32
1034.17
1028.3
1023.1
1000
1000
1001.83
1047
1000
1004.29
1040
1054
1047
969
992
1003.33
1007.58
999.798
961
1000
1004.85
1031
1013.33
993
992
1007.64
1015.37
968
972.192
1024
1027.22
1012.84
992.118
996.678
1013.98
1021.04
1004.8
992
996.721
1007
985
979.584
987.466
985
990.21
983.635
930
944.674
875
906
891
897.425
900.739
976
982.954
945
955.513
966.608
967.779
962.569
963.337
968.111
968.577
1016
1009.05
968
985
988.671
953
960.036
963.892
957.158
952.469
956.435
1000
988.363
1000
992.968
844
898
961
955.568
944.789
953.968
1039
1009.77
987.729
1015
1014.48
994.979
982.251
992.05
953
952.681
922
875
880.286
884.763
889.771
892.444
903.453
1031
1020.28
1039
1028.44
985
984.06
978.869
964.867
890
894.226
896.094
914
882
883
891.93
896.354
937
946.365
946.963
953
977
971.107
960.267
977
973.442
962.268
955.379
930
914
906
906.711
909.2
883
889.181
891.323
894.1
897.584
961
963.962
954
952.835
947.037
937.38
929.572
923.375
918.928
916.474
916.474
916.993
917.955
919.353
920.437
920.999
992
981.187
906
875
883
886.703
882
886.624
890
907
906
907.567
930
933.747
934.106
932.781
933.66
932.329
928.322
924.443
851
870.065
851
851.955
853.517
856.004
899
910.229
813
838.742
789
792.254
843
841.796
844
849.856
853.353
856.059
857.552
851
836
774
788.32
788.146
742
755.729
804
814.455
875
881.015
872.109
859
851.804
840.522
883
877.852
906
914
914
901.318
893.717
885.65
891
884.665
880.358
922
915.148
953
942.352
935.983
933.117
927.509
921.325
915.298
851
836
828
868
886.586
897.134
902.2
883
914
938
931.128
945
907
908.455
844
849.498
849.097
852.243
750
771.27
772.422
780.959
789.777
860
836
841.587
851.973
857.575
813
821.569
852
898
977
946.712
926.432
1024
1023
986.88
970.781
976.436
898
898.322
903.644
902.31
906
937
938.232
932.502
927.249
961
922
915.822
918.945
915.042
908.581
906.902
921
899
900.314
902.73
985
984
1000
984.939
977.405
974.335
968.935
962.666
992
1008
997.539
988.372
984.762
915
922.989
953
954.244
891
899.47
844
851.013
899
903.956
906.383
977
921
961
961.953
977
992
983.828
969
971.513
971.518
965.612
961
976
971.898
961
962.945
984
977.055
984
978.059
977
977.434
953
938
914
916.022
914.87
930
934.457
940.211
929
933.331
935.186
936.151
938.253
929
946
946.472
947.882
948.322
930
930
931.318
969
992
986.675
978.66
971.534
966.577
963.043
959.474
860
890
905.353
907.731
909.552
976
977
971.602
946
914
917.152
906
908.504
910.426
912.45
914.781
916.575
1000
1032
1031
977
968
963.308
953.275
945.153
939.633
937.106
935.983
1023
1014.05
997.782
983.442
1031
1032
953
929
899
899.592
890
891.699
892.329
894.999
898.332
900.975
898
898.597
859
844
844
843.189
844.542
845.941
847.262
849.29
930
937.323
875
868
871.032
875.234
876.33
875.897
876.636
879.409
881.547
880.403
898
897.799
906
914
907.398
938
932.637
906
867
852
859
875
860
906
937
938
984
977.94
961
937
928.716
921.237
914.7
961
953
946.043
942.652
934.714
977
968.881
958.653
968
946
843
870.29
836
836.067
837.463
839.876
842.892
985
977.481
992
976
970.626
937
930.438
925.17
919.725
918.142
992
938
921
925.108
922.918
914
913.12
913.058
912.937
912.455
911.615
914
913.407
912.548
911.772
922
918.313
875
867
867
860
843
930
977
929
927.014
929.095
875
821
804
782
781.562
781.824
789
793.95
798.914
803.56
929
933.129
926.91
953
951.598
938.812
928.768
923.795
915.407
907.523
900.491
895.261
890.748
886.657
884.066
883.758
883.817
851
852.425
851.779
851.651
853.066
854.381
856.14
857.518
858.555
930
921.185
916.153
914.69
916.195
938
938.589
914
929
931.819
930.778
961
955.407
949.259
875
875
874.878
867
906
912.471
912.858
914
882
884.551
883.305
881.689
881.749
882.311
883.667
782
813.99
816.324
851
857.905
866.792
852
858.757
859.923
860
882
879.691
922
930
923.598
917.222
911.745
904.697
930
922.664
820
797
803.219
805.714
810.945
852
861.71
865.632
914
917.394
922
912.159
903.763
895.803
887.23
880.337
719
759.283
801.345
812.559
819.116
829.989
838.834
625
698.167
641
640
719
729.613
890
880.981
879.715
878.449
867.773
864.335
789
794.707
703
688
697.343
703.41
709.212
714.924
720.051
722.052
703
705.433
706.297
705.996
706.052
706.603
707.491
708.271
875
851
883
853.007
867
875
873.853
844
828
828.402
827.655
826.389
822.066
875
883
906
946
1000
987.672
976.117
969.436
964.119
969
962.165
954.38
899
900.83
900.063
893.75
1039
1039
1006.47
1000
992.105
976
922
916.477
953
956.56
951.5
1039
1030.49
1024
1010.46
996.302
898
900.159
901.941
900.699
902.124
992
945
969
938
930.933
930.202
926.156
923.299
923.838
925.149
926.052
930
929.534
930.839
976
953
952.122
890
916.789
945
939.152
936.505
935.279
937.478
935.795
934.053
969
969
958.594
955.403
956.882
951.005
945.018
941.528
906
914
953
945.976
940.356
941.15
942.73
938.131
934.522
935.689
932.922
929.547
969
961
954.955
914
921.26
923.884
924.417
923.315
937
914
920.344
922.168
920.251
919.055
920.68
921.08
919.993
891
922
969
959.551
952.681
951.253
950.955
948.51
942.888
844
883
886.419
885.981
887.917
1016
976
977
977.65
966.677
955.864
952.119
943.443
934.438
929.276
961
954.799
946.514
883
898.839
905.316
905.564
907.035
930
932.25
938
932.229
930.929
875
899
896.295
894.96
922
921
922.363
891
901.573
903.036
903.233
902.718
901.315
969
952.466
1016
995.611
992
983.794
973.942
907
906
902.512
901.176
969
968.725
960.978
961
951.479
969
960.557
969
961
953.975
948.487
942.823
875
883
881.126
881.709
885.643
889.978
892.635
895.355
897.486
938
946.529
949.245
938
906
907.899
905.449
904.692
905.788
938
947.433
945.097
939.53
934.859
932.158
797
804
853.099
862.539
869.165
878.471
882.152
883.84
844
853.008
855.479
953
942.157
929.731
976
970.057
951.967
946.451
992
961
914
924.325
929.703
984
992
977.659
970.599
930
929.182
926.078
919.437
914.187
914.008
913.892
913.085
912.432
914
913.585
914
913.174
913.909
945
954.154
945
940.784
938.875
945
953
951.179
969
969
961.935
956.723
969
992
989.482
981.919
972.452
968.786
971.996
1007
946
949.426
950.12
952.754
953.314
985
974.932
970.406
967.046
1008
976
969
953
992
982.518
976.65
970.249
968.587
973.786
992
961
946
954.254
906
906
922
923.801
923.753
926.699
930
945
937
938.896
941.304
942.891
942.948
942.633
942.909
930
933.747
932.493
932.191
961
898
925.639
924.262
923.089
925.081
926.145
926.441
928.338
927.087
922
883
906
922
916.357
953
914
898
938
927.7
926.384
891
908.096
909.881
907.078
906
909.281
851
876.605
878.725
945
928.247
1015
986.276
1039
1021.88
1012.28
1005.86
998.94
991.518
985.708
980.969
977.258
821
914
906.378
1047
1011.58
1006.84
1007.72
922
944.512
969
955.623
977
1016
1000.63
995.164
991.207
980.773
1078
1047.1
1033.03
1028.81
1020.66
1011.49
1006.31
1001.33
875
913.218
921.91
1039
1062
1040.3
1036.12
1070
1058.33
1031
1027.96
1000
987.38
980.23
975.023
972.223
971.907
972.17
972.43
969
891
916.153
937
945.066
951.161
945
906
916.012
917.344
916.227
916.479
1000
999.891
995.205
996.174
996.954
991.082
984
980.68
973.381
966.125
945
945.524
942.024
993
991.052
969
963.334
961
953.988
947.895
944.86
944.446
946
946.001
906
918.427
916.652
916.632
918.794
920.887
923.603
938
942.827
985
992.19
969
966.745
954
945.919
940.856
937.331
890
938
932.63
935.678
1008
999.073
993.38
987.71
976.472
968.158
960.399
953.466
969
1000
994.761
986.435
1055
1043.01
976
974.326
975.785
867
901.81
920.837
925.34
1023
1055
1028.73
1039
1033.05
1012.92
984
883
898
844
843.736
842.789
922
959.785
967.77
972.339
972.098
1000
995.947
1000
1000
953
922
919.55
916.255
916.284
916.864
917.822
918.618
1023
1020.98
937
891
828
827.428
852
937
985
981.389
969.415
1039
1042.33
1023.04
1015
1000
992.294
983.331
974.197
966.068
960.801
976
975.842
969.726
1008
1008
997.459
988.283
983.375
977.708
971.445
899
925.166
927.645
1000
996.377
991.306
993.535
987.083
977.357
922
932.55
977
1023
1055
1039.35
1078
1062
1045.51
968
969
968.566
962.416
957.902
961.214
945
944.807
937
937.364
937.736
938.142
938.84
939.659
940.921
942.59
944.341
946.141
947.994
949.713
1055
1044.65
1034.69
1008
1003.46
1004.67
914
928.545
927.801
931.436
934.832
937.788
922
875
888.337
888.88
891.892
953
930
934.24
937.889
773
827.534
695
729.378
687
696.289
703.071
708.663
633
625
632.567
634.866
625
629.001
586
600.402
603.431
711
712.196
715.939
718.733
722.07
828
828.805
827.539
789
765
770.208
758
756.734
719
718.577
722.619
724.456
828
836
836
810.734
844
851
843.538
859
848.304
839.812
828
821.206
815.01
808.859
859
844
836.202
812
816.028
816.232
812.986
810.63
808.704
898
872.143
862.482
937
938
913.482
904.004
891
882.648
875.475
906
922
953
935.306
906
904.84
906.931
758
817.278
816.518
750
742
747.852
805
807.182
810.903
821.672
890
891
906
901.141
900.787
901.043
461
572.028
672.916
692.621
844
890
866.216
992
969
934.649
936.606
936.731
917.798
918.11
914
912.916
911.761
911.484
911.844
969
968
966.734
969
945
948.502
948.242
890
897.866
900.34
899.993
897.253
895.123
894.458
1000
965.901
953.374
891
895.914
897.653
900.708
901.03
1078
1078
1055
1027.2
961
948.846
939.149
914
912.281
1000
930
924.569
929.894
928.466
924.311
961
937
932.08
931.527
928.691
925.68
924.716
984
966.588
958.687
953.921
945
943.526
941.707
940.988
938
938.728
938.238
985
992
961
930
927.769
914
916.829
891
883
898
930
890
954
992
922
937
977
967.264
959.344
992
1016
992.211
984.679
990.898
984.879
1024
1016.63
1046
1036.58
1023.26
1021.04
1000
996.07
1039
1025.65
976
993
994.465
891
875
882
883.683
885.194
893.97
469
615.339
714.501
713.51
718.573
733.339
969
992
983.523
937
946.162
1008
1007
914
907
928.041
867
866.306
953
957.363
939.832
933.624
938.236
875
875.366
881.679
984
1008
963.622
958.445
958.479
950.332
933.884
921.825
915.705
911.037
905.364
1008
996.908
930
924.057
930.531
924.024
1031
1055
1031
1004.22
992.874
980.354
966.518
956.121
948.034
941.753
961
960.037
954.86
820
805
825.31
852.737
873.231
881.643
726
772.782
696
672
671
677.826
685.395
691.811
697.485
703.738
781
807.834
817.367
875
886.432
889.334
890.281
867
865.734
844
875
875.77
875
852
851.995
875
873.734
872.468
907
906.688
900.836
897.68
894.415
890.038
885.207
992
1000
969
914
903.724
859
844
860
875.252
851
414
576.039
852
836.952
822.97
822.699
829.427
1320
922
919.163
985
961.505
941.561
1039
1025.84
976
985
987.99
891
897.233
906.997
852
855.351
906
922
918.933
915
914
918.259
899
899.491
900.351
900.255
953
944.214
938.65
939.522
941.321
883
891.206
890
889.897
890.936
953
956.453
922
923.485
925.356
891
894.289
898.978
893.372
992
1062
983.505
973.272
968.888
953.907
943.613
976
985
961
956.664
958.17
976
961.347
961
959.867
922
883
886.484
888.307
922
953
961.176
1007
1016
999.896
938
875
875
875.662
922
961
975.7
1023
1026.05
1010.75
993.781
982.69
922
912.649
911.781
911.681
914.199
985
1008.73
1000.84
891
894.574
898
875
899
914
922.273
859
922
906
904.534
906.455
907.304
907.341
906
875
883.281
898
899
896.753
897.582
946
941.82
932.182
928.056
899
906
907.823
904.352
900.059
891
906
905.681
938
953
961
949.45
898
907
906.689
852
868.768
872.108
938
936.521
925.245
922.139
923.633
915.814
828
859
865.083
875
891
899.399
903.338
961
954.471
875
867
876.745
796
821
827.556
836.112
836.768
921
930.344
891
895.251
844
836
812
810.891
882
852
851.555
862.497
859.114
848.134
847.817
848.355
843.622
841.004
840.72
840.776
840.458
914
883
844
851
851.256
938
898.142
880.165
874.306
984
945.433
912.608
904.849
890
885.55
879.353
874.182
937
919.257
984
952.714
977
966.038
946
851
863.812
866.568
869.498
914
890
852
859.157
862.154
836
840.163
844.191
843.098
1008
975.511
962.66
1000
986.232
968.344
930
927.927
899
890
889.012
889.09
889.664
890.177
891.158
937
933.287
926.894
921.809
891
893.591
891.012
888.77
867
871.248
872.523
852
856.563
875
930
940.183
939.501
937.419
935.587
836
836
867
907
914.406
883
886.842
891.424
886.523
1156
743
757
803.336
809.492
812.921
818.583
1000
953.214
1000
976.04
966.345
964.592
883
867
869.04
867.776
866.51
875
867
866.574
866.19
865.182
864.805
843
844
844.136
843.724
843.443
829
812
823.088
821.576
851
836
841.067
860
867
871.245
875.104
813
796
766
805
828
840.303
875
883.868
877.06
851
844.328
839.654
867
871.113
954
936.843
916.206
929
914
946
953
933.189
836
843.339
846.885
852.751
854.61
850.36
859
865.295
865.143
711
743.532
696
703.673
688
694.995
703
706.34
709.87
719
664
672
688
671
719
711
716.428
789
791.546
790
790.859
792.528
766
781
780.121
776.677
775.845
775.431
775.202
773.274
977
969
945
898.895
874.34
930
925.575
901.402
883.093
877.57
876.624
872.198
906
895.838
884.357
877.46
877.907
879.443
876.294
871.034
883
813
773
779.148
782.597
786.774
790.013
792.652
795.893
799.54
867
878.551
878.354
844
847.899
853.009
856.614
854.276
849.468
953
977
939.425
922.01
917.872
914.06
901.681
915
912.108
875
873.342
876.386
805
819.433
774
777.515
851
875
872.266
898
915
921
909.488
903.128
898
922
914.338
992
969.057
958.08
955.432
950.988
944.675
938.793
934.462
930.468
1000
975.85
963.6
957.587
938
906
907.699
843
861.984
860.845
863.69
961
976
969.925
969
922
915.99
883
877.865
875.844
1000
997.711
989.667
914
922
961
961.812
949.19
937.444
921
915.517
1031
1005.61
978.63
1016
1000
992
976
965.894
959.14
906
907.6
912.864
920.713
923.678
919.792
985
985.719
945
930
922
953
950.966
938
984
1016
953
1023
1078
1071
1035.61
1037.31
1039.53
1020.96
1010.49
1015.6
1012
997.742
993.464
1054
1024
992
998.688
992
983.336
1063
1117
1055
1047.35
1051.59
1031
1019.71
1008
1002.96
996.967
1086
1109
1047
1039
1040.85
1029.73
1016
1008
1006.6
985
985.314
986.388
1039
1047.13
1039.2
1039
977
968
967.674
968.243
971.288
1039
1086
1102
1117
1086
1070.71
1057.64
1044.12
867
908.952
985
1078
1079.21
1086
1080.42
1064.09
1048.13
1000
987.774
980.518
914
918.192
953
979.784
985
987.17
990.145
989.136
985.151
1031
1031.44
1022.87
1020.5
993
976
974.917
972.166
969.988
968.811
1062
1040
1015
1014.9
1011.39
1001.74
969
1055
1040.91
1031
1024.7
1020.23
1011.19
1015
1009.95
1002.14
961
968
970.349
972.234
975.487
983.062
985.121
984.021
1032
968
981.626
983.772
979.588
1039
1028.49
1023.75
1031
1023.83
1017.53
961
946
946.234
947.092
950.475
956.051
945
969
968.35
992
991.11
992.223
992.094
891
929.066
891
893.522
930
930.308
939.168
944.895
948.484
950.778
952.934
955.455
984
992
990.188
984.306
980.146
976.744
992
953
958.872
957.686
954.228
952.874
951.939
953.185
953.207
961
961
960.139
930
937
935.972
934.948
935.191
935.38
935.861
936.095
906
919.895
917.088
805
781
789
899
906.395
917.631
925.117
926.311
1133
1024.78
1002.33
998.314
1000
987.709
978.475
976.944
972.086
1031
1013.16
1063
1045.45
1063
1000
1002.67
946
946.819
946.254
922
925.302
927.462
927.912
993
984.586
992
937
946.652
947.391
947.266
1008
1006.46
1004.31
1133
1097.21
1078.18
1071.73
1060.9
1049.46
914
883
930
906
992
1008.85
1005.88
1001.45
997.586
990.167
981.791
1094
1059.85
1078
1078
1016
1015.87
1012.07
1094
1059.86
1043.51
1038.78
1016
1039
937
938
941.997
943.028
1000
999.058
998.946
998.945
985
986.307
987.15
987.255
985.783
985.409
985.62
986.015
986.56
987.506
1023
1031
1030.22
1024.51
1019.47
1078
1024
914
963.153
970.049
972.14
974.152
1071
1086
1078
968
974.467
898
836
836.891
837.622
703
688
690.705
693.579
698.514
705.188
712.707
718.451
836
855.467
863.523
869.172
875.322
774
778.986
784.098
859
862.749
953
956.121
992
992
990.734
989.468
988.202
906
905.163
909.229
907.963
906.697
904.843
904.223
902.687
898.605
1070
999.918
972.583
963.976
953.437
946
937.626
875
796
797
796.091
719
727
728.716
742
746.897
735
744.069
750.382
797
844
890
899
867
868.427
820
817.067
816.767
816.985
898
913.612
912.346
903.148
897.205
892.179
884.101
875.885
870.072
865.593
984
1039
997.756
1040
1039
1023
1009.57
998.583
937
930.111
926.38
922.284
920.758
920.233
920.711
919.902
918.505
883
886.519
812
858.073
855.993
938
941.813
942.25
940.749
939.203
1031
1007.13
997.795
930
936.865
938.982
875
882.97
884.388
985
974.454
992
979.179
971.605
965.004
955.85
946.069
936.925
929.966
1015
992.713
978.737
1000
993.861
981.942
974.214
1031
1039
1024
1012.1
1039
1000
995.733
995.022
989.273
984.161
980.468
978.604
1047
992
989.48
995.906
995.285
990.054
986.551
758
758
773
914
945.834
959.5
968.064
968.619
1046
1037.52
976
985.762
988.741
975.503
968
985
992
980.409
978.994
1016
1009.67
993.159
991.94
992
1000
1000
994.129
993.021
991.931
988.749
983.517
1008
1003.11
977
1016
976
980.082
1000
1000
992.02
991.576
1016
960
980.127
1000
990.298
986.465
989.28
992.179
1047
1007.14
1001.18
1002.76
1039
1054
1035.98
1028.9
1024
1031
1027.39
1020.49
1016.97
1016.51
1016.26
1047
1034.36
1028.87
1025.24
992
1000.9
977
980.861
981.009
1047
1039.08
1039
1055
1051.31
1043.66
1031
977
922
921.982
868
843
891
937.402
898
916.57
937.971
948.72
956.292
965.854
907
922
924.604
922.79
924.333
928.808
930.877
1008
992
907
919.199
926.504
926.312
1047
1010.75
983.051
1070
1040.13
1008
999.743
1023
1004.34
1016
1008
961
967.808
1007
1016
992
961
968.86
977.89
971.633
958.68
962.084
977
974.679
961.412
1039
1031
1005.06
1032
1037.06
1018.13
1005.18
1047
1039
1062
1047.29
1040.69
1039.9
1055
1040.55
1055
1054.14
1078
1070
1062.62
1032
1039.37
1039.45
1034.28
1029.93
977
997.883
998.971
1008
1015
1012.63
1023
1008
1013.95
1014.13
1012.94
1012.93
1013.5
1015.05
1008
1011.47
1011.08
961
953
914
917.582
917.349
914
921.007
925.265
937
943.571
906
923.065
953
952.022
953
977
984
983.846
1046
1047
1035.19
1030.06
1027.67
984
1032
1015
1009.2
1010.9
1016
1009.64
1006.88
1006.74
1005.07
860
973.504
898
953
943.197
1047
1022.45
1018.55
1086
1070
1064.02
1063
1059.54
1055.75
1053.55
1052.62
1050.8
1049.22
1049.34
1048.34
1048.26
961
985
984
984
969
914
828
875.544
881.057
821
841.365
852.16
853.767
857.468
863.722
870.44
875.442
883
887.269
921
927.756
932.706
936.319
914
920.555
923.06
930
968
977
969
945
945.291
946.789
945.652
953
949.754
945.27
1102
1117
1070
1040.62
1028.24
929
928.397
930.498
1016
1017.67
1002.92
1102
1039
953
985
1000
995.358
979.272
973.875
1031
1033.09
1006.06
977
983.354
992.868
985.529
969.83
993
976
971.31
969.999
976.62
980.866
1008
995.792
1062
1016
1001.66
1004.51
1009.26
1007
997.527
993
993.821
994.081
990.431
938
961.766
963.247
963.36
984
1016
906
949.697
930
934.437
936.686
1008
993.121
989.3
989.825
991.211
985
985.202
985.21
953
899
929
934.645
937.647
1054
1029.37
1023.04
1016
1000
1000
984
1047
1031.9
1021.65
1018.72
1012.48
1004.22
997.253
990.424
1008
1002.92
922
946.935
891
875
874.758
961
967.478
985
985.67
969
970.562
970.212
968.212
968.283
968.059
844
852
857
861.994
868.697
836
847.979
852.463
854.839
703
766.882
767.102
821
828
830.341
835.609
843.587
898
896.734
895.468
895.401
897.792
898.778
897.512
852
898
896.815
993
947.56
924.824
923.895
924.904
953
942.307
929
927.259
928.406
953
977
961.258
1000
989.694
982.573
979.178
828
868.478
891.149
836
820
829.655
834.068
828
835.029
867
869.473
961
906
910.341
922.446
917.418
984
970.92
946
948.259
948.958
914
916.697
992
1055
1011.74
986.905
1070
1058.25
1032.16
1016.96
1019.14
1018.14
1010.53
930
961
984
1016
990.933
1055
1054
985
976
991.295
914
920.313
927.59
935.592
929.787
932.066
1055
1015
977
953
966.833
945
899
898
905.06
422
565.114
960
930
920.117
859
906
907.063
905.796
1094
1078
1023
1032
1031
1012.1
1007.6
899
904.768
910.239
1007
1047
1032.51
1031.24
1036.02
1037.09
1036.52
1035.65
1036.23
1038.3
1039.97
1028.1
1020.56
1039
1030.04
1008
1002.82
998.046
991.938
990.238
989.172
989.386
1031
1028.55
1025.95
1023.13
1021.47
1018.08
1013.92
1078
1094
1077.31
1117
1111.2
1103.1
1096.54
1032
1032.95
1030.17
1028.45
1029.21
1029.86
1032.64
1034.72
946
906
906
852
858.696
858.927
860.502
863.605
866.768
869.792
872.631
1007
1000
985
985.946
991.234
994.584
994.442
993.816
1015
1071
1069.89
1062.84
1056.2
1000
969
969.19
969.802
938
938.039
939.433
953
954.066
977
1015
1040
937
984
1000
998.248
985
986.138
1047
1023
1009.76
1032
984
984.757
992
985
953
961.321
968.127
968.796
962.17
965.07
970.996
938
943.814
948.537
930
932.326
891
900.769
859
953
946.611
948.833
952.946
984
979.876
977.293
980.215
981.352
906
919.56
922.899
954
950.018
954.433
956.544
951.651
946.766
943.998
937.238
931.624
1000
985.883
979.172
974.615
966.083
957.377
950.152
943.217
939.588
938.223
1055
1086
1054
1035.49
1024
1039
1054
1071
1078
1062.72
1051.29
1046.88
914
891
901.583
905.391
915.025
923.028
1086
1090.03
1093
1079.29
1067.95
1070
1031
1019.24
1010.93
1000.33
992.132
988.524
988.831
989.27
989.843
969
1000
998.815
1039
1036.08
953
966.381
966.875
852
913.853
910.499
908.88
922
921.801
914
925.299
984
977.537
978.247
1109
1073.2
1058.23
1094
1080.21
1066.52
1000
1010.52
1013.28
1002.58
998.358
1040
1038.81
1024.36
1023.55
1027.62
1023.65
1018.75
898
957.213
958.88
956.628
1086
1070.09
1051.41
1047.86
969
978.339
930
929.974
1008
1054
1046.45
1041
1033.61
1023
1008.37
995.747
984.641
1039
1062
1050.57
1037.91
1008
996.51
977
937
935.874
1047
1047.15
1093
1076.61
1063.32
1047
1078
1083.18
1071.63
1054.91
1039
1033.58
945
992
969
975.379
978.815
980.137
891
1039
1078
1070
1052.52
1070
1071.98
1071.13
1062.47
1057.3
1055
1046
1016
1020.39
1021.69
1019.08
1018.66
1019.43
1021.42
1022.57
1023.25
1062
1070
1064.76
1056.9
1051.45
1062
1057.3
1050.87
1046.35
1043.62
1149
1109
1092.59
1071
1069.87
1071.11
1015
993
1007
1015.2
1023.38
1023
1024.91
1029.63
1033.86
1032.99
1029.19
1117
1093.54
1072.37
1066.91
1067.91
1061.04
1051.49
1078
1075.98
1064.41
1057.47
1055
1056.28
1052.95
992
977
984
1016
1062
969
984
1002.23
1000
1008
969
975.306
981.567
985.82
914
924.196
926.634
935.098
936.594
937.08
947.996
960.947
964.412
963.157
965.167
906
914
917.148
924.154
922
890
860
867.557
871.385
879.985
883.549
886.571
894.962
882
888.601
937
868
881.95
851
858.063
860.84
898
897.658
820
836.146
840.272
836
875
872.652
976
1008
979.732
962.293
953
940.045
926.656
914.889
905.113
781
818.586
766
768.652
768.708
797
804
817.947
828.671
835.728
766
789.72
791.314
774
778.401
780.309
781.547
782.666
784.02
786.026
787.855
750
769.717
769.715
770.584
774.197
776.764
656
656
664
666.543
672.779
679.639
664
665
671
696
699.043
706.305
805
803.881
798.265
795.69
795.58
734
737.167
719
712.841
750
753.064
751.798
747.983
744.102
739.896
906
846.105
851
823.797
828
820.968
808.797
797.671
789.001
782.009
914
863.579
837.591
844
765
758
760.122
760.209
992
907.103
860.739
977
930
875
868.939
863.939
757
766.955
719
719
719.51
721.698
724.706
1008
913.414
1063
1031
994.098
1024
1008.47
961
960.332
960.308
883
883.999
887.677
875
899
900.839
1274
1044.07
1028.96
1031.38
726
822.443
836
835.038
835.255
837.597
1000
973.201
951.866
953
955.186
883
889.31
836
875
875.979
907
907.937
937
954
960
958.192
860
882.486
774
765
765.565
768.222
774.516
779.262
783.212
953
985
967.084
949.773
976
975.684
963.979
955.172
953.998
951.62
976
968.668
1055
1043.58
1027.42
1021.68
1022.07
1016
976
976.413
978.575
977.038
974.595
1031
1022.98
1013.2
1008.96
1004.43
997.399
991.435
929
938
939.068
940.904
943.765
914
906
969
975.269
992
988.418
992.594
996.304
995.104
797
847.758
976
971.802
956.386
962.522
973.209
967.743
948.722
950.687
952.332
942.485
931.602
883
898.408
904.604
905.874
992
954
944.908
906
914
914.831
914.676
860
835
837.752
840.12
852
854.73
899
937
961
954.352
993
1007
988.734
906
907.278
911.92
890
930
945.22
929
923.202
1032
1017.2
1070
1023
1008
1006.99
1008
992
983.059
977
972.957
883
961
953
906
920.051
931.31
985
992
1000
990.906
937
946
953
922
924.659
977
972.923
961.369
963.364
976.379
875
851
860
898
891
922
937
929.302
928.12
939.871
836
854.41
860.346
855.903
857.429
870.924
844
849.781
857.566
858.061
858.358
861.872
864.282
865.291
797
818.191
820
822.318
825.665
830.737
832.787
835.238
837.609
867
461
600.923
676.833
671.774
674.783
691.368
984
898.033
877.004
876.838
1078
1070
993.612
1016
1017.39
1024
1015.27
1016.39
1019.85
930
953
961
960.141
960.561
964.246
969.367
972.71
1008
1008.05
985
985.193
976
972.602
968.29
962.442
960.598
1000
993.872
988.161
988.74
991.944
961
970.833
961
960
977
975.669
953
960.116
969
1000
993.181
977
937
922
923.606
899
890
890.918
892.533
867
872.746
804
782
781.914
781.477
782
742
763.522
734
749.354
695
748.157
727
718
704
687
680
685.525
688
690.334
693.061
781
789
792.978
797
800.425
766
765
764.809
891
914
880.119
855.621
929
875
906
899.3
881.841
876.109
876.547
876.79
872.891
868.086
865.332
864.661
914
890
884.36
882.479
773
797
805
807.76
891
906
900.064
898
891.127
813
832.605
832.167
831.219
838.212
846.69
846.604
828
789
774
765
764.544
875
891
881.452
961
946.633
923.607
915.647
903.648
914
901.037
892.26
888.524
881.8
876.915
873.937
872.383
922
917.63
906
901.074
900.947
992
1024
984.657
977
967.161
993
961
937
930.837
928.089
883
884.195
884.311
887.48
890.735
893.132
985
984.558
970.788
969
984
975.646
962.468
953.04
945.435
977
961
945
943.986
984
983.571
974.522
937
922
928.059
933.054
843
844
805
806.464
929
933.911
926.993
926.28
936.81
945.623
976
968.53
959.7
959.59
962.944
1031
1014.62
993.193
1000
1002.95
930
932.108
935.4
935.537
931.735
930.054
930.859
932.323
932.475
898
903.272
890
890.239
890.319
891.753
844
860.024
930
932.127
899
905.024
914.748
916.802
911.789
912.255
916.888
735
742
788.712
799.639
953
949.418
940.146
940.181
933.243
921.174
914
905.599
895.012
885.95
878.725
872.546
866.812
789
774
757
756.313
758.237
761.411
764.283
945
932.11
923.54
954
960
945.187
976
966.849
954.348
891
893.711
892.32
888.088
886.675
888.044
888.482
993
974.105
958.508
922
919.277
919.991
915.54
909.259
904.779
903.176
901.422
898.858
890
852
857.31
856.971
860.028
863.114
865.499
868.851
872.181
874.793
877.137
789
859.447
820
821
859
883
880.777
884.349
887.274
889.907
976
952.288
941.268
936.004
931.082
1000
978.512
962.569
955.52
957.294
1039
1011.56
991.003
930
945
958.55
836
844
859
821
827.912
832.546
851
868
851
855.301
864.096
875
874.585
914
918.413
929
928.498
927.745
953
952.487
948.206
943.877
1000
994.058
984.892
979.259
1008
1004.81
998.892
953
958.844
966.383
961
976
985
960
963.529
1000
992.218
961
962.9
968.245
969.611
960.35
1055
1047
1014.42
1006.76
1009.56
984
953
956.853
962.819
962.531
958.318
1008
1012.86
991.238
986.804
991.651
1023
1002.81
991.826
1000
1000.06
986.174
978.76
983.299
984.863
1023
1009.91
1002.92
1039
969
975.428
980.106
980.526
812
893.617
895.559
891.58
711
719
726.499
758
759.837
765.876
773.566
779.919
783.724
786.844
867
868.706
870.937
875
878.029
879.859
930
969
1023
1006.15
1004.14
1003.65
1003.05
1001.78
1000.52
804
774
820
852.437
860.411
859.589
875
889.133
890.236
884.29
882.855
882.36
878.989
648
713.881
744.04
756.26
758.072
768.435
778.006
780.309
781.543
750
760.819
763.692
805
804.695
812
812.833
815.955
816.954
818.12
819.3
820.642
938
902.112
985
952.645
977
969.593
961.146
960.5
959.491
956.107
797
861.744
860.083
855.004
765
799.918
803.577
743
726
735.476
736.013
736.128
738.441
740.652
742.472
743.786
744.873
829
828.732
890
844
820
827.54
796
813
812
811.87
906
929
969
939.115
922.704
918.236
914.871
937
899
859
859.579
863.835
836
835.113
836.232
836.886
836.778
945
985
955.93
939.188
922
922
912.218
901.757
929
938
929.276
920.081
915.902
930
937
930.046
899
899.898
902.842
902.343
898.415
894.443
844
855.994
860
863.886
875
875.506
876.178
875
875
877.495
878.98
880.188
937
936.125
926.807
917.419
912.343
908.276
901.817
969
956.936
961
867
870.74
870.591
872.588
718
793.409
711
695
695.668
727
728.092
731.753
737.076
742.622
821
820
822.782
860
863.203
750
750
757.351
726
730.704
735.069
738.831
696
708.996
773
774.648
851
836.588
822.029
816.875
808.02
859
840.2
820.555
815.244
890
867.451
843.083
833.241
859
858.864
846.775
837.524
953
945
907
882
875
868
859.711
850.234
828
827.882
828.824
969
953
913.932
901.787
898.899
891
875.3
864.779
858.24
852.778
848.144
953
928.865
914
902.991
894.658
945
935.122
920.173
910.188
903.857
930
914
905.013
897.884
894.214
893.878
890.383
984
949.39
914
930
931.524
927.85
953
922
919.716
920.827
1039
993.337
1015
980.508
971.657
1000
995.124
985.781
992
985.559
930
937.302
940.954
939.885
936.389
933.714
934.797
936.459
936.571
935.944
936.498
1094
1004.34
1101
1079
1070
1053.85
1046.59
907
945
944.633
914
922.079
929.93
883
883
883
843
852.425
852.593
766
814.118
734
727
731.191
743
743.732
748.114
751.992
756.092
759.388
763.547
766.43
812
914
916.869
917.425
867
867.079
874.043
878.005
876.739
869.671
865.142
804
813
815.805
819.869
727
740.358
743.174
752.5
756.05
756.14
758.92
898
906
914
867
857.664
829
820
844
828
823.242
859
867.815
890
874.906
861.462
867
869.797
862.984
820
819.575
867
867.131
856.29
930
921.304
906.248
899
893.422
883.632
874.209
515
636.895
729.466
781
782
835
839.712
985
955.68
934.163
933.577
1023
981.139
957.71
958.103
959.122
951.792
949.386
949.484
949.37
820
813
826.315
826.022
826.613
829.222
833.056
835.816
837.465
750
773
776.391
776.65
777.889
781.73
785.616
787.85
750
789
790.046
791.886
765
780.52
785.039
786.646
774
742
755.055
750
757
754.545
851
836.702
820.235
812
805
796.425
788.673
785.485
781.496
777.431
852
827.443
914
922
937
852
851.44
849.116
719
671
649
649.449
656
688
722.627
796
818.453
821.332
953
935.383
917.398
908.093
937
924.828
910.056
909.472
852
851.646
750
752.307
764.424
867
879.663
883
881.734
880.012
873.391
865.351
857.381
922
906
891.864
884.222
899
891.039
875
869.618
868.999
820
812
852
857.068
858.051
856.161
857.091
961
930
912.008
907.011
868
862.827
797
813
815.6
823.171
922
920.712
906.867
898.193
899
886.741
1242
797
803.113
803.843
806.51
1125
1188
1031.64
1055
1028.42
1063
1039
1014.67
985
983.734
945
891
898
897.572
836
838.989
841.343
840.576
840.228
840.578
914
914
913.207
922
922.751
883
859
860.94
860.067
914
916.903
919.434
1024
1023
992
977
972.044
960.317
947.901
940.611
906
922
899
896.472
852
820
820.724
781
784.899
784.909
883
922
927.844
928.395
984
982.214
1024
1013.38
1071
1061.58
1043.87
938
953
955.734
951.542
1023
1031
1019.7
1012.11
875
860
844
845.953
850.679
773
774
776.844
922
930.061
992
993.669
1000
992
990.734
1008
1006.73
977
937
961
964.041
962.775
957.639
956.835
953
952.581
951.44
930
929.563
859
872.35
873.543
789
832.644
868
863.009
899
945
969
964.772
967.404
930
914
914.733
910.913
909.753
912.644
914.369
1015
1000.44
991.129
984.869
805
853.875
836
837.894
842.613
883
883
884.518
887.84
889.387
992
978.024
965.076
957.448
955.299
952.575
947.433
942.95
1031
1007.33
1007
994.646
922
931.189
945
940.912
969
961
958.87
937
891
914
914.237
913.192
984
977.797
969.086
953
953
867
881.823
882.086
886.951
893.128
1070
1102
1054.1
1094
1079.33
1008
992
980.278
960.048
950.871
948.281
941.824
938.061
938.453
937.826
898
860
864.55
781
774
836
883
914
921
946
949.631
961
960.678
956.722
956.85
957.44
957.004
956.184
937
938.068
977
992
1023
1000
1000
999.921
977
945
941.397
938.506
961
1031
1024.89
1011.93
1016
984
974.357
967.06
960.684
867
883.956
888.423
896.775
905.251
912.333
920.996
926.705
928.558
930.145
1007
1005.93
996.575
977
974.903
971.021
962.108
954.825
984
981.134
906
926.911
914
1000
1055
1021.48
1003.05
1031
1026.58
1009.5
993.98
993
988.956
979.968
953
950.775
953.655
955.223
961
962.608
1015
1024
1015
1063
1101
1047
1037.09
1044.41
1035.79
1023.05
992
984
982.311
981.114
981.277
985.534
953
959.969
960.736
1039
1008
1006.5
1009.37
1010.83
976
978.31
979.829
978.644
975.892
1047
1047.99
1035.57
1029.77
1027.62
1031
1022.73
1008
1004.2
1023
1047
1034.33
1024.34
1019.48
867
907.847
938.607
953
906
931.068
945
951.317
961
961.093
953
945
950.777
961
985
992
990.793
990.13
991.812
995.856
945
907
914
906
910.453
968
979.461
972.818
971.104
937
929.637
875
914
969
1039
1028.68
1014.77
1005.75
994.013
978.812
914
859
857.734
976
1002.68
1002.19
985.655
972.471
890
852
851.635
859
878.208
902.663
911.471
774
773
777.058
781
859
895.007
892.893
976
977
968.092
949.493
906
946
968
968.638
942.821
938
941.17
944.296
939.499
937
931.738
931.87
931.762
928.071
938
935.304
984
975.632
969.894
1031
1016.59
1003.56
995.466
914
859
862.036
945
1079
1037.12
1062
1053.51
1037.48
1086
1086
1062.39
1049.48
1044.32
1034.99
1023.76
930
931.348
933.271
934.691
936.997
939.765
735
726
719
721.521
719
724.941
731.593
736.525
739.881
742.604
773
775.532
914
926.171
953
957.233
961.428
965.63
966.8
965.846
964.624
964.047
963.762
859
870.786
872.228
891
890.36
907
890
899
899.545
895.91
828
835.436
837.024
937
919.875
912.303
908.268
781
782
784.317
786.505
836
855.688
844
852.599
860.645
863.246
820
823.866
827.38
836
835.815
844
848.978
805
809.685
765
767.514
767.702
773
789
794.889
799.741
946
961
929.421
918.007
907
898
881.431
868.062
858.35
849.787
842.91
838.122
836.042
834.869
833.598
868
868.535
930
921.864
912.52
902.81
953
922
867
820
821.793
758
742
741.297
741.176
744.014
746.789
695
708.727
708.686
672
664
680
679.903
682.421
686.063
689.506
797
801.286
742
726
727
730.626
711
719
773
883
836.127
1031
969.65
985
957.715
914
908.888
907.759
900.727
894.055
892.788
892.617
891.568
727
809.523
810.25
807.918
820
821.212
860
857.665
766
773
711
722.681
723.849
723.714
758
774
779.675
821
851
854.167
938
929.224
945
930
923.535
945
906
844
852.794
852.431
846.753
953
936.602
924.173
1007
985
965.115
914
883
883.68
883.036
879.338
969
959.491
946.566
941.085
928.389
912.103
914
907.653
860
859
860.448
860.888
861.719
864.039
865.669
993
966.084
930
929
923.704
912.771
906.03
901.764
897.649
894.026
961
950.676
953
943.556
936.68
930.903
924.795
836
866.809
866.721
938
933.243
1008
992.776
1039
1047
1008
1003.12
985
972.375
954
949.581
969
961
958.738
1071
1042.96
1032
1008
1000
992.64
969
966.178
963.375
1109
1055.57
1062
1094
1074.84
1031
1016
1062
1031
1022.07
1023.96
953
959.378
963.361
966.342
836
835
838.998
797
812
875
902.975
912.722
920.732
906
911.612
916.272
917.192
917.618
918.795
921.364
923.284
992
991.677
990.411
989.132
1008
1006.73
1000.9
1000
998.637
1008
1008
1007
1004.61
960
963.214
963.692
1055
1070
1043.43
1027.96
1019.77
1016.53
1013.98
992
986.476
992
991.565
1031
1024
1013.88
1007.17
1003.53
906
938
898
922
926.295
932.455
937.836
961
969.191
945
950.475
929
931.977
969
1000
1001.27
1062
1094
1078
1065.55
1058.45
946
929
928.266
946
956.374
961.865
968.528
975.707
992
992.077
987.824
981.449
938
914
914.52
916.273
921.414
926.092
930.982
935.145
937.853
939.131
906
909.848
909.914
867
875
875.003
878.464
976
1063
1026.09
1086
1076.78
1056.63
1042.92
984
975.723
969
962.753
961.535
946
945.681
945.452
945.545
946.181
946.94
947.884
992
1032
1023
1016.83
883
929.814
828
855.779
797
804.845
805.532
807.15
836
841.001
882
898.91
911.088
875
885.639
890.677
891.74
891.288
906
930
969
976
974.734
969
929
929.466
929.225
927.229
925.753
924.826
922
961
955.644
949.095
942.493
939.594
936.015
931.164
961
945
942.702
941.151
937
969
963.229
958.502
954.532
951.908
952.307
952.275
949.499
946.494
944.606
944.011
938
937.882
969
937
938.13
939.655
940.235
883
922
917.638
859
898.122
893.606
890.04
891.827
895.226
895.851
897.735
922
906
911.53
914.239
968
954.322
1016
997.247
992.185
945
952.014
952.189
945.692
914
954
946.202
940.551
976
965.697
959.946
959.98
958.98
955.737
952.621
1031
984
1000
993.095
986.788
929
961
969
956.731
956.546
964.916
1039
1000
1039
1023
1015.45
1008
1000
994.727
988.99
984.596
980.775
1070
1031.97
1020.82
1018.2
945
963.965
515
648.709
749.231
778.633
794.774
813.727
820.622
826.571
1023
1032
1019.82
1019.47
1022.09
1022.29
1021.62
1021.6
1022.47
914
935.148
943.997
942.927
943.147
976
977.281
1024
1008
984
988.794
991.109
990.364
930
933.02
883
899
897.587
915
937
941.998
950.441
867
888.684
843
852
852.099
855.676
860.484
836
844.937
852
852.807
844
820
828.41
851
859
864.987
868.398
873.402
789
816.249
818.972
823.209
826.364
827.15
829.094
833.447
914
906
891
878.58
873.609
930
922.835
1016
976.503
947.046
932.254
933.505
937.484
932.474
923.162
916.846
985
974.954
960.202
947.406
945.219
948.226
937
931.797
953
947.65
941.917
968
961.602
992
975.257
965.599
962.796
959.453
951.365
953
945
942.423
940.448
940.042
939.967
992
978.144
972.872
970.486
961
956.126
914
928.72
984
974.097
969.662
836
898.342
896.22
773
811.249
813
816.381
789
789
789
735
742
773
776.434
778.131
797
797
828
831.029
834.023
750
726
735.829
739.303
742.107
745.321
754.809
852
867
847.816
844
843.808
833.202
817.226
765
763.122
763.105
735
735.804
737.35
711
712.236
712.653
713.387
714.679
716.288
718.322
719
720.494
721.616
722.979
724.457
774
773
774
773.958
781
782
784.196
804
804.464
843
841.277
851
847.847
845.667
845.314
844.523
842.89
922
922
914
898.421
890.471
868
864.977
865.329
860.929
757
788.104
788.867
719
758.896
750
742
734
739.122
739.77
740.186
740.669
711
718
718.198
717.687
688
695
695.288
696.086
697.45
781
778.002
779.79
844
797
798.086
803.665
796.989
792.294
844
831.825
820.798
819.514
819.442
961
984
925.784
896.614
889.663
414
550.14
642.854
667.239
674.177
672
683.022
690.135
844
833.299
825.805
992
1024
970.523
977
981.985
978.457
974.163
975.769
980.25
891
896.205
902.463
902.918
937
937.146
937
940.683
944.232
946.486
943.286
941.101
939.834
936.898
906
906.113
1140
1034.84
998.355
989.201
980.481
1070
1039.52
1020.88
1010.84
875
914
946
1007
991.747
976.584
953
951.152
958.069
967.182
1023
1002.24
1000
969
963.33
969.543
898
910.8
911.765
916.201
919.347
1031
992
985
980.714
970.226
962.117
1000
991.58
979.78
973.374
969.854
963.749
959.134
899
906
992
1000
1000
1071
1093
1062.76
1052.78
1046.32
1032.86
1021.69
1013.16
1005.12
1039
1032.2
1026.3
1023
1055
1050.58
1041.8
1039
1016
1014.42
938
957.991
959.711
965.658
970.264
974.773
921
940.249
898
900.199
969
970.883
922
936.179
961
976
970.991
971.987
980.326
898
916.931
919.437
924.506
993
1039
992
1008
1008.11
989.229
969
953
945.832
1039
1079
1045.19
1029.22
1023.96
1011.53
994.775
982.063
914
915.676
915.816
918.594
922.965
953
945
946.554
948.09
947.094
944.53
942.181
797
797
797.226
867
895.99
911.426
923.284
926.825
1024
1016.23
992
991.363
985.842
938
938.513
938.421
929.403
891
896.024
961
977
962.297
951.02
951.818
947.91
937.763
820
875
883.509
930
920.881
915.278
918.653
920.105
945
938.477
851
868.915
868
875.292
874.07
899
907.241
969
961.292
930
924.212
928.63
851
875
877.07
881.327
878.877
878.984
884.199
884.882
750
844
841.211
834.549
1055
998.639
969.745
966.232
953.316
934.998
969
953.502
938.504
938.501
1352
1125.58
1060.46
937
935.777
940.345
938.856
1055
1031.46
1024
1003.99
976
970.701
891
875
876.59
878.222
880.44
882.655
885.6
888.093
906
908.038
908.635
1008
1009.18
1006.19
1023
1022.64
898
908.355
908.114
906.594
1015
1014.28
999.625
995.57
986.951
973.846
964.664
956.783
938
932.161
1015
1005.97
1015
999.597
989.746
978.573
966.454
1007
996.876
987.803
1008
984
907
915.074
843
845.816
845.101
846.491
850.416
853.716
856.576
858.905
1016
992
987.062
982.924
981.885
899
906
905.475
905.145
905.86
1102
1057.57
1037.18
969
959.523
951.319
1039
1018.19
995.584
859
874.164
880.331
887.851
888.736
886.016
946
952.943
961
948.572
977
982.279
969.584
952.956
948.197
1063
1033.72
997.483
980.432
1055
1031
1003.26
961
945
945
961
953.334
947.179
984
992.022
985.028
969.967
967.006
1007
1004.35
984.908
977
981.934
990.558
984.019
970.309
966.264
1062
1035.01
1006.86
1024
1026.61
1019.65
961
965.253
914
920.539
921.477
925.588
928.02
1094
1048.77
1027.2
984
961
956.207
955.622
955.805
956.904
958.9
1016
1017.83
1031
1017.58
1006.62
996.602
988.217
981.732
937
922
1000
1002.3
994.982
985.592
978.095
976
973.395
1015
1008
977
971.76
975.336
1086
1045.39
1008
1039
1008
1003.29
997.086
992.368
990.126
1015
1010.26
1003.17
997.411
995.319
997.498
1070
1033.53
1015.9
1009.78
914
953
954.573
955.273
1047
1047
1024
976
938
939.174
940.721
953
962.26
1078
1073.12
1057.03
1044.92
1062
1051.1
1035.48
961
907
905.899
905.332
909.882
913.642
917.383
945
938
938.899
890
893.243
893.208
894.28
895.355
896.418
969
983.392
898
903.989
898
454
640.446
875
853.039
867
874.179
984
957.171
1102
1060.41
1054.86
1053.59
1048.42
1047.15
1008
1009.71
891
852
861.245
852
854.506
937
939.197
883
851
813
820.889
823.914
824.699
859
860.594
882
868
869.147
977
977
1015
1003.49
1002.22
1002.96
1001.89
953
953
1000
995.644
984
938
898
903.672
907.541
907.829
906.651
905.999
946
952.347
948.757
914
915.374
921.628
924.808
919.5
750
773
758
767.625
773
776.357
784.183
799.061
812.075
819.765
805
814.364
823.971
832.3
828
830.828
914
922
938
923.359
921.201
924.102
924.825
836
844.122
847.388
848.313
847.189
922
906
906
897.488
930
890
883.008
884.704
877.305
867.188
864.551
863.118
859.974
688
751.805
687
692.559
693.164
696.357
766
774.916
789.312
836
829
833.101
836.401
836.894
836.898
836.4
836.343
836.955
837.067
837.125
837.199
837.593
837.712
930
937
954
939.152
931.383
883
882.757
883.992
851
848.655
890
914
914
902.267
891
886.019
886.785
889.157
953
944.671
914
902.787
899.837
901.157
915
929
920.149
911.712
904.842
903.691
902.796
875
875
953
929
919.62
911.362
422
1289
1099.49
983.052
820
828.657
915
1046
1125
1164
1096.07
1094
1070.83
1047
1039
1037.73
1036.47
1035.2
992
993.432
993.043
1101
1039
1019.43
1018.16
1017.81
1016.97
1014.73
969
922
927.354
930.953
935.732
1000
1015
1013.53
1013.25
1016.6
946
921
938
949.209
961.927
969.215
907
875
877.439
878.126
883
885.757
888.221
895.633
902.478
909.08
914.441
946
958.024
959.012
953
1008
1031
1010.71
1063
1063.36
1044.69
1034.03
1035.5
1034.69
914
950.676
953.636
906
914.19
969
984
975.111
1039
1037.39
946
937
949.509
943.789
1320
1090.03
1054.21
867
897.247
937
956.974
1102
1109
1067.57
1047.07
1032.55
1012.43
1070
1050.41
1020.08
995.826
1055
1062
1071
1054
1027.39
1021.45
1024.41
1047
1070
1055
1039.31
1030.33
1023
1030.02
1031.42
1062
1053.74
1042.57
1034.13
1032.33
1036.41
1042.56
1037.18
945
974.986
867
892.859
891
894.782
1000
1016
1020.84
1020.75
968
930
932.41
953
969.681
978.461
980.021
981.563
930
937.167
939.31
942.091
914
976
985.103
1015
1047
1032.77
969
971.363
967.392
1000
989.738
976.999
975.372
978.43
977.18
967.717
963.396
965.58
963.256
960.274
899
882
891
893.888
844
859.825
863.323
865.954
868.781
891
867
844
850.776
851.806
945
1023
1012.29
1001.2
997.31
1023
1018.95
1009.26
1002.61
821
844
852.682
976
986.592
976.788
1040
1015
997.397
1000
1015
1003.6
987.917
981.344
975.862
965.412
985
978.574
992
969
967.923
946
947.646
946.634
1016
1009.03
969
973.684
945
944.681
941.854
938.715
1000
1015
1006.01
993.697
1023
1024
1014.42
1004.25
1023
1024
1012.92
1023
1021.77
1000
995.425
998.566
1007
999.117
985
976
979.509
953
957.726
960.224
962.976
984
986.801
1070
977
984.871
1063
1041.17
1028.17
1027.88
1025.78
1023
1015.41
976
979.756
1008
1009.23
969
975.086
1039
1026.69
1071
1062
1046.07
992
995.156
998.805
994.616
988.474
988.625
993.135
993.748
987.372
986.802
989.214
991.303
1016
1014.2
977
983.026
1000
1002.77
1055
1015
1032
1054
1047
1033.26
1008
976
984
993
992
993.561
996.066
1000.27
1375
953
883
891
945
953.498
960.647
1109
1066.02
1055.39
1054.12
1047.42
1101
1077.11
1066.73
1065.35
1078
1070
1000
1002.69
1004.9
1003.15
1001.88
1046
1042.22
1040.15
1038.41
1047
1042.37
1037.25
1070
1061.75
1031
1039
1039.52
1031
993
992
1008
1012.31
1000
1032
1044.65
1034.94
1031
985
961
963.375
859
903.566
961
992
1016
1027.19
1028.31
1015
1016.24
1016.66
1000
998.996
999.43
994.953
992.263
992.022
990.329
988.885
987.631
986.891
986.988
987.004
987.075
988.142
922
968.231
953
961
984
969
971.957
972.431
1023
1010.65
1008.75
1011
1012.4
1012.13
1010.89
985
929
941.664
942.758
945.289
976
961
969
971.676
968.766
970.319
970.736
968.927
968.438
967.556
965.809
930
938.61
1188
812
885.031
885.286
887.268
1078
1007.42
988.788
987.621
990.082
990.371
989.95
945
891
867
868.997
870.368
789
828
831.012
891
898
899.979
875
852
812
817.052
817.294
817.139
890
905.829
906
922
923.445
907
905.887
905.486
945
941.5
422
544.539
642.256
860
843
841.736
851
853.961
852.695
1336
1106.77
1027.1
1025.05
868
869.77
883
882.655
879.506
878.681
880.309
1047
1001.72
1016
1016
1009.09
953
955.459
968
966.412
965.275
961.295
962.258
961.099
959.833
958.567
1016
1015
1004.76
945
930
945
947.54
946.545
941.891
938.088
941.149
942.847
937
922
924.653
925.369
899
1000
1054
1014.65
1039
1000
977
929
930
422
1328
1081.38
961.825
960.559
945
946.993
948.572
949.517
1125
1050.5
1070
1064.33
1061.41
891
923.509
925.488
921
919.848
922.032
926.562
930
953
952.39
976
985
1039
1000
998.234
1024
1020.03
1013.97
929
957.385
959.006
969
1000
993.359
961
972.223
960
946
898
922
945
948.529
944.219
944.95
867
860
863.109
866.562
871.247
873.806
946
968.469
1000
994.316
989.142
984.308
973.961
963.23
937
1000
1000
1000
985
992
992.676
938
941.845
942.496
906
910.55
914.221
969
966.819
961
959.787
958.043
951.856
985
980.652
970.657
953
957.061
957.343
961
956.076
1000
996.211
1031
1019.01
1012.37
992
953
922
921.722
923.09
969
983.632
1000
997.527
1015
1013.28
1002.67
993.023
984.804
974.818
965.663
960.034
956.512
954.873
954.821
956.074
957.911
993
1005.39
1008.33
1006.25
1000.63
906
898
928.48
950.633
914
891
867
875
877.124
881.686
886.8
892.899
1031
1029.24
1000
946
937
937.075
933.241
927.448
1250
820
831.709
832.679
930
1016
976.715
950.89
949.214
1086
1063
1019.6
989.713
988.3
993.63
988.843
938
922
914
906
905.056
945
947.951
953
951.734
898
904.449
905.167
906
961
964.992
930
922.252
925.448
930.038
930.183
925.494
920.978
923.399
953
954
947.271
937.233
933.474
936.313
940.427
961
944.607
934.489
937
942.84
946.031
929
924.868
1336
930
928.003
898
903.417
813
906
1016
957.381
1133
1094
1038.87
1070
1023
953
956.227
958.532
1008
991.052
984
984.643
977
945
948.11
1031
1031
1009
1001.67
1003.15
1015
1010.67
996.907
995.769
994.562
986.244
979.517
977.301
1015
977
977.738
981.399
983.8
1047
1039
1024.39
1018.35
1055
1049.55
1037.5
1027.69
1027.98
1029.16
946
890
891
891.334
893.417
896.076
901.86
907.983
912.204
915.854
919.697
906
891
893.123
860
863.962
890
891
875
880.695
976
979.951
975.114
965.821
966.375
967.337
962.742
875
878.67
879.711
852
855.478
844
845.596
929
934.75
922
875
844
845.145
774
778.96
781
773
775.639
789
797.906
1070
1055
1017.69
1004.84
991.375
906
894.614
893.348
930
928.763
914.749
907.276
945
939.45
922.212
1187
1106.43
1050.85
1054
1041
883
890.544
896.07
894.395
889.56
891.419
875
873.899
828
836.386
838.654
773
750
755.678
735
741.581
745.688
726
727
742
744.006
750
753.256
757.225
727
748.993
750.511
753.983
757.043
760.807
764.18
768.115
771.89
775.032
930
953
938
913.179
898.625
888.342
877.302
865.86
855.033
953
940.831
919.061
946
937
931.176
875
867
422
1328
1020.84
856.812
856.731
860.699
861.306
1078
1004.65
965.158
1062
1032
1002.2
1000.98
1000.22
998.952
915
923.45
829
858.461
836
842.945
848.363
1008
975.604
973.877
972.611
969
938
953
961
955.369
946.202
942.451
1063
1022.63
1004.12
1070
1056.88
1070
1078
1069.28
1066.31
1023
1024.34
977
978.786
976.828
921
936.884
937.327
936.799
805
880.978
879.673
880.288
922
922.597
914
875
900.134
922
920.477
1016
1008.99
1047
1063
1055.2
1000
1007.54
1010.08
1002.33
867
906
912.047
953
947.045
992
994.529
1023
1008.74
1002.85
998.148
1008
1031
1016
1009.14
1054
1024
1013.71
1012.05
1015
1024
1015.67
1011.26
1031
1063
1051.47
1040.96
1035.61
1037.08
1036.9
1032.57
1055
1039
1035.59
1070
1064.25
1055.66
1050.92
1051.75
1051.85
1046.25
1041.81
1039.8
891
976
973.567
992
989.069
992.12
997.465
999.437
1000.77
1002.51
1004.29
1005.9
914
957.475
953.775
805
844
882
869.773
876.942
930
928.507
875
907.734
929
919.906
920.724
1031
1002.44
979.651
987.089
986.152
961.493
962.955
971.146
922
927.042
943.509
934.444
920.99
937.041
1031
987.344
963.455
968.343
963.429
977
963.675
1000
992.803
974.083
970.246
972.378
965.813
953
1008
1000.01
1016
1001.42
1015
977
937
953
957.23
969
965.249
967.428
1047
1027.01
1011.66
1009.52
1008
996.559
1055
1041.85
1025.3
1021.62
1015.9
1005.12
996.965
985
979.372
976.46
974.94
975.71
937
945
944.931
946.959
950.102
952.201
859
929.187
789
880.244
774
831.75
829.613
828.391
831.324
835.062
838.461
984
1008
1016
1047
1042
1042.23
1000
1002.67
1001.97
875
899.998
899.626
896.224
896.504
1039
1008.96
1063
1043.5
1033.55
1024.86
984
945
943.357
938.011
933.639
1023
1016.99
1008.66
1003.96
993.384
976
970.855
966.454
963.192
1000
1024
1031
1070
1063.34
1071
1023
992
982.865
975.784
974.829
976.257
979.067
982.669
985.952
988.602
1023
1029.05
1027.86
1019.77
1013.38
1008.76
1003.44
998.663
994.846
991.651
875
939.284
934.39
852
918.253
911.839
912.002
919.483
921.878
828
862.736
766
820
817.378
816.811
453
1289
995.548
888.952
889.512
844
851.305
855.431
969
923.575
922.309
922.84
924.555
945
875
797
831.305
726
719
736.836
741.729
742
749.564
718
738.263
746.274
789
788.522
789
791.8
794.3
797.496
773
758
742
743.618
743.721
711
719.703
812
811.23
807.643
796
792.503
789.744
779.042
768.615
727
726.117
727.196
730.232
733.876
875
907
976
914
860
859
850.409
837.547
826.02
789
783.332
735
732.771
726
726.27
727.651
633
659.987
602
607.531
607.932
609.873
610
613.168
625
627.383
630.182
609
615.001
641
656
659.505
680
686.753
734
695
698.395
702.413
703.347
702.144
700.421
700.809
701.649
701.755
701.521
742
735.854
766
758.442
751.708
750.247
748.051
744.695
797
784.392
812
801.12
792.945
757
760.034
757.721
789
829
820
844
804
796.741
798.032
801.556
803.827
789
785.437
782.876
804
800.708
796.591
791.612
812
789
790.879
734
758
759.378
695
714.571
711
687
672
675.954
677.336
617
617
617.33
609
611.517
649
695
709.729
719.761
649
640
625
625.535
610
613.713
609
625
625
630.061
635.284
687
782
882
930
886.618
914
859
840.189
830.408
821.756
813.245
836
859
844
828
826.734
875
820
818.734
820.769
821.193
782
782.68
785.863
758
789
788.836
787.701
788.281
788.175
938
886.557
870.979
868.389
929
905.314
961
933.609
937
932.581
927.387
924.625
922.142
867
878.911
878.207
872.029
870.567
871.18
872.924
836
853.946
851.344
805
812
805
805.7
805.618
806.275
807.44
813
812.436
815.59
789
758
726
731.27
742
743.526
766
835
883
881.539
877.582
953
948.044
844
851.852
836
824.07
867
875.123
852
849.211
906
900.879
881.421
828
835.641
797
797
796.333
798.634
800.624
407
543.067
624.271
625.95
1093
904.097
902.831
904.093
742
755.59
769.371
769.564
875
844
842.734
842.357
851
859
844
821
822.37
843
841.734
840.468
839.546
839.61
742
754.827
758.116
742
741.134
812
836
832.961
899
896.576
812
820.333
821.851
807.727
798.759
802.493
803.624
703
727
733.983
735.436
734.639
875
861.946
812
825.16
781
781
785.752
781.833
774
820
817.587
797.476
799.138
803.41
860
820
815.176
818.921
890
855.57
937
852
844.048
846.057
842.666
835.804
830.817
766
766
767.534
770.369
945
1000
922.051
895.161
945
935.179
910.449
895.671
891.593
887.371
878.879
843
868
898
883
875
836
842.315
846.912
846.954
843.007
842.243
845.744
750
782.926
773
776.014
776.529
777.888
783.403
787.257
774
779.432
781.242
783.771
786.11
788.286
790.69
793.372
795.771
843
843.62
828
829.493
805
809.076
810.422
703
741.98
688
687
687.3
689.796
758
765
899
874.8
870.038
891
879.483
851
849.591
843.559
833.925
828.418
824.634
820.651
817.16
814.185
813.319
813.241
906
883
871.426
804
789
791.217
792.414
750
727
750
752.93
756.874
759.308
764.548
771.481
777.354
750
756.98
758.662
828
824.132
813.661
806.171
806.642
789
783.425
734
738.114
739.265
744.457
749.528
836
907
976
922.086
895.056
875
836
813
804.205
798.915
796.222
992
956.234
1062
1000
1032
1020.15
961
953.087
949.58
843
844.806
848.72
848.381
847.748
976
968.723
951.828
944.665
898
889.766
888.331
961
953.775
942.987
938.113
933.092
924.805
917.878
912.822
812
832.211
833.891
859
953
960.347
1015
1005.28
1023
1031
1013.85
1000.56
890
883
877.442
875.546
813
773
773.855
773.025
775.419
867
937
945.519
984
985.399
974.589
422
1297
1006.26
829
843
847.083
1078
1010.82
982.852
1117
1110
1031
1000
969
969
967.734
964.472
984
985
984
1016
1008.47
1007.21
1000
984
984.585
984.817
983.55
981.657
979.164
978.186
978.689
976.463
891
945
938
937.474
940.998
942.313
945.608
954
953.255
956.143
961
960.691
962.066
962.944
1094
1027.93
1015.59
937
952.371
954.005
867
924.849
922.041
859
867
874.521
1094
1010.47
1031
1010.29
890
844
847.756
853.004
742
766.432
758
760.571
804
829.023
839.834
930
961
961
959.945
906
891
891.658
890.392
930
984
1031
1055
1055
1040.14
984
981.809
929
961
962.904
1016
1014.43
993
988.137
983.483
1000
1000
989.473
977
1000
997.042
990.002
983.951
980.478
978.61
813
828
874.743
884.734
890.725
904.829
920.777
926.465
742
815.905
743
746.388
749.435
753.978
867
914
916.366
922
922
921.157
937
935.734
852
860.695
863.487
867
891
891.266
890
888.734
984
961
942.112
929
928.433
924.536
938
992
1008
1000
983.003
974.52
966.949
957.711
949.213
828
868.685
872.031
880.056
884.521
888.493
894.393
897.005
1063
1023.98
1008
1000.57
991.352
978.062
1008
998.944
987.274
978.901
975.047
1024
1011.52
999.998
995.224
992
1008
1002.45
1054
1035.29
1047
1042.1
1035.44
1032.07
1027.16
1021.5
1016.44
1011.67
1007.15
1157
1110.1
1088.43
992
992.462
969
992
1016
1016.99
1017.19
1015.95
1017.07
1017.24
1000
1031
1008
938
929
928.942
898
422
1383
953
942.343
940.761
939.551
939.875
941.119
938
1015
993.317
1031
1031
1000
1007.87
1012.64
875
929.376
860
879.625
1070
1047
1014.61
1007
1007.43
1010.55
1011.56
1039
1023
1039
1024
1024.47
961
969.532
953
947.958
915
920.37
921.602
922.17
923.643
924.862
926.252
992
986.604
985.046
930
937
936.955
937.687
939.452
1040
1078
1055.05
1044.18
1039.05
1028.52
1017.72
953
1000
1004.99
996.875
906
917.146
914
917.28
917.495
919.528
924.869
927.224
937
938
938.344
940.112
941.051
1094
1044.01
1021.13
1013.59
961
930
931.159
931.57
969
973.483
972.217
953
953.042
969
970.606
965.382
957.829
952.762
953.607
955.535
1000
990.895
978.397
967.875
1125
1065.49
1029.01
961
959.102
938
984
1016
1054
1019.64
1071
1061.84
1051
1033.4
1021.31
922
953
953
1078
1078
1117
1110
1089.75
1073.25
984
976.481
852
820
819.169
819.315
820
825.323
831.177
835.588
937
973.387
980.391
945
948.309
859
863.378
867
870.934
873.09
938
950.032
1032
1032.65
1031.38
1030.11
954
951.374
875
914
992
987.147
1039
977
966.985
962.936
950.983
940.86
933.936
930.828
929.813
929.377
922
922.524
921.947
921.344
945
985
976
970.246
963.254
960.124
957.683
937
933.583
930.292
928.137
928.018
928.088
929.393
931.559
933.611
875
1023
1094
1109
1051.67
1033.17
1054
1039
1028.62
1019.56
859
917.359
916.249
922.14
923.306
924.953
929.15
931.486
883
945
942.293
939.337
938.071
922
929
930
929.655
930
930.121
898
911.164
911.857
985
972.564
967.595
967.144
968.19
969.505
968.535
964.882
750
773
813
819.996
825.819
968
966.709
951.579
955.837
954.776
938.15
937.316
937.328
922.541
916.233
1016
945
938.917
946.717
930.982
929
931.606
926.829
992
976.752
963.949
963.09
958.552
952.167
947.161
953
1000
987.77
1047
1054
1034.48
1047
1047
1038.33
914
430
583.635
860
875
893.285
867
868.502
953
945
943.734
1000
997.708
921
883
875
852
890
894.128
500
1305
883
878.319
879.351
906
883
883.395
884.699
1149
1043.39
985.362
1117
1071
1037.49
1027.15
890
891
897.289
896.126
985
971.418
965.362
964.096
964.357
965.102
965.047
964.189
963.22
961.803
930
932.565
931.794
906
875
878.007
877.225
876.6
836
849.291
1008
1062
1038.8
1055
1045.97
1033.84
1023
1032
1021.54
1013.75
1009.49
1047
1042.31
1035.42
890
899.986
905.065
913.346
836
840.013
846.027
853.196
854.583
854.807
406
563.244
658.583
659.726
875
878.133
887.575
896.811
905.731
836
836
849.632
853.178
821
859
864.225
864.402
836
840.86
844.299
914
905.493
904.226
903.496
1305
1043.95
981.24
975.114
964.43
961.534
950.899
943.722
942.456
941.19
939.924
1008
1000
1023
1004.53
1024
984
982.499
983.141
977
975.734
1007
998.704
961
946
958.445
957.183
956.018
956.044
914
950.6
947.309
836
910.322
953
939.603
976
985
961
937
951.557
954.689
947.379
948.336
957.362
958.428
851
907
961
445
1351
915
903.411
836
852.667
857.271
922
1047
972.868
970.82
971.372
972.664
961
960.741
844
880.614
882.931
881.665
881.54
884.597
889.693
914
836
869.147
851
891
898
895.32
896.52
906
908.187
903.448
900.505
900.134
899.89
1063
993.832
969.172
1024
1005.84
990.657
986.246
922
930
914
461
613.333
765
769.574
777.943
794.044
789
792.692
796.953
812
868
867
866.746
836
836
844
797
805.105
807.677
808.275
809.723
859
857.734
859.015
789
818.991
820.031
796
797.62
799.013
795.838
793.239
794.895
796.595
695
731.202
695
680
711
726
735
744.837
754.553
742
821
811.726
805
805.793
805.903
802.391
799.489
798.996
789
789.257
786.878
785.248
784.06
859
835.87
828.621
829
875
914
414
535.827
631.211
629.441
632.416
649.093
665.19
742
740.766
740.363
743.359
953
890.751
867
865.734
865.699
750
766
766
764.82
763.553
828
830.583
829.317
828.353
830.402
891
886.456
881.849
797
774
804
804.409
795.899
859
854.837
836
828
825.321
817.929
812.048
811.469
811.97
811.071
774
765
765.526
767.092
769.21
770.76
772.723
775.858
883
866.909
890
899
945
936.598
925.315
969
964.583
954.899
948.333
929
928.895
927.348
923.533
921.51
922.132
907
908.691
910.047
789
750
726
726.347
728.76
688
700.439
703
711
712.88
716.892
696
687
692.483
694.714
697.395
700.994
727
672
679
683.726
688.377
691.464
694.759
699.026
718
719
723.253
726.143
727.966
725.649
721.605
649
664
668.08
670.107
672.493
703
713.16
711
758
752.151
736.874
733.722
711
695
694.181
687.034
680.93
682.96
664
667.112
667.993
805
757.247
821
812
797.996
774
765.678
719
711
705.389
701.453
702.174
757
758
753.728
748.233
742.299
735.643
729.913
725.349
722.941
703
705.146
703.551
671
677.414
674.748
674.099
674.762
695
702.77
710.787
718.149
723.264
804
789.96
781.016
773.046
764.134
812
802.062
787.939
852
845.586
977
928.31
898.432
953
969
953
941.903
945.01
950.503
930
976
899
859
871.006
875.098
872.671
870.31
871.15
873.149
704
785.468
785.124
765
758
766
768.805
750
755.426
680
703.51
704.985
625
664.854
666.938
667.723
671.384
675.901
680.415
685.06
899
849.958
835.414
834.391
833.253
797
781
813
836
821.822
796
796.039
789
783.752
727
731.231
735
765
761.102
781
821
781
773.252
774.578
790
782.218
773.496
772.183
773.469
772.816
758
759.871
735
738.822
739.89
742.766
812
812.397
821
812.275
803.356
794.274
719
766
773
772.918
771.242
772.315
772.465
769.612
768.024
766.86
765.424
765.003
764.85
764.932
704
731.186
703
705.253
706.103
705.916
707.49
750
744.132
748.281
797
791.473
791.623
791.313
828
789
792.291
750
757.082
753.847
750.516
751.466
751.978
750
751.045
751.286
751.704
813
820
813.335
807.255
802.178
797
790.997
785.283
779.743
775.613
860
838.242
828.984
823.501
867
863.324
797
797.847
801.705
813
806.801
766
769.277
774.004
779.031
776.489
632
689.447
690.567
694.998
693.742
694.131
844
852
824.526
789
766
727
750
751.443
749.104
711
721.307
733.539
743.601
664
674.101
680.542
693.705
719
709.249
709.107
718.52
724.113
687
696
700.391
704.449
698.224
680
687.122
664
670.795
671.034
750
748.377
731.343
719
719.505
664
664
666.395
670.138
672.735
675.437
678.554
594
640
639.342
703
694.881
689.78
690.742
689.547
703
696.855
664
687
704
697.034
726
727
719.698
695
680
682.652
641
649.491
650.966
734
750
738.262
729.904
724.945
758
750
735.73
726.693
723.52
717.647
812
788.669
797
852
837.022
859
844
834.802
830.97
826.474
836
883
898
883
874.417
867
866.26
861.935
836
835.542
835.855
832.726
830.691
830.129
830.208
922
906
891
882.354
875.26
865.984
898
891.916
929
891
898
883
882.927
875
871.322
859
859.312
858.216
906
898.458
893.535
937
931.528
883
884.128
882.996
879.399
876.266
873.875
976
946.857
935.541
931.631
914
898
899
945
936.14
924.105
914
913.525
912.625
906.141
900.187
897.381
896.221
898
895.306
893.749
993
958.878
969
959.84
977
1008
995.629
985.118
976.845
975.271
1055
1031
1015.49
1008
1006.24
1010.4
1024
992
990.075
938
945.844
946.837
915
919.919
1250
836
858.41
861.927
864.036
866.299
946
945.286
968
977
978.614
980.882
969
970.282
970.528
969.765
1000
977
984
961
963.722
963.89
963.809
963.91
1015
992
969
973.607
922
938
953
1023
1011.34
992
986.827
980.724
973.102
965.533
961.865
937
961
960.289
961.794
961.777
1000
1008
996.087
985.127
953
969
968
963.121
957.729
959.395
984
961
937
954
956.448
953.582
946
951.804
956.228
953.067
948.724
774
773
850.648
836
868
890.414
898.478
835
844
852
853.718
854.386
859.616
865.643
867.772
852
914
913.36
905.386
1008
1031
1023
1000
992.816
987.42
976.574
967.822
963.509
959.679
954.943
949.718
946.587
961
957.585
953.977
954.159
953.964
977
971.581
945
949.657
899
918.818
1008
990.345
980.569
975.034
970.349
977
984
979.798
974.602
992
988.596
982.331
975.228
828
868.398
910.24
916.816
914.647
836
789
796.79
781
787.692
791.609
796.436
882
868
869.449
874.559
844
849.479
852.369
853.072
922
924.223
1008
997.548
979.063
1007
1008
995.388
988.102
930
930.204
930.298
926.704
925.438
945
961
969
964.125
961
977
953
949.378
945
946
943.143
940.818
899
908.955
930
932.85
934.766
938.861
953
946
859
812
819.327
805
811.679
817.234
789
782
784.441
922
993
987.076
906
906.148
915.46
867
864.215
863.684
797
799.052
800.234
805.903
814.007
817.023
851
865.76
1172
1010.67
971.847
962.692
954.12
937.784
922.528
813
812
782
783.487
797
773
779.337
750
755.82
757.438
758.729
761.043
844
852.561
853.583
852.316
851.426
851
849.734
805
805
805.57
806.988
445
615.464
758
727
703
723.768
733.943
813
801.607
800.34
937
896.781
907
892.219
889.865
813
820
825.248
816.115
814.964
757
771.079
711
688
687
690.239
688
689.574
692.081
695.511
697.22
699.062
700.035
700.856
860
828
820
818.435
818.068
818.166
817.585
816.319
815.053
813.852
844
851
445
552.481
643.392
648.337
649.728
654.977
664.861
703
789
774.421
772.972
844
832.434
818.217
816.951
805
804.741
804.619
805
805.621
806.732
807.686
808.333
808.838
828
826.734
825.543
825.829
867
865.734
851.888
846.024
875
867.931
858.332
851.674
847.277
789
773
773.25
773.936
773
775.882
779.086
781.663
852
857.238
851.983
849.02
847.931
842.443
835.916
829.879
824.911
821.119
914
899
882
875.914
437
602.496
693.457
750
747.399
751.841
836
890
862.62
859.917
883
852
867
836
828
831.071
781
774
779.533
779.611
779.797
781.214
829
851
849.734
848.884
849.793
851.819
852.323
773
758
789
800.1
883
883
870.449
852
843.926
836
826.064
797
766
765.393
766
769.616
773.785
734
742
743.059
744.654
758
758
762.649
766.04
768.123
726
743
742.518
789
791.963
788.713
786.422
805
807.725
804.435
743
749.484
752.18
757.472
774
789
786.725
778.22
771.407
767.588
759.919
752.57
774
775.535
781
766
763.425
765.749
764.753
761.052
773
772.338
774
771.268
773
781
758
762.876
742
744.758
782
804
797
792.898
792.365
773
734
739.073
773
779.354
776.327
775.201
773.187
767.277
762.443
758.776
734
735.509
736.094
737.799
739.9
742.245
744.511
835
860
844
827.173
820
808.704
795.925
766
759.85
757.009
754.876
754.806
755.375
755.538
899
859.158
828
821.836
814.476
774
767.424
764.397
761.67
761.142
851
883
906
883.461
868.937
856.046
842.222
831.634
822.342
797
789.595
785.716
784.137
758
761.061
789
795.088
799.963
801.262
859
869.976
843
837.526
834.827
825.681
816.84
680
728.144
738.723
688
711.899
724.629
875
938
900.009
888.147
883.75
867.376
850.361
837.923
826.769
813.923
734
737.121
740.803
781
790.138
797
797
774
757
755.734
754.468
753.202
752.357
752.058
749.35
746.343
750
747.813
746.003
746.65
747.639
749.201
680
738.508
733.128
625
711.195
609
672.021
666.262
662.683
665.327
649
661.291
662.203
662.742
663.877
665.214
666.475
695
687.903
687.762
789
758.915
749.876
749.055
773
765.075
761.191
734
711
718.631
715.592
710.921
709.175
709.215
711.234
711.482
820
813
797
783.818
773
758
749.552
742.994
672
685.279
684.91
688.277
766
777.192
771.269
764.706
859
841.312
734
729.94
732.577
728.372
722.152
721.034
723.456
722.788
719.702
718.797
718.615
718.725
718.936
711
713.387
713.471
695
700.335
648
649
648.419
649.237
652.527
844
777.926
765.844
760.004
742
719
711
707.005
711
711
712.035
713.045
843
852
883
851
835.923
804
790.811
781.351
772.076
764.612
750
790
789.451
784.548
778.762
773.025
750
749.813
735
735.089
734.923
711
715.062
715.168
715.992
717.397
718.199
718.72
680
679
678.495
678.265
695
697.724
687
694.817
703
758
760.445
759.078
757.968
759.623
812
808.209
766
773
779.99
777.946
767.621
844
820
804.868
799.88
801.311
796.297
788.608
750
754.467
765
750
747.738
750.565
753.541
750
748.269
750.308
751.526
688
712.665
712.963
714.818
716.866
722.599
773
771.258
766.473
767.368
769.026
767.237
765.133
718
728.124
729.733
731.08
729.049
732.217
735.193
733.118
731.796
733.399
649
640
644.182
645.588
648.594
655.194
660.922
664.641
703
703
707.676
687
688
671
673.547
674.109
680
672
688
690.267
671
641
539
719
684.531
681.072
633
734
711.094
699.837
829
796
758
752.086
747.651
737.189
703
705.272
641
641
641.871
648
648.563
651.216
657.051
758
758
758
726
720.648
719.133
709.192
699.596
692.657
711
710.563
706.849
702.51
701.351
702.849
813
786.535
766.726
757.288
750.603
727
719.627
680
672
670.112
672
656
641
641
625
626.53
672
695
706.382
711
715.142
735
718
712.044
707.895
702.005
773
836
802.969
778.784
769.978
765.577
759.694
750
742.603
737.161
733.4
730.692
757
755.114
727
726
719
716.361
688
691.845
696
697.641
687
696
726
735
735.853
733.931
733.434
758
760.94
836
805
795.232
790.347
695
707.823
641
617
617.019
618.038
624.755
625
631.72
625
629.884
631.565
632.797
633
633
664
669.849
673.593
675.683
678.242
680.953
682.759
683.753
625
633.233
633.124
635.741
638.852
586
611.448
613.869
618.115
619.571
610
615.552
619.129
621.176
621.783
622.937
609
594
599.916
601.859
604.692
586
592.24
562
563
562
563
566.002
568.16
571.316
574.401
577.684
571
390
486.676
483.657
481.187
486.194
539
536.126
540.206
546.571
531
542.7
544.263
544.015
508
515
518.889
518.217
517.952
524
515
516
523
523.088
523.139
516
531
530.528
527.007
526.597
526.961
524.482
531
527.969
526.149
531
539
533.376
547
542.455
531
555
547.337
406
734
547
533.371
531.551
540
536.703
537.114
547
544.041
544.766
545.986
594
602
586
581.7
582.406
583.071
586
582.037
579
546
563
555
554
554.907
556
557.334
557.336
557.869
563
555
562
563
562
560.714
559.479
559.229
558.869
558.551
558.388
625
596.46
664
664
651.697
633
632.393
630.258
610
632
633
625.867
623.445
624.807
624.259
622.267
703
674.836
711
692.176
684.5
711
699.048
691.439
688.711
685.665
719
704.517
697.377
697.936
774
748.341
736.776
766
759.399
727
733.102
735
727.673
722.996
721.681
774
757.026
748.621
744.505
773
766
766
781
774.454
768.401
764.875
763.011
735
738.192
734
731.117
729.114
727
729.073
711
727
726.592
727.679
743
734
737.202
735
750
773
774
771.623
769.51
768.511
766.762
726
734.944
732.625
765
820
797
797
791.923
750
758
773
772.152
764.343
766
726
711
712.373
713.759
717.774
648
649
640
625
627.37
633
633
648
655.108
664.07
672.971
681.422
690.526
699.783
711
718
719
723.172
742
758
757.948
757.043
735
757
758.534
754.529
750.06
745.297
745.169
744.766
781
750
774
768.962
763.361
759.923
756.79
753.742
750.463
719
726.759
711
712.056
712.238
712.719
713.563
656
684.591
743
734.519
736.495
739.925
875
805
796.414
852
827.952
836
831.047
773
758
813
883
841.92
823.717
823.986
945
938
893.55
867.436
938
890
836
834.734
846.028
844.657
827.224
819.983
827.365
833.016
797
796.213
806.748
758
761.126
742
719
718.797
727
734
743
746.859
752.229
756.816
867
863.289
857.89
852.923
853.895
853.91
849.795
844.564
839.879
938
917.12
899.349
1016
997.188
891
892.287
905.086
898.571
887.826
672
753.426
758.423
763.291
763.326
767.498
775.303
777.456
777.974
779.562
781.799
789
743
765
758
762.104
762.717
757
782
789
790.878
793.835
797.958
804.93
734
735
738.239
696
709.255
712.333
711.451
711
703
708.096
695
700.012
701.823
664
677.296
677.879
678.423
681.38
683.932
687.214
695
697.171
701.546
705.34
709.433
713.284
716.601
719.62
722.083
724.036
724.523
725.101
725.83
724.322
722.831
703
708.929
719
712.206
727
722.193
758
748.891
743.841
740.907
736.041
731.346
726.619
703
708.084
706.023
707.629
774
752.927
742
742.381
766
757.822
758
752.611
748.082
743.322
726
724.167
721.442
720.157
727
726
727.217
758
773
758
742
739.412
738.643
734.411
750
758
753.257
747.194
743.173
742.664
742.184
789
780.647
773
828
818.08
851
836.34
836
829.707
823.154
805
801.38
781
779.319
776.234
775.304
781
781.523
783.964
785.795
787.279
787.889
788.413
812
807.825
806.195
806.5
804.127
801.04
797.955
795
836
820
781
785.395
787.014
789.336
812
781
782
804
804.134
802.042
798.695
820
816.828
812
807.391
807.395
807.742
844
831.214
823.498
828
836
820
816.423
774
782.393
766
767.5
768.964
820
822.207
812
844
846.07
834.793
831.659
833.039
826.756
821.569
818.52
814.766
812
844
859
847.863
843.427
844.581
839.175
907
888.083
878.061
872.9
868.976
867
861.859
857.068
853.112
836
834.681
832.583
820
822.972
821
822.346
852
855.698
820
825.352
826.963
797
806.532
797
797.808
798.158
798.788
859
875
867
836
829
827.756
824.89
824.125
844
844
883
867
860.066
867
859
868
862.005
856.25
883
877.219
871.045
907
898.944
890
886.441
883.6
859
883
877.48
906
922
911.025
867
867
836
836
836.627
781
802.43
789
821
826.376
828
860
864.265
867.004
1140
766
783.093
784.595
789.21
766
778.793
785.653
787.967
789.966
792.555
859
857.456
836
838.908
821
828
844
842.824
841.614
841.339
844
844.727
845.529
844
843
836
837.841
838.594
805
836
852
836
835.984
835.475
834.589
851
820
813
816.013
804
789
793.383
794.812
795.307
828
830.385
832.019
833.392
834.255
789
800.465
801.852
844
840.855
838.176
840.289
834.69
827.857
782
787.091
788.444
786.844
789
792.436
844
845.389
837.236
831.163
824.242
814.695
774
742
734
719
720.186
719
750
769.334
783.73
795.369
803.061
807.579
810.069
810.886
688
708.59
720.346
696
711
719.622
721.115
724.363
728.552
782
796
792.152
785.349
784.464
779.332
771.095
763.815
758.374
753.346
750.217
747.847
836
815.517
805.889
820
813.186
804.308
852
812
821
818.21
809.397
765
742
741.856
742.692
742
742
745.137
746.968
748.922
734
738.004
738.184
781
780.519
797
758
760.43
762.403
763.471
750
790
790.557
789.359
789
788.405
787.676
765
766.784
764.956
727
757
755.91
758
757.567
773
766
764.624
742
748.096
748.061
734
738.665
740.827
735
750
748.946
711
730.191
728.786
750
745.29
749.727
797
788.836
765
769.671
765
757.733
755.703
756.992
710
726.753
729.004
726.082
729.679
664
695
696.466
693.415
698.414
702.411
680
687
680
680.985
681.79
633
651.588
649.836
625
634.235
636.399
594
613.317
613.913
601
608.622
617
617.28
609
616.202
656
650.254
650.691
654.909
655.179
664
641
645.536
618
601
603.907
617
618.604
617
621.267
586
594.596
596.613
617
618.116
618.23
619.69
618.702
616.631
610
633
632.423
617
617.235
619.856
594
599.128
594
586
602
605.844
625
623.038
620.507
619.032
613.008
607.726
664
644.261
640.872
638.805
656
648.251
642.655
672
648
647.688
648.208
643.316
687
671.363
666.518
742
735
718
743
726
720.34
717.943
665
673.274
625
632.294
630.415
631.857
672
719
797
774.309
762.39
754.903
741.453
757
748.475
739.708
672
674.044
640
618
601
578
602
619.109
641.099
660.428
679.194
692.677
711
712.924
727
711
702.109
695.199
686.265
678.544
674.359
688
692.23
672
680
679
680
678.401
675.853
674.12
671
668.025
665.285
663.574
662.268
662.129
672
687
688
690.225
692.263
693.841
694.986
694.96
693.658
691.976
690.155
671
672.624
671.877
672.041
656
660.316
660.283
656
688
694.308
692.816
692.577
633
649.766
641
639.001
641.097
672
664
669.628
673.771
670.84
695
693.542
688.316
686.93
681.469
675.142
672.391
668.938
664
696
688.901
685.863
742
774
757
740.538
732.748
695
687
696
734
732.079
711
734
738.705
732.518
781
773.846
757.576
748.526
773
768.946
797
782.179
851
868
842.809
890
891
874.635
865.693
867
875
867.566
797
811.669
758
789
784.436
783.125
906
880.624
891
882.591
828
828.826
825.817
695
719
725.374
797
802.697
883
884.022
871.183
870.143
864.138
847.363
930
912.067
888.509
888.372
879.061
953
923.017
937
926.204
937
930
922
921
917.362
890
930
921.285
930
924.504
920.603
914
898
883
885.853
884.817
828
844
828
883
882.962
890.593
961
951.142
883
894.215
892.952
886.392
891.229
900.437
896.262
893.104
821
840.891
843.475
845.434
836
848.467
898
906
930
969
953
931.476
926.887
938
923.221
922
938
931.744
916.644
937
938.614
924.603
919.314
921
915
906
905.866
875
875
851
853.792
853.949
844
847.323
867
870.435
876.173
881.578
886.911
914
899
851
861.838
844
845.241
846.966
849.161
852.239
854.962
857.915
860.74
863.282
719
814.898
781
797
796.942
799.414
802.564
805.485
808.376
695
711
714.707
714.336
836
825.453
826.783
831.308
921
883
875
844
828
820
818.734
815.871
814.626
875
864.064
875
868.902
852
836
812
807.442
836
836
832.559
812
789
792.253
793.633
757
762
762.125
891
922
937
907
896.902
889.952
883.036
883
873.204
867
859.358
851
846.233
891
899
893.382
883.453
877.615
873.356
867.633
862.263
857.919
854.487
852.353
844
891
882
878.611
875.368
805
812
813.449
774
789.664
790.962
794.197
798.976
803.083
807.539
811.395
814.587
817.604
820.116
844
846.935
844
846.518
848.413
848.471
847.61
845.922
845.356
844.918
844
789
804.512
801.569
802.235
820
820.059
875
914
875
906
896.546
885.941
878.672
882
868
865.5
860.321
852.319
848.77
875
872.672
871.137
871.106
836
842.258
839.231
773
805.054
803.181
805.939
810.779
813
815.454
844
842.007
1211
1000.21
774
777.199
781
789.744
844
851.245
851.91
914
891
844
836
835.772
834.506
804
807.475
809.621
810.382
810.927
781
829
843
860
858.387
789
789
773
774
774.531
776.407
743
747.301
765
772.818
776.995
777.444
779.377
785.256
797
781
783.104
786.001
727
738.962
703
758
851
836.03
824.378
819.976
813.888
803.549
794.741
786.456
774
766.67
805
803.711
859
821
814.674
809.217
758
760.703
760.03
836
844
831.369
875
868.414
867
851.389
842.609
758
762.343
726
727
726.848
728.274
734
738.833
836
849.226
843.761
837.351
922
917.012
896.643
820
816.921
821.064
818.303
828
824.573
822.432
823.173
828
789
790.283
791.381
805
804.305
801.352
801.083
803.189
803.981
718
696
726
789
799.15
851
868
890
867
858.686
853.526
797
789
719
718.438
717.519
718.652
724.599
906
890.565
899
887.562
867.516
797
785.629
789
784.523
782.015
781.081
777.915
836
781
766
769.578
769.734
769.846
829
829.603
819.038
810.833
804.272
797.769
792.251
695
736.793
680
742
859
915
888.968
879.275
875.052
898
836
833.696
843
829
818.973
766
766.048
766.733
766.779
766.518
767.996
770.187
770.397
770.232
770.021
664
706.927
706.889
672
758
758.836
756.841
758.161
761.929
763.825
906
865.249
850.258
847.796
836
830.611
825.484
820.194
758
757
754.07
875
837.619
875
856.391
828
824.954
819.539
810.977
804.174
798.709
795.241
792.467
790.367
789
788.227
852
841.424
832.726
830.043
829.082
822.699
816.201
811.074
806.589
803.532
695
781.28
773
772.242
776.073
937
875.834
961
883
914
895.883
884.983
880.76
805
818.517
734
726
725.716
725.483
729.253
774
789
794.892
798.428
844
842.266
841
922
894.602
881.48
875.077
868.977
862.881
857.009
855.113
855.183
854.16
907
914
905.926
914
912.401
907.87
890
868
859
857.204
854.513
859
836
841.704
839.657
867
871.096
873.372
871.83
872.684
873.538
813
826.383
789
812
814.111
836
859
867
868
870.472
871.589
869.327
865.833
836
867
852
853.559
891
859
883
883
875
875.642
872.019
813
406
547.2
805
805.014
774
798.056
804
802.734
807.707
898
881.97
906
904.734
897.767
896.501
828
835.185
834.973
833.67
711
751.261
765.425
719
773
785.947
784.681
820
822.247
781
798.396
791.481
782.76
787.309
789.363
734
727
731.536
731.462
733.359
758
757
760.648
734
747.472
743
781
774.015
844
898
938
882
868.67
883
860
849.197
845.177
842.771
750
735
711
711.306
713.33
688
726
738.039
749.99
860
867
859.325
853.834
846.342
834.138
822.436
812.727
804.686
799.54
796.2
795.592
977
961
929.708
914
914
883
871.11
867
859
851.422
820
816.493
797
805
804.859
821
825.387
828.945
833.201
860
864.097
862.581
820
820
852
853.684
850.442
844.837
843.482
848.296
851.885
850.614
846.456
843.12
843.765
842.684
838.855
834.232
695
808.103
672
729.05
730.815
728.823
727
734
735.809
738.697
774
768.57
750
758
761.89
762.514
763.581
764.941
766.419
711
727
729.348
703
713.748
715.907
716.444
703
711.727
713.043
714.31
688
699.646
701.758
699.425
696
700.47
702.741
702.231
703.943
656
677.909
711
821
782.494
882
854.826
837.364
829.176
818.42
807.105
798.747
758
755.501
754.325
751.611
751.226
758
789
797
844
838.002
836
843
836.05
826.997
819.406
766
765
759.719
750
752.356
753.086
711
734
735
757
743
750.943
750
751.915
752.641
773
772.29
734
745.66
743.946
742.816
744.891
745.753
891
875
828
822.457
813
801.784
792.676
785.948
780.885
820
811.04
802.086
796.323
793.263
882
851.253
831.313
821.149
817.749
726
751.326
696
687
686.373
687.18
695
696.604
698.47
700.334
702.129
703.357
704.121
695
680
681.881
681.511
681.358
656
665.106
664
665.57
672
672.876
676.838
610
625
625.09
625.734
628.78
631.905
656
664
667.257
669.491
664
667.282
668.896
640
649
650.723
649.42
651.833
654.147
655.315
656.198
657.552
658.867
657.22
578
562
580.885
562
573.35
555
562.696
523
538.806
538.651
539.44
543.81
547.234
551.743
524
523
526.61
524
526.677
528.642
531
534.559
537.939
539
542.855
545.472
546
549.278
539
531
534.318
539
516
524.108
547
539
539
532
535.487
531
531
555
546.399
543.379
570
570
558.705
562
570
558.5
554.973
558.482
554.058
539
524
527.928
547
539
578
602
640
602
597.759
598.479
602
594.479
589.062
602
599.793
591.925
587.061
587.165
585.841
582.314
578.782
577.085
576.601
594
586
585.579
617
612.167
608.011
604.624
617
614.081
607.701
632
629.874
633
617
602
578
578
578.617
581.344
584.31
625
632.751
626.056
622.098
703
719
691.909
797
765
746.429
718
696
689.972
656
652.76
654.142
654.5
758
742.683
727.919
720.808
714.83
781
735
703
672
673.005
648
688
687.93
688.601
688.123
687.181
685.579
682.328
678.497
851
784.934
727
719
717.598
712.275
680
676.382
742
731.103
773
747.878
734
728.938
727
703
719
734
725.581
703
704.017
703
703
700.333
710
711.87
709.744
742
688
702.623
766
774
747.158
740.559
741.105
734.809
805
778.269
859
867
840.208
829.67
868
882
915
891.962
882.892
930
953
969
952.442
943.586
843
766
758
764.255
780.952
727
733.821
867
867
906
895.847
891.143
891.769
887.83
860
853.379
915
918.407
937
922.132
915.698
917.659
914.342
906.429
900.068
961
956.062
941.436
930.925
931.994
883
883.753
883.686
879.528
883
937
946
932.914
927.361
922.316
912.619
930
927.098
918.664
913.895
910.101
906.066
903.143
901.732
900.733
900.498
900.325
900.126
899.651
900.178
900.605
1008
1000
1016
998.397
1000
990.843
992
1016
992
985.575
980.884
945
942.294
953
956.183
956.862
945
945
947.586
984
982.59
1016
1006.94
998.178
992.302
989.538
985.031
993
987.928
1000
984
985.45
946
976
961
1000
1016
1015
1009.7
930
969
966.935
883
836
840.202
842.782
847.886
1047
1030.92
1008
1013.88
984
976.408
974.439
967.146
962.674
961.312
959.641
957.368
955.912
954.331
953.227
950.929
1016
1031
1018.49
1008.02
999.949
968
977
971.57
963.257
959.152
955.794
1062
1037.45
1026.5
1019.36
1031
1024.48
1013.91
945
930
938
943.197
1008
1017.96
1008.76
1001.04
994.613
983.782
972.436
965.052
960.646
977
961
914
915.959
916.763
1000
1006.19
997.373
988.176
984.74
980.371
971.362
930
953
968
971.243
961.051
992
994.855
1000
953
958.347
963.973
964.685
898
905.742
912.419
1008
995.827
978.995
980.792
985.922
974.972
957.542
958.127
963.937
1000
1024
1015
1001.72
995.773
969
958.87
953
952.767
954.522
922
914
916.586
945
956.15
976
974.67
970.313
965.218
960.212
906
914
898
899.542
902.386
906.905
844
813
796
829
850.935
836
844.994
890
945
899
902.879
867
883
883.288
880.795
851
891
898.643
938
1000
1070
1070
1040.99
898
897.645
820
820.989
823.382
828
835.489
899
828
843.987
852.167
875
906
907.044
907.969
945
944.487
938.651
883
884.583
885.301
884.809
883.543
882.467
884.68
1023
992.089
969.097
953.737
946.251
961
950.211
936.935
984
974.217
915
915.947
922.366
921.717
922
914
929
932.358
882
888.974
894.461
898.971
894.515
894.559
898.956
875
891
875
878.136
875
877.975
844
844
789
809.742
809.057
813.622
819.615
827.2
921
917.492
906
909.859
907.243
844
859
858.917
853.271
851
856.086
899
922
906
891
886.795
877.049
867.5
813
818.755
844
855.203
852.354
875
881.998
873.241
862.91
860.549
836
833.457
883
893.723
880.372
872.334
773
789.398
793.176
799.751
883
895.244
984
971.658
952.362
938.98
977
968
947.286
961
960.241
946.229
936.741
906
945
941.689
932.254
926.601
928.276
927.422
836
866.086
828
829.765
832.502
833.869
837.166
838.947
840.442
945
940.997
867
873.538
879.132
880.48
878.508
879.211
882.303
884.08
884.102
969
949.593
936.409
945
939.519
929.323
923.761
920.996
916.752
969
952.679
940.201
898
901.339
946
937.911
926.33
917.648
750
734
734
766
805
819.975
835
850.158
882
886.532
885.894
885.74
889.319
892.18
891.336
812
818.569
822.244
829.385
821
789
781
785.938
788.973
790.901
792.46
794.851
914
902.792
852
843.698
844.635
883
872.215
853.625
842.548
883
883
882
883
871.705
938
932.964
910.601
891.797
891.706
900.336
897.622
875
868.463
872.931
867
867
844
852
857.996
945
961
924.669
911.464
929
932.886
922.068
906.229
899.673
901.869
904.053
897.798
867
866.328
844
844
845.184
847.432
813
816.617
816.874
789
789
789
789
791.375
793.242
795.667
844
860
869.481
876.454
946
952.207
914
910.614
916.503
912.062
902.731
946
921
913.859
914.235
899
894.721
946
898
897.895
922
891
929
923.145
953
941.351
935.515
898
867
870.702
872.082
872.726
876.329
890
883
883
875
828
841.609
929
921.469
915.668
919.054
912.227
903.947
898.476
891.037
805
430
541.792
599.15
643.688
660.265
689.977
709.135
992
984
949.694
948.428
947.826
932.054
927.68
930.016
932.039
932.217
932.999
935.133
937.574
914
898
902.514
904.785
852
890
893.245
893.782
961
959.567
953
941.795
935.915
928.11
921.521
915.956
882
914
977
1000
984.345
977.27
970.034
958.946
875
883.676
883.482
884.85
953
967.937
960.504
914
899
893.172
887.58
836
883
897.316
914
914.683
918.923
914
844
851
851.556
851.214
851
858.92
863.104
865.624
868.496
867
938
931.365
985
1008
986.533
971.753
967.293
992
969
961.936
959.783
883
836
839.079
898
907
906
906.142
914.493
926.148
953
947.697
937.397
828
836.38
828
829.827
831.628
832.37
834.246
838.323
842.229
844.455
846.168
847.892
849.62
851.113
852.868
854.553
856.233
858.088
859.712
875
876.707
879.201
812
832.673
833.928
837.269
839.251
860
858.839
883
876.297
781
774
781
783.701
786.691
790.644
804
807.157
810.259
914
907
891.868
875
875
865.994
854.403
718
736.955
742.451
747.581
797
813.125
817.13
836
821
816.547
843
840.774
832.492
875
867
789
804.548
805.953
798.702
813
815.864
860
828
820
826.275
823.021
819.145
766
781.612
734
773
772.407
773.737
776.453
773
778.069
844
834.921
825.587
822.25
825.028
827.328
821.604
816.99
875
863.795
844
839.325
898
888.676
872.609
906
900.757
890.434
805
828
830.772
824.817
819.917
914
922
887.36
882.193
890
875.413
805
814.74
797
793.093
789.537
977
929.063
896.463
898.65
892.028
875
890
892.335
859
853.217
860.338
852
804
758
742
742.706
743.612
746.052
961
929.86
912.747
945
914
897.655
852
842.73
836.34
836
883
914
937
928.436
898
889.807
881.502
914
907.745
961
953
939.471
883
876.549
873.16
946
941.084
945
926.868
929
899
875
851
850.476
867
884.312
915
918.444
938
930.231
851
836
797
791.242
790.645
852
902.83
920.862
922.508
917.186
898
891
879.995
859
851.047
850.102
850.413
961
961
906
883
882
860
850.307
891
929
938
921.869
953
882
875
883
879.917
874.232
872.038
875.088
867
866.409
883
875
873.907
883
882.129
878.67
877.406
876.682
876.987
876.879
797
864.324
853.963
851.103
656
772.912
618
625
629.534
630.891
634.266
657
660.016
665.203
656
663.181
666.771
669.069
671.25
673.426
675.809
678.463
578
631.644
602
605.855
607.915
610.548
828
758.663
736.847
883
833.787
797
786.167
781.171
774.748
768.987
703
679
680.516
679.482
678.826
679.382
681.668
711
709.795
708.529
708.029
708.625
708.804
708.384
705.752
633
660.309
632
634.098
649
656
648
688
693.63
672
680.263
684.04
682.129
678.695
679.582
679.406
676.262
673.625
672
671.761
664
679
672
674.356
664
668.475
656
659.365
658.904
656.785
657.561
657.976
658.551
579
661.426
648.164
586
653.716
602
619.431
621.248
620.374
622.247
624.054
625.558
594
578
586
586
586
609
618
619.446
649
648
641
643.027
643.52
695
687
680
695
687.137
688
684.456
680.745
678.319
675.58
672.792
671.119
669.807
668.797
668.062
734
712.262
704.569
758
773
753.885
747.404
742
742
736.042
750
758
750.075
744.097
735
726
722.54
719.875
726
725.348
726
727
734
742
766
750
746.998
743.796
737.921
726
789
805
785.341
775.593
771.327
773
765.4
757.954
752.102
748.259
820
430
557.662
727
711.011
704.983
710.572
719.792
727
725.773
727.685
730.305
731.626
732.824
734.292
805
778.337
776.521
774
758
768.478
781
779.734
780.25
782.834
785.756
787.558
788.308
788.63
883
867
845.534
834.102
827.925
825.062
883
890
891
873.288
867
875
877.383
872.993
864.424
857.787
883
882.988
876.55
852
849.315
853.545
828
829.297
827.727
828.078
828.493
828.437
828.444
828.873
830.313
830.461
828
828.039
906
896.372
888.303
820
836
836
840.096
820
823.078
836
840.633
781
805
806.936
1172
946.509
726
766
781
793.084
796.277
922
917.285
885.477
869.021
868
843
828.235
826.969
827.591
826.325
825.059
824.941
859
857.99
852.842
836
836.213
835.865
868
859.878
883
877.25
867
867.191
867.119
859.3
796
782
781.889
782.161
843
805
774
836
828
820
805
789
773
775.513
789
797
820
860
864.51
857.015
852.539
922
918.963
900.548
883
844
840.675
789
784.369
851
856.277
848.012
838.089
838.707
843.976
883
876.906
860.225
774
781.634
787.512
797.096
914
906
885.123
930
914
896.353
880.826
869.589
859.634
851
842.713
813
828
789
791.513
792.806
820
868
851
850.073
849.337
805
807.723
806.892
805.491
807.872
809.518
810.896
797
789
805
797
820
836
839.082
837.881
834.622
830.296
727
703
731.891
813
843
839.314
922
906
883
867
852.888
836
836
859
851.601
843.961
898
890.513
899
859
858.42
852
839.79
832.2
829.479
826.785
824.737
823.785
823.406
822.973
822.333
868
864.884
860.259
797
757
750
749.375
828
865.386
843
842.441
914
915.785
781
758
726
727
742
758.41
789
810.733
797
789
789.576
790.605
812
805
781
775.26
777.452
778.405
883
867
839.663
804
795.716
795.222
774
770.345
767.352
767.585
769.303
772.53
774.807
774.952
781
781.324
780.302
778.715
778.452
828
822.822
815.539
804
797.169
794.402
791.972
788.379
789
813
796
797.98
798.579
797.458
794.592
791.42
789
797
797
820
814.147
809.624
806.958
804.926
797
794.661
793.066
791.61
797
812
813.983
789
787.139
1164
959.96
750
751.603
752.333
758.325
762.036
860
828
821.377
820.755
883
866.389
849.68
840.712
840.111
838.845
831.561
825.699
844
844
836.532
836
835.33
836
836
834.616
844
841.187
841.25
842.618
843.428
840.262
836.903
833.614
831.239
852
843
840.611
797
843.316
789
805
781
797.19
795.794
794.801
795.82
797.107
798.237
820
836
852
849.495
848.423
848.272
850.234
851.26
849.026
846.218
843.909
843.241
842.166
969
908.463
945
919.632
912.073
946
929
920.064
867
877.088
878.496
873.218
868.911
844
848.854
813
804
804.376
804
805
806.885
804
806.936
808.549
782
789
788.47
787.938
788.678
836
847.298
854.208
821
843
852
853.055
848.412
848.61
852
867
867
862.271
860.791
860.935
859.374
836
837.731
836.04
833.316
867
861.548
858.129
836
852
851.075
847.921
813
817.977
821.049
823.333
844
847.586
828
859
859.611
853.504
850.419
853.939
851.93
846.668
836
839.226
840.605
797
813
859
850.306
839.918
844.52
848.901
840.804
833.519
839.13
841.458
898
878.416
868
867.637
868.044
859.576
852
851.99
850.371
845.448
841.859
842.2
842.41
839.909
838.129
838.512
891
859
852.924
852.439
852.243
875
821
845.617
844.161
867
858.421
859
883
877.887
875.001
882
860
864.093
852
853.891
859
854.748
854.634
828
828
829
828
829.669
836
836.625
839.399
836
839.308
838.992
805
820.45
781
789.956
788.424
788.303
797
797.015
801.535
803.783
806.873
890
874.422
859
813
815.298
814.014
813.916
814.912
814.656
815.594
815.28
814.774
814.627
814.711
814.865
815.039
953
874.695
863.788
946
901.956
880.741
876.855
828
830.003
828.926
758
789.192
789
890
899
879.58
891
859
844
838.106
804
800.912
800.584
765
768.361
769.469
789
794.538
805
812
817.558
860
859
856.277
836
829.626
821.435
812
805.834
860
855.846
875
891
885.65
878.398
914
899
859
863.596
864.756
857.441
828
831.157
859
821
836
840.329
836
875
867
862.588
864.754
867
867
861.775
860.495
797
789
461
1094
918.371
726
737.717
742.844
747.929
758
758.219
767.733
820
817.987
816.968
819.839
822.441
766
790.21
790.766
781
789
790.935
794.416
797
800.767
803.61
805.814
807.017
808.158
808.628
750
758
789
784.887
766
774.031
776.44
727
743.749
748.169
743.478
748.226
755.093
755.102
727
765
762.52
766
762.822
767.763
765
765.029
430
579.657
581.456
711
703
734
774
770.295
769.438
772.982
772.979
772.497
772.678
875
843.19
860
773
795.044
803.839
797
828
812
813
781
793.046
797
795.734
805
803.734
789
789.309
821
814.635
875
843.032
859
820
829
829.067
820
817.978
836
899
877.38
862.91
856.174
851
849.092
845.231
839.809
867
857.548
868
861.049
914
895.007
886.331
860
828
812
813.059
797
851
865.342
866.801
891
891.126
914
883
878.246
873.64
820
824.549
824.319
812
836
846.671
859
861.115
835
840.275
837.144
813
805
796
795.71
804
808.751
813.295
816.621
819.441
821.814
824.105
826.221
828.058
830.173
852
853.524
851.584
845.372
805
809.553
804
805
828
838.379
839.322
836.854
831.44
825.161
836
839.059
836.509
828.635
821.942
836
840.591
868
857.687
844.793
836
836
838.993
851
847.836
840.003
834.363
836
812
817.888
820.542
824.228
826.042
823.477
836
836.338
867
864.642
829
824.9
827.568
789
773
774.653
797
812.12
819.128
824.352
828.987
829.949
827.105
823.374
805
820
789
794.36
796.51
796.894
758
766.465
769.046
768.913
766
769.945
875
854.145
899
888.982
891
882.328
874.027
821
824.333
882
883
891
878.375
836
838.363
844
842.257
875
890
883.224
875
869.739
890
889.156
882.421
883
883
877.261
836
839.987
842.977
914
909.673
894.395
885.574
884.442
906
836
836
841.319
848.299
847.362
843.021
845.73
852
855.372
850.169
859
862.601
859
853.207
797
811.358
813.765
406
1164
976.695
875.957
858.542
773
797
802.702
890
891
877.279
929
930
924.58
899
901.951
844
851
851.063
849.796
875
828
836
843.242
845.343
846.77
848.333
848.745
849.086
844
844.456
820
836
834.651
812
774
781
781
782.906
786.109
836
828
758
765
742
743
726
781
791.791
828
830.624
831.312
829.874
825.787
734
758
719
715.538
715.542
789
806.191
750
762.691
758
734
703
680
679.836
679.835
688
696.173
742
762.652
764.463
789
789.488
779.195
789
785.705
851
833.193
859
847.539
834.992
828.386
836
828.433
822.241
820.482
805
820
828
813
813.425
815.103
828
828
797
803.558
803.345
782
787.403
787.098
786.382
786.483
766
766
767.048
797
820
766
766
769.582
773.95
776.169
688
687
691.082
641
625
626.35
625
633
636.455
617
626.78
609
616.007
616.72
617.778
619.496
621.445
570
587.419
587.348
555
568.875
563
569.536
572.72
547
564.584
565.711
563
570.013
571.561
593
586
602
602
603.147
604.751
618
632
633
630.244
618
619.843
620.187
586
601
596.655
593.425
601
597.499
609
602
602.953
602.575
601.362
609
625
610
611.536
611.372
610.804
625
620.221
625
622.953
609
613.202
613.134
618
615.37
609
611.104
611.964
611.734
578
597.487
593
649
629.072
621.854
621.106
622.881
618.638
612.949
615.367
616.79
640
627.079
617
615.752
621.038
625
616.34
610.893
614.571
570
586.801
588.769
555
547
578
577.494
575.707
774
757
805
758
758
747.823
733.345
723.818
716.118
710.414
705.111
625
631.297
630.317
586
595.047
596.93
562
573.524
575.384
576.725
688
679.152
673.614
797
773.309
774
742
736.311
733.387
649
657.647
641
637.494
639.542
643.301
645.251
641
643.114
648
648.007
648.295
641
656
653.211
653.025
641
644.303
644.382
656
633
641.591
649
625
640.102
649
647.578
632
665
660.926
648.015
647.563
652.935
633
639.962
640
638.526
664
653.888
649.17
654.122
651.555
641.856
649.006
651.464
639.432
645.126
648
672
672
662.134
661.571
658.733
650.556
672
666.037
659.29
672
687
676.037
672.858
688
719
704.947
703
699.007
694.777
695
719
710.655
702.213
698.596
700.366
680
681.282
680.277
678.258
625
650.199
649.227
647.793
649.075
789
727.504
1117
880.356
814.918
687
687.957
691.853
664
666.715
664
667.746
670.266
671.892
656
649
654.59
719
773
756.346
727.376
700.029
698.527
765
758
742
715.602
713.866
781
783.812
769.697
754.529
766
775.862
775.334
829
807.307
781
773.762
779.703
784.749
774.049
797
789.311
821
807.388
805
773
778.335
783.516
781.047
750
774
774.258
782
773.99
820
809.144
800.11
798.397
766
772.993
774.881
781
766
773.484
777.117
859
844
828.497
824.161
817.416
797
812
809.421
797.226
791.729
792.365
789.865
859
834.087
821.166
818.534
766
789
786.777
785.918
784.485
784.748
785.986
836
823.052
906
868.877
850.89
914
867
861.296
861.693
855.413
883
870.628
864.196
864.325
862.466
891
877.418
872.811
873.761
844
867
867
875
868.697
866.931
868.173
867.996
851
854.14
828
836
836.317
835.406
812
829
851
848.304
821
804
797
799.076
797
828
820
825.294
829.182
844
843.576
860
820
826.482
828.225
828.2
797
803.539
805.635
813
836
834.461
883
899
914
898
886.74
899
892.693
883.288
859
857.812
855.083
850.679
847.655
883
899
890.262
836
836
839.499
828
821
824.108
828
844
846.117
891
896.912
886.241
879.513
877.699
872.051
844
844
851
852
850.136
828
833.408
836.16
867
867.605
859.486
853.038
812
817.428
819.134
820
797
800.945
802.853
852
860.066
852.767
836
838.693
859
864.579
820
822.717
828.331
844
842.126
821
828
837.557
843.899
836.418
820
822.294
844
848.55
805
805
812.138
820.223
819.59
810.732
811.438
820.875
827.953
822.828
810.155
797
758
762.824
766.476
797
844
828
823.233
826.43
832.353
898
867
868
859.413
851.964
813
809.14
810.023
812.292
828
860
851
844.018
828
844
842.944
837.188
820
816.854
818.519
818.646
816.102
813.084
812.274
820
813
843
843.37
844
840.182
835
834.022
832.481
829.082
852
828
843
841.256
840.432
839.663
805
820
819.605
819.362
828
827.129
812
797
801.41
812
829
812
817.262
819.932
820.059
836
836.86
797
806.996
809.344
828
821.533
822.94
827.478
828.087
820.379
818.239
822.616
823.16
851
852
867
860
849.804
843.467
838.665
844
843
852
828
830.862
830.202
805
810.314
810.853
812.442
814.254
814.516
844
845.493
821
820
820
819.945
789
796.49
797.578
828
831.353
851
853.818
789
774
778.621
804
836
891
880.736
875
875
864.656
851.593
820
812.836
808.843
805.262
820
828.964
833.539
875
880.07
820
828
828
820.941
814.671
813.363
836
841.579
805
809.207
813.103
828
822.729
867
872.326
861.139
859
859.219
774
765
770.666
781
774
779.805
788.373
742
753.237
797
813
806.329
859
883
862.712
856.385
858.598
829
822.05
825.718
859
860
847.996
847.023
846.175
789
792.87
789
789
787.679
791.588
812
805
820
823.834
821.058
816.88
813.949
811.044
742
758.791
758.441
859
855.367
848.002
726
755.001
672
664
688
707.217
722.966
738.853
804
818.687
812.769
806.906
802.276
790.479
719
722.506
727
729.004
727
731.815
739.855
656
680
695
698.976
734
741.153
740.518
735.603
781
735
711
750
741.986
732.304
750
782
757
766
719
726.335
729.52
680
664
672
673.559
648
633
641.572
633
634.625
639.266
641.817
644.554
647.97
651.832
654.784
657.653
578
613.603
612.824
578
570
571
574.17
576.596
581.201
585.76
590.749
594.869
598.879
602.987
606.814
656
672
669.792
662.235
656
665
648
642.759
649
664
659.729
653.608
651.72
672
672.544
656
652.706
653.744
640
641
640
637.897
636.394
641
640.119
638.617
637.706
637.562
637.384
632
633.417
633.673
634.255
633
672
669.665
665.637
703
726
719
719
711.384
688
682.867
680.277
677.177
625
642.016
649
654.021
656.692
659.352
687
691.699
686.042
680.266
679
674.28
668.036
663.784
660.405
649
647.948
647.286
648.16
649.56
695
704.328
699.915
727
726.724
715.008
705.931
672
667.67
663.132
625
625
617
615.608
618
625
631.771
640.006
664
675.737
682.226
664
666.692
665.874
660.813
617
594
595.072
595.444
601
610
619.581
627.576
632
625
628.064
629.646
610
612.853
613.824
610
610.511
612.222
680
673.464
664.027
734
726.786
757
742.722
731.084
688
682.735
625
625.257
622.357
688
692.901
688.711
683.693
679.791
765
797
782
750
757
758.112
750
406
1094
858.538
765
748.681
747.219
745.826
733.103
731.052
731.3
730.506
820
785.176
755.836
754.57
757.196
758.189
757.421
757.204
758.97
761.323
763.367
766.496
773
775.683
778.459
781.703
844
835.332
750
758.174
759.142
761.673
762.99
761.753
762.089
763.901
764.211
763.012
760.187
761.626
763.227
764.456
764.419
781
789
785.901
813
808.22
800.57
793.647
788.927
784.874
782.2
780.087
797
796.521
797.384
789
787.791
787.827
773
773.176
772.406
771.669
750
756.523
756.262
828
813.365
809.071
774
758
758.243
759.047
762.204
766.015
772.168
777.151
750
742
743.342
744.599
747.764
751.209
735
739.935
741.661
745.416
747.744
749.213
748.745
711
718
718.903
721.862
725.066
735
739.461
704
716.125
711
714.782
716.934
719.086
720.842
723.866
727.031
729.75
731.669
733.503
719
695
719
703
735
750
743.854
739.558
738.771
680
609
628.95
630.878
635.771
642.04
650.162
656.297
661.35
735
757
750.856
745.528
688
688.482
686.189
679.92
664
665.361
666.177
687
690.135
703
702.221
697.337
688
711
710.314
702.044
703
700.409
696.679
692.19
679
675.435
672.67
670.914
671.295
672.149
695
703
704.779
702.926
698.678
694.234
688.911
684.377
682.226
681.038
734
734
725.694
719.936
714.33
750
749.908
734
719
711
703
703.247
701.94
727
727.106
742
735.217
727.907
721.583
716.466
469
1094
757
719
715.268
717.775
656
665
679
719
708.231
695
703
708.959
713.339
715.747
789
771.361
761.516
760.249
760.198
760.181
679
712.962
679
691.392
680
687
695
695.557
750
758
789
828
811.73
883
868.326
844
797
794.433
790.511
783.065
778.287
719
730.839
730.529
731.298
734.191
766
789
787.714
774
773.107
766
726
729.812
688
687
686.325
773
750
735
744.29
753.217
752.956
752.435
753.526
742
740.706
738.005
757
743
742
765
765.309
758.778
751.76
719
726.451
728.42
730.388
742
739.254
437
1016
703
699.21
633
641
633
647.745
647.814
664
664
666.736
670.859
675.202
679
682.83
685.436
687.862
690.664
693.402
696.091
656
676.306
641
625
648
647.74
633
640.755
643.352
679
750
732.873
914
898
849.851
831.035
819.638
807.123
795.853
781
776.512
750
750
749.881
748.268
747.999
748.228
749.07
749.705
750.07
750.604
750.764
906
836.573
891
891
866.397
856.809
914
897.651
883
883
859
859.855
858.806
855.113
852.757
820
824.552
825.235
823.75
672
680
713.877
718
743
748.326
754.167
756.931
758.77
759.928
680
664
666.615
640
646.223
649.402
652.252
625
636.665
638.371
610
620.972
622.226
625.002
632
634.855
638.988
643.257
646.591
650.223
652.765
655.194
658.273
660.997
663.98
742
731.342
724.122
719
713.363
706.916
688
695
691.648
687
684.352
664
672
649
651.924
651.049
671
673.171
675.607
688
711
710.649
704.663
711
703
696
672
668.811
633
617
616.461
610
617
622.703
656
675.405
685.116
719
773
805
790.279
775.233
764.066
752.105
738.94
728.272
720.776
714.977
710.947
709.385
709.404
672
673.704
696
703
703
703.042
703
703.715
702.566
699.48
696.361
789
812
786.528
773.944
764.506
756.502
719
716.355
713.642
713.279
713.958
734
737.552
727
734
731.431
725.074
721.126
679
689.528
686.9
689.31
692.685
773
743
734
727
718
735
732.931
734
735.001
732.325
728.368
724.913
721.764
687
703
699.437
703
705.521
726
696
707.851
707.054
704.542
706.172
705.054
703
703.85
703.037
453
601.406
672
656
656.551
666.125
669.911
670.204
719
710.116
708.442
710.308
711.57
718
688
680
687
695
687.881
688.441
734
723.34
758
789
773.149
766
767.911
767.146
758
756.802
774
768.337
762.008
757
750
747.311
743.696
726
727.723
725.815
725.604
726.877
728.102
729.274
766
773
771.77
789
750
747.766
746.906
745.897
766
796
794.977
797
805
799.216
791.182
805
802.731
812
806.481
801.277
766
766.994
764.546
763.166
763.235
758
734
735
733.893
734.158
736.504
738.582
740.593
742.555
743
743.881
744.159
744.469
727
731.309
731.734
733.327
718
724.626
725.642
672
680
679
696
711
734
742
742.611
744.631
735
742
738.598
719
724.482
721.322
727
724.612
726.694
726.291
711
715.543
713.715
719
716.356
742
735
732.651
727
734
711
715.707
714.699
712.615
750
745.399
741.988
742.227
736.307
731.501
728.075
723.231
797
813
785.737
777.41
773
763.998
755.542
749.019
743.554
739.429
736.115
757
754.825
754.061
789
784.732
778.02
771.169
764.036
756.497
749.599
745.656
743.061
735
820
801.595
794.272
789.55
867
898
867.396
859
849.629
852
847.339
838.545
831.37
961
914
891
883
880.249
875.845
875
921
938
917.615
906.063
875
852
836
834.385
832.864
766
781.265
782.11
758
764.063
766.419
767.475
769.08
906
895.257
889.483
961
914
909.204
914
922
912.326
907.9
909.451
1047
1000.43
1086
1071
1046.2
1043.61
984
985
988.038
985.362
983.254
982.281
982.732
1024
1016.93
1008.79
1006.2
1003.79
1002.68
1000.46
996.905
961
976
969
967.084
967.533
992
987.24
1000
998.952
929
953
952.469
953.555
955.598
969
969.923
970.663
972.819
973.461
973.227
922
945
941.844
939.853
984
980.885
937
953.866
956.014
950.765
985
945
953.414
969
960.335
929
907
914.037
915.804
929
932.475
937.855
940.362
977
992
979.901
969
967.759
961.187
898
906.243
914
860
898
945
914
922.347
875
882.136
885.016
886.952
890
893.996
897.035
898
930
925.939
930
928.749
968
969
959.754
1016
1000
1000
993.734
988.622
922
936.184
976
963.253
955.82
954.628
956.553
954.124
930
934.012
933.818
914
915
914
914.147
907
961
945
944.123
922
922
923.76
883
892.694
892.883
894.229
896.171
901.78
904.71
906
907.884
910.244
969
945
941.572
940.093
935.251
930.577
914
912.563
909.773
907.417
907.016
961
946.548
977
969
968
969
906
922.947
919.059
953
945
922
926.328
930
924.369
922.334
898
904.237
905.644
907.588
937
922
924.351
914
914
914
922
919.413
961
956.589
875
890
896.632
900.822
899.773
859
874.332
879.089
851
860.395
864.08
866.255
820
834.569
828
830.715
832.041
937
922
912.343
915.399
945
931.727
917.21
920.622
922
961
946.148
977
992
976.564
1016
1012.01
1002.42
937
947.4
949.307
942.426
977
875
890
894.632
894.441
894.949
896.364
898.853
937
844
871.869
874.983
872.932
874.655
891
888.421
890.969
892.315
1109
1030.25
1031
1012.16
1001.13
994.042
986.843
978.506
969.436
1016
1001.48
969
970.241
985
992
981.827
974.631
930
938.315
937
922
922.575
923.558
984
975.354
970.772
1016
1011.69
985
987.961
992
987.519
979.076
979.909
961
957.356
957.698
957.926
969
968.258
968.389
968.684
992
945
953.966
938
961
969
966.976
965.522
992
987.286
983.94
969
953
956.296
957.826
957.847
961
962.76
963.784
962.274
960.945
914
927.018
929.424
929.834
932.122
976
977
953
958.23
960.499
953.488
948.129
951.903
951.984
947.096
948.275
951.136
949.608
946.4
949.687
984
973.238
962.681
960.893
960.782
890
910.884
931.282
933.694
927.036
992
1000
971.895
972.905
1007
961
963.312
970.53
959.767
953.947
1039
1010.18
1047
1035.44
1017.7
1011.78
1006.6
977
977.779
979.192
967.117
966.052
971.826
966.284
963.988
966.821
964.231
960
962.948
962.972
964.223
965.914
961
953
957.419
946
937
940.369
961
957.457
962.033
953
992
987.527
969
972.259
973.997
946
929
932.885
935.031
934.604
937.992
883
914
922
919.495
922.743
927.592
953
930
945
969
963.161
954.401
946
950.095
969
959.758
890
903.845
909.601
867
860
864.888
844
860
863.913
867.171
871.035
875.609
946
944.86
937.058
935.816
953
946
937.011
933.864
976
1016
996.93
981.637
969
969.096
953
947.699
969
965.798
960.196
956.59
797
858.105
863.145
865.925
727
945
1094
1037.6
1005.75
1007.09
1007.71
997.32
976
975.539
975.969
964.282
951.919
946
946.506
945.24
961
922
922.298
926.955
926.009
924.743
976
992
977
977
937
937.228
969
963.539
958.572
1023
1025.6
1014.69
1007.67
1003.94
945
945
946.667
945.209
922
868
877.122
820
860
906
906
912.337
985
992
992
977
977.669
974.557
963.159
921
921.321
875
874.538
914
936.468
938
941.373
945.78
942.655
933.36
937
899
897.55
896.918
893.396
894.622
1000
977
968.908
963.483
961
950.956
944.459
938.566
932.287
914
914
911.25
909.195
758
836.97
718
773.589
774
774.245
779.726
784.627
867
898
875
879.689
885.634
886.577
885.957
885.647
886.249
891
890.653
890.81
891.711
892.477
892.857
969
948.872
939.057
935.944
935.736
935.992
934.726
930
928.766
945
939.472
934.286
931.343
928.142
961
984
972.077
959.992
953
985
969
966.894
962.791
959.019
945
907
914.074
937
941.59
943.309
940.385
953
958.284
957.912
950.184
922
924.621
906
905.063
903.785
977
976.544
963.936
956.931
953.653
852
869.985
887.046
742
799.912
801.806
859
860.542
871.298
1187
1062.97
1027.69
1141
1079.46
1008
1010
1008
1023
1047
1042.87
1038.52
1047
1043.85
985
986.637
992.102
990.836
953
958.42
1047
1035.25
1016.03
1014.76
1015.2
1009.46
938
948.423
930
928.941
907
909.314
937
950.878
954.847
852
836
839.293
841.739
844.491
846.115
945
961
955.125
952.324
906
906.792
907.623
907.68
976
983.485
1016
984
972.4
992
991.385
979.974
968.771
964.919
985
981.267
972.156
976
992
1008
1024
1012.4
961
985
985.579
1008
996.059
983.661
981.465
773
859.235
773
1047
997.275
987.197
1180
1141.84
1116.85
1111.94
1107.02
1097.44
1015
1053.46
1054.28
1036.24
1034.12
1086
1070
1070
1068.73
1067.67
1031
1016
1008
1011.27
1011.61
1013.07
1015.96
1000
1005.84
945
899
901.865
953
970.414
982.854
999.844
1070
1016
1015
1029.24
946
875
881.686
843
843.314
844.829
848.072
852.494
857.215
992
1005.5
993
992.82
922
920.734
1000
1004.75
993.125
961
960.263
963.94
959.282
948.7
940.686
899
900.29
901.746
922
923.853
920.438
875
881.223
859
864.441
992
977
976
1031
1023.73
1010.32
1055
1031
1008
1001.8
1001.17
1015
1032
1024.78
1020.59
1020.36
1017.44
1012.91
1008.93
1006.01
1003.78
1001.22
999.67
1000
977
945
952.729
969
1016
1018.25
1023
1016
1008.63
1003.66
998.19
953
953
952.935
952.225
976
993
1002.79
969
984
982.777
980.5
961
937
939.695
940.925
944.409
947.47
968
969
968.785
969.46
945
948.877
1031
1008
999.534
994.606
1008
1001.93
969
966.128
968.442
967.29
961
959.375
1046
1023.2
1047
1034.8
977
976
977.593
974.769
970.745
985
986.258
1000
991.124
961
967.341
969.392
969.557
968.049
971.464
974.598
975.029
1031
1014.65
1004.64
960
977
938
937
936.893
938.212
940.414
942.718
945.646
948.477
951.274
953.733
961
945
950.166
951.396
968
967.068
961
959.88
962.337
964.352
962.765
922
929
930.67
929
932.587
934.683
937.211
898
914.496
883
888.863
889.82
891.76
894.368
896.993
929
930.286
933.485
984
969
967.07
966.955
960.702
977
971.809
1031
1016.31
1063
1048.98
1070
1062.56
1057.32
1031
1032.92
1000
1003.66
1094
1069.51
1047
1054
1054.78
1007
1024
1031
1023.38
1020.61
1016
1016.85
1015.52
1024
1019.6
1019.96
1019.91
1063
1050.2
1043.78
1041.32
1042.15
1038.26
961
994.889
996.982
993.487
994.085
998.464
999.999
1001.77
1003.76
1006.07
1023
1019.87
1018.34
1020.7
1022.84
1021.35
1020.35
938
972.61
973.735
971.265
1078
1055.55
1031
1034.8
1032.58
977
984
986.191
983.248
985.002
988.819
1000
984
969
975.926
977.508
974.789
1031
1028.31
1014.8
1007.28
999.915
883
898
920.111
992
989.714
993.964
998.187
992
984
953
954.367
954.178
954.074
976
961
963.723
965.527
961.044
984
980.778
975.802
973.015
961
960.988
958.421
937
941.242
938.438
936.94
984
978.951
1015
985
985.605
987.016
1024
1078
1064.11
1048.64
1033.81
1008
1002.09
1003.91
1006.32
1054
1045.63
1035.78
1046
1016
1024
1028.29
1030.51
1027.21
1021.92
1017.09
1014.5
1047
1055
1039
1031.47
993
997.202
999.581
1023
938
961.465
992
993.893
993.438
1023
1078
1068.45
1008
1039
1023
1000
953
993
1046
1037.95
1015
1031
1000
1047
1047
1055
1041.1
1033.5
1030.97
1023.22
1013.87
1008.14
1047
1023
1024
1021.42
1021.03
1024
1000
1010.07
1031
1024.32
1019.43
1017.12
1000
969
930
969
977.351
981.874
977
983.896
987.372
989
977
984
986.009
985.145
961
937
992
1039
1032
1031
1055
1050.57
1036.37
969
988.093
992.221
990.015
978.97
922
969
883
901.862
905.915
781
837.77
839.087
839.167
735
711
711
716.364
719.297
641
648
649
695
680
687.467
693.846
734
740.199
757
761.185
764.591
768.451
771.618
773.262
774.309
813
773
774
777.095
777.589
773.099
695
695
698.277
700.506
719
711
734
736.068
736.852
782
778.125
828
844
820
820
805
796.432
791.504
786.665
773
771.484
769.653
768.48
968
877.791
953
901.643
922
906
889.893
954
920.949
976
951.715
961
969
968
963.614
963.571
953
955.125
955.848
955.24
955.479
992
981.997
977.194
978.776
978.888
976.544
836
797
828
820
781
797
804.898
805.992
813.266
818.552
789
805.432
843
797
816.635
883
882.741
859
906
911.019
901.781
900.515
903.887
930
921.585
891
896.715
851
829
831.694
831.279
829.885
832.666
750
777.534
781
821
804
789
813
836
828
820
824.663
797
797
781
766
768.012
828
835.017
831.816
828.001
830.738
834.379
805
806.499
796
797
789
788.105
790.964
820
836
828.386
819.855
815.722
811.195
804.797
799.875
796.375
828
830.843
820
814.385
812.706
813
820
817.365
813.282
810.346
809.509
810.003
805
797
796.237
796.665
797.943
798.893
798.63
774
836
820.144
816.91
813.841
813.308
812.728
758
750
789
789
788.095
812
812.993
807.975
797
801.584
802.392
797.237
794.75
695
696
710
715.303
804
813.348
828
821.179
797
828
823.887
859
846.387
836.435
831.483
822.827
852
841.446
899
881.087
871.577
914
977
976
949.675
930.127
953
955.991
953
953
946.243
942.382
939.523
936.66
932.739
977
1015
1008
1000
988.888
906
922
925.368
925.601
923.994
919.975
920.08
977
969
959.975
952.727
922
