867
852
844
851
844
891
937
969
984
977
992
961
1051.32
914
906
953
914
938.529
911.214
914
929
930
945
977
992
927.258
976
1000
969
930
929
930
914
914
914
914
914
914
899
922
937
932.838
976
969.522
992
1000
989.043
982.127
1016
1031
1031
1008
1008
992
1000
1000
992
961
891
898.363
914
953
969
961
984
961
955.236
953
961
945
930
961
953
945
938
953
922
927.278
929.603
1000
969
984
977
953
952.814
937
930
945
930
961
961
961
992
992
985
992
992
1000
1000
1000
1000
1000
992
969
984
1008
1000
977
984
1000
961
961
953
961
984
979.874
977
961
984
984
961
961
961
961
961
930
961
945
961
954.151
891
898
891
914
961
1000
1023
1011.33
1000
1008
1000
990.892
983.087
977.668
1000
992
969
945
948.412
948.512
953
961
945
899
898
883
875
883
898
907.068
860
984
979.184
974.596
836
851
844
875
875
836
844
890
938
932.327
961
953
930
852
856.691
860.357
867
844
875
836
843.397
844
867
869.832
867.364
860
861.466
875
867
875
867
865.38
866.984
867
859
844
836
859
852
859
860
859.574
867
852
859
844
847.491
836
828
805
804
774
781
766
773
758
764.815
758
781
774
778.776
789
766
781
766
773
781
766
773.554
774.446
758
767.636
758
773
750
758
758
773
767.777
781
776.485
797
797
805
820
820
813
813.932
812.407
820
797
797
797
797
797
781
789
789
781
766
789
781
774
789
789
797
804
797
798.829
797
796.227
773
758
761.333
781
781
789
795.209
805
781
789
791.004
758
766
750
750
734
750
727
734
734
727
719
734
742
743.109
746.865
727
734
727
726
735
731.727
734
727
734
719
726.405
711
711
712.706
718
727
711
742
742
740.423
766
773
781
775.151
789
781
777.584
797
789
797
792.324
820
813.232
812
797
789
790.993
789
805
798.813
796.59
798.415
797.46
820
828
844
828
844
867
844
843.396
860
853.414
844
836
837.379
836
875
867
844
845.013
844
852
859
836
836
837.663
838.167
835.712
898
878.021
929
930
891
898
875
870.131
866.043
862.392
875
871.828
891
898
891
888.852
883
875
875
871.763
875
860
867
836
851
821
843
837.347
852
848.629
844
836
841.531
828
820
823.585
805
820
820
818.371
820.894
797
789
797
789
789
789
781
785.983
773
781
758
758
758
742
750
750
734
750
719
750
742
735
742
750
742
766
773
789
787.023
789
820
782
781
789
750
758
742
750
742
742
735
734
750
750
750
752.025
758
758
773
758
781
766
773
758
773
766
766.109
758
765
758
758
750
750
750
749.682
758
789
783.448
797
797
789
820
797
797
797
789
781
758
766
765
758
742
766
773
782
778.99
828
836
828
797
820
875
883
890
869.82
860.484
938
953
961
976
961
977
992
961
953
961
961
953
961
953
930
937
930
961
953.225
969
977
984
984
961
960.824
930
1000
992
1000
977
977.155
922
914
916.688
919.081
969
982.087
969
953
945
953
946
945.888
922
891
867
866.831
868.539
874.176
881.286
836
828
828
805
828
797
797
781
789
789
805
797
843
852.216
875
883
906
906
899
898
906
891
906
904.052
883
887.394
884.266
880.484
891
906
891
883
906
906
899
890
891
890.044
886.79
875
883
890
883
883
883
882.46
879.781
844
859.759
836
867
836
844
859
844
867
852
890
881.436
891
906
922
917.975
930
945
946
937
922
906
883
906
883
883
884.683
883
906
914
911.405
906
906.031
903.926
914
930
914
922
922
914
922
918.386
922
914
914.972
922
914
922
953
930
953
945
943.094
922
945
922
924.896
930
929
925.754
969
953
984
969
992
992
961
977
937
930
931.093
922
914
918.082
918.174
914
917.315
917.647
918.446
906
945
938
953
953
961
959.01
953
953
930
935.513
914
922
937
930
933.913
953
953
922
945
941.179
937
938.679
914
922
906
930
922
914
914
914
914
930
937
977
992
1016
1008.86
1039
1039
1008
1008
984
961
977
992
984
1008
992
1008
953
977
976
969
992
1008
1031
1008
1000
1000
992
969
945
922
914
883
883
898
908.857
883
898
903.638
937
961
977
1031
1031.93
1031
1000
1000
1008
992
984
969
953
961
969
961
992
992
992
985
1000
996.123
989.609
984
985
992
1000
995.154
1000
938
953
922
906
883
883
890
883
891
895.628
883
891
892.841
914
899
914
917.233
922.067
922
906
922
914
914
916.503
914
922
937
907
937
914
916.282
915.949
914.549
913.703
922
918.066
961
1000
969
963.399
959.002
946
953
914
914
912.547
914
945
930
961
945
938
938.391
922
945
914
920.986
891
914
914
930
945
943.023
985
984
992
969
961
961
969
968
946
945
984
977
961
984
961
962.316
962.4
984
961
961.759
922
914
914
875
883
875
898
899
906
922
929.397
934.306
945
961
961
953
938
953
937
930
931.763
898
891
906
907.079
922
930
929
926.802
922
937
922
922
930
925.898
930
914
917.711
917.297
906
909.301
914
875
883
884.672
906
883
906
906
930
914
953
953
969
961
961
930
945
940.212
906
875
881.361
859
862.852
867
898
922
938
945
922
945
899
898
875
852
851
847.817
836
844
859
875
883
914
914
914
914
907.826
900.968
914
906
906
899
895.341
922
906
906
883
875
867
844
859
836
836
837.768
828
821
843
838.726
841.364
828
867
860.052
891
887.082
883
875
890
883
899
914
909.352
961
984
969
961.642
953
950.117
984
976.903
961
961
964.008
964.387
969
1008
1000
992
1008
992
1000
1000
1000
961
984
977
992
992
1008
1003.14
1016
1039
1070
1047
1047
1000
1023
1000
1000.52
1000
992
969
992
987.27
984
1000
1016
1008
1010.23
992
997.886
996.844
976
977
978.519
977.412
1008
1039
1062
1055.24
1049.96
1047
1031
1026.65
1008
1039
1031
1039
1063
1070
1078
1094
1055
1039
1039
1062
1058.37
1047
1047
1039
1039
1008
1039
1047
1043.82
1070
1063
1059.88
1057.35
1055
1078
1071.25
1065.43
1061.07
1059.92
1061.19
1062
1047
1008
1015.19
1055
1059.24
1078
1072.35
1086
1055
1078
1073.03
1102
1090.4
1117
1125
1117
1117
1112.65
1107.63
1070
1047
1063
1031
1078
1055
1078
1070
1086
1055
1101
1055
1094
1047
1063.4
1047
1052.79
1039
1045.52
1031
1063
1052.75
1062
1047
1063
1039
1070
1078
1071.97
1000
1031.28
969
969
984
953
969
961
969
984
1000
1000
977
990.123
969
992
953
964.858
992
969
1000
995.596
996.564
1031
1000
1000
984
969
974.145
1000
991.669
1000
1000
1023
992
1023
1016
1039
1031
1024
1062
1024
1070
1055
1062
1039
1039
1047
1039
1035.84
1031
1039
1033.94
1047
1016
1070
1047
1055
1070
1063.1
1060.41
1031
1055
1039
1070
1039
1055
1070
1016
1023
1030.14
1008
1031
1000
1039
1031
1039
1008
1031
1028.45
1062
1047
1047
1047
1039
1043.46
1042.77
1000
1000
1003.19
992
1008
1023
1008
1008
1000
1001.77
992
1000
961
992
961
961
1000
1023
1019.18
1039
1054
1032
1036.63
1039
1047
1031
1039
1024
1025.57
1039
1070
1047
1045.13
1078
1039
1047
1047
1039
1039
1036.77
1033.94
1030.95
1047
1031
1039
1039
1055
1047.41
1094
1078
1078
1078
1039
1078
1047
1078
1063
1070
1086
1078.68
1039
1031
1008
1039
1038.29
1040.43
1023
969
1016
1015
1055
1070
1055
1008
1023
1016
1020.37
1031
1016
961
1031
1039
1055
1037.81
1031
1030.4
1015
1008
1012.26
1008
1000
1031
1027.76
1000
992
999.877
1023
1008
1000
1000
1000
969
976
969
971.358
977
969
953
957.982
969
1000
1000
1039
1016
1011.16
1013.24
1015.17
1000
977
992
992
992.005
992
969
953
956.708
969
992
992
986.571
982.943
1008
1014.37
1000
1000
1000
1001.59
1015
1016
1016
1023
1008
1023
1008
1004.84
992
1000
1016
1031
1039
1000
992
977
1000
992
993.941
969
992
985
987.447
1008
1023
1016
1039
1039
1031
1016
1031
1000
1000
1008
1006.88
1031
1016
1062
1039
1036.23
1047
992
1016
1023
1015.06
1000
1000
1001.66
1016
1008
1011.21
1039
1024
1031
1016
1015
1024
1031
984
985
984
945
930
932.964
934.566
867
906
914
938
938.024
992
977
945
914
883
883
867
851
844
813
820
820
805
811.402
797
789
791.211
781
766
781
781
766
781
774
781
797
798.738
805
797
828
797
820
797
797
758
758
759.726
758.65
805
820
805
809.379
797
795.518
758
758
758.106
742
750
750
781
750
759.218
766
758
762.033
766
764.845
781
778.801
781
789
797
781
805
812
805
805
820
797
797
797.742
789
758
773
766
766
773
789
782.927
789
805
797.682
796.715
805
843
844
831.453
867
844
859
836
834.602
836
836
844
898
914
969
953
969
961
937
899
890
860
851
828
828.692
805
820
828
852
898
911.637
906
922
930
923.247
953
969
958.133
945
953
899
875
859
859
861.407
844
859
852
859
875
891
945
945.985
953
922
937
931.953
891
922
953
914
953
952.844
906
891
953
969
992
961
1000
953
977
984
966.232
1008
1039
1012.53
953
967.269
1078
1156
1094
1060.64
1078
1109
1055
1086
1078
1055
1045.19
1055
1062
1086
1086
1109
1024
992
998.21
1001.86
875
875
880.037
992
984
1024
1015
1055
1078
1008
969
981.256
986.161
883
875
867
867
844
844
836
839.247
797
852
867
875
875
914
922
906
922
867
875
867
891
883
883.485
891
898
883
875
867
867
864.724
863.198
867
866.852
883
883
906
883
883
875
867
859
852
867
867
867
875
891
867
914
922
922
914
914
909.8
899
894.19
922
916.429
909.875
914
922
922
929
922
899
929
922
930
914
930
945
922
906
922
922
961
984
1000
977
1000
953
953
953
961
914
924.19
926.364
1016
1031
1039
1021.99
1031
992
977
945
937.766
922
922
898
860
859
867
891
898
844
857.393
859
863.629
930
953
953
953
922
930
953
952.185
914
915.104
992
994.902
1000
1000
1008
992
984
1000
995.203
984
985
1023
1008
995.923
1008
1039
1008
1039
1036.24
1070
1016
1039
1062
1044.32
1031.66
1036.47
984
961
961
953
961
945
946
945
953
922
922
914
953
961
992
938
961
937
938
938.906
939.564
1000
1016
1013.76
1062
1078
1039
1032
1023
1031
1016
1039
1016
1031
1039
1031
1008
953
930
930.709
961
969
984
969
953
953
955.122
945
922
922
922.431
867
899
953
992
993.906
1047
1062
1047
1039
1047
1055
1062
1047
1039
1016
1009.18
1031
992
961
961
969
961
961.889
945
930
933.506
934.927
914
914
922
906
922
891
906
914
915.289
914
914
922
925.622
914
922
924.168
930
930.086
859
894.813
828
805
781
797
781
797
805
813.608
828
836
844
852.939
828
844
852
898
906
891
867
883
883
898
883
906
883
883.774
859
859
860
890
930
1000
981.218
946
976
985
978.898
962.175
949.857
945
953
953
942.408
934.754
935.272
906
905.212
922
906
945
1000
1055
1026.46
1101
1055
1016
1015
1008
992
983.665
922
922
922
922
914
906
891
898
875
953
1047
1086
1109
1086
1055
1039
1026.43
969
961.161
906
898
922
930
961
953
954.773
922
953
969
1023
1016.77
1031
977
1000
992
1000
984
1008
961
945
930
961
992
992
1016
1039
1070
1062.11
1031
1022.1
977
968.876
953
1000
1094
1109
1102
1101
1078
1141
1078
1067.43
1094
1109
1086
1063
1078
1055
1039
992
961
962.448
1047
1062
1071
1062
1094
1070
1094
1086
1078
1031
985
989.423
937
914
883
867
852
867
836
844
828
828
836
820
825.279
827.233
828
836
836
844
859
852
859
836
846.928
898
860
867
875
898
969
1016
1062
1043.1
1023
1016
1000
992
938
937
891
883
859
867
844
875
914
961
969
966.131
969
969
945
930
922.284
906
875
875
867
836
828
821
828
859
877.735
898
922
931.56
922
918.701
875
875
875
874
859
836
836
828
836
836
875
883
886.94
883
914
914
914
906
899
914
914
914
930
925.873
921.641
906
906
914
891
906
899
899.009
898.307
914
922
918.402
883
875
867
891
894.254
922
953
948.569
1008
1000.03
1008
1000
1008
1000
976
972.671
967.747
945
944.606
938
992
987.714
961
969
945
961
956.499
938
937
914
883
886.595
884.036
886.07
1016
1031
1070
1055
1039
1094
1039
1078
1039
1039
1036.53
977
1039
1000
1008
1039
1031
1008
1008
1008.88
984
977
978.452
969
953
945
922
945
939.517
941.443
945.161
1008
1039
1039
1047
1008
1013.9
1031
1031
1000
977
992
999.175
1008
1023
1008
984
977
969
961
945
922
906
930
992
992
1008
1039
1055
1044.62
1000
1008
992
1008
976
977
945
947.596
969
980.507
922
914
906
910.4
891
898
891
914
922
953
937
1047
961
961
922
927.608
883
891.328
883
898
930
953
961
960.308
922
915.952
906
898.697
898
883
891
906
945
961
969
961
969
961
947.702
945
945
930
945
943.759
906
922
922
945
945
969
969
1008
1039
1023
1011.7
1008
1000
1015
1024
1023
1008
961
953
922
891
929
943.724
914
930
953
977
1031
1062
1047
1024
1016.08
977
984
953
938
945
946.344
951.482
953
953
977
945
969
984
961
969
992
969
976
973.394
961
930
906
961
967.742
965.494
970.162
969
964.948
977
1023
1008
1023
1011.78
1000.17
992
992
984.701
976
974.568
971.505
922
930
937
922
929.539
945
961
930
969
1000
992
986.638
977
961
957.604
953
949.126
930
906
914
875
875
874.819
922
914
976
1008
1039
1008
1002.4
953
930
923.366
918.352
914
914
915.738
922
922
914
898
883
883
881.952
914
922
922
922
922
906
906
883
875
873.783
875
878.132
859
883
875
906
883
887.701
984
1008
1000
1078
1039
977
1078
1068.4
1031
1022.73
1008
1000
984
961
930
931.955
953
961
959.852
976
961
985
984
979.835
930
938.808
922
921.519
930
930
945
906
922
930
937
930
934.136
906
883
883
914
923.956
927.132
914
914
918.896
875
883
922
945
969
961
1000
992
1000
985.36
975.774
937
922
906
860
859
906
927.664
922
953
992
977
970.406
953
942.58
922
922
914
937
943.842
922
914
953
960.689
976
1000
985
1000
1000
992
992
961
955.741
961
956.96
992
953
969
984
953
938
943.212
943.722
992
1023
1039
1027.48
1000
1031
1024.77
992
961
976
969
1000
1000
992
985
985.374
969
953
906
891
922
936.417
953
946
992
1006.94
1001.56
992
990.547
969
962.282
959.618
969
961
992
969
970.007
953
945
944.292
942.435
938
953
930
953
961
958.756
945
922
906
891
891.901
875
883
922
953
984
988.311
906
883
867
844
836
828
820
836
836
843.423
906
922
914
891
906
875
883
898
901.575
906
852
867
875
875
891
888.797
914
930
961
984
961
947.375
953
945
891
914
961
953
977
984
922
922
906
891
906
904.715
914
914
922
953
953
1000
991.323
969
963.192
953
922
930
925.818
961
953
961
922
945
914
922
930
945
922
922
945
922
922
945
969
992
1031
1008
992
938
914
922
922
945
961
953
961
961
945
953
946
940.603
945
946
953
953
961
945
961
930
961
954.784
922
906
910.348
883
898
895.713
906
930
945
969
1000
1000
961
961
992
961
930
906
908.7
875
875
852
853.803
828
828
844
867
875
875
914
922
945
969
953
948.869
985
984
961
969
961
976
953
952.405
953
961
956.247
952.423
992
988.244
969
961
930
906
907.618
906.316
992
977
970.512
992
992
979.418
970.57
970.856
1039
1008
1023
1016
1008.58
1039
1000
1000
1039
1000
1000
992
977
992
989.57
977
992
976
977
953
953
953
946
945
953
969
945
930
961
954.735
969
967.702
961
961
961
953
937
899
906.129
961
953
938
937
891
906
907.745
899
903.637
908.23
852
866.326
898
883
937
930
929.19
922
914
906
906
899
898
896.754
883
890
875
875
875
891
898
907
907.081
930
945
938
930.088
953
953
953
941.481
907
945
930
928.114
924.498
953
992
979.836
992
983.226
976.999
969
964.978
961
953
949.261
976
938
976
969
961
969
976
961
938
953
953
969
953
953
969
984
938
945
949.157
961
992
977
973.688
975.779
992
961
963.817
961
961
906
883
906
914
953
953
985
984
973.971
969
992
989.121
977
971.479
977
984
969
984
969
984
976.48
984
992
985.613
1015
977
1008
984
961
967.747
969
945
992
961
961
992
969
972.056
969
971.732
1000
1008
1015
1024
984
977
979.033
978.271
930
937
922
945
930
930
945
946.022
875
883
875
867
867
870.1
891
894.564
875
898
907
929
914
899
898
883
844
836
820
797
797
797.227
789
797
812
820
828
836
845.654
828
833.294
835.048
813
828
828
828
813
820
819.35
797
789
781
781
782.92
766
750
750
750
751.653
742
750
750
781
783.941
797
801.372
828
852
890
891
906
891
906
883
876.204
898
891
886.595
922
922
922
929
930
914
938
945
953
922
883
922
917.634
946
968
977
984
969
1000
1016
1000
984
985.799
953
945
953
914
920.7
883
922
918.269
961
956.768
977
992
992
969
961
976
977
971.901
930
914
919.66
891
896.485
883
906
906
907
911.699
914.983
914
930
929
961
946
976
969
965.837
964.331
962.812
945
922
914
906
883
891
890
875
882.094
875
859
864.734
836
852
867
898
922
930
953
961
960.539
953
961
930
931.911
928.941
875
875
871.695
875
906
883
883
898
898.155
891
859
852
875
867
883
906
905.376
883
883
883
867
859
861.23
875
877.353
876.656
984
969
992
953
938
929.973
919.094
867
852
859
844
867
875
875
883
898
883
875
875.337
875
875
883
883
882.556
922
930
945
922
914
930
898
899.861
914
914
908.921
937
930
953
942.268
930
930
937
906
907
906
904.062
902.432
875
883.745
875
875.107
953
922
922.204
925.43
937
914
891
898
875
883
884.955
883
885.826
907
937
922
953
938
968
961
951.71
844
851
844
867
875
860
898
875
883
883
867
875
867
875
867
860
898
875
914
914
961
1000
922
926.025
929.725
875
887.029
844
875
883
875
914
883
906
906
914
899
898
891
883
867
859
844
828
828
825.459
824.69
906
930
984
946
961
953
945
906
914
907
914
914
914
922
945
940.879
934.698
922
930
953
930
914
945
943.148
914
914
899
898.911
906
930
922
929
933.962
931.345
924.196
945
930
914
917.19
898
875
875
875
867
883
893.924
867
875
860
898
891
875
914
908.286
922
961
961
914
906
914
911.343
930
984
1016
1015
1047
1039
1086
1055
1125
1078
1071.9
976
930
932.365
883
875
844
859
844
883
859
873.487
852
867
875
883
898
883
891
894.303
875
860
867.103
875
875
877.136
859
836
836
844
875
875
914
911.706
903.867
897.782
891
881.447
906
905.085
894.001
859
836
867
867
875
883
867
861.837
859
875
875
844
846.436
883
875
844
847.757
852
859
914
890
879.597
914
915.255
875
867
873.442
820
797
797
797
789
789
797
797
781
789
797
828
836
867
873.416
869.45
922
953
945
930
953
922
937
922
953
969
961
961
914
945
906
883
886.814
844
836
883
879.393
906
938
953
1000
990.615
1000
1008
992
961
922
915.976
883
891
890
899
906
914
930
945
945
930
922
914
907.742
891
914
898
891
906
875
914
930
929.791
992
961
961
992
961
960.187
961
961
922
953
922
922
937
922
953
891
914.081
961
1008
1000
992.342
1039
1070
1047
1055
1039
1039
1016
1000
1031
1008
1000
1031
1047
1070
1008
1016.24
1022.52
930
922
929
899
902.172
906
908.104
898
852
859
883
844
859
852
855.683
858.012
899
906
906
883
875
875
844
836
820
797
797
797.379
820
820
852
875
922
945
922
906
883
875
867
844
828
828
813
815.993
797
797
789
789
789.896
781
758
773
758
836
766
797
797
820
836
836
859
836
844
828
805
820
789
797
794.787
867
847.543
867
844
836
859
852
867
867
859
860.039
857.134
836
840.147
883
869.236
969
992
963.075
969
976
930
945
940.995
922
891
867
868.175
866.437
875
875
883
898
875
883
875
867
867
865.817
867.015
867.634
906
961
961
951.422
976
961
953.64
930
875
873.4
898
891
898
902.405
922
930
922
976
930
891
929
907
945
953
969
961
961
937
922
930
906
891
895.102
906
969
960.32
1000
969
1000
992
1008
984
977
992
984
969
969
966.334
969
1015
1000
985
986.334
945
938
969
953
961
937
938
953
906
969
957.161
954.84
1008
1000
992
984
985
1023
1008
1008
1039
1023
1000
1008
1007.72
999.858
1000
1047
1078
1078
1065.63
1094
1089.74
1086
1078
1078
1071
1070
1055
1039
1037.18
1047
1070
1063
1039
1000
1004.29
1008
1008
1078
1039
1070
1071.14
1070
1063
1031
1047
1047.88
1070
1047
1046.06
1094
1078
1055
1078
1070
1032
1054
1047
1047
1042.29
1039
1047
1039
1055
1023
945
899
922
859
820
823.51
823.974
797
789
797
800.381
789
795.74
789
793.87
836
875
875
875
844
828
820
805
820
805
809.161
812.444
836
875
906
922
922
914
883
914
914
906
891
883.435
883
883
878.536
883
879.609
899
897.033
922
945
939.545
945
953
938
945
906
883
879.987
883
898
891
898
891
892.415
922
961
961
952.479
1000
1039
1023.02
1000
969
962.773
946
953
945
930
906
953
1008
1047
1031
1047
1039
1039
1070
1055
1047
1039
1000
1016
1023
1017.3
985
986.989
992.402
1008
1031
1094
1101
1086.4
1109
1078
1102
1086
1070
1064.21
1078
1063
1023
1029.52
1000
992
1000
1000
1039
1039
1000
1007.19
1016
961
1023
1018.95
1016.62
1039
1037.69
1047
1078
1078
1047
1070
1063
1039
1062
1059.44
1048.41
1055
1039
1037.79
1023
1024
1031
1031
1039
1036.38
930
953
937
969
977
1054
1071
1062
1094
1078
1086
1086
1070
1063
1086
1078.82
1093
1102
1086
1070
1094
1070
1069.54
1078
1071.83
1069.59
961
992
1047
1047
1070
1055
1056.22
1055.74
1000
985
953
953
945
938
941.31
953
1086
1023
1027.82
1000
985
953
945
922
914
945
965.409
976
980.475
1008
1039
1037.67
1016
1031
992
969
961
914
883
883
906
926.715
945
969
981.224
984
977
992
984
975.353
953
922
914
914
917.788
914
930
945
938
941.199
945
961
953
961
958.662
952.971
961
956.735
922
922
914
911.11
961
967.129
977
972.483
966.738
960.527
945
938.193
953
914
969
914
906
883
883
867
836
836
828
820
836
844
875
890.704
891
914
937
930
953
953
938
929
891
883
875
873.989
890
891
906
914
891
906
914
883
875
875
906
883
891
898
891
891.185
893.095
883
898
899
898
899
898
906
902.185
899.054
867
859
861.356
875
875
899
906
914
930
945
930
961
906
992
922
820
797
797
820
836.436
859
883
922
945
922
945
922
891
890
860
859
836
844
844.791
847.539
852.655
883
875
875
906
883
906
902.69
945
930
930
953
961
949.507
976
970.327
961
962.856
961
953
953
951.927
929
883
891
922
945
922
953
952.121
961
953
922
930
927.569
921.209
945
952.516
953
984
982.633
992
961
992
977
992
983.844
1031
1008
1031
1016
1010.69
1031
1000
961
969
965.185
962.785
961
984
1000
992
985
1015
1008.04
1008
1023
1016
1008
1010.33
1006.1
1031
1022.57
1031
1172
1000
969
961
945
914
914
891
906
914
914
917.783
930
953
937
891
922
953
949.845
961
906
875
875
859
852
828
832.867
828
797
797
796.722
797.686
781
766
773
758
758
758
758.796
789
820
844
836
839.62
844
851
813
820
821.095
797
781
797
801.628
797
789
820
821
828
836
859
891
876.716
865.213
914
883
875
873.711
867.977
836
820
797
789
789
758
764.055
781
758
773
774
781
783.609
828
867
883
890
891
875
867
852
845.757
836
828
805
828
836
840.054
891
890.236
906
883
906
891
906
897.867
891
890
883
883
875
875
867
865.081
891
886.336
930
969
992
969
960.666
930
961
956.566
945
922
918.19
945
969
992
1047
1078
1039
1016
1000
984
953
977
953
937
938.102
953
953
954.002
952.556
953.243
914
923.09
953
1031
1047
1070
1055
1039
1039
1039
1008
1000
969
976
975.381
953
977
1000
1078
1031
1024.09
1024.83
1039
1031
1017.9
1000
1000
961
930
929.997
930.916
934.393
1070
1094
1094
1109
1063
1078
1039
1008
1031
1031.68
976
981.736
987.162
1000
984
953
962.28
1047
1070
1086
1062.17
1050.58
1094
1117
1125
1090.54
1094
1062
1047
1070
1063
1031
1063
1054
1055
1125
1070
961
968.856
976.926
1078
1078
1125
1109.15
1097.06
1086
1094
1109
1096.53
1117
1071
1031
1008
1008.56
1031
1000
1000
1005.95
1031
1008
1031
1039.42
1047
1078
1047
1078
1039
1047
1031
1008
1012.38
1047
1044.85
1045.64
1047
1048.16
1048.62
1071
1109
1047
1070
1066.66
1063.57
1093
1102
1094
1101
1110
1101
1086
1086
1078
1086
1080
1078
1086
1062
1086
1063
1109
1055
1086
1062
1047
1078
1063
1070
1068.43
1039
1051.67
961
1000
1047
1086
1086
1125
1109
1102
1105.32
1078
1055
1061.7
1055
1053.41
1056.76
1055
1031
1000
1007.06
1000
1023
1029.64
1000
1016
1031
1047
1047
1078
1078
1068.54
1063
1039
1039
1023
1020.97
1021.92
1055
1047
1054
1055
1055
1039
1034.97
1055
1056.24
1052.56
1070
1066.16
1063
1101
1094
1086
1086
1080.22
1063
1031
1047
1078
1078
1078
1039
977
953
1000
1031
1055
1008
1023
1008
1008
1008
1015
1024
1028.08
1047
1031
1016
1031
1035.58
1039
1047
1125
1109
1086
1203
1182.98
961
953
922
914
937
891
914.324
914
919.919
953
945
961
985
987.552
1039
1024
1047
1048.59
1047
1016
1039
1023
1021.73
1008
1008
1023
1031
1016
1023
1025.29
1031
1039
1039
1031
1094
1086
1073.66
1065.86
1063
1057.88
1000
969
961
984
1000.74
953
953
938
961
976
953
958.788
945
1000
1008
1000
995.311
1008
1018.49
1008
1008
1015
1019.92
992
992
1000
1008
1001.51
1008
1006.76
1005.77
1023
1017.16
969
922
945
969
992
1008
1008
1015
1008
999.975
992
992
988.401
984
1000
1000
1016
1031
1023
1024
1023
977
961
961.929
961
976
977
992
992
1008
1016
1015
985
1031
1008
976
946
950.314
984
994.043
992.319
992
969
961
963.299
922
927.467
914
914
891
890
875
875
875.304
867
875
875
878.318
881.472
930
953
922
927.054
934.675
851
844
843.843
844
828
836
820
805
808.368
766
781
780.32
742
742
742
719
742
727
734
750
750
789
797
820
821
859
875
844
859
836
828
828
813
820
797
805
820
836
867
844
867
875
836
836
832.442
828
836
820
805
789
790.689
750
750
727
729.234
711
714.564
711
713.133
711
711
711
718
718.438
720.487
703
688
693.265
711
712.495
718.673
719
734
727
774
781
781
766
781
758
781
766
773
774
773
789
774
789
789
789
812
804.649
797
805
797
812
805.038
802.259
801.769
789
812
805
828
828
836
828
813
828
844
835.827
891
873.615
890
891
884.32
844
844
836
832.146
805
804
766
781
777.663
780.023
750
773
768.596
781
780.95
820
818.183
836
859
857.693
844
847.061
846.93
820
823.153
821.637
797
802.104
797
773
781
797
828
820
813
820
828
820.537
828
824.939
828
813
812
797
820
805
805
812
805
812
810.035
820
805
820
797
797
789
789
766
781
758
763.172
763.464
734
752.438
742
711
711
719
734
742
750
758
758
773
758
765.52
765.231
764.32
764.846
735
742
739.46
711
719
711
726
726.633
703
719
711
750
781
766
789
789
782.433
778.228
773.099
766
773
768.584
773
898
853.785
859
844
836
828
813
804
805
789
805
820
828
883
914
992
977
992
1031
977
1031
1031
961
961
961
953
969
961
956.509
961
976
1008
1047
1070
1047
1055
1031
1055
1031
953
961
1000
996.837
1070
1055
1045.9
1078
1069.12
1052.45
1031
1031
1039
1047
1055
1070
1047
1109
1024
1031
1008
1011.68
1055
1062
1110
1109
1125
1039
1000
1016
1078
1047
1070
1094
1086
1086
1093
1071
1064.48
1086
1075.55
1008
1039
1031
1047
1078
1078
1117
1104.1
1086
1093
1032
1015
1000
1008
1010.22
1014.03
1019.1
953
922
969
984
1008
1023
1008
1039
1047
1041.92
1039
1016
1047
1039
1023
1047
1039
1055
1039
1047
1070
1061.88
1039
1000
1008
1039
1031
1022.78
984
1031
1055
1086
1078
1047
1049.45
1057.27
1078
1078
1086
1117
1055
1086
1023
992
1008
961
967.992
1000
1000
1004.21
1004.37
985
992
1008
1000
1000.87
1001.35
1004.02
1000
1008
1008.08
1039
1039
1047
1045.7
1070
1078
1078
1094
1094
1089.8
1086
1109
1104.3
1099.71
1086
1125
1120.01
1094
1055
1062
1047
1039
1031
1055
1086
1086
1082.38
1080.22
1086
1070
1250
1086
1039
1042.49
953
953
961
969
1008
1023
1047
1057.68
1064.3
961
914
906
805
805
789
793.04
799.901
806.14
812.404
817.584
758
773
776.504
758
762.019
758
781
805
809.465
875
890
891.832
953
930
937
937.878
930
961
1015
977
1023
1008
1000
1000
999.119
961
930
914
867
859
862.907
820
797
781
784.998
784.965
785.525
773
766
789
797
820
831.329
821
820
820
824.44
805
789
797
804
789
797
774
781.901
784.005
797
797
781
789
758
750
742
743.26
742
750
719
734
719
726
711
719
711
703
711
711
719
734
719
725.812
742
727
732.276
758
773
766
781
773
774
781
789
781
782
789
804
805
799.643
859
875
922
914
902.547
945
922
922
922
937
933.355
953
953
969
984
1008
1000
1000
1000.69
1000
1039
1034.08
1025.55
1031
1024
1023
1021.06
1055
1044.69
1086
1078
992
930
961
984
1008
1011.14
1008
984
986.046
1016
1031
1047
1039
1000
977
1000
1015
1024
1070
1117
1110
1148
1156
1102
1133
1101
1094.95
1039
1078
1086
1086
1141
1125
1140
1094
1095.61
1055
1051.61
1070
1071
1078
1039
976
961
961.999
964.416
969.159
1070
1078
1063
1070
1076.48
1086
1070
1071
1093
1092.47
1109
1078
1063
1070
1072.45
1047
1109
1110
1078
1101
1071
1086
1078
1073.85
1094
1088.53
1102
1078
1086
1085.3
1070
1078
1055
1065.28
1055
1057.93
1078
1047
1008
1000
1039
1031
1047
1047
1047
1086
1078.97
1070
1008
1025.13
1028.21
961
1000
1023
1000
1000
1016
992
1000
1039
1070
1054.6
1078
1047
1078
1070
1086
1125
1094
1117
1078
1063
1078
1047
1062
1047
1055
1047
1031
1037.67
1034.3
1055
1070
1047
1070
1065.42
1070
1055
1047
1078
1031
1024
992
1000.8
1002.48
1031
1055
1061.06
1062.67
1078
1039
1063
1058.44
1078
1069.59
1039
1047
1000
945
930
953
984
999.201
1000
1023
1000
1016
1031
1008
1011.22
1031
1039
1039
1031
1055
1054.39
1055
1046.82
1016
1047
1039
1062
1055
1055
1109
1078
1063
1070
1070
1102
1094
1101
1063
1039
1031
1032.66
1016
1000
1023
1039
1041.99
1043.85
1046.94
1039
1047
1015
1008
1016
1031
1023
1026.33
946
929
946
984
992
997.963
1023
1031
1039
1032
976
969
922
953
964.413
976
978.367
961
953
992
992
1008
997.797
983.925
983.37
1015
1024
1013.93
1039
1039
1008
992
1000
1062
1054.84
1031
1055
1023
946
955.905
960.824
967.171
1008
1006.27
1024
1039
1062
1055
1047
1037.6
1024
1031
1039
1008
1009.9
984
1047
1039
1008
1005.22
1008
1039
1031
1024.42
1094
1070
1094
1086
1078
1047
1047.52
1045.94
1039
1086
1077.01
1069.95
1094
1070
1086
1078
1078
1063
1054
1016
992
992.392
1008
1000
992
961
953
969
976
969
992
1016
1025.67
1039
1047
1023
953
961
977
989.451
1062
1047
1063
1047
1070
1047
1062
1055
1031
1039
1008
1000
1016
1011.79
1009.25
1039
1034.59
1029.04
1008
1039
1039
1047
1031
1008
1008
1008
1004.84
984
969
971.432
1023
1024
1031
1016
1023
1008
1008
1023
992
1016
1023
1016
1039
1039
1039
1039
1039
1055
1039
1037.74
1047
1041.94
1039
992
1002.93
1000
1000
1023
1020.48
1024
1062
1056.83
1053.75
1031
1032.68
1054
1047
1039
1039.02
1039
969
984
985
984.442
1031
1042.96
1039
1078
1047
1047
1039
1023
977
930
945
947.363
950.885
1024
1031
1047
1039
1034.17
1047
1047
1039
1039
1047
1047
1039
1055
1039
1037.24
1031
1047
1041.4
1070
1055
1039
1070
1047
1024
1023
992
1000
1000
985
989.422
1047
1047
1054
1024
1031
1008
1008
1031
1023
1024
1062
1055
1039
1047
1039
1039
1031
1016
984
969
992
985
1023
1008
1023
1016
1000
1023
1016
961
930
934.126
929
930
930
934.845
969
992
1008
977
1000
1003.63
992
1031
1016
1015
1016
1000
1023
1008
977
945
1000
1008
984
986.972
938
946.115
969
1023
1016
1006.47
1006.94
998.675
1039
1031.15
1078
1047
1070
1047
1031
1016
1008
1004.51
1047
1038.7
1031
1047
1047
1047
1041.76
1039
1024
1015
985
984
953
930
953
945
969
971.215
979.41
1039
977
953
914
922
953
961
972.801
938
945
948.71
1000
1008
953
961
953
977
976
1000
987.151
969
984
988.144
969
984
1008
1039
1016
1008
1015
1008
1008
1000
992.757
989.794
914
945
985
1023
1009.21
1016
1031
1020.42
1012.54
1016
1023
1016
969
976
980.843
1039
1054
1063
1062
1055
1047
1023
1055
1047
1070
1094
1086
1073.18
1070
1086
1078
1047
1070
1024
1062
1078
1055
1070
1039
1044.72
1044.31
1000
1031
1026.22
1023
1023.73
1025.95
1039
1034.44
1047
1043.32
1047
1062
1055
1047
1055
1062
1016
1031
1030.97
1039
1033.12
1070
1078
1024
1062
1008
1008
1031
1024.75
1023.01
1039
1031
1047
1031
1047
1043.45
1031
1031
1016
1039
1000
992
999.933
1023
1016.4
1024
1039
1039
1008
1017.91
977
984
953
985
984
1000
1039
1055
1015
1016
1008
1023
1020.32
1031
1028.36
1039
1039
1047
1055
1023
1031
1000
1016
1011.3
1009.95
1000
985
1015
1000
985
984
986.409
992
1000
977
1015
1000
1016
1000
992
922
914
916.47
1000
1016
1039
1054
1016
1018.3
1016
1007.04
1039
1031
1047
1038.92
1047
1062
1039
1039
1055
1046.85
1041.37
1047
1070
1039
1042.03
1015
1017.3
1039
1039
1031
1055
1016
1039
1023
1025.8
1027.51
1031
1039
1035.66
1037.06
1047
1031
1024
1031
1016
1039
1031
1031
1024
1031
1029.89
1016
1024.95
1008
1000
1008
984
1000
1016
1023
1000
1031
1016
1017.69
1039
1030.12
1055
1031
1016
1031
1000
1011.87
1012.38
1009.44
1016
1023
1016
992
953
962.029
961
961.399
937
946.356
922
914
891
898
891
906
922
922
937
938
953
961
992
977
984
987.906
969
1000
1023
1013.04
1039
1016
1031
984
922
928.556
969
1000
998.325
1023
1031
1055
1047
1078
1039
1055
1039
1023
1039
1016
1039
1031
1026.66
1047
1039
1055
1078
1055
1070
1047
1070
1055
1055
1070
1047
1078
1039
1039
1031
1034.18
1055
1046.81
1047.76
984
1000
1003.8
1039
1055
1016
1031
1032.75
992
1007.5
1008
1008
1031
1000
1000
1000
1000
1039
1008
1047
1047
1042.96
1047
1047
1047
1031
1008
1039
1039
1016
1021.65
1031
1047
1047
1031
1031
1008
1024
1062
1039
1035.67
1036.8
1031
1029.07
1015
1008
961
969
992
1000.4
1000
1039
1000
1016
1023
1000
1000
1008
1031
1024.78
1000
1008
1012.27
969
961
945
946.973
948.353
953
957.14
992
977
984
977
976
977
953
957.793
958.9
946
949.639
1000
1003.24
1016
1023
977
992
961
969
992
961
966.221
977
1000
984
961
961
963.178
985
981.068
1023
1000
1039
1024
1016.02
969
961
961
969
984
1000
1000
1000
1000
984
1008
1008
1039
1055
1039
1070
1055
1039
1039
1008
1023
1017.13
992
1008
1003.76
1000
1000
961
977.076
973.526
973.522
977
992
992
1008
1008
1010.29
992
961
969.297
967.458
992
1031
1000
1000
1016
1000
1002.04
1005.59
1000
1000
1016
1031
1047
1047
1031
1047
1043.76
1055
1070
1059.17
1047
1045.07
1047
1047
1039
1047
1086
1039
1042
1042.27
1023
1008
1010.07
1008
1010.4
1031
1008
1031
1000
1000
992
977
979.954
1023
1000
1031
1028.35
1039
1039
1008
1000
969
937
891
906
953
977
1031
1047.93
1070
1047
1047
1055
1044.02
1063
1062
1047
1055
1031
1047
1039
1031
1047
1042.2
1031
1031.89
1023
1032
1023
1039
1031
1000
1008.21
1039
1033.01
1031.49
1031
1033.25
1039
1016
1023
969
985.338
961
938
953
961
953
953
953
969
953
961
969
984
983.584
992
977
984
969
970.893
968.965
967.727
1023
1008
1000
998.745
1008
1023
1016
1000
1008
1000
1015
985
992
1000
1000
992
1008
984
985
986.807
953
906
883
875
875
906
922
953
969
978.362
1016
992
995.45
999.092
977
1000
997.934
977
1000
984
1000
992
977
984
992
985
1000
992
992
1000
992
985
992
987.741
969
984
977
984
977
992
992
984
977
986.874
977
1015
1004.2
992
985
988.86
945
899
929
907
945
953
969
1031
1028.78
1016
1000
1000
1000
993.457
988.312
992
988.483
983.548
980.133
992
988.854
992
988.55
977
961
984
969
984
961
966.556
984
961
984
980.879
961
992
985.442
961
973.419
953
961
984
953
969
969
953
984
977
953
969
970.944
960.209
969
969
953
984
969
953
971.088
984
961
961
969
958.321
976
973.423
969
938
945
969
976
977
1008
984
1000
1000
992
969
984
946
945
949.423
961
961
962.713
966.467
1008
992
984
985.072
953
938
940.47
953
945
938
945
953
961
961
992
969
953
953
930
953
961
953
961
969
967.326
1000
1000
991.635
992
969
984
1016
984
982.388
992
988.699
969
973.258
974.196
984
1000
1008
1039
1024
1018.02
1017.03
1054
1055
1086
1047
1041.71
1047
1047.78
1008
1016
984
984
985
992
1000
1002.96
992
1008
992
969
972.854
883
867
836
867
883
914
930
953
969
953
962.928
945
950.323
961
969
992
977
1015
1008
1016
1031
1039
1031
1024
1023.75
1047
1042.69
1039
1034.89
1039
1038.55
1000
1006.09
1004.81
1039
1029.6
1063
1078
1094
1101
1110
1078
1164
1133
1062
1016
1023
969
969
984
961
1000
1011.44
1023
1055
1062
1055
1055
1031
1039
1039
1000
1007.75
1000
969
976.611
930
976
969
1008
1023
1016
1031
1028.34
1025.82
1023
1008
1016
1000
1000
1000
1015
1016
1023
1000
1007.75
992
977
984
969
972.899
992
992
977
992
988.956
992
991.747
992.49
1000
999.22
999.819
977
984.002
985.095
992
1008
1008
992
1000
977
992
1000
996.762
992.892
977
984
961
945
930
930
931.271
938
953
922
945
922
930
945
930
937
938.698
945
953
922
930.745
914
930
945
922
922
922
924.482
906
911.837
906
922
918.352
961
938
953
953
930
938.031
937.357
976
1000
1000
977
972.494
1000
1000
992
1008
1008
1000
969
1015
1008.26
999.833
961
969.69
961
969
962.918
985
992
988.476
1000
998.019
994.208
961
961
961
961.626
984
1000
984
977
984
969
953
961
969
1000
1023
1000
1000
969
961
945
922
914
883
828
831.698
830.921
836
867
844
855.007
852
875
879.18
883
914
922
953
961
969
969.64
961
945
930
945
938
984
969
965.511
930
906
922
953
945
938
931.273
961
961
957.229
914
906
922
926.902
969
992
1000
953
914
953
930
922
906
910.419
875
867
867
870.093
883
898
900.986
906
914
922
945
930
953
945
953
969
953
969
984
977
984
985
984
992
930
922
922
945
961
959.017
961
969
976
961
953
969
961
961
959.247
957.335
955.795
968
938
969
962.016
959.745
961
961.296
961
953
955.004
961
961
977
976
969
953
961
953
953
938
946.739
930
914
906
875
852
859
859
860
875
898
910.19
914
937
930
937
907
914
929
907
914
945
914
922
945
930
953
945
946
942.591
936.58
932.723
969
953
976
961
946
945
898
875
875
875
875
891
914
945
938
953
956.076
906
875
860
859
883
898
891
896.536
907
914
937
930
937
922
915.007
909.689
930
927.549
921.76
930
937
931.606
961
953
944.413
953
950.869
961
952.879
922
914
922
929
922
930
953
953
961
954.987
945
969
922
914
916.853
875
844
836
820
805
804
805
828
852
898
917.688
927.44
933.804
914
906
906
899
914
906
883
886.5
922
930
922
916.633
945
953
977
992
1023
1008
1016
1031
1008
1008
992
961
945
941.221
945
930
945
969
953
961
945
899
929
925.193
875
914
913.153
875
844
875
867
883
883
890
893.69
860
875
898
914
906.308
883
895.853
875
914
945
938
922
898
891
883
890
875
883
883
906
903.055
930
930
937
928.802
891
890
891
906
899
914
906
914
891
890
844
847.809
848.183
828
828
828
836
852
859
875
906
912.242
906
914
906
899.113
893.863
867
865.263
930
969
984
1000
985.058
971.015
992
1000
992
984
969
938
914
908.699
922
922
922.578
922
969
914
898
899.701
906
891
929
922
930
953
950.141
929
899
914
916.386
875
851
844
828
828
829.711
852
898
891
891
898
883
914
930
945
953
961
969
984
977
984
977
984
953
922
875
891
898
906.63
914
953
938
937.034
906
914
914
909.531
945
953
938
945
942.639
930
927.257
925.445
938
945
940.598
945
907
914
937
934.26
890
860
851
828
836
844
875
875
914
922
898
891
945
930
953
943.747
883
890.623
906
922
945
930
914
916.19
930
945
938
976
965.544
961
992
969
961.862
977
984
969
984
977
992
980.253
992
977
1000
991.989
969
968
930
945
930
945
930
945
942.489
914
883
906
904.298
844
867
875
891
888.916
896.639
890
899.068
898
922
945
961
959.298
953
953.749
969
976
969
914
922.517
883
886.117
852
844
836
837.39
840.161
843.358
828
836
836
828
831.437
820
821
820
836
836
836
836
851
836
867
883
886.179
906
891
892.229
906
914
914
909.06
922
922.154
867
898
922
953
938
924.866
925.593
930
926.451
920.687
945
939.291
932.817
928.79
984
992
969
969
984
961
992
969
992
977
984
1000
1016
1002.6
996.598
1024
1015
1024
1031
1008
1031
969
1000
992
992
1008
1008
1003.87
1031
1008
1000
1000
1001.05
999.489
985
984
977
984
961
984
978.024
961
938
948.019
947.108
946.469
948.298
945
961
961
963.772
961
964.928
953
945
938
953
953
955.421
946
945
948.802
984
953
954.446
961
961
961
945
930
922
953
954.686
984
969
984
977
953
930
932.874
922
922
945
953
953
938
969
953
961
984
969
964.076
946
948.194
953
969
953
961
960.472
890
875
883
884.623
888.181
893.79
900.161
953
961
945
930
945
930
922
953
945
937.308
953
955.919
945.344
930
945
938
922
925.257
875
875
836
844
820
805
812
789
794.02
789
774
780.448
781
774
773
774.541
797
766
781
883
789
800.843
750
750
735
742
711
711
712.517
713.615
703
711
712.385
719
726
719
711
719
720.209
719
703
711
711
695
702.667
695
680
687.772
672
685.369
672
672
687
672
672
703
680
685.553
703
711
703
711
711
706.52
727
742
750
742.086
719
742
727
711
711
703
711
707.016
726
721.039
719.063
742
727
742
742
750
750
758
750
758
750
765
766
789
836
836
859
860
851
805
800.642
797
793.867
781
766
781
758
773
774
797
789
812
805
828
836
836
828
836
828
813
820
805
828
890
883
914
914
891
885.528
836
828
844
836
844
851
852
859
875
844
848.3
845.708
859
853.355
883
876.458
875
883
875
870.337
875
844
851
875
938
961
946.52
945
936.072
906
891
859
836
844
851
852
859
844
859
844
875
875
874.819
873.359
859
875
883
922
906
898
852
875
877.083
898
891
937
929.034
914
899
875
880.155
875
852
867
865.574
883
880.161
859
863.957
866.995
883
938
976
930
918.698
898
875
875
872.02
844
867
868.209
844
851
836
836
836
836
836
828
852
898
930
953
953
953
938
929
891
882.468
867
883
875
875
877.83
880.56
852
867
875
883
906
891
890
875
852
867
875
875
891
898
898.394
895.964
859
852
836
867
875
922
898
883
883
906
875
874.888
898
914
907
890
860
867
867
875
883
883
890
890.986
875
852
867
875
875
859
852
867
873.168
870.276
945
930
945
938
953
930
945
914
914
875
844
875
906
953
938
992
984
969
953
938
976
961
1008
993.73
992
977
984
992
969
970.21
961
961
969
961
953
954.547
961
984
969
977
992
992
992
1000
969
984
930
914
922
883
875
898
914
914
914
907
890
895.35
867
860
859
859
860.653
860
863.052
865.499
875
878.398
875
875
878.265
852
861.541
836
844
867
891
914
937
969
964.946
922
953
938
953
914
914
919.274
906
922
906
922
922
922
922
914
922
922
867
867
891
889.319
890.95
893.04
985
1015
977
984
930
932.712
931.017
925.443
899
914
913.333
922
916.98
922
953
992
992
973.93
969
953
930
922
914
906
867
867
883
892.858
898
922
922
926.203
891
875
859
907
859
836
836
836
836
839.242
821
827.297
836
852
867
875
875
922
875
875
879.3
953
930
919.264
922
898
875
852
859
836
836
844
836
851
844
875
867
883
867
844
859
860
875
906
900.961
898
906
914
891
892.311
883
883
890
860
859
859
860
867
865.209
898
892.682
891.533
922
914
907.561
903.919
914
922
945
922
953
948.109
940.786
930
929
891
875
875
867
852
867
867
875
844
859
852
867
844
859
828
844
875
883
922
920.21
953
945
943.997
961
945
943.783
945
914
918.785
922
914
922
914
922
922
920.018
906
906
899
890
883
884.056
922
961
922
914
914.806
945
922
945
938
945
930
922
945
922
953
961
954.334
922
945
922
923.168
922.22
921.065
953
943.413
939.576
937.589
922
925.794
875
898
891
914
922
937
936.563
938.137
930
945
922
953
969
922
937
930
930.145
914
919.471
914
914
891
900.034
867
844
848.052
849.063
828
836.726
820
825.611
828
828
836
828
835.185
844
846.545
836
843.205
836
867
844
836
867
852
843
844
846.548
845.235
859
853.872
875
875
898
891
891
867
875
898
883
878.537
922
922
937
883
945
930.517
1000
968.502
952.011
992
977
984
992
969
1000
969
953
922
922
914
937
929.205
930
932.589
953
930
935.176
945
930
953
922
898
867
860
875
875
898
906
914
919.078
930
914
922
914
910.591
875
875
883
852
859
836
838.606
859
867
852
867
868.431
867
867
844
867
862.704
836
836
838.458
851
844
867
867
860
867
844
859
856.301
853.229
836
845.504
847.327
813
836
820
797
805.317
807.454
875
875
906
891
914
898
860
828
828
797
797
789
781
781
758
766
765
766.576
797
828
836
844
847.93
849.51
906
914
891
859
844
851
852
859
860
875
876.215
883
891
890
891
922
875
875
867
867
836
813
820
789
789
790.453
766
773
774.617
773
758
750
753.18
754.221
755.311
758
758
761.759
781
786.233
859
906
930
930
929
930
891
883.569
898
875
860
867
870.134
867
836
859
821
851
844
836
867
862.192
875
859
844
846.943
852
867
875
875
883
882.907
867
867
844
844
828
828
836
859
875
883
879.483
914
899
906
914
883
898
875
860
857.19
883
914
891
892.729
875
869.15
867
883
906
901.449
891
883
859
857.154
875
898
922
922
953
945
930
945
930
922
913.633
930
914
922
914
945
930
945
961
938
939.792
953
944.525
940.149
906
913.492
914
910.412
914
914.817
906
922
922
937
914
914
914
891
867
844
828
829.135
830.634
883
891
922
906
910.893
915.265
883
889.146
906
905.102
930
945
953
943.866
953
945
953
938
961
953
953
949.486
945.564
937
938
945
953
953
930
953
961
930
945
941.971
914
921.445
922.486
945
930
914
914
914
899
906
914
915.032
929
914
922
930
914
918.323
899
890
875
875
891
906
930
930
945
945
930
924.772
917.747
909.026
852
859
867
867
852
898
922
930
953
949.52
898
902.589
897.913
890
899
937
946
933.246
961
945
938
937.913
922
953
945
938
937
930
930
925.399
953
946
953
953
953
945
930
922
914
914
914.369
930
929
930.814
883
890
891.449
922
937
930
945
930
928.201
926.939
813
828
859
844
844
859
844
851.028
852
859
875
883
867
875
877.84
891
887.432
890
891
906
875
844
836
867
891
914
905.393
969
976
969
961
969
953
953
953
945.975
977
969
957.704
976
961
977
961
961
945
961
961
955.391
945
953
945
944.861
943.166
945
953
945
947.5
937
942.429
942.304
891
906
891
893.603
895.197
922
921.085
953
945
977
953
930
945
941.506
930
922
925.39
906
914
914
907
945
969
961
953
952.657
953
953
938
937
883
897.596
890
889.856
914
914
914
922
945
938
953
961
954.597
948.048
953
946.826
968
938
953
961
945
969
963.099
959.834
961
957.558
954.895
969
961.446
938
937
938
945
953
977
945
950.828
961
930
930
934.14
914
914
922
914
922
926.077
922
891
883
875
867
868.845
871.088
875
883
914
883
906
891
894.617
891
906
906
930
945
946
953
953
953
945
930
930
906
875
875
875
914
914
922
906
930
914
922
918.744
907
914
910.372
908.982
953
938
953
930
914
917.284
922
945
938
953
945
953
938
953
948.91
914
914
937
930
953
945
946
961
953
945
922
953
953
953
948.379
953
945
961
961
953
954.448
976
946
949.919
930
937
899
929
899
905.462
898
875
875
883
922
922
945
938
953
945
961
955.715
956.111
922
922
919.951
961
938
961
956.313
945
969
961
969
1015
1001.67
969
961
962.787
977
976
969
953
956.134
930
961
976
969
953
953
969
1000
993.026
992
961
961
953
961
963.509
959.86
969
976
953
946
949.27
883
875
914
920.344
925.941
961
953
961
961.519
961
976
930
961
953
961
961
969
976
977
992
1000
1008
992
992.392
969
984
1000
977
1000
984
977
1000
984
992
969
969
992
992
969
1000
992
984
985
986.592
969
961
969
992
984
985
984
977
992
1000
984
992
961
930
936.598
883
852
898
922
969
976
977
992
984
977
992
953
969
961
961
984
961
969
992
984.746
983.756
981.771
992
1008
984
1000
969
992
984.376
979.479
977.585
984
980.679
979.994
977
979.075
984
969
969
961
992
992
969
976
930
922
925.27
926.913
929.957
961
967.665
945
961
962.677
953
956.8
961
953
945
953
953
950.887
952.858
953
953
952.053
984
977
984
953
956.616
961
957.15
969
965.23
945
946
945
922
914
906
883
883
883.147
945
946
984
977
992
976
961
946
945
941.908
937
930
945
953
956.446
957.298
977
978.972
1008
992
986.272
982.284
969
969
961
976
977
1000
1008
1031
1000
1031
1026.45
1018.81
1008
1000
1008
1004.15
1000.55
1000
985
992
1000
992
1000
1000
998.723
998.374
997.842
996.643
961
968
961
977
1000
984
977
981.733
983.197
945
938
945
914
924.182
922
923.211
953
961
984
977
984
969
961
961
945
930
931.856
922
922
924.312
924.995
961
938
976
977
969
984
979.277
961
953
961
953
922
914
883
914
945
953
961
963.431
959.705
961
953
947.365
961
961
961
953
969
964.611
969
992
986.189
1000
1000
1000
1000
1000
1000
992
992
988.535
984
969
992
984.84
992
969
992
977
984
984
946
945
891
906
906
907.957
912.817
984
1000
1008
1008.06
1005.94
992
988.999
1016
1062
1078
1063.65
1050.06
945
952.287
922
922
937
948.768
957.391
946
945
948.84
953
1094
992
961
961.891
906
906
922
922
953
938
953
961
953
953
953.119
937
922
953
938
938.574
940.414
961
961
956.888
956.916
968
963.908
961
957.603
953
961
938
943.029
961
929
899
867
870.351
852
875
906
914
922
928.913
932.375
934.578
953
954.275
953
945
953
961
961
945
938
961
953
949.915
953
961
953
969
961
961
984
969
961
961
961
961
976
961
961
962.22
961
953
955.561
956.757
955.064
914
883
898
901.426
904.078
914
859
881.711
859
844
836
837.863
805
820
797
781
785.066
773
735
757.312
756.488
757.133
760.348
703
696
703
703
719
718.99
844
837.415
891
914
906.934
891
875
871.008
844
836
836
828
828
820
813
828
826.301
812
805
807.172
805
805.063
805.375
812
813
812
813
820
789
774
789
797
843
891
922
992
992
969
969
945
931.322
930
906
914
907
902.62
899.798
898
891
867
836
836
820
813
828
833.372
841.357
898
908.062
930
930
945
922
922
906
903.039
891
906
914
922
922
921.393
945
942.843
930
927.572
914
908.863
906
891
906
883
883
883.241
875
891
883
898
897.308
883
875
879.243
844
859
836
839.538
844
841.058
828
797
820
813
828
867
869.362
891
906
914
883
883
875
867
859
836
805
797
796.695
781
786.686
797
828
836
875
883
906
891
906
900.42
891
906
898
890.942
883
875
890
860
867
866.053
844
848.926
846.696
906
883
883
875
875
859
852
859
844
847.935
836
859
855.496
898
883
914
914
922
914
911.844
907.789
844
861.374
856.399
828
841.967
839.541
797
789
781
782.553
766
774.018
758
750
773
767.827
789
789.16
797
799.299
813
820
836
828
836
836
844
859
844
851
844
844.354
836
836
828
820
820.297
797
820
805
828
820
813
820
813
820
816.889
836
828
844
828
844
836
837.471
828
844
875
866.663
864.118
961
969
937
930
924.176
922
937
928.169
920.964
919.685
918.852
953
922
914
914
906
891
898
883
883
859
836
821
822.176
859
867
874.509
891
875
898
883
867
872.691
867
859
836
844
836
859
860
859
852
867
906
922
953
953
940.34
945
899
883
859
844
859
868.664
836
867
875
883
867
875
883
914
908.858
901.022
961
930
918.511
883
886.508
859
860
836
859
836
844
875
876.98
907
945
922
945
906
883
875
844
875
836
844
846.533
867
883
906
922
945
943.014
946
906
906
875
883
844
859
875
875
875
875
875
914
938
968
977
992
969
969
968
930
906
860
857.194
856.906
898
914
969
938
984
989.514
953
930
945
943.754
914
914
891
886.364
884.771
898
875
867
871.428
867
852
875
879.349
883
883
875
867
875
883
922
914
912.491
914
899
898
896.582
875
875.879
844
851
851.735
836
844
898
883
945
953
930
930
924.089
890
883
878.018
937
953
938.623
933.181
925.585
938
961
953
914
913.129
883
922
930
953
984
930
961
945
930
945
922
922
906
883
886.816
867
875
883
930
953
969
953
945
891
890
891
898
899
906
906
891
893.779
914
914
915.899
922
919.983
883
875
859
883
891
922
937
969
963.057
929
930
914
904.839
914
914
891
898
883
880.747
859
875
930
945
1008
1008
992
1008
992
975.763
962.436
977
961
945
941.602
922
922
914
922
914
914
915.73
922
914
906
883
888.433
867
871.063
844
828
828
820
844
828
836
836
891
945
930
945
953
953
938
953
953
922
922
914
914
875
878.505
867
875
891
914
914
913.037
914
922
918.295
937
891
891
859
867
867
867.94
906
922
924.996
922
945
922
921.148
922
930
945
945
939.259
906
891
906
883
875
875
875
859
875
860
867
859
844
848.028
906
930
1000
969
992
988.025
981.556
992
985.385
1015
1008
992
1016
1000
969
1000
984
992
985
945
945
922
922
921.405
922
922
924.26
930
930.173
953
961
977
961
953
953
930
929
891
894.924
875
875
844
867
875
883
906
891
899.448
891
890
883
875
876.73
875.529
876.025
877.523
844
875
906
899.647
953
953
977
1000
1000
1101
1008
1039
1031.69
961
972.386
961
953
914
883
883
906
883
906
906
914
907
909.945
938
945
942.938
941.649
953
945
943.447
922
914
937
933.016
922
929
932.182
914
930
922
945
922
922
922
920.843
937
922
914
906
891
914
914
906
910.032
875
859
860
890
895.945
914
914
945
947.158
945
930
945
922
922
914
914
922
918.908
916.763
922
930
929
930
926.644
953
953
946.334
940.767
930
961
945
941.6
945
914
914
891
898
898.854
922
914
930
932.288
929
946
929
922
930
930
929
930
922
914
906
883
883
898
883
914
891
906
891
875
875
898
906
899
906
883
859
852
859
875
881.584
883
887.673
890.869
945
930
923.445
945
945
931.147
924.236
922.966
915.881
953
977
959.422
969
969
976
961
969
953
949.921
961
953
961
922
922
922.141
945
941.121
930
931.274
922
925.392
925.433
898
883
883
883
883
890
860
875
859
859
860.516
836
842.885
836
828
805
828
824.48
851
852
859
852
898
875
883
852
859
836
836
859
860
859.217
859.857
891
883
879.866
836
828
820
821.414
789
789
790.29
789
797
797
781
781
758
758
750
734
719
734
711
703
688
703
701.53
703
711
727
733.446
743.63
805
836
836.925
859
844
837.224
843
852
847.266
867
836
836.552
867
875
875
867.944
898
883
891
883
898
875
875
883
867
865.899
875
875
852
867
851
844
836
838.431
875
875
914
906.229
937
922
922
930
945
945
969
1000
1000
1039
1055
1049.8
1016
992
1031
953
922
922
922
922
945
945
946.666
961
930
937
935.9
933.57
937
936.201
914
937
914
920.683
914
930
925.142
914
914
922
920.266
906
914
883
867
867
836
844
845.257
820
831.747
832.73
805
789
789
781
766
771.874
772.035
750
750
758
750
756.817
734
727
719
711
726
724.485
711
711
714.775
719
734
727
733.386
750
758
762.54
758
760.137
789
774
771.285
789
782
789
789
784.896
789
812
805
805
820
797
798.685
805
797
812
797
789
789
781
782
779.94
789
797
796.173
804
797
797
797
797
789
789
789
788.866
781
782
789
789
790.098
789
789
781
782
781
781
781.827
765
758
742
743.351
742
742
742
745.132
758
773
784.16
758
758
773
766
767.678
769.921
750
758
750
765
765.593
781
797
797
820
813
828
836
828.473
823.556
859
844
836
836
828
826.398
823.505
804
805
805
820
797
797
797
812
797
799.933
781
787.518
781
766
770.096
789
781
789
790.824
797
805
789
805
812
797
797
789
805
800.071
797
789
805
805
812
805
797
800.541
797
795.759
789
766
772.989
766
781
766
781
789
820
836
844
859
854.558
844
851
821
820
836
805
811.137
805
804
805
789
797
805
812
797
801.644
797
797
789
797
793.498
812
807.365
808.174
809.407
810.092
813
828
820
821
828
836
836
843
836
836
835.986
813
828
797
804
782
789
789
812
805
820
805
820
813
820
836
820
836
831.322
852
844
875
865.157
862.516
945
945
922.412
937
930
922
906
883
984
938
945
936.592
937
937.636
914
891
867
867
836
828
821
821.56
822.411
867
852
859
844
836
836
828
805
808.929
805
828
828.604
813
828
836
828
766
789
789
791.047
774
789
789
781
784.024
766
789
773
766
770.251
774
773.825
789
789.342
791.053
789
789
797
797
812
805
803.235
758
742
750
751.754
773
758
789
789
797
805
801.704
820
816.057
828
797
828
836
836
844
836
833.495
836
821
859
805
820
805
812
813
828
867
859
883
883
879.382
873.208
906
892.996
885.273
906
906
891
898
883
844
859
844
867
844
875
875
883
906
906
891
875
859
844
820
813
812.13
859
860
898
899
895.39
930
922
953
922
922
945
922
914
891
867
865.856
890
891
906
883
914
914
912.166
922
930
929
923.582
953
914
930
914
937
927.405
925.047
961
953
947.658
953
914
914
914
875
774
773
766
773
766
789
800.998
797
797
804.765
807.724
875
875
937
922
922.356
924.575
961
945
969
969
966.122
1016
953
914
875
844
844.302
851
852
867
883
885.761
922
914
930
945
940.734
945
930
945
961
922
953
953
930
945
961
930
937
930
945
938.378
938
953
947.255
914
922
930
945
930
961
957.147
953
930
937
930
945
953
946
945.323
953
953
961
953
948.238
945
946
976
961
969
964.36
953
953
922
953
953
938
941.34
961
961
1000
969
992
1000
984
969
971.947
968
969
961
962.826
962.529
953
953
952.263
977
969
953
945
922
883
888.352
889.508
844
867
867
883
875
906
899
905.853
929
929.73
933.857
914
930
922
922
914
914
898
891
914
930
926.133
953
953
948.854
968
961
946
968
960.803
953
961
945
946
945
953
953
949.18
961
961
961
953
945
930
922
914
883
883
898
891
906
930
929
935.285
945
946
976
938
953
953
930
945
953
930
945
945
938.614
906
914
915.563
945
938
937
922
922
914
898
900.365
914
914
906
930
930
945
930
945
961
945
961
953
938
945
922
953
953
930
945
922
922
914
914
899
904.422
914
914
891
914
906
907.32
922
922
922
937
922
945
930
922
926.669
930
922
924.875
906
883
889.679
891.158
890.672
914
921.319
914
922
914
914
899
906
914
914
891
898
899.589
914
909.661
922
922
945
930
945
941.411
922
924.204
914
922
914
914
914.754
937
930.543
930
930
945
922
914
916.481
916.266
914
914.347
915.14
875
875
875
875
877.03
922
914
945
922
922
945
930
929.662
922
921.673
922
918.884
922
922
922
937
922
930
945
939.08
930
914
906
907.636
914
911.842
922
921.905
914
916.38
875
875
844
836
859
867
877.414
922
937
935.865
935.879
930
929
930
922
922
917.051
930
922
945
930
931.733
953
938
945
953
948.47
945.285
930
930.218
906
906
930
922
953
948.679
961
969
953
961
957.156
953
922
928.751
926.95
937
938
940.094
945
938
945
945
946
945
953
961
957.03
976
969.392
961
961.99
958.718
945
953
938
945
953
969
953
953
922
945
953
961
956.474
954.411
961
953
953.197
930
953
946.66
938
945
930
953
945
922
953
945
922
930
922
937
930
961
953
961
961
953
922
898
875
852
844
851
855.006
861.415
875
891
914
922
914
922
937
930
922
914
922
937
907
929
930
930
929
930
922
914
914
906
914
922
930
953
930
945
953
930
945
930
928.552
922
914
906
922
922
937
914
922
922
945
930
945
938
936.631
953
930
953
945
930
922
914
930
926.426
926.61
930
945
940.711
930
953
961
938
945
930
937
906
891
875
883
906
891
914
906
945
938
937
930
945
941.653
930
937
930
945
938.416
936.182
936.934
929
930
928.682
927.074
953
953
961
956.592
946
976
968.76
945
947.964
945
930
945
953
949.435
953
952.158
953
950.634
945
945.96
938
953
945
922
914
922
906
922
914
930
928.846
931.4
914
906
899
929
907
912.03
922
922
937
922
930
930.034
945
930
961
930
933.431
922
926.283
914
922
919.498
922
920.247
961
961
984
969
966.151
965.635
938
937
930
914
916.446
914
922
922
914
914
914.822
914.9
945
945.71
946.609
938
968
938
953
930
932.425
961
952.46
938
945
945
961
938
953
930
945
930
945
945
938
945
944.108
953
948.649
947.303
938
944.409
953
930
953
953
953
969
953
952.625
953
954.048
953
945
945
930
945
922
930
914
891
897.409
898.313
867
875
875
874.322
898
906
891
914
910.289
906
910.295
909.846
929
891
903.761
899
906
914
922
920.277
929
925.637
922
953
945
939.404
945
938
937.755
953
938
953
953
953
949.908
945
946.456
944.815
953
938
945
930
934.151
945
930
945
930
953
922
914
914
914
922
921.671
937
938
953
951.614
953
945
930
961
930
934.728
945
930
930
937
934.15
953
945.253
930
934.591
914
920.223
930
922
937
938
945
953
946
945
946.047
930
945
953
922
953
942.783
939.617
941.705
773
884.801
877.569
874.152
820
805
836
828
844
867
869.59
867
906
891
867
881.447
930
969
1000
1078
969
929
883
852
859
836
836
828
832.351
844
859
867.533
883
906
922
945
946
945
938.858
930
953
930
924.777
930
927.724
938
945
953
953
951.707
930
961
945
930
906
908.971
852
859
844
859
859.909
883
914
891
867
875
876.544
883
906
914
930
914
930
945
937.875
969
953
969
961
984
974.738
992
1000
985
1015
985
1000
992
992
988.568
969
961
969
945
953
961
945
950.784
906
930.375
925.305
891
898
898.501
914
891
906
906
899
929
891
875
867
852
867
875
906
930
935.561
930
932.027
930.722
925.477
922
914
891
906
922
920.236
937
938
953
945.548
953
947.075
969
953
969
969
962.859
961
961
961
953
952.166
953
950.362
950.156
953
945
930
945
969
961
969
953
955.395
961
938
953
953
945
930
922
945
938
937
930
945
938
945
943.787
953
899
919.276
906
875
867
844
846.679
844
852
867
883
914
926.195
945
922
930
937
922
945
930
961
922
945
922
924.412
921.853
883
906
930
945
961
969
961
968
964.377
938
937
930
945
930
945
930
953
953
938
953
953
930
976
961
969
961
961
958.377
922
922
953
946.444
938
968
938
953
953
930
953
953
953
953
946
976
969
984
969
992
984.779
969
974.458
969
969
984
969
984
969
969
992
992
969
961
961
976
961
961
969
968.469
961
992
969
984
969
953
969
961
962.394
961
945
938
937
930
930
945
914
922
930
914
920.518
930
953
953
946
984
976.915
953
961.344
969
960.981
937
922
945
938
934.463
953
938
953
961
954.932
953
953
969
969
958.971
956.817
953
922
922
883
875
844
820
820
805
836
828
837.462
845.003
820
805
811.138
812
797
789
790.562
781
789
797
797
805
828
836
851
852
867
869.838
914
914
914
961
953
961
953
947.977
948.085
969
992
988.423
1000
1008
1031
1031
1024
1023
1008
992
991.088
989.064
969
976
1000
992
985
992
961
964.964
969
961
953
953
961
953
953
954.611
961
969
961
969
984
969
976
969
953
969
930
945
953
949.496
922
922
945
961
961
984
977
992
969
976
969
961
977
976
961
969
969
976
961
961
961
969
963.236
961
962.406
976
930
944.361
891
901.291
902.243
929
930
934.455
945
969
969
976
969
961
992
977
992
1000
969
984
992
977
992
1000
1039
1025.23
1031
1000
1003.39
992
977
1015
985
1000
992
992
990.754
1000
994.836
977
984
969
969
976
953
969
953
956.916
961
953
1000
969
984
969
953
959.941
961
961
984
969
992
969
992
961
969.723
953
961
961
961
992
977
974.616
976.029
992
1008
1001.8
969
969
984
969
971.703
984
979.977
977.814
961
969
976
972.881
992
985
984
953
930
961
945
922
961
953
954.392
969
969
984
961
961
953
961
961
961
992
969
992
992
985
985.92
1000
992
1000
1000
996.696
1000
992
985
992
984
969
961
969
953
961
961.035
960.797
962.913
984
1000
992
994.093
1000
1000
996.132
1023
1016
1008
1000
1015
1010.44
1000
985
984
977
976
975.699
984
992
1016
1000
1031
1030.15
1008
1015
1013.99
1008
977
1000
1002.39
1000
1016
992
992
977
979.726
1000
997.88
961
975.289
961
961
953
969
984
1000
996.604
1000
1008
992
1000
984
969
969
970.2
961
953
938
953
953
961
961
984
977
984
1000
977
980.584
981.219
961
992
985.778
984
1000
969
984
977
984
977
984
981.013
984
977
984
969
992
982.736
984
983.821
953
977
992
984
980.672
992
984
1008
992
1016
1007.2
1000
1000
1000.72
976
961
965.414
953
953
930
935.613
953
961
976
961
961
953
952.318
969
961
953
953
930
935.751
934.106
953
945
969
953
955.787
938
945
945
930
922
945
922
953
938
961
976
961
961
961
959.748
992
977
1000
1000
995.939
984
985
976
969
984
961
967.117
964.859
969
992
961
984
969
969
1000
976
985
983.294
992
969
976.577
976
969
971.695
977
969
984
1000
991.776
1000
996.362
995.26
976
969
961
961
961
953
961
953
938
945
969
976
969
961
1000
984
985
1000
992
1000
997.178
977
1000
997.445
992
992
977
979.009
992
986.613
1008
1000.37
1008
1008
1000
1008
1000
1023
1013.94
1008
1031
1024
1047
1054
1048.95
1047
1008
1039
1008
1031
1047
1008
1039
1030.93
1028.06
1015
985
1015
1016
1000
1008
1000
1003.38
992
992
977
992
961
977
975.274
961
969
969
969.603
1000
984
988.801
1000
969
981.235
984
980.233
992
969
969
984
992
969
978.031
984
953
961
964.6
953
969
984
969
984
961
969
984
977
969
984
961
1000
1000
984
1000
993.516
984.936
990.585
985.17
1008
1023
985
1000
998.235
989.316
1016
1039
1000
1008
992
1000
1023
1008
1016
1012.9
1031
1023.44
1016
1017.49
1000
1008
1005.09
1002.7
1039
1039
1047
1031
1047
1055
1039
1039.97
1039
1008
1008
1000
992
1000
1000
977
968
969
953
953
938
953
945
938
953
950.386
954.867
957.216
969
953
961
962.283
953
969
961
964.83
1008
1000
1008
1008
1005.27
1008
1004.72
1002.31
992
984
977
992
992
969
969
976
985
992
1008
1023
1047
1031
1008
1000
969
976
969
969.38
1000
1011.65
984
969
971.874
974.382
992
969
969
984
977
974.86
984
977
1008
1000
1000
1023
1008
1000
1031
985
1015
977
992
969
953
958.744
961
961
977
961
953
953
953
953.247
953.744
954.04
992
992
1000
1016
1000
1000
1000.62
984
984
977
984
969
1000
995.834
976
979.591
979.853
976.963
975.518
974.862
1008
1000.82
997.405
995.631
985
1015
1000
977
980.597
984
977
992
992
969
992
989.557
985
992
1000
984
986.981
969
961
984
969
992
1000
977
984
987.398
984
1000
977
983.348
1000
992
1008
1000
1000
999.832
1015
1008
1008
1008
992
997.805
992
1008
1000
1000
1016
1000
1015
1000
969
1000
992.715
1000
1039
1027.95
1016
1039
1008
1023
1008
977
992
992
992
977
984
977
1000
1023
1031
1023.09
1031
1031
1000
985
988.442
992
969
1008
1023
1008
1016
992
992
977
984
969
984
969
992
969
976
977.586
975.766
969
976
953
938
945
938
953
953
961
976
961
969
969
992
961
969
976
961
966.507
969
984
1000
1000
1016
1009.49
1003.9
1000.4
1016
1023
992
985
1015
1008
1000
1008
1006.77
1000
977
984
984.408
976
977
969
970.836
977
984
992
977
992
984
946
953
953
945
953
961
938
992
1023
1008
1016
1031
1008
1007.97
1039
1016
1039
1031
1039
1039
1008
1008
1004.05
1023
1047
1037.59
1036.73
1034.52
1062
1053.71
1031
1047
1023
1024
1031
1026.12
1031
1024
1031
1055
1039
1000
992
995.644
1000
1016
1031
1008
1031
1055
1031
1055
1039
1016
1015
1008
992
995.552
1000
1000
1031
1039
1016
1039
1038.84
1028.44
1023
1039
1008
1031
1047
1016
1024.19
1027.5
977
1000
1004.36
1008
1039
1055
1032.96
1055
1086
1070
1016
1029.87
1031
1000
1011.9
1055
1070
1046.91
1078
1070
1016
1030
1038.77
1008
1039
1070
1008
1000
1015.45
977
968
980.905
938
945
984
985
1000
1054
1047.28
1039
1070
1060.78
1039
1055
1031
1017.95
1016
1000
992
1016
1018.38
1015
1000
1000
977
984
1000
969
992
1016
992
1008
1015
1005.68
992
1000.13
938
976
961
969
977
984
984
1008
977
1015
1024
1016.24
1014.45
1015.04
1011.76
953
953
945
969
961
961
966.714
977
961
992
969
976
977
961
992
992
1000
991.516
1039
1047
1070
1078
1069.25
1039
1038.34
1035.88
1023
1024
1023
1047
1039
1008
1039
1034.23
1030.72
1029.88
1070
1047
1055
1039
1031
1031.84
1008
992
1008
1015
1014.19
1024
1039
1037.63
1008
1047
1031
1024
1062
1054.05
1055
1015
1025.05
953
953
930
930
932.238
961
969
984
993.346
984
969
961
945
945.252
953
984
969
973.989
978.588
1039
1070
1086
1055
1070
1078
1047
1008
1031
1039.69
1008
1003.05
1070
1068.22
1125
1109
1094
1133
1086
1062
1086
1086
1047
1048.93
1078
1039
1047
1047
1023
1000
1008
1012.17
1000
1024
1038.48
1000
1011.21
1000
995.806
1031
1008
1000
1039
1047
1037.9
1039.09
1016
1000
1005.43
992
992
995.32
1078
1016
984
1000
977
1008
1039
1023
1019.36
1055
1047
1036.54
1047
1039
1008
1031
1039
1008
1039
1040.62
992
977
992
961
984
1016
1023
1013.54
1026.24
1024.58
1031
1047
1008
1014.19
1031
1008
1012.08
1019.9
1011.65
1011.4
992
1031
1024
1031
1078
1047
1000
1047
1039
1031
1047
1042.17
1047
1047
1055
1031
1039.3
1039.65
1016
1025.79
1023
985
1031
1022.48
1018.95
898
875
867
869.77
828
836
867
860
898
891
898
906
891
914
914
891
906
907.757
914
914
930
930
945
922
927.052
914
906
898
891
906
899
914
914
922
937
938
961
955.742
969
961
961
961
961
957.405
953
922
953
942.161
953
969
964.565
984
977
984
980.231
992
986.323
992
969
974.028
970.362
969
984
969
969
970.391
961
964.877
984
961
992
977
969
992
1000
992
1000
997.088
995.382
994.337
992
992
1008
1000.82
1039
1039
1039
1055
1047
1023
1024
1008
1000
1023
1014.56
1016
1039
1031
992
977
978.609
914
891
890
899
906.328
953
961
961
961
969
971.498
961
965.752
953
938
945
945
938
953
961
969
961
962.443
992
977
1000
992
969
961
968
961
969
961
992
961
977
984
992
985
992
992
1008
1023
1014.84
1016
1039
1031
1039
1047
1039
1047
1043.71
1039
1055
1039
1000
1039
992
977
1031
1015.75
1016
1031
1039
1033.28
953
953
945
938
984
977
1008
984
992.397
961
953
969
961
961
1015
1009.56
1023
1047
1047
1039
1008
1007.35
1031
1016
1023
1047
984
977
961
962.203
953
961
969
953
958.16
930
953
953
938
953
984
953
969
969
953
969
945
969
964.136
953
961
976
970.309
969.674
945
961
953
945
930
953
938
961
976
992
985
984
983.541
961
966.197
977
984
969
992
961
1000
969
971.654
906
883
867
836
844
846.354
906
922
940.936
969
992
992
969
992
961
977
984
969
1000
992
992
992
985
1015
1008
1008
1005.15
1031
1025.71
1021.02
1062
1031
1032
1031
1026
1024
1023
1008
1016
1015
1008
1010.35
992
999.568
992
1008
1000
961
930
935.304
938
968
969
969
984
961
969
969
968.231
977
978.211
992
992
1008
1008
1008
1023
1016
1031
1000
1000
1008
1031
1016
1015
1039
1047
1024
1023
1008
1023
1018.87
1008
1009.6
1000
1016
969
937
914
915.488
867
852
851
844
859
875
890.024
890
891
891
929
922
928.226
976
985
1015
1039
1039
1024
1039
1039
1055
1031
1029.16
945
922
923.973
927.263
930
969
974.753
984
1016
1016.2
1011.57
984
969
969
969
984
984
977
1000
1004.69
1000
995.123
977
968
969
969
984
1000
969
992
1000
1000
993.138
987.503
992
993.549
969
1000
992
988.538
992
969
974.893
992
986.716
1000
993.307
992.698
1023
992
1000
977
953
984
969
969
972.104
984
977
984
969
969
984
1000
1000
984
985
1039
1025.12
1039
1031
1025.78
1039
1000
1031
1023.23
1017.61
1031
1024.92
1023
1021.56
985
992
969
970.924
1000
1031
1008
1000
1005.95
992
992
977
978.849
992
991.329
1000
1000
1000
1008
1006.42
1006.14
1006.33
1004.15
1008
984
992
991.127
984
985.894
1000
1000
992
1023
1039
1016
1031
1024
1018.1
1039
1024
1031
1016
1031
1031
1039
1016
992
969
961
922
914
929
930
953
969
981.52
977
984
969
984
969
969
970.971
961
945
949.149
930
929
938
961
953
961
976
975.914
977
984
985
992
992
986.745
1000
977
1008
1015
1000
1024
1031
1020.81
1017.45
1008
1008
1031
1000
1004.16
1000
1008
992
961
961
969
984
977
961
984
1000
969
1000
1000.25
977
992
961
965.548
977
976.065
992
989.442
984
1016
1009.44
992
953
922
875
844
851
844
906
922
922
969
984.461
985
984
985.012
982.675
953
953
951.9
969
969.081
966.528
1000
1008
1000.5
993.791
991.786
1031
1016
1039
1030.33
1039
1039
1008
1011.15
1016
1009.7
1016
1031
1025.91
1031
1024
1054
1016
1023
1016
1014.64
1012.45
992
984
969
970.427
984
977
992
1000
969
980.868
980.202
945
961
969
953
961
953
956.806
961
953
969
965.026
961
961
961
961
961
945
951.907
938
953
961
961
984
969
961
961
953
969
961
976
961
963.923
930
953
953
952.451
953.32
953.644
976
977
974.099
992
961
965.602
976
972.463
953
953
953
1000
1000
992
985
984
983.634
969
967.385
953
984
977
984
1000
993.488
1000
1000
992
1008
992
1000
1008
1001.03
984
985
992
992
961
992
977
992
1000
1008
1001.38
984
961
969
945
938
937
891
875
844
836
828
829.636
820
797
774
789
773
758
750
742
727
734
727
726
729.864
711
724.735
726.518
730.632
695
725.299
726
727
742
743.103
750
766
769.04
789
805
820
817.275
815.847
797
789
781
781
789
786.166
781
789
789
789
774
774.974
789
785.418
782.807
797
805
801.36
820
815.209
808.836
804.867
813
820
805
812
797
789
789
789.759
781
781
766
781
781
782.259
783.261
785.081
844
867
859
844
838.923
820
805
799.372
758
761.147
750
750
750
752.481
742
750
867
860.697
851.981
828
828
813
804
797
791.536
781
797
828
836
875
875
867.025
867
860
859
836
820
813.465
805
805
812
805
805
851
852
849.987
860
890
875
844
813
812
811.279
758
758
758.923
765
766
771.582
779.42
836
914
875
875
867
852
842.056
836
828
836
813
808.649
891
914
930
905.506
892.353
953
914
906
875
872.305
873.085
869.27
867
859
860
858.415
875
875
875
867
852
867
883
879.404
969
945
938
906
891
890
875
852
844
851
860
906
984
969
1039
1000
977
968
938
914
875
875
873.791
836
867
874.645
859
852
898
875
860
867.879
852
898
891
890.446
961
992
961
922
930
906
901.703
891
883
898
914
930
922.96
977
968.246
953
947.069
977
1000
1023
1047
1008
998.619
1039
1033.41
977
974.802
938
961
961
945
914
922
945
969
964.06
1047
1030.79
992
961
930
922
922
906
914
922
992
1047
1039
1078
1078
1211
1110
1109
1117
1024
1023
922
914
891
929
930
953
972.753
1039
1063
1078
1117
1102
1101
1093.98
1070
985
984.883
946
953
984
1016
1062
1047
977
953
937
930
883
885.994
886.999
887.981
828
841.177
844
828
832.328
835.016
837.586
797
797
781
781
758
758
758.969
758
766
773
775.813
780.039
945
945.324
945
930
953
953.841
938
953
949.835
944.43
938
945
943.382
922
906
828
831.52
813
828
805
807.681
797
797
805
820
828
836
883
906
891
937
930
945
969
969
964.068
977
984
969
984
961
953
954.944
961
961
959.535
977
953
930
937.353
945
930
953
946.971
930
934.369
914
922
953
930
961
945
930
922
945
930
922
929
891
883
906
883
914
906
914
891
922
898
899
902.336
891
898
897.973
897.914
859
867
875
891
883
906
891
890
894.411
851
868.291
869.815
805
836.212
859
849.112
854.5
859
852
844
836
828
836
834.353
836.151
813
828
836
832.566
828
859
813
828
820
821
820
781
789
791.256
789
805
797
789
797
789
805
801.967
805
806.261
821
820
828
797
797
820
836
867
875
922
922
914.951
945
922
930
945
945
938.749
969
961
992
1016
1009.32
1004.73
1004.74
1005.41
1000
985
1023
1031
1039
1032
1023
1016
1031
1039
1039
1078
1047
1070
1055
1053.19
1070
1055
1070
1055
1039
1086
1078
1078
1094
1094
1109
1094
1078
1078
1070
1047
1047
1039
1016
1062
1047
1049.48
1078
1071.39
1047
1056.6
969
977
983.983
992
1000
1016
1039
1042.2
1031
1038.18
1039
1023
1028.27
1047
1039
1023
1016
1039
1070
1055
1047
1047
992
1000
992
1000
1008
1008
1011.35
1062
1024
1008
1012.83
984
977
1000
1008.32
1000
1008
992
1008
1011.13
1000
945
922
883
875
883
889.778
906
922
922
932.15
961
1000
992
1008
992
1008
1008
1015
1008
1004.16
1000
1023
1021.45
977
1023
1000
999.032
1016
1008
1039
1031.72
1026.26
1008
1031
1024.74
946
961
984
1008
1031
1047
1039
1008
1018.69
1022.8
1000
1023
1028.46
1016
1011.91
1023
1039
1032
1023
1008
992
1000
1000
969
984
1000
998.823
1008
1031
1008
1000
1004.89
977
992
1000
969
1031
1016
1015
1008
1000
992
977
984
969
984
977
1000
992
1000
977
984
1000
992
1000
1008
984
977
992
977
1000
984
1000
992
969
1000
990.758
1000
994.212
1000
1023
1024
1000
1023
992
977
969
945
961
984
969
1008
1031
1024.39
1024
1023
1016
1023
1000
977
953
953
969
992
992
1008
992
977
992
991.652
989.078
977
984
984
985
992
989.003
969
984
969
984
977
984
985
992
1039
1000
1008
1000
1000
992
1008
1000
1023
1000
1000
1008
1031
1016
1031
992
999.536
1000.05
1031
1020.7
1016.79
1031
1039
1023
1025.03
1047
1039
1031
1029.01
969
988.392
953
922
930
945
951.26
956.785
992
1000
992
961
971.471
969
969
969.398
1000
992
992
992
969
961
962.5
992
1000
1000
993.085
987.499
969
963.953
953
914
916.575
917.005
883
898
899.976
903.875
906
910.583
930
930
906
914
891
929
930
945
961
938
953
945
942.332
922
961
961
976
966.51
962.73
953
953.454
930
945
930
929.236
930
953
938
961
953
953
952.688
969
961
1008
984
961
963.307
976
969
977
984
1000
1016
1015
1008
1000
1008
1000
1000
992
1000
1000
1031
1021.99
1000
1016
1015
1008
1000
1000
1031
1023.35
1015.39
1008
1000
1002.06
1000
997.101
994.398
984
1000
1000
985
992
1000
984
1000
977
992
1000
992
938
953
961
1000
1008
992
1008
1000
993.363
1008
1031
1016
1000
1000
1031
1019.67
1008
992
1000
1000
1000
1008
1008
992
984
969
984
1016
1031
1039
1026.96
1047
1023
1031
985
1000
984
969
992
992
994.233
994.286
961
961
969
961
964.735
969
970.743
985
992
992.423
1008
1000
1000
1031
977
988.591
992
969
977.641
992
984.244
992
992
987.832
992
969
976.571
984
977.087
1000
992
977
992
977
980.39
983.375
992
992
992.238
988.968
991.286
1031
1000
1000
1000
1008
1016
1000
953
984
961
969
1000
991.324
1008
1008
1000
1001.09
1002.93
1001.51
1047
1023
1016
1054
1047
1055
1078
1047
1070
1065.34
1055
1062
1039
1047
1043.17
1047
1031
1039
1016
1023
1020.5
1031
1024
1031
1039
1008
1031
1008
1031
1031
1029.68
953
930
976
976.778
945
961
961
962.903
966.756
992
1008
969
976
969
977
984
982.47
1015
1010.91
977
983.632
976
973.845
970.693
945
961
962.876
960.469
984
961
965.456
976
985
1023
969
953
961
984
981.912
1016
1023
1015.19
1005.32
992
946
945
961
953
953
957.133
976
992
1000
994.843
986.83
1039
1036.29
1008
992
1008
1000
1008
992
988.976
991.806
1031
992
987.073
991.922
922
906
945
977
1000
989.309
987.648
1000
1001.53
992.064
922
898
899
902.018
937
922
922
930
968
977
1000
992
961
922
921.593
883
891
893.583
1031
1055
1033.28
985
1023
1008
1000
1000
1031
1039
1016
1047
1039
1039
1047
1047
1070
1047
992
1000
1000.97
1000
1031
1027.8
1008
984
985
1023
1016
1011.03
1039
1031
1023.39
1020.48
1039
1034.55
1047
1047
1041.79
1039.84
1078
1016
1000
961
969
992
1000.9
1005.6
1009.55
1000
984
961
930
914
914
922
945
953
964.156
914
883
914
945
977
980.408
978.386
992
1008
1009.59
997.563
977
976
977
973.147
969
992
953
969
976
977
970.214
964.048
964.459
1000
994.373
1000
1000
1000
1008
1031
1031
1016
1039
1036.67
1032.49
1039
1008
1008
1015
1011.41
1015
1008
1008
1023
1016
1014.73
1047
1016
1015
1008
1000
1000
992
985
986.464
1031
1039
1070
1055
1047
1078
1039
1047
1039
1035.09
1031.78
1008
1039
1000
1039
1047
1041.09
1039.1
1038.88
1063
1047
1070
1062.2
1039
1039
1008
1016
1023
1016
1018.92
1016
1018.6
1024
1023
1023.86
1000
969
976.966
978.543
969
961
976
969
1000
969
979.049
984
977
1000
1000
992
1016
1039
1031
1016
1031
1062
1055
1031
1039
1024
1039
1039
1031.8
1039
1039
1055
1047.9
1031
1034.52
1032
1023
1020.61
1018.18
1039
969
937
930
931.728
945
961
984
998.017
992
1000
1000
1000
1000
992
1000
1008
1016
1039
1047
1039
1034.52
1031.4
1008
1004.61
1016
1039
1031
1016
1031
1031
1008
1031
1039
1055
1039
1031
1033.81
1016
1014.54
1000
1000.53
1031
961
945
961
966.809
992
998.939
953
1000
1000
1008
1002.62
1047
1040.67
1031
1016
1047
1041.71
1039
1032.65
1034.08
1033.97
1000
1008
1070
1047
1055
1070
1039
1047
1039
1034.59
1055
1047.1
1086
1071.13
1086
1055
1039
1041.92
1041.23
1063
1109
1098.51
1055
1070
1078
1078
1055
1057.54
1078
1086
1075.57
1102
1117
1086
1078
1094
1101
1102
1087.18
992
922
924.937
891
906
945
1000
1024
1062
1008
1039
1070
1055
1086
1078
1063
1101
1094
1083.46
1063
1070
1086
1086
1078
1086
1086
1078
1125
1078
1094
1094.61
1086
1086
1078
1117
1086
1094
1125
1117
1117
1094
1097.95
1070
1016
1023
1016
1016
1031
1031
961
953
922
924.762
883
883
898
899
929
930
922
929.715
922
891
867
867
875
930
940.706
1023
1024
1062
1055
1043.34
1094
1179
1055
1052.74
1008
992
992
1055
1000
984
1000
977
1000
969
970.709
974.762
1039
1024
1047
1031
1031
1031
1026.58
1039
1047
1039
1047
1000
992
1039
1047
1086
1069.74
1078
1047
1055
1047
1047.69
1039
1034.74
1031
1047
961
991.702
945
946
947.083
1000
1000
1031
1034.04
1031
1033.02
1023
1039
1039
1008
1016
1013.29
1016
1016
1016.97
1023
1016
1031
1039
1031
1032.24
1031.7
1016
1020.17
938
906
875
859
844
847.034
848.816
859
867
883
891
906
922
914
914
906
891
898
907
945
953
955.698
1015
1039
1039
1047
1055
1039
1039
1047
1078
1047
1047
1047
1015
1039
1055
1047.21
1041.09
1070
1086
1075.95
1070
1094
1078
1086
1078
1071.68
1068.12
1063.75
1070
1094
1063
1070
1078
1070
1055
1047
1070
1055
1039
1078
1047
1050.5
1047
1047
1031
1036.85
1032
1054
1047
1024
1062
1039
969
953
961
961
1023
1016
1031
1016
1039
1038.08
1016
1024.85
1025.32
1015
1008
1012.45
1039
1008
1039
1036.72
1008
1039
1016
1015
1017.68
1014.33
1023
1018.36
1000
985
984
992
985
989.233
1000
961
975.602
953
961
946
976
953
961
969
953
938
945.005
945
945.138
945
969
984
992
990.371
992
1008
1005.27
1001.71
1031
1023.3
1031
1016
1047
1023
1016
1008
1015
1032
1023
1018.95
1047
1047
1070
1047
1046.09
1039
1031
1039
1031
1028.12
1023
1031
1055
1047
1070
1063
1054
1053.9
1039
1024
1039
1039
1039.12
1039
1039
1070
1065.53
1047
1070
1047
1039
1055
1047
1062
1047
1048.81
1050.66
1048.77
1047
1023
1008
1016
1031
1035.15
1016
1031
1024
1023
1047
1039
1047
1047
1039
1047
1039
1031
1039
1036.73
1047
1039
1031
1036.09
1039
1036.44
1034.62
1035.93
1036.62
977
1008
1023
1039
1031
1047
1024
1031
1039
1031
1016
1023
1028.19
1023
1022.67
1016
1070
1055
1039
1078
1047
1040.14
1055
1039
1055
1062
1039
1032
1000
1000
1015
969
1008
1039
1031
1016
1000
984
961
961
961
984
977
1000
1000
1003.12
1000
1008
1031
1016
1023
1008
1009.58
1008.76
1000
1000
1000
1000
1000
992
992
977
992
987.497
969
992
986.424
984
969
969
976
977
975.926
978.458
985
1000
992
1000
992
1008
984
989.655
930
937
969
961
992
977
992
1031
1000
1001.76
1002.2
1000
1008
1002.82
992
977
979.404
977
992
1000
1039
1039
1039
1039
1031
1021.95
1023
1016
1016
1015
1008
1005.48
1000
1016
1000
1000
1001.04
977
992
988.273
989.231
1008
984
1000
1008
1023
1008
1008
1000
984
961
969
984
977
1000
1008
1005.64
1005.37
1000
1000
969
984
981.298
977
984
977
979.274
1000
984
987.536
988.918
1031
1023
1019.55
1008
961
922
914
953
961
1000
992
1023
1000
998.195
992
992
992
985
1000
1000
1023
1018.35
1012.95
1000
1000
992
969
992
987.718
985
1000
1000
984
987.603
1000
992
992
1000
1000
1008
1004.02
961
975.914
953
955.021
976
992
985
1023
1008
1005.18
1016
1009.12
992
992
977
1000
1000
992
995.59
1000
992
1000
1000
992
1000
1000
994.194
1008
1000
1008
992
1008
1023
1016
1012.19
1023
1008
1031
1024
1023
1021.95
1008
1000
1008
992
1000
1039
1008
1010.72
1016
1013.85
1023
1018.87
1031
1026.49
1008
1000
1002.04
1002.22
1031
1047
1023
1032
1032.19
1031
1016
1023
1023.35
1023
1018.67
1020.02
1019.83
1039
1031
1031
1030.22
1023
1008
1016
1023
1031
1024.78
1016
1020.4
1023
1008
1031
1031.55
1026
1031
1000
1016
1015
1008
1031
1022.99
1021.29
1031
1025.88
1000
1015.52
1017.17
1011.19
1015.07
992
1003.61
1047
1086
1047
1031
1039
1016
1031
1031
985
1000.75
1000
1008
1023
1016
1062
1055
1047
1047
1054
1024
1062
1047
1055
1078
1066.53
1086
1055
1062
1078
1055
1058.69
1055
1070
1063
1061.31
1061.18
1008
992
1016
1101
1086.38
1125
1102
1070
1109
1096.85
1086
1088.45
1063
1062
1063.96
1015
1008
1000
1016
1062
1078
1102
1117
1117
1133
1086
1078
1094
1089.88
1109
1086
1070
1086
1047
1052.39
1055
1054.24
1063
1063.44
1078
1055
1031
1039
1040.63
1039
1040.02
1039
1039.7
1047
1031
1031
1008
1016
1023
1039
1055
1039
1044.3
1070
1024
1039
1039
1039
1039
1041.09
1047
1047
1078
1071.68
1094
1125
1125
1070
1073.05
1000
1016
1017.91
1008
992
969
961
963.162
984
1000
977
984
969
984
961
977
984
930
937
883
901.056
867
877.657
906
930
969
984
993.322
995.198
995.025
953
945
930
922
914
930
936.216
922
930
931.082
961
960.448
959.953
1008
1031
1031
1047
1031
1000
985
945
930
945
969
961
962.306
967.184
1008
1013.81
1008
1024
1039
1039
1039
1023
1015.16
985
992
987.707
1015
1017.51
1008
1002.7
1000
992
969
984
992
992.921
1008
1016
1014.51
1008
1003.58
998.383
1031
1024
1031
1031
1016
1000
1000
1008
1023
1016
1031
1028.94
1047
1047
1039
1047
1031
1016
1015
1008
1016
1015
1024
1031
1031.97
1039
1008
1012.47
1000
969
992
984
1000
1016
1018.68
1020.74
1031
1008
1023
1008
1000
969
992
961
970.12
1000
1008
1008.07
1000
1008
1008
1023
1000
1000
1002.12
1008
1016
1031
1047
1047
1070
1047
1078
1070
1055
1055.06
1039
1031
1047
1040.86
1055
1031
1034.58
1008
1012
969
1008
992
992
994.879
984
977
992
986.53
992
992
977
1000
992
969
976
1000
991.739
1000
1016
984
977
982.758
969
974.246
1008
992
1031
1016
1012.71
1016
1008
1000
1008
1015
1008
1007.95
1008.45
1024
1031
1008
1015
1016
1000
1031
1008
1000
1008
1031
1000
1003.74
984
988.883
990.372
1000
992
994.643
1008
1008
1031
1023.5
1031
1008
1031
1016
1008
1023
961
922
906
860
867
875
881.889
891.599
901.681
1008
1008
1031
1000
1008
1039
1023
1032
1031
1027.93
1055
1050.92
1062
1058.41
1054
1055
1016
1039
1037.58
1047
1062
1047
1039
1016
1023
1016
1011.91
1015
1011.55
992
985
992
990.767
1016
1015
1020.25
1000
1000
1000
992
1008
1000
1000
1008
1023
1016
1016.49
1016
1023
1024
1021.75
1016
1000
1008
1039
1070
1078
1086
1055
1062
1055
1056.28
1062
1055
1039
1070
1047
1055
1047
1044.67
1063
1061.47
1057.45
1053.53
1086
1078
1055
1070
1063
1109
1095.36
992
977
992
1031
1038.66
1039
1047
1047
1031
1039
1039
1063
1062
1055
1086
1078
1066.41
1093
1063
1078
1073.71
1055
1047
1047
1044.98
1047
1043.91
1039
1039
1039
1037.18
1062
1055
1086
1079.89
1086
1070
1047
1055
1078
1086
1081.88
1086
1070
1047
1047
1070
1073.86
1055
1039
1055
1054
1058.13
1055
1070
1068.61
1067.84
1055
1056.51
976
953
946
945
945
969
961
969
1000
992
1000
1008.79
992
969
969
969.426
969
961
1000
1000
969
976.607
1000
1023
1015.11
1031
1047
1039
1039
1008
1023
1016
1031
1008
1047
1008
1015
1016
1008
1023
1000
992
1016
1008.91
1000
1016
1023
1016
1031
1026.45
1031
1031
1029.04
1039
1031
1024
1054
1016
1031
1016
1020.11
1039
1008
1018.51
1018.8
907
914
953.676
945
953
969
1000
1000
1008
1007.42
984
985
984
969
984
969
984
1016
984
991.345
992
992
992
1008
1008
1031
1008
1008.53
1031
1031
1016
1023
1008
1008
1016
1015
1011.12
1031
1031
1039
1008
1008
1023
1008
1008
1008
1000
1015
977
930
953
953
969
976
992
1000
1000
1002.77
1004.97
1000
1000
992
992
1008
1000
1016
1012.84
1011.55
1008
1016
1012.51
1055
1023
1047
1039.95
1016
1031
1008
1008
1031
1031
1039
1047
1031
1032
1032.51
1000
1008
1016
1031
1023
1016
1016
1023
1016
1016.6
1032
1062
1047
1039
1047
1047.72
1008
1013.9
1008
1039
1031
1032
1034.38
1039
1039
1047
1047
1039
1047
1031
1047
1042.05
1039
1039
1037.91
1039
977
945
891
894.729
875
867
869.196
898
899
906
914
921.584
927.282
922
922
924.51
938
939.786
930
953
953
961
961
961
961.953
962.033
992
1023
1008
1016
1031
1028.27
1039
1039
1034.03
1047
1039
1039
1047
1039
1016
992
993.155
969
969.694
961
962.057
969
1015
1008
1008
1010.53
1039
1039.95
1047
1042.88
1055
1000
1023
1016
1013.01
1013.22
1023
1000
1008
1007.63
1000
1023
1039
1016
1031
1028.23
1031
1023
1024
1047
1031
1047
1062
1016
1031
1008
1000
1031
1024.47
1070
1039
1047
1047
1031
1034.86
1039
1039
1033.52
1034.82
1034
1031.37
1031
1039
1034.46
1039
1000
1016
1015
961
953
930
934.742
953
953
969
976
969
977.493
977
992
991.435
1000
1000
1000
1002.95
1008
1008
1023
1016
1016.88
1017.48
1047
1047
1062
1032
1054
1053.68
1024
1023
1008
1000
1000
1000
1000
1031
1039
977
945
930
914
914
915.986
914
914
891
906
922
922
928.885
922
927.932
929
907
911.347
898
883
883
922
898
922
914
883
883
898
961
984
1000
977
970.668
1000
1023
1016
1016
1004.09
1039
1062
1055
1042.91
1039
1041.27
1031
1023
1018.86
1016
1039
1039
1047
1047
1039
1070
1066.95
1031
1024
1008
1023
1008
992
1016
1017.55
961
976
914
924.207
924.101
1000
1016
1021.91
1047
1039
1047
1070
1016
1031
1008
1031
1031
1024
1070
1039
1038.7
1062
1078
1071
1062
1047
1048.03
1045.82
1000
969
973.57
974.877
992
1016
1023
1000
1039
1016
1000
1008
1008
1054
1047
1086
1102
1117
1104.34
1086
1078
1071.58
1063
1078
1117
1102
1096.08
1125
1125
1125
1094
1109
1086
1086
1086
1086
1133
1148
1172
1160.21
1133
1125
1063
1070
1039
1047
1047
1047
1070
1055
1060.93
1070
1055
1055
1062
1047
1047
1048.92
1049.77
1051.22
1078
1039
1008
1017.57
937
891
891
890.539
961
977
1008
1024.65
1031.58
1031
1024
1031
1039
1031
1047
1039
1047
1070
1055
1078
1073.78
1070
1078
1055
1055.89
1055
1070
1055
1055
1054
1055
1039
1070
1047
1047
1039
1024
1000
1031
1008
1031
1039
1008
1031
1008
1031
1016
984
938
953
992
1000
1000
1039
1039
1034.96
1039
1031
1047
1055
1023
1024
1039
1031
1024.49
1016
1023
1016
1000
1031
1039
1039
1029.51
1047
1039
1047
1023
1024
1023
1008
1000
1000
1000
1008
1000
1031
1008
1010.01
1031
1008
1031
1031
1016
1055
1046.92
1040.22
1042.33
1039.86
1086
1047
1078
1070.74
1031
1070
1024
1062
1055
1049.78
1078
1066.14
1055
1070
1055
1062
1058.61
1047
1086
1072.16
1054
1055
1039
1031
1034.86
1035.97
1031
1047
1031
1031
1033.88
992
1008.83
1000
998.955
1001.62
1016
1031
1023
1029.07
1030.89
1000
1013.28
945
906
909.228
909.198
875
883
922
934.113
947.919
962.55
976
969
961
961
962.162
969
969.042
970.152
1008
977
1000
992
1000
1008
1002.42
1000
1015
985
1031
1016
1023
1031
1016
1018.43
1016
976
987.666
984.151
980.78
961
953
961
961
961.503
984
992
977
984.623
953
961.449
984
961
968.853
976
985
992
1000
1000
992
1008
1003.96
992
994.326
993.283
1000
993.857
992.611
961
968.505
984
992
988.133
1031
1047
1039
1039
1032.69
1008
1031
1039
1024.55
1031
1000
1002.31
1002.22
997.978
1000
1001.19
1000.52
977
992
1016
1010.8
1063
1078
1109
1063
1054
1016
1008
1015
1008
1024
1023
1008
1023
1016
1039
1035.01
1000
992
1000
1000.6
1015
1008
1000
1016
1039
1031
1055
1031
1027.02
1054
1055.95
1031
992
985
1023
1008
1039
1055
1031
1055
1054
1047
1055
1039
1039
1039
1016
1023
1024
1020.15
1016
1031
1047
1031
1047
1031
1016
1021.9
1021.37
1016
1031
1008
1000
992
1008
992
992
1000
1016
961
953
922
925.722
922
945
961
971.322
961
953
961
977
984
969
972.332
992
1000
1008
1000
1039
992
969
922
914
922
914
953
966.549
992
1008
1008
1000
1000
1000
1008
1023
1008
1039
1000
1000
1047
1039
1070
1055.73
1047
1062
1047
1044.19
1040.58
1023
1032
1062
1053.58
1039
1047
1039
1055
1070
1047
1048.26
1024
1039
1047
1041.72
1039
1047
1045.17
1062
1055.45
1024
1034.24
1040.6
1039
1035.06
1036.64
1023
1000
1000
1031
1024
1031
1030.81
1032.98
1031
1039
1016
1039
1034.24
1031
1078
1047
1031
1039
1039
1016
1022.5
1024.92
1047
1078
1063.09
1055.82
1071
992
1013.73
1016.74
969
976
979.867
978.614
992
1039
1031
1024
1031
1000
945
930
931.662
984
1016
1020.42
1039
1039
1027.58
1055
1031
1021.46
1047
1039
1055
1047
1054
1046.68
1039
1055
1031
1024
1039
1039
1047
1054
1024
1031.32
1047
1031
1030.89
1039
1039
1036.03
1036.72
1000
1018.04
953
914
916.492
844
836
828
828
820
797
789
781
758
764.794
742
719
742
711
719
742
743.725
781
797
805
811.252
844
828
836
840.304
844
875
906
781
758
766
769.091
773.306
777.094
780.497
742
735
734
742
742
727
742
742
758
750
766
768.418
789
789
789
790.269
781
781
766
773
758
766
773
750
781
766
781
766
769.181
768.577
781
789
789
789
788.114
797
797
805
801.682
782
773
766
765
750
735
737.863
719
734
711
711
711
711
711
703
711
703
711
711
711
711
726
711
711
711
703
696
703
703
703.68
734
729.891
742
750
750
750
735
742
719
734
711
711
719
703
708.634
703
680
687
680
695
692.454
672
695
672
672
687
680
672
695
680
695
680
703
695
688
703
703
703
703
711
696
700.196
696
696.109
711
711
742
750
789
789
797
797
805
789
785.789
789
781
781
766
773
774
781
789
813
859
930
953
984
953
961
977
976
963.631
914
907.985
852
836
851
867
899
937
930
914
891
890
891
898
899
892.93
887.643
882.72
953
945
899
875
883
859
865.956
914
917.836
961
953
1000
989.986
945
930
922
945
914
922
914
883
883
883
937
969
955.629
1039
1026.02
1055
1055
1039.14
1030.17
977
984
961
961
922
945
930
931.948
922
961
961
961
962.443
945
948.578
947.715
906
891
893.697
906
891
914
906
891
875
914
930
984
1039
1039
1016
992
984.384
953
930
953
957.009
930
945
938
953
949.961
914
898
901.346
902.618
891
875
859
860
890
907
945
953
951.522
961
945
938
945
930
937
936.055
891
883
884.933
860
867
867
852
875
906
922
945
946.994
969
984
1000
989.7
938
940.604
914
906
883
867
844
875
875
914
929.338
935.027
953
914
906
903.778
860
867
867
844
906
922
953
950.755
992
1000
984
969
961
945
930
922
883
882.598
875
883
883
914
930
945
922
914
953
1000
1008
1000
992
969
953
922
914.398
891
898
883
888.619
892.889
883
888.205
930
945
948.692
992
984
977
967.615
958.016
945
914
899
895.955
930
922
945
930
945
948.049
930
922
937
935.724
931.721
922
923.651
953
992
1016
1055
1039
1031
1023
1016
1000
984
969
953
938
945
930
984
953
969
984
983.214
946
952.187
891
903.186
867
875
914
930
945
950.305
938
937
922
914
914.13
906
898
900.113
914
898
883
886.832
875
859
861.657
867
867
875
875
844
875
883
880.868
922
918.809
969
961.571
977
961
961
914
922
922
906
883
889.624
887.507
961
949.956
961
953
947.957
914
883
875
875
883
929
946
961
976
966.116
969
953
914
922
922
914
945
914
945
930
925.81
969
957.3
951.538
992
961
953
953
947.293
945
930
937
938
934.16
934.978
930
937
891
906
891
906
883
890
875
880.97
880.985
1008
1039
1047
1030.65
1047
1000
1000
984
961
961
969
961
969
968.307
969
953
930
945
906
969
1000
1031
1016
1023
1016
1006.22
1015
1016
1008
1031
1039
1033.62
1031
1008
1000
1039
1016
1000
1023
1016
1023
1008
1008
1008.53
945
965.127
963.482
1055
1094
1101
1094
1085.59
1086
1070
1047
992
988.43
930
933.106
922
922.163
945
961.347
969
992
977
953
945
953
922
945
938
937
938.955
930
922
968
977
984
985
984
992
1016
1008
1000.74
995.28
1015
1012.29
1008
1016
1012.18
1023
1031
961
1047
1094
1061.45
1164
1132.37
1125
1102
1133
1140
1119.1
1114.41
1156
1164
1133
1156
1157.3
1151.05
1094
1109
1102
1179
1110
1156
1117
1086
1055
1047
1031
1031.6
1032
1034.45
1109
1047
1000
1016
1023.11
1086
1117
1125
1156
1016
1086
1086.11
961
992
1000.32
985
992.354
1070
1065.81
1070
1070.81
1071.05
1109
1086
1133
1120.95
1117
1110.97
1105.3
1148
1129.11
1164
1149.26
1156
1151.92
1148
1133
1117
1110
1108.83
1086
1089.88
1039
1086
1086
1078
1081.66
1063
1109
1097.18
1078
1031
1024
1031
1055
1031
1000
1011.63
1047
1078
1070
1055
1078
1087.59
1078
1078
1063
1069.87
1039
1039
1008
1047
1031
1031
1033.16
1037.18
1040.77
1055
1047
1043.9
1016
1023
1047
1043.39
1047
1070
1047
1039
1043.79
1045.91
922
945
961
963.041
1008
1039
1070
1039
1016
1026.72
1039
1031
1024
1047
1039
1031
1023
961
930
934.23
937.883
937
953
969
1000
1007.53
1031
961
961
961
953
922
925.201
945
930
953
953
957.496
992
992
992
961
969
966.284
992
1008
1008
998.266
969
961
961
984
977
992
992
1000
969
1047
1000
992
993.267
1000
1008
1008
1000
1023
1055
1039
1031
1000
1008
1023
1020.33
1047
1055
1039
1033.54
1031
1031.87
1039
1039
1031
1055
1039
1038.82
1039
1024
1054
1039
1063
1070
1055
1094
1086.2
1070
1055
1055
1039
1039
1047
1039
1070
1070
1055
1086
1086
1062
1055
1055
1052.26
1070
1070
1078
1055
1070
1055
1047
1023
1008
1009.7
961
937
961
1000
1014.86
1008
1008
1031
1008
1039
1031
1016
1022.15
1031
1047
1039
1039
1055
1070
1039
1042.2
1039
1047
1039
1070
1071
1070
1078
1086
1079.14
1078
1055
1070
1055
1047
1062
1047
1078
1070.46
1078
1063
1078
1078
1078
1070
1072.09
1071.86
1069
1055
1055
1070
1064.62
1062.45
1063.69
1039
1047
1047
1039
1039
1031
1016
1020.31
1020.99
1019.74
1031
1055
1059.66
1062
1039
1044.24
1047
1039
1039
1055
1047
1062
1047
1048.45
1054
1024
1032.1
1031
1039
1047
1039
1031
1033.19
1023
1024.58
1070
1062.08
1057.38
1055
1086
1039
1055
1062
1047
1047
1049.4
1039
1070
1047
1055
1047
1048.05
1039
1008
1023
1024.05
1008
1031
1016
1023
1008
1000
1000
984
969
961
953
1000
1008
1008
1013.64
1008
1031
1047
1000
1010.41
1016
1023
1008
1008
1023
1039
1024
1062
1047
1086
1047
1047
1062
1024
1039
1039
1023
1008
1008
1000
1023
977
991.855
1015
1008
1031
1000
1016
1015.25
1013.88
1008
1011.62
961
945
953
954.994
957.624
930
945
947.809
953
961
953
977
976
969
992
987.926
1000
993.968
985
1015
1008
1000
999.562
1000
1008
1001.48
998.112
1016
1031
1047
1037.13
1029.88
1039
1039
1039
1039
1032
1039
1039
1035.09
1039
1035.66
1039
1039
1036.41
1008
1031
1016
1017.56
1016.71
1070
1039
1039
1039
1016
1031
1031
1016
1039
1031
1055
1070
1047
1055
1062
1057.83
984
969
992
1008
1039
1008
1031
1031
1025.8
1031
1039
1031
1024
1031
1028.21
1016
1021.55
1024
1039
1030.26
1031
1034.05
1047
1047
1031
977
953
955.849
992
1008
1008
1031
1031
1026.8
1022.63
1021.32
1039
1039
992
969
961
963.507
967.601
1000
1000
1000.48
1008
1039
1039
1039
1028.64
1055
1047
1031
1031
1016
1000
1016
1023
1039
1047
1039
1039
992
1000
1000.8
1001.07
1078
1047
1047
1062
1055.16
1047
1039
1032.94
1055
1031
1024
1062
1056.38
1008
1008
1000
1008
1008
1023
1016
1016.18
1008
992
1008
1008.03
1000
1000
1002.05
992
1008
1000
1003.28
1003.96
1004.98
1006.02
1006.99
1008
1015
1013.59
1008
1008
1009.17
1016
1031
1025.83
1021.97
1031
1032
1054
1055
1047
1039
1037.44
1039
1031
1024
1023
1000
1003.92
953
961
953
953
969
961
961
945
914
920.388
875
891
914
937
938
953
962.462
971.22
977
992
984
1024
1023
1017.68
1031
1039
1031.05
1039
1031
1016
1016.81
938
953
949.493
984
1000
1039
1039
1047
1055
1043.74
1078
1070
1070
1061.06
1052.87
1039
1008
1031
1026.05
1028.17
1027.82
1008
1013.12
1009.66
1008
1031
1008
1014.39
1013.45
1012.33
961
922
926.258
938
945.229
954.536
930
953
953
961
966.715
972.022
977
981.364
984.132
969
973.949
945
938
938.636
961
1000
1002.26
1008
998.424
1008
1004.79
992
1008
1000
992
1016
992
1008
1039
1039
1047
1047
1039
1047
1042.05
1036.45
1032.92
1054
1039
1037.05
1039
1039
1008
1014.04
961
984
969
992
1008
1000
1006.04
1039
1036.38
1031
1008
1031
1027.84
1023.6
1024.46
1039
1070
1070
1055
1070
1068.98
1063
1062
1047
1055
1047
1039
1031
1031
1028.3
1023
1022.26
1016
1017.34
1017.17
1023
1047
1047
1031
1047
1039
1031
1055
1008
1039
1039
1023
1063
1039
1039
1039
1031
1039
1037.28
1016
1039
1033.18
1039
1034.01
1062
1086
1074.38
1070
1078
1075.52
1063
1065.68
1039
1055
1015
1008
1008
1008
1070
1016
984
953
922
923.28
922
925.095
928.839
1000
1047
1039
1031
1008
992
985
982.79
969
992
992
1008
1039
1039
1034.22
1025.88
1039
1031
1022.68
1047
1039
1039
1055
1070
1047
1062
1055
1048.65
1071
1101
1063
1101
1094
1085.08
1083.3
1109
1094
1086
1086
1086
1078
1086
1086
1047
1039
1023
1008
1009.62
1008
1023
1008
1008
1031
1035.49
1055
1060.93
1047
1055
1070
1070
1055
1078
1070
1055
1078
1055
1070
1086
1055
1078
1039
1039
1040.81
1038.24
1078
1078
1078
1074.58
1072.57
1047
1050.86
1032
1033.14
1024
1047
1039
1023
1039
1000
969
973.86
975.102
978.037
914
937
961
1008
1008
1078
1039
1047
1052.08
1039
1039
1047
1078
1078
1071
1078
1086
1078
1086
1101
1093.21
1070
1078
1055
1062
1055
1039
1070
1086
1063
1078
1078
1071.75
1070
1071.62
1031
1008
1016
1031
1039
1039
1048.13
1062
1059.78
1016
1031
1039
1040.28
1047
1047
1047
1043.61
1047
1044.43
1078
1055
1078
1047
1078
1078
1086
1086
1078.98
1086
1070
1055
1086
1072.12
1068.28
1063
1070
1055
1078
1069.8
1067.67
1066.91
1070
1039
1055
1039
1041.32
1042.26
1047
1044.65
1046.55
1062
1047
1052.02
1053.6
1070
1064.18
1070
1055
1078
1047
1054.88
1047
1078
1086
1070
1069.92
1039
1039
1039
1031
1047
1045.66
1000
1016
1031
1028.79
1039
1039
969
961
961
937
899
906
875
875
875
883
906
922
953
961
984
969
976.669
983.452
969
961
992
1008
1000
996.219
1023
1039
1055
1044.2
1039.56
1078
1086
1086
1070
1055
1070
1063
1062
1047
1047
1055
1062
1047
1047
1062
1064.15
1031
1039
1043.15
1047
1039
1033.35
1016
1023
1000
1031
1016
1019.15
1016
1039
1039
1047
1039
1039.55
1039
1041.67
1008
1031
1039
1055
1045.54
1078
1094
1117
1125
1109
1102
1094
1070
1066.93
1063.32
1101
1093.4
1078
1077.13
1117
1133
1117
1055
1058.21
1070
1047
1063
1031
1055
1031
1035.52
1055
1070
1086
1070
1055
1086
1062
1024
1039
1023
1024
1015
1047
1024
1031
1034.62
1016
1023
1025.76
1008
1023
1024
1022.57
1025.14
1026.92
953
995.908
992
992
995.438
1000
1000
1003.32
1000
1023
1008
1013.66
1031
1031
1039
1008
1047
1033.47
1016
1039
1031.97
1039
1024
1062
992
969
922
922
953
957.006
1023
1055
1070
1071
1078
1068.34
1058.58
1086
1077.33
1078
1071.31
1066.31
1060.79
1055.76
1078
1086
1109
1110
1109
1094
1101
1071
1078
1075.29
1086
1086
1078
1076.82
1055
1086
1109
1094
1109
1055
1047
1000
1000
1008
1039
1049.75
1063
1078
1101
1071
1078
1078
1117
1094
1148
1094
1094
1095.71
1086
1070
1039
1055
1070
1055
1070
1078
1055
1070
1039
1042.33
1039
1031
1024
1031
1029.78
1031
1032.88
1047
1062
1047
1052.7
1039
1008
1015.62
1031
1035.31
1031
1016
1039
1055
1049.04
1062
1039
1040.01
1041.54
1055
1070
1047
1078
1073.31
1067.53
1061.49
1062
1060.04
1055
1078
1078
1078
1047
1039
1039
1032
1031
1039
1047
1086
1078
1075.24
1102
1078
1101
1099.71
1070
1075.62
1047
1047
1047
1078
1080.52
1086
1081.82
1076.17
1016
1031
1039
1047
1062
1047
1050.71
1070
1070.35
1000
1015.18
1031
1008
1014.15
1024
1021.94
1020.81
1063
1109
1125
1125
1133
1117
1133
1125
1156
1144.16
1129.98
1117
1102
1148
1102
1109
1094
1125
1125
1094
1125
1119.89
1156
1149
1125
1109
1112.42
1140
1133
1125
1125
1047
1073.18
1008
1015
1015.83
1070
1086
1086
1055
1078
1078
1063
1078
1080.79
1070
1047
1039
1039
1000
1008
1031
1047
1047
1023
1008
1012.59
992
1000
992
930
969
1000
1031
1039
1040.42
1062
1063
1078
1071.51
1065.66
1078
1073.38
1065.91
1078
1074.97
1070
1094
1086
1125
1117
1094
1109
1078
1094
1087.29
1125
1180
1148
1139.72
1117
1125
1122.74
1116.81
1055
1047
1031
1055
1054
1039
1045.37
1039
1063
1063.68
1066.98
1047
1031
1036.35
1016
1019.62
1016
1017.27
1015
1016
1017.77
1019.93
1039
1045.2
1051.89
1016
1022.37
1008
1012.36
1015
1008
1000
969
975.675
969
976
969
922
906
883
875
875.607
914
937
914
922.81
953
930
937
899
906
914
914
938
968
973.017
970.629
967.534
969
961
969
1000
984
1008
1023
1008
1047
1040.27
1024
1047
1031
1039
1039
1055
1049.51
1055
1078
1078
1047
1047
1031
1008
1031
1039
1039
1055
1086
1055
1109
1070
1071
1078
1069.7
1065.79
1094
1070
1063
1094
1093
1063
1070
1078
1063
1101
1086
1076.24
1082.57
1078
1078
1047
1058.13
1023
1027.05
984
1000
1016
1031
1008
1016
1054
1024
1070
1055
1070
1031
1043.23
1031
1008
1039
1070
1055
1055.28
1047
1047
1047
1031
1039
1039
1034.53
1070
1039
1047
1070
1047
1086
1039
1016
1031
1000
1009.1
1024
1039
1054
1047
1048.83
1055
1055
1051.32
1047
1031
1008
1008
1000
1001.53
1047
1039
1070
1055
1054.73
1070
1039
1070
1024
1031
1008
992
994.758
1000
1031
1016
1031
1063
1031
1039
1016
1017.11
1039
1039
1071
1062.84
1058.96
1070
1055
1055.17
1008
1016
1015
1000
1047
1044.84
1042.23
1070
1070
1086
1077.02
1070.44
1024
1031
1047
1044.74
1043.4
1047
1044.49
1038.31
1037.05
1034.12
1016
1000
1000
1000
1000
1008
1031
1039
1016
1031
1032.03
992
984
961
985
1015
1039
1043.16
1047
1044.12
1070
1078
1063
1058.13
1047
1008
1031
1008
1000
1008
1023
1016
1017.59
1023
1008
1031
1047
1047
1055
1039
1031
1028.83
985
991.88
1000
961
992
969
976
978.083
922
953
953
985
992
1000
1000.82
1000
1002.89
1016
1015
1014.59
1031
1047
1062
1056.64
1070
1068.57
1066.32
1078
1074.01
1055
1070
1008
1031
1016
992
1008
1002.11
1015
1039
1036.31
1038.41
953
945
947.911
938
953
953
969
971.601
891
933.071
914
961
984
988.029
1070
1039
1086
1055
1054.44
1039
1047
1070
1039
1047
1078
1039
1055
1047
1054
1050.07
1062
1047
1049.09
1049.53
1047.13
1008
1039
1000
1039
1016
1023
1016
992
1016
1031
992
1000
1003.53
977
992
984
1008
1016
1023
1039
1016
1000
1008.62
1024
1018.28
1047
1055
1023
1000
1008
1000
1000
992
1008
1031
992
969
975.809
930
953
955.124
977
969
972.667
930
898
875
876.736
836
843.455
844
867
859
860
867
872.272
875
867
852
859
852
867
859
836
836
839.19
836
839.487
875
883
930
945
1000
1047
1078
1066.2
1195
1102
1090.95
1125
1016
1016.06
1026.53
1026.64
899
922
914
915.583
961
984
977
992
945
914
914
907
906.984
875
887.401
891
891.6
893.609
875
914
945
938
953
961
930
945
922
922
914
898
899.916
883
875
875
875
898
953
1016
996.894
1000
1000
977
966.415
953
943.443
922
922
922
929
935.499
930
953
958.72
969
1023
1000
992
1000
1016
1003.82
993.748
1000
994.862
1023
1016
1000
1002.73
1005.94
976
961
961
969
984
992
969
969
984
977
973.048
1000
1000
1000
1000
1001.13
1016
968
922
891
875
876.182
878.746
961
1000
1031
1031.06
1047
1040.7
1029.21
1023
992
1008
992
977
1000
984
984.491
1008
1031
1047
1047
1042.03
1039
1054
1047
1024
1031
1000
1000
1031
1039
1055
1055
1070
1078
1055
1023
961
922
914
922
930
929
946
1000
1026.36
1078
1101
1071
1078
1062
1016
1014.74
1014.82
961
992
1032
1039
1054
1086
1086
1125
1094
1086
1094
1086
1078
1071.93
1078
1070.92
1064.26
1078
1101
1094
1102
1109
1086
1087.28
1117
1108.56
1094
1078
1078
1075.27
1055
1086
1070
1094
1094
1086
1101
1078
1071
1070
1047
1078
1055
1070
1055
1031
1031
1008
984
1000
997.216
1000.36
1016
992
1008
1000
1004.98
1023
1008
1016
1016.38
1039
1032.75
1047
1062
1060.67
1061.45
992
1016
1015
1012.36
1031
1055
1070
1063.34
1078
1078
1078
1078
1055
1055
1039
1023
1022.65
953
922
906
883
891
906
914
927.5
946
961.699
922
906
922
898
875
852
859
852
859
883
930
948.459
957.343
1031
1023
1012.46
1039
1039
1031
1039
1063
1101
1063
1062
1065.12
1070
1047
1047
1049.95
1039
1039
1038.99
1038.96
1047
1062
1024
1039
1047
1031
1029.75
1029.92
992
1000
977
984
992
977
992
992
994.71
953
969
966.974
922
922
945
941.055
1031
1023
1032
1030.13
1047
1047
1031
1047
1040.83
1047
1047
1039
1039
1047
1039
1047
1031
1035.47
1054
1047.07
1039
1041.08
1023
1016
1031
1008
1000
1001.95
1001.42
1002.05
969
988.139
986.444
985.332
987.717
953
970.452
992
986.756
992
1023
1020.4
1016
1031
1008
1031
1016
1008
1015
1000
1008
1016
1047
1070
1060.99
1055.65
1024
1039
1039
1039
1031
1028.15
1031
1039
1016
1023
1022.29
1000
1000
1001.58
1031
1008
1031
1030.89
1032
1023
1025.58
1027.5
1025.02
1021.39
1016
1031
1000
1010.53
961
914
922
922
937
961
974.163
984
961
984
977
992
977
982.543
1000
1000
998.846
1008
1016
1013.77
985
989.827
987.445
1031
1020.38
1031
1024
1031
1031
1024.6
977
984
969
984
977
984
1000
1000
1000
1031
1008
992
961
930
930
929
930
953
953
969
1000
1000
1016
1023
1000
1000
992
1000
977
992
1008
1031
1039
1047
1016
1015
1016
1008
1031
1023
1016
1039
1008
1039
1008
1010.93
1047
1016
1031
1039
1008
1031
1000
1000
1008
1031
1047
1008
961
945
953
969
961
992
1031
1008
1008
1000
1008
1015
1016
1031
1008
1047
1047
1039
1033.37
1039
1047
1040.41
1039
1062
1024
1047
1043.18
1037.58
1039
1031
1024
1054
1055
1047
1044.26
1045.91
1044.78
1062
1054.59
1086
1078
1078
1032
1040.49
1000
1000
1016
1000
1015
1016
1023
1024
1023
1047
1008
1031
992
1000
1016
1008
1031
1024.85
1047
1040.94
1063
1062
1059.29
1054
1054.97
1052.39
1039
1039
1000
1039
1016
1023
1008
984
969
961
969
966.757
1000
1000.37
1031
1008
1031
1047
1031
1016
1031
1008
1031
1000
1039
1047
1039
1086
1074.83
1055
1094
1086
1078
1062
1055
1070
1024
1062
1055
1039
1086
1047
1070
1047
1050.37
1047
1047
1070
1055
1056.66
1086
1055
1039
1039
1016
1023.2
930
914
916.138
922
928.12
977
984
1000
1000
1008
992
1000
992
992
985
986.725
1000
1000
1023
1016
1031
1055
1050.29
1055
1054
1055
1055
1052.12
1049.76
1070
1086
1078
1055
1078
1055
1062
1047
1047
1062
1055
1047
1039
1055
1051.25
1047
1000
992
994.843
984
985
1031
1041.64
1070
1039
1045.46
1051.31
1000
1015
1016
1016.11
1016
1062
1039
1032
1070
1031
1024
1015
1008
1010.11
945
922
899
898.643
977
1023
1055
1078
1070
1063
1047
1036.23
1000
1008
1008
984
961
961
914
922
922.208
925.59
1000
1016
1023
1000
1016
1031
1047
1000
984
961
961
961
969
1000
1012.66
961
965.362
969
992
969
961
964.092
953
922
906
883
884.376
875
906
899
922
929
938
943.176
948.089
961
969
992
1008
1008
1023
1019.32
992
992
977
930
914
906
898
891
894.901
953
968.091
1008
1008.69
977
961
951.704
1070
1070
1086
1058.28
1117
1047
1047
1047
1078
1078
1086
1047
1047
1051.56
1070
1063
1078
1067.64
1063
1093
1071
1078
1070
1063.88
1039
1039
1038.71
1016
1023
1039
1047
1047
1047.98
1039
1016
1019.03
984
986.325
961
969
992
961
961
953
955.646
930
922
898
875
852
875
883
922
940.499
1000
1000
1023
969
922
923.769
924.293
1070
1110
1093
1063
1086
1086
1070
1052.85
1070
1071
1070
1055
1101
1094
1078.78
1078
1047
1047
1039
1070
1063.64
1117
1094
1109
1055
1000
977
977.658
969
953
977
984
984
1016
1033.61
1000
1008
1023
1016
1047
1039
1040.38
1042.52
1078
1094
1078
1055
1070
1086
1078
1125
1078
1086
1089.38
1087.46
1086
1094
1093
1088.51
1078
1078
1078
1047
1055
1078
1070
1086
1078
1078.61
1070
1047
1094
1078
1075.11
1094
1078
1094
1093
1089.55
1086
1070
1078
1078
1074.23
1074.35
1047
1062
1071
1031
1078
1055
1062
1055
1058.97
1059.73
1047
1031
1039.35
1000
1000
1008
1039
1047
1047
1070
1070
1047
1055
1054.58
1039
1039
1041.61
1055
1048.6
1055
1078
1039
1000
977
984
977
984
988.832
1008
1008
1023
1028.47
1030
1031
1039
1024
1023
1008
1023
1016
1039
1047
1039
1078
1055
1031
1039
1039
1063
1109
1102
1117
1125
1117
1125
1094
1117
1086
1078
1117
1094
1086
1086
1078
1078.84
1086
1078
1086
1062
1068.09
1070
1055
1086
1077.55
1047
1039
1041.55
969
961
992
994.133
1002.06
1031
1031
1000
1008
1031
1047
1094
1101
1102
1109
1094
1125
1094
1109
1104.88
1078
1094
1086
1078
1055
1062
1055
1039
1070
1055
1039
1070
1047
1055
1086
1075.99
1078
1063
1062
1063
1062
1047
1039
1047
1046.02
1024
1023
1047
1045.18
1042.54
1070
1070
922
906
953
968.723
969
1000
1000
1031
1047
1031
1055
1008
992
961
984
961
930
930
898
1047
875
844
859
844
849.335
883
883
888.416
891
895.41
867
879.775
859
836
836
837.839
820
826.307
805
812
805
805
820
819.121
836
828
833.37
844
851
852
853.382
891
898
946
984
922
1031
922
906
860
867
867
866.66
867.201
836
836
859
844
867
844
850.6
836
836
820
805
797
797
781
785.192
805
802.102
828
805
820
813
816.372
797
805
828
828
828
821
820
822.742
821.81
813
814.64
820
836
828
828
828
813
812
813
820
797
800.474
812
813
809.67
859
849.935
937
896.884
938
922.81
938
922
914
912.38
907.95
905.215
891
930
945
953
961
922
922
914
898
930
922
961
951.836
1008
1000
992
986.342
1008
1000
989.879
1000
969
992
1000
969
1000
992
1023
1008
1000
1000
977
976
973.766
945
930
984
1000
1039
1025.4
1000
1008
1000
992
828
880.235
828
805
797
799.694
781
789
758
766.339
766
789
792.157
796.654
797
828
835.035
836
828
832.451
836
844
836
838.977
883
875
883
890
891
891
888.018
883
906
930
961
984
1008
1031
1024
1016.42
1039
1031
1024
1023
1008
1004.18
1062
1078
1063.98
1078
1086
1031
1008
1039
1045.04
1039.2
984
953
960.783
906
914
930
976
985.108
988.184
976
983.574
945
948.003
949.369
930
953
962.382
966.396
906
920.771
924.213
828
836
828
820
797
808.093
811.279
789
797
789
789
789
789
781
774
812
805
836
875
875
906
891
914
898
891
953
1016
945
1086
953
922
898
900.336
901.484
860
865.132
870.601
883
906
922
921.063
920.012
914
883
884.565
875
874.087
874.546
891
937
922
938
938.859
928.892
961
961
968
946
945
961
945
930
930
945
969
976
985
992
984
992
985
978.909
1000
922
953
961
984
1016
1003.73
1047
1047
1055
1062
1050.78
1046.94
1000
961
992
1016
992
1047
1000
1023
1017.52
1023
1008
1000
1008
969
953
958.766
1000
1000
999.355
1031
1027.26
1039
1039
1047
1008
1055
1047.82
1070
1056.56
1039
1043.22
1039
1070
1057.92
1055
1070
1055
1054.83
1070
1063
1031
1016
1019.21
1000
1000
930
955.421
953
953.609
958.251
961.949
965.842
1023
1047
1008
1015
1000
998.097
996.808
945
953
930
984
991.609
1031
1033.75
1039
1039
1030.55
1086
1047
1070
1039
1038.01
1031
1039
1031
1039
1008
1014.68
1011.95
984
930
969
992
992
1031
1047
1086
1063
1070
1070
1047
1039
1016
992
1016
1019.28
1047
1031
1047
1070
1062.19
1055
1031
1039
1055
1039
1039
1047
1055
1093
1055
1055
1055.87
1062
1055
1050.84
1055
1070
1078
1066.97
1059.11
1055
1047
1070
1047
1055
1047
1050.32
1039
1016
1008
992
1047
1039
1039.43
1023
1000
969
953
922
906
930
961
1000
1031
1047
1052.64
1047
1062
1055
1031
1016
1009.75
992
1000
1001.64
1039
1049.03
1039
1086
1070
1047
1039
1039
1031
1025.47
977
953
992
992
997.34
1016
1039
992
1000.19
977
976
976.797
976.774
938
945.952
945
944.81
930
945
922
922
929
930
933.178
961
964.373
969
984
985
992
992
990.345
984
982.42
961
963.467
961
961
992
992
1039
1047
1047
1037.78
1062
1047
1047
1039
992
992
988.229
984.939
969
972.734
992
1016
1031
1039
1047
1024
1018.26
1031
1031
1026.07
1020.49
1039
1016
1013.93
1016
1023
1019.48
1031
1000
1031
1027.69
1008
961
992
977
978.688
1015
1016
1031
1008
1039
1039
1047
1016
1015
1020.21
984
1000
1001.83
1023
1047
1016
1039
1036.68
1031.91
1016
1016
1023
1016
1023
1019.1
1008
1015
1008
992
977
1000
984
977
981.53
983.143
1008
961
978.392
976
946
956.281
958.125
961
961.288
930
976
969
992
985
1000
1023
1016.66
1023
1016
1015
1014.52
992
961
992
988.492
1000
996.239
1055
1054
1055
1031
1047
1031
1024
992
984
938
984
1008
1031
1047
1008
1013.06
1023
1016
1008
1031
1000
1000.35
1008
1003.83
1055
1031
1008
1031
1028.2
1022.05
1062
1047
1125
1096.53
1083.22
992
992
961
922
926.918
875
875
875
867
883
945
938
1031
1008
1055
1023
1039
1031
1016
1017.3
1031
1023
1016
1008
1031
1028.34
1025.56
1026.65
953
975.813
1047
1024.41
1086
1078
1047
1045.25
1039
1015
1024
1015
1016
1012.5
1008
1023
1020.18
1016
1031
1027.33
1022.66
1016
1000
961
1000
969
1023
1016
1039
1039
1031
1047
1039
1039
1040.1
1000
1017.97
992
992
993.397
992
1008
1000
1031
1039
1016
1031
1008
1047
1047
1101
1071
1067.1
1055
1031
1055
1055
1050.03
1023
992
985
984
985.956
992
984
985
987.016
969
961
930
945
945
961
961
961
961
964.68
1008
1047
1047
1078
1070
1086
1055
1031
1039
1031
1016
1031
1032.03
1031
1047
1039
1037.3
1008
1008
1031
1008
1011.28
1008
1008.78
1008
1016
1031
1000
1007.13
1008
1000
1003.08
1000
1000
1000
977
984
953
930
914
945
950.455
992
1003.27
1007.08
1031
1032.53
1029.4
1039
1008
992
984
977
969
953
976
946
984
1008
1007.78
1008
984
906
914
922
937
943.791
1070
1061.38
1008
984
969
961
1000
1031
1055
1031
1063
1101
1078
1102
1094
1062
1055
1039
1023
1014.46
1000
992
969
961
953
922
924.93
923.809
914
914
914.318
898
875
875
875
859
844
836
828
830.236
828
844
851
853.96
859.524
914
932.575
899
922
968
946
914
906
906
922
917.535
899
898
875
871.981
875
906
899
894.526
891.759
984
1000
1016
986.774
1062
1058.67
1038.07
1055
1031
1039
969
945
947.619
930
930
945
950.511
951.492
952.3
992
1000
992
953
956.901
907
945
942.254
977
984
983.065
1023
1047
1047
1031
1026.36
945
922
922.171
945
961
977
1008
1023
969
961
953
944.924
961
945
930
945
969
945
914
922
922
945
944.459
922
914
922
953
955.118
1000
1000
1000
1039
1047
1033.69
1070
1068.35
1062
1054.41
992
995.799
1008
1004.73
985
1015
1024
1031
992
953
946
948.634
1023
1026.68
1039
1055
1070
1078
1086
1070
1063
1054.25
1042.82
1032
1015
977
976
977
992
1008
1023
1028.83
1078
1071
1062.13
1094
1078
1064.49
1024
1022.15
1047
1055
1086
1078
1101
1133
1117
1102
1125
1086
1086
1008
1000
1002.5
992
969
961
984
977
992
984
985
984
938
984
981.631
981.349
953
938
976
1000
1039
1032
976
961
966.267
1016
1039
1078
1078
1078
1071
1059.18
1078
1078
1069.18
1056.19
1117
1086
1094
1086
1078
1109
1055
1055.1
1016
1023
1019.92
1018.06
1055
1053.31
1039
1031
985
992
992
993.453
1047
1039
1070
1047
1051.39
1039
1039
1039
1032
1039
1036.32
1055
1062
1024
1023
992
961
992
1008
1024
1023
1016
1031
1000
1000
1023
1008
1008
1008
1008.89
992
998.407
1000
891
906
891
906
906
914.573
945
951.738
1031
992
1008
1039
1008
1219
1062
1008
992
977
961
953
961
961
962.522
1008
1039
1070
1054.02
1008
992
961
984
977
976.836
992
961
965.939
992
993.102
992
987.568
984
961
964.054
962.103
962.705
984
1000
1008
1002.85
1015
1008
1039
1039
1039
961
961
992
1008
1024
1031
1047
1070
1047
1036.6
1047
1043.03
1078
1055
1070
1055
1054
1047
1039
1016
1047
1031
1031
1031.6
1030.19
1054
1024
1008
1014.57
1012.63
930
961
1000
1031
1021.95
1039
1070
1062.48
1047
1078
1055
1053.01
1086
1070
1094
1047
1078
1078
1067.71
1071
1062
1063
1058.93
1055.76
1053.28
1039
1062
1039
1055
1047
1047
1047
1054
1047
1055
1052.7
1023
985
1015
1016
1031
1032.31
1031
1000
953
960.913
914
922
914
906
883
867
844
875
875
914
922
936.84
937
946.21
955.529
961.737
930
953
961
960.461
992
992
1000
1024
1039
1032.17
1078
1074.07
1062
1055
1055
1052.53
1047
1039
1008
1000
1000
1016
1023
1047
1039
1047
1078
1070
1055
1086
1047
1008
1011.81
992
961
953
961
961
953
953
922
927.455
930
929
930
933.576
936.447
961
969
975.435
961
961
961
984
992
993.482
1000
1031
1047
1031
1047
1008
992
990.271
988.719
945
930
953
961
953
953
930
930
929
922
922
945
930
961
992
992
1000
977
992
1016
1023
1000
1008
1000
1016
1008.82
1002.61
969
945
906
899
883
890
875
879.347
881.823
906
914
805
820
821.491
824.866
820
824.528
789
797
781
766
773
758
750
742
758
757.774
750
757.281
760.065
781
797
820
828.398
867
871.838
844
859
860
890
881.321
870.206
914
891
922
914
929
922
919.701
922
922.537
914
914.081
891
898
898.482
894.66
836
813
812
805
797
789
812
805
805
820
820.527
805
812.425
805
808.582
797
797
798.289
800.178
802.552
789
795.683
774
781
781.936
789
797
820
823.367
828
852
851.288
867
852
867
844
859
854.528
836
839.698
828
836
828
852
859
867
863.251
867
864.969
852
859
836
820
805
797
789
781
774
773
773.118
781
783.339
782
786.495
789
812
805
852
859.325
858.512
856.999
805
828
797
828
828
826.628
844
875
867
867
883
877.59
906
896.26
938
961
953
969
992
984.116
1008
1008
1031
1027.31
1039
1008
1023
1027.04
1000
1039
1036.65
1054
1032
1039
1040.52
1039
1070
1055
1051.82
1078
1078
1055
1070
1055
1062
1055
1062
1063
1086
1078
1074.85
1078
1070
1071.35
1068.79
1070
1055
1101
1110
1101
1125
1119.49
1133
1128.16
1140
1102
1109
1110
1105.58
1117
1156
1125
1126.52
1141
1117
1133
1125
1122.92
1122.41
1094
1148
1131.43
1117
1102
1117
1148
1137.69
1148
1143.3
1148
1156
1133
1149
1148
1125
1172
1148
1180
1141
1164
1158.02
1153.8
1172
1149
1164
1187
1149
1187
1133
1148
1149
1125
1148
1142.51
1125
1156
1146.23
1133
1156
1147.69
1145.55
1141
1125
1148
1117
1094
1125
1086
1125
1121.13
1125
1156
1133
1125
1141
1101
1117
1125
1094
1133
1125
1125
1148
1110
1125
1148
1086
1102
1109.54
1055
1081.07
1039
1039
1055
1031
1039
1047
1040.62
1047.26
1023
1031.18
1000
992
1008
1000
1000
1039
1000
1039
1047
1039
1039
1047
1047
1046.74
1062
1056.98
1071
1064.72
1101
1086
1094
1094
1109
1125
1118.96
1133
1172
1164
1156
1164
1180
1174.88
1203
1172
1174.88
1177.45
1164
1180
1187
1181.31
1180.03
1109
1071
1109
1111.06
1094
1086
1070
1078
1076.72
1016
1062
1039
1024
1039
1023
1024
1027.61
1031
1039
1008
1008
1000
1008
1007.48
1016
1031
1039
1055
1078
1078
1117
1125
1141
1195
1203
1195.56
1172
1156
1102
1117
1141
1195
1188.93
1141
1164
1181.01
1172
1148
1110
1148
1117
1133
1129.73
1133
1141
1187
1141
1164
1141
1141.67
1164
1133
1125
1130.4
1086
1109
1111.6
1094
1125
1086
1097.3
1109
1125
1195
1141
1146.05
1172
1164
1156
1156.91
1117
1149
1156
1164
1180
1172.52
1164
1164
1163.23
1110
1109
1094
1086
1062
1047
1031
1016
1039
1039
1047
1031
1016
1031
1000
1008
1008
1015
1016
1000
1039
1039
1047
1078
1047
1078
1077.92
1078
1063
1070
1047
1039
1047
1047
1031
1039
1038.33
1039
1037.48
1062
1055
1052.46
1047
1054
1016
1039
1034.8
1015
1021.7
1000
1031
1016
1070
1078
1086
1094
1141
1131.72
1149
1148
1141
1187
1176.7
1169.54
1167.74
1125
1156
1094
1000
961
914
930
945
969
1023
1050.81
1070
1047
1094
1086
1101
1133
1127.66
1141
1156
1151.04
1180
1178.31
1203
1200.9
1180
1203
1211
1187
1203
1172
1172
1174.34
1157
1164
1179
1180
1175.48
1175.3
1156
1172
1164
1125
1180
1179
1180
1172
1125
1094
1086
1062
1063
1054
1016
1055
1039
1046.51
1039
1024
1028.78
1039
1047
1047
1039
1070
1072.77
1078
1141
1142.33
1172
1167.5
1164
1156
1125
1122.29
1125
1109
1108.99
1133
1140
1141
1156
1102
1125
1125
1125
1156
1147.01
1110
1156
1148
1133
1133.47
1148
1133
1133
1109
1125
1125
1141
1156
1109
1102
1125
1126.76
1086
1109
1112.16
1141
1164
1125
1164
1125
1133
1109
1125
1117
1119.5
1125
1133
1156
1150.6
1172
1148
1102
1156
1142.91
1141
1148
1133
1125
1156
1133
1125
1156
1117
1124.59
1127.2
1125
1125.15
1117
1101
1110
1109
1107.82
1133
1109
1125
1149
1125
1140
1141
1094
1117
1118.73
1117
1117
1141
1125
1164
1164
1156
1149
1148
1094
1117
1102
1070
1083.43
1039
1055
1062
1055
1047
1054.98
1094
1094
1097.13
1102.57
1117
1133
1109
1114.27
1133
1117
1086
1117
1055
1109
1100.31
1096.18
1078
1117
1117
1141
1094
1078
1101
1086
1039
1055
1086
1109
1095.73
1164
1125
1119.1
1164
1153.31
1125
1125
1109
1105.44
1117
1086
1102
1117
1109
1141
1133
1125
1133
1156
1117
1125
1172
1152.31
1156
1180
1164.03
1133
1164
1158.74
1070
1086
1125
1102
1101.34
1120.2
1119.33
1180
1172
1195
1172
1164.7
1163.6
1164
1125
1141
1133
1117
1118.92
1124.17
1125
1120.64
1164
1133
1132.14
1117
1102
1148
1149
1141.76
1179
1172
1164.71
1149
1125
1109
1125
1086
1117
1086
1092.64
1094
1092.09
1117
1133
1133
1148
1117
1123.1
1164
1102
1112.88
1156
1133
1133
1141
1109
1125
1122.91
1086
1070
1076.21
1086
1078
1117
1116.84
1125
1164
1133
1117
1156
1157
1140.47
1146.01
1179
1125
1141
1164
1125
1141
1164
1117
1078
1102
1140
1127.56
1127.1
1141
1125
1140
1094
1125
1156
1102
1117
1133
1156
1172
1172
1133
1148
1156
1110
1148
1133
1117
1125
1141
1140
1157
1195
1164
1164
1172
1203
1156
1160.38
1149
1117
1133
1156
1125
1133
1138.43
1135.86
1156
1156.48
1125
1149
1156
1125
1141
1125
1109
1117
1133
1128.44
1129.47
1133
1117
1125
1127.81
1123.56
1124.83
1149
1156
1086
1125
1141
1078
1117
1125
1125
1133
1140
1125
1133
1102
1111.88
1116.99
1125
1125
1125.28
1127.93
1127.73
1156
1125
1141
1109
1123.65
1125
1123.05
1124.33
1125
1094
1116.13
1078
1078
1081.35
1086
1078
1125
1141
1140
1149
1148
1172
1164
1125
1172
1160.84
1117
1125
1126.91
1148
1133
1136.57
1133
1129.06
1125
1094
1125
1133
1148
1094
1133
1148
1094
1117
1141
1133
1211
1195
1180
1156
1133
1148
1133
1078
1102
1108.16
1110
1164
1156
1164
1141
1070
1085.76
1164
1102
1031
1008
1031
1047
1180
1187
1165.56
1211
1187
1219
1203
1180
1234
1172
1180
1187
1149
1149.23
1150.78
1141
1164
1159.57
1155.1
1154.16
1055
1090.26
1133
1172
1161.04
1188
1181.88
1173.47
1203
1242
1219
1250
1219
1212.48
1195
1164
1125
1149
1187
1141
1195
1211
1156
1149
1179
1172
1188
1195
1183.65
1195
1190.46
1195
1180
1183.7
1195
1189.8
1148
1172
1148
1141
1172
1164
1160.76
1164.32
1141
1149.52
1152.23
1102
1109
1125
1047
1000
1008.13
1164
1125
1125
1172
1148
1164
1196
1195
1203
1211
1196.09
1203
1172
1211
1164
1164
1166.5
1141
1144.71
1145.73
1141
1109
1117
1117.82
1125
1125
1094
1140
1094
1047
1078
1125
1117.69
1164
1172
1156
1162.09
1156
1152.58
1133
1148
1133
1172
1164.53
1172
1203
1180
1172
1172
1166.39
1039
1078
1055
1039
1045.99
1050.03
1164
1163.47
1180
1133
1164
1117
1094
1098.31
1125
1117
1125
1094
1141
1140
1110
1117
1156
1149.88
1141
1195
1172
1159.32
1070
1047
1031
1133
1136.53
1195
1227
1205.92
1172
1211
1211
1211
1226
1180
1195
1211
1196
1218
1210.86
1180
1164
1164
1160.66
1102
1070
1073.86
1076.27
1156
1203
1199.48
1194.52
1055
1070
1172
1242
1232.5
1274
1281
1259.79
1219
1234
1172
1203
1180
1173.32
1211
1102
1086
1096.83
1125
1203
1203
1180
1219
1203
1190.02
1188
1156
1148
1141
1137.29
1136.16
1136.68
1086
1024
1028.49
1027.97
1117
1203
1204.92
1211
1205.83
1190.44
1156
1203
1172
1125
1164
1172
1133
1172
1183.57
1171.18
1117
1024
1023
1078
1141
1147.75
1172
1172
1140
1141
1140.74
1124.53
1047
1039
1000
969
1000
1034.22
1039
1055
1117
1117
1156
1180
1141
1179
1157
1109
1055
1031
1039
1040.37
1125
1156
1156
1180
1195
1180.59
1203
1156
1063
1054
1055
1047
1055
1148
1180
1187
1164
1141
1148
1141
1164
1133
1126.89
1094
1070
1133
1164
1160.22
1195
1188.01
1125
1164
1156
1154.14
1156
1156
1094
1109
1047
1016
1156
1109
1094
1164
1219
1203
1195
1188
1164
1158.07
1164
1141
1136.39
1070
1039
1039
1133
1147.23
1156
1156.97
1172
1133
1156
1141
1127.42
1156
1172
1078
1047
1000
999.284
1000.45
1250
1172
1203
1195
1172
1160.8
1151.33
1203
1211
1219
1203
1203
1172
1109
1063
1063.74
1072.41
1172
1172
1172
1195
1141
1179
1178.3
1167.54
1055
1055
1070
1078.78
1219
1211
1198.06
1242
1219
1203
1203
1172
1164
1117
1110.2
1032
1117
1117
1219
1156
1133
1139.64
1172
1164
1125
1172
1172
1125
1164
1172
1164
1155.62
1157.35
1047
1078
1141
1164
1172
1219
1203
1172
1203
1172
1148
1086
1099.37
1015
977
1031
1078
1102
1156
1125
1141
1140
1110
1109
1086
1086
1125
1125
1117
1117
1141
1094
1070
1078
1070
1000
961
938
953
1000
1148
1141
1131.08
1133
1164
1156
1149
1145.45
1125
1156
1133
1086
1117
1141
1132.07
1078
1023
1000
985
1086
1164
1150.06
1235
1234
1211
1242
1188
1170.56
1156
1086
1031
1016
1016.53
1020.21
1141
1195
1180
1211
1180
1195
1164
1180
1177.88
1195
1180
1203
1156
1156.23
1172
1086
1047
1031
1031
1078
1172
1188
1183.21
1211
1164
1158.26
1133
1117
1110.1
1016
984
984
1102
1133
1117
1125
1195
1180
1203
1196.38
1195
1195
1203
1188.91
1176.39
1086
1055
1039
1094
1101
1071
1109
1135.69
1031
1086
1125
1119.07
1109
1125
1141
1180
1211
1234
1215.92
1205.36
1195
1180
1156
1047
1008
1062
1063
1164
1187
1172
1211
1180
1179
1141
1135.1
1125
1141
1109
1039
1000
1039
1078.45
1107.67
1117.35
1250
1203
1196.88
1180
1125
1101
1110
1117
1111.6
1164
1169.96
1070
1070
1084.68
1008
1039
1133
1164
1179
1196
1184.68
1172
1148
1086
1000
953
961
969
1039
1195
1208.43
1219
1209.38
1164
1195
1180
1156
1172
1164
1146.26
1187
1172
1094
1047
1070
1055
1056.55
1164
1169.72
1141
1172
1164
1133
1140
1135.86
1070
992
961
1047
1083.56
1148
1188
1156
1195
1188
1187
1102
1109.28
984
930
932.24
934.662
1157
1162.91
1157.18
1211
1226
1211
1192.79
1191.39
1196
1183.54
1172
1168.96
1165.92
1164
1180
1148
1147.72
1039
1125
1141
1203
1189.16
1219
1242
1211
1195
1164
1188
1195
1211
1219
1203
1201.35
1202.08
1070
1024
1086
1156
1173.72
1203
1172
1164
1156
1172
1188
1179
1175.65
1172.61
1133
1148
1188
1195
1211
1211
1164
1166.57
1165.86
1062
1063
1065.75
1109
1102
1156
1164
1161.02
1164
1133
1172
1172
1117
1156
1164
1094
1070
1024
1101
1094
1172
1180
1164
1164.61
1180
1156
1180
1164
1150.99
1140
1141
1039
969
973.044
1039
1077.08
1125
1144.63
1187
1141
1195
1188
1187
1173.52
1166.46
1188
1195
1178.92
1125
1094
1039
1008
1039
1070
1141
1195
1164
1203
1188
1226
1164
1141
1156
1133
1124.17
1125
1000
1000
1039
1125
1133
1164
1169.18
1162.21
1172
1149
1179
1180
1172
1117
1125
1086
1016
1023
1102
1148
1172
1172
1211
1187
1203
1188
1172.73
1161.45
1180
1170.83
1109
1117
1086
1133
1172
1125
1156
1163.26
1109
1102
1140
1125
1110
1148
1086
1093.18
1008
1125
1156
1172
1180
1175.44
1110
1118.85
1219
1211
1211
1203
1195
1203
1164
1055
1072.15
1117
1156
1133
1180
1156
1172
1148
1141
1141.64
1138.32
1131.18
1156
1164
1164
1172
1165.91
1172
1094
1031
1055
1117
1133
1195
1180
1172
1203
1164
1125
1129.7
1123.2
1140
1157
1125
1054
985
1062
1063
1071.53
1109
1203
1219
1219
1194.91
1183.9
1164
1148.91
1156
1133
1133
1125
1118.88
1016
1039.2
984
984.39
984.933
1211
1187.74
1227
1211
1194.26
1164
1152.89
1141.65
1149
1195
1172
1156
1157.23
1180
1148
1086
1008
976
1000
1102
1144.37
1195
1194.47
1203
1226
1188
1164
1133
1118.62
1125
1127.99
1078
1110
1031
1038.76
930
1023
1164
1227
1273
1211
1227
1187
1125
1047
1046.08
1047
1024
1109
1172
1164
1163.52
1179
1141
1164
1172
1125
1126.11
1055
1016
1017.66
1020.7
1180
1187
1173.09
1211
1180
1166.44
1125
1133
1127.23
1164
1125
1164
1163.42
1117
1024
1023
1047
1078
1094
1086
1125
1101
1071
1071.99
1075.1
1125
1120.18
1113.01
1156
1156.02
1133
1128.64
1149
1172
1101
1008
1039
1047
1052.46
1046.01
1188
1164
1156
1172
1163.91
1141
1172
1171.68
1140
1157
1164
1109
1039
1054.92
1023
1016.73
1039
1141
1133
1124.19
1203
1192.96
1158.52
1219
1195
1180
1187
1149
1136.97
1000
1008
1039
1156
1172
1211
1211
1172
1187
1180
1133
1132.07
1117
1102
1148
1180
1164
1133
1148
1144.47
1141
1203
1199.22
1078
1000
1016
1070
1109
1141
1172
1187
1188
1187
1141
1138.88
1195
1180
1172
1187
1133
1188
1164
1156
1125
1125
1039
1047
1117
1094
1078
1086
1078
1078.91
1079.92
1070
1072.24
1072.66
1072.58
1125
1164
1102
1054
1024
1117
1156
1172
1153.07
1195
1164
1150.92
1172
1148
1180
1172
1161.02
1187
1180
1141
1148
1156
1055
1000
1000
1133
1156
1219
1211
1195
1211
1211
1172
1117
1125
1094
1070
1133
1172
1187
1180
1176.12
1164.19
1150.02
1062
1055
1086
1156
1162.81
1155.14
1203
1205.69
1156
1133
1134.9
1164
1125
1156
1170.48
1094
1031
1041.79
1039
1086
1164
1169.31
1203
1203
1184.73
1133
1102
1140
1180
1172
1164
1156
1133
1078
1070
1086
1164
1141
1135.87
1141
1156
1133
1164
1164
1055
992
969
992
1023
1172
1211
1195
1180
1174.22
1156
1164
1156
1133
1156
1141
1141
1148
1125
1086
1086.53
1125
1164
1164
1211
1125
1133
1164
1125
1133
1180
1174.51
1211
1133
1138.9
984
985
1093
1141
1242
1219
1172
1203
1195
1188.67
1188
1195
1172
1164
1219
1204.46
1156
1164
1094
1008
984
1008
1086
1127.94
1141
1172
1174.96
1172
1188
1156
1156
1133
1125
1109
1125
1110
1117
1125
1172
1203
1198.77
1219
1211
1195
1227
1195
1188.69
1195
1188.14
1181.65
1062
1098.47
961
1039
1125
1133.7
1188
1195
1195
1164
1166.46
1141
1140
1138.49
1203
1164
1094
1109
1102
1133
1156
1187
1172
1164
1133
1133
1125
1125
1148
1172
1166.58
1161.17
1094
1055
1055.59
1125
1141
1150.47
1149
1141.11
1179
1180
1203
1149
1148
1153.16
1039
977
1000
1016.29
1109
1133
1133
1127.75
1128.7
1125
1078
1070.8
1071.91
1073.09
1164
1172
1164
1156
1086
1024
1023
1008
1078
1094
1078
1164
1078
1000
1001.06
1000
1109
1149
1134.63
1120.47
1117.02
1211
1188
1164
1156
1070
1066.24
953
953
992
1086
1211
1188
1164
1156
1164
1117
1133
1133
1133
1054
1016
1039
1086
1156
1148.52
1164
1161.95
1195
1181.89
1164
1141
1117
1106.19
1117
1047
1045.91
1024
1086
1101.62
1106.38
1156
1125
1149
1148
1125
1141
1179
1149
1109
1047
1052.39
1031
1031.53
1110
1138.7
1136.68
1086
1093.96
1086
1148
1172
1141
1135.1
1172
1164
1133
1128.76
1102
1008
953
953
1000
1058.16
1250
1242
1203
1187.36
1164
1164
1148.3
1156
1125
1125
1086
1086
1117
1164
1125
1164
1188
1164
1153.19
1172
1164
1148
1071
1015
1008
1070
1180
1203
1188
1179
1110
1117
1125
1086
1086.96
1164
1125
1115.88
1117
1078
1086
1125
1203
1188
1203
1156
1164
1156
1147.65
1135.91
1125.97
1000
1031
1086
1164
1227
1219
1226
1188
1156
1070
1068.73
1000
1047
1077.85
1164
1156
1141
1117
1133
1094
1109
1114.46
984
985
968
969
1008
1033.35
1048.33
1141
1144.32
1134.24
1141
1148
1164
1133
1156
1133
1094
1140
1188
1187
1157
1157.48
1133
1164
1203
1164
1180
1148
1149
1156
1117
1125
1124.16
1110
1164
1156
1141
1148
1117
1094
1100.08
1133
1149
1156
1156
1094
1070
1047
1047
1086
1117
1094
1103.25
1109
1094
1062
1016
1019.8
1039
1063
1109
1125
1133
1125
1125
1125
1120.3
1109.84
1070
1063
1062
1047
1047.14
1049.93
1016
1039
1008
1010.55
992
969
945
961
938
961
961
968
972.913
945
930
977
972.871
1008
1023
1047
1031
1016
1016
1000
992
961
945
930
937
930
969
1000
1015
1008
1039
1047
1039
1008
1039
1036.64
1039
1062
1016
1031
1047
1023
1047
1063
1039
1041.07
1086
1070
1086
1109
1086
1078
1079.3
1062
1059.01
1093
1071
1062
1066.9
1063.67
1078
1094
1109
1096.74
1094
1101
1094
1070
1086
1047
1070
1055
1016
992
992
1016
1023.71
1039
1039
1044.15
1047.29
1078
1055
1047
1062
1047
1047
1086
1055
1070
1078
1055
1062
1063
1070
1062.46
1064.04
1063.22
1059.69
1117
1094
1085.78
1109
1110
1117
1109
1102
1109
1078
1086
1083.34
1078
1086
1078
1109
1102
1109
1094
1109
1063
1047
1031
1023
1008
1031
1016
1039
1047
1047
1052.7
1047
1047
1049.55
1039
1031
1033.55
1016
1000
1031
1016
1019.87
1024
1031
992
1000
1008
1008
1015
1032
1070
1070
1065.52
1047
1039
1031
1016
1039
1040.37
1008
1039
1039
1047
1039.96
1078
1055
1070
1055
1039
1041.45
1047
1031
1039
1047
1042.78
1024
1031
1023
1016
1031
1008
1047
1039
1036.36
1047
1042.56
1000
1000
1003.71
984
1000
1016
1031
1039
1045.23
1039
1039
1041.19
961
961
969
984
986.803
997.861
969
981.343
1031
1008
1000
1023
1016
992
1000.95
1003.67
969
953
969
961
976
961
969
972.898
953
958.652
914
930
1000
990.065
1039
1031
1055
1031
1047
1102
1083.48
1109
1039
1055
1070
1063.9
1047
1046.48
1117
1164
1164
1172
1148
1141
1142.04
1164
1164
1164
1172
1133
1132.52
1125
1133
1125
1125
1133
1148
1117
1120.27
1110
1109
1117
1125
1102
1117
1133
1125
1140
1133
1133
1133.88
1141
1137.86
1102
1125
1122.35
1125
1117
1120.52
1086
1086
1133
1117
1125
1148
1102
1117
1102
1070
1055
1059.32
1039
1024
1031
1039
1042.35
1046.97
1000
1016
1018.44
1019.72
1000
1006.88
1031
1008
1023
1027.67
1028.85
1000
1000
1000
1003.03
984
977
992
1000
1008
1047
1039
1054
1063
1070
1055
1078
1078
1063
1078
1070
1061
1070
1070
1071
1070
1070
1071
1070
1047
1050.88
1024
1039
1047
1039
1031
1039
1037.48
1036.49
1047
1045.58
1078
1086
1047
1047
1039
1008
1015
985
992
984
953
961
961.337
1015
1026.47
1062
1086
1055
1039
1031
1039
1039.36
1047
1101
1102
1125
1109
1094
1117
1078
1055
1056.13
1055
1051.05
1055
1094
1070
1078
1077.05
1047
1078
1086
1076.81
1070
1072.42
1062
1063
1101
1055
1078
1078
1047
1047
1051.49
1094
1133
1156
1125
1125
1124.55
1125
1117
1094
1078
1070
1071
1070.9
1078
1079.22
1070
1086
1086.63
1133
1125
1133
1062
977
930
929.435
930.511
1016
1187
1180.29
1125
1078
1086
1055
1031
1031
1055
1078
1016
1016.37
1047
1086
1055
1062
1047
1043.23
1109
1125
1180
1140.87
1117.23
1112.5
1180
1172
1148
1172
1172
1141
1136.34
1156
1125
1180
1156
1164
1172
1172
1187
1178.19
1172
1195
1185.44
1133
1133
1094
1039
1062
1086
1094
1086
1094
1117
1133
1156
1164
1094
1110.78
1078
1055
1056.85
1101
1141
1143.06
1133
1133.9
1125
1094
1086
1101
1055
1061.5
1066.07
1070
1016
1025.16
1070
1078
1055
1070
1094
1086
1117
1086
1078
1082.44
969
1008
1109
1125
1101.81
1107.04
1148
1133.31
1116.02
1117.39
1117
1109
1102
1109
1078
1086
1094
1078
1086
1125
1115.54
1133
1148
1102
1086
1117
1148
1133
1156
1149
1172
1158.47
1172
1219
1195
1133
1156
1158.04
1125
1156
1125
1086
1070
1102
1109.76
1195
1203
1211
1197.44
1164
1156.9
1133
1109
1141
1145.81
1125
1125
1125
1140
1086
1102
1164
1164
1133
1156
1157.59
1141
1135.3
1148
1156
1110
1117
1124.31
1086
1063
1109
1133
1117
1156
1141
1126.58
1148
1149.87
1132.37
1156
1133
1121.22
1086
1047
1051
1055
1047
1052.37
1047
1156
1211
1250
1234
1219
1219
1242
1211
1211
1203
1195.36
1242
1219
1211
1219
1195
1192.05
1190.93
1196
1218
1211
1219
1242
1188
1195
1195.9
1196
1226
1211
1219
1203
1219
1215.22
1164
1156
1125
1125
1125
1164
1178.11
1189.87
1172
1179.21
1156
1158.83
992
1056
1056.95
906
930
953
1008
1062
1071.72
1071
1078.62
1063
1031
1039
1047
1023
1000
1008
1024
1023
1008
1039
1047
1039
1031
1016
1070
1070
1047
1055
1086
1078
1055
1062
1086
1055
1031
1042.7
1125
1125
1087.7
1141
1109
1086
1078
1081.98
1076.99
1070
1047
1047
1055
1070
1055
1070
1008
1023
1016
1078
1039
1047
1078
1070
1086
1094
1087.42
1101
1094
1133
1109
1102
1104.1
1101.72
1093
1086
1094
1078
1078
1094
1086
1117
1106.72
1164
1187
1141
1195
1203
1187.58
1164
1180
1133
1141.2
1211
1172
1167.95
1195
1172
1195
1172
1170.83
1172.66
1156
1149
1179
1168.25
1195
1184.04
1203
1172
1172
1164
1164
1133
1156
1153.14
1141
1125
1156
1133
1137.36
1180
1167.33
1125
1094
1078
1078
1063
1068.56
977
1070
1250
1203
1172
1174.38
1177.21
1102
1117
1148
1149.55
1070
1084.15
1099.24
1105.22
1055
1066.77
1078
1084.52
1047
1050.66
1125
1109
1083.59
1109
1125.05
1156
1125
1133
1133
1118.64
1117
1110
1125
1140
1121.2
1148
1149
1156
1164
1195
1180
1211
1201.29
1195
1149
1156
1152.98
1145.64
1141.47
1141.19
1125
1117
1125
1133
1094
1125
1125
1156
1149
1148
1133
1125
1148
1143.24
1102
1078
1070
1039
1055
1058.24
1070
1079.3
1094
1103.26
1055
1078
1070
1063
1066.5
1093
1096.18
1047
1070
1055
1039
1047
1049.5
1023
1008
1014.03
1016
1023
1047
1053.88
1070
1055
1060.97
1047
1047
1078
1094
1078
1117
1102
1117
1133
1148
1156
1149
1172
1170.81
1148
1157
1179
1172
1166.04
1163.68
1172
1170.22
1172
1167.34
1172
1187
1180
1164
1156
1133
1094
1109
1133
1055
1070
1078
1117
1102
1133
1140
1195
1172
1172.07
1176.25
984
969
945
945
948.275
1047
1117
1133
1141
1109
1086
1070
1055
1039
1055
1062.27
1039
1055
1086
1070
1063
1064.61
1070
1016
1023.59
1023.83
977
992
1031
1034.5
969
961
961
961
992
992
992
985
984
986.498
984
969
976
985
985.948
969
969
976
977
978.28
969
992
969
971.802
976
969
992
969
1000
984
977
992
977
992
992
984
969
992
982.419
992
1000
1000
1039
1023
1016
1031
1026.93
1031
1008
1000
992
1031
1000
1000
1000
992
1000
1000
1016
1009.91
1008
1008
1015
1008
1000
1008
1023
1000
969
977
984
961
953
945
930
931.937
961
969
961
969
992
992
969
961
967.745
977
992
992
1047
1039
1016
1009.16
1031
1039
1000
996.353
1000
1008
998.475
992
1024
1070
1046.05
1026.92
1024.53
1086
1047
1039
1032.23
1031
1016
1000
1078
1063
1034.61
1102
1125
1070
1024
1034.78
1062
1048.65
1032.3
1037.98
1078
1078
1086
1039
1031
1024
1054
1051.48
1016
1019.54
1063
1086
1070
1078
1078
1063
1054.44
1049.7
1086
1094
1125
1117
1094
1125
1109
1094
1125
1125
1112.31
1125
1140
1128.49
1148
1141
1156
1156
1188
1156
1156.26
1219
1180
1164
1165.66
1141
1125
1156
1156
1117
1110
1140
1110
1148
1164
1125
1134.59
1141.26
1133
1164
1180
1156
1164
1164
1125
1156
1180
1164
1125
1125
1133
1117
1086
1098.28
1102
1086
1078
1088.63
1047
1055
1117
1117
1094
1125
1125
1133
1140
1125
1110
1117
1117
1086
1094
1062
1039
1016
1039
1031
1035.76
1039
1094
1102
1109
1094
1096.77
1097.52
1078
1070
1067.08
1064.21
1094
1086
1087.14
1078
1078
1039
1039
1039.74
1041.63
1062
1070.08
1117
1117.94
1111.14
1125
1125
1156
1125
1102
1086
1101
1086
1086.18
1093
1110
1117
1111.63
1107.82
1078
1079.65
1078
1078
1055
1062
1039
1041.5
1000
1031
1078
1086
1086.97
1078
1078
1047
1039
1039
1024
1023
1024.88
1039
1055
1063.15
1055
1055
1101
1063
1109
1133
1122.17
1078
1094
1109
1125
1094
1125
1109
1098.23
1094.18
1094
1117
1110
1078
1070
1077.35
1055
1054
1055.81
1056.67
1094
1086
1133
1127.55
1156
1157
1147.73
1141.1
1136.66
1117
1055
992
992.622
899
937
1133
1130.41
1047
1065.27
1031
992
992
1008
1019.98
1016
1031
1039
977
988.32
992
1000
998.826
1000
1000
1055
1048.52
1047
1039
1078
1047
1031
1039
1055
1031
1026.04
1078
1094
1109
1083.67
1094
1094
1079.57
1024
1062
1024
1023
1039
1047
1047
1039
1042.15
1047
1039
1039
1102
1140
1112.45
1094
1148
1172
1133
1164
1125
1094
1070
1156
1188
1195
1141
1148
1117
1116.43
1117
1133
1125
1172
1156
1125
1164
1172
1133
1156
1141
1133.52
1133
1172
1164
1164
1172
1166.08
1172
1195
1164
1156
1159.28
1125
1141
1148
1157
1164
1156
1164
1164
1164
1159.77
1172
1187
1157
1148
1102
1109.33
1117
1133
1133
1187
1149
1125
1117
1078
1047
1078
1172
1148
1133
1117
1102
1109
1125
1102
1102.27
1133
1117
1110
1140
1133
1124.49
1093
1099.82
1055
1109
1133
1125.57
1116.01
1141
1148
1136.73
1149
1125
1156
1172
1133
1156
1156.68
1141
1140
1125
1016
945
914
946
1015
1008
1164
1211
1180
1148
1146.21
1133
1093
1063
1063.2
1086
1097.29
1008
1008
1039
1023
1055
1078
1078
1039
1055
1055
1049.07
1008
1031
1008
1023
1008
1010.14
1055
1057.98
1070
1066.49
1070
1133
1121.97
1104.06
1125
1125
1164
1102
1106.45
1164
1172
1172
1187
1219
1195
1227
1203
1203
1203
1211
1188
1203
1195
1219
1219
1195
1195
1188
1234
1242
1211
1180
1185.96
1187.71
1203
1211
1172
1174.68
1180
1187
1180
1180
1195
1195
1180
1156
1188
1187
1188.07
1211
1172
1164
1170.62
1141
1125
1140
1133
1137.21
1125
1125
1102
1109
1094
1070
1074.52
1070
1047
1047
1039
1041.63
1039
1055
1039
1031
1000
1008
1007.72
1047
1047
1056.6
1078
1078
1125
1133
1086
1055
1070
1039
1043.68
1055
1078
1016
1023
1016
1078
1073.79
1047
1063
1109
1094
1070
1070
1077.64
1047
1055
1070
1109
1094
1086
1047
1078
1055
1078
1047
1070
1047
1078
1031
977
937
930
1031
1110
1218
1172
1172
1141
1156
1117
1094
1070
1110
1125
1118.77
1105.32
1101
1063
1062
1055
1078
1047
1047
1049.33
1054
1054.62
1055
1052.94
1133
1125
1140
1141
1156
1133
1132.52
1086
1078
1078
1078.03
1078.68
1086
1141
1143.82
1138.13
1110
1078
1074.35
1078
1078
1039
1063
1125
1128.9
1102
1140
1142.84
1109
1071
1109
1118.94
1125
1086
1125
1133
1109
1117
1141
1133.2
1117
1094
1078
1055
1062
1063
1063.51
1063
1067.36
1055
1101
1094
1117
1112.87
1141
1136.94
1125
1117
1039
1039
1094
1133
1164
1155.04
1133
1156
1164
1152.55
1195
1195
1172
1172
1180
1164
1195
1164
1162.59
1161.31
1153.45
1148
1157
1148
1141
1187
1133
1156
1141
1125
1086
1086
1070
1008
961
976
975.809
980.323
984
1016
1031
1008
1047
1125
1140
1180
1174.87
1078
1063
1065.12
1055
1016
1054
1071.72
1067.99
1141
1156
1141
1125
1120.08
1108.97
1125
1116.14
1133
1148
1133
1164
1164
1149.47
1144.45
1136.99
1125
1133
1128.6
1133
1148
1180
1125
1164
1155.62
1164
1156
1133
1125
1125
1164
1133
1148
1141
1139.75
1149
1148
1125
1156
1149.11
1125
1109
1094
1097.34
1099.18
1086
1086
1078
1047
1016
1018.03
1017.37
1039
1049.64
1060.51
1078
992
961
963.697
984
1149
1234
1195.41
1169.99
1156
1094
1078
1078
1074.33
1069.42
1008
1015
1024
1039
1008
1007.21
1125
1128.29
1164
1109
1063
1039
1034.28
1125
1141
1211
1195
1125
1109.88
1125
1133.33
1128.82
1101
1086
1055
1078
1086
1087.08
1070
1055
1055
1078
1117
1125
1125
1148
1141
1125
1117
1094
1125
1203
1211
1172
1195
1133
1094
1086
1109
1039
1031
1055
1039
1055
1078
1078
1008
1070
1133
1125
1105.27
1055
1086
1078
1076.54
1070
1069.99
1055
1070
1086
1109
1094
1090.51
1094
1078
1039
1039
1086
1039
1086
1133
1086
1125
1125
1125
1140
1133
1123.85
1140
1133
1156
1141
1139.48
1133
1156
1146.78
1188
1172
1148
1164
1159.7
1148
1180
1172
1156
1172
1164
1160.71
1156
1133
1133
1172
1160.96
1172
1156
1141
1156
1086
1070
985
976
975.66
1195
1180
1179
1181.88
1133
1078
1055
1039
1000
1016
1070
1070
1078.85
1090.48
1078
1078
1078.3
1070
1109
1055
1047
1062
1063
1057.29
1047
1070
1094
1070
1047
1086
1117
1133
1141
1148
1102
1101.26
1086
1063
1039
1070
1078
1102
1164
1133
1125.52
1124.92
1109
1098.5
1086
1086
1156
1125
1125
1133
1125
1109
1164
1102
1109
1055
1023
977
1000
1109
1141
1134.53
1133.3
1094
1055
1062
1055
1054.11
1016
1101
1116.69
1086
1088.44
1109
1078
1039
1047
1055
1039
1070
1094
1078
1078
1102
1096.23
1081.13
1086
1102
1109
1094
1125
1123.67
1106.1
1117
1133
1116.16
1103.73
1112.14
1125
1109.8
1156
1141
1133
1140
1135.99
1109
1086
1086
1055
1117
1123.95
1115.62
1086
1133
1101
1055
1073.48
1083.14
1071
1076.02
1117
1071
1031
1045.18
1050.71
961
992
1055
1156
1094
1101.34
1078
1047
1031
1008
1070
1074.4
1078
1063
1109
1109.01
1093.4
1063
1078
1023
1047
1188
1195
1203
1211
1133
1101
1071
1062.19
1039
1086
1086
1078
1078.01
1086
1087.48
1070
1070.46
1069.66
1047
1049.72
1039
1039
985
1023
1102
1187
1133
1148
1149
1148
1094
1086
1055
1047.85
1000
1008
1000
945
922
921.717
921.34
930
992
1117
1117
1109.12
1062
1047
1086
1109
1141
1125.45
1117
1133
1156
1086
1149
1156.8
1172
1148.86
1141.8
1141
1136.61
1128.83
1122.55
1119.8
1117
1125
1172
1156
1133
1156
1078
1047
1094
1117
1070
1086
1094
984
930
781
781
766
773
766
773
758
758
773
758
766
773
766
772.542
766
789
820
825.178
830.155
852
867
859
844
844
847.033
820
797
828
844
875
914
922
906
914
899
890
883
875.244
922
914
953
961
969
958.718
961
984
938
939.086
977
961
953.831
1016
1002.18
990.977
1055
1078
1031
1047
1062
985
997.686
992
984
1000
1016
1039
1031
1026.37
1019.92
1039
1030.19
1031
1026.91
992
985
984
980.785
969
1000
969
1015
977
984.493
1008
1000.41
1008
1062
1086
1074.98
1125
1115.87
1047
1039
1000
1008
1015
1047
1055
1008
1039
1037.3
1055
1023
1029.59
1016
1023
1055
1047
1039.14
1024
1054
1054.16
969
1000
977
984
1016
1015
1013.12
1063
1054
1047
1063
1101
1087.24
1086
1101
1008
945
907
890
883
891
929
985
1156
1141.82
1164
1187
1125
1113.03
1133
1078
1071.96
1031
992
1000
1031
1046.81
1078
1080.89
1109
1086
1086
1080.96
1072.12
1031
1027.19
1024.85
1054
1071
1117
1078
1078
1080.87
1078
1063
1060.12
1059.02
1055.17
1050.06
1046.08
1070
1073.47
1070.55
1054
1008
1017.19
1039
1039
1055
1093
1071
1064.98
1008
1000
1008
1039
1055
1039
1125
1101
1086
1094
1078
1055
1045.88
1039.44
969
953
992
1000
1005.17
1102
1156
1086
1117
1133
1099.91
1090.51
1110
1109
1016
992
999.427
945
961
1055
1086
1117
1133
1140
1102
1117
1102
1075.06
1068.02
1070
1031
1008
1000
945
899
906
906.89
937
963.537
1141
1140.9
1188
1179.65
1172
1164
1179
1141
1109
1102
1117
1063
1078
1084.82
1054
1055
1125
1125
1156
1141
1164
1125
1164
1117
1063
1086
1109
1102
1125
1148
1133
1086
1078
1082.31
1008
969
937
914
961
961
1000
1000
1086
1125
1070
1086
1078
1055
1078
1094
1078
1076.51
1117
1117
1102.53
1086
1094
1055
1109
1105.16
1095.85
1092.08
1039
1023
1086
1125
1107.82
1125
1141
1125
1113.31
1148
1133
1086
1096.98
1016
1000
1000
1000
1008
1031
1048.01
1117
1086
1133
1135.84
1055
1094
1096.78
1078.69
1023
1055
1039
1062
1094
1070
1055
1066.59
1078
1039
1008
1000
1000
1062
1117
1094
1070
1055
1047
1038.91
1008
1078
1055
1031
1078
1094
1078
1133
1164
1132.39
1117.13
1118.33
1125
1032
1015
985
1015
1055
1078
1077.87
1125
1094
1109
1086
1047
1023
1016
1015.71
1070
1086
1117
1102
1093.12
1085.85
1008
1015
1016.88
1031
1062
1102
1125
1094
1179
1172
1102
1101
1102
1070
1063
1070
1078
1078
1094
1117
1078
985
945
891
875
859
852
859
875
906
930
953
1000
1000
1094
1125
1133
1148
1164
1133
1133
1117
1125
1148
1141
1141.41
1094
1117
1078
1078.42
1055
1055.31
1055
1078
1078
1076.79
1039
1078
1086
1023
1008
961
965.577
966.882
938
953
945
951.998
1047
1023
985
1000
1010.28
992
1008
1133
1164
1109
1110
1117
1078
1086
1164
1145.47
1156
1164
1125
1125
1141
1125
1148
1110
1078
992
930
922
906
992
1047.38
1077.73
1164
1133
1156
1141
1117
1115.77
1133
1130.14
1122.52
1109
1094
1055
1039
1000
1000
1047
1070
1079.94
1109
1156
1152.32
1109
1133
1102
1109
1133
1156
1117
1113.3
1133
1117
1125
1070
1024
1031
1047
1060.41
1094
1164
1156
1125
1180
1177.14
1156
1141
1117
1063
984
945
891
914
933.876
982.135
1148
1102
1172
1181.42
1156
1141.96
1172
1165.65
1164
1164
1160.96
1102
1102.51
961
945
992
1078
1086
1133
1164
1154.95
1172
1168.89
1078
1086
1125
1116.51
1086
1070
1000
945
977
1018.18
1049.93
1117
1180
1168.79
1117
1125
1094
1039
961
965.167
930
945
1047
1164
1172
1203
1211
1180
1164
1148
1125
1086
1086
1133
1078
953
959.663
980.576
1013.04
1180
1203
1156
1180
1179.46
1148.09
1131.85
1124.61
1117
1133
1117
1086
1039
1008
1047
1087.06
1055
1117
1102
1109
1125
1094
1031
969
961
1015
1045.07
1086
1125
1094
1062
1000
1000.11
906
875
867
852
898
1156
1227
1281
1250.31
1195
1179.76
1203
1196.09
1195
1178.62
1125
1123.96
1133
1094
1109
1102
1078
1031
1039
1047
1047
1109
1133
1125
1141
1148
1139.98
1047
1056.66
930
883
898
930
984
1008
1047
1086
1078
1125
1128.09
1109
1117
1102
1078
984
988.485
993.278
898
930
1203
1211
1203
1242
1180
1195
1219
1189.62
1164
1162.89
1152.56
1149
1179
1141
1125
1109
1063
1039
1070
1047
1048.33
1047
1070
1008
961
953
1016
1031
1078
1156
1133
1133
1138.6
1133
1117
1116.92
1116.4
1094
1000
1006.21
961
961
1023
1102
1117
1112.19
1110
1096.83
1125
1156
1138.52
1122.65
1172
1141
1062
969
971.777
906
914
921.186
1125
1203
1234
1203
1190.76
1242
1156
1157
1160.11
1164
1141
1141
1142.83
1117
1109
1055
1047
1078
1086
1086
1117
1133
1086
1008
953
957.212
914
922
1031
1086
1172
1211
1164
1164
1164
1125
1125
1133
1126.27
1094
1086
1086
1047
1054
1000
930
922
898
891
969
1015
1063
1094
1109
1078
1031
1030.92
1032.97
1070
1102
1164
1156
1172
1156
1142.73
1063
1078
1078
1086
1117
1125
1055
1125
1125
1078
1055
992
953
952.992
954.846
960.511
1078
1117.51
1031
1055
1055
1048.09
1125
1086
1086
1117
1109
1094
1133
1126.62
1094
1101
1104.84
1091.82
1087.32
1090.2
945
922
937.212
941.577
1172
1150.34
1211
1219
1172
1187
1141
1101
1094
1086
1047
969
945
953
961
968.427
1078
1055
1086
1156
1133
1133
1156
1141
1117
1078
1047
992
990.973
1039
1047
1086
1164
1162.98
1125
1086
1047
1036.05
945
961
969
976.654
1000
1013.12
945
984
1063
1067.61
1180
1164
1133
1156
1152.97
1125
1109
1102
1093.45
1086
1039
1047
1050.36
1039
1008
1031
1031
1016
1018.94
1023
1000
1005.83
1000
1008
992
985
1093
1102
1117
1133
1133
1117
1148
1141
1086
1109
1102
1078
1031
961
914
883
891
945
1039
1086
1092.65
1211
1156
1141
1109
1047
1016
1070
1039
977
929
891
875
879.577
886.302
953
1063
1172
1187
1141
1125.01
1187
1125
1103.22
1133
1136.51
1086
1085.04
1070
1066.76
1109
1070
1000
1008.26
1023.28
1000
969
984
1039
1086
1117
1098.05
1156
1153.93
1125.25
1133
1140
1141
1126.34
1109
1086
1000
992
1031
1180
1172
1133
1140
1141.31
1094
1082.41
1082.42
1094
1078
1117
1070
1047
1039
1039
1040.84
1164
1164
1125
1141
1148
1086
1078
1055
1031
1008
1006.96
1109
1055
1061.15
1039
1047
1070
1078
1076.94
1078
1094
1125
1114.77
1117
1109.08
1133
1078
1008
922
925.2
875
881.991
884.38
1164
1242
1242
1210.22
1211
1179
1102
1109
1071
1039
1037.73
1037.56
1109
1113.59
1078
1000
969
973.185
979.398
1008
1078
1086
1084.73
1086
1078
1070.07
1156
1125
1078
1117
1102
1078
1077.48
1079.99
1008
1008
1054
1071.55
992
1009.61
969
1000
1000
1086
1125
1141
1156
1142.98
1141
1101
1096.63
1092.34
1080.93
1086
1133
1125
1195
1195
1157
1218
1180
1117
1055
1039
1031
1008
1047
1094
1070
1047
1039
1000
1000
1047
1133
1125
1101
1008
961
914
912.734
953
1000
1110
1226
1180
1162.56
1117
1117
1094
1109
1125
1094
1081.68
1094
1100.41
1125
1141
1125
1070
984
930
969
1000
1062
1076.22
1076.47
1071.02
1086
1086
1063
1070
1125
1078
992
922
929.067
935.005
992
1141
1164
1156
1138.82
1117
1125
1180
1141
1125
1117
1148
1137.67
1148
1141
1133
1109
1078
1074.72
969
953
914
945
1024
1070.02
1102
1125
1140
1132.66
1120.9
1117
1133
1131.73
1172
1168.34
1078
1047
1015
961
1000
1024
1031
1023
1000
1016
1000
1039
1086
1117
1086
1102
1140
1110
1125
1125
1109
1105.81
1086
1086
1008
961
914
913.022
913.416
1133
1141
1117
1133
1125
1101
1094
1125
1117.84
1094
1141
1078
992
1002.91
1030.89
984
994.792
1086
1090.17
1133
1148
1039
1038.64
1051.93
938
958.412
1000
1117
1164
1172
1156
1125
1114.3
1117
1098.93
1117
1063
1061.77
977
1031
1078
1070
1110
1125
1078
1023
969
961
961
964.406
922
925.211
914
922
969
991.89
1094
1086
1085.61
1078
1055
1008
1031
1016
1012.18
1047
1101
1102
1078
1072.97
1071.26
914
945
1039
1047.28
1148
1141
1109
1133
1141
1148
1125
1118.81
1107.87
992
1002.06
1008
1009.09
1008
1086
1055
1039
1045.99
1039
1016
1031
1039
1029.6
1070
1063
1062
1057.26
1008
1008
1010.55
1063
1070
1055
1031
1008
1008.89
1039
1000
969
945
922
914
891
892.891
1000
1008
1094
1117
1094
1080.67
1073.55
1064.83
1055
1046.22
977
984
969
1000
1031
1039
1070
1063
1078
1133
1125
1086
1078.23
1039
977
961
984
1039
992
969
992
1016
1020.82
1086
1086
1125
1086
1073.29
1094
1070
1094
1094
1148
1125
1086
1047
1049.51
969
979.362
980.655
914
945
949.746
1149
1164
1179
1159.92
1156
1086
1055
1055
1054
1047
1086
1102
1097.65
1117
1039
953
922
922.088
925.508
932.025
938.021
1172
1172
1172
1156
1133
1125
1125
1070
1062.5
1078
1000
1000.96
922
953
960.056
1117
1219
1219
1203
1195
1149
1131.23
1118.85
1055
1117
1078
1008
961
963.905
970.722
980.09
1117
1164
1164
1172
1164
1195
1133
1102
1101
1016
945
922
922
953
1016
1086
1124.97
1110
1187
1164
1147.13
1156
1172
1150.74
1109
1109
1055
1016
1070
1096.7
1078
1081.14
1086
1084.12
922
914
931.457
992
1009.86
1227
1200.79
1164
1164
1133
1047
1078
1117
1086
1039
1000
961
945
969
1164
1147
1116.94
1180
1156
1102
1093
1096.78
1080.26
1058.37
1008
1023
1026.49
1094
1094
1087.24
1086
1086.36
1076.7
1031
985
992
1000
1012.93
1000
961
964.458
966.303
1078
1133
1164
1117
1094
1093.75
1070
1016
1039
1086
1055
976
930
906
906.115
953
1211
1235
1203
1226
1180
1133
1156
1147.99
1133
1125
1115.01
1172
1094
1039
984
930
930.126
977
1078
1047
1078
1156
1172
1133
1133
1109
1094.54
1156
1133
1141
1117
1109
1000
969
1000
1057.06
1090.31
1148
1110
1070
1070
1016
1000
945
943.734
961
992
1164
1167.93
1153.91
1180
1164
1133
1118.53
1107.44
1078
1000
969
992
1038.22
1039
1117
1128.39
1113.02
1101.93
1008
945
943.914
953
967.973
1047
1226
1219
1180
1165.78
1156
1086
1055
1054
985
992
1078
1125
1086
1071.37
1140
1102
1078.35
1164
1160.71
1102
1148
1141
1108.93
977
969
961
958.185
906
914
945
1039
1141
1164
1150.32
1140.89
1094
1084.65
1117
1115.28
1086
1023
961
962.378
1000
1039
1047.54
1049.22
1050.92
1164
1156
1094
1141
1117
1070
1057.72
953
953
1008
1164
1141
1117.92
1110.13
1164
1086
1000
953
953
961
1117
1122.16
1141
1117
1172
1156
1149
1148
1125
1094
1101
1063
1070
1016
1011.46
922
938
984
1164
1141
1156
1180
1164
1070
1000
930
953
930
1015
1094
1127.7
1102
1103.15
1104.92
1109
1125
1125
1071
1148
1125
1094
1117
1117
1039
961
953
960.37
969
1039
1086
1078
1086
1094
1047
1047.52
992
922
914
891
937
977
1039
1060.63
1062.86
1164
1125
1094
1047
1070
1023
1015.57
953
992
1000
985
1101
1094
1070
1125
1125
1086
992
938
941.837
961
930
953
953
969
969.93
977
1031
1036.59
1164
1164
1149
1195
1164
1140.77
1133.59
1141
1132.95
1117
1062
985
945
961
969
984
1047
1071.5
1086
1086
1133
1148
1137.36
1102
1117
1114.11
1094
1125
1078
1094
1086
1062
1062.91
953
987.538
992.594
984
1164
1195
1188
1195
1133
1125
1125
1125
1109
1104.9
1156
1086
992
930
914
883
875
879.365
1000
1062
1076.83
1094
1125
1156
1144.48
1117
1117
1156
1102
1133
1140
1094
1095.74
1100.72
937
930
1008
1109
1141
1164
1156
1125
1113.48
1117
1055
1056.83
1054.17
1117
1094
1086
1091.75
914
947.586
930
925.503
1094
1195
1164
1161.93
1154.17
1133
1109
1098.6
1133
1063
1062.05
930
937
949.314
1195
1180
1159.54
1195
1180
1156
1156
1125
1094
1125
1164
1117
1063
1031
1027.02
938
937
938
1008
1015
1016
1094
1109
1133
1117
1039
1039.77
1039.95
984
977
1000
1055
1070
1070
1086
992
977
980.431
983.934
1032
1031
1078
1086
1031
1024
1070
1055
1054
1071
1070
1078
1065.18
1031
961
922
922
945
1000
1055
1086
1156
1133
1094
1088.13
1101
1089.52
1055
1078
1078
1064.9
1070
1075.34
1067.59
984
1000
961
938
1000
1034.57
1035.31
1164
1152.04
1164
1133
1125
1055
1093
1102
1047
953
930
945
930
935.185
1117
1164
1211
1189.27
1140
1094
1079.71
1039
1008
953
922
898
891
892.088
1008
1078
1164
1141
1137.15
1141
1086
1078
1086
1109
1086
1125
1125
1063
1078
1039
984
922
891
922
986.233
1000
1149
1164
1156
1164
1164
1133
1120.52
1133
1124.84
1148
1110
1062
961
969
945
930
961
1005.52
1086
1211
1210.01
1179
1149
1195
1172
1149.54
1138.31
1109
1086
1094
1097.6
953
937
938
944.922
953.132
1156
1164
1125
1125
1148
1102
1086
1109
1078
1064.91
1031
1070
1000
1007.54
922
961
969
1000
1004.18
1055
1057.44
1071
1101
1055
1078
1109
1133
1117
1086
1039
969
922
930
992
1031
1125
1156
1133
1125
1141
1131.06
1117
1125
1125
1109
1055
961
906
867
844
828
828
833.225
838.823
906
969
992
953
969
976
938
936.734
984
961
961
953
969
961
960.299
1032
1062
1016
1023
1029.02
953
955.271
1016
1070
1016
1054
1054.35
1024.1
992
977
937
891
875
867
867
860
906
937
985
1070
1066.44
1133
1109
1133
1164
1102
1101
1117
1102
1094.3
1117
1094
1078
1047
1016
1101
1100.98
1086
1086
1087.99
938
929
943.601
954.915
1078
1084.63
1140
1125
1078
1063
1039
945
883
883
867
883
891.788
922
956.948
969
1039
1070
1078
1117
1102
1133
1125
1111.52
1109
1125
1078
1086
1085.68
1086
1084.73
1083.93
1172
1219
1203
1195
1172
1203
1156
1071
1117
1125
1078
1031
1043.95
1048.12
1078
1180
1182.19
1156
1149
1109
1117
1133
1094
1091.77
1095.89
945
891
875
875.317
867
874.023
914
1086
1164
1172
1187
1186.62
1133
1172
1187
1141
1164
1164
1094
1097.63
1133
1094
1133
1140
1133
1164
1162.03
1125
1148
1148.11
1055
984
945
922
969
1094
1116.21
1125.16
1211
1164
1148
1133
1109
1102
1103.53
1125
1164
1203
1180
1179
1188
1175.3
1063
992
969
992
1043.27
1094
1125
1117
1188
1164
1125
1117
1125
1117
1107.1
1109
1016
961
969
984
1070
1211
1198.03
1203
1195
1177.85
1094
1141
1140
1141
1164
1164
1141
1133
1133
1078
1023
1016
1039
1039
1086
1125
1094
1094.07
1078
1047
1047
1109
1094
1125
1055
1015
1008
1070
1089.42
1180
1172
1157.11
1148
1149
1125
1070
1047
1045.36
1078
1047
1055
992
945
948.101
875
890
899
1070
1172
1156.12
1235
1187
1172
1180
1148
1110
1148
1133
1148
1149
1156
1086
1091.22
1102
1109
1107.73
1117
1117.58
1117
1125
1071
1086
1101
1063
1070
1125
1117
1086
1094
1101.31
953
1012.16
961
1031
1033.1
1078
1101
1099.69
1086
1109
1063
1117
1109
1086
1016
1000
945
930
1039
1086
1117
1188
1195
1195
1188
1164
1149.34
1141
1125
1109
1103.43
1098.19
914
891
912.132
867
867
867
891
922
953
965.059
1031
1086
1088.12
1133
1094
1095.22
1148
1110
1117
1120.28
1086
1086
1078
1086
1085.07
1156
1172
1133
1164
1167.7
1156
1152.79
1172
1187
1180
1164
1161.67
1157.91
953
992
1043.13
1086
1180
1183.62
1187
1180
1156
1149.4
1156
1117
1117.59
1141
1125
1008
961
968.447
984
1008
1086
1117.61
1118.85
1188
1172
1195
1180
1164
1125
1119.1
1133
1128.44
1008
953
922
922.598
932.152
1070
1086
1089.69
1091.35
1078
1076.73
1117
1078
1047
1086
1070
1039
1016
961
953
961
1070
1094
1164
1141
1125
1140
1141
1125
1117
1094
1085.44
1109
1039
1042.78
1050.69
976
977
1070
1164
1133
1172
1195
1166.51
1140
1141
1141
1109
1086
1000
930
929.29
875
844
867
883
953
1094
1242
1211
1242
1234
1211
1219
1203
1164
1162.11
1125
1109
1125
1130.19
1086
1078
1047
1031
969
969
976
986.575
993.471
998.064
1117
1125
1164
1125
1141
1101
1039
1055
1109
1024
992
984
1024
1041.01
1219
1203
1156
1172
1156
1078
1086
1110
1109
1125
1114.58
1039
961
963.895
968.844
1000
1047
1125
1156
1172
1219
1203
1172
1159.69
1102
1078
1109
1086
1094
1104.7
961
953
930
953
1031
1055
1133
1187
1157
1187
1156
1133
1122.17
1108.47
1109
1141
1109
1016
976
969
953
961
1156
1158.99
1156
1164
1149
1125
1101
1055
1000
922
906
867
852
875
953
1133
1203
1250
1242
1195
1180
1211
1203
1172
1180
1156
1125
1117.4
1112.65
1117
1125
1086
1047
1008
961
914
917.957
985
1140
1147.77
1211
1187
1172
1167.05
1133
1117
1125
1070
1055
1109
1110
1086
1023
1028.19
953
953
1039
1086
1102
1090.96
1125
1128.74
1078
1063
1039
976
930
961
1047
1078
1211
1219
1191.93
1234
1211
1141
1156
1141
1109
1070
1073.54
922
930
1000
1062
1086
1156
1196
1148
1146.49
1156
1125
1125
1141
1130.96
1125
1125
1086
1039
992
922
922.516
930
992
1031
1078
1133
1141
1109
1133
1117
1125
1156
1180
1172
1203
1148
1032
976
953
969
1078
1125
1133
1164
1180
1148
1102
1156
1109
1101.47
1078
1086
1055
984
995.065
930
937
922
961
1031
1024
1070
1086
1084.76
1086
1109
1103.99
1086
1016
984
984.422
1015
1125
1128.18
1211
1203.47
1195
1203
1188
1140
1133
1128.62
1016
945
922
906
930
1086
1211
1187
1188
1156
1140.61
1109
1125
1086
1055
1070
1047
1070
1094
1109
1109.81
1172
1117
1031
1008
1008.14
1010.89
1031
1086
1047
1046.21
1062
1016
969
984
986.072
1086
1086
1133
1164
1133
1172
1156
1125
1055
984
961
922
953
1039
1082.95
1094.47
1096.8
1133
1156
1142.7
1125
1118.74
1111.71
1023
977
976.998
946
945
922
1039
1101.65
1094
1156
1156
1137.95
1124.19
1117.75
1105.61
1047
968
966.801
922
984
1141
1156
1172
1172
1158.78
1133
1133
1109
1093.92
1133
1125
1101
1086
1078
1032
1028.39
930
937
930
930.771
1133
1136.59
1164
1155.72
1133
1140
1149
1148
1078
1055
961
953
1008
1117
1156
1110
1125
1101
1086
1133
1130.08
1102
1091.79
1023
930
906
891
945
1008
1117
1156
1149
1125
1117.78
1078
1031
969
945
899
953
992
1039
1039
1063
1086
1086.01
1086
1078
1068.49
977
953
953.948
956.931
992
1007.38
1093
1110
1109
1063
1078
1101
1047
1086
1089.61
1078
1039
1047
1016
992
930
934.369
899
899.682
1015
1055
1055.81
1102
1117
1101
1071
1125
1117
1098.83
1125
1086
1109
1102
1039
1057.44
1062.99
1055.32
953
1008
1148
1141
1117
1117
1117
1103.7
1094
1101
1071
1070
1008
1020.55
891
875
914
1047
1133
1203
1189.59
1156
1147.66
1187
1171.25
1164
1148
1094
1094
1015
930
932.28
883
914
949.309
1047
1148
1153.59
1152.33
1172
1133
1118.76
1070
1086
1078
1094
1039
1008
953
945
950.775
930
976
1020.4
1047
1109
1112.34
1148
1125
1133
1124.74
1110.83
1164
1156
1102
1109
985
945
947.482
867
875
930
1078
1242
1258
1211
1203
1180
1156
1156
1149
1140
1110
1117
1117
1094
1062
969
914
906
930
977.144
1117
1125
1123.73
1164
1125
1172
1148
1125
1125
1119.49
1117
1133
1109
1063
992
922
937
977
1164
1133
1124.95
1211
1180
1152.7
1195
1156
1141
1131.85
1141
1086
1109
1024
1026.64
906
922
961
1016
1195
1172
1133
1140
1211
1149
1156
1195
1164
1110
1117.78
1039
1037.73
891
906.431
891
914
1109
1188
1167.75
1166.49
1133
1141
1136.52
1125
1039
1037.82
1039
1117
1156
1219
1203
1180
1203
1195
1133
1070
1024
953
930
934.643
942.343
1086
1164
1172
1133
1156
1125
1112.45
1024
1031
992
990.748
994.646
867
881.149
922
1016
1140
1164
1149
1156
1156
1149
1148
1024
968
938
922
925.51
914
945
961
985
1109
1086
1125
1164
1172
1148
1141
1117
1086
1086
1102
1093
1141
1125
1094
1096.09
1095.66
969
995.097
1001.31
930
984
1133
1148
1141
1137.1
1156
1133
1164
1133
1109
1110
1101
1086
1094
1047
984
922
920.833
922.383
1055
1156
1188
1187
1133
1172
1172
1156
1117
1164
1149
1117
1164
1180
1156
1148.87
1148
1055
1000
953
953
959.872
1086
1128.07
1125
1124.13
1141
1117
1125
1124.58
1116.57
1110
1109
1106.78
1086
1117
1110
1125
1148
1125
1126.61
1047
1008
1006.96
1039
1086
1094
1086
1087.24
1141
1109
1106.72
1133
1063
1074.49
1079.77
1000
922
898
898.288
961
1047
1141
1139.35
1164
1159.2
1164
1164
1125
1118.59
1094
1070
1078
1094
1078
1000
1009.44
1022.38
1039
1117
1125
1141
1148
1117
1110
1117
1109
1039
1055
1070
1055
1039
1039
1031
946
953
953
1000
1086
1164
1148
1180
1180
1140
1133
1133
1111.23
1047
1031
1024
1023
1047
1133
1139.85
1086
1180
1195
1172
1164
1156
1094
1089.16
1101
1039
946
906
867
875
922
1250
1211
1219
1234
1203
1188
1187
1117
1149
1156
1133.8
1141
1148
1137.2
1133.69
1127.35
1122
1071
1078
1076.66
1062
1024
1039
1039
1031
969
922
875
883.416
875
883.159
968
1157
1161.08
1227
1156
1180
1195
1141
1139.73
1156
1151.52
1140.48
1133
1125
1101
1102
1117
1094
1117
1125
1133
1148
1141
1139.73
1039
1031
1039
1063
1066.25
1102
1109
1086
1125
1094
1109
1133
1125
1125
1125
1109
1111.58
1086
1055
992
961
937
899
922
935.179
1140
1180
1170.69
1172
1156
1156
1133
1086
1086
1094
1109
1102
1098.07
969
922
923.135
891
937
1008
1172
1195
1180
1163.81
1156
1149
1164
1148
1141
1131.77
1124.11
1148
1145.06
1164
1117
1094
1047
953
945
969
1039
1094
1195
1180
1164
1211
1226
1198.5
1172.96
1169.67
1187
1172
1203
1204.29
1078
1055
1039
1117
1172
1203
1156
1172
1172
1171.76
1133
1125
1078
1094
1156
1109
1102
1078
1000
922
898
898.216
875
883
922
984
1000
1055
1109
1117
1133
1172
1156
1102
1106.2
1140
1139.82
1164
1156
1156
1157.49
1047
992
969
972.049
980.16
1062
1125
1156
1150.66
1133
1063
984
982.734
983.206
930
992
1032.84
1086
1096.16
1172
1187
1149
1156
1149.45
1094
1092.73
1078
1047
1045.1
1086
1109
1102
1078
953
891
867
844
828
851
870.383
844
875
891
914
914
922
929
922
922
930
992
992
1086
1088.6
1164
1125
1141
1117
1110.99
1110.21
1180
1156
1155.93
1180
1156
1187
1196
1190.18
1164
1242
1180
1181.45
1109
1125
1141
1164
1154.06
1148.7
1219
1219
1199.69
1203
1234
1219
1156
1063
1008
976
1078
1172
1172
1164
1164
1133
1125
1117
1125
1126.4
1070
1078
1078
1078
1102
1125
1164
1195
1189.42
1180
1172
1187
1164
1102
1047
976
974.388
961
1125
1156
1203
1203.16
1195
1180
1234
1172
1117
1133
1125
1094
1093.29
1140
1110
1148
1063
984
922
914
883
906
953
1086
1172
1125
1117
1133
1203
1195
1178.79
1211
1211
1180
1195
1180
1156
1156.05
1203
1172
1180
1156
1164
1125
1125.19
1117
1116.88
1024
992
1039
1133
1172
1195
1211
1203
1141
1179
1141
1133
1148
1149.12
1070
1055
1117
1039
1000
930
945
1000
1141
1234
1180
1195
1195
1167.65
1151.83
1110
1101
1094
1133
1142.91
1164
1195
1187.76
1164
1203
1172
1125
1133
1140
1071
1062
1000
1000
1002.35
1078
1164
1164.33
1211
1180
1156
1172
1156
1102
1140
1149
1125
1148
1164
1133
1094
1031
1033.02
969
1039
1156
1164
1219
1203
1180
1172.39
1164
1172
1158.29
1157
1156
1117
1156
1156.24
1008
1054.27
1078.38
1055
1069.89
1195
1188
1179
1180
1172
1109
1102
1117
1070
1071
1101
1102
1156
1211
1203
1172
1173.21
1117
1039
1039
1043.63
1043.36
1148
1180
1163.99
1133
1148
1133
1118.07
1113.39
1172
1133
1195
1164
1133
1136.35
1156
1086
1016
1023.6
1023
1102
1195
1186.32
1180
1175.36
1164
1141
1187
1179.28
1140
1157
1179
1172
1156.7
1157.78
961
953
992
1055
1148
1180
1133
1134.97
1139.54
1180
1078
1078.29
953
961
1086
1109
1149
1195
1172
1195
1180
1156
1133
1172
1164
1164
1172
1164
1125
1125
1039
969
961
963.665
970.468
1094
1136.34
1140
1102
1125
1125
1109
1094
1094
1093.36
1094
1086
1086
1070
1086
1039
1047.68
961
985
1023
1094
1156
1164
1203
1188
1101
1008
1006.98
1005.88
1009.49
945
961
964.643
967.788
1008
945
930
906
899
898.466
899.091
875
844
851
828
821
822.738
824.416
797
797
812
797
820
822.647
827.627
828
832.648
875
883
889.868
953
969
992
969
1008
1062
1078
1172
1158.14
1250
1187
1235
1246.48
1133
1109
1156
1141
1187
1189.48
1192.09
1227
1273
1219
1195
1203
1188
1187.92
1125
1125
1086
1078
1086
1039
1052.62
1054.48
1054.66
1133
1141
1164
1234
1227
1203
1234
1229.45
1211
1219
1195
1133
1135.58
1148
1133
1133
1203
1172
1167.45
1258
1234
1219
1258
1234
1180
1203
1172
1109
1133
1164
1156
1125
1125
1133.47
1047
1039
1000
1039
1008
1023
1048.4
1109
1219
1172
1187
1211
1194.45
1181.59
1250
1211
1180
1234
1180
1172
1187
1182.91
1133
1164
1203
1172
1156
1172
1171.78
1125
1148
1125
1125
1180
1187
1188
1179.79
1227
1164
1125
1039
969
945
922
922
992
1039
1047
1125
1156
1149
1242
1242
1225.1
1203
1156
1133
1172
1178.21
1172
1219
1195
1141
1195
1203
1172
1203
1219
1210.26
1203
1188
1156
1195
1172
1166.43
1141
1148
1094
1094
1109
1055
1039
992
969
961
1023
1156
1141
1143.6
1242
1172
1172
1195
1180
1148
1133
1134.12
1129.49
1187
1141
1203
1203
1195
1227
1242
1172
1180
1187
1172
1164.3
1162.54
1158.9
1125
1164
1156
1102
1172
1195
1164
1172
1156
1117
1149
1187
1172
1102
1070
1031
1055
1180
1183.86
1211
1219
1195
1182.35
1180.39
1148
1125
1126.25
1219
1234
1172
1125
1102
1093
1110
1125.61
1127.6
1125
1164
1125
1164
1172
1195
1094
1039
992
938
937.618
940.882
961
1039
1031
1039
1086
1133
1133
1133
1172
1187
1156
1172
1141
1125
1122.39
1179
1149
1172
1156
1148
1141
1138.76
1164
1211
1195
1172
1168.49
1169.99
1180
1172.34
1195
1133
1138.07
1156
1125
1132.12
1133
1125
1164
1195
1180
1164
1180
1195
1190.8
1086
1015
946
953
976
1016
1125
1172
1133
1148
1172
1172
1172
1179
1149
1148
1172
1156
1149
1203
1172
1156
1164
1164
1133
1164
1172
1148
1141
1180
1179
1149
1150.31
1180
1170.87
1156.56
1203
1187.88
1109
1102
1078
1062
1024
984
961
1000
1044.59
1055
1125
1148
1149
1234
1203
1172
1203
1172
1172
1203
1196.53
1164
1203
1188
1203
1234
1203
1211
1212.01
1164
1141
1164
1187
1133
1133
1156
1150.07
1141
1195
1195
1176.9
1211
1156
1133
1141
1109
1117
1125
1055
1074.69
930
937
937.615
930
939.913
1016
1049.57
1070
1080.38
1125
1127.48
1172
1164
1180
1178.8
1164
1172
1164
1086
1062
1039
1038
1008
1070
1075.14
1117
1156
1172
1156
1149.93
1133
1148
1125
1141
1133
1156
1156
1141
1133
1195
1211
1196.67
1211
1242
1180
1203
1202.04
1187
1164
1180
1164
1133
1109
1094
1095.52
1097.5
1219
1195
1192.69
1219
1195
1164
1172
1172.36
1164
1160.34
1165.64
1164
1203
1203
1133
1125
1086
1164
1166.23
1172
1242
1211
1195
1188
1187
1133
1135.39
1133
1117
1125
1203
1180
1211
1234
1203
1180
1178.24
1172
1160.82
1156
1102
1109
1109.83
1111.46
1188
1211
1234
1141
1148
1172
1156
1149
1153.28
1195
1133
1164
1188
1164
1162.68
1188
1182.25
1141
1195
1172
1039
977
982.761
922
875
882.503
859
821
828
820
828
832.999
837.095
828
805
820
822.42
828
805
820
824.13
830.209
804
819.952
812
797
805
820
828
828
835.181
821
828
851
836
844
841.599
844
836.517
836
828
821
851
860
937
1000
1086
1050.93
1117
1125
1071
1015
977
973.03
1031
1039
1110
1164
1156
1164
1164
1159.84
1125
1141
1133
1195
1227
1187
1180
1182.57
1211
1195
1211
1180
1148
1195
1180
1133
1195
1172
1156
1180
1164
1159.92
1211
1187
1133
1133
1109
1086
1089.12
1078
1063
1117
1117
1141
1187
1172
1195
1196.83
1164
1164
1133
1117
1125
1117
1102
1156
1133
1086
1156
1195
1180
1211
1211
1148
1141
1164
1125
1102
1070
1031
1024
1024.06
1008
1054
1071
1031
1078
1102
1148
1211
1180
1156
1234
1227
1164
1156
1172
1172
1148
1148.09
1157.69
1039
1058.05
1055
1055
1055.88
1055
1094
1187
1171.93
1156
1203
1188
1195
1181.53
1175.76
1180
1179
1133
1156
1162.93
1155.22
1250
1234
1215.47
1211.9
1148
1086
1117
1127.27
1149
1179
1182.53
1180
1180
1164
1156
1148
1196
1195
1141
1117
1123.24
1102
1104.51
1133
1144.61
1172
1164
1164
1172
1141
1139.39
1125
1117.52
1133
1195
1219
1164
1219
1195
1164
1172
1203
1211
1180
1175.46
1180.42
1174.26
1161.96
1195
1242
1227
1195
1194.99
1203
1164
1195
1149
1152.43
1155.64
1133
1137.56
1133
1134.74
1196
1189.12
1195
1180
1156
1196
1190.75
1185.06
1156
1133
1133
1156
1125
1055
1000
1000
1000.74
1005.88
1023
1024
1031
1055
1062
1039
1094
1086
1070
1072.48
1164
1180
1234
1196
1226
1258
1211
1195
1227
1219
1210.09
1211
1187
1180
1227
1179
1178.46
1203
1198.65
1192.46
1172
1148
1196
1156
1156
1188
1156
1039
1031
1024
1070
1125
1155.05
1172
1273
1289
1235
1273
1211
1196.48
1227
1250
1224.06
1211
1219
1211
1211
1281
1250
1172
1181.45
1211
1172
1211
1219.79
1211
1164
1164
1133
1141
1195
1211
1281
1268.17
1253.78
1242
1281
1272.22
1164
1171.33
1180.28
1195
1203
1188
1164
1176.13
1156
1156.2
1219
1224.24
1156
1211
1211
1195
1183.96
1242
1211
1180
1164
1125
1195
1211
1203
1195
1198.28
1202.47
1195
1181.61
1203
1195
1181.52
1188
1196.31
1188
1195
1195.6
1211
1194.87
1219
1227
1211.01
1180
1203
1187
1141
1203
1172
1170.98
1031
1008
992
1094
1078
1098.25
1156
1172
1164
1219
1214.49
1201.44
1226
1188
1164
1187
1180
1166.66
1168.67
1164
1157.37
1187
1211
1188
1183.51
1211
1195
1203
1180
1180
1273
1219
1203
1242
1219
1180
1188.59
1234
1172
1178.87
1156
1162.5
1219
1242
1208.93
1242
1227
1212.65
1227
1242
1195
1250
1219
1211.25
1226
1227
1226
1149
1174.8
1117
1164
1219
1172
1203
1234
1222.21
1180
1211
1215.27
1141
1162.49
1164
1164
1172
1180
1156
1164
1164
1133
1156
1211
1200.66
1133
1055
984
977
984
1000
1016
1036.47
1102
1117
1133
1156
1063
992
953
914
891
898
875
883
888.306
893.843
867
867
836
836
836.401
836
836
859
852
836
844
851
844
849.319
883
906
945
985
988.956
1039
1047
1062
1078
1094
1109
1141
1140.67
1250
1250
1237.19
1320
1305
1242
1281
1266
1242
1247.33
1180
1156
1141
1195
1164
1165.51
1203
1205.03
1172
1156
1180
1140
1133
1125
1133
1130.34
1141
1187
1219
1188
1203
1211
1203
1198.51
1203.77
1227
1148
1117
1125
1110
1156
1211
1226
1196
1226
1188
1177.23
1175.95
1211
1211
1219
1211
1204.7
1164
1164
1086
1047
1078
1117
1117
1219
1195
1172
1219
1211
1197.01
1125
1136.28
1140
1141
1133
1117
1133
1109
1086
1093.01
1094
1109
1109.92
1133
1133
1156
1203
1189.93
1141
1156
1172
1102
1148
1102
1101
1078
1141
1164
1156
1188
1195
1125
1133
1156
1133
1195
1227
1187
1172
1172
1141
1195
1211
1180
1203
1211
1187
1190.24
1219
1211
1203
1211
1195
1172
1180
1148
1149
1211
1187
1219
1172
1176.73
1133
1141.31
1172
1148
1180
1211
1198.4
1188
1211
1203
1203
1203
1180
1203
1219
1164
1195
1211
1164
1177.26
1180
1174.81
1171.15
1178.92
1203
1156
1171.18
1178.76
1169.12
938
898
978.891
906
1039
1069.33
1091.29
1180
1195
1180
1195
1227
1234
1221.81
1258
1258
1211
1211
1156
1078
1070
1094
1086
1078
1086
1055
1117
1164
1158.69
1157.43
1211
1188
1175.91
1195
1172
1160.47
1227
1211
1242
1203
1203
1219
1211.75
1141
1203
1203
1133
1203
1203
1211
1195
1196.88
1148
1203
1172
1172
1219
1197.61
1164
1164
1164
1170.06
1179
1175.19
1203
1187
1180
1187.99
1188.88
1265
1180
1191.82
1157
1140
1110
1125
1125
1109
1116.18
1180
1156
1164
1180
1164
1203
1197.75
1203
1172
1179.21
1164
1125
1164
1159.98
1149
1155.77
1172
1211
1211
1218
1211.83
1235
1225.13
1109
1128.94
1000
977
992
1039
1055
1117
1144.55
1149.08
1250
1219
1242
1242
1180
1183.54
1195
1172
1195
1197.74
1164
1125
1131.65
1203
1180
1219
1195
1193.73
1180
1195
1190.48
1211
1164
1234
1227
1218
1227
1203
1195
1198.25
1226
1172
1188
1195
1164
1180
1180.74
1172
1195
1172
1178.14
1156
1156
1133
1164
1219
1203
1172
1172
1164
1140
1157
1156.8
1086
1110.25
1141
1136.51
1188
1219
1207.24
1235
1250
1195
1204.2
1198.03
1164
1125
1156
1164
1157.92
1148
1164
1141
1141.32
1195
1180
1195
1193.36
1180
1140
1180
1180
1140
1125
1180
1203
1164
1172
1195
1219
1125
1102
1119.52
1164
1172
1172
1211
1226
1211
1203
1206.82
1156
1141
1109
1055
1039
1109
1141
1164
1242
1203
1196
1226
1180
1203
1242
1227
1195
1197.64
1203
1187.69
1211
1242
1234
1164
1178.91
1117
1187
1196
1164
1211
1218
1196
1226
1188
1187
1133
1151.43
1133
1203
1197.21
1195
1199.55
1218
1180
1211
1211
1180
1193.05
1193.31
1164
1117
1102
1108.13
1203
1211
1211
1195
1180
1203
1180
1195
1195.9
1242
1117
1055
1031
1016
1086
1219
1224.98
1289
1258
1237.49
1265
1219
1211
1199.07
1203
1172
1164
1160.39
1154.58
1125
1125.51
1172
1180
1164
1156
1158.13
1172
1203
1164
1164
1165.26
1161.45
1156
1172
1174.08
1176.35
1156
1219
1217.7
1149
1156
1162.38
1162.66
1154.75
1219
1195
1235
1234
1203
1172
1211
1172
1203
1203
1180
1186.36
1195
1180
1156
1180
1180
1187
1172
1125
1094
1172
1203
1234
1172
1156
1102
1172
1195
1187.46
1169.86
1203
1211
1203
1172
1172
1195
1172
1180
1174.55
1141
1117
1109
1141
1133
1132.98
1133.83
1141.3
1147.68
1219
1203
1190.25
1211
1203
1172
1167.12
1187
1133
1164
1180
1195
1203
1219
1203
1195.7
1219
1211
1203
1234
1227
1203
1211
1195
1133
1156
1141
1133.81
1138.43
1141
1138.1
1133
1139.02
1156
1172
1250
1243.4
1195
1250
1196
1234
1203
1149
1148
1219
1211.63
1156
1180
1203
1164
1211
1195
1149
1203
1203.27
1182.8
1187
1180
1211
1191.3
1047
1047
1070
1172
1195
1192.13
1258
1242
1235
1281
1250
1234
1188
1195
1219
1195
1149
1187
1149
1140.87
1203
1207.05
1219
1258
1234
1211
1242
1235.72
1148
1141
1164
1125
1130.39
1172
1164
1203
1180
1181.26
1156
1211
1180
1148
1203
1188
1156
1180
1182.85
1187
1219
1195
1193.21
1196.86
1195
1164
1173.16
1175.79
1169.23
1203
1195
1172
1180.33
1203
1180
1203
1172
1178.14
1180
1175.12
1187
1172
1141
1125
1164
1187
1172
1133
1156
1141
1172
1211
1203.09
1195
1211
1211
1172
1234
1180
1164
1156
1149
1151.02
1109
1110
1156
1117
1133
1125
1125
1211
1194.12
1156
1180
1179.44
1170.41
1141
1179
1157
1152.47
1172
1125
1137
1164
1154.34
1156
1164
1133
1156
1149
1145.7
1125
1148
1133
1164
1141
1144.65
1141
1195
1180
1179
1196
1191.42
1187.72
1234
1219
1203
1180
1185.35
1180
1187
1203
1180
1164
1211
1164
1172
1164
1125
1139.64
1187
1180
1164
1195
1172
1141
1164
1172
1156
1156
1203
1188
1211
1156
1141
1148
1172
1163.71
1164
1172
1195
1141
1164
1172
1164
1154.93
1172
1156
1172
1211
1191.62
1149
1161.11
1078
1093.49
1219
1203
1185.17
1235
1234
1211
1250
1195
1180
1211
1211
1172
1195
1172
1172
1187
1180
1164
1164
1172
1156
1117
1000
1040.98
961
961
963.191
1125
1187
1266
1258
1253.53
1281
1273.38
1262.31
1258
1211
1203
1202.19
1195
1180
1211
1195
1180
1242
1237.48
1117
1149
1156
1164
1162.75
1162.01
1227
1211
1203
1250
1203
1180
1194.1
1242
1203
1203
1196
1193.29
1211
1180
1164
1180
1156
1133
1187
1189.72
1164
1164
1180
1164
1102
1120.46
1063
1117
1156
1149
1203
1242
1227
1179
1180
1141
1125
1164
1179
1172
1164
1164
1157
1164
1179
1141
1146.73
1151.74
1156
1211
1195
1185.36
1195
1164
1211
1125
1125
1109
1157
1203
1203
1219
1209.97
1188
1234
1211
1188
1188.87
1203
1203
1180
1125
1086
1089.24
1156
1172
1173.81
1242
1211
1211
1250
1211
1200.31
1101
1102
1148
1172
1171.98
1172
1164
1211
1211
1203
1203
1172
1156
1154.83
1203
1180
1168.11
1161.98
1172
1195
1156
1141
1203
1125
1086
1109
1172
1133
1195
1196
1179
1196
1195
1156
1188
1187
1164
1170.1
1180
1164.11
1163
1101
1055
1133
1156
1147.69
1234
1223.14
1187
1202.74
1194.46
1180
1195
1156
1149.75
1162.71
1055
1070
1078
1172
1164
1195
1172
1149
1179
1196
1203
1242
1211
1164
1164
1195
1184.27
1176.57
1172
1203
1133
1109
1102
1148
1203
1172
1167.1
1258
1195
1219
1203
1194.23
1188.31
1195
1189.97
1179.78
1133
1117
1102
1101.57
1102.46
1156
1172
1211
1219
1209.02
1234
1227.91
1063
1023
992
990.788
1000
1006.71
1125
1250
1250
1265
1258
1227
1195
1184.83
1172.93
1211
1211
1164
1125
1125
1133
1148
1164
1163.88
1203
1219
1187
1188
1226
1188
1195
1242
1188
1203
1234
1180
1211
1203
1195
1188
1194.5
1189.19
1183.69
1189.66
1094
1118.96
1172
1203
1180
1250
1218
1227
1172
1133
1164
1179
1125
1157
1218
1180
1172
1203
1180
1170.95
1258
1156
1102
1109
1172
1164
1156
1227
1211
1177.58
1203
1149
1148
1170.96
1166.94
1141
1179
1149
1138.91
1195
1172
1180
1187
1133
1156
1172
1172
1164
1180
1195
1211
1187.25
1203
1197.45
1180
1181.85
1055
1099.43
992
1008.18
1008.86
1062
1073.82
1095.61
1211
1250
1235.83
1211
1250
1242
1203
1203
1180
1172
1203
1203
1180
1203
1180
1179
1188
1187
1172
1211
1206.93
1156
1164
1141
1139.37
1148
1172
1195
1172
1180
1203
1141
1140
1141
1140.57
1141
1226
1188
1203
1234
1211
1211
1219
1211
1187
1195.22
1156
1157.06
1219
1206.32
1211
1203
1156
1211
1219
1180
1191.91
1164
1195
1250
1227.24
1078
1031
1024
1109
1141
1265
1235
1242
1241.6
1227
1187
1179.22
1180.47
1133
1203
1203
1164
1195
1188
1148
1125
1132.39
1164
1159.64
1155.13
1187
1141
1156
1172
1125
1133
1140
1133
1188
1190.64
1125
1141
1141
1130.28
1136.93
1179
1164
1141
1152.76
1180
1203
1175.74
1203
1180
1195
1180
1156
1164
1211
1172
1125
1125
1055
1023
1000
1086
1234
1220.44
1234
1229.32
1203
1190.89
1179.46
1167.18
1157.54
1150.79
1148
1180
1187
1172
1188
1195
1133
1117
1125
1148
1133
1180
1164
1172
1167.13
1164
1187
1133
1117
1172
1164
1159.57
1156
1159.01
1133
1164
1226
1227
1198.15
1193.19
1219
1206.79
1219
1204.27
1203
1203
1141
1078
1082.19
1031
1063
1125
1234
1227.4
1219
1203
1195.27
1179
1219
1203
1195.82
1203
1180
1172
1164
1164
1161.61
1219
1215.48
1211.27
1180
1148
1094
1109
1141
1164
1250
1245.58
1234
1235
1203
1187
1180
1164
1125
1203
1211
1188
1185.16
1186.54
1226
1219
1242
1188
1195
1211
1207.48
1156
1203
1201.24
1164
1164
1164
1165.41
1163.6
1109
1131.53
1156
1125
1117
1141
1172
1162.78
1154.76
1195
1149
1234
1172
1195
1188
1242
1213.55
1156
1164
1133
1133
1164
1161.16
1094
1133
1164
1133
1135.46
1180
1164
1155.74
1211
1156
1164
1174.26
1156
1133
1154.28
1125
1164
1164
1149
1179
1172
1157.25
1164
1203
1188
1172.91
1195
1180
1164
1173.52
1173.55
1172
1180
1156
1161.72
1125
1102
1125
1130.3
1141
1125
1140
1125
1102
1109
1110.65
1107.75
1110.71
1078
1086
1086
1109
1109.68
1113.72
1148
1133
1135.08
1133
1078
1063
1117
1094
1078
1101
1094
1063
1078
1109
1102
1109
1102
1109
1125
1116.31
1094
1102
1109
1100.31
1125
1125
1109
1110.5
1078
1083.56
1047
1078
1047
1057.21
1078
1071.82
1031
1055
1054
1055
1086
1086
1125
1125
1121.68
1156
1117
1121.92
1109
1071
1078
1000
953
956.19
930
914
922
992
1031
1000
1000
1016
992
977
982.407
983.11
983.118
961
969
1000
1002.59
953
963.726
1000
992
1039
1039
1078
1047
1070
1064.29
1047
1078
1071.3
1101
1071
1078
1101
1102
1086
1086.56
1117
1109.61
1149
1195
1175.28
1133
1140
1144.82
1117
1102
1078
1117
1133
1125.31
1226
1219
1250
1266
1265
1266
1258
1273
1266
1281
1297
1289
1266
1304
1250
1211
1211
1211
1227
1234
1250
1250
1249.34
1242
1211
1219
1234
1228.25
1228.31
1195
1202.8
1133
1156
1125
1125
1125
1172
1156
1172
1203
1203
1205.63
1125
1117
1118.78
1125
1133
1140
1133
1133
1117
1117
1110
1109
1133
1137.65
1125
1129.27
1125
1125
1133
1125
1117
1141
1141.64
1125
1109
1094
1097.22
1078
1082.25
1083.79
992
977
961
963.637
1094
1070
1094
1109
1039
1047
1047
1078
1047
1086
1117
1086
1039
1000
1047
1055
1054
1094
1125
1102
1101
1102.25
1070
1000
1012.91
930
931.95
805
812
797
797
789
789
789
758
789
781
789
821
826.4
830.677
961
969
1070
1086
1094
1140
1047
1039
985
961
984
1016
1140
1164
1110
1094.99
1117
1120.06
1164
1211
1203
1211
1203
1201.94
1148
1180
1203
1281
1250
1289
1282
1266.84
1281
1289
1235
1242
1289
1250
1242
1250
1234
1188
1203
1203.71
1195
1219
1219
1242
1250
1195
1209.23
1219
1234
1195
1227
1211
1242
1266
1203
1211
1217.47
1227
1234
1224.86
1172
1195
1227
1234
1219
1242
1240.42
1237.6
1234
1180
1203
1210.96
1149
1109
1124.45
1211
1217.71
1265
1258
1242.69
1250
1203
1201.73
1202.28
1195
1211
1213.7
1164
1219
1211
1211
1234
1188
1226
1235
1226
1219
1250
1239.14
1211
1203
1180
1187
1180
1180
1195
1195
1211
1209.13
1203
1207.24
1195
1211
1180
1203
1203
1180
1164
1172
1195
1188
1195
1281
1227
1195
1211
1212.53
1206.71
1258
1258
1211
1214.54
1195
1149
1203
1210.59
1180
1203
1188
1195
1203
1164
1172
1172
1173.62
1173.91
1219
1195
1196.36
1196
1187
1211
1219
1203
1195
1219
1180
1187
1180
1172
1164
1148
1151.02
1156
1172
1180
1156
1164
1195
1164
1170.54
1156
1133
1138.9
1180
1203
1203
1242
1237.06
1180
1203
1172
1165.26
1203
1200.41
1203
1180
1195
1172
1172
1172.61
1164
1188
1218
1196
1195.43
1196.01
1164
1168.85
1171.09
1172
1203
1164
1172.12
1164
1156
1180
1164
1156
1133
1164
1180
1156
1180
1203
1211
1203.58
1242
1235.92
1227.8
1219
1242
1234
1211
1216.29
1218.09
1196
1211
1218
1188
1203
1180
1156
1164.31
1156
1219
1203
1164
1164
1172
1172
1195
1141
1148
1141
1148
1125
1149
1187
1141
1148
1141
1143.63
1117
1110
1148
1156
1133
1117
1086
1133
1136.69
1164
1150.82
1180
1141
1125
1179
1164
1141
1180
1164
1140
1149
1133
1109
1125
1172
1156
1172
1195
1164
1149
1195
1141
1117
1164
1211
1195
1203
1227
1219
1164
1195
1197.29
1195
1180.03
1189.34
1148
1164
1172
1149
1164
1195
1180
1156
1171.56
1164
1140
1180
1219
1156
1125
1172
1176.19
1188
1226
1188
1203
1219
1200.25
1211
1209.48
1195
1156
1188
1203
1195
1193.16
1195.75
1156
1168.43
1164
1211
1203
1219
1273
1219
1217.45
1180
1187
1125
1138.29
1141.55
1180
1203
1242
1203
1195
1199.45
1195.83
1186.79
1172
1140
1102
1103.48
1104.36
1156
1188
1211
1213.31
1180
1203
1141
1172
1195
1193.27
1141
1234
1219
1195
1211
1211
1203
1156
1170.21
1176.8
1250
1196
1188.29
1234
1172
1171.37
1180.78
1188
1170.69
1242
1211
1172
1188.24
1172
1159.92
1117
1149
1156
1133
1133
1101
1106.87
1195
1157
1148
1156
1161.15
1164
1180
1195
1186.96
1172
1156
1149
1149.83
1180
1203
1164
1172
1180
1179
1141
1211
1250
1250
1211
1234
1188
1182.14
1203
1203
1188.88
1211
1227
1234
1234
1235
1226
1188
1242
1211
1203
1227
1179
1187.5
1194
1187.42
1219
1211.02
1195
1141
1078
1085.4
1070
1047
1102
1148
1133
1203
1172
1195
1219
1250
1172
1156
1133
1117
1117.68
1242
1231.96
1328
1296.5
1281
1266
1251
1250
1250
1234
1250
1245.17
1258
1250
1244.56
1240.65
1235.93
1203
1219
1242
1236.2
1227
1234
1250
1242
1188
1203
1250
1241.48
1219
1226.17
1219
1265
1255.81
1242
1242
1211
1227
1250
1241.15
1234
1234.97
1237.22
1164
1133
1164
1180
1140
1141
1195
1210.39
1188
1234
1180
1234
1227
1221.22
1219.54
1133
1117
1133
1125
1156
1174.67
1117
1117
1164
1149
1156
1195
1180
1172.13
1180
1175
1187
1219
1180
1156
1172
1211
1194.33
1188.19
1250
1226
1212.66
1227
1203
1109
1086
1055
1047
1086
1156
1183.25
1266
1234
1258
1297
1258
1250
1242
1211
1203
1219
1195
1191
1194.48
1133
1149
1218
1188
1164
1211
1211
1203
1250
1219
1203
1242
1219
1172
1203
1203
1187
1193.09
1205.03
1203
1203
1148
1157
1125
1078
1031
1033.31
1078
1103.66
1156
1164
1168
1171.04
1203
1202.12
1242
1203
1219
1234
1219
1212.57
1242
1238.33
1227
1234
1180
1234
1227
1218
1219
1211
1210.25
1180
1234
1203
1188
1219
1209.69
1211
1211
1209.86
1242
1226.72
1223.08
1225.79
1195
1211.87
1203
1180
1148
1172
1180
1187
1102
1131.28
1039
1067.43
1117
1164
1266
1251.6
1266
1262.9
1254.28
1219
1218.67
1213.12
1227
1219
1211
1218
1216.59
1203
1242
1258
1242
1234
1211
1219
1234
1188
1211
1210.27
1156
1141
1180
1164
1156
1172
1203
1198.56
1194.2
1179
1157
1203
1211
1211
1195
1234
1234.76
1219
1258
1242
1242
1227
1229.15
1227.79
1156
1070
1024
1054
1102
1195
1218.25
1219.84
1250
1258
1211
1213.03
1213.48
1226
1219.01
1234
1196
1195
1234
1211
1164
1180
1156
1149
1156
1164
1165.18
1188
1187
1203
1227
1195
1188
1187.2
1172
1234
1227
1273
1180
1109
1063
1078
1156
1180
1195.01
1282
1273
1297
1273
1266
1258
1242
1211
1195
1180
1203
1216.18
1164
1164
1171.91
1195
1211
1242
1236.1
1226
1180
1180
1179.21
1172
1180
1203
1195
1211
1211
1203
1250
1227
1242
1242
1250
1234
1230.69
1203
1219
1242
1219
1281
1258
1226
1227
1228.21
1227
1223.24
1224
1196
1218
1235
1195
1211
1109
1047
1000
1024
1070
1109
1142.95
1174.01
1211
1258
1242
1203
1266
1219
1212.03
1273
1235
1234
1211
1211
1195
1211
1203
1200.39
1200.73
1203
1195
1141
1211
1250
1242
1266
1273
1227
1230.57
1250
1203
1219
1211
1195
1211
1211
1180
1226
1220.37
1195
1211
1180
1185.55
1172
1211
1164
1250
1242
1230.81
1231.28
1094
1031
1008
1023
1032.98
1047
1008
961
945
922
891
906
906
891
914
914
930
934.525
984
969
1039
1125
1164
1203
1235
1250
1242
1242
1234
1180
1176.86
1226
1188
1226
1172
1188
1226
1180
1164
1211
1203
1197.29
1203
1172
1226
1221.28
1195
1211
1234
1172
1156
1172
1164
1162.58
1172
1094
1039
1045.25
1047.11
1050.01
1305
1328
1266
1304
1227
1210.65
1211
1211
1172
1234
1227
1208.8
1289
1242
1211
1235
1218
1188
1219
1195
1172
1203
1211
1194.39
1180
1180
1125
1187
1188
1183.09
1250
1211
1242
1266
1226
1250
1289
1255.97
1254.34
1156
1172
1179.72
1174.13
1182.45
1193.3
1289
1273
1227
1234.53
1232.13
1149
1101
1109.28
1125
1188
1226
1180
1188.6
1234
1180
1234
1227
1242
1219
1242
1242
1133
1133
1144.14
1203
1211
1227
1203
1196.43
1195.58
1189.05
1180
1148
1094
1164
1176.3
1203
1211
1234
1180
1242
1219
1211
1195
1110
1078
1047
1023
977
976
953
1000
1094
1141
1211
1216.72
1219
1281
1276.4
1266
1281
1266
1258.59
1266
1242
1241.45
1243.04
1281
1258
1234
1219
1250
1211
1164
1172
1195
1227
1220.33
1273
1266
1234
1211
1211
1208.14
1148
1133
1086
1086
1078
1094
1106.41
1281
1297
1281
1328
1274
1253.19
1297
1258
1242
1240.12
1188
1203
1234
1196
1117
1078
1125
1125
1219
1237.36
1226
1258
1250
1195
1219
1203
1180
1180.91
1211
1211
1250
1234
1219
1242
1219
1195
1227
1226
1211
1219
1218.01
1125
1164
1195
1250
1230.88
1297
1242
1203
1220.58
1141
1163.7
1016
1015
1032
1070
1164
1197.58
1265
1297
1266
1281
1250
1188
1226
1211
1172
1219
1234
1203
1208.08
1117
1164
1188
1203
1203
1204.42
1195
1211
1203
1211
1195
1180
1172
1187
1196
1191.71
1117
1172
1172
1169.94
1141
1219
1242
1225.07
1250
1250
1219
1242
1250
1203
1141
1117
1120.96
1180
1172
1180
1195
1211
1197.37
1203
1164
1226
1211
1196
1226
1221.44
1078
1039
1047
1049.61
1226
1297
1258
1289
1289
1262.52
1281
1250
1219
1211
1195
1141
1195
1211
1172
1242
1244.54
1250
1258
1203
1117
1047
1078
1086
1180
1234
1234.66
1229.67
1258
1242
1238.05
1219
1226
1258
1250
1242.49
1094
1156
1164
1211
1234
1219
1212.69
1289
1219
1242
1234
1219
1133
1109
1102
1070
1070.94
1073.08
1297
1320
1305
1265
1259.77
1250
1274
1281
1265.01
1281
1266
1257.74
1156
1203
1195
1219
1218.88
1211
1234
1211
1203
1203.11
1242
1234.94
1265
1196
1156
1164
1164
1203
1250
1251.04
1203
1242
1245.81
1180
1211
1172
1156
1164
1133
1055
1066.75
1086
1099.73
1250
1251.37
1242
1242
1250
1188
1195
1250
1180
1184.61
1117
1133
1140.66
1139.91
1188
1234
1223.59
1242
1219
1250
1235.04
1250
1250
1219
1219.29
1125
1141
1132.2
1128.88
1039
1068.73
1086
1125
1219
1230.02
1250
1243.6
1289
1258
1251.07
1219
1234
1250
1196
1203.3
1235
1234
1234
1227
1180
1117
1120.41
1156
1175.05
1203
1203
1258
1242
1242
1258
1289
1267.38
1188
1156
1148
1196
1250
1226
1227
1231.63
1211
1250
1266
1226
1258
1281
1227
1250
1256.89
1086
1031
1000
1000
1055
1250
1273
1289
1297
1250
1281
1219
1211
1258
1234
1250
1250
1250
1258
1211
1172
1156
1133
1125
1195
1180
1203
1234
1227.28
1203
1219
1212.25
1242
1180
1164
1211
1242
1234.07
1242
1239.64
1281
1266
1258
1234
1219
1117
1078
1008
1007.37
977
1039
1117
1172
1201.49
1297
1305
1304
1250
1266
1281
1258
1250
1289
1250
1242
1245.38
1211
1219
1250
1247.91
1246.28
1039
1143.92
1086
1211
1297
1276.43
1263.45
1305
1258
1289
1297
1280.63
1258
1258
1234
1250
1281
1258
1297
1305
1273
1289
1281
1227
1252.83
1242
1109
1071
1109
1117
1172
1186.94
1196.56
1202.7
1250
1180
1187
1211
1172
1117
1039
1055
1059
1024
1078
1133
1140.45
1250
1266
1265
1249.74
1240.85
1227.9
1210.67
1250
1203
1211
1164
1125
1102
1101.6
1180
1164
1166.67
1234
1211
1227
1203
1156
1063
1062
1024
1062
1090.39
1110.56
1211
1258
1248.42
1250
1258
1242
1228.04
1273
1227
1234
1234
1180
1211
1180
1070
1000
1031
1059.76
1188
1320
1297
1234
1274
1281
1242
1289
1258
1227
1273
1227
1242
1234
1188
1203
1273
1258.82
1243.09
1250
1211
1242
1227
1220.05
1216.43
1242
1211
1234
1211
1172
1250
1266
1226
1188
1205.28
1195
1191.99
1289
1258
1312
1298.56
1227
1235.98
1242
1195
1227
1219
1156
1184.14
1180
1203
1242
1274
1247.85
1242
1258
1219
1164
1180.4
1203
1197.02
1117
1086
1102
1140
1143.16
1203
1219
1250
1227
1250
1265
1243.19
1172
1180.63
1203
1156
1109
1141
1242
1227
1198.4
1203.47
1266
1242
1258
1289
1242
1250
1289
1227
1226
1172
1170.56
1164
1211
1203
1200.08
1266
1265.49
1241.12
1258
1242
1195
1219
1219
1203.94
1242
1289
1258
1281
1273
1266
1263.25
1281
1242
1180
1164
1164.67
1180
1203
1156
1180
1234
1188
1196.68
1219
1211
1203
1203
1086
1047
1047
1078
1133
1155.48
1281
1280.37
1258
1265
1266
1250
1233.3
1250
1250
1203
1141
1187
1172
1165.56
1242
1188
1242
1250
1234
1227
1228.11
1211
1234
1180
1180
1203
1193.69
1189.73
1157
1125
1078
1086
1203
1187
1196
1234
1164
1203
1211
1188
1195
1180
1179
1196
1203
1211
1203
1203.47
1094
1117
1156
1180
1234
1250
1250
1227
1281
1242
1235
1273
1258
1250
1203
1214.43
1055
1086
1109
1125
1289
1289
1275
1270.07
1274
1242
1281
1242
1219
1258
1242
1133
1101
1157
1187
1133
1154.16
1258
1258
1289
1328
1297
1320
1305
1242
1258
1250
1258
1250
1156
1102
1093
1110
1195
1195
1196
1234
1246.53
1242
1219
1211
1203
1188
1234
1258
1249.2
1234
1219
1219.76
1078
1180
1258
1211
1250
1242
1211
1210.65
1211.95
1227
1250
1273
1211
1220.5
1227
1242
1203
1211.71
1102
1094
1109
1203
1289
1258
1297
1293.3
1242
1241.15
1266
1234
1258
1242
1232.61
1274
1273
1211
1224.37
1203
1227
1172
1187.01
1102
1179
1266
1219
1281
1271.77
1260.05
1242
1195
1235
1232.05
1180
1219
1234
1221.2
1242
1258
1234
1235.23
1266
1219
1234
1227
1125
1070
1109
1180
1211
1195
1203
1266
1211
1281
1211
1180
1204.89
1258
1281
1234
1239.81
1242
1227
1242
1243.19
1211
1250
1266
1245.46
1237.7
1240.42
1238.15
1250
1258
1247.2
1157
1117
1133
1138.8
1258
1258.95
1211
1265
1297
1250
1305
1312
1266
1297
1297.69
1242
1274
1281.59
1196
1148
1167.73
1180
1242
1273
1269.1
1218
1235
1240.79
1211
1250
1255.42
1203
1250
1227
1208.09
1125
1117
1125
1133
1289
1250
1248.73
1289
1272.52
1242
1235.99
1289
1278.48
1258
1297
1242
1233.73
1266
1258
1240.16
1241.24
1101
1063
1069.47
1234
1242.33
1258
1250
1242
1336
1305
1289
1297
1265
1257.83
1133
1172
1164
1219
1242
1234
1274
1281
1258
1289
1250
1236.14
1232.25
1188
1188.49
1180
1125
1008
1031
1133
1166.98
1234
1235
1242
1219
1273
1269.79
1211
1235
1289
1234
1242
1246.18
1219
1250
1252.96
1265
1274
1267.41
1211
1203
1258
1250
1242
1273
1227
1180
1265
1227
1218.38
1164
1188.49
1172
1250
1258
1203
1242
1234
1172
1199.25
1039
1039
1086
1086
1250
1266
1250.84
1266
1281
1259.67
1253.53
1281
1267.81
1281
1328
1258
1250
1289
1258
1187
1219
1227
1234
1266
1289
1250
1234
1250
1211
1195
1188
1117
1094
1117
1211
1239.14
1242.14
1252.02
1289
1279.29
1281
1234
1219
1219
1226
1224.47
1180
1125
1086
1164
1203
1234
1219
1219
1273
1305
1273
1250
1240.61
1235
1218
1258
1255.61
1187
1164
1094
1086
1094
1242
1219
1195
1242
1258
1234
1217.74
1214.76
1211
1201.28
1192.16
1234
1242
1141
1070
1063
1101
1141
1219
1328
1297
1289
1328
1273
1274
1271.04
1234
1221.99
1250
1226
1235
1265
1258.15
1211
1216.93
1220.69
1133
1203
1219
1211.72
1242
1234
1188
1202.15
1203
1195
1196.17
1195
1180
1148
1203
1205.16
1297
1375
1383
1320
1305
1336
1250
1195
1188
1148
1151.69
1102
1179
1211
1224.83
1234
1289
1290.38
1203
1180
1234
1211
1172
1179.49
1211
1187
1172
1172
1148
1172
1177.44
1211
1227
1273
1211
1250
1250.51
1211
1266
1328
1281
1297
1328
1289
1289
1293.74
1211
1230.28
1233.58
1258
1250.23
1289
1279.3
1266
1281
1271.54
1297
1281
1258
1263.45
1242
1242
1245.74
1289
1289
1279.04
1281.04
1258
1281
1266
1250
1281
1258
1289
1266
1265
1235
1242
1244.38
1234
1250
1242
1219
1242
1242
1235
1242
1219
1234
1203
1211.32
1203
1172
1180
1187
1172
1178.89
1172
1156
1125
1156
1150.24
1148
1125
1172
1163.85
1156
1149
1156
1156
1172
1168
1156
1162.24
1172
1125
1070
1039
1094
1125
1164
1172.3
1203
1198.1
1227
1250
1211
1203
1200.27
1172
1172
1169.75
1203
1203
1196.59
1180
1187
1172
1203
1197.46
1172
1195
1195
1196
1226
1211
1211
1207.5
1188
1187
1172
1180
1203
1172
1234
1235
1179
1180
1195
1157
1218
1196
1191.99
1195.43
1203
1180
1164
1172
1164
1140
1125
1133
1133
1125
1156
1164
1133
1133
1164
1125
1125
1156
1154.89
1133
1117
1125
1133
1125
1129.82
1156
1157.24
1203
1164
1180
1179
1141
1156
1159.23
1149.59
1156
1164
1133
1139.65
1144.2
1117
1125.22
1086
1078
1080.14
1086
1088.08
1039
1039
1040.85
1062
1094
1086
1094.57
1099.96
1102
1078
1101
1063
1078
1078
1086
1117
1102
1102.72
1104.62
1109
1110
1105.29
1117
1156
1172
1164
1141
1156
1164
1164
1188
1156
1172
1187
1181.3
1180
1180
1195
1203
1194.9
1156
1141
1164
1109
1102
1125
1130.08
1117
1125
1125
1164
1157.99
1125
1094
1117
1078
1125
1117
1180
1171.58
1195
1186.7
1203
1198.03
1203
1211
1211
1204.78
1226
1180
1203
1180
1148
1156.63
1125
1131.64
1133
1133
1156
1150.72
1172
1164
1172
1156
1156
1141
1141
1148
1117
1110
1148
1133
1187
1180
1172
1180
1177.26
1164
1141
1164
1172
1125
1156
1141
1203
1219
1226
1216.21
1209.58
1203.6
1179
1149
1156
1153.15
1150.32
1094
1111.96
1047
1054.71
1053.97
1164
1170.48
1172
1172
1164
1156
1156
1151.8
1187
1141
1147.08
1148.36
1187
1172
1169.66
1169.69
1149
1149.82
1180
1164
1203
1227
1218
1172
1173.85
1195
1188
1182.61
1177.36
1250
1242
1226.51
1219.5
1179
1133
1133
1125
1133
1164
1175.78
1141
1195
1203.85
1156
1161.37
1149
1179
1173.07
1166.32
1166.43
1219
1203
1203
1193.73
1156
1163.39
1125
1133
1117
1120.31
1156
1125
1125
1130.31
1156
1149
1156
1125
1133
1137.8
1148
1125
1141
1133
1117
1122.07
1070
1087.2
1086
1133
1172
1164
1211
1226
1213.9
1204.35
1198.53
1148
1117
1133
1137.05
1140.43
1117
1180
1182.73
1172.74
1156
1149
1144.9
1156
1180
1172.96
1133
1125
1140
1133
1102
1070
1070
1063
1078
1164
1195
1185.68
1172
1219
1222.22
1125
1128.34
1031
1047
1086
1203
1172
1211
1180
1179
1141
1133
1187
1180
1164
1150.01
1211
1188
1234
1242
1227
1242
1242
1219
1213.91
1242
1228.53
1215.71
1258
1250
1289
1266
1289
1289
1281
1289
1266
1268.98
1265
1227
1236.93
1226
1250
1211
1242
1258
1219
1219
1273
1266
1289
1289
1289
1289
1266
1271.46
1250
1248.11
1234
1234
1188
1200.45
1218
1172
1188
1211
1195
1172
1219
1203
1164
1203
1219
1226
1180
1195
1199.65
1157
1170.85
1195
1188.17
1211
1218.56
1211
1211
1195
1219
1211
1202.49
1208.57
1250
1258
1273
1242
1219
1250
1250
1234
1227
1203
1172
1156
1133
1125
1133
1187
1180
1211
1203
1250
1203
1206.37
1102
1156
1155.04
1063
1117
1125
1250
1266
1248.43
1211
1211
1195
1149
1164
1165.22
1156
1164
1188
1187
1180
1176.94
1226
1203
1193.24
1234
1195
1188.28
1242
1242
1242
1258
1243.85
1219
1258
1265
1246.69
1273
1266
1250
1242
1247.14
1219
1242
1250
1258
1242
1274
1265.94
1289
1297
1266
1304
1321
1281
1258
1289
1273
1219
1250
1242
1211
1195
1258
1258
1244.56
1219
1203
1195
1141
1094
1096.58
1055
1054
1086
1149
1211
1242
1258
1265
1250
1274
1234
1211
1242
1211
1242
1258
1250.74
1227
1234
1230.25
1211
1203
1180
1187
1180
1195
1172
1180
1156
1117
1086
1063
1109
1141
1179
1211
1219
1221.93
1219
1217.87
1195
1234
1219
1217.56
1094
1109
1133
1203
1211
1227
1224.15
1234
1211
1203
1195.59
1156
1133
1141
1148
1133
1148
1172
1180
1164
1166.42
1168.53
1156
1180
1164
1172
1156
1133
1141
1117
1125
1148
1141
1133
1164
1163.19
1148
1125
1131.79
1070
1055
1125
1141
1142.92
1146.81
1164
1125
1156
1133
1117
1055
1070
1031
977
953
961
1031
1039
1055
1117
1125.21
1078
1117
1125.91
1111.49
1203
1274
1234
1202.35
1203
1193.31
1219
1250
1227
1222.86
1180
1172
1172.36
1164
1163.1
1180
1203
1172
1195
1192.85
1203
1211
1250
1239.34
1219
1281
1266
1250
1281
1242
1172
1172
1211
1211
1234
1242.58
1266
1273
1262.93
1281
1227
1242
1242
1219
1221.66
1226
1219.71
1234
1219
1258
1273
1266
1259.15
1250
1273
1227
1234
1258
1281
1258
1297
1289
1242
1297
1289
1234
1219
1266
1265
1235
1195
1195
1196
1195
1203
1214.85
1215.28
1219
1211
1203
1219
1203
1195
1250
1249.9
1226
1211
1203
1219
1211
1195
1219
1211
1211
1250
1242
1125
1078
1047
1047.77
1133
1289
1250
1180
1211
1225.45
1086
1063
1039
1039
1031
1063
1125
1156
1164
1164
1180
1187
1172
1163.78
1234
1164
1211
1203
1203
1190.51
1266
1250
1289
1261.99
1250
1281
1227
1250
1289
1258
1265
1263.33
1281
1227
1242.31
1241.25
1188
1234
1250
1232.53
1164
1227
1221.13
1188
1265
1250
1196
1242
1234
1188
1218.67
1203
1180
1234
1211
1195
1180
1201.1
1172
1125
1109
1086
1133
1180
1189.94
1193.69
1235
1195
1055
836
894.078
916.921
828
805
836
868.599
906
938
969.192
1172
1242
1266
1289
1250
1312
1321.6
1211
1195
1313
1328
1310.18
1305.1
1289
1250
1255.69
1055
1039
1031
1133
1172
1297
1328
1344
1406
1375
1352
1390
1375
1352
1359
1344
1320
1316
1328
1297
1289
1258
1226
1227
1229.2
1231.15
1233.7
1273
1227
1242
1273
1227
1235.43
1273
1266
1265.93
1227
1240.59
1242
1219
1265
1219
1242
1266
1281
1250
1297
1281
1266
1328
1307.79
1242
1274
1265
1252.15
1266
1250
1195
1211
1234
1180
1180
1187
1141
1164
1203
1203
1203
1203
1202.51
1234
1236.48
1219
1242
1289
1258
1281
1289
1250
1256.86
1281
1263.62
1305
1299.97
1344
1304
1321
1351
1258
1297
1289
1277.12
1235
1273
1227
1242
1281
1268.87
1242
1256.46
1203
1180
1211
1164
1133
1146.34
1203
1202.94
1180
1180
1190.57
1172
1180
1189.4
1250
1219
1133
1179
1196
1164
1234
1211
1195
1211
1211
1172
1180
1172
1165.28
1117
1180
1187.27
1195
1219
1227
1209.65
1242
1242
1203
1250
1242.18
1242
1297
1258
1226
1219
1218.68
1211
1258
1265
1249.87
1242
1273
1260.83
1281
1266
1273
1250
1250
1297
1273
1282
1289
1265
1268.12
1235
1234
1266
1250
1226
1258
1281
1289
1227
1250
1289
1250
1211
1250
1250
1250
1258
1265
1305
1289
1281
1305
1299.41
1328
1281
1297
1305
1289
1289
1297
1328
1305
1304
1306.08
1312
1297
1289
1294.28
1293.55
1297
1289.46
1281
1289
1288.71
1313
1320
1313
1304
1282
1312
1289
1258
1289
1250
1242
1250
1253.06
1253.33
1289
1281
1266
1266
1265
1269.16
1235
1234
1211
1250
1250
1251.92
1250
1253.76
1273
1271.67
1258
1261.36
1264.75
1258
1234
1234
1227
1203
1205.93
1219
1234
1211
1217.65
1203
1196
1195
1203
1211
1227
1250
1250
1246.05
1250
1248.66
1266
1297
1281
1258
1273
1258
1252.64
1249.12
1266
1250
1242
1281
1250
1235
1281
1250
1250
1251.97
1250
1250
1250
1250
1219
1250
1273
1274
1273
1266
1265.84
1250
1258
1250
1247.88
1227
1242
1241.59
1238.52
1273
1281
1305
1289
1289
1297
1297
1289
1285.83
1304
1274
1273
1297
1289
1297
1305
1281
1286.39
1281
1258
1297
1289
1281
1283.3
1274
1289
1281
1250
1250
1242
1242.6
1242
1227
1273
1274
1297
1320
1305
1281
1281
1242
1250
1258
1219
1232.18
1281
1219
1236.91
1241.46
1258
1250
1203
1242
1240.21
1211
1234
1227
1227.18
1211
1219.52
1172
1203
1202.54
1219
1234
1266
1250
1281
1266
1263.08
1250
1242
1242
1258
1258
1234
1250
1247.47
1266
1281
1266
1265.99
1266
1281
1274.68
1281
1242
1250.44
1258
1297
1289
1258
1289
1289
1288.01
1282.62
1250
1250
1250
1219
1242
1242
1243.1
1289
1281
1281
1305
1297
1290.54
1289
1285.06
1211
1242
1227
1242
1273
1258
1250
1250
1250
1266
1320
1310.67
1302.33
1305
1281
1297
1290.37
1281.85
1250
1250
1211
1242
1227
1231.94
1235.04
1219
1195
1219
1214.85
1211
1203
1211
1211.8
1219
1217.72
1172
1195
1195
1180
1185.84
1180
1195
1180
1250
1273
1227
1258
1234
1234.72
1180
1196.82
1141
1125
1125.77
1127.32
1164
1177.48
1195
1196
1195
1219
1234
1211
1250
1250
1211
1217.53
1211
1219
1258
1234
1250
1258
1242
1242.89
1226
1188
1187
1184.7
1219
1211
1213.25
1214.73
1219
1250
1273
1262.92
1235
1250
1234
1250
1258
1250
1245.44
1250
1266
1304
1266
1258
1257.83
1203
1203
1227
1218
1250
1250
1246.51
1289
1289
1266
1289
1281
1320
1297
1297
1313
1289
1304
1299.4
1297
1305
1312
1304.06
1320
1297
1297
1281
1289
1266
1304
1266
1211
1219
1221.32
1164
1180
1182.3
1180
1180
1234
1211
1211
1234
1219
1258
1297
1320
1305
1297
1265
1263.34
1274
1268.41
1141
1086
1078
1141
1117
1219
1218
1227
1250
1249.56
1203
1227
1226
1216.64
1211.72
1234
1203
1227
1234
1228.1
1258
1253.86
1203
1220.39
1211
1204.96
1258
1289
1258
1242
1242.96
1281
1250
1266
1263.08
1250
1242
1250
1242.13
1274
1264.64
1266
1242
1242
1266
1289
1289
1275.11
1250
1289
1285.62
1242
1219
1211
1214.38
1211
1250
1258
1281
1266
1273
1266
1250
1273
1274
1281
1270.56
1328
1321.48
1306.32
1336
1344
1297
1289
1297
1291.2
1313
1328
1336
1289
1295.57
1328
1318.71
1336
1328
1281
1266
1305
1307.18
1258
1305
1265
1305
1289
1227
1234
1281
1235
1304
1266
1272.21
1281
1258
1250
1250
1242
1297
1289
1250
1289
1273
1258
1266
1281
1305
1320
1289
1320
1310.45
1281
1297
1265
1250
1266
1263.2
1265
1266
1268.92
1273
1270.35
1270.32
1266
1281
1289
1283.1
1289
1297
1281
1305
1297
1293.33
1274
1273
1305
1295.83
1328
1320
1305
1306.21
1307.1
1281
1266
1273
1258
1242
1250
1219
1224.22
1234
1266
1273
1250
1305
1273
1282
1284.55
1297
1289.57
1242
1227
1234
1227
1281
1266
1312
1297
1289
1266
1267.17
1211
1266
1351
1289
1328
1266
1242
1289
1258
1203
1231.4
1234
1188
1203
1180
1183.35
1203
1204.06
1234
1234.35
1227
1242
1242
1241.51
1203
1164
1133
1195
1211
1203
1210.38
1250
1242
1258
1289
1258
1281
1250
1227
1226
1221.06
1213.75
1211
1211
1195
1156
1161.24
1180
1211
1265
1250
1180
1186.99
1180
1164
1156
1149
1156
1219
1236.78
1172
1211
1234
1180
1265
1305
1268.24
1235
1351
1325.03
1266
1281
1250
1180
1234
1266
1218
1219
1211
1202.69
1195
1188
1187
1133
1172
1164
1164
1167.22
1203
1086
1102
1133
1195
1219
1242
1242
1242
1219
1266
1265
1250
1266
1260.03
1242
1244.18
1203
1235
1312
1305
1289
1277.8
1289
1305
1273
1211
1216.92
1227
1195
1258
1242
1195
1205.93
1312
1291.5
1268.47
1297
1299.49
1281
1282
1273
1281
1305
1266
1265
1211
1218.5
1250
1266
1273
1297
1250
1266
1304
1266
1234
1266
1289
1242
1258
1265.58
1264.02
1281
1281
1258
1211
1250
1250
1195
1266
1273
1227
1243.1
1258
1289
1242
1219
1219
1242
1250
1242
1258
1265.54
1172
1156
1164
1211
1216.21
1289
1292.49
1275.98
1266
1242
1250
1281
1227
1242
1250.2
1227
1273
1268.53
1273
1305
1297
1283.97
1278.79
1266
1281
1250
1188
1195
1242
1250
1211
1211
1242
1219
1195
1206.09
1281
1227
1273
1313
1250
1219
1265
1263.44
1180
1250
1262.25
1242
1289
1289
1281
1235
1281
1242
1224.82
1297
1250
1231.47
1259.63
1255.57
1235
1234
1180
1195
1141
1148
1188
1190.6
1195
1219
1289
1234
1274
1289
1250
1259.47
1211
1172
1242
1241.68
1281
1227
1125
1203
1250
1289
1336
1328
1303.78
1292.29
1289
1281
1242
1274
1273
1256.62
1274
1273.02
1289
1289
1289
1266
1289
1284.23
1266
1320
1273
1258
1266
1234
1219
1281
1270.27
1219
1250
1242
1219
1250
1252.48
1172
1211
1211
1195
1242
1250
1250
1266
1297
1281
1275.93
1285.7
1281
1268.16
1278.43
1281
1258
1258
1242
1195
1266
1242
1203
1188
1197.6
1187
1203
1219
1211
1250
1266
1226
1188
1164
1117
1078
1016
1018.68
1018.31
922
953
960.769
964.423
1015
1008
1094
1111.15
1125
1195
1180
1125
1086
1070
1094
1097.33
1117
1180
1266
1304
1305
1283.67
1359
1321
1320
1297
1250
1250.12
1266
1265
1260.07
1297
1296.67
1289.79
1281.76
1281
1297
1291.34
1289
1297
1289
1281
1305
1289
1283.76
1280.22
1125
1109
1141
1180
1265
1287.92
1250
1234
1227
1273
1273.78
1242
1211
1156
1172
1172
1178.54
1184.75
1203
1211
1258
1264.85
1203
1202.75
1266
1242
1226.46
1250
1254.54
1289
1266.98
1297
1258
1248.67
1141
1250
1250
1237.7
1297
1250
1245.71
1227
1265
1274
1281
1281
1297
1286.81
1266
1266
1234
1297
1258
1281
1336
1289
1289
1328
1266
1312
1344
1336
1328
1367
1289
1336
1305
1297
1281
1250
1281
1266
1269.52
1258
1281
1234
1282
1273
1269.36
1275.57
1242
1180
1234
1266
1281
1297
1344
1336.54
1320
1281
1258
1258
1273
1273.65
1273.97
1258
1211
1258
1250
1249.23
1266
1289
1242
1258
1273
1211
1229.23
1226
1235
1273
1227
1218
1235
1242
1203
1297
1273
1211
1211
1227
1234
1258
1281
1265.96
1273
1289
1266
1289
1336
1273
1282
1320
1273
1266
1281
1258
1250
1266
1258.17
1273
1274.81
1242
1297
1313
1281
1289
1297
1258
1281
1258
1234
1258
1258
1242
1281
1266
1242
1297
1297
1242
1289
1297
1272.65
1289
1250
1211
1195
1219
1164
1211
1228.77
1211
1297
1328
1258
1273
1281.56
1258
1281
1266
1248.44
1289
1284.73
1219
1248.52
1250
1219
1250
1273
1253.98
1258
1289
1269.98
1227
1273
1266
1242
1242
1235
1226.52
1232.71
1250
1266
1273
1272.09
1289
1289
1227
1265
1235
1229.92
1258
1258
1250
1281
1273
1261.92
1297
1288.35
1266
1289
1281
1250
1261.87
1273
1250
1253.75
1242
1211
1227
1211
1250
1304
1266
1320
1305
1242
1281
1227
1211
1242
1250
1211
1250
1234
1219
1227
1234
1180
1242
1273
1227
1238.9
1265
1227
1234.59
1266
1243.5
1273
1227
1195
1242
1250
1219
1281
1297
1242
1219
1236.66
1232.53
1250
1281
1328
1291.29
1284.38
1285.67
1234
1235
1289
1265
1266
1250
1211
1242
1249.29
1219
1250
1211
1250
1250
1203
1222.6
1219
1195
1203
1208.56
1205.66
1227
1242
1211
1222.03
1211
1164
1211
1208.42
1211
1234
1258
1245.12
1250
1250.95
1281
1234
1274
1273
1258.8
1260.1
1258.93
1250
1250
1227
1195
1234
1258
1219
1273
1266
1273
1274
1267.24
1264.1
1265
1259.4
1255.7
1234
1172
1211
1234
1180
1203
1188
1179
1211
1227
1211
1225.44
1228.31
1250
1250
1242
1242
1266
1281
1274
1328
1250
1273
1235
1242.31
1195
1227
1226
1211
1227
1234
1219
1281
1219
1242
1250
1242
1227
1234.58
1242
1227
1231.97
1203
1258
1242.14
1242
1242
1305
1265
1266
1250
1250
1234
1211
1188
1191.99
1164
1195
1219
1250
1266
1262.83
1273
1266
1250
1246.47
1078
1016
1060.1
992
1047
1164
1227
1281
1281.97
1266
1289
1258
1251.93
1234
1289
1281
1269.52
1258
1281
1242
1266
1258
1242
1242.91
1297
1226
1235
1234
1242
1237.95
1234.96
1250
1273
1250
1250
1266
1261.49
1227
1239.94
1244.56
1250
1273
1266
1250
1289
1289
1250
1289
1274
1265
1261.11
1266.82
1047
1070
969
1031.98
1051.44
883
867
782
789
804
797
805
820.054
867
891
922
942.717
1086
1086
1133
1203
1211
1258
1268.94
1336
1367
1414
1422.91
1367
1383
1407.85
1289
1344
1384.41
1367
1375
1360
1320
1328
1297
1302.18
1308.94
1281
1305
1307.18
1352
1328
1327.47
1312
1305
1304.69
1328
1320
1266
1289
1312
1235
1320
1305
1304
1305.57
1211
1164
1227
1242
1242.82
1289
1281
1289
1336
1326.56
1316.23
1414
1328
1289
1359
1352
1320
1337.58
1367
1297
1297
1273
1267.49
1289
1258
1242
1258
1328
1258
1264.97
1242
1250
1266
1267.28
1266
1281
1250
1305
1320
1307.19
1305
1281
1235
1281
1297
1281
1289
1283.35
1297
1288.23
1273
1297
1313
1273
1258
1258
1226
1235
1237.15
1195
1234
1188
1172
1289
1242
1281
1272.32
1271.82
1273
1250
1211
1188
1234
1203
1196
1242
1211
1156
1250
1219
1211
1273
1266
1242
1289
1266
1234
1289
1266
1234
1266
1234
1224.12
1227
1232.35
1172
1211
1234
1203
1209.24
1231.18
1281
1281
1263.48
1264.55
1281
1242
1243.46
1289
1266
1273
1297
1285.83
1258
1281
1219
1234
1266
1257.19
1274
1304
1258
1250
1289
1250
1227
1239.67
1234
1219
1289
1281.22
1265.44
1273.22
1242
1219
1273
1266
1250.3
1253.99
1250
1211
1225.28
1226
1188
1234
1289
1250
1252.18
1289
1235
1250
1265
1227
1250
1234
1180
1164
1242
1241.44
1195
1227
1234
1211
1235
1250
1228.47
1289
1280.59
1273
1282
1281
1242
1259.08
1266
1219
1273
1258
1219
1273
1268.42
1226
1250
1203
1196
1226
1203
1211
1211
1164
1164
1196
1190.58
1191.34
1242
1237.12
1195
1172
1164
1180
1273
1263.92
1281
1305
1281
1258
1258
1242
1230.19
1266
1250
1211
1234
1237.26
1242
1266
1234
1211
1213.84
1234
1188
1226
1211
1211
1274
1262.53
1266
1320
1297
1258
1263.64
1289
1258
1258.5
1273
1250
1250
1258
1266
1281
1272.35
1219
1250
1219
1234
1250
1219
1228.35
1235
1250
1241.82
1266
1242
1172
1117
1164
1180.24
1117
1102
1117
1094
1164
1173.72
1273
1297
1258
1242
1258
1254.73
1211
1227
1234
1225.13
1211
1180
1187
1187.84
1289
1235
1222.1
1281
1219
1211
1273
1242
1250
1258
1245.22
1289
1227
1250
1281
1250
1249.38
1289
1263.97
1203
1258
1211
1217.74
1273
1250
1227
1245.44
1219
1211
1242
1250
1242
1266
1250
1242
1250
1250
1273
1266
1250
1250
1281
1235
1234
1281
1266
1242
1266
1273
1257.79
1289
1234
1211
1219
1242
1219
1258
1258.97
1253.35
1141
1195
1234
1226.32
1216.47
1289
1297
1289
1266
1281
1289
1258
1256.77
1297
1297
1304
1274
1281
1289
1266
1273
1266
1281
1242
1249.2
1258
1211
1242
1219
1211
1226
1250
1211
1180
1164
1203
1281
1274
1281
1258
1257.29
1227
1226.38
1219
1219
1265
1227
1250
1234
1188
1250
1211
1226
1219
1227
1289
1304
1282
1281
1250
1251.63
1250
1243.65
1211
1215.81
1250
1244.04
1250
1250
1245.56
1141
1169.9
1211
1242
1258
1242
1227
1273
1289
1258
1250
1258
1242
1235.33
1229.91
1273
1271.08
1242
1180
1281
1273
1266
1281
1269.83
1219
1234
1211
1203
1203.08
1180
1141
1234
1242
1227
1289
1286.89
1258
1242
1211
1219
1281
1266
1273
1265.23
1258
1273
1250
1196
1195
1164
1133
1134.07
1133.77
1219
1242
1328
1297
1219
1180
1265
1274
1273
1297
1281
1268.53
1266
1265
1227
1195
1195.6
1133
1195
1164
1169.83
1258
1261.95
1289
1297
1273
1282
1304
1287.73
1273.53
1274
1234
1211
1250
1234
1258
1297
1290.79
1258
1281
1258
1297
1312
1298.71
1295.06
1211
1164
1203
1212.5
1219
1242
1250
1211
1224.64
1250
1246.48
1235
1241.42
1227
1234
1289
1281
1250
1289
1274
1250
1273
1258
1211
1220.71
1281
1270.93
1273
1297
1273
1305
1297
1289
1297
1281
1266
1281
1250
1242
1211
1214.35
1203
1250
1258
1281
1280
1281
1305
1297
1258
1250
1246.52
1219
1242
1211
1133
1148
1180
1289
1290.8
1320
1344
1312
1235
1237.49
1297
1266
1257.1
1289
1274
1258.84
1259.15
1242
1242
1188
1164
1166.99
1219
1238.9
1211
1215.46
1203
1258
1242
1219
1265
1267.38
1266
1297
1291.85
1258
1289
1290.06
1219
1289
1250
1289
1281
1282
1234
1258
1258.46
1227
1148
1117
1133
1203
1219
1250
1242
1250
1248.24
1289
1289
1266
1268.5
1281
1267.93
1258
1266
1262.96
1297
1297
1273
1289
1227
1203
1164
1172
1172
1258
1274.39
1274
1297
1289
1242
1247.56
1274
1258
1289
1312
1299.58
1328
1312
1266
1274.32
1270.77
1250
1242
1172
1141
1117
1195
1228.8
1247.39
1227
1231.83
1242
1219
1220.96
1266
1273
1266
1250
1242
1203
1133
1180
1205.34
1211.93
1281
1294.08
1280.87
1289
1250
1237.63
1281
1250
1211
1219.8
1216.74
1207.96
1195
1172
1176.47
1211
1180
1186.37
1234
1235
1228.01
1305
1297.87
1258
1273
1273.52
1250
1289
1242
1236.95
1305
1265
1289
1305
1281
1219
1211
1211
1250
1234
1211
1220.87
1234
1211
1227
1235.46
1219
1250
1250
1250
1219
1231.57
1117
1150.77
1157.58
1281
1289
1273.08
1281
1211
1211
1212.87
1250
1246.82
1289
1289
1289
1312
1266
1263.51
1297
1281
1203
1172
1195
1211
1211
1188
1226
1258
1242
1227
1297
1250
1234
1242
1219
1195
1188
1226
1258
1250
1241.56
1156
1125
1127.85
1131.49
1211
1242
1234
1228.62
1305
1303.47
1297
1281
1250
1297
1281
1274
1273
1258
1242
1241.88
1242.44
1250
1258
1203
1133
1137.68
1203
1237.65
1238.75
1211
1227
1242
1203
1211
1242
1235
1218
1250
1227
1211
1273
1266
1250
1246.58
1258
1234
1250
1258
1240.37
1232.44
1250
1203
1211
1203
1211
1242
1242.22
1250
1281
1313
1297
1281
1281
1242
1219
1250
1227
1273
1258
1203
1117
1141
1211
1242
1297
1289
1320
1312.97
1297
1305
1297
1289
1273
1321
1281
1219
1250
1265
1219
1235.02
1252.48
1258
1289
1285.6
1188
1156
1165.97
1109
1113.99
1258
1258.77
1255.06
1289
1266
1242
1203
1172
1242
1251.11
1297
1344
1312
1266
1267.67
1258
1245.44
1258
1256.76
1227
1219
1250
1242
1156
1172
1203
1203
1227
1225.43
1250
1320
1289
1266
1297
1234
1250
1281
1235
1234
1250
1242
1164
1149
1140
1164
1219
1219
1250
1273
1235
1234
1227
1213.39
1258
1203
1235
1187
1133
1133
1242
1258
1242
1250
1254.56
1273
1219
1203
1242
1258
1227
1219.08
1328
1320
1297
1289
1285.95
1203
1266
1273
1248.46
1211
1236.52
1250
1250
1250
1297
1288.66
1274
1265.86
1250
1242
1141
1117
1102
1156
1219
1234
1258
1242
1235.59
1266
1267.27
1257.83
1273
1227
1242
1241.32
1234
1230.52
1180
1179
1258
1242
1211
1211
1227
1258
1265
1258
1250
1247.9
1219
1213.7
1195
1219
1266
1260.85
1249.77
1258
1258
1265
1258
1211
1211.02
1141
1143.65
1143.77
1242
1305
1258
1251.92
1274
1250
1234
1250
1234
1258
1211
1211
1203
1258
1258
1250
1240.37
1281
1281.48
1266
1234
1250
1266
1250
1273
1266
1226
1211
1215.25
1180
1156
1156.8
1219
1258
1328
1281
1297
1297
1281
1274
1268
1281
1281
1305
1273
1141
1078
1078.49
1125
1250
1291.62
1293.01
1312
1297
1305
1258
1234
1228.42
1258
1250
1281
1235
1234
1250
1211
1172
1203
1218.53
1220.93
1214.57
1212.56
1227
1250
1281
1242
1250
1258
1253.6
1148
1180
1180
1186.69
1242
1235
1273
1297
1250
1211
1297
1226
1211
1141
1078
1094
1195
1219
1242
1266
1250
1218
1221.09
1227
1281
1264.97
1250
1258
1219
1195
1141
1187
1219
1219.47
1235
1250
1218
1227
1234
1211
1206.69
1086
1039
1086
1141
1195
1227
1232.26
1231.68
1219
1211
1203
1195
1180
1172
1242
1211
1206.85
1206.98
1203
1196.52
1281
1260.17
1211
1226
1227
1211
1206.73
1227
1258
1250
1239.56
1172
1195
1172
1187
1125
1094
1086
1133
1187
1180
1195
1209.94
1219
1211
1219
1242
1211
1242
1250
1242
1258
1256.47
1250
1250
1245.43
1211
1242
1258
1243.85
1305
1273
1180
1204.08
1227
1211
1214.76
1234
1125
1086
1133
1141.38
1265
1266
1281
1227
1273
1242
1232.91
1211
1266
1195
1206.57
1156
1149
1156
1141
1117
1126.26
1180
1242
1258
1250
1242
1258
1195
1172
1171.5
1242
1195
1227
1234
1188
1226
1250
1227
1242
1258
1234
1227.81
1250
1234.33
1258
1247
1133
1148
1219
1273
1227
1289
1172
1078
1086
1172
1196.3
1242
1313
1328
1294.48
1320
1328
1291.15
1305
1312
1258
1297
1297
1258
1261.82
1297
1278.32
1268.89
1141
1148
1141
1211
1258
1242
1281
1282.47
1219
1227.64
1228.8
1227
1273
1227
1234
1242
1157
1148
1180
1195
1194.83
1200.98
1297
1290.2
1336
1304
1305
1297
1279.58
1289
1277.88
1258
1250
1219
1195
1219
1211
1217.45
1258
1250
1219
1226.54
1242
1219
1226
1228.48
1225
1234
1172
1156
1227
1273
1250
1266
1289
1274.37
1234
1258
1258.9
1245.15
1195
1195
1201.91
1195
1188
1234
1219
1208.4
1266
1242
1242
1125
1078
1039
1039.33
1040.29
1042.38
1320
1290.82
1297
1295.98
1282.49
1268.77
1281
1270.85
1250
1243.78
1238.68
1231.08
1225.55
1250
1244.06
1149
1117
1086
1125
1164
1219
1226
1224.95
1211
1250
1234
1235
1242
1219
1195
1234
1196
1187
1102
1120.47
1117
1119.65
1124.77
1281
1274
1234
1211
1219
1250
1258
1273
1250
1250
1281
1266
1254.85
1274
1281
1266.43
1259.34
1125
1086
1109
1141
1180
1195
1200.63
1250
1258
1242
1219
1220.42
1250
1180
1086
1099.52
1115.26
1031
1086
1133
1117
1141
1164
1162.28
1148
1125
1125
1124.43
1125
1094
1117
1141
1164
1211
1250
1226
1258
1258
1240.39
1219
1216.42
1210.06
1234
1172
1133
1139.14
1062
1055
1078
1141
1165.38
1175.55
1297
1359
1307.06
1285.1
1297
1242
1228.87
1230.03
1250
1241.03
1289
1281
1242
1180
1164
1117
1133
1211
1203
1202.81
1289
1258
1328
1297
1275.36
1281
1250
1250
1289
1274
1266.77
1289
1286.26
1336
1328
1315.54
1250
1305
1273
1305
1312
1297
1250
1219
1242
1250
1258
1234
1235
1312
1266
1250
1297
1304
1288.1
1336
1289
1281
1266
1242
1234
1110
1109
1156
1187.72
1203
1219
1219
1226
1258
1258
1252.35
1258
1289
1279.39
1250
1281
1266
1273
1297
1250
1257.04
1259.27
1274
1242
1195
1180
1164
1219
1242
1203
1207.11
1215.12
1250
1258
1248.17
1281
1266
1258.54
1281
1258
1250
1250
1242
1237.98
1094
1070
1063
1047
1062
1125
1169.02
1192.3
1273
1344
1297
1336
1331.87
1328
1313
1320
1258
1281
1297
1250
1281
1313
1304
1301.15
1305
1336
1359
1313
1316.54
1321.75
1273
1281
1258
1242
1274
1273
1258
1219
1232.56
1101
1055
875
859
852
828
844
836
828
828
820
836.132
766
773
758
742
742
719
741.472
754.24
711
750
750
789
789
800.706
809.37
859
883
852
898
891
867
844
836
820
828
836
836
820
813
828
820
805
797
797
789
789.787
781
766
781
766
770.458
771.57
750
750
750
750.21
773
797
836
891
937
961
977
970.859
1000
1000
992
1000
995.676
969
961
953
961
960.658
1031
1078
1078
1059.03
1047.1
1047
1008
976
953
891
898
891
930
1023
1016
1109
1086
1055
1117
1070
1102
1095.36
1117
1195
1188
1203
1211
1211
1218
1214.47
1141
1117
1117
1110
1109.7
1141
1140
1149
1164
1109
1133
1164
1125
1117
1120.82
1070
1039
961
964.932
964.305
1015
1052.76
1102
1117
1086
1086
1117
1120.89
1070
1047
1000
999.245
1031
1016
1070
1117
1113.32
1117
1117
1063
1031
969
967.706
992
969
992
1062
1032
1029.52
1031
992
977
979.236
953
914
899
898.401
969
961
945
930
937
922
906
906.83
883
867
866.683
836
813
813.114
812
812.662
774
784.701
781
789
790.349
781
766
781
774
773
774.639
797
844
836
844
859
852
867
867.75
1094
883
890
891
886.744
984
942.568
1102
1022.67
1149
1148
1099.05
1099.65
1102.59
1133
1125
1109
1133
1133
1133
1164
1164
1164
1166.34
1211
1179
1219
1227
1203
1242
1234
1196
1202.66
1211
1205.32
1148
1172
1125
1117
1117
1086
1093.2
1086
1024
984
953
954.04
953.866
1055
1133
1169.93
1172
1172
1172
1242
1234.77
1234
1227.65
1250
1227
1273
1271.58
1258
1258.42
1242
1242.54
1250
1250
1250
1250
1242
1250
1203
1227
1226
1203
1202.89
1250
1239.23
1203
1219
1203
1204.78
1273
1235
1281
1250
1250
1251.79
1248.88
1289
1297
1281
1266
1312
1297
1290.53
1305
1298.85
1266
1276
1242
1245.39
1195
1172
1156
1157.23
1008
969
978.572
1047
1091.48
1102
1156
1164
1156
1149
1156
1160.1
1133
1172
1164
1156
1158.35
1172
1172
1203
1172
1187
1180
1175.69
1179
1196
1195
1156
1203
1180
1172
1203
1195
1188.95
1211
1211
1172
1187
1180
1177.11
1156
1172
1195
1164
1188
1211
1197.32
1188.62
1242
1250
1225
1222.85
1156
1133
1156
1141
1148
1172
1164
1165.1
1102
1078
1000
1004.08
1039
1148
1182.63
1218
1211
1180
1211
1211
1195
1219
1220.75
1172
1174.01
1180
1171.36
1235
1234
1250
1289
1297
1250
1281
1289
1258
1255.05
1336
1314.5
1289
1305
1312
1297
1352
1342.75
1297
1328
1336
1266
1281
1297
1320
1352
1375
1320
1320
1326.19
1297
1289
1320
1305
1250
1320
1282
1273
1305
1297
1289
1336
1273
1250
1195
1209.64
1188
1172
1211
1195
1172
1242
1219
1226
1250
1258
1258
1336
1328
1317
1318.26
1336
1297
1300.37
1297
1273
1297
1320
1266
1281
1258
1250
1250
1250
1258
1252.88
1226
1236.59
1250
1274
1328
1281
1283.25
1287.16
1281
1250
1255.12
1289
1274
1281
1305
1281
1336
1312
1302.48
1289
1305
1289
1359
1336
1266
1305
1312
1258
1211
1242
1227
1250
1320
1320
1328
1383
1367
1305
1375
1365.09
1333.07
1336
1313
1297.73
1305
1307.36
1292.93
1294.55
1289
1305
1298.36
1383
1361.63
1266
1312
1328
1313
1375
1351
1274
1273
1297
1301.24
1293.02
1383
1359
1336
1352
1312
1328
1258
1180
1186.29
1188.44
1024
1070
1078
1078
1102
1125.91
1141
1195
1211
1289
1383
1453
1430
1424.83
1453
1437
1430
1414
1414
1391
1398
1344
1347.24
1312
1266
1305
1313.31
1273
1282
1281
1285.58
1289
1258
1234
1297
1274
1218
1266
1258
1273
1360
1328
1281
1328
1367
1344
1406
1336
1383
1375
1336
1383
1374.06
1328
1344
1336
1289
1328
1359
1289
1282
1304
1313
1281
1266
1278.91
1297
1289
1313
1297
1304
1266
1278.33
1226
1282
1281
1273
1305
1320
1274
1320
1250
1297
1289
1242
1265.72
1336
1273
1266
1280.95
1280.33
1274.44
1304
1291.73
1288.13
1336
1289
1266
1328
1312
1288.45
1274
1285.93
1281
1266
1195
1227.84
1247.69
1148
1180.48
1266
1375
1320
1344
1336
1289
1344
1297
1282.78
1320
1305
1351
1336
1289
1297
1344
1289
1320
1324.9
1303.71
1336
1336
1336
1312
1315.54
1359
1320
1375
1360.64
1320
1337.68
1339.42
1323.92
1323.8
1258
1250
1305
1307.23
1297
1375
1367
1343.54
1353.85
1348.96
1234
1328
1328
1266
1305
1320.12
1312
1313
1289
1281
1289.51
1328
1266
1328
1273
1227
1281
1305
1265
1280.84
1281
1250
1266
1273
1227
1312
1301.99
1321
1375
1345.76
1359
1353.85
1344
1367
1367
1336
1375
1360.32
1351.42
1297
1323.02
1319.02
1328
1297
1328
1281
1250
1274
1281
1242
1297
1290.8
1258
1275.8
1283.93
1281
1289
1295.44
1258
1250
1289
1289
1281
1328
1328
1297
1306.84
1297
1305
1336
1328
1336
1367
1297
1359
1305
1172
1078
1008
992
1000
1125
1211
1250
1297
1258
1273
1305
1320
1383
1367
1352
1398
1391
1336
1338.52
1344
1344
1304
1321
1320
1328
1352
1350.88
1328
1331.04
1289
1297
1297
1250
1258.31
1261.08
1258
1297
1328
1344
1359
1375
1336
1383
1380
1336
1328
1305
1336
1320
1320
1336
1289
1305
1328
1320.77
1321.07
1312
1297
1258
1297
1265
1235
1243.56
1289
1258
1289
1250
1289
1281
1282.64
1284.37
1312
1266
1297
1291.7
1282
1320
1328
1297
1328
1305
1328
1320.07
1320
1336
1352
1342.6
1305
1317.48
1315.54
1320
1305
1308.84
1344
1332.21
1326.75
1344
1289
1306.27
1307.59
1266
1242
1289
1305
1320
1336
1305
1311.45
1367
1355.06
1297
1328
1289
1297
1300.44
1289
1289
1294.13
1250
1289
1297
1290.55
1313
1297
1281
1328
1297
1297
1359
1297
1266
1297
1250
1273
1279.64
1275.86
1305
1299.3
1297
1320
1328
1313.65
1320
1281
1296.29
1281
1305
1320
1336
1297
1297
1336
1321.26
1219
1226
1266
1258
1256.02
1312
1297
1258
1320
1266
1268.78
1297
1289
1266
1320
1297
1289
1293.51
1297.07
1297
1284.37
1258
1141
1179.4
1141
1140
1227
1243.94
1297
1352
1328
1383
1406
1328
1335.41
1336
1289
1336
1328
1305
1328
1312
1305
1297
1291.73
1281
1281.69
1289
1289
1336
1328.06
1313
1351
1305
1309.02
1344
1281
1336
1336
1281
1328
1344
1320
1321
1304
1336
1321
1273
1281
1289.17
1258
1281
1305
1297
1320
1320
1266
1289
1297
1258
1273
1328
1250
1258
1297
1250
1263.69
1297
1219
1281
1336
1328
1301.75
1324.57
1320
1359
1342.69
1328
1328.7
1297
1250
1297
1273
1274
1288.6
1297
1283.76
1351
1313
1320
1305
1300.05
1274
1304
1250
1266
1297
1284.13
1312
1305
1305.23
1281
1289
1250
1289
1281.54
1280.71
1242
1250
1234
1282
1271.09
1242
1252.22
1320
1258
1344
1328
1305
1351
1328
1344
1375
1336
1336
1367
1297
1344
1359
1258
1289
1289
1227
1251.57
1148
1133
1203
1211
1266
1281.66
1275.62
1279.35
1336
1336
1344
1336
1333.45
1305
1297
1234
1258
1258.96
1133
1172
1219
1281
1375
1336
1336
1406
1381.78
1398
1367
1321
1359
1336
1289
1293.58
1297
1289.17
1305
1266
1289
1304
1305
1258
1297
1281
1289
1285.2
1274
1277.02
1320
1312.22
1304.24
1367
1328
1289
1299.5
1304.99
1301.49
1296.8
1320
1313
1307.32
1304.81
1336
1375
1336
1344
1367
1320
1305
1328
1305
1297
1304
1266
1305
1289
1250
1304
1301.4
1293.58
1336
1328
1258
1289
1296.6
1320
1328
1383
1336
1344
1359
1305
1351
1344
1289
1375
1375
1375
1383
1367
1356.02
1360
1328
1320
1336
1289
1250
1297
1258
1234
1249.57
1242
1245.73
1281
1258
1250
1289
1289
1258
1179
1102
1110.96
1156
1180
1156
1219
1273
1273.82
1375
1351
1375
1363.17
1345.43
1336.15
1375
1313
1351
1375
1344
1375
1344
1320
1320
1305
1303.87
1321
1312
1312.17
1313.42
1312
1297
1266
1273
1297
1292.16
1266
1312
1307.15
1303.95
1328
1305
1320
1320.5
1321
1390
1336
1352
1383
1343
1321
1329.38
1328.67
1188
1148
1055
1000
961
953
953
961
961
1000
1047
1073
1078
1089.36
1102
1133
1172
1242
1320
1326.33
1336
1343.43
1352.07
1357.15
1359.51
1289
1258
1305
1317.23
1318.85
1304
1375
1360
1351
1399
1390
1297
1297
1258
1255.82
1289
1250
1258
1336
1336
1273
1284.89
1274
1281
1276.44
1336
1328
1352
1289
1304
1305
1295.36
1305
1359
1297
1336
1367
1328
1297
1297
1273
1305
1307.09
1367
1406
1414
1383
1383
1406
1336
1344
1390
1369.94
1357.35
1297
1328
1258
1281
1297
1295
1320
1320
1266
1328
1289
1291.77
1299.16
1281
1344
1312
1312.22
1273
1297
1172
1230.25
1133
1164
1242
1258
1320
1422
1383
1381.84
1391
1367
1313
1359
1336
1328
1352
1320
1305
1328
1328
1375
1281
1219
1250
1359
1321
1351
1399
1351
1313
1316.76
1274
1265
1313
1328
1273
1321
1320
1305.6
1306.36
1359
1313
1305.49
1406
1371.47
1344
1352
1304
1297
1297
1266
1234
1281
1266
1219
1304
1305
1297
1258
1289
1273
1263.72
1258
1242
1242
1289
1289.21
1258
1289
1289
1282.01
1203
1164
1110
1164
1187
1211
1258
1278.94
1272.58
1297
1289
1328
1281
1278.91
1211
1211
1180
1234
1297
1295.05
1286.44
1375
1366.5
1336
1375
1328
1320
1313.39
1303.91
1242
1094
1130.13
992
961
930
914
925.431
922
922
945
953
960.691
968.475
1047
1064.47
1109
1047
1047
1061.1
1109
1115.58
1141
1148
1164
1157
1155.91
1172
1195
1180
1203
1141
1164
1203
1242
1258
1289
1328
1297
1289
1266
1257.7
1250.25
1250
1244.96
1172
1211
1234
1180
1187
1219
1195
1149
1164.55
1226
1218.71
1281
1250
1281
1305
1250
1297
1320
1290.6
1289.7
1359
1327.91
1359
1350.45
1332.29
1304
1266
1242
1219
1219.25
1226
1258
1289
1290.72
1383
1336
1332.35
1328
1289
1297
1297
1312
1321
1312
1305
1320
1258
1328
1336
1297
1302.66
1289
1285.37
1242
1258
1273
1297
1313
1304
1274
1282.19
1285.83
1211
1164
1109
1141
1169.93
1164
1250
1250
1227
1281
1281
1305
1375
1328
1344
1359
1336
1375
1369.84
1297
1305
1297
1336
1328
1312
1344
1344
1351
1336
1335.25
1383
1367
1328
1344
1320
1328
1305
1305
1312
1297
1242
1258
1250
1250
1251.6
1274
1281
1289
1227
1251.89
1258
1257.79
1258
1297
1298.82
1242
1305
1273
1289
1285.01
1297
1289
1305
1300.66
1282
1288
1156
1188
1273
1265.88
1398
1383
1336
1375
1336
1305
1304
1227
1258
1289
1281
1281
1274
1281
1289
1266
1242
1248.42
1297
1281
1289
1320
1297
1305
1273
1273.28
1281
1266
1242
1297
1281
1305
1359
1297
1297
1300.8
1242
1297
1320
1266
1279.74
1320
1299.68
1336
1328
1309.94
1359
1338.87
1313
1351
1282
1273
1297
1250
1281
1313
1293.13
1304.97
1305
1328
1359
1340.17
1334.46
1320
1289
1344
1320
1258
1258
1281
1289
1305
1320
1314
1310.76
1312
1336
1297
1297
1336
1320
1297
1258
1250
1289
1298.97
1289
1328
1334.88
1320.54
1351
1336
1266
1320
1344
1289
1336
1335.38
1305
1328
1305
1273
1290.77
1281
1271.58
1242
1250
1254.13
1248.55
1219
1211
1242
1188
1226
1250
1180
1180
1109
1078
1102
1101
1141
1195
1172
1180
1234
1219
1219
1273
1250
1243.04
1289
1258
1258
1289
1227
1265
1262.83
1250
1242
1258
1249.31
1227
1250
1273
1281
1266
1234
1240.76
1238.54
1273
1258
1297
1297
1312
1313
1281
1266
1281
1273
1266
1258
1273
1250
1266
1273
1235
1265
1263.61
1227
1273
1258
1266
1328
1312
1258
1250
1258
1250
1250
1281
1258
1289
1289
1258
1305
1320
1305
1336
1323.3
1308.47
1289
1328
1281
1289.1
953
1461
1336
1301.79
1297
1328
1336
1297
1281
1297
1328
1281
1281.97
1266
1226
1211
1274
1297
1375
1390
1383
1336
1336
1339.52
1320
1336
1297
1273
1274.96
1320
1282
1281.57
1320
1266
1289
1258
1261.35
1264.04
1258
1260.69
1258
1250
1281
1305
1297
1294.92
1352
1320
1336
1328
1313
1320
1266
1234
1281
1266
1258
1267.08
1281
1258
1281
1305
1312
1375
1328
1305
1309.38
1266
1234
1250
1266
1242
1252.8
1289
1234
1289
1296.81
1281
1297
1297
1273
1289
1235
1243.32
1281
1250
1259
1297
1282.01
1218
1219
1250
1211
1250
1264.45
1226
1258
1258
1238.48
1242
1227
1226
1235
1234
1258
1250
1211
1219
1273
1281
1289
1276.2
1266
1262.16
1328
1258
1211
1250
1312
1266
1260.3
1297
1291.51
1276.98
1313
1281
1275.5
1297
1281
1328
1266
1270.67
1242
1219
1195
1198.95
1227
1235.53
1234
1250
1260.65
1261.12
1256.79
1250
1219
1258
1234
1242
1242
1321
1281
1289
1320
1274
1312
1328
1305
1336
1336
1321.58
1227
1281
1250
1250
1254.43
1273
1211
1250
1211
1156
1094
1125
1142.3
1147.18
1282
1312
1295.95
1367
1313
1320
1297
1281
1266
1281
1276.29
1289
1297
1250
1297
1289
1281.33
1273
1274
1273
1297
1320
1309.74
1305.12
1234
1252.87
1227
1234
1258
1258
1242
1266
1281
1284.61
1281.61
1242
1258
1227
1211
1234
1195
1219
1266
1320
1242
1250
1289
1286.79
1305
1281
1258
1289
1289
1305
1351
1258
1263.26
1267.92
1242
1242
1245.36
1250
1234
1274
1269.55
1242
1281
1277.94
1250
1274
1203
1234
1235.63
1242
1250
1258
1250
1258
1242
1249.48
1249.34
1250
1250.38
1273
1264.17
1258
1258
1242
1249.93
1246.04
1235
1241.17
1211
1226.98
1250
1240.63
1227
1233.62
1234
1242
1240.44
1242.41
1243.07
1242
1289
1219
1242
1250
1250
1246.66
1312
1305
1289
1359
1305
1305
1320
1305.65
1297
1301.07
1296.68
1320
1305
1336
1297
1258
1265
1258
1258
1289
1320
1305
1336
1359
1266
1276.71
1281
1227
1226
1258
1250
1289
1289
1284.09
1265
1235
1234
1250
1254.12
1258
1297
1304
1292.44
1320
1305
1290.92
1289.82
1320
1281
1274
1312
1306.22
1291.72
1281
1242
1266
1289
1258
1258
1265
1227
1233.19
1238.96
1258
1273
1297
1305
1291.92
1312
1258
1242
1266
1250
1195
1211
1227
1195
1204.57
1214.47
1211
1219
1229.47
1227
1227.03
1231.92
1230.32
1195
1196
1281
1260.98
1289
1320
1313
1300.21
1298.14
1294.42
1289
1328
1305
1328
1344
1359
1320
1344
1305
1308.29
1320
1297
1299.46
1297
1305
1320
1289
1305
1289
1289
1281
1282
1289
1287.65
1250
1242
1227
1250
1242
1297
1289
1297
1297
1320
1328
1289
1289
1291.38
1289.75
1287.49
1286.97
1289
1258
1234
1250
1219
1195
1199.71
1201.51
1156
1172
1174.04
1164
1164
1168.36
1157
1163
1187
1149
1165.21
1167.89
1169.1
1164
1170.92
1173.91
1242
1250
1266
1242
1289
1289
1250
1219
1203
1203
1200.38
1195
1203
1188
1203
1211
1211
1218
1188
1195
1203
1200.19
1250
1244.13
1226
1224.6
1203
1211
1180
1164
1164
1164
1180
1188.49
1179
1184.22
1172
1125
1135.8
1125
1141
1070
1266
1156
1148
1141
1133
1148
1133
1136.43
1125
1125
1127.18
1128.2
1109
1133
1156
1141
1148
1141
1172
1156
1155.92
1141
1148
1164
1203
1172
1164
1149
1179
1172
1172
1164
1161.77
1164
1133
1164
1172
1203
1156
1156
1141
1164
1156
1149
1148.71
1150.23
1148
1149
1156
1180
1187
1164
1164
1149
1164
1164
1162.65
1159.36
1157.37
1159.3
1211
1219
1203
1242
1232.95
1250
1242
1281
1258
1242
1243.26
1243.98
1219
1220.54
1211
1203
1211
1211
1242
1180
1195
1188
1218
1219
1188
1195.26
1197.56
1234
1224.77
1234
1227
1226.47
1250
1250
1250
1227
1226
1211
1214.36
1211
1250
1219
1226
1250
1219
1211
1211
1203
1204.61
1195
1197.17
1198.54
1198.6
1218
1180
1172
1133
1140
1133
1135.04
1219
1216.18
1281
1227
1230.4
1211
1212.09
1195
1188
1187.86
1186.52
1242
1250
1258
1226
1180
1195
1172
1188
1203
1195
1211
1250
1258
1281
1297
1266
1281
1281
1250
1219
1242
1248.34
1242
1219
1195
1180
1180
1156
1164
1167.21
1172
1175.48
1226
1203
1219
1219
1211
1242
1258
1242
1258
1281
1219
1242
1250
1219
1234
1227
1226
1219
1220.69
1195
1203.28
1211
1211
1208.62
1203
1196
1226
1220.58
1203
1203
1180
1184.39
1195
1188
1195
1172
1094
1101
1133
1164
1170.64
1195
1211
1188
1187
1203
1188
1182.65
1182.74
1184.04
1227
1242
1228.64
1234
1258
1250
1219
1219
1222.16
1214.62
1125
1125
1086
1117
1117
1133
1133
1148
1153
1180
1195
1180
1203
1195
1157
1109
1070
1016
1039
1086
1156
1179.9
1250
1133
1148.3
1195
1172
1187
1180
1168.13
1160.77
1164
1154.83
1172
1168.22
1211
1180
1211
1203.31
1242
1226.84
1217.15
1289
1274
1265
1266
1273
1264.2
1297
1281.99
1265
1258
1227
1234
1227
1234
1164
1227
1215.09
1312
1297
1290.37
1288
1266
1289
1280.13
1250
1219
1203
1204.23
1203
1219
1219
1225.58
1229.32
1231.74
1233.49
1273
1258
1258
1234
1234.21
1232.94
1219
1234
1227
1273
1250
1235
1281
1266
1242
1226
1227
1203
1207.33
1226
1196
1195
1211
1203
1227
1218
1211
1180
1180
1195
1141
1140
1133
1125
1133
1187
1219
1203
1227
1234.8
1172
1187
1189.99
1133
1150.72
1125
1125
1094
1125
1172
1195
1188.63
1179
1188
1182.53
1174.48
1016
1039
1125
1219
1202.08
1250
1219
1198.88
1242
1250
1203
1203
1219
1203
1211
1209.42
1218
1219
1250
1258
1273
1297
1297
1285.35
1320
1328
1297
1289
1288.42
1274
1267.01
1312
1281
1313
1306.96
1300.55
1297
1250
1258
1254.78
1251.36
1250
1258
1242
1297
1297
1281
1266
1242
1242
1250
1242
1219
1258
1258
1265
1266
1281
1250
1266
1265
1227
1258
1242
1219
1234
1236.52
1203
1242
1273
1258
1253.78
1263.37
1297
1328
1297
1265
1305
1297
1286.62
1283.49
1286.24
1266
1312
1305
1297
1295.31
1328
1321
1312
1306.71
1328
1305
1336
1297
1320
1320
1289
1297
1258
1258
1297
1265
1270.37
1275.37
1258
1250
1257.55
1219
1195
1201.95
1211
1211
1250
1242
1258
1261.09
1250
1250
1242
1219
1250
1258
1289
1281.72
1274
1281
1250
1250
1211
1219
1215.84
1219
1242
1250
1242
1274
1271.32
1289
1289
1266
1289
1281
1289
1281.41
1258
1263.92
1266
1234
1258
1250
1258
1255.15
1305
1336
1324.91
1319.22
1258
1289
1281
1258
1289
1281
1276.8
1276.97
1250
1261.15
1250
1219
1234
1211
1203
1219
1219
1211
1273
1242
1227
1234
1219
1211
1180
1187.15
1172
1164
1167.35
1148
1157
1155.77
1195
1180
1195
1198.76
1211
1188
1234
1224.72
1265
1282
1312
1328
1289
1235
1226
1224.21
1125
1156
1164
1180
1226
1235.65
1237.55
1242
1227
1265
1250
1227
1250
1234
1219
1250
1203
1213.01
1250
1242
1258
1258
1281
1258
1259.67
1258.14
1258
1253.18
1258
1242
1266
1265
1259.55
1257.73
1250
1250
1172
1164
1180
1195
1180
1226
1231.11
1232.27
1234
1235.39
1219
1223.58
1203
1205.55
1227
1250
1273
1250
1252.19
1251.97
1242
1227
1203
1203
1203
1180
1185.67
1226
1235
1250
1234
1258
1273
1235
1265
1265.79
1258
1252.22
1242
1258
1273
1250
1266
1266.62
1265
1258.41
1273
1269.39
1234
1219
1234
1227
1203
1250
1251.73
1211
1258
1250
1211
1242
1250
1211
1203
1215.11
1125
1149.47
1195
1219
1242
1266
1234
1236.9
1219
1226
1188
1203
1211
1203.89
1203
1212.29
1234
1196
1195
1211
1211
1202.57
1250
1241.83
1232.94
1273
1227
1227.34
1227
1203
1203
1205.67
1202.97
1201.06
1207.36
1250
1258
1244.25
1250
1249.51
1235
1281
1273
1305
1289.49
1297
1328
1320
1320
1315.4
1313.37
1312.21
1281
1250
1253.54
1273
1219
1230.75
1172
1195
1188
1234
1231.29
1226
1232.89
1219
1219
1242
1203
1203
1242
1227
1227.33
1211
1219
1221.72
1265
1256.5
1250
1219
1242
1281
1258
1289
1289
1297
1305
1328
1328
1375
1336
1334.62
1313
1312
1310.21
1336
1328
1351
1305
1281
1287.15
1258
1227
1231.49
1229.63
1250
1227
1242
1242
1242
1242
1227
1273
1227
1236.4
1240.06
1238.28
1250
1234
1219
1227
1265
1235
1250
1242
1250
1247.99
1211
1250
1234
1227
1250
1239.91
1203
1180
1234
1211
1203
1180
1194.56
1195
1203
1196
1202.82
1211
1234
1196
1207.3
1211
1208.59
1219
1226
1223.4
1220.9
1195
1172
1203
1180
1211
1234
1226.47
1250
1219
1226
1219
1164
1180
1164
1203
1203.88
1219
1258
1242
1234
1237.87
1211
1203
1164
1166.75
1203
1211
1211
1211
1207.16
1227
1211
1219
1203
1226
1219
1227
1221.74
1219
1211
1203
1211
1206.31
1219
1214.58
1226
1211
1188
1156
1125
1125.47
1133
1164
1203
1195
1196
1226
1219
1211
1203
1211
1180
1164
1166.34
1168.53
1164
1156
1133
1148
1141
1172
1179
1180
1178.59
1172
1187
1184.31
1148
1133
1109
1086
1086.97
1088.43
1125
1156
1164
1195
1188
1211
1209.28
1235
1250
1234
1227
1273
1219
1242
1237.34
1229.03
1211
1211
1187
1188
1195
1219
1250
1234
1219
1242
1180
1203
1211
1164
1203
1172
1203
1180
1234
1266
1289
1242
1219
1211
1195
1172
1177.03
1195
1188
1195
1193.57
1172
1203
1227
1220.65
1213.75
1234
1242
1219
1217.99
1219
1216.13
1211.28
1211
1211
1211
1242
1219
1242
1239.08
1211
1219
1195
1227
1218
1219
1211
1214.01
1226
1235
1242
1250
1250
1247.32
1242
1211
1211
1211
1180
1187
1164
1180
1187
1157
1168.07
1211
1203
1188
1242
1234.78
1211
1220.65
1211
1202.62
1205.67
1211
1203.18
1201.34
1211
1219
1242
1232.6
1188
1195
1149
1187
1186.04
1186.36
1227
1222.52
1217.13
1180
1164
1164
1187
1192.97
1141
1187
1211
1180
1203
1206.41
1211
1211
1227
1234
1180
1203
1195
1156
1180
1172
1195
1188
1195
1156
1180
1195
1180
1203
1180
1184.87
1203
1190.27
1219
1188
1203
1195
1180
1211
1226
1212.41
1226
1219
1172
1189.27
1180
1117
1094
1117
1195
1196
1281
1305
1250
1281
1273
1211
1219
1211
1191.35
1227
1234
1211
1234
1219
1250
1266
1242
1237.6
1234
1234
1225.08
1250
1258
1246.7
1265
1289
1274
1265
1282
1274.95
1281
1276.25
1219
1250
1246.1
1234
1250
1219
1242
1219
1242
1242
1219
1211
1218.19
1217.36
1217.4
1148
1141
1117
1125
1126.94
1180
1191.65
1180
1193.27
1172
1187
1172
1133
1164
1203
1180
1203
1250
1245.28
1235.24
1227
1250
1273
1250
1320
1297
1250
1258
1261.18
1250
1250
1251.14
1242
1266
1242
1250
1226
1219
1242
1227
1227.05
1234
1231.46
1203
1281
1260.94
1234
1266
1258.14
1235
1226
1149
1203
1250
1258
1336
1320
1273
1277.51
1250
1281
1281
1250
1258
1289
1258
1250
1258
1250
1258
1242
1273
1274
1242
1242
1250.33
1226
1227.61
1258
1297
1289
1289
1286.04
1297
1289
1328
1282
1281
1289
1284.44
1258
1242
1242
1243.86
1281
1305
1281
1250
1289
1293.29
1258
1250
1274
1281
1273
1297
1274
1289
1320
1289
1297
1281
1274
1276.24
1277.95
1289
1266
1242
1258
1234
1234
1235
1237.06
1219
1227
1229.56
1219
1222.54
1211
1242
1219
1224.74
1234
1227
1258
1242
1273
1227
1250
1273
1235
1245.28
1234
1242
1239.18
1240.06
1188
1187
1172
1172
1203
1195
1196
1203
1226
1219
1203
1180
1187
1172
1174.2
1164
1172
1171.73
1174.17
1226
1211
1188
1191.53
1188
1187
1196
1193.49
1196
1195
1195
1172
1172
1172
1172
1156
1164
1141
1146.08
1133
1164
1164
1164
1188
1195
1203
1211
1207.85
1211
1203
1203.08
1211
1219
1211
1195
1172
1164
1164
1195
1188
1219
1219.57
1211
1226
1224.32
1211
1188
1203
1164
1141
1164
1169.79
1219
1211
1203
1203
1203.78
1195
1180
1195
1180
1179
1180
1195
1180
1182.55
1172
1172.74
1156
1133
1141
1140
1172
1180.34
1172
1187
1180
1174.99
1180
1187
1219
1203
1180
1184.55
1185.69
1203
1195.79
1190.84
1242
1227
1250
1211
1211
1211
1195
1172
1180
1181.73
1203
1197.72
1172
1203
1195
1180
1179.47
1164
1125
1132.5
1125
1125
1110
1125
1125
1125
1129.62
1149
1156
1156
1164
1141
1164
1172
1164
1172
1203
1203
1211
1205.02
1203
1180
1180
1187
1180
1187
1184.39
1187
1172
1174.35
1172
1180
1195
1191.82
1195
1188
1195
1191.78
1188.95
1164
1156
1141
1133
1117
1125
1156
1133
1164
1172
1175.7
1211
1195
1211
1211
1203
1195
1211
1180
1186.29
1164
1156
1141
1133
1156
1133
1141.94
1142.04
1149
1195
1164
1164
1172
1164
1164
1164.01
1163.14
1125
1137.49
1149
1195
1156
1141
1147.27
1149.38
1133
1172
1172
1203
1164
1203
1172
1195
1180
1164
1164
1117
1141
1139.79
1172
1156
1157.61
1180
1172
1167.77
1168.04
1167.07
1164.41
945
891
867
844
812
805
820
831.563
805
797
804
774
787.332
758
750
742
742
719
711
703
688
704.969
713.855
703
711
711
750
758
781
789
852
898
875
969
992
984
1008
1047
1045.35
1078
1149
1179
1180.46
1125
1180
1203
1125
1127.85
1250
1266
1229.78
1250
1265
1271.54
1266
1320
1258
1263.46
1328
1308.3
1286.04
1242
1242
1250
1245.04
1313
1312
1344
1359
1282
1273
1211
1211
1250
1203
1172
1250
1305
1320
1383
1367
1328
1321.84
1274
1261.58
1375
1398
1383
1352
1345.69
1078
985
953
945
938
965.421
1195
1258
1234
1266
1281
1328
1391
1383
1377.49
1461
1462.31
1444.99
1468
1446
1414
1445
1449.44
1414
1420.35
1430
1391
1359
1305
1281
1359
1352
1422
1406
1281
1307.29
1317.89
1195
1250
1196
1218
1266
1268.87
1250
1259.64
1219
1234
1195
1196
1250
1226
1227
1258
1261.18
1262.91
1250
1258
1281
1276.98
1320
1312.38
1328
1328
1323.75
1343
1335.43
1352
1359
1305
1187
1149
1156
1160.27
1125
1149
1117
1124.43
1140
1141
1141
1109
1141
1140
1133
1172
1148
1141
1146.72
1141
1156
1203
1203.17
1211
1250
1250
1273
1269.5
1211
1242
1266
1312
1305
1312
1305
1336
1320
1289
1336
1305
1258
1351
1305
1258
1281
1297
1281
1367
1313
1328
1325.93
1311.34
1344
1344
1328
1297
1383
1398
1375
1363.96
1297
1359
1375
1352
1336
1359
1355.11
1391
1375
1351
1297
1328
1289
1289
1344
1164
1086
1086
1098.31
1117
1136.65
1141
1203
1195
1172
1172
922
914
906
891
906
914
961
992
1007.67
1055
1069.99
1172
1180.18
1227
1289
1328
1322.74
1321.48
1297
1328
1336
1336
1338.8
1391
1391
1390
1383
1390.53
1414
1383
1336
1343.61
1250
1258
1328
1250
1297
1312
1308.29
1321
1328
1383
1369.14
1361.5
1375
1414
1393.71
1375
1375
1344
1344.39
1422
1328
1341.57
1351.48
1367
1430
1402.31
1367
1328
1344
1344.22
1328
1344
1320
1344
1367
1336
1339.02
1343.62
1348.45
1348.51
1367
1336
1343.36
1406
1336
1336
1328
1320
1344
1344
1359
1305
1336
1312
1317.64
1367
1328
1321
1304
1250
1282
1359
1347.64
1341.46
1367
1289
1307.96
1318.67
1313
1336
1351
1345.25
1328
1336
1359
1347.81
1297
1310.34
1375
1312
1344
1336
1297
1320
1305
1328
1328
1344
1320
1324.1
1367
1320
1336
1336
1305
1320
1336
1305
1320
1326.95
1305
1316.04
1328
1305
1315.31
1351
1274
1297
1304
1313
1351
1344.2
1330.38
1344
1297
1312
1305
1250
1289
1320
1305
1328
1297
1302.16
1367
1305
1281
1336
1317.49
1359
1342.61
1266
1291.28
1211
1219
1320
1383
1367
1414
1367
1352
1359
1336
1305
1307.69
1297
1289
1297
1298.88
1266
1276.14
1265
1274
1274.2
1258
1312
1282
1273
1305
1281
1289
1297
1297
1293.75
1297
1320
1314.26
1297
1281
1274
1343
1282
1281
1288.83
1266
1258
1264.54
1267.88
1242
1289
1305
1289
1285.55
1328
1316.79
1303.12
1297
1304
1289
1266
1274.28
1320
1308.58
1294.67
1297.58
1305
1295.06
1281
1286.14
1291.61
1285.21
1281
1297
1281
1266
1289
1297
1289
1328
1336
1281
1284.12
1336
1305
1294.17
1328
1289
1305
1328
1310.33
1305
1336
1320
1258
1289
1301.6
1284.95
1281
1266
1273
1274.53
1274
1242
1254.59
1297
1258
1264.08
1282
1312
1313
1281
1273
1289
1288.57
1289
1320
1266
1344
1336
1281
1290.52
1295.96
1291.53
1367
1336
1320
1352
1336
1297
1343
1305
1301.55
1289
1281
1289
1289
1266
1266
1289
1273
1281
1284.4
1266
1304
1274
1265
1282
1273
1281
1274
1289
1281
1258
1270.46
1258
1289
1305
1289
1297
1320
1273
1313
1304.01
1300.31
1328
1320
1315.26
1320
1336
1297
1328
1305
1305
1343
1250
1250
1258
1219
1234
1258
1258
1203
1258
1242
1219
1242
1266
1195
1133
1156.27
1156
1219
1305
1320
1375
1359
1297
1344
1320
1289
1305
1336
1301.93
1328
1320
1274
1312
1314.3
1242
1242
1219
1226
1258
1262.66
1257.79
1260.17
1281
1258
1297
1289
1258
1269.1
1235
1237.94
1281
1266
1273
1282
1265
1266
1271.55
1258
1242
1266
1273
1266
1262.89
1265.86
1289
1266
1250
1257.69
1250
1250
1253.44
1305
1305
1312
1302.19
1297.55
1305
1328
1320
1297
1336
1273
1278.62
1280.45
1274
1328
1312
1306.35
1336
1329.84
1274
1312
1307.37
1298.08
1297
1304
1274
1328
1312
1303.31
1336
1289
1297
1305
1294.14
1297
1297
1289
1297
1305
1312
1289
1305
1273
1274
1281
1250
1281
1305
1294.8
1250
1258
1242
1250
1289
1288.5
1258
1273
1278.41
1271.91
1313
1359
1289
1383
1406
1344
1336
1338.2
1282
1304
1297
1266
1312
1297
1266
1320
1317.49
1266
1281
1242
1258
1281
1250
1242
1266
1297
1281
1250
1258
1250
1258
1359
1340.52
1383
1371.94
1375
1344
1367
1344
1335.12
1359
1320
1305
1309.3
1305
1320
1328
1297
1289
1297
1294.61
1281
1281
1227
1265
1282
1265
1270.27
1289
1250
1289
1297
1250
1267.31
1258
1219
1233.23
1237.57
1164
1203
1205.57
1219
1216.51
1297
1297
1312
1274
1289
1286.31
1281
1250
1289
1283.52
1235
1273
1250
1250
1289
1258
1305
1328
1312
1304.74
1305
1312
1321
1281
1289
1305
1336
1265
1235
1273
1227
1312
1336
1320
1313.19
1310.9
1289
1297
1297.2
1281
1305
1320
1289
1336
1258
1250
1273
1273.21
1250
1234
1266
1258
1250
1281
1273
1268.27
1266
1312
1297
1258
1289
1289
1281
1277.57
1289
1211
1234.74
1250
1211
1195
1258
1289
1250
1313
1328
1281
1336
1328
1281
1313
1297
1312
1303.7
1304
1274
1289
1273
1261.44
1320
1307.7
1289
1234
1250
1266
1250
1256.86
1267.92
1256.28
1273
1258
1250
1250
1258
1258
1257.3
1289
1281
1279.09
1289
1258
1265.37
1273
1274
1320
1306.23
1297.79
1294.26
1273
1235
1312
1328
1308.46
1301.65
1328
1328
1297
1320
1266
1273
1282
1277.82
1234
1249.86
1234
1211
1219
1164
1175.4
1176.68
1133
1172
1176.5
1188
1195.1
1202.77
1258
1281
1219
1242
1235
1234
1227
1250
1250
1320
1359
1330.19
1336
1331.67
1312
1336
1360
1345.31
1336
1335.84
1328
1324.46
1289
1266
1267.72
1267.24
1297
1297
1328
1329.31
1274
1320
1297
1328
1328
1297
1305
1312
1328
1313
1265
1276.32
1281
1242
1289
1266
1250
1289
1289
1242
1254.3
1261.6
1297
1328
1289
1289
1328
1344
1328.52
1344
1328
1312
1310.02
1297
1297
1320
1281
1266
1305
1273
1266
1312
1242
1274
1312
1227
1249.1
1297
1258
1264.08
1281
1275.67
1227
1242
1250
1211
1250
1242
1235.74
1289
1289
1297
1320
1305
1320
1305
1297
1304
1274
1265
1272.18
1304
1235
1281
1281
1271.73
1289
1266
1304
1305
1258
1289
1305
1291.11
1289.21
1282
1250
1273
1250
1258
1258
1242
1281
1281
1250
1258
1250
1250
1219
1281
1265.78
1281
1305
1320
1308.09
1305
1305
1273
1258
1258
1250
1289
1297
1292.35
1292.44
1282
1273
1297
1250
1211
1258
1250
1234
1297
1195
1180
1211
1210.62
1258
1273
1273.73
1273.96
1297
1258
1258
1328
1307.7
1273
1280.01
1282.14
1270.88
1281
1266
1234
1203
1219
1234
1233.23
1234
1281
1235
1234
1234
1227
1225.09
1297
1250
1289
1289
1278.53
1277.39
1258
1242
1242
1281
1258
1258
1312
1266
1267.13
1265
1258
1211
1225.36
1229.16
1258
1313
1304
1274
1312
1250
1297
1289
1266
1336
1320
1258
1320
1336
1301.43
1258
1278.41
1234
1281
1283.57
1265
1258
1297
1289
1313
1343
1321
1305.58
1336
1320
1302.01
1314.81
1289
1281
1313
1312
1294.53
1299.11
1307.98
1250
1211
1234
1289
1242
1266
1281
1266
1281
1297
1289
1285.52
1297
1304
1274
1286.43
1305
1291.84
1320
1321
1289
1328
1336
1289
1320
1322
1289
1265
1280.24
1281
1320
1297
1297
1320
1305
1295.8
1336
1297
1258
1270.24
1312
1258
1281
1274
1267.77
1305
1306.85
1293.91
1313
1281
1283.03
1242
1242
1219
1222.05
1289
1289
1328
1281
1288.03
1290.86
1258
1281
1289
1258
1297
1297
1289
1292.42
1328
1297
1298.37
1336
1320
1297
1289
1281
1305
1297.6
1328
1319.65
1297
1304
1227
1203
1234
1238.12
1242
1289
1274
1273
1289
1284.55
1289
1290.69
1312
1266
1297
1297
1273
1297
1289
1286.26
1281
1281.76
1279.16
1242
1254.83
1172
1219
1265
1258
1250
1297
1289
1284.33
1304
1297
1258
1289
1287.92
1258
1273.73
1258
1273
1305
1250
1281
1274
1250
1264.08
1266
1273
1250
1266
1265
1282
1304
1250
1274
1297
1312
1250
1250
1227
1265
1321
1312
1328
1344
1297
1312
1297
1258
1266
1281
1258
1250
1242
1250
1250
1250
1250
1253
1219
1242
1219
1195
1199.83
1201.4
1211
1234
1227
1195
1203
1180
1184.71
1250
1242
1234
1250
1219
1242
1297
1286.68
1297
1351
1337.57
1289
1289.01
1304
1266
1289
1289
1250
1281
1289
1227
1241.81
1258
1234
1266
1289
1258
1312
1297
1266
1281
1281.24
1235
1253
1289
1270.1
1320
1266
1265.31
1281
1219
1273
1258
1250
1289
1266
1258.14
1281
1266
1320
1289
1258
1266
1271.11
1305
1250
1297
1285.86
1211
1203
1188
1234
1289
1258
1320
1297
1289
1297
1289
1250
1289
1281
1235
1281
1289
1281
1305
1281
1271.33
1258
1265
1259.3
1273
1305
1289
1289
1250
1211
1242
1242
1239.11
1258
1289
1242
1289
1288.02
1266
1250
1258.01
1256.95
1258
1281
1227
1273
1266
1250
1250
1305
1250
1273
1258
1242
1252.1
1258
1219
1250
1249.87
1234
1258
1289
1211
1241.63
1289
1250
1289
1297
1289
1289
1289.74
1273
1242
1266
1258
1273
1271.62
1250
1250
1256.73
1203
1227
1226
1219
1226.64
1242
1219
1250
1249.77
1227
1273
1266
1242
1266
1281
1265.87
1297
1273
1270.8
1289
1227
1281
1250
1248.81
1273
1257.6
1297
1320
1266
1305
1312
1258
1289
1250
1281
1289
1278.06
1242
1273
1269.58
1250
1234
1252.65
1203
1227
1230.85
1266
1305
1289
1250
1289
1289
1234
1258
1281
1235
1273
1297
1273
1269.85
1281
1258
1255.99
1219
1219
1222.29
1273
1328
1289
1313
1308.99
1250
1260.71
1266
1242
1273
1266
1250
1242
1258
1281
1258
1250
1250
1250
1250
1242
1227
1281
1242
1219
1258
1297
1273
1297
1289
1242
1274
1275.36
1250
1289
1289
1273.47
1266
1273
1227
1218
1250
1250
1241.12
1253.8
1211
1219.3
1227
1250
1234
1266
1289
1250
1250
1259.23
1250
1219
1233.47
1235
1227.99
1229.81
1242
1273
1258
1211
1250
1250
1219
1225.73
1266
1234
1242
1242
1235
1228.45
1236.74
1238.97
1250
1250
1227
1250
1211
1203
1242
1258
1245.86
1258
1250
1266
1257.52
1281
1258
1273
1250
1227
1242
1250
1203
1258
1244.35
1203
1265
1248.49
1219
1238.49
1239.37
1219
1219
1265
1249.83
1226
1266
1234
1289
1305
1277.28
1289
1297
1234
1266
1250
1234.86
1247.88
1235
1226
1238.43
1273
1250
1274
1275.01
1266
1195
1220.97
1227
1203
1250
1257.38
1226
1266
1273
1219
1241.68
1281
1219
1238.85
1234
1211
1226.49
1266
1281
1250
1297
1258
1218
1258
1242
1219
1250
1258
1258
1265
1227
1250
1273
1235
1265
1282
1273
1281
1250
1227
1250
1273
1219
1242
1235
1218
1266
1242
1219
1219
1281
1273
1266
1305
1289
1289
1250
1260.37
1258
1281
1267.51
1274
1289
1281.7
1289
1281
1227
1250
1281
1269.28
1266
1269.14
1273
1266
1250
1234
1250
1274
1234
1219
1250
1260.95
1219
1234
1250
1227
1250
1250
1242
1258
1234
1219
1250
1250
1227
1250
1234
1234
1258
1251.42
1245.07
1281
1227
1242
1246.39
1266
1248.48
1281
1269.71
1234
1258
1257.71
1242.99
1320
1258
1281
1320
1297
1282.61
1285.84
1284.44
1235
1273
1258
1211
1258
1255.92
1250
1250
1235
1234
1289
1289
1227
1281
1289
1250
1305
1273
1259.22
1273
1219
1289
1289
1266
1320
1250
1203
1211
1225.01
1258
1273
1297
1258
1258
1289
1219
1243.94
1266
1250
1242
1250
1188
1250
1234
1180
1226
1266
1243.3
1219
1211
1164
1219
1281
1242
1274
1320
1250
1289
1258
1211
1242
1195
1180
1211
1203
1195
1215.41
1218.96
1242
1234.85
1250
1245
1273
1242
1235
1265
1235
1211
1221.4
1188
1250
1242
1250
1245.35
1242
1266
1281
1274
1281
1328
1289
1297
1289
1250
1257.32
1281
1271.72
1180
1204.39
1235
1242
1250
1219
1273
1273.11
1262.16
1254.26
1258
1242
1258
1234
1250
1250
1235
1238.87
1266
1219
1273
1289
1235
1248.53
1250
1211
1211
1125
1144.59
1008
953
914
883
875
867
844
828
828
805
812
797
781
774
773
758
742
742
750
727
750
750
781
766
797
851
852
883
945
992
982.406
1039
1109
1094.39
1149
1203
1234
1235.31
1250
1242
1242
1266
1265
1235
1281
1258
1304
1297
1297
1297
1289
1294.83
1298.33
1313
1289
1281
1266
1273
1313
1281
1195
1242
1313
1300.23
1360
1367
1289
1296.02
1273
1344
1327.12
1383
1437
1360
1350.34
1336
1344
1344
1406
1382.65
1320
1344
1350.75
1328
1320
1282
1289.01
1328
1375
1353.2
1383
1377.87
1367
1367
1336
1336
1344
1359
1297
1320
1305
1297
1299.37
1273
1258
1336
1305
1390
1352
1349.04
1349.32
1406
1336
1367
1361.28
1336
1336
1340.58
1351
1342.62
1336
1342.62
1336
1304
1344
1336
1320
1375
1383
1367
1407
1398
1367
1399
1406
1367
1406
1360
1351
1361.86
1297
1289
1297.8
1391
1359
1391
1406
1344
1383
1351
1305
1326.06
1336
1336
1398
1352
1320
1338.48
1383
1367
1422
1413.73
1352
1366.14
1373.27
1289
1313
1226
1149
1195
1234
1305
1315.34
1320
1325.32
1326.49
1266
1328
1289
1258
1297
1320
1312.43
1289
1297
1258
1281
1297
1297
1281
1359
1348.2
1328
1375
1336
1289
1328
1321.78
1305
1336
1359
1289
1344
1328
1281
1305
1328
1258
1258
1276.54
1320
1299.7
1336
1258
1234
1297
1305
1312
1313.95
1352
1320
1375
1367
1339.31
1359
1375
1336
1320
1328
1297
1219
1125
1234
1258
1274
1277.37
1288.94
1305
1336
1331.88
1328
1344
1297
1303.17
1344
1367
1328
1336
1344
1351
1313
1281
1290.62
1328
1336
1344
1422
1414
1388.84
1371.88
1370.18
1305
1289
1289
1292.73
1296.04
1298.15
1336
1406
1422
1367
1344
1281
1266
1312
1274
1273
1328
1305
1328
1336
1297
1300.07
1328
1289
1274
1320
1289
1289
1320
1297
1305
1289
1234
1219
1297
1344
1328
1437
1407.81
1367
1375
1375
1336
1305
1359
1353.07
1297
1336
1351
1305
1234
1235
1250
1265
1305
1318.46
1343
1321
1359
1320
1305
1336
1297
1288.84
1300.29
1320
1328
1274
1289
1320
1305
1292.91
1187
1094
1086
1089.36
1098.05
1108.26
1297
1320
1344
1383
1398
1391
1367
1250
1234
1235
1289
1289
1359
1383
1371.56
1355.59
1375
1373.08
1360.48
1336
1338.13
1289
1297
1296.11
1320
1336
1367
1360.58
1336
1383
1297
1265
1268.94
1328
1332.03
1219
1320
1314.63
1305.14
1383
1372.25
1328
1344
1305
1226
1180
1242
1297
1289
1375
1352
1343
1383
1352
1297
1351
1375
1336
1383
1375
1328
1375
1328
1305.22
1320
1328
1307.91
1297
1312.76
1266
1273
1297
1258
1281
1297
1242
1320
1282
1234
1219
1281
1281
1274
1390
1305
1250
1336
1328
1297
1315.26
1383
1320
1305
1328
1289
1344
1328
1297
1344
1320
1266
1304
1305
1289
1289
1297
1281
1266
1289
1288.96
1219
1258
1367
1336
1359
1367
1342.13
1333.72
1328
1289
1289
1336
1320.98
1250
1328
1266
1258
1320
1258
1242
1297
1297
1281
1344
1320
1281
1295.66
1305
1289
1250
1336
1323.08
1266
1312
1266
1242
1297
1281
1258
1281
1328
1285.38
1328
1281
1258
1336
1305
1275.5
1295.95
1296.89
1266
1282.56
1289
1281
1235
1226
1203
1227
1297
1312
1294.25
1297
1367
1289
1211
1180
1185.18
1110
1187
1219
1222.61
1320
1289
1287.75
1328
1289
1282.58
1235
1233.73
1233.89
1297
1351
1313
1281
1305
1312
1258
1260.92
1336
1305
1312
1306.26
1297
1281
1297
1344
1289
1351
1352
1289
1258
1320
1281
1266
1281
1274
1242
1297
1300.68
1258
1281
1336
1300.55
1297
1317.02
1375
1320.51
1328
1336
1250
1270.65
1274
1273
1263.24
1258
1312
1274
1250
1351
1328
1266
1320
1313
1289
1312
1344
1305.98
1289
1312.05
1297
1258
1289
1313
1289
1289
1320
1308.02
1297
1281
1297
1328
1305
1336
1332.7
1258
1242
1258
1242
1211
1258
1273
1227
1273
1289
1258
1274
1203
1125
1031
1033.47
953
664
1055
906
891
906
923.048
883
906
961
1008
1070
1085.16
1164
1177.93
1164
1226
1236.66
1250
1227
1242
1289
1305
1328
1297
1336
1328
1297
1328
1336
1312
1316.85
1305
1273
1336
1336
1266
1328
1281
1219
1312
1313
1290.13
1391
1361.55
1289
1367
1344
1309.95
1422
1375
1375
1344
1320
1383
1364.21
1340.63
1355.17
1328
1367
1367
1360
1351.22
1360
1406
1367
1305
1351
1360
1351
1313
1328
1289
1300.23
1398
1375.67
1375
1375
1297
1314.77
1326.24
1328.41
1328
1367
1313
1367
1352
1320
1297
1312
1274
1282.39
1336
1329.06
1305
1312
1258
1281
1328
1320.22
1328
1344
1328
1336
1338.71
1328
1328
1352
1351
1305
1289
1250
1297
1406
1422
1398
1430
1422
1405.91
1391.51
1379.67
1227
1320
1317.45
1352
1351
1258
1164
1203
1180
1190.36
1274
1258
1304
1322.92
1281
1320
1305
1375
1375
1383
1375
1374.93
1351
1344
1375
1328
1375
1328
1305
1359
1336
1332.21
1332.86
1375
1344
1336
1305
1218
1244.02
1249.15
1297
1303.07
1383
1313
1351
1305
1320
1352
1336
1289
1367
1354.28
1320
1335.04
1344
1320
1336
1336
1323.83
1322.83
1305
1306.37
1297
1336
1297
1305.19
1309.6
1320
1359
1321
1326.14
1305
1336
1273
1305
1281
1258
1268.54
1305
1281
1258
1273
1275.54
1275.88
1328
1317.68
1375
1359
1321
1281
1328
1320
1305
1336
1331.19
1328
1323.41
1325.87
1227
1256.51
1305
1226
1211
1225
1229.84
1211
1227
1234
1250
1266
1343
1336
1375
1383
1367.48
1336
1328
1281
1266
1281
1235
1242
1109
1078
1080.27
1086
1125
1160.58
1188
1195
1203
1250
1256.79
1289
1336
1333.8
1313
1311.94
1321
1343
1341.73
1340.08
1297
1328
1344
1297
1297.3
1299.41
1289
1287.73
1367
1297
1297
1312
1274
1281
1297
1289
1328
1281
1297
1336
1325.96
1297
1328
1305
1320
1336
1305
1313.93
1320
1313
1328
1320.67
1315.34
1317.08
1414
1383
1344
1342.89
1328
1320
1297
1258
1289
1297
1281
1235
1245.52
1251.61
1255.23
1281
1305
1289
1292.81
1328
1329.33
1305
1312
1297
1352
1328
1359
1336
1305
1289
1297
1312
1307.38
1299.39
1299.39
1297
1298.74
1359
1313
1367
1297
1281
1305
1328
1317.5
1328
1359
1338.55
1320
1322.19
1323.9
1289
1296
1281
1305
1305
1273
1258
1289
1290.9
1164
1203
1229.54
1305
1367
1367
1345.16
1345.94
1297
1305
1297
1289
1273
1313
1317.39
1266
1312
1316.81
1312
1305
1281
1297
1266
1289
1336
1289
1289
1320
1289
1274
1304
1266
1258
1281
1227
1234
1243.59
1242
1211
1266
1281
1258
1266
1278.13
1265.1
1297
1298.23
1242
1219
1250
1250
1266
1320
1305
1320
1344
1351
1383
1371.24
1367
1344
1336
1328
1289
1290.36
1287.17
1283.23
1313
1336
1375
1375
1375
1398
1336
1336.26
1328
1321
1359
1320
1313
1328
1297
1328
1328
1266
1281
1320
1314.62
1289
1297
1301.52
1328
1297
1302.17
1289
1289
1290.6
1292.26
1305
1289
1258
1289
1289
1289
1266
1276.39
1328
1313
1304
1344
1328
1336
1328
1305
1273
1305
1297
1273
1305
1297
1291.46
1291.17
1297.56
1295.07
1297
1295.25
1273
1297
1293.74
1258
1297
1273
1250
1266
1289
1289
1250
1258
1328
1250
1264.06
1281
1235
1234
1211
1219
1222.42
1224.26
1242
1246.86
1248.88
1266
1273
1258
1203
1156
1180
1211
1219
1320
1258
1281
1336
1289
1288.1
1290.77
1273.36
1266.3
1267.53
1297
1305
1273
1242
1258
1203
1208.05
1258
1250
1242
1245.61
1242
1258
1242
1239.72
1234
1258
1242
1241.4
1258
1250
1258
1255.38
1250
1250
1234
1258
1297
1289
1258
1289
1273
1321
1302.48
1305
1336
1320
1344
1335.47
1336
1383
1336
1336
1383
1328
1367
1336
1335.7
1337.12
1305
1297
1300.73
1297.17
1344
1320
1336
1367
1356.75
1344
1383
1320
1305
1328
1344
1335.62
1297
1281
1297
1301.97
1297
1320
1305
1336
1320
1328
1305
1281
1289
1258
1266
1258
1265
1227
1226
1219
1211
1242
1297
1281
1285.2
1258
1242
1219
1211
1210.66
1203
1203
1205.21
1188
1156
1158.36
1156.96
1156
1125
1180
1203
1213.74
1188
1203
1208.28
1203
1180
1185.19
1180
1178.05
1195
1203
1242
1219
1242
1242.07
1242
1231.42
1258
1226
1219
1211
1211
1172
1211
1234
1219
1242
1266
1226
1250
1258
1227
1250
1273
1242
1258
1258
1258
1281
1250
1273
1274
1250
1281
1266
1273
1258
1242
1219
1234
1227
1250
1249.5
1258
1281
1258
1258
1258
1265
1250
1227
1242
1242
1227
1250
1234
1219
1242
1203
1211
1219
1211
1242
1156
1196
1195
1219
1234
1211
1211
1211
1203
1203
1172
1195
1192.16
1195
1193.95
1187
1180
1203
1188
1211
1234
1242
1234.61
1250
1242
1234
1250
1244.49
1219
1226
1223.78
1218.53
1211
1203
1204.62
1242
1227
1224.72
1250
1242
1242
1258
1250
1244.81
1273
1242
1211
1218.32
1219
1215.23
1218.95
1195
1196
1195
1195
1203
1188
1194.5
1195
1180
1211
1219
1242
1242
1242
1250
1247.11
1227
1242
1250
1250
1243.58
1250
1250
1245.89
1242
1227
1226
1219
1250
1211
1242
1211
1234
1219
1188
1195
1164
1169.62
1172
1172
1226
1227
1297
1281
1297
1250
1242
1258
1258
1242
1258
1255.02
1253.13
1250
1242
1227
1281
1265.18
1281
1266
1242
1234
1235.96
1242
1211
1258
1258
1234
1238.49
1265
1258.71
1242
1242
1249.44
1246.21
1219
1234
1188
1187
1164
1168.24
1188
1187
1180
1203
1203
1211
1210.82
1195
1202.18
1203
1172
1195
1172
1172
1164
1195
1219
1242
1219
1211
1219
1226
1221.04
1258
1251.12
1250
1243.72
1235
1281
1269.51
1266
1305
1289
1273
1297
1281
1266
1268.63
1266.24
1258
1250
1250
1227
1273
1242
1245.43
1265
1227
1219
1211
1218
1180
1211
1234
1196
1226
1203
1207.76
1172
1184.29
1186.26
1211
1227
1265
1262.31
1250
1273
1242
1258
1255.91
1250
1266
1258
1281
1289
1281
1266
1269.78
1265
1266
1250
1289
1266
1250
1265
1258
1258
1273
1235
1265
1259.81
1257.56
1258.39
1250
1255.88
1250
1219
1211
1234
1227
1273
1274
1273
1274.93
1250
1289
1266
1250
1242
1242
1241.31
1250
1247.7
1219
1242
1237.68
1226
1219
1222.96
1203
1211
1210.29
1195
1172
1203
1219
1211
1215.29
1242
1219
1250
1226
1219
1211
1213.72
1212.46
1213.61
1195
1201.7
1250
1250
1242
1211
1211
1212.48
1218
1227
1211
1211
1258
1250
1242
1281
1258
1251.34
1250
1258
1265
1250
1243.85
1244.64
1235
1226
1133
1155.08
1125
1128.12
1219
1234
1266
1281
1250
1250
1247.86
1237.43
1211
1211
1219
1226
1250
1250
1258
1250
1250
1266
1242
1289
1250
1250
1250
1234
1234.12
1250
1234
1250
1258
1254.08
1242
1250
1250
1203
1219
1203
1202.08
1196
1187
1190.28
1192
1266
1281
1227
1234
1236.99
1211
1216.51
1180
1195
1195.52
1197.08
1172
1195
1164
1203
1164
1164
1168.91
1172
1180
1187
1188.73
1190.59
1203
1202.69
1202.58
1203
1180
1186.81
1211
1234
1188
1195
1197.08
1234
1223.39
1218.09
1289
1274
1281
1270.26
1281
1305
1258
1273
1281
1267.21
1273
1266
1289
1279.9
1266
1297
1273
1266
1289
1281.48
1272.85
1250
1258
1273
1264.98
1260.43
1219
1234
1237.08
1250
1289
1258
1242
1258
1250
1273
1258
1242
1251.72
1265
1258
1289
1274
1304
1305
1297.93
1336
1305
1304
1297
1266
1297
1289
1258
1265
1258
1219
1211
1214.01
1125
1149
1195
1190.98
1258
1289
1285.89
1219
1242
1258
1211
1228.96
1211
1164
1179.41
1226
1235
1229.78
1266
1258
1203
1242
1211
1195.36
1250
1344
1367
1336
1344
1320
1328
1297
1286.43
1281.13
1320
1304.36
1328
1351
1338.6
1351
1343.64
1180
1140
1133
1164
1102
1109
1164
1188.51
1195.54
1202.86
1172
1180
1195
1198.11
1164
1180
1186.55
1188.48
1164
1180
1187
1188
1211
1210.72
1209.83
1258
1253.98
1266
1320
1289
1266
1273
1305
1297
1250
1281
1297
1250
1242
1289
1289
1258
1273
1283.16
1211
1222.23
1258
1266
1289
1320
1289
1242
1266
1320
1274
1312
1336
1297
1320
1321
1242
1242
1250
1243.91
1236.11
1252.1
1172
1203
1203
1194.24
1195
1206.25
1211
1195
1211
1227
1234
1297
1344
1320
1320
1321
1320
1310.47
1351
1344.54
1281
1305
1307.76
1295.92
1305
1320
1258
1265
1268.42
1328
1344
1375
1297
1328
1325.1
1289
1293.88
1321
1281
1312
1274
1258
1289
1234
1258
1242
1258
1219
1218
1225.76
1223.68
1367
1332.25
1336
1344
1328
1326.31
1289
1293.28
1273
1272.27
1320
1307.74
1306.42
1320
1314.91
1320
1305
1273
1297
1305
1273
1289
1305
1298.93
1312
1274
1289
1328
1317.93
1328
1323.19
1359
1352
1320
1336
1297
1297
1359
1344
1266
1312
1250
1219
1305
1298.3
1273
1313
1289
1312
1344
1328
1266
1320
1250
1203
1258
1266.2
1281
1281.24
1289
1258
1272.64
1281
1250
1289
1289
1250
1258
1281
1266
1226
1266
1266
1242
1258.95
1110
1125
1195
1242
1237.33
844
828
836
805
812
789
789
774
773
758
781
766
773
774
789.073
828
842.532
852
922
992
1007.04
1086
1096.31
1117
1120.62
1121.69
1125
1219
1219.99
1250
1320
1324.75
1328.99
1250
1274
1281
1281
1274
1279.68
1289
1328
1344
1289
1289
1367
1336
1258
1266
1320
1328
1306.52
1406
1359
1352
1344.28
1336
1344
1406
1365.89
1359
1360
1320
1328
1305
1281
1344
1328
1328
1336
1328
1305
1289
1281
1297
1250
1281
1289
1286.06
1242
1258.29
1203
1188
1203
1172
1211
1195
1047
1031
977
968
972.804
937
899
945
953
969
977.084
984.362
990.944
1094
1117
1124.14
1242
1247.35
1246.37
1297
1328
1305
1359
1352
1445
1430
1422
1437
1414
1305
1258
1273
1164
1180
1187
1141
1149.45
1180
1250
1251.45
1253.16
1255.15
1195
1250
1297
1292.27
1291
1391
1391
1369.81
1367
1391
1367
1289
1305
1344
1334.9
1367
1336
1305
1359
1359.91
1360
1390
1352
1367
1364.42
1391
1375
1429
1410.76
1375
1374.43
1373.18
1406
1383
1375
1398
1399
1391.94
1344
1422
1367
1367
1383
1367
1352
1360.51
1328
1297
1344
1344.3
1320
1344
1336
1305
1359
1289
1336
1406
1352
1367
1406
1352
1367
1383
1328
1383
1328
1320
1375
1297
1266
1289
1273
1258
1282.82
1383
1320
1375
1369.9
1281
1304.6
1383
1328.98
1406
1393.61
1344
1352
1367
1320
1367
1391
1359
1336
1344
1297
1383
1414
1359.4
1328
1345.6
1337.09
1336
1383
1375
1375
1406
1336
1347.56
1422
1359
1383
1406
1367
1313
1340.79
1351.64
1297
1375
1375
1305
1351
1305
1305.53
1297
1305
1289
1265
1258
1242
1305
1367
1336
1383
1328
1336
1342.74
1329.63
1320
1320
1289
1297
1344
1328
1336
1333.5
1332.46
1336
1328
1266
1320
1328
1266
1285.88
1294.85
1289.92
1375
1390
1359.25
1344
1359
1305
1359
1336
1328.2
1359
1345.34
1313
1336
1304
1297
1344
1331
1359
1351.21
1367
1320
1344
1336
1328
1330.47
1304
1297
1302.54
1344
1359
1350.53
1297
1328
1320
1282
1328
1351
1289
1321
1324.26
1318.46
1315.06
1336
1330.93
1322.72
1390
1336
1360
1406
1367
1375
1374.95
1359.12
1355.29
1375
1336
1274
1320
1344
1320
1336
1297
1305
1351
1313
1289
1306.76
1305
1281
1320
1352
1281
1304.52
1297
1266
1304
1305
1266
1320
1281
1258
1336
1336
1297
1312
1344
1289
1297
1336
1305
1312
1305
1320
1305
1336
1325.74
1281
1289
1301.25
1219
1289
1273
1274
1275.16
1280.76
1250
1266
1265
1266
1281
1258
1281
1352
1297
1320
1328
1297
1266
1367
1422
1336
1398
1414
1352
1367
1367
1313
1375
1351
1367
1391
1328
1336
1346.41
1360
1336
1351
1328
1336
1360
1351
1375
1438
1359
1344
1360.49
1343
1360
1359
1336
1336
1305
1321.2
1320
1320
1305
1328
1336
1328
1344
1367
1361.53
1336
1359
1357.55
1344
1375
1371
1367
1375
1336
1336
1375
1297
1289
1336
1289
1289
1305
1302.23
1297
1305.59
1281
1336
1336
1328
1258
1281.19
1288.35
1297
1297
1305.29
1328
1258
1320
1328
1313.69
1367
1328
1266
1336
1359
1297
1383
1383
1320
1344
1359
1328
1375
1383
1352
1336
1351
1332.98
1297
1359
1336
1281
1305
1325.74
1266
1289
1317.11
1211
1258
1281
1297
1273
1305.5
1320
1292.26
1289
1336
1297
1287.19
1375
1328
1305
1320
1258
1305
1319.97
1305
1351
1274
1211
1164
1203
1203
1219
1273
1227
1247.29
1250
1234
1219
1250
1250
1242
1248.06
1253.22
1249.58
1359
1360
1333.41
1344
1336
1320
1344
1305
1300.84
1305
1297
1297
1359
1340.48
1281
1336
1336
1312
1336
1352
1334
1336
1305
1273
1305
1320
1266
1328
1336
1281
1309.3
1297
1250
1156
1125
1127.16
1211
1304
1391
1398
1383
1374.42
1359
1344
1331.42
1328
1297
1292.79
1313
1265
1274
1281
1277.22
1367
1344
1337.24
1375
1375
1352
1336
1328
1321.62
1351
1313
1328
1324.49
1319.89
1344
1313
1328
1326.18
1322.88
1322.28
1328
1324.14
1359
1346.39
1305
1316.55
1312
1336
1329.58
1281
1235
1234
1211
1055
1151.77
992
961
966.527
922
906
920.721
883
875
836
856.504
820
805
820.575
797
812
797
805
836
843.144
875
883.597
893.166
992
1000
1086
1156
1164
1219
1234
1234.41
1328
1328
1359
1414
1344
1351.92
1382.75
1328
1313
1328
1328
1305
1351
1313
1359
1367.73
1344
1350.06
1355.62
1356.72
1274
1234
1241.76
1367
1353.5
1398
1414
1375
1336
1297
1297.32
1281
1289
1297.69
1303.14
1328
1352
1349.96
1336
1335.4
1297
1352
1359
1347.74
1422
1414
1367
1383
1359
1321
1321.12
1315.26
1328
1336
1398
1336
1399
1367
1375
1406
1399
1367
1398
1360
1351
1383
1375
1375
1414
1375
1406
1391
1359
1373.16
1344
1312
1336
1336.14
1320
1330.05
1250
1276.39
1187
1250
1211
1222.62
1231.32
1266
1304
1266
1320
1305
1311.77
1414
1381.22
1367
1375
1367
1365.73
1305
1226
1180
1184.17
1172
1195
1210.14
1228.99
1195
1289
1328
1344
1383
1367
1242
1203
1204.9
1133
1139.62
1117
1070
922
664
728.47
937
899
890
852
867
852
859
867
883
914
926.879
961
984
997.571
969
961
945
938
945
945.253
938
953
953.333
952.245
951.494
953
953
922
945
883
891
859
844
836
820
828
826.216
813
828
828
821
828.101
829.634
831.439
844
922
926.12
1024
1031
1000
984
1000
977
968.239
1039
1078
1031
1000
1016
1023.57
1024
1070
1070
1016
1008
1013.77
961
984
1039
1047
1125
1117
1086
1094
1109
1117
1092.57
1110
1156
1164
1117
1110.73
1164
1159.2
1211
1180
1218
1180
1172.54
1188
1133
1148
1086
1008
992
1086
1104.31
1195
1227
1203.03
1203
1211
1179
1227
1211
1195
1227
1212.79
1203
1250
1266
1234
1233.66
1203
1125
1070
1069.85
1078
1031
969
961
930
930.944
914
899
904.962
908.598
914
961
969
953
961
961
966.075
930
945
914
899
883
893.938
859
859
852
867
883
859
906
910.057
915.631
945
946.472
1125
1070
1047
1008
992
984.124
1031
1016
1039
1086
1074.03
1094
1109
1101.14
1024
1015
969
1000
1031
1039
1086
1094
1125
1117
1133
1109
1125
1141
1122.96
1117
1094
1109
1125
1141
1164
1133
1187
1141
1164
1156
1164
1180
1141
1187
1180
1172
1195
1164
1172
1164
1141
1149.32
1172
1159.01
1195
1164
1180
1180
1156
1203
1180
1179
1196
1164
1173.3
1203
1141
1172
1187
1149
1195
1148
1158.65
1078
1108.99
1116.08
1055
1070
1077.71
1133
1180
1226
1180
1203
1203
1185.6
1193.71
1164
1195
1219
1203
1202.77
1219
1226
1250
1196
1234
1219
1195
1180
1172
1187
1211
1195
1192.98
1226
1222.18
1214.48
1250
1243.6
1227
1250
1211
1242
1236.14
1203
1203
1208.23
1204.4
1234
1188
1172
1195
1172
1164
1164
1125
1164
1172
1125
1148
1141
1133
1156
1156
1094
1125
1133
1117
1156
1152.76
1154.33
1172
1167.71
1167.95
1170.45
1141
1150.91
1153.25
1133
1143.32
1172
1164
1159.35
1164
1117
1132.17
1156
1141
1164
1164
1156.19
1164
1110
1117
1133
1109
1125
1125
1118.53
1117
1133
1125
1129.06
1133.18
1000
992
1008
1078
1082.67
1133
1156
1147.03
1211
1195
1211
1219
1198.46
1273
1248.36
1230.15
1250
1241.39
1281
1297
1328
1320
1321
1351
1348.56
1313
1328
1320
1305
1328
1305
1281
1328
1289
1289
1344
1297
1328
1359
1297
1313
1351
1289
1313
1289
1289
1297.1
1320
1352
1390
1369.12
1328
1338.19
1320
1344
1336.96
1336
1367
1328
1328
1352
1320
1336
1352
1312
1360
1349.69
1305
1336
1305
1336
1330.66
1320
1323.39
1325.12
1328
1352
1328
1332.46
1297
1311.1
1226
1227
1232.52
1231.31
1237.24
1211
1234
1232.06
1180
1195
1156
1172
1172
1172.25
1187
1172
1180
1172
1156
1167.54
1156
1133
1148.84
1195
1195
1211
1213.55
1164
1164
1156
1172
1180
1179
1172
1188
1156
1141
1145.25
1146.51
1164
1164
1141
1164
1162.71
1141
1156
1158.39
1149
1148
1180
1180.88
1164
1211
1156
1157.91
1161.58
1164
1188
1250
1258
1281
1344
1320
1305
1343
1297
1297
1296.16
1281
1266
1304
1266
1266.73
1312
1289
1285.13
1328
1312
1274
1297
1304
1297
1328
1289
1321
1351
1289
1305
1289
1297
1328
1320
1313
1328
1297
1303.67
1328
1258
1250
1250
1211
1211
1211
1209.73
1211
1211
1180
1203
1234
1231.08
1227
1242
1211
1250
1246.13
1245.65
1266
1273
1274
1320
1305
1281
1305
1312
1305
1367
1336
1305
1312.67
1312.8
1265
1274
1281
1250
1305
1298.22
1328
1383
1336
1359
1344
1332.5
1320
1336
1289
1328
1375
1349.79
1344
1328
1266
1289
1242
1219
1281
1250
1227
1273
1203
1227
1235.58
1172
1242
1219
1211
1242
1211
1222.3
1242
1250
1242
1258
1250
1297
1328
1297
1328
1375
1348.43
1328
1328
1282
1291.87
1289
1250
1250
1305
1304
1305
1336
1305
1265
1273.31
1281
1274.11
1271.93
1278.33
1312
1336
1258
1219
1250
1242
1234
1266
1281.21
1234
1258
1242
1219
1242
1219
1242
1281
1275.13
1269.64
1383
1367
1341.75
1375
1366.1
1281
1290.06
1219
1195
1219
1211
1211
1250
1250
1250
1336
1320
1307.56
1367
1344
1320
1367
1344
1318.51
1344
1328
1289
1306
1297
1289
1328
1297
1320
1344
1305
1308.3
1316.97
1320
1309.85
1314.67
1273
1336
1313
1308.87
1313.63
1196
1259.96
1260.82
1242
1252.11
1260.35
1274
1320
1313.42
1344
1391
1437
1367
1391
1359
1336
1375
1305
1328
1375
1305
1324.33
1375
1297
1367
1357.07
1336
1375
1328
1336
1336
1328
1375
1336
1367
1352
1273
1250
1250
1211
1242
1255.53
1203
1250
1259.63
1203
1242
1250
1242
1266
1219
1218
1102
539
1180
976
930
922
933.852
891
890
875
884.169
891
894.406
897.83
945
961
961
961
992
1000
1008
1070
1072.3
1086
1125
1125
1117
1141
1139.73
1031
992
1016
1046.96
1156
1135.54
1172
1195
1219
1201.28
1203
1227
1234
1258
1211
1242
1250
1281
1266.94
1289
1289
1328
1328
1321
1359
1344
1367
1328
1320
1322.26
1258
1271.95
1297
1289
1281
1266
1297
1281
1211
1219
1224.74
1219
1281
1289
1258
1297
1289
1279.69
1312
1321
1273
1305
1297
1281
1344
1304
1266
1305
1312
1287.08
1281
1258
1250
1257.21
1320
1305
1328
1328
1305
1273
1266
1250
1248.83
1297
1306.23
1312
1336
1336
1320.99
1258
1250
1265
1235
1265
1250
1250
1297
1274
1273.45
1320
1344
1367
1351.22
1375
1375
1391
1377.25
1375
1375
1328
1344
1375
1352
1273
1266
1265
1227
1281
1258
1203
1258
1234
1203
1211
1188
1195
1188
1189.42
1164
1157
1148
1133
1164
1148
1047
1024
992
984
953
946
945
961
1000
1008
1047
1070
1081.31
1078
1109
1141
1172
1211
1250
1273
1274
1271.41
1328
1313
1343
1344.55
1346.82
1350.1
1353.21
1313
1203
1214.67
1157
1148
1154.77
1055
1121.48
1070
1133
1148
1203
1204.21
1207.76
1258
1257.57
1266
1234
1266
1312
1266
1297
1320
1297
1328
1375
1344
1312
1336
1344
1336
1312
1305
1305
1312
1258
1297
1295.33
1242
1250
1281
1250
1274
1273
1267.02
1269.46
1250
1234
1266
1268.24
1234
1266
1234
1235
1289
1279.4
1271.65
1250
1260.46
1242
1219
1242
1297
1276.84
1268.93
1274.66
1336
1359
1327.51
1305
1328
1336
1289
1312
1274
1250
1187
1195.46
1180
1203
1234
1245.55
1203
1234
1219
1211
1211.34
1227
1242
1312
1344
1328
1383
1391
1372.52
1383
1367
1313
1315.03
1313.31
1305.74
1303.58
1359
1297
1328
1359
1297
1313
1359
1305
1383
1359
1297
1289
1328
1297
1289
1336
1328
1311.03
1274
1273
1289
1291.38
1359
1313
1328
1281
1289
1242
1219
1234
1188
1211
1187
1172
1177.28
1133
1172
1164
1141
1187
1149
1187
1172
1179.57
1164
1164
1141
1164
1164
1164
1164
1195
1180
1180
1226
1219
1219
1226
1188
1187
1180
1180
1156
1211
1219
1211
1206.87
1205.27
1250
1281
1258
1250
1266
1281
1289
1336
1305
1289
1320
1289
1289
1289
1227
1211
1242
1244.83
1242.45
1211
1203
1188
1203
1164
1168.77
1171.41
1156
1149
1150.94
1156
1180
1242
1251.61
1289
1344
1320
1328
1352
1305
1328
1312
1250
1274
1328
1297
1289
1320
1281
1278.99
1328
1305
1296.93
1320
1320
1307.13
1306.23
1211
1164
1180
1242
1203
1220.3
1234
1203
1188
1204.65
1218
1266
1289
1297
1305
1359
1297
1297.83
1306.04
1305
1305
1351
1345.79
1328
1336
1336
1328
1352
1328
1325.53
1336
1328
1289
1320
1305
1300.57
1375
1328
1305
1367
1328
1322.53
1329.38
1336
1320
1344
1320
1313
1367
1340.69
1336
1375
1359
1305
1375
1328
1344
1336
1328
1289
1336
1375
1297
1323.83
1340.03
1328
1336
1359
1340.76
1336
1346.45
1328
1336
1344
1312
1258
1289
1266
1273
1336
1367
1305
1375
1336
1320
1352
1344.26
1297
1320
1274
1218
1250
1266.03
1258
1281
1234
1250
1260.08
1219
1281
1305
1367
1414
1383
1390
1414
1375
1313
1329.09
1375
1360.09
1383
1375
1375
1375
1369.08
1336
1359
1305
1367
1344
1341.68
1343.15
1375
1328
1320
1274
1359
1344
1339.63
1320
1344
1328
1367
1305
1336
1336
1359
1352
1336
1344.15
1375
1344
1351
1344
1328
1338.97
1320
1274
1297
1312
1308.12
1308.8
1305
1234
1164
1203
1221.21
1164
1172
1211
1289
1289
1367
1422
1387.1
1374.98
1391
1344
1336
1344
1297
1297
1289
1281
1336
1339.8
1359
1383
1371.49
1362.03
1356.87
1328
1344
1375
1359
1289
1336
1344
1328
1327.79
1313
1320
1319.57
1281
1321
1328
1351
1360
1336
1359
1406
1305
1328
1375
1363.32
1328
1367
1328
1305
1297
1308.38
1320
1344
1297
1336
1328
1326.17
1336
1344
1320
1359
1336
1313
1351
1297
1305
1258
1234
1305
1297
1281
1344
1332.8
1305
1344
1336.76
1305
1328
1328
1258
1286.61
1234
1219
1228.3
1233.16
1289
1328
1266
1273
1293.37
1235
1281
1289
1250
1305
1307.31
1320
1360
1359
1336
1320
1316.87
1273
1336
1328
1289
1307.07
1336
1312
1352
1359
1336
1375
1361.59
1344
1375
1359
1313
1337.04
1375
1350.8
1398
1321
1304
1315.13
1281
1344
1347.8
1337.4
1328
1360
1328
1328
1367
1351.67
1328
1352
1390
1297
1319.81
1352
1337.99
1328.5
1359
1367
1344
1305
1359
1289
1336
1313
1320
1336
1297
1281
1297
1302.27
1274
1328
1289
1328
1297
1304.88
1308.69
1359
1338.17
1320
1328.84
1330.28
1391
1364.59
1351
1297
1297
1302.49
1258
1276.5
1278.57
1279.2
1219
1219
1242
1281
1250
1266
1304
1227
1281
1289
1235
1312
1305
1281.1
1367
1352
1318.42
1321
1323.63
1289
1297
1320
1211
1236.15
1141
1145.21
1102
1105.36
1140
1141
1203
1164
1177.82
1172
1156
1164
1180
1180.68
1182.69
1133
1141
1179
1196
1187
1188.2
1305
1285.7
1336
1367
1305
1303.73
1351
1338.33
1234
1250
1219
1289
1351
1344
1336
1352
1320
1328
1328
1266
1289
1359
1289
1297
1313
1281
1328
1297
1320
1344
1336
1289
1308.39
1312
1282
1156
1203
1156
1164
1219
1180
1200.19
1258
1250
1289
1281
1274
1336
1328
1367
1383
1383
1374.19
1370.09
1366.01
1219
1226
1180
1172
1203
1211
1211
1211
1039
1039
984
922
891
898
906.258
913.768
836
836
820
805
789
797
789
805.614
820
820
844
875
914
923.479
953
1047
1070
1102
1125
1125.66
1196
1195
1211
1211.31
1297
1344
1351
1344
1336
1344
1359.35
1328
1320
1297
1281
1227
1235.81
1248.11
1273
1270.43
1281
1188
1234
1241.69
1235
1312
1266
1281
1242
1149
1163.62
1195
1164
1188
1242
1244.87
1226
1237.7
1242.53
1233.75
1195
1188
1219
1203
1203
1203
1180
1203
1226
1217.38
1281
1250
1250
1247.86
1273
1274
1258.69
1344
1359
1391
1375
1359
1297
1328
1328.65
1320.76
1274
1289
1289
1336
1289
1250
1250
1164
1164
1242
1244.93
1351
1399
1372.42
1354.99
1344
1337.69
1323.89
1406
1383
1365.61
1398
1414
1391
1328
1289
1289
1297
1298.7
1328
1344
1351
1352
1336
1331.37
1250
1258
1258
1195
1109
1114.75
1195
1247.37
1269.97
945
914
969
1025.36
1046.89
1008
1016
1031
1023
1027.11
1094
1086
1133
1156
1162.13
1180
1179
1172
1164
1172
1219
1117
1117.38
1078
1077.34
1076.07
1102
1125
1125.32
1164
1164
1158.52
1172
1166.06
1172
1219
1266
1281
1258
1240.15
1289
1281
1258
1281
1258
1234
1196
1234
1236.11
1180
1226
1149
1179
1110
1125
1156
1133
1164
1148
1172
1211
1172
1203
1227
1195
1211
1234
1203
1227
1219
1216.79
1203
1196
1164
1195
1156
1167.29
1195
1219
1172
1195
1188
1179
1184.15
1180
1174.99
1177.93
1172
1172
1164
1172
1125
1117
1125
1124.05
1094
1133
1148
1133
1149
1152.73
1141
1149.07
1141
1156
1156
1110
1128.09
1148
1102
1120.86
1195
1149
1195
1203
1180
1183.92
1211
1195
1196
1203
1211
1164
1195
1164
1141
1151.32
1211
1180
1195
1198.06
1156
1164
1172.27
1180
1219
1234
1214.5
1250
1242
1227
1229
1250
1227
1242
1239.58
1225.32
1258
1258
1242
1289
1250
1242
1247.9
1273
1219
1234
1227
1203
1250
1203
1219
1250
1211
1219.16
1211
1203
1208.74
1180
1164
1156
1133
1141
1187
1141
1172
1195
1192.06
1172
1172
1156
1172
1156
1141
1156
1172
1169.85
1164
1164
1168.7
1141
1147.57
1140
1149
1164
1156
1180
1203
1180
1218
1235
1219.64
1226
1235
1220.35
1180
1203
1195
1172
1211
1211
1172
1180
1195
1133
1154.26
1161.56
1086
1086
1094
1086
1125
1143.2
1133
1145.67
1141
1125
1134.45
1125
1125
1117
1094
1117
1125
1086
1125
1123.63
1156
1180
1226
1180
1227
1250
1234
1211
1242
1211
1164
1203
1198.15
1148
1180
1172
1195
1180
1242
1226.04
1213.05
1164
1125
1156
1156
1133
1144.19
1152.32
1109
1119.66
1117
1086
1094
1070
1078
1094
1096.6
1094
1078
1109
1094
1098.95
1133
1164
1159.25
1180
1180.47
1176.35
1219
1242
1180
1203
1211
1211
1211
1234
1230.58
1203
1226
1196
1195
1219
1195
1172
1203
1203
1172
1211
1242
1211
1210.16
1250
1234
1242
1239.99
1242
1227.84
1305
1281
1281
1289
1266
1264.53
1281
1258
1227
1273
1227
1242
1244.9
1234
1258
1289
1227
1258
1242
1211
1234
1234.01
1227.31
1242
1211
1219
1250
1211
1222.01
1250
1219
1227.95
1236.92
1242
1258
1252.26
1289
1305
1336
1318.98
1297
1289
1289
1281
1297
1291.47
1281
1283.26
1305
1242
1258
1250
1211
1221.09
1234
1196
1234
1211
1180
1250
1273
1305
1367
1328
1320
1313
1289
1250
1258
1273
1250
1274
1273
1219
1258
1273
1266
1266.6
1359
1297
1352
1328
1289
1328
1297
1289
1312
1297
1313
1351
1321
1328
1328
1310.81
1211
1242
1211
1125
1039
1000
641
898
1008
914
914
875
875
859
836
805
819.758
797
774
789.986
781
766
789
802.997
820
833.938
859
868.193
883
914
930
932.029
1016
1062
1086
1125
1141
1141.99
1219
1234
1242
1235
1242
1242
1211
1211
1219.78
1172
1203
1215.63
1250
1289
1278.02
1289
1289
1250
1305
1320
1258
1289
1305
1265
1266
1264.39
1273
1305
1291.36
1211
1234
1227
1187
1289
1297
1279.12
1375
1351.02
1336
1359
1282
1289
1320
1297.97
1289
1367
1414
1359
1375
1321
1304
1305
1375
1343.51
1430
1422
1375
1367
1367
1328
1344
1346.83
1297
1359
1360
1328
1367
1336
1325.06
1337.42
1333.51
1326.9
1242
1196
1201.2
1201.85
1180
1187.98
1203
1227
1218
1219
1203
1180
1185.61
1185.52
1172
1175.82
1176.86
1178.52
1188
1250
1242
1243.66
1242
1242
1235
1242
1219
1078
1134.49
1136.86
984
930
937
938.735
944.782
961
969.923
961
969.491
973.873
946
954.236
914
899
914
898
883
867
852
859
844
851
860
898
953
1016
1023.44
1117
1086
1078
1008
969
964.045
883
882.953
883
886.002
1047
1125
1187
1188
1195
1219
1195
1219
1242
1195
1227
1242
1219
1234
1250
1274
1273
1272.82
1274
1242
1281
1258
1259.71
1274
1258
1250
1289
1250
1234
1266
1211
1273
1344
1312.46
1351
1338.62
1297
1328
1317.06
1289
1305
1300.27
1328
1281
1266
1250
1266
1226
1250
1211
1172
1203
1133
1172
1133
1148
1156
1155.56
1133
1148
1102
1086
1000
984
977
984
1047
1070
1102
1125
1125
1133
1117
1156
1133
1141
1164
1156
1180
1234
1203
1203
1201.49
1242
1242
1227
1225.16
1226.88
1250
1245.79
1241.2
1239.53
1266
1258
1250
1226
1250
1227
1195
1227
1221.35
1172
1180
1195
1180
1242
1180
1195
1156
1164
1203
1141
1160.02
1180
1203
1193.72
1180
1203
1195
1188
1242
1224.86
1215.38
1219
1211
1234
1250
1227
1250
1250
1239.09
1234
1235.19
1250
1203
1219
1180
1187
1188
1226
1172
1172
1164
1167.21
1195
1188
1172
1195
1180
1184.27
1250
1195
1203
1211
1172
1203
1211
1203
1201.31
1219
1226
1250
1196
1203
1226
1180
1192.89
1196.33
1196
1211
1250
1234
1211
1250
1242
1219
1224.39
1250
1203
1211
1180
1195
1250
1227
1211
1234
1211
1211
1234
1226.32
1212.78
1242
1187
1227
1195
1188
1211
1203
1242
1258
1242
1239.29
1250
1219
1242
1236.42
1203
1227
1265
1219
1250
1219
1211
1226
1211
1172
1191.43
1193.84
1172
1211
1211.36
1180
1203
1149
1155.62
1156
1157
1187
1156
1180
1182.82
1180
1184.81
1226
1164
1172
1176.42
1170.01
906
891
883
898.592
875
875
875
860
875
890
883
914
918.566
906
883
875
906
852
875
875
867
867
844
836
875
867
852
867
867
875
869.611
875
883
867
875
875.904
872.157
836
844
859
875
883
877.467
883
914
906
895.959
859
844
828
829.252
859
844
852
859
844
851
853.871
821
820
820
805
789
742
727
742
727
734.582
734
735
750
750
765
771.563
780.358
797
805
820
828
805
810.424
797
789
774
773
766
765
750
735
734
719
721.24
711
712.844
735
737.199
766
781
789
805
807.624
805.53
805
805
789
789
789
781
766
781
758
758
765
750
750
735
737.955
719
711
712.33
703
711
708.803
719
773
774
779.483
859
854.639
846.494
875
871.202
867
844
859
813
836
859
828
844
828
828
813
813.527
828
813
828
836
832.686
883
914
922
906
897.518
890.764
880.434
883
877.531
890
883
883
881.242
890
883
922
914
922
917.415
930
914
891
890
883
883
898
891
922
906
906.973
930
937
932.115
914
898
898.755
867
844
852
859
863.597
852
844
848.283
836
813
820
820.847
828
930
914
906
908.236
875
867
862.984
844
875
881.645
880.274
922
969
953.205
930
922.884
914
891
914
937
924.574
875
906
922
930
945
961
992
975.303
1008
1001.46
1070
1125
1094
1125
1125
1101
1094
1078
1055
1078
1039
1016
1022.6
1024.78
930
961.61
875
867
883
922
914
914
953
959.833
992
1008
1031
1047
1039
1039.18
1078
1125
1114.03
1102.88
1172
1180
1187
1211
1211
1125
1047
1039
1053.08
1067.23
961
953
938
947.633
922
922
926.142
883
883
898
938
948.263
1070
1055
1031
992
977
961
945
945
914
922
925.056
898
902.622
899
937
961
969
967.331
992
992
1016
1070
1070
1094
1081.35
1125
1140
1133
1195
1149
1164
1117
1031
977
977.111
992
961
1000
1023
1055
1047
969
1015
1017.61
1055
1051.47
1055
1055
1051.8
1016
961
976
961
977
992
998.207
1008
1039
1039
1047
1039
1047
1055
1042.32
1063
1058.7
1031
1008
1039
1008
1039
1000
1047
1062
1016
1026.99
930
1000
961
984
930
922
914
875
887.128
914
906
914
891
898
867
852
859
836
836
837.18
820
789
805
804.347
813
851
860
898
945
930
930.257
953
961
951.829
961
961
930
931.216
922
922
922
922
922
898
914
911.544
907
898
906
922
953
969
961
955.334
922
906
875
860
852
852.366
852
867
875
859
852
844
843
841.115
844
867
859
875
880.747
883
883
883.971
898
875
875
875
873.686
867
875
860
861.705
859
844
852
851
844
844
867
859
860.783
867
891
867
891
906
875
880.118
859
836
844
852
898
892.088
946
945
961
922
914
906
896.863
891.629
883
883
867
867
875
883
883
883
898
891
922
945
953
961
992
977
1031
1016
1039
1026.66
1016.7
1047
1086
1055
1070
1078
1086
1086
1078
1102
1023
1041.28
922
898
875
875.733
859
852
857.771
860.147
828
828
844
843.823
836
844
851
844
844
859
852
875
867
875
859
852
859
860.578
862.049
866.044
844
859
836
859
860
857.411
875
875
875
883
883
890
875
891
867
872.572
852
844
846.426
836
859
844
844
859
836
844.402
836
820
821
843
821
829.79
828
820
820
821.902
797
797
789
797
820
818.772
875
859
977
922
906
902.15
892.963
886.514
922
909.294
901.509
836
844.1
805
812
805
789
805
820
805
820
805
820
805
820
836
836
836
844
843
836
821
843
836
844
836
836
837.674
838.188
867
883
877.34
899
906
901.923
898
860
867
851
847.842
836
836.475
851
844
859
844
836
836
836
836
813
844
840.296
875
883
883
879.436
876.86
883
898
883
867
867
867.91
836
828
828.848
812
789
797
798.284
781
789
766
781
875
875
906
891
914
914
904.155
906
898
860
863.054
836
844
859
857.933
883
898
899
894.844
890.844
899
898
875
876.037
875
869.677
875
883
883
898
897.839
875
914
906.109
901.599
906
875
875
875
875
873.424
875
875
860
890
875
883
891
906
875
875
859
836
813
828
828
844
851
857.663
875
879.251
875
891
906
914
930
923.1
891
820
813
820
836
828
844
836
867
873.962
852
859
805
820
828
828
821
820
820
797
797
797
797
820
828
805
836
828
836
867
844
867
836
836
836
832.7
836
828
830.866
836
828
830.258
829.378
852
875
890
860
867
867
844
846.254
843
836
813
828
828
828
813
819.642
805
807.659
797
828
805
836
828
820
821
823.233
828
824.972
826.039
828
828
828
821
843
836.292
821
859
836
836
836
828
828
820
805
805
820
836
844
890
876.264
883
781
836
821
875
859
883
875.318
890
922
922
953
939.805
992
953
977
969.443
945
914
899
906
902.081
914
883
897.208
894.855
899
906
875
875
878.451
844
851
828
805
797
805
789
789
797
789
804
804.43
828
805
816.433
813
859
883
898
914
891
893.428
891
898
875
852
844
859
844
851
844
836
839.099
828
813
836
836
834.662
875
867
865.864
867
875
870.653
883
875
883
906
900.004
897.003
914
929
922
899
929
899
902.854
914
906.343
890
883
885.3
875
883
883
914
930
953
930
927.134
953
953
945
930
930.911
899
900.619
875
883
898
891
898
899
900.476
938
961
945
922
920.788
875
878.218
844
844
859
836
875
914
969
976
985
640
728.452
945
937.407
914
883
867
844
843.64
828
844
867
867
883
883
914
922
922
920.088
919.033
918.912
930
930
937
936.231
937
953
961
969
961
953.251
938
945
969
961
992
983.718
992
992
1000
996.153
1015
1009.22
977
984
961
945
930
953
961
964.874
945
950.207
907
929
875
883
891
922
976
977
1000
984
979.037
961
953.857
953
953
1024
1000
1054
1043.77
1032.26
985
985.256
977
984
969
961
962.069
953
961
958.842
958.437
958.641
958.147
957.401
957.081
984
961
961
962.968
977
1000
1000
953
945
914
883
883
875
878.468
914
932.166
938
945
914
922
930
976
946
943.524
969
974.075
946
945
945
914
899
914
921.677
891
898
875
891
890.263
890.207
1000
984.514
945
946.401
950.431
953
1000
989.222
1016
1008
996.254
992
985
984
977
992
992
992
969
953
922
906
891
891.715
892.924
891
875
883
881.96
867
844
867
906
914
923.159
969
984.133
1024
992
1000
976
930
906
901.969
875
875
875
883
875
883
890
894.375
852
862.448
836
844
867
844
852.172
854.492
844
849.953
852
859
860.543
875
875
883
883
885.345
885.388
883.899
914
906.791
961
961
945
945
943.017
899
903.299
883
867
867
852
867
867
867
891
891.494
875
875
859
862.216
859.525
852
867
906
914
969
992
983.319
985
961
951.895
944.635
875
876.087
851
844
844.518
847.701
852
867
883
875
878.401
891
890
891
883
898
899
897.289
896.699
891
914
898
922
922
953
946.893
922
914
916.316
913.939
867
885.95
859
875
891
914
914
911.386
906
906
906.646
867
876.003
867
867
891
895.506
937
930
922
929
891
891
875
871.943
844
805
820
828
820
827.616
859
891
906
930
945
977
984
1008
1023
1000
992.112
987.393
978.647
969
963.448
1070
1125
1141
1148
1102
1008
1031
1078
1086
1067.39
1125
1086
1055
1086
1078
1117
1104.27
1109
1102
1078
1078.14
1080.13
1031
985
1031
1031
1024
1039
1039
1043.04
1031
1000
977
1023
1008
1012.05
1023
977
961
984
1039
1063
1109
1102
1086
1109
1086
1164
1148.08
1129.57
1094
1023
1029.66
1047
1062
1094
1125
1055
1086
1090.85
1149
1117
1156
1133
1118.7
1125
1120.15
1070
1047
1164
1156
1126.7
1180
1133
1172
1078
1000
1015.9
1047
1086
1070
1094
1156
1172
1133
1133.21
1094
1070
1068.73
1156
1152.54
1211
1211
1183.98
1133
1148
1188
1195
1242
1216.03
1226
1219
1219
1125
1054
1055.96
1063
1101
1122.2
1125
1109
1102
1101
1024
1078
1086
1031
1016
1062
1047
1133
1117
1086
1094
1140
1102
1148
1047
1094
1125
1172
1086
1156
1139.58
1119.61
1078
1031
1016
1117
1156
1125
1078
1098.34
1112.14
961
986.228
992
969
969.506
1031
1039
1078
1031
1048.13
1094
1117
1092.73
1102
1078
1076.73
1047
1031
1016
1031
1031
1039
1024
1031
1070
1063
1117
1117
1133
1117
1141
1156
1133
1125
1121.82
1164
1133
1140
1071
1054
1032
1031
1047
1000
961
965.31
1031
1039.24
1078
1094
1095.93
1086
1078
1086
1094
1092.01
1125
1109
1133
1117
1172
1141
1156
1151.02
1125
1164
1133
1131.57
1047
1039
1047
1039
1070
1008
1000
992
969
961
961
969
1031
1023
1125
1149
1109
1110.66
1031
1016
953
914
891
906
906
912.106
938
976
1005.78
1039
1047
1055
992
1031
1039
1047
1055
1062
1063
1078
1078
1078
1078
1039
985
986.968
1047
1053.2
1094
1083.19
1070
1008
1013.57
1013.5
985
945
952.462
1008
1028.29
1086
1087.54
1078
1039
1037.63
1036.54
1125
1141
1115.64
1164
1196
1140
1141
1139.84
1141
1148
1133
1127.99
1125
1133
1109
1086
969
984
938
945
914
922
914
914
917.322
875
852
867
875
867
883
875
875
875
867
844
851
852
859
852
860.941
844
836
845.521
851
836
836
836
805
828
836
844
875
875.291
922
906
906
903.004
914
899
896.527
953
938
976
969
958.557
992
985.309
953
969
977
976
969
1000
961
992
953
930
953
961
992
961
963.48
1000
989.854
1039
1039
1025.83
1070
1055
1039
1000
1039
1030.59
1019.92
1000
1102
1076.27
1203
1156.39
1180
1156
1078
1055
1047
1039
1015
977
984
977
953
1016
1031
1008
992
1001.4
1004.4
1101
1094
1125
1109
1102
1039
1039
1036.22
1016
1031
1039
1070
1125
1094
1031
1047
1039
1033.22
1039
1036.78
1034.2
1031.71
1078
1086
1133
1114.49
1133
1125
1172
1117
1078
1024
984
1016
1023
1031
1055
1086
1109
1063
1086
1094.41
1087.01
1039
992
1008
1023
1039
1047
1102
1117
1086
1094
1099.48
1070
1058.32
1023
1047
1051.94
1125
1101
1088.89
1062
1008
1078
1055
1055
1053.23
1053.07
1047
1070
1000
1016
1000
1039
1031
1000
1039
1086
1075.41
1164
1156
1195
1149
1143.79
1141.27
1133
1086
1093.06
1125
1195
1188
1211
1195
1141
1109
1108.57
1024
1023
1008
1047
1065.87
1077.35
1000
1016
1020.35
1047
1051.32
1047
1070
1086
1094
1117
1086
1180
1070
1078
1094
1000
1008
1047
1054
1050.16
1039
1049.8
1008
969
978.641
1016
1031
1008
1031
984
977
992
961
967.436
973.638
1070
1047
1031
1035.09
1000
1008
977
976
1000
977
984
977
1047
1062
1047
1034.99
1028.19
938
953
945
961
969
1015
1032
1070
1039
1000
1039
1008
1002.33
1008
1008
1047
1039.66
1055
1000
992
1008
1031
1025.05
1023
969
1047
1094
1078
1078
1078
1055
1031
1031.21
1033.55
1000
1016
1054
1055
1125
1107.17
1092.71
1085.34
1117
1125
1086
1086
1078
1039
961
961
984
1008
1014.87
1078
1024
1054
1066.69
1071
1023
1086
1090.58
1072.68
992
969
1015
977
1023
985
1000
1015
1000
1000
961
992
1016
1047
1047
1062
1047
1055
1039
1031
969
992
1000
1039
1078
1086
1117
1108.31
1117
1047
1070
1055
1043.89
1070
1063
1101
1125
1055
1023
1055
1052.23
1148
1141
1126.4
1141
1172
1195
1172
1203
1196.06
1195
1133
1125
1124.31
1078
1082.96
1085.81
1063
1062
1047
1049.45
1054
969
1031
1024
1024.06
1028.02
1029.59
1031.39
1008
1000
1008
992
1000
1008
1031
977
1015
1024
1031
1039
1038.44
1042.32
1044.31
1008
1024
1070
1031
1032.72
1008
1019.18
984
1016
1016
1031
1023.63
1032
1015
1024
1031
1039
1031
1000
1000
1047
1094
1125
1086
1109
1102.88
1125
1086
1086
1086.66
1086
1070
1047
1078
1063
1109
1094
1133
1070
1074.98
1054
1055
1125
1141
1164
1145.6
1164
1156
1149
1141.2
1172
1141
1156
1109
1110
1108.76
1105.39
1094
1095.32
1133
1117
1133
1128.06
1102
1156
1142.48
1133
1133.81
1117
1164
1151.26
1172
1109
1125
1128.25
1070
1039
1000
1000
1000.95
1005.03
1012.24
961
984
986.043
969
969
976
977
984
1016
1039
1000
1039
1047
1055
1054.67
1086
1086
1101
1063
1117
1117
1103.68
1211
1183.29
1101
1071
1109
1094
1109
1125
1086
1094
1109
1086
1085.8
1055
1008
1062
1071
1140
1125
1141
1117
1109.51
1148
1133
1180
1156
1172
1162.62
1164
1180
1164
1148
1151.72
1211
1191.94
1234
1219
1219
1187
1180
1211
1133
1117
1117
1141
1101
1125
1125
1133
1141
1148
1078
1016
1024.22
1086
1125
1125
1128.08
1140.62
1117
1125
1127.86
1110
1148
1156
1094
1141
1164
1148
1164
1133
1164
1172
1133
1141.93
1142.82
1047
1101
1102
1090.14
1149
1172
1164
1159.75
1158.86
1147.46
1219
1164
1172
1195
1149
1172
1148
1133
1147.25
1070
1098.28
1000
1017.11
1000
1016
1086
1109
1133
1133
1135.18
1133
1132.39
1140
1180
1133
1133
1164
1156
1164
1141
1156
1156
1063
1070
1039
1047
1000
1000
1000
1000
984
1000
946
953
961
984
1000
1031
1039
1055
1064.88
1008
977
1015
1016
1019.74
1022.71
1094
1097.35
1082.44
1148
1172
1172
1147.51
1187
1182.61
1149
1140
1125
1149
1148
1125
1141
1140
1125
1102
1070
1008
1014.7
1109
1117.34
1156
1133
1156
1156.71
1125
1140
1094
1156
1141
1137.13
1133
1117
1102
1117
1113.03
1110.69
1156
1149
1145.08
1144.17
1164
1156
1149
1164
1156
1172
1148
1151.16
1187
1141
1147.16
1117
1078
1094
1109
1055
1074.1
1133
1109
1114.7
1124.27
1086
1133
1125
1125
1133
1129.1
1156
1164
1125
1055
1072.6
1078
1094
1094.92
1105.83
1156
1187
1157
1179
1180
1156
1149
1150.42
1156
1180
1172
1180
1226
1188
1203
1195
1182.82
1195
1156
1172
1172
1172
1195
1164
1180
1164
1164
1195
1188
1187
1188
1148
1063
1070
1070
1055
1086
1096.04
1094
1125
1148
1125
1141
1144.54
1133
1139.63
1139.95
1125
1133
1133
1125
1101
1102
1109
1094
1099.47
1125
1121.96
1148
1141
1078
1095.69
1078
1086
1117
1125
1115.83
1187
1133
1172
1172
1157.18
1158.92
1133
1129.4
1172
1148
1172
1149
1148
1156
1125
1141
1156
1133
1172
1164
1164
1161.68
1125
1117
1119.04
1125
1141
1125
1156
1133
1156
1141
1101
1078
1081.69
1055
1060.52
1062.63
1094
1094
1117
1094
1140
1133
1133
1141
1117
1148
1125
1110
1125
1125
1140
1133
1133
1133
1148
1117
1125
1149
1125
1156
1141
1140
1139.03
1117
1133
1125
1117
1102
1109.92
1125
1156
1102
1148
1125
1125.71
1125
1126.16
1094
1117
1109
1110
1117
1101
1125
1118.21
1125
1133
1070
1008
1000
992
994.992
1000.43
1078
1104.61
1055
1039
1008
1015
1016
1039
1078
1078
1086
1092.5
1047
1047.28
1078
1047
1039
1016
1031
1008
1000
992
994.301
976
978.409
1008
1009.32
1011.98
1015
1016
1031
1008
1039
1039
1055
1086
1039
1039
1000
1031
1027.16
1086
1073.7
1067.88
1110
1109
1094
1109
1102.91
977
1007.98
1009.65
984
961
1000
1004.04
1070
1055
1031
1055
1055
1109
1008
1000
976
978.087
929
937.577
906
883
867
852
851
813
828
797
820
813
843
860
898
875
867
891
901.569
969
976
985
976
976.458
961
930
925.823
929
930
929.437
961
953
949.361
969
945
945
891
891
867
866.721
867.473
869.737
872.368
805
820
817.158
820
828
828
834.697
828
875
867
899
914
914.346
930
976
971.889
953
953
930
925.989
922
945
961
961
961
958.903
1031
1020.91
1062
1047
1039
977
1000
984
1000
992
1008
1008
1031
1022.99
1008
992
1039
1039
1008
1007.03
1070
1071
1062
1047
1042.07
1040.15
1031.3
1022.69
938
953
992
1008
1008
1023
1016
1000
1031
1032.83
1022.52
946
984
969
1023
1063
1023
1039
1055
1047.73
1031.12
992
969
976
961
977
982.313
983.23
1031
1024
1047
1070
1125
1133
1101
1063
1055.87
1008
1000.99
977
1015
1025.46
1086
1109
1094
1047
1047
1043.37
992
953
945
922
922.536
953
1008
1015
1008
1011.48
1070
1094
1055
1047.65
1094
1070
1055
1046.14
1055
1039
1027.96
1031
1023
977
979.024
1086
1125
1083.03
1117
1094
1086
1086
1055
1047.47
1039
1031.83
1027.62
1078
1133
1180
1152.88
1164
1148
1133.12
1117
1106.02
1096.16
1062
1055
1117
1124.1
1125
1125
1118.93
1156
1086
1086
1070
1066.47
1008
1055
1039
1023
1027.54
1031.53
961
985.833
992
1000
1039
1055
1070
1094
1094.72
1133
1127.49
1047
1094
1088.5
1101
1094
1086
1078
1078
1086
1094
1055
1067.07
1070
1055
1023
1008
1008
1008.92
1010.7
1047
1086
1039
1008
1016.33
1055
1117
1111.08
1164
1156
1180
1169.18
1155.26
1164
1140
1172
1133
1164
1125
1047
1070
1072.71
1133
1156
1125
1156
1149
1137.83
1156
1125
1070
1039
1008
1055
1072.46
1117
1086
1125
1125
1133
1128.39
1133
1156
1164
1117
1149
1133
1148
1117
1055
1066.18
1102
1117
1078
1086.92
1093
1096.85
1109
1063
1054
1055
1047
1048.86
1086
1070
1055
1060.19
1047
1051.63
1016
1000
1001.99
1070
1125
1120.42
1105.89
1063
992
976
946
945
914
922
883
906
906
883
891
890
860
859
852
851
844
867
868.605
873.234
961
1094
1023
1019.95
984
969
961
961
957.827
953.999
1000
1000.56
1047
1117
1133
1110.63
1117
1101
1071
1062
1056.64
1094
1090.55
1117
1125
1117.26
1125
1141
1130.88
1102
1125
1125
1133
1117
1094
1095.77
1109
1117
1133
1102
1125
1109
1047
1057.9
1078
1086
1087.54
1102
1117
1117
1094
1148
1102
1117
1125
1086
1094
1109
1086
1117
1116.93
1117
1102
1101
1016
1042.2
1047.47
1156
1133
1141
1140.06
1133
1156
1145.2
1117
1125
1102
1140
1132.38
1125.99
1156
1148
1141
1125
1117
1133
1125
1125
1125
1109
1094
1094
1093.65
1101
1086
1086
1008
1008
1047
1070
1077.35
1086
1109
1110
1109
1133
1109
1125
1141
1125
1164
1156
1125
1141
1133
1156
1172
1156
1195
1141
1149.06
1156
1063
1111.42
1106.08
1094
1140
1129.33
1094
1086
1047
1039
1043.32
1044.63
992
961
953
969
1000
1007.82
976
994.359
1002.48
1023
1026.72
1102
1105.57
1164
1172
1164
1157.13
1149
1156
1141
1135.06
1125
1117
1102
1125
1124.12
1102
1125
1109
1133
1094
1093
1016
1047
1070
1078
1078.27
1070
1075.24
1101
1097.47
1095.67
1097.57
1133
1128.02
1124.56
1148
1133
1131.01
1156
1086
1070
1008
1008
1039
1023
1055
1008
1031
1008
1039
1008
1016.08
969
1031
1018.2
1017.52
1125
1102
1117
1117
1114.34
1140
1133
1133
1086
1094
1093.88
1086
1094
1117
1102
1117
1113.47
1102
1109
1055
1073.27
1086
1109
1094
1078
1008
1008
1062
1094
1109
1110
1105.53
1078
1078
1078
1125
1110
1140
1133
1164
1125
1133
1172
1156
1156
1144.61
1141
1137.91
1133
1164
1148
1164
1180
1133
1164
1148
1133
1133
1195
1141
1133
1156
1156
1094
1211
1094
1039
992
1001.43
953
937
938
953
984
1016
1047
1117
1133
1117
1133
1101
1125
1133
1126.51
1078
1084.05
1023
977
1039
1055
1109
1125
1124.69
1117.48
1111.79
1104.22
1095.17
1087.09
1109
1102
1070
1117
1102
1117
1117
1102
1117
1117
1102
1104.92
1117
1117
1125
1118.17
1125
1120.65
1118.08
1094
1098.43
1094
1094.78
1117
1133
1148
1125
1141
1109
1111.86
1133
1117
1164
1156.24
1031
1039
1031
1063
1086
1086
1140
1144.02
1109
1133
1117
1106.64
1141
1101
1094
1109
1094
1133
1117
1117
1133
1126.77
1120.34
1125
1102
1117
1125
1117
1125
1141
1148
1164
1141
1164
1125
1117
1125
1133
1148
1149
1125
1129.1
1130.25
1141
1125
1117
1120.4
1122.42
1148
1086
1103.46
1031
1039
1000
992
961
922
914
914.22
875
914
922
925.232
1031
1024
1086
1140
1110
1148
1125
1125
1125.17
1117
1116.43
1117
1117
1116.85
1125
1125.19
1109
1110
1117
1109
1102
1086
1109
1055
1071.07
1086
1086
1080.52
1109
1063
1101
1092.68
1047
1062
1064.77
1086
1078
1086
1109
1063
1086
1086.5
1070
1086
1047
1109
1110
1117
1133
1109
1109
1102
1086
1109
1101.28
1125
1109
1086
1094
1086
1085.16
1102
1094.77
1008
977
984
986.361
922
930
906
883
883
867
906
909.011
930
976
1000
1024
1070
1074.89
1086
1087.39
1078
1086
1086
1094
1078
1094
1070
1000
969
1031
1037.29
1063
1057
1086
1156
1141
1148
1156
1141
1133
1125.09
1125
1156
1110
1125
1127.09
1140
1149
1140
1164
1158.08
1125
1117
1118.02
1125
1125
1141
1117
1118.85
1156
1117
1141
1156
1110
1031
1047
1086
1148
1156
1149
1187
1149
1143.41
1133
1124.43
1133
1031
1000
946
953
922
890
883
885.681
888.867
828
820
824.427
827.433
789
766
758
765
766
769.748
758
781
789
781
805
789
859
914
907
945
930
928.734
930
914
910.345
883
875
875
852
859
836
820
821
821.17
797
803.003
789
797
805
851
844
844
867
891
898
883
906
852
856.453
836
828
820
836
841.765
844
846.373
914
945
953
953
969
953
939.965
930
920.465
922
961
984
973.373
922
918.494
953
992
992
1039
1039
1047
1047
1070
1055
1109
1094
1141
1140
1157
1148.45
1164
1195
1180
1180
1148
1148.46
1164
1164
1125
1070
1086
1093.84
1203
1174.84
1195
1164
1164
1117
1133
1141
1164
1155.62
1149
1172
1117
1109
1055
1023
1055
1109
1136.52
1078
1047
1008
1047
1086
1101
1102
1094
1093
1097.77
1086
1086
1148
1157.27
1039
1044.38
1180
1165.42
1242
1172
1195
1141
1180
1170.02
1148
1172
1172
1164.09
1151.19
1039
1086
1125
1117.16
1156
1125
1180
1141
1179
1149
1164
1133
1070
1078
1085.45
1008
1015
961
946
949.61
951.14
922
929
891
875
906
883
883
844
859
852
859
860
875
890
891
875
883
890
875
883
891
922
937
930
953
961
953.072
914
914
922
918.07
945
945
961
930
969
976
938
953
953
914
930
945
1000
1000
1031
1008
1008
1023
969
961
1000
986.15
978.875
1047
1039
1039
1047
1039
992
969
984
977
992
997.432
1000
977
984
930
938.825
969
992
1047
1042.99
1086
1078
1086
1071.56
1031
1000
953
961
953
969
969
976.039
982.865
976
1016
1039
1047
1040.42
1008
1023
977
1000
984
953
930
961
953
969
972.151
976
922
953
930
969
961.336
962.196
964.584
875
875
867
860
867
867
883
992
1055
1046.61
1078
1125
1141
1123.16
1133
1125
1116.5
1110.27
1105.18
1078
1125
1149
1156
1125
1125.06
1086
1148
1188
1195
1211
1194.59
1164
1164
1141
1164
1156.44
1219
1206.73
1188
1179
1055
1125
1141
1203
1203
1242
1211
1227
1221.6
1164
1203
1172
1166.06
1133
1164
1156
1172
1180
1195
1141
1172
1211
1191.81
1266
1156
1164
1148
1125
1102
1078
1047
1039
1055
1058.87
1133
1164
1179.64
1110
1101
1094
1055
1056.99
1117
1078
1117
1133
1156
1125
1094
1102.23
1109
1094
1086
1086
1117
1133
1117
1086
1039
1117
1094
1156
1133
1141
1148
1094
1098.72
1110
1125
1112.18
1125
1125
1125
1115.92
1109
1141
1133
1123.12
1024
1109
1117
1164
1125
1172
1164
1149
1156
1164
1148.06
1195
1149
1195
1156
1172
1165.59
1172
1203
1203
1156
1149
1117
1125
1164
1172
1187
1157
1140
1094
1086
1125
1117
1086
1047
1039
1117
1094
1156
1133
1128.71
1131.53
1125
1133.88
1125
1141
1164
1164
1172
1172
1187
1211
1203.48
1180
1148
1141
1172
1172
1165.32
1164
1156
1055
1085.57
1093.35
1094.7
1156
1164
1149
1109
1141
1125
1140
1164
1153.76
1164
1158.58
1148
1164
1166.95
1166.91
1141
1125
1164
1133
1148
1149
1148
1149
1117
1148
1140.22
1136.32
1156
1148.22
1039
1000
1000
1023
1016
1027.72
1008
984
992
977
961
984
961
961
977
1023
1008
1000
1023
1030.71
1071
1071.19
1078
1079.19
1094
1094
1078
1109
1086
1071
1101
1092.93
1070
1073.91
1078
1063
1054
1056.16
1016
1109
1125
1180
1125
1140
1138.46
1078
1086
1086
1070
1109
1094
1133
1125
1164
1125
1156
1125
1125
1123.34
1070
1090.46
1117
1133
1123.6
1141
1148
1125
1149
1138.21
1156
1164
1133
1133
1133.34
1101
1133
1124.16
1125
1156
1109
1141
1164
1141
1156
1125
1086
1070
1047
1031
1055
1070
1133
1094
1125
1094
1101
1094
1086
1089.54
1086
1086
1087.65
1101
1125
1094
1094
1109
1078
1063
1000
1015
1032
1039
1086
1103.63
1099.7
1096.45
1047
1039
1039
1078
1055
1078
1055
1057.65
1000
1078
1078
1110
1099.11
1055
1070
1039
1039
1039
1040.05
1063
1058.53
1109
1063
1058.08
1023
1047
1055
1055
1101
1094
1117
1133
1148
1141
1141
1156
1125
1148
1139.85
1133.18
1133
1128.86
1148
1140.55
1086
1099.57
1097.02
1102
1096.45
1109
1070
1082.95
1102
1156
1144.35
1141
1156
1149.15
1164
1141
1144.14
1144.89
1141.19
1137.35
1140
1164
1141
1125
1156
1133
1172
1156
1153
1153.85
1156
1164
1157.34
1172
1133
1148
1110
1101
1133
1125
1126.19
1133
1125
1128.71
1141
1133
1148
1133
1137.13
1110
1118.89
1133
1117
1039
1086.04
1125
1164
1153.98
1141
1164
1125
1141
1117
1125
1133
1117
1121.28
1125
1133
1156
1141
1164
1156
1164
1157.3
1148
1149
1156
1156
1149.58
1148
1146.99
1156
1149
1147.84
1148.63
1148.11
1062
1078
1039
1094
1055
1072.65
1086
1078
1086
1086
1086
1109
1103.41
1141
1125
1128.54
1109
1078
1047
1039
1039.51
1041.93
1055
1086
1086
1055
984
891
867
883
906
898
946
984
992
1004.14
1000
977
984
986.72
946
945
947.985
961
976
1000
1003.8
1016
1055
1050.77
1094
1094
1109
1047
1047
1031
1039
1047
1038.77
1086
1086
1109
1086
1094
1039
1016
984
1055
1051.42
1055
1039
1047
1039
1033.79
1032.28
1008
1000
1000
1031
1063
1086
1148
1142.73
1129.89
1195
1180
1218
1203.13
1211
1211
1219
1234
1227
1203
1201.83
1180
1211
1172
1187
1133
1172
1172
1133
1144.22
1146.7
1117
1094
1109
1086
1086
1088.67
1101
1125
1133
1140.64
1164
1168.34
1063
1039
1086
1094
1125
1140
1141.37
1125
1086
1093.73
1031
1070
1102
1117
1112.75
1113.33
1086
1086
1086.98
1078
1125
1133
1124.71
1211
1203
1219
1203
1203
1211
1195
1180
1117
1102
1070
1094
1070
1094
1133
1109
1117
1122.35
1156
1153.2
1164
1164
1164
1180
1156
1156
1071
1078
1077.39
1117
1086
1172
1179
1180
1195
1180
1180
1172.4
1156
1164
1117
1102
1101.89
1102
1109
1016
1062
1032
1031
1023
1016
1008
1031
1030.09
1047
1031
1109
1094
1125
1164
1158.08
1172
1141
1164
1162.8
1164
1196
1156
1180
1140
1133
1134.82
1156
1164
1159.7
1141
1145.28
1110
1125
1148
1141
1117
1094
1086
1088.87
1016
1039
1016
984
988.516
989.782
991.868
1000
1002.42
992
977
992
992.757
994.256
1008
1010.03
961
1000
1000.24
1055
1133
1164
1146.49
1132.62
1172
1141
1130.86
1125
1109
1110
1148
1144.64
1137.45
1102
1140
1143.16
1133
1127.18
1133
1133.63
1133
1117
1016
1047.55
1050.27
1055
1070
1075.36
1086
1070
1086
1089.61
1070
1094
1047
1058.47
1016
1039
1039
1023
1000
992
977
969
971.687
972.148
977
979.326
969
974.64
961
922
922
921.724
914
883
914
908.693
906
883
898
875
885.15
851
828
812
805
805.166
820
805
828
832.337
875
922
953
953
922
945
985
1015
1047
1031
1019.64
1017.41
1019.46
1016.64
1078
1125
1102
1125
1126.41
1094
1125
1129.86
1093
1086
1055
1109
1125
1133
1141
1125
1156
1133
1164
1164
1151.9
1125
1141
1136.81
1187
1141
1195
1141
1143.66
1143.68
1139.84
1125
1117
1023
1102
1092.22
1172
1152.48
1148.99
1164
1160.1
1156
1155.42
1156
1156
1133
1143.21
1180
1195
1184.56
1219
1219
1187
1211
1180
1180.17
1242
1188
1234
1203
1202.48
1133
1117
1133
1125
1129.11
1179
1183.83
1211
1156
1172
1180
1133
1145.55
1078
1117
1039
1094
1125
1120.99
1117
1164
1141
1164
1164
1164
1133
1140
1125
1024
1055.12
1164
1164
1141
1148
1117
1141
1133
1121.58
1117
1094
1125
1118.54
1111.07
1133
1148
1125
1126.47
1117
1172
1159.94
1150.99
1144.94
1141.31
1164
1156
1141
1137.15
1133
1130.83
1140
1110
1117
1119.38
1188
1148
1195
1180
1164
1160.13
1133
1102
1039
1044.8
1031
1039
1043.56
1031
1055
1047
1094
1109
1094
1062
1055
1055.55
1086
1125
1125
1094
1094
1070
1094
1078
1039
1070
1055
1078
1063
1054
1055
1078
1055
1078
1109
1101.8
1086
1070
1094
1078
1078
1086
1078
1063
1070
1008
1028.63
1015
985
1039
1038.17
1039.57
1044.09
1070
1110
1070
1078
1082.41
1047
1070
1055
1047
1050.01
977
1031
1070
1062
1094
1133
1125
1117
1117
1125
1111.24
1078
1031
1047
1070
1063
1086
1092.68
1117
1094
1125
1117
1094
1117
1112.63
1086
1070
1047
1086
1070
1069.62
1074.3
1047
1086
1083.51
1086
1082.39
1084.99
1031
1063
1058.86
1039
1078
1047
1047
1055
1023
1039
1063
1053.75
1086
1070
1071.09
1073.53
1078
1102
1101
1096.8
1125
1070
1000
1047
1078
1094
1089.74
1086
1133
1125.74
1115.64
1111.33
1094
1109
1094
1094
1140
1129.26
1141
1156
1109
1110
1111.87
1141
1125
1140
1141
1109
1125
1102
1098.37
1102
1093
1055
1031
1033.65
1008
1012.59
1000
1003.23
1005.17
969
969
976
977
1031
1008
1031
1036.64
1078
1055
1008
1070
961
945
947.815
949.276
883
898
883
875
852
859
844
848.843
836
867
852
859
862.294
859
859
852
828
828
828
829.318
836
859
852
861.57
891
898
922
945
930
924.648
922
914
914
914
910.348
883
883
879.407
867
867
852
867
844
851
875
874.599
852
906
896.272
883
886.941
886.396
891
937
969
1023
1016
1000
984
1016
961
922
923.951
875
876.436
859
860.834
867
869.764
873.659
969
992
1031
1017.98
1063
1031
1039
1039
1016
1054
1024
1078
1068.14
1047
1078
1047
1086
1080.02
1074.48
1164
1078
1109
1086
1000
1078
1133
1156
1211
1188
1211
1211
1156
1159.29
1078
1094
899
898
883
886.191
875
922
976
1016
1039
1008
1018.87
1028.18
914
906
883
852
851
844
828
875
875
930
938.721
943.149
947.093
950.056
914
914
914
911.526
922
918.783
961
955.106
946
945.795
953
922
926.209
930
937
899
906
906
902.669
1000
961
945
930
924.22
914
914.055
883
852
851
836
837.878
820
797
797
812
815.417
836
847.936
828
867
875
906
907.091
937
899
937
935.987
906
875
891
906
945
969
1031
1047
1055
1039
1000
992
990.144
945
922
922
922
914
906
910.193
883
906
891
896.19
883
875
875
883
875
906
883
891
906
905.047
867
875
852
883
890
891
930
953
948.818
992
1000
1039
1000
1008
945
977
968
946
984
961
1000
953
962.667
961
957.464
955.114
954.061
954.532
953
945
948.425
945.653
961
930
938.681
891
898
883
891
945
945
950.352
992
969
973.642
973.851
970.899
969.116
967.224
1039
1047
1047
1062
1039
1032.55
1039
1047
1047
1039.48
1078
1094
1117
1108.7
1109
1094
1101
1098.18
1086
1008
1031
1000
1000
969
972.91
1008
1008
976
953
938
961
984
989.192
1000
984
1031
1008
1009.45
1011.42
1016
1016.71
1039
1031
1031
1008
1055
1062
1078
1055
1086
1086
1094
1109
1086
1133
1117
1070
1063
1101
1024
1037.96
1039.9
914
906
883
937
922
953
969
1000
1016
1023
1047
1031
1032.98
1035.6
1039
1039
1037.75
1031
1000
1000
1008
1023
1000
977
953
957.309
958.223
953
953
977
1000
1002.77
1002.42
1008
1039
1008
1031
1047
1047
1031
992
961
969
953
922
925.937
929.21
953
945
907
906
914
914
917.65
906
891
890
883
883.708
852
867
875
906
922
945
938
945
948.372
937
914
914.331
922
938
976
972.126
961
969
953
953
961
953
947.354
929
899
906
903.651
859
852
859
860.58
867
883
914
925.509
922
925.485
906
883
890
875
875
860
863.392
891
906
938
937
933.468
969
914
945
969
992
985
972.058
969
961
977
968
938
943.234
914
922
930
914
976
922
953
969
1008
992
984
961
946
945
947.389
961
922
937
938.811
945
922
937
891
914
914.153
913.084
875
890.357
867
867
867
860
862.661
844
867
863.26
866.213
844
867
865.07
875
874.273
877.236
880.117
922
992
977
984
1000
922
953
977
1000
1031
1014.11
1047
1008
992
953
953.462
945
946
968
961
960.817
992
1008
1031
1031
1055
1048.21
1055
1047
1070
1047
1047
1039
1039
1008
1031
1026.07
1008
1015
985
1015
985
1023
1031
1039
1034.75
1015
1024
1031
1008
1013.08
1016
1023
1047
1031
1008
992
938
961
963.522
1016
1031
1030.21
1055
1078
1039
1031
1047
1008
1010.93
937
946.632
949.202
875
895.094
867
844
875
883.388
883
906
899
906
910.158
860
859
861.299
860.46
899
898.254
914
930
922
906
899
890
860
867
867
859
860
867
866.078
867
868.868
868.844
869.036
914
909.26
969
930
984
969
922
953
943.749
898
875
883
867
875
879.334
883
867
891
890
890.237
906
891
922
906
922
937
930
930
928.189
914
917.411
922
953
961
930
931.548
938
969
962.213
992
992
992
1000
969
992
984
969
984
1000
1008
997.588
1016
1023
1000
992
969
930
937
899
902.009
898
922
883
945
939.403
961
961.984
965.974
961
930
914
922
867
883
836
937
985
945
945
930
914
914.439
875
875
874.961
836
836
867
870.419
914
906
911.617
891
914
906
914
906
903.796
891
875
859
857.565
836
859
852
867
869.058
906
906.33
914
953
948.274
945
938.108
931.44
924.155
945
961
977
970.394
961
984
914
899
906
904.976
945
969
965.645
992
987.149
969
962.26
953.846
1031
1039
1013.19
1039
1033.41
1039
1024.92
1014.61
1010.82
1055
1093
1086
1063
1070
1047
1047
1039
1047
1062
1054.4
1055
1050.11
1031
1047
1031
1032.44
976
992.243
945
930
953
953
961
937
946
950.297
950.939
914
891
929
930
953
969
974.241
891
915.304
883
875
883
867
874.997
930
922
927.26
937
922
923.635
946
969
959.071
961
930
932.336
891
906
953
977
1023
1047
1031
1016.18
1005.99
1008
992
1000
977
969
953
875
906
922
953
1000
992
930
976
969
964.216
906
930
933.032
953
977
984
969
945
945
922
899
906
883
898
867
852
859
844
867
852
867
867
875
877.096
930
945
945
946
947.649
891
914
910.003
883
906
904.165
953
946
937
930
922.697
916.924
883
875
867
852
859
789
844
828
844
820
813
820
820
782
789
781
781
774
773
781
766
773
758
742
750
735
742
742
742
750
758
758
763.474
765
766
750
750
750
742
742
735
742
742
727
734
711
719
717.784
711
719
734
719
728.015
719
734
729.524
731.224
742
742
735
765
757.413
758
781
775.163
812
766
771.307
812
799.347
797
805
851
844
875
898
930
969
992
1039
1035.01
1023
1031
1016
1016
1023
1039
1031
1047
1047
1045.32
1109
1086
1094
1093.59
1090.38
1031
1039
1039
1086
1047
1039
1008
1031
1039
1034.22
1094
1133
1117
1125
1070
1064.03
1109
1098.07
1125
1164
1203
1180
1219
1211
1192.74
1203
1197.27
1234
1211
1211
1180
1195
1211
1202.04
1172
1172
1164
1211
1187
1182.95
1184.77
1180
1178.94
1156
1158.84
1164
1172
1164
1164
1172
1156
1160.08
1162.18
1163.18
1161.39
1164
1172
1164
1172
1094
1101
1078
1110
1156
1141
1140
1145.14
1031
969
992
1000
1016
1029.44
1070
1078
1086
1091.36
1095.61
1098.13
1078
1078
1055
1070
1086
1086
1070
1094
1055
1086
1062
1061.78
1031
1037.35
1031
1000
985
984
961
1000
969
976
992
937
938
976
967.516
1016
984
984
992.806
938
956.048
922
883
875
859
844
836
836
859
867.397
875
898
899
898
922
914
916.778
930
930.328
922
914
891
906
875
879.779
867
868.141
859
844
828
820
805
806.104
813
820
797
805.239
797
781
797
789
789
781
766
773
758
766
766.233
766
789
788.474
805
810.737
797
828
805
828
828
824.301
828
828
825.15
883
898
852
859
844
851
821
836
867
867
883
883
898
893.128
914
922
922
930
924.78
914
930
937
930
945
940.289
935.755
883
867
864.618
867
844
850.535
859
875
852
898
891
961
951.845
891
902.137
902.608
867
844
851.478
828
820
844
836
852
875
867
906
875
891
875
875
873.462
836
846.468
843.419
844
867
922
906
922
916.645
937
930
976
969
961
958.048
977
971.003
1008
1023
1008
1016
1023
1031
1027.26
992
953
977
984
992
1008
1001.23
1031
969
984.185
977
984
978.709
961
969
992
984
969
973.601
984
977
976.257
992
992
988.211
1031
1016
1047
1078
1016
1015
1000
969
976.625
978.212
1055
961
961
961
969
969.496
961
1000
1008
1031
1016
1031
1031
1023.13
969
976
961
969
953
977
985.308
985.55
1000
1023
1000
1008
1000
1008
1039
1055
1078
1094
1070
1061.72
1055.18
1045.12
1078
1094
1086
1078
1078
1075.3
1070.55
1086
1078
1039
1055
1053.95
1062
1016
1031
1016
1018.1
1018.24
1018.58
1019.12
1070
1078
1055
1078
1102
1148
1141
1086
1054
1058.46
992
1001.98
976
977
976
969
972.709
992
1003.16
976
977
980.711
984
938
976
969
961
969
992
953
945
969
961
962.987
976
977
969
972.408
984
969
961
953
960.135
976
914
914
953
922
926.539
969
976
1000
977
1047
1039
1078
1039
1034.39
1047
1023
1016
1039
1030.56
1071
1070
1039
1086
1055
1093
1055
1055
1031
1000
1008.87
969
922
1000
1023
1000
1000
1008
1000
977
1000
992
1008
1006.89
1047
1047
1062
1055.97
1047
1048.51
1039
1039
1008
1000
1000
1031
1047
1039
1047
1045.36
1031
1039
1047
1062
1032
1070
1039
1031
1033.02
1016
1039
1039
1008
1039
1008
1023
977
990.103
992
989.568
989.903
992
969
978.085
992
1008
1016
1000
1015
969
984
961
946
976
969
961
967.124
984
969
953
922
914
945
930
937
930
933.629
935.507
936.175
938.104
939.664
945
953
922
891
875
859
852
843
813
828
797
812
813
820
797
806.822
812
813
812
805
797
797
804
804.219
807.283
828
828
834.126
859
863.201
844
859
828
844
839.881
836.285
828
797
812
811.011
810.77
781
773
758
758
758
773
758
781
766
789
781
789
789
782
804
800.602
801.883
781
788.582
781
805
797.406
812
807.285
828
828
922
836
838.174
836
828
789
789
789
787.232
766
766
773
773.192
773
766
758
765
766
767.191
789
797
836
820
819.559
822.074
820
805
820
805
803.382
820
820
813
836
859
883
875
865.457
898
906
893.978
914
911.586
898
906
891
906
922
914
908.573
945
940.186
938
968
938
953
930
945
922
923.945
945
922
922
922.624
922
945
930
906
875
860
867
867
875
875
875
875
883
883
898
883
914
914
914
953
914
938
922
937
922
891
937
922
969
992
1031
1047
1086
1086
1094
1090.81
1086
1109
1105.53
1100.66
1071
1109
1107.55
1047
1078
1055
1070
1065.88
1024
1035.71
1037.68
985
1000
976
992
977
984
977
981.615
1008
1000
969
984.643
937
953
946
992
1008
1031
1032.52
1031
1016
1008
1006.29
1000
1039
1008
1047
1031
1039
1034.26
1032
1031
1047
1040.71
1000
1031
1008
1016
1015
1008
992
969
953
930
953
957.119
930
945
914
922
922
945
940.796
953
961
966.163
938
945
953
922
930
932.251
930
984
977.036
977
953
969
984
977
984
1000
988.569
982.055
982.147
1008
1000
1015
969
1000
977
968
1000
1000
992.785
1008
1039
1031
1039
1016
1017.08
1031
1025.06
1019.19
1015
1008
1016
992
961
966.654
953
954.913
961
961.982
977
1000
1031
1031.77
1055
1054
1008
1016
1008
999.118
996.043
995.781
992.754
930
961
953
992
969
992
995.374
1000
995.372
1023
969
1008
992
984
977
979.519
1024
1062
1039
1071
1064.69
1101
1102
1091.17
1088.79
1087.22
1047
1054.35
1008
1000
996.58
984
1008
1008
1070
1063
1062
1039
1016
1013.87
992
1008
1000
992
1008
1000
1000
1002.96
969
979.892
961
961
960.203
938
945.397
953
950.488
961
969
953
961
961
962.101
976
961
961
977
945
953
953
922
930
906
914
922
906
899
914
914
937
930
914
914
922
914
930
914
906
883
875
906
883
922
937
930
929.052
937
922
953
946.049
940.007
922
914
914
914
922
918.773
945
940.258
961
977
968
946
961
976
961
957.63
969
963.997
958.201
955.788
984
985
976
977
992
961
1000
1000
987.357
984.361
1008
984
982.056
1000
961
961
967.269
964.347
945
922
922
922
914
961
945
961
966.521
891
937
938
976
946
953
984
974.659
992
961
992
969
930
929
891
875
877.804
922
992
1008
1070
1110
1093
1032
1023
1000
961
961
953
948.849
922
923.664
922
930
914
930
937
922
922
922
953
954.955
953
945
930
914
906
906.419
883
867
852
853.355
860
875
875
898
914
922.163
922
924.986
927.411
925.94
921.837
945
953
922
922
914
914
906
922
922
945
938
961
992
1000
989.018
979.922
974.894
1000
994.124
984.203
977
1008
1015
1004.89
1015
985
984
992
953
946
968
971.417
953
938
937
946
945
942.102
938
945
922
945
914
920.891
922
914
953
922
929.067
992
984
977.038
969
968
946
945
969
984
1000
1000
992
985
982.331
985
980.579
1039
1078
1055
1070
1086
1077.1
1086
1039
1047
1031
1000
1008
961
969
945
947.536
1101
1094
1125
1117
1094
1094
1070
1047
1039
1030.58
1024.78
1022.5
1016
1008
1000
1000
1015
1000
1016
1039
1047
1039
1039
1055
1047
1041.76
1070
1039
1008
1000
953
961
930
935.207
922
899
902.919
914
906
930
914
922
925.679
899
867
867
866.922
867.193
906
922
933.077
930
945
950.302
961
930
945
943.234
891
875
875
875
867
871.648
883
891
906
922
945
922
938
937
922
906
891
898
891
891.044
898
875
883
875
906
903.712
891
894.347
883
875
875
844
859
852
859
859
852
883
867
898
883
886.211
883
884.664
875
875
859
852
853.768
820
821
821.961
797
805
797
789
812
797
797
820
805
805
843
821
826.585
851
843.977
836
828
813
820
805
812
811.374
805
808.668
781
789
953
953
938
914
937
922
953
961
961
953
953
930
924.652
920.451
914.877
908.775
961
984
953
946.308
969
969
992
961
961
953
961
984
969
992
1008
1016
1031
1078
1063
1070
1055
1039
1054
1016
1015.37
1000
1039
1016
1047
1023
1024
1031
1039
1032.78
1029.38
1063
1054.71
1050.04
1070
1039
977
976
1000
969
992
997.469
1008
1031
1035.46
1047
1086
1079.17
1078
1072.09
1086
1078
1063
1070
1047
1078
1094
1109
1133
1125
1117
1117
1094
1086
1081.88
1063
1062
1063
1078
1077.21
1062
1016
1008
1008.68
1000
1004.31
1007.75
1023
1024
1039
1039
1044.37
1008
1015.97
945
977
973.367
1008
1000
1007.41
992
1024
992
999.04
1000.96
1008
1004.78
1047
1039
1063
1062
1078
1086
1063
1109
1078
1078
1077.21
1086
1080.26
1078
1078
1047
1055
1054
1048.6
1008
1023
1000
1039
1029.55
1047
1043.52
1046.46
1032
1054
1047.07
1047.75
1048.47
1008
1016
1023
1047
1047
1047.74
1078
1063
1078
1078
1072.99
984
1008
1000
996.673
1031
1035.94
1039
1031
1024
1062
1000
1024
1031
1039
1047
1041.78
1078
1063
1054
1071
1054
1039
1016
1016
1023
992
1000
1003.09
992
997.227
998.992
1000
1000
992
1016
1000
1004.41
1000
953
937
938
976
982.56
992
985
976
992
992.847
992.338
993.002
945
953
914
930
914
917.263
891
875
898
867
860
859
836
836
828
820
805
797
812
797
797
797
805
820
820
844
867
844
828
828
813
836
851
844
844
867
844
859
852
847.05
844
859
844
844
812
821
836
851
844
867
852
859
852
859
859
854.62
836
842.049
844
836
836
836
835.056
859
836
875
864.533
828
828
831.215
820
836
828
829.94
828
820
824.016
824.984
823.651
820
844
836
834.974
837.487
836.216
852
846.208
844.268
883
866.506
890
881.679
875
906
906
899
914
945
961
961
953
977
976
992
977
1039
1030.8
1031
1016
1015.37
961
961
961
961
992
1008
1003.28
1078
1039
1047
1039
1028.17
1021.22
1023
1039
1008
1039
1008
1047
1035.45
1031
961
945
969
992
977
1031
1008
1008.12
1016
1054
1039
1032
1023
1055
1031
1029.49
1000
1008.67
1000
1039
1032
1054
1071
1062
1055
1039
1062
1008
1047
1039
1039
1024
1027.99
1008
1013.05
992
985
987.231
976
977
961
961
906
914
938
953
976
985
961
992
992
992
977
983.833
976
977
953
969
945
977
984
984
977
978.797
1031
977
992
977
984
953
953
961
953
946
953
955.004
969
976
969
961
992
1000
1000
1008
1039
1008
1006.43
1008.2
1003.26
969
961
961
961
945
914
906
907.152
909.096
922
953
922
961
965.585
961
961
984
985.304
961
938
953
953
953
930
945
969
945
938
945
922
923.873
926.612
953
945
953
930
945
945.503
942.312
930
935.448
930
930
953
961
954.501
950.862
954.069
952.585
946.42
947.038
969
945
930
922
924.695
922
898
883
883
875
914
922
930
945
914
920.338
922
920.689
891
875
883
883
906
915.321
875
882.164
906
898
860
890
891
891.505
930
922
953
945.691
937.306
933.853
922
906
922
922
914
906
883
906
875
881.96
883.751
867
873.042
875.147
898
891
892.527
922
937
930.078
926.756
922
922
914
914
914
906
883
875
852
843
813
828
828
813
828
829.191
836
828
820
824.265
836
836.851
836
867
867
844
836
852
867
859
844
945
922
922
922
914
905.717
891
875
870.481
860
859
856.325
875
883
898
891.548
883
906
875
914
836
844
851
860
898
890.971
890.666
875
859
844
851
844
852
828
835.169
828
836
820
820
821
820
852
875
859
891
851
805
820
821.651
797
797
805
820
805
820
820
821.175
836
828
829.327
836
851
844
867
828
797
820
797
797
797
820
813
814.943
797
836
827.722
860
859
859
854.265
851
844
844.018
859
867
875
844
898
891
883
875
898
883
922
898
922
898
899.527
883
906
875
875
875
867
867.716
866.8
866.841
836
851
852
848.836
852
851.796
852
890
875
876.351
875
852
867
891
882.934
883
882.977
883
867
870.864
805
824.55
826.673
828
832.082
820
821
828
828
830.469
843
852
859
860
890
852
867
868.032
859
844
859
867
852
883
877.108
867
859
828
835.696
820
789
796.325
797.799
789
797
797
812
813.657
797
828
828
852
859
891
976
930
883
930
927.533
859
836
836
844
851
848.669
836
836
836
859
844
839.513
867
870.178
867
836
828
836
844
841.887
859
858.93
836
805
804
806.661
828
805
836
828
844
875
872.662
899
892.36
914
906
914
906.282
907
929
930
922.622
946
942.214
945
961
956.052
969
966.533
964.826
992
977
992
984
969
922
933.887
929.237
945
1008
1062
1063
1062
1048.61
1086
1078.53
1024
1000
1031
1008
1004.33
1008
1016
1054
1024
1086
1079.27
1064.29
1039
1055
1031
1023
1015
1008
1008
984
987.886
953
922
922
921.717
953
967.996
1000
1008
1015.73
1031
1024
1031
1016
1015
977
984
969
969
961
964.466
961
953
891
969
1039
1070
1078
1117
1102
1086
1070
1058.98
1048.97
1023
1000
1008
992
1008
1008
992
1000
1000.31
992
977
1031
1024.31
1023
1047
1047
1039
1039
1047
1008
992
961
914
891
898
852
866.801
867
875
883
867
879.216
867
844
854.41
836
828
820
828
813
828
828
831.803
835.426
930
961
953
953
984
961
938
914
906
883
883
881.207
851
844
836
836.448
859
844
848.674
852.162
844
859
836
836
828
829.487
852
859
852
855.671
727
742
727
734.185
750
750
773
750
764.403
750
727
742
742
742.546
746.594
747.885
750
750
742
735
734
734
711
719
703
711
711
711
711
734
732.151
742
740.945
742.357
766
762.333
766
789
781
778.142
797
791.66
797
781
789
781
774
774.698
789
781
766
773
758
758
742
742
727
728.929
727.734
711
719
703
711
711
711.068
711
711
713
703
688
703
699.452
695
703
703
705.19
696
702.922
703
703
695
680
734
766
773
781
773.69
768.443
805
797
790.712
774
781
784.812
766
763.551
789
774
804
799.673
797
794.062
797
789
805
799.765
789
789
789
781
758
742
719
750
761.128
766.445
805
797
859
852
890
891
891
882.648
890
891
884.88
867
836
844
844
859
844
859
860
859.179
867
875
883
875
875
867
867
852
844
841.573
844
845.231
847.359
875
883.39
906
906.259
914
914
961
955.847
1086
1031
977
969
969.694
930
924.827
907
937
930
922
929
891
914
922
930
926.164
921.933
961
977
964.094
984
977.106
961
930
906
922
925.432
928.649
922
953
961
955.104
992
988.924
961
953
961
938
933.432
937.29
937
930
929.998
933.954
945
914
922
926.477
927.757
922.257
925.907
914
930
928.388
969
959.291
984
945
938
937
930
945
930
930
914
937
930
945
977
953
914
906
914
930
932.324
953
953.052
961
984
969
961
969
953
992
969
984
980.361
945
953.138
930
914
906
891
914
917.943
922
922
925.541
922
875
860
859
875
875
881.016
885.813
891
875
875
859
836
836
844
847.528
914
930.325
953
945
935.042
969
984
969
1000
992
983.241
1016
984
1000
1008
1047
1047
1038.87
1035.68
1037.29
1037.29
922
922
925.333
925.596
945
930
961
953
961
961.752
953
957.338
956.765
953
969
961
953
977
984
980.64
1000
1008
1031
1025.34
985
990.821
992.307
989.503
969
973.304
930
953
930
976
977
975.889
992
984
977
979.242
978.442
1015
1008
1008
1003.65
1001.12
977
961
963.16
938
984
981.053
961
968.191
984
977
992
988.883
986.551
976
938
984
977.015
938
955.125
922
929
930
927.905
930.886
914
922
906
891
891
898
894.997
891
914
914
953
969
969
969.868
977
984
981.22
1000
996.175
953
961
969
976
985
978.91
1000
1000
992
1000
969
969
992
961
992
984.7
961
966.147
965.722
969
961
961
945
930
914
914
922
922
926.286
953
958.936
938
953
976
961
1000
998.538
992
969
969
984
961
961
966.552
985
992
969
961
968
961
977
992
985.296
953
953
922
906
883
891
906
937
930
953
969
961
992
999.608
989.684
992
989.436
992
984.802
961
938
945
969
953
953.755
945
953
953.007
950.948
961
953
945
946
945
945
930
961
953
945
946
937
899
915.814
929
930
945
938
984
969
966.466
976
972.268
1000
984
1000
992
1008
1000
1016
1031
1008
1023
1000
1005.52
992
993.344
990.184
1008
1023
1008
1078
1055
1062
1000
977
976
961
964.515
938
945
984
977
1000
1039
1008
1000
1005.66
977
976
977
969
970.491
992
1000
998.02
977
981.248
992
1000
1008
1000
1000
997.203
990.945
985.51
981.44
945
949.608
950.008
898
883
883
906
914
923.929
934.714
883
852
890
922
931.281
969
1008
1003.95
1031
1055
1055
1078
1101
1094
1086
1086
1094
1078
1101
1086
1055
1070
1024
1024.27
1031
1055
1052.53
1047
1031
1031
1008
1008.79
985
992
1000
992
953
969
1016
1039
1040.53
1041.46
930
937
922
930
929
930
922
953
961
953
961
945
950.525
945
953
938
940.526
942.616
938
937
906
907
929
931.289
899
906
914
914
914
922
922
945
939.179
976
969
961
961
961
961
984
969
976
946
950.715
875
860
862.255
863.64
868.133
883
906
883
891
906
906
930
931.501
914
906
907.119
883
885.651
875
877.105
906
914
914
922
906
914
875
883
852
854.522
855.089
891
906
914
914.45
984
992
985
984
974.99
984
977
966.868
960.293
969
961
945
953
969
961
984
979.419
975.363
922
914
915.074
891
914
914
945
947.537
968
968.59
1000
977
961
965.749
968
964.228
946
992
969
984
961
953
953
930
934.847
938
961
956.832
930
914
906
844
859
844
846.525
851
844
875
875
883.913
891
898
844
852
859
844
836
836
820
824.739
867
891
883
898
875
875.063
930
919.141
883
852
836
804
805.315
797
781
774
766
758
758.695
852
851
844
836
828
813
820
820
805
820
797
797
805
804
813
828
844
867
867
883
875
883
883
898
891
884.259
875
844
841.307
828
836
828
844
843.363
867
883
914
914
922
891
906
906
906
938
953
1000
961
969
961
945
940.502
922
922
906
914
891
895.9
938
945
942.327
961
953
961
953
930
930.001
930
914
930
922
945
930
945
945
943.713
883
906
899
898
922
920.793
945
953
961
984
977
972.346
984
975.868
971.17
969.231
963.678
969
992
983.907
859
852
880.94
898
907
898
906
911.62
891
898
891
891.97
953
938
937
914
922
922
945
930
922
937
938
933.912
953
930
929.177
946
961
952.758
984
977
1000
992
969
969
968.072
938
953
961
953
961
992
977
984
961
961
960.574
945
984
1000
1016
1016
1062
1049.69
1070
1039
1016
1000
992
1023
1008
946
976
961
938
945
953
945
938
942.763
984
992
985
1015
969
969
972.592
961
992
992
1008
1005
1023
1008
984
1008
1003.36
1008
1039
1039
1008
1023
1019.32
1031
1039
1039
1024
1047
1070
1056.49
1031
1016
1015
1015.09
1000
992
993.643
1039
1034.58
1015
977
1008
1011.78
1000
992
977
984
1000
1001.61
969
969
984
1000
1008
1008
984
945
956.677
966.331
961
961.049
1000
1023
1000
992
998.005
1005.45
1000.8
961
963.462
1000
1000
961
969
937
914
918.239
891
883
884.694
852
844
867
836
844.316
851
836
844
844
846.025
867
906
891
898
905.607
938
961
976
969
969
961
957.208
961
957.136
954.595
969
961
961
992
969
953
945
930
930
984
961
992
985.192
969
970.477
977
1000
1008
998.941
1000
992
985.637
961
963.003
953
953
945
947.32
945
938
945
961
965.067
906
898
914
907
945
949.344
1000
1000
1000
1031
1047
1063
1031
1070
1055
1047
1070
1063
1039
1042.31
1016
1031
992
999.535
976
977
992
992
977
984
984.382
1000
1000
1000.27
1000
1008
1000
969
978.846
1015
1008
1039
1008
1010.77
1000
992
994.268
945
922
883
884.775
886.347
851
852
836
836
836
851
844
852
875
859
867
875
899
914
920.612
922
922
938
976
976.992
1031
1027.33
1018.66
969
964.428
922
919.381
1039
914
914.563
918.884
875
945
891
875
851
821
820
805
804
797
797.756
781
758
781
750
757.229
773
758
781
766
789
805
836
859
875
906
899
929
930
925.559
922
920.861
898
897.967
844
836
836
805
820
805
820
815.93
836
831.629
828
828
813
828
820
805
820
813.871
797
806.071
805.073
804
797
804.139
789
789
805
812
789
789
797
789
797
797
789
789
797
797
820
805
828
820
828
813
828
828
797
797
798.637
782
789
789
781
784.709
781
766
772.479
774
772.48
789
789
781
789
805
799.274
828
828
852
859
875
906
899
898
891
887.848
875
875
872.895
852
853.495
853.478
844
845.125
867
860
898
922
914.308
930
924.039
916.892
969
1109
1047
1016
992
945
914
909.247
875
875
883
906
891
914
898
922
930
961
953
922
945
891
898
906
899
900.374
875
875
875
875
867
844
859
836
840.382
841.943
781
781
750
758
742
719
742
719
734
719
742
727
804
813
820
836
839.289
836
859
836
836
837.454
813
820
797
812
813
828
828
836
820
805
809.433
766
774.875
771.218
750
735
742
742
750
750
750
766
781
789
789
805
809.464
797
789
797
794.375
781
758
758
742
744.127
719
719
734
719
742
750.823
750
765
766
758
759.866
758
766
781
777.327
781
774
773
766
763.918
735
741.771
750
758
759.447
781
780.039
797
790.748
680
729.582
729.523
725.932
695
695
688
690.208
703
705.55
711
711
703
727
711
711
726
727
734
750
750
749.714
750
735
734
742
719
734
711
711
719
711
719
750
750
781
781
797
789.186
783.754
779.022
820
797
789
787.242
766
773
750
750
747.063
727
742
711
742
719
703
711
711
703
703
711
711
711
713.187
714.576
703
726
719
720.677
711
711
713.991
719
711
719
717.88
718.344
703
688
703
695
688
703
703
711
706.128
719
711
711.967
719
719
726
720.824
734
719
711
714.918
714.875
719
719
734
719
750
734
735
742
739.083
734
719
742
750
758
781
797
820
828
805
805
802.884
805
875
875
857.472
842.251
836.352
838.068
837.36
831.813
953
912.583
887.396
877.659
922
937
930
911.988
969
953
922
922
924.568
883
867
867
868.277
860
858.792
867
875
844
851.598
844
859
836
841.172
867
870.584
859
836
859
852
850.048
859
883
906
930
920.575
915.019
911.92
930
937
906
899
905.235
875
874.587
859
859.108
836
839.619
828
820
828
813
812
828
844
883
892.314
896.109
867
844
836
828
829.386
813
820
828
836
852
867
922
945
930
937
930
945
961
930
914
914
883
875
875
867
852
875
881.828
875
875
836
844
843.004
867
883
953
969
1101
1094
1133
1062
1024
1016.33
1010.15
1001.8
994.485
852
836
828
834.354
797
797
802.572
774
804
797
813
851
891
914
914
906
860
861.582
863.57
797
789
758
773
758
789
781
791.165
805
805
836
851
844
875
870.672
844
851
847.088
844
820
805
805
804
797
789
789
782
812
789
805
828
828
828
805
809.027
836
820
805
809.156
805
789
797
799.852
801.133
805
812
813
828
836
829.294
859
844
875
875
883
875
867
844
859
836
836
844
867
867
863.238
875
867
867
875
844
867
860.447
906
889.816
922
911.583
922
915.697
912.215
908.786
905.14
890
875
860
836
820
821
851
844
836
859
852
898
875
860
865.523
914
903.915
899
896.551
875
836
841.639
843.656
797
807.247
812
797
797
836
836
851
852
867
865.95
862.251
858.914
891
914
901.926
906
914
906
922
883
914
945
914
961
961
950.137
922
938
936.08
906
867
836
836
828
805
859
860
875
884.242
914
930
961
929
899
937
935.455
914
953
930
924.192
925.231
961
969
961
945
930
945
914
953
930
953
953
922
961
954.774
891
906
910.096
922
938
937
938
1039
1117
1031
1000
1000
1008
997.526
961
938
922
945
922
922
906
945
961
1016
1062
1031.99
1039
1016
1005.68
945
930
928.759
929.414
914
937
949.016
961
992
1000
1008
1001.78
1039
1023
1016
1055
1042.23
1054
1024
1031
992
969
945
969
1008
1039
1070
1064.78
1039
1039
1032.64
1022.7
985
1054
1016
1039
1034.71
1039
1031
1047
1031
992
946
1015
1015.33
1008
1039
1039
1031.25
1030.53
1016
1000
984
986.67
969
961
953
984
969
1047
1036.14
1034.32
1031
1016
1000
984
930
914
930
950.771
945
945
969
1008
1008
984
986.842
990.406
922
891
898
922
906
912.674
922
930
945
953
992
1016
1031
1008
1039
1037.99
961
953
906
891
922
933.916
961
1000
984
953
938
935.522
906
914
914.923
914
922
923.876
922
922
914
945
945.36
961
961.308
969
961
953
930
922
906
891
859
891
898.495
891
945
955.154
992
987.189
953
937
928.589
930
937
883
891
891.877
892.642
896.876
914
883
892.326
883
890
914
961
977
1000
1000
992
992
961
930
914
953
992
1000
1039
1047
1047
1070
1055
1055
1047
1039
1031.65
1015
1016
1000
1008
1023
1008
1039
1000
977
945
969
1015
1047
1047
1031
1016
1007.44
999.422
984
969
961
958.474
938
940.378
922
906
914
914.142
891
896.277
896.844
883
914
914.816
985
984
969
1000
1000.62
994.94
1070
1055
1062
1024
1109
1008
984
1016
1010.48
906
891
914
906
883
922
914
992
1008
1000
1008
1008.1
1001.47
995.659
1016
1016
976
953
946
947.193
992
1008
969
953
969
945
961
959.321
961
953
992
1000
1008
999.689
992
1000
961
964.962
968
970.512
1023
1016.12
1039
1016
1031
1039
1016
1023
977
976
961
930
935.255
976
984.223
987.898
961
967.171
914
930
953
961
969
984
984.33
1039
1047
1047
1062
1053.28
1047
1039.65
1039
1070
1047
1078
1047
1078
1031
1063
1031
1047
1047
1031
992
1002.65
953
962.104
953
953.785
954.614
930
922
898
891
883
906
901.546
930
937
946
984
961
992
961
967.651
969.425
992
987.629
969
1008
984
985.82
930
961
953
969
953
1000
1000
992
961
945
961
930
922
925.983
927.834
914
914
906
930
930
1015
1016
1016
1062
1056.82
1045.75
1094
1070
1094
1031
984
1008
977
1023
1000
1000
1016
1031
1031
1025.77
1024
1054
1048.17
1008
1039
992
1039
1047
1039.03
1034.55
1034.3
1036.82
1015
953
946
1000
984
1000
992
1016
1023
1055
1044.82
1039.03
992
999.628
1031
1000
1004.01
1007.66
977
1008
1000
1015
1006.82
1006.29
1031
1016
1023
1016
992
969
945
922
906
922
844
883.398
844
820
805
758
773
750
758.329
750
750
754.666
758
760.361
789
790.482
805
809.269
844
859
868.368
875
875
891
906
905.939
821
820
828
828
813
836
859
852
828
813
812
805
836
828
836
844
859
867
852
875
859
844
836
836
835.177
828
813
820
797
812
797
774
781
758
765
763.889
742
735
737.459
742
711
727
750
734
750
758
773
758
781
766
758
765
762.002
742
750
750
758
750
766
765
735
765
758
749.74
781
820
828
809.535
883
898
873.422
883
878.437
883
852
867
867
836
836
828
823.546
836
836
836
859
853.307
836
859
836
835.749
834.911
828
836
832.859
833.296
844
840.651
836
836
828
805
804
782
773
797
828
820
852
906
914
883
906
891
880.109
898
860
890
883
873.611
876.13
922
906
899
867
867
836
805
789
789
789
789
789
792.133
782
773
781
780.387
773
774
789
792.854
828
840.832
844
851
852
836
859
844
836
836
820
836
836
844
859
836
838.487
820
821
828
851
836
821
822.072
805
828
797
828
805
812
805
828
797
797
801.257
836
844
890
907
906
914
883
878.505
867
875
860
867
867
844
844
828
820
820
805
797
798.966
797
797.911
805
820
821
859
852
867
867
865.561
851
813
828
825.188
805
820
797
797
820
813
836
836.297
836.085
742
750
767.514
767.795
742
742
750
727
742
742
781
789
781
787.338
773
758
742
750
751.134
734
742
719
711
711
703
705.813
719
727
734
734
737.595
820
807.429
875
875
855.076
805
797
789
781
781
766
765.48
750
781
766
773
750
758
758
758
758
804
797
797
793.633
781
778.999
776.252
735
734
727
726
711
711
688
695
703
706.021
703
708.711
719
722.785
727
742
742
766
734
766
761.75
758.275
727
742
742
737.962
750
750
746.3
719
734
703
696
695
694.564
734
727
729.229
765
766
758.501
760.1
750
789
780.233
781
776.974
789
789
766
781
758
773
758
766
773
789
766
768.802
789
797
790.285
785.629
783.542
828
797
836
797
828
789
805
789
781
758
781
766
820
836
875
914
902.997
906
883
883
875
898
805
789
790.836
790.559
781
789
797
797
797
781
774
777.021
758
781
750
781
774
789
797
796.958
820
828
813
818.515
805
807.798
782
786.441
804
797
797
797
789
766
773
750
742
743.424
742
719
703
705.587
703
711
711
715.66
805
804
802.333
803.361
758
742
727
742
742
742
744.939
734
727
742
727
734
750
742
739.503
735
765
766
844
828
812
914
852
839.748
836.139
859
813
804
789
766
758
750
750
742
745.49
711
734
727
730.342
750
748.111
750
750
735
742
742
727
726
711
711
711
712.301
711
711
713.159
734
727
719
734
750
781
775.659
797
828
822.002
727
734
734.985
736.381
727
742
742
727
750
750
765
757.802
750
751.961
750.687
750
727
711
703
703
704.507
680
686.106
695
672
680
695
680
686.121
735
773
758
797
812
797.112
805
750
753.524
750
750
747.195
742
727
742
734
734.396
735.112
750
750
748.376
742
743.481
742
719
724.015
727
734
742
633
656
633
664
664
672
676.892
682.739
742
750
750
758
742
742
727
734
742
735
734
750
719
742
734
719
719
734
728.82
719
711
726
720.872
711
727
734
750
734
735.29
742
734
729.992
736.146
726
719
742
711
711
711
719
789
781
761.728
789
781
766
758
750
742
737.336
719
719
742
742.333
711
750
750
745.868
727
750
750
743.317
739.709
742.648
742
758
758
773
750
750
727
733.191
742
742
750
735
737.747
750
750
758
750
765
758
758
754.78
750
758
755.074
750
749.855
734
711
719
742
813
804
813
828
820
805
820
812.601
797
797
781
774.619
750
750
781
750
766
781
797
791.428
789
766
781
781
789
805
797
828
820.249
828
823.013
781
790.053
781
781
780.801
774
781
766
765
750
753.424
751.635
751.754
750
758
750
750
752.464
750
750
773
758
763.306
774
804
805
803.14
898
719
703
762.646
734
711
719
758
773
781
766
789
789
781
774
773
766
781
758
789
758
761.42
758
758.396
742
735
738.559
719
703
703
680
695
672
672
672
664
666.794
664
666.682
664
680
711
726
734.674
766
773.4
781
758
766
765
760.507
734
750
750
746.242
766
773
758
789
750
781
750
751.592
750
746.014
742
742
734
766
781
774
812
797
820
805
797
789
781
758
761.891
750
750
750
727
742
742
750
750
742
742
735
736.577
735.891
742
727
742
742
750
750
766
766.095
758
781
789
781
766
773
750
735
742
719
734
733.144
750
781
779.784
766
789
766
804
797
789
828
805
800.817
805
795.774
792.038
789
785.311
782.215
750
742
743.608
750
750
773
781
758
766
766.301
797
820
797
797
789
789
805
797
820
816.531
812
797
797
797
797
793.578
805
802.246
797
781
789
805
836
859
891
898
883
870.952
852
836
859
862.543
828
826.596
797
797
812
797
801.626
803.665
804.771
806.216
750
768.597
750
719
758
756.574
750
742
742
727
731.558
719
726
750
766
805
867
937
938
976
970.39
922
914
891
875
868.515
875
844
859
836
833.905
836
813
814.809
820
820.991
822.216
823.673
789
805.832
820
828
836
742
735
742
750
750
757.312
750
742
750
753.137
727
742
750
727
773
775.846
789
781
783.996
812
821
859
844
851
821
815.783
797
781
780.765
758
765
735
742
711
719
695
734
724.852
729.739
773
758
797
781
766
781
776.425
812
801.555
821
812
814.234
814.154
789
796.096
758
767.926
758
789
758
773
769.485
770.895
758
764.388
758
773
758
750
754.045
742
735
765
754.511
766
789
820
836
820
836
828
836
813
836
828
820
797
789
787.106
789
789
789.865
797
797.026
797.477
813
820
828
852
820
805
805.03
774
773
773.58
750
734
735
742
734
735
734
711
719
820
828
813
828
828
828
828
805
812
809.135
844
836
829.62
828.123
812
789
789
782
781
781
766
766.035
781
789
789
787.65
787.465
766
750
742
742
742
735
742
742
750
734
740.549
750
755.009
758
758
781
789
797
797
812
805
797
793.027
781
775.371
781
778.725
766
781
758
758
757.646
742
742
727
734
727
742
742
750
751.902
734
719
723.298
721.559
719
742
742
746.878
750.598
753.119
727
750
745.211
743.772
781
766
781
758
758
758
742
750
742
742
742
727
750
781
774
781
776.603
781
758
766
765
758
750
766
765
758
758
750
750
758
773
769.143
766
765.302
789
784.582
789
805
789
785.531
820
805
828
805
804.657
797
789
797
789
789
797
844
859
875
906
883
875.704
875
890
836
839.664
839.248
820
805
806.053
766
789
797
828
836
828
830.182
836
836
836
844
859
836
852
867
860.095
875
844
836
843
839.592
820
820
805
828
805
828
828
852
859
875
766
802.401
781
781
766
750
756.571
719
728.612
742
727
742
773
774.809
789
797
797
800.644
797
799.504
805
804
782
787.731
787.444
805
820
828
824.228
789
793.51
766
789
783.877
774
727
750
734
734.825
766
781
789
797
844
797
805
828
820
836
836
836
828
813
812
750
750
750
727
734
711
742
735
742
742
734
735
735.739
750
750
750
753.346
766
766
781
781
781
766
766
767.619
766.076
766
758
765
763.594
781
775.516
820
797
797
789
781
789
785.176
797
789
787.125
786.803
766
773
774
781
766
773
766
773
758
758
750
750
758
765
764.246
758
761.302
774
773.812
774.861
789
789
786.841
797
789
785.962
784.54
789
789
789
786.034
789
781
782
781.073
789
797
797
789
789
789
766
781
779.02
778.98
820
836
852
859
851.969
859
813
843
836
813
818.015
820
805
797
789
812
797
805
805.001
804.156
789
797
789
789.679
797
828
821
828
820
821.314
821.505
789
781
774
773
781
785.231
797
789
789
781
774
775.203
758
758
750
751.18
750
766
773
758
750
734
727
734
719
711
713.585
680
692.771
672
672
672.543
672.664
680
672
695
703
688
711
703
707.466
531
867
696
711
680
695
711
703
702.964
734
750
750
727
734
711
719
711
703
703
703
703
704.526
695
699
718
713.741
750
758
773
774
804
801.992
781
775.284
771.567
764.806
759.816
755.635
750
748.71
781
789
805
828
820
813
828
805
820
815.38
781
781
766
773
766
766.798
781
782
804
789
813
812
789
782
789
812
797
797
798.146
836
826.515
819.224
836
852
836
859
961
836
859
805
811.619
828
823.882
812
758
758
750
753.414
719
711
711
703
703
703.881
703
703
703
703
711
711
713.169
734
736.768
740.101
765
771.079
742
758
750
758
766
773
770.709
758
781
750
758
750
750
750
750
750
749.645
749.79
742
735
734
742
719
719
726
696
695
703
680
695
695
696
726
719
758
758
781
789
789
781
774
781
777.185
774.907
766
767.815
758
750
750
750
742
743.873
744.23
758
750
797
758
781
766
750
742
734
719
721.191
726
719
719
721.997
727
727.622
773
781
778.012
820
813
836
820
828
828
805
797
793.751
781
750
753.479
750.614
751.911
750
750
752.782
781
789
805
828
836
828
820
852
820
828
805
805.176
802.416
820
805
807.308
789
781
782.298
750
773
769.193
758
773
797
820
852
859
875
860
859
875
844
828
820
797
797
781
789
797
797
789
797
828
797
820
816.853
836
844
859
891
882.629
867
875
813
820.509
818.073
797
781
786.368
766
836
837.474
844
841.589
839.17
835.724
830.653
851
844
820
813
820
805
797
797
804
804.136
836
844
836
859
852
843
839.683
781
795.633
852
867
867
860
859
859
844
836
828
805
801.975
805
789
797
789
789.409
789.651
789
797
789
781
774
781
781
789
791.664
794.445
789
789
789
789
790.628
758
782.999
765
758
761.571
781
766
773
774.347
758
764.989
750
754.249
742
745.506
735
742
773
766
767.095
797
828
812
844
836
828
844
828
836
836
828
805
781
781.49
778.943
780.998
750
719
734
719
723.76
711
711
711
711.663
711
703
703
704.026
703
688
695
711
703
703
707.294
703
703
695
700.362
701.679
672
680
695
672
687
672
680
679.25
695
690.281
695
694.745
703
695
703
688
695
688
689.91
672
682.465
664
672
670.772
672
672.454
664
672
668.9
687
680
703
703
711
709.405
688
695
680
703
703
695
697.789
703
680
695
695
680
703
703
688
703
695
688
695
680
683.587
685.096
695
687.508
703
697.691
742
750
736.089
734.173
735
734
728.28
725.727
734
734
727
703
708.534
711
695
699.165
688
695
672
678.833
687
686.149
672
687
680
680
681.286
680
695
695
696
703
711
726
722.277
703
711
711
695
696
703
695
703
703
701.56
700.462
695
711
711
708.243
719
726
720.612
711
711
711
711
718
696
695
696.811
680
695
680
726
711
719
742
742
727
734
735
734
727
727.726
765
758
766
773
758
750
750
742
740.408
742
742
750
742
727
750
742
758
750
750
758
742
758
765
758
750
750
750
719
734
719
727
725.589
750
766
789
812
797
820
814.807
805
820
797
789
820
797
797
820
809.895
820
797
802.028
798.955
795.597
793.305
765
773.307
769.558
758
773
789
788.492
797
805
801.29
797
800.978
828
836
859
852
844.595
883
880.53
883
871.641
852
854.239
820
789
789
774
797
812
813
828
836
837.94
844
867
867
875
860
875
867
844
842.247
839.399
836
813
804
789
797
799.146
797
828
805
828
826.684
820
797
805
804.178
805
805.541
806.74
807.72
844
859
852
867
844
859
836
836
834.187
828
805
809.574
807.634
805
828
789
789
789
789
782
784.347
784.445
781
789
789
797
797.63
812
797
797
797
797
789
789
789
789
781
797
805
789
766
772.269
766
781
784.308
785.654
789
789
797
796.171
794.947
789
789
789
781
774
775.871
776.912
789
782
781
789
791.812
774
781
789
789
781
766
772.226
781
766
781
781
766
742
727
734
719
734
739.931
766
805
851
837.096
829.672
823.735
836
828
828
797
812
805
820
821
766
758
773
766
789
805
804.872
820
797
812
766
770.594
797
812
805
797
797
802.392
789
758
781
758
761.655
758
758
759.862
761.559
763.315
763.791
750
750
751.494
735
765
766
789
789
789
789
789
789
766
781
758
773
766
750
750
758
750
754.121
750
750
750
750
750.419
758
756.445
750
753.489
766
781
758
762.692
758
758
758
765
758
760.433
766
764.359
763.123
750
758
750
750
750
742
746.502
750
749.694
750
773
766
789
781
766
781
774
773
766
773
758
758
759.251
756.822
750
742
742
727
742
742
750
758
758
765
758
758
750
751.78
734
738.829
742
741.7
765
758
760.677
781
789
758
773
766
781
774.345
774
781
781
766
750
742
742
742.88
727
734
735.559
726
719
742
735
742
742
734
737.873
734
719
722.988
719
711
726
719
750
742
744.251
750
750
750
748.547
750
727
742
737.755
734
711
742
719
719
734
719
726
719
711
727
726
719
719
726
719
719
734
711
718.453
734
711
718.016
727
750
738.242
774
781
789
797
789
797
793.097
828
813
828
820
828
813
836
867
898
883
875
875
844
828
820
789
789
782
781
789
773
778.154
812
813
789
828
829.186
797
805
804
774
828
867
797
805
789
786.625
766
773
775.979
750
742
749.684
742
741.182
711
711
711
711
713.108
726
742
750
750
755.96
761.623
750
752.727
773
773.209
750
754.691
750
750
750
750
766
773
781
774.636
789
797
797
790.581
805
812
797
794.4
793.292
797
781
781
782.5
781
766
768.471
770.294
769.435
836
828
828
821.871
867
844
834.954
834.247
883
898
899
929
907
906
906
903.825
890
891
867
867
852
851.014
836
828
797
774
776.938
781
805
820
828
836
843.371
836
844
859
844
859
867
860
867
867
865.043
797
781
758
750
750
742
750
758
766.411
828
836
837.958
914
914
914
875
875
852
851
813
859
875
883
930
925.184
969
992
930
914
916.534
906
914
899
897.504
906
930
953
961
984
1000
990.673
969
969
953
953
953
947.293
914
922
922
1000
961
955.49
984
984
973.125
1000
977
969.196
969
945
953
949.864
953
950.187
952.099
968
977
973.285
961
961
962.865
945
945
930
922
923.041
984
977.907
992
969
953
922
914
914
922
937
961
961
938
933.608
945
954.029
929
928.988
930
922
929
914
930
922
924.169
924.325
924.593
914
867
867
860
875
898
922
914
918.252
914
911.23
914
875
875
852
875
876.983
898
883
883
884.955
883
875
876.953
914
914
910.577
906
906
883
881.669
875
891
890.358
914
953
953
938
984
961
953
946.91
984
953
938
937
922
906
891
906
875
881.751
860
862.71
883
875
890
891
894.756
891
906
904.477
906.286
899
898
914
938
914
922
937
914
930
953
938
953
947.238
891
906
905.069
906
891
906
930
929
922
925.24
914
906
891
891
890
891
906
914
909.769
913.589
945
930
930
953
937
930
934.386
930
914
883
867
867
875
899
945
945
930
953
954.615
941.265
934.89
945
922
953
930
976
969
953
954.035
976
946
961
945
953
945
899
906
914
891
898.335
953
946
984
969
976
972.863
922
914
906
902.309
906
930
898
914
906
883
883
885.108
883
883
875
890
899
914
898
883
875
876.519
836
847.216
846.627
828
835.871
859
844
836
836
844
859
859
875
875
875.589
875.474
930
921.854
930
937
930
923.716
945
939.222
914
914
915.535
852
859
852
859
860.265
859
860
867
859
852
844
859
883
884.286
884.767
922
883
890
891
875
883
906
867
883
875
906
899
914
914
909.746
930
923.395
867
852
828
797
789
781
781
758
764.178
758
760.306
750
742
750
750
750.435
742
727
730.941
750
750
750
750
758
773
774
781
789
789
781
780.975
781
766
773
750
750
750
750
750
742
727
742
734
735
742
740.808
758
765
774
781
797
789
788.265
781
773
766
773
766
767.89
768.19
767.664
742
742
719
719
711
726
703
711
711
703
711
708.61
710.228
703
680
689.367
672
656
641
648
641
633
648
644.538
680
711
742
758
781
797
792.954
797
789
782.755
781
776.093
758
758
742
750
750
748.912
750
758
750
750.396
750
750
750
758
773
768.878
766.023
774
771.794
789
797
797
766
812
805
820
844
831.932
906
914
938
914
945
946.698
953
945
940.804
899
901.411
898
883
891
890
875
860
864.544
864.76
859
852
843
860
875
875
867
828
839.364
805
797
796.952
804
789
797
805
810.733
818.061
825.03
836
859
865.558
844
859
844
844
867
867
858.981
898
883
875
883
890
883
859
865.03
828
805
820
805
789
789
758
805
843
849.433
852.322
857.277
857.518
875
873.877
871.222
870.055
843
813
828
820
813
828
820
805
809.57
805
789
789
781
766
768.795
750
750
758
750
765
758
742
750
750.318
766
805
836
828
859
828
836
832.557
828
828
820
828
805
820
805
805
812
797
797
789
790.249
789
805
801.313
820
805
820
797
789
774
776.817
789
797
789
812
805
807.449
820
805
828
828
824.081
805
797
797
797
789
812
797
805
828
828
828
813
820
820
813
828
823.553
813
820
828
828
820
805
828
836
828
836
836
875
867
867
859.161
859
836
828
797
781
766
766.96
766
769.516
781
766
772.244
781
797
789
797
802.128
805.789
844
851
844
875
844
859
844
836
844
828
828
836
836
820
852
828
828
836
820
813
820
805
820
797
803.262
804.589
774
789
797
789
794.013
781
797
781
797
789
792.747
793.23
789
789
790.911
774
783.247
789
789
789
766
778.99
789
783.015
773
758
750
755.321
773
758
750
755.681
758.652
766
773
789
781
780.107
781
758
758
742
750
727
734
735.535
734
727
742
742
758
789
773
797
795.02
789
766
765
750
735
734
750
742
742
750
735
750
750
742
750
742
742
735
765
750
758
755.132
758
750
758
765
761.927
766
781
789
781
779.97
781
781
781
766
789
781
766
781
758
781
766
767.807
758
761.789
766
763.739
750
750
750
742
750
766
789
783.108
828
828
812
821
812
805
820
789
805
797
812
821
851
852
906
883
898
883
852
852.102
848.383
843.69
839.505
859
906
899
875
898
891
906
922
914
907.574
903.865
852
859
852
836
836
843
844.314
844
836
844
820
844
841.428
828
836
813
820
797
802.144
797
804
813
820
828
833.59
839.001
813
828
820
813
820
828
825.891
826.962
828
828
844
851
844
859
852
849.196
859
836
836
835.083
831.632
828
812
805
820
805
811.123
813
812
821
812
813
774
804
805
820
844
844
875
898
891
914
945
946
953
976
969
953
969
961
957.17
961
922
922
923.801
914
922
953
961
961
957.767
976
938
976
930
969
992
969
984
1000
992
969
975.567
914
930.93
883
875
922
922
928.224
1008
1000
1000
1031
1015.71
1006.48
961
922
875
867
875
906
930
969
984
1000
996.264
988.004
1000
992.712
1008
992
992
1000
1008
1000
1008
1015
1008.82
1008
1005.41
1000.9
1047
1038.38
1039
1032.62
969
1023
1000
1000
1016
992
992
953
946
949.872
951.808
961
961
953
961
963.012
977
984
1000
977
984
992
969
961
953
930
953
992
992.294
984
961
962.721
875
836
844
859
883
895.149
922
961
969
984
1008
1000
976
977
984
946
984
991.128
977.229
970.465
1008
992
992
977
984
985
984
992
1000
969
969
968.041
945
938
953
961
984
983.734
984.796
984.56
938
929
899
898
899
914
924.101
969
961
992
1000
992.397
987.337
1000
1000
961
961
960.437
953
984
961
961
963.427
953
961
961
938
976
961
938
944.806
953
938
953
945
930
953
949.889
938
945.02
961
954.686
951.883
957.67
930
953
945
930
953
949.882
930
945
930
953
992
977.289
969.943
977
972.657
937
930
914
945
949.482
969
961
992
987.119
979.237
969
953
961
953
961
930
914
883
875
906
953
968.276
961
992
977
976
969
984
981.581
973.288
946
961
984
984
969
961
977
981.345
977
984
969
953
953
946
943.568
984
985
1000
992
984
961
962.658
961
945
922
924.472
922
953
930
953
969
961
962.71
937
938
922
929
922
924.387
930
984
1000
992
1024
1023
1016
1006.71
992
977
984
961
992
969
984
1016
992
993.565
1039
1031
1008
1039
1034.36
1000
984
977
992
977
984
969
992
953
1000
977
984
1000
993.742
984
1000
946
968.056
930
937
938.554
984
945
946
945
891
898
914
910.952
914
945
899
898
922
915.472
922
953
976
969
992
977
992
985.817
978.361
977
992
969
976
977
961
963.583
992
982.671
976.713
969
969
976
946
976
969
961
953
969
976
969.407
961
953
938
953
953
938
968
946
984
1008
992
1000
992
969
969
992
985.018
980.03
1000
1000
1000
1000
1000
997
992
992
1024
1000
1023
1016
1015
1008
1024
1015
1008
1009.41
1024
1016.72
1013.54
969
953
955.649
976
1008
961
992
992
969
992
985
992
984
1008
984
969
977
953
961
992
945
938
943.045
922
928.434
890
875
875
875
877.922
883
898
914
899
906
914
914
914
899
906
883
906
875
898
894.863
895.989
906
914
883
893.27
937
930
945
946
940.7
961
954.892
961
938
942.035
968
961
969
1000
992.088
992
992
989.179
969
969
965.727
969
992
985.142
969
971.099
1000
969
1000
992
989.223
1008
1008
992
1008
1000
992
992.663
976
977
969
976
961
969
953
961
961
969
953
976
977
961
961
961
961.119
961.038
961
961.564
976
977
953
961
945
938
953
945
947.568
945
961
961
969
945
951.19
914
883
906
906
938
945
992
953
969
1000
969
961
992
961
961
965.738
958.134
938
961
953
953
930
945
922
969
961.175
976
969
969
976
930
898
902.95
904.453
929
930
922
928.624
953
930
934.178
938.465
936.359
945
945
930
969
953
953
969
961.795
956.602
1000
984
969
961
969
964.278
977
992
969
1000
984
981.505
1000
977
992
992
985.853
969
1000
984
1000
1000
984
946
945
930
945
947.513
969
977
979.316
980.731
961
969
968
964.801
966.101
984
1008
992
1000
1000
977
979.662
1008
961
992
1000
991.02
992
984
969
969
984
953
1008
977
984
984
977
969
984
961
961
965.512
969
963.963
971.282
971.428
969
971.415
992
1000
1000
1000
1016
1000
992
1000
996.289
993.253
1016
1023
1013.64
1023
1008
992
1008
961
961
963.035
961
945
952.264
891
922
914
937
969
969
992
1008
992
1000
1031
992
977
984
946
929
891
893.978
914
953
953
945
977
984
985
1000
994.701
1000
1000
992
977
1000
984
977
976.771
969
961
984
961
969
992
986.305
984
1000
995.072
969
973.057
977
984
977.803
984
969
992
986.125
984
983.531
985.139
981.814
1000
993.005
984
961
969
971.476
970.638
1000
1008
997.456
995.407
996.182
969
973.802
961
992
984
961
969
970.809
953
959.012
961.971
961
992
969
992
989.112
969
984
977
961
953
992
977
972.902
977
992
992
982.997
1008
992
1008
1000.56
992
1000
995.45
989.292
1015
1000
985
992
992
992
1000
996.594
977
1008
1015
985
1023
1012.99
1000
1016
992
1000
1001.12
1000
992
1001.92
1000
992
997.757
953
969
976
972.238
922
883
898
891
906
930
945
969
1000
992
994.754
997.361
969
976
969
961
961
960.154
1000
1015
1016
1007.08
992
992
969
969
992
969
970.697
970.551
976
972.906
984
961
964.423
1008
977
1023
1000
1000
1008
992
992.95
984
961
953
955.036
992
977
1023
977
992
991.727
988.212
986.121
986.842
1039
1062
1047
1039
1055
1050.52
1062
1055
1055
1031
1055
1050.05
1015
1047
1008
1008
992
1000
977
1015
1008
1000
1004.08
1023
1008
1011.03
1023
1017.97
1016
1031
1023
1016
1000
992
996.064
1000
1008
1007.7
1010.72
992
1016
1023
1008
1031
1025.16
1000
1000
1000
997.239
998.673
1016
1054
1016
1000
1000
1000
1000
1039
1047
1062
1063
1039
1023
1016
1011.31
984
1008
1016
1023
1047
1039
1031
1028.03
1024
1015
1011.25
1031
969
1000
992
977
1023
992
998.054
1008
977
1000
992
984
985
987.591
1000
992
961
945
891
883
851
857.757
828
844
859
883
922
945
945
955.638
938
953
953
945
947.703
945
922
961
930
945
961
953
961
961
961
969
976
969
1008
992
1000
992
1000
977
976
977
976
977
984
981.322
981.3
982.102
980.936
984
977
961
961
953
953
953
953
969
1000
992
1000
1024
1031
1039
1039
1033.19
1016
1009.54
1016
1031
1032.39
1039
1039
1034.44
1047
1039
1070
1047
1043.69
1055
1054
1047
1055
1078
1031
1055
1078
1066.58
1059.6
1060.94
1061.92
1070
1016
1008
1023
992
969
1000
977
984
988.084
1015
1008
1016
1020.79
1000
1000
984
992
989.746
992
992
992
977
1000
992
992
1000
985
992
1023
985
992
1000
984
990.269
991.349
961
961
976
971.965
977
978.747
992
985
992
984
986.944
953
969
968
946
953
954.68
950.772
961
953
956.145
984
977.629
961
1000
961
984
985
961
976
969
961
965.434
976
961
965.323
968.883
961
992
969
1000
990.737
1000
993.912
991.205
1031
1039
1032
1023
1016
1000
1015
1024
1016.07
1031
1025.03
1031
1055
1078
1055
1078
1078
1055
1062
1055
1031
1047
1047
1039
1047
1046.36
1016
1039
1039
1031
1039
1047
1039
1055
1054
1016
1039
1039
1016
1078
1070
1039
1063
1070
1039
1053.58
1063
1047
1070
1078
1047
1109
1094
1086
1088.84
1075.11
1047
1065.25
1062.19
1047
1078
1078
1070
1071
1086
1066.83
1102
1109
1078
1117
1094
1078.83
1102
1101
1055
1076.5
1109
1078
1086
1086
1070
1075.1
1102
1101
1117
1102
1096.76
1098.26
1109
1096.93
1086
1125
1086
1117
1070
1039
1039
1024
1026.53
1029.4
937
899
875
851
883
867
852
875
906
883
892.448
922
914
914
914
917.977
898
860
870.798
891
922
953
930
945
961
955.956
930
927.742
914
914
922
922
937
930
961
976
963.545
922
906
922
938
945
961
969
992
992
979.813
969
1000
953
899
898
883
883
906
945
961
992
1008
1000
1008
1000
992
969
922
922
890
852
867
864.164
914
922
953
961
962.37
992
992
961
961
955.664
961
953
953
953
961
961
984
961
964.286
945
930
961
961
953
951.012
976
977
992
1000
993.275
992
992
969
969
945
930
937
938.66
953
957.967
984
969
970.988
945
930
945
948.353
949.577
953
961
969
961
984
969
966.295
977
972.679
976
961
922
883
883
890
896.165
938
957.135
984
984
985
1015
985
981.843
1023
1008
1008
1000
1000
1016
1023
1014.59
1031
1000
1001.94
999.092
976
977
974.313
971.985
1031
1008
1031
1047
1024
984
969
992
1008
984
989.952
1016
1000
1031
1047
1039
1047
1047
1034.25
1039
1031
1039
1016
1008
1023
1008
1016
1062
1050.7
1070
1047
1024
1039
1015
1016.55
1016
1012.93
1013.55
1008
992
1031
1039
1016
1039
1016
1023
1016
1015
1000
1016
1000
1016
1023
1008
1031
1008
961
1000
992
1000
992
1000
1008
992
969
979.848
977
984
992
992.032
992
992
977
914
898
899.024
836
828
828.205
836
867
883
875
930
929
922
922
922
923.213
922
906
891
922
937
922
922
922
937
930
914
914.44
867
873.718
851
813
820
820.923
797
789
791.671
758
750
742
742.257
734
719
726
719
711
711
719
719.161
726
719
719
726
728.379
719
711
726
711
719
711
717.838
719
734
766
781
777.743
828
828
899
843
891
828
797
789
758
758.389
742
750
711
719
719.327
711
716.3
696
703.71
704.442
711
710.794
711.908
713.519
711
713.134
703
711
703
696
703
703
707.742
711
703
703
706.453
696
695
703
672
695
672
672
664
672
664
664
664
664
664.658
703
711
703
719
717.62
711
719
718
703
706.756
696
711
695
703
703
672
684.135
680.943
695
711
706.025
742
758
820
813
859
875
852
859
859
851.563
844
840.959
840.291
875
883
898
899
922
922.373
937
922
953
952.263
953
949.089
922
921.844
875
875
844
867
864.396
914
917.85
920.816
945
984
961
969
945
946
945
922
953
946.009
953
922
945
922
953
961
930
938.009
953
953
977
1015
1016
1039
1055
1045.41
985
984
930
922
929
938
1000
1031
1025.75
1094
1070
1047
1042.27
1028.24
1000
961
945
922
921.216
930
969
953
958.717
968.03
970.726
969
961
898
908.102
828
820
789
774
781
766
773
776.178
789
828
836
851.151
828
828
805
797
797.441
774
777.119
766
773
774.636
804
836
836
841.344
843.909
851
845.079
820
797
789
820
836
852
937
927.827
961
969
953
936.865
914
891
881.779
867
875
844
851
813
812
810.669
774
789
789
812
821
875
875
898
906
875
844
828
797
820
831.808
820
828
875
886.019
875
875
867
860
849.6
859
852
867
891
890
907
937
906
883
875
852
851
821
828
828
830.693
883
883
867
883
875
898
893.764
890.552
875
883
945
891
937
969
922
914
918.513
867
852
867
859
860.207
867
871.771
875
867
875
875
875
875
883
880.72
860
867.387
890
883
883
898
875
875
852
857.475
883
875
871.474
938
976
969
953
944.207
930
922
914
906.665
890
875
852
875
880.826
930
906
984
1000
1000
969
922
906
897.793
898
883
891
890
883
922
945
930
914
914
912.423
945
943.274
935.772
945
914
906
891
914
883
906
906
909.202
875
884.897
907
904.096
899.974
969
945
922
883
891.327
875
875
877.83
891
875
906
899
906
883
906
922
913.327
930
914
883
875
867
868.951
844
851
844
836
838.359
838.403
836
851
813
828
844
840.999
891
922
906
908.121
914
898
875
836
835.398
859
859
852
844
828
828
828
805
820
821.865
825.226
883
906
914
899
906
875
859
851.345
845.144
828
828
813
814.153
859
852
906
904.745
898.494
953
953
922
891
867
867
836
834.697
820
819.995
820.406
822.359
875
852
867
844
859
844
844
828
859
852.97
852.77
890
883
882.253
867
860
875
867
866.893
867
844
851
848.592
875
875
906
930
930
929
930
891
891.43
886.713
875
875
844
844
859
836
828
836
883
888.102
906
922
930
923.368
915.257
908.322
914
906
875
852
867
867
883
906
912.412
945
943.275
930
922.204
930
922
913.24
961
961
945
922
914
898
891.001
888.059
875
867
868.843
883
922
937
937.489
933.635
927.855
919.061
891
891
888.769
890.807
867
883
886.076
906
914
891
937
906
903.57
891
890.342
875
867
867
867
891
891
898
914
914
883
875
867
844
846.007
828
828
805
808.576
797
797
797
789
797
797
789
812
813
859
875
883
885.997
883
859
859
844
840.55
836
828
813
820
797
820
815.714
836
844
875
867
866.544
859
852
845.755
840.378
851
844
836
844
867
875
872.905
868.125
867
844
836
836
820
828
836
852
883
890
852
883
898
891
898
890.654
883
875
868.261
844
828
828
836
836
852
890
891
883
881.924
875.462
852
867
836
836
828
828
828
829.288
831.27
813
836
867
859
852
859
859.914
867
844
875
875
859
852
898
922
961
1008
994.118
969
930
945
906
883
891
906
898
883
875
875
852
859
844
859
844
859
836
844
836
839.105
844
844
867
875
880.398
859
865.837
844
859
844
846.83
875
875
844
867
836
828
831.72
833.417
834.91
883
961
969
984
984
972.626
969
992
969
984
969
962.003
922
919.355
930
928.616
977
992
977
1000
984
961
945
899
906
898
891
894.505
891
883
890
890.078
875
883
852
890
891
898
902.607
906
891
898
867
852
855.164
891
886.569
914
945
930
927.4
922
914
906
883
906
891
875
875
859
875
860
875
875
890
889.587
891.614
906
891
893.284
890
887
914
905.314
922
916.428
937
922
924.505
924.438
867
844
836
867
875
884.774
887.523
890.351
891.017
891.637
890.334
945
914
930
937
929.08
925.77
922
914
930
937
930
914
918.043
918.259
891
875
875
876.206
867
870.033
867
844
859
899
898
961
984
1008
1039
1000
1024
992
961
984
983.903
946
953
961
937
899
953
976
1008
1039
1028.24
1094
1109
1133
1031
1016
1039
1125
1091.79
1060.99
945
930
961
1000
1012
1047
1047
1039
1055
1060.09
1000
1015
1016
1000
992
953
957.1
969
1008
1012.14
1003.46
1031
1047
1042.7
1031
1008
961
984
977
969
992
1031
1000
1000
992
985
1015
985
1015
1016
1011.86
1023
930
945
906
899
906
906
891
914
922
914
922.494
930
945
961
961
964.839
984
969
969
984
953
958.414
922
891
914
914
919.204
953
953
946
961
957.136
946
961
953
947.173
945
938
953
945
977
929
930
945
940.144
930
937
930
953
969
945
961
969
984
992
969
961
964.688
937
914
883
883
914
930.171
938.692
953
953
977
984
969
992
1000
992
1008
1016
1015
1001.28
1000
1000
992
953
953
961
953
953.412
961
969
1000
1000
1008
1000
976
969
953
961
961
962.532
953
961
961.184
961
953
953
945
938
939.6
938.287
976
992
990.543
1000
1008
1000
992
984.873
961
968
938
922
945
930
937
969
973.008
973.84
992
969
969.59
938
939.318
937.089
914
914
907
953
945
949.331
961
914
906
875
906
914
919.344
961
966.349
963.341
976
972.595
953
953
930
945
930
929.503
976
946
945.758
946.962
930
953
969
953
976
985
953
961
992
953
961
962.927
922
914
922
922
918.46
953
914
922.866
953
944.151
961
953
945
946
953
953
953
961
961
953
955.74
938
945
906
883
875
876.022
867
836
844
844.953
851
844
836
836
867
870.613
877.656
899
937
930
922
937
922
914
891
890
789
773
766
766.031
774
773
766
773
758
742
744.551
742
711
719.136
718.644
703
695
697.656
695
703
719
720.967
758
789
801.594
810.86
789
790.926
805
820
813.39
891
906
887.471
961
961
992
984
922
922
930
922
945
953
945
946
961
953
976
971.929
961
1000
994.325
1015
1007.37
992
1016
1000
1031
1016
1000
1031
1018.82
1031
1039
1008
1039
1008
1031
1039
1016
1023
1000
961
969
992
992
1000
1002.03
1002.73
977
961
965.602
967.004
992
997.904
930
930
976
1016
1010.96
1047
1078
1055
1062
1047
1055
1055
1070
1078
1066.88
1125
1078
1086
1086.16
1117
1117
1117
1112.31
1149
1117
1125
1125
1117
1094
1117
1094
1094.73
1125
1086
1117
1108.31
1105.03
1117
1102
1117
1156
1102
1086
1101
1055
1094
1086
1070
1086
1055
1070
1086
1078.24
1109
1102
1101.88
1149
1117
1125
1133
1125
1164
1172
1156
1156
1164
1156.36
1148
1149.56
1148
1125
1132.09
1141
1125
1133
1101
1039
1047
1039
1024
1054
1061.31
1067.09
1075.34
1032
1023
1031
1024
1023
1027.64
1008
1031
1016
1031
1039
1031
1038.05
1040.45
1031
1039
1016
1039
1034.32
1039
1016
1039
1070
1047
1047
1047
1062
1055
1078
1069.54
1063
1070
1047
1070
1062.3
1058.93
1058.79
1078
1078
1071
1101
1091.91
1125
1109
1133
1124.38
1125
1121.39
1118.19
1172
1156
1195
1164
1172
1180
1172
1195
1188
1179
1188
1184.96
1164
1203
1172
1195
1185.62
1180
1172
1172
1211
1195
1180
1203
1164
1195
1203
1157
1195
1172
1148
1164
1133
1133
1164
1157.13
1187
1180
1179.11
1195
1164
1125
1117
1119.66
1071
1109
1086
1109
1094
1101.25
1094
1086
1090.69
1070
1077
1039
1062
1047
1039
1047
1045.04
1047
1031
1024
1054
1046.14
1062
1039
1016
1008
1012.47
1008
1009.64
1010.45
1078
1067.87
1067.46
1093
1102
1125
1094
1101
1103.72
1055
1061.21
1055
1039
1070
1086
1077.58
1075.02
1078
1055
1094
1117
1094
1140
1133
1133
1164
1164
1156
1172
1172
1156
1180
1133
1148
1145.38
1133
1148
1141
1140
1139.47
1164
1155.38
1156
1133
1117
1133
1148
1149
1164
1156
1141
1156
1156
1149
1164
1161.31
1133
1156
1110
1164
1187
1149
1179
1171.77
1149
1195
1156
1180
1211
1164
1164
1164
1188
1234
1211
1219
1213.98
1195
1172
1175.39
1172
1172
1164
1166.92
1180
1156
1203
1192.98
1189.13
1189.04
1157
1166.21
1141
1109
1086
1086.58
1102
1111.76
1156
1141
1164
1171.23
1125
1140
1164
1141
1164
1141
1101
1113.19
1141
1125
1180
1179
1125
1125
1110
1117
1164
1133
1133
1148
1117
1122.01
1102
1109
1078
1102
1103.5
1102.39
1117
1094
1078
1047
961
992
977
982.166
945
922
926.904
985
1015
1036.98
1050.23
1039
1047
1039
1047
1048.05
1048.08
1055
1062
1062.53
1039
1024
1047
1031
1078
1070.97
1055
1086
1047
1049.08
1046.53
1039
1047
1023
1016
1016
1023
1008
1014.44
1000
1016
1039
1031
1024
1015
1008
1011.55
1011.6
1008
1023
1008
1016
1008
1023
1000
1031
1055
1078
1047
1055
1054
1052.83
1039
1047
1078
1125
1125
1112.11
1100.6
1164
1164
1195
1188
1172
1167.51
1171.08
1180
1172
1172
1172
1171.25
1164
1141
1117
1156
1172
1109
1063
1078
1039
1055
1057.37
1055
1078
1083.22
1090.93
1039
1055.35
1059.11
1031
1008
1039
1039.75
1023
1031
1032
1062
1047
1048.67
1015
1016
1008
1023
1008
1008
1039
1031
1031
1008
1008
1008
1010.84
977
1000
1000
1000
1008
1006.98
1008
1008
1008
1008
992
984
969
953
954.577
906
875
859
859.04
813
827.774
797
820
819.019
821.539
824.889
827.746
828
844
845.033
883
914
945
969
974.585
1000
1000
1016
1023
1016
1062
1016
1016.34
1039
1047
1078
1094
1089.49
1078
1078
1078
1094
1109
1094
1125
1094
1109
1108.58
1071
1062
1039
1024
1023
1047
1047
1051.04
1062
1032
1039
1031
1047
1062
1047
1078
1102
1086
1117
1125
1125
1125
1122.25
1117
1133
1126.74
1109
1102
1101.82
1125
1125
1086
1078
1086
1039
1039
1039
1008
1039
1035.99
1039
1047
1048.88
1031
1016
1047
1031
1039
1039
1047
1047.38
1055
1031
1039
1040.99
1039.45
1023
1016
1031
1008
1013.66
1024
1015
1024
1031
1039
1047
1042.93
1039
1042.28
1031
1039
1047
1016
1015
1024
1039
1062
1086
1075.9
1063
1070
1039
1055
1070
1039
1047
1055
1062
1094
1078
1070
1102
1094
1084.56
1080.86
1102
1101
1102
1109
1086
1102
1109
1086
1078
1082.58
1031
984
969
970.82
883
875
859
891
919.592
961
1039
1047
1078
1078
1063
1039
1039.7
1031
1029.73
1039
1039
1039
1039
1047
1039
1078
1078
1078
1074.07
1070.91
1067.7
1070
1070
1065.51
1055
1086
1078
1047
1055
1070
1047
1070
1067.52
1078
1071.17
1109
1055
1094
1078
1086
1078
1055
1070
1039
1031
1039
1024
1039
1070
1047
1086
1078.47
1078
1102
1117
1105.9
1110
1078
1078
1094
1085.51
1086
1078
1081.05
1078
1077.71
1055
1070
1039
1047
1031
1039
1047
1031
1047
1039
1039
1055
1031
1055
1039
1047
1070
1055
1047
1078
1109
1099.91
1156
1141
1156
1133
1133.57
1129.44
1125
1125
1121.32
1120.65
1063
1070
1078
1072.63
1055
1086
1054
1055
1047
1048.96
1039
1000
1016
1031
1023
1032
1023
1030.69
1055
1039
1062
1060.55
1063.6
1016
992
998.029
1000
1000
1000
1005.62
985
984
969
984
953
914
891
859
861.44
844
828
828
828.82
805
789
793.223
820
797
828
813
828
851
855.535
875
883
914
922
906
914
922
961
969
992
969
984
977
984
981.344
1008
1023
1008
1000
1008
1008.59
1031
1016
1012
1031
1016
1012.95
1016
1023
1016
1012.35
1015
969
1000
994.037
1047
1078
1065.5
1117
1094
1125
1094
1109
1086
1070
1063
1109
1063
1101
1117
1063
1109
1094
1086
1117
1094
1093.97
1110
1098.94
1133
1164
1147.62
1141
1148
1102
1113.45
1141
1109
1172
1102
1109
1112.68
1102
1105.15
1180
1156
1196
1174.26
1172
1211
1187
1180
1180
1170.68
1102
1148
1125
1156
1148.51
1164
1157.59
1172
1156
1133
1164
1151.4
1149
1187
1164
1133
1133
1117
1094
1125
1125.01
1117
1125
1078
1055
1060.97
1047
1070
1086
1093.1
1098.77
1094
1099.77
1101.19
1047
1060.56
1031
1055
1039
1078
1102
1105.24
1107.37
1086
1125
1121.58
1133
1133
1164
1155.08
1156
1164
1164
1102
1117
1156
1117
1149
1172
1117
1117
1125
1078
1047
1039
1016
1018.31
1015
977
969
984
930
976
976.947
961
992
992
1000
1000
992
997.027
1000
992
1016
1023
1016
1047
1039
1078
1078
1078
1075.67
1074.96
1074.11
1072.61
1164
1164
1172
1180
1156
1141
1156
1164
1117
1164
1141
1141
1156
1133
1109
1125
1125
1118.58
1094
1078
1078
1125
1164
1125
1124.2
1164
1110
1115.34
1125
1102
1164
1125
1125
1141
1148
1156
1164
1125
1129.36
1125
1156
1141
1148
1133
1133
1164
1133
1148
1143.36
1148
1164
1141
1094
1070
953
914
875
900.552
883
914
953
969
961
1000
1033.76
977
992
1008
1000
1000
992
992
1000
977
980.663
977
1000
992
984
977
984
982.559
985
984
982.716
977
992
992
984
984.253
985
992
989.179
969
992
961
971.584
969
969
992
984
985
937
906
891
875
867
852
875
578
813
851
860
906
945
938
944.181
984
982.734
981.468
1008
1008
1070
1057.37
1071
953
993.194
969
984
981.751
1039
1037.36
1062
1016
1023
985
984
987.166
961
969
1000
1000
977
968
938
961
961
961
984
982.621
984.602
986.504
987.513
987.673
1023
1014.52
1009.15
1070
1055.88
1070
1060.9
1055.06
1101
1102
1089.43
1086
1117
1102
1117
1112.61
1110
1140
1134.31
1110
1113.34
1140
1125
1102
1106.91
1109
1104
1094
1109
1078
1055
1070
1024
1030.31
1047
1062
1055
1047
1070
1055
1070
1078
1063
1054
1071
1086
1077.98
1102
1109
1125
1110
1108.75
1110.95
1148
1125
1117
1149
1125
1140
1133
1117
1133
1128.54
1122.53
1119.85
1125
1110
1140
1086
1094
1078
1078
1039
1047
1047
1039
1055
1053.72
1055
1070
1063
1117
1070
1094
1089.87
1090.1
1109
1101.84
1103.39
1133
1122.43
1140
1164
1125
1110
1148
1133
1141
1156
1156
1133
1164
1164
1156.5
1133
1164
1133
1136.55
1149
1125
1109
1125
1164
1133
1134.98
1148
1078
1095.19
1031
1031
1033.84
1016
1031
1062
1016
1039
1046.51
1008
992
1002.55
1000
1000
1000
1008
992
1000.19
1001.54
1000
992
969
981.3
969
1000
977
987.098
961
969.815
961
953
961
961
961
953
977
945
956.01
875
943.454
867
909.397
875
883
937
922.413
922.801
945
953
930
922
937
930
930
931.735
945
938
937
961
930
937.767
961
976
965.616
961
969
1015
1016
1008
1008
1004.41
1008
1000
1016
1000
992
990.077
992
1008
1008
1023
1024
1047
1023
1039
1031
1024
1047
1054
1024
1031
1008
1023
985
1000
1031
1039
1032.79
1029.84
1078
1117
1117
1110
1099.03
1148
1094
1125
1141
1140
1110
1148
1133
1123.75
1125
1126.01
1120.32
1133
1164
1133
1148
1148.23
1094
1109
1094
1039
1086
1031
1039
1043.43
1031
938
875
578
716.395
1008
844
820
820
813
812
818.414
820
821.945
914
930
984
969
969
984
922
953
945
930
961
961
984
982.734
1000
985
984.67
969
969.049
961
984
969
977
984
984
1008
1000
996.249
985
983.966
980.508
977.641
974.864
984
979.053
977
984
985
992
984
969
961
992
985.831
1000
977
968
977
1000
995.075
988.501
992
1000
998.826
1000
994.322
1000
984
977
978.602
980.135
1000
1039
1016
1047
1078
1070
1060.31
1055
1070
1039
1038.96
1102
1091.87
1102
1101
1063
1086
1078
1101
1088.78
1094
1125
1109
1101.53
1125
1094
1086
1125
1078
1117
1156
1110
1125
1140
1133
1102
1109
1125
1094
1148
1137.62
1148
1137.26
1141
1148
1135.81
1134.1
1102
1148
1133
1117
1125
1133
1117
1122.93
1117
1039
1063
1078
1070
1047
1016
1039
1023
1016
992
977
984
969
976
977.226
977
1015
977
1008
1015
1008
1031
1016
1023
1008
1008
1016
1013.63
1031
1027
1023
1024
1031
1016
1020.48
1039
1031
1055
1047
1044.07
1078
1101
1086
1079.3
1125
1094
1117
1110
1117
1133
1125
1117
1148
1141
1109
1125
1133
1124.67
1172
1102
1109
1094
1096.35
1117
1102
1109
1164
1133
1125
1156
1145.02
1102
1117
1094
1086
1148
1133
1133
1179
1149
1117
1156
1180
1150.29
1172
1166.87
1141
1203
1164
1156
1172
1141
1133
1145.65
1156
1125
1156
1149
1164
1156
1156
1133
1139.88
1187
1167.76
1172
1117
1102
1125
1129.26
1133
1135.99
1141.47
1172
1211
1164
1164
1156
1133
1141
1156
1133
1133
1148
1086
1125
1126.84
1156
1146.16
1180
1140
1149
1148
1086
1125
1122.98
1093
1102
1148
1141
1125
1125
1125
1086
1156
1141
1117
1164
1164
1133
1164
1203
1133
1133
1144.51
1133
1117
1149
1156
1156
1172
1164
1094
1109
1119.86
1078
1102
1125
1140
1149
1155.9
1143.43
1164
1180
1164
1187
1188
1172
1109
1102
1106.87
1103.3
1172
1141
1195
1234
1180
1180
1181.35
1141
1125
1125
1125
1117
1094
1125
1130.75
1078
1096.1
1125
1094
1125
1148
1141
1136.4
1125
1109
1110
1111.39
1055
1094
1125
1117
1164
1211
1164
1195
1196
1178.69
1164
1211
1195
1164
1172
1172
1156.2
1133
1148
1141
1117
1126.11
1132.69
1125
1133
1156
1133
1117
1125
1125
1086
1117
1133
1125
1133
1144.56
1172
1158.81
1195
1190.68
1094
1156
1180
1158.1
1149
1195
1125
1133.96
1148
1133.23
1127.55
1125
1117
1116.87
1133
1128.99
1086
1078
1086
1084.51
1062
1047
1053.37
1053.56
875
977.111
789
789
766
781
758
766
775.817
734
656
648
641
648
633
641
664
687
693.987
703.686
719
765
773.156
828
836
828
820
805
797
812
805
797
828
836
867
860.773
860
867
844
840.819
844
844
875
898
899
968
930
922
930
945
930
929
922
914
914
930
914
945
907
867
898
930
922.065
1008
1023
985
992
992
930
934.523
945
930
969
976
977
953
914
930
1008
1039
1062
1008
999.332
998.393
989.333
1047
1078
1055
1086
1101
1094
1086
1075.31
937
883
875
867
899
929.38
984
969
930
933.778
875
859
821
812
805
812
797
805
844
867
898
1016
1025.82
914
914.251
859
836
797
797
789
766
773
750
758
758.837
760.886
750
750
750
758
750
752.421
766
766
773
789
797
799.271
828
820
821.991
825.314
789
773
766
763.299
797
828
820
815.648
711
711
703
719
750
773
781.88
789
797
797
804
782
781
797
781
789
797
793.99
789
784.737
780.981
781
777.427
774.178
771.37
789
789
797
844
837.265
789
781
780.317
805
883
890
883
883
867
828
797
789
781
766
769.921
758
773
780.089
781
783.533
785.93
788.016
758
762.194
734
735.661
735.366
734
737.336
750
781
781
786.692
797
820
805
828
828.011
821.568
805
802.766
789
784.56
797
805
820
805
844
851
860
875
867
883
867
867
875
868.041
789
797
820
813
816.737
828
805
820
822.899
817.905
818.599
805
807.941
804
803.858
813
810.427
836
836
867
861.744
857.72
875
869.196
875
875
867
883
906
891
906
898
860
859
828
813
781
797
789
795.03
799.112
802.625
797
801.306
797
798.78
820
821
828
828
812
817.413
773
783.01
727
735.49
734.534
750
750
766
766
765
766
768.642
770.31
750
758
750
758
789
789
789.927
788.806
789.207
750
742
734
719
727
734
750
750
750
766
781
781
750
797
797
789
783.309
797
789
797
766
781
758
789
781
774
804
805
836
823.595
859
849.56
842.619
838.41
914
953
961
992
1000
994.725
1000
992
986.138
984
980.417
992
1008
1031
1000
1008
1023
969
953
945
961
957.192
961
945
914
918.687
914
953
930
984
930
937
941.229
942.212
898
909.725
844
855.71
828
844
859
864.069
844
859
866.105
859
844
853.356
828
835.172
820
797
803.944
805
805.102
807.874
805
810.021
836
840.915
828
836
844
836
836
836
836
828
836
828
828
836
805
812
805
851
821
851
844
844
859
852
859
836
844
841.889
922
937
903.349
891
937
852
859.883
821
820
828
813
820
805
812.246
828
823.79
836
844
851
813
828
820
805
797
812
809.568
766
781
758
758
760.682
750
735
742
742
727
734
750
734
735
765
774
781
781.279
785.313
820
815.48
828
797
781
766
773
773.144
758
773
758
757.767
773
758
758
758
781
789
797
797
828
836
828
820
813
806.833
801.064
797.047
793.503
860
850.078
859
848.685
852
859
844
828
825.067
821.391
817.348
906
938
976
947.638
929.346
891
875
867
875
875
867
836
835.09
836.361
883
891
890
852
846.106
828
836
852
922
906
914
867
867
875
860
859
856.914
906
906
891
879.753
873.385
883
945
933.262
953
953
938
945
875
914
914
906
899
875
867
875
906
938
953
969
953
922
914
909.775
875
836
836.23
859
859
883
883
875
879.451
891
914
937
930
953
950.446
906
860
859
859.883
875
881.834
922
922
919.052
930
928.733
906
914
875
875
883
884.305
885.169
953
953
940.998
922
914
875
867
844
844
859
836
842.22
845.373
844
875
875
878.923
875
914
891
875
875
875.865
852
867
844
851
836
813
820
818.268
820.299
828
821
859
836
836
844
859
875
867
852
859
891
922
976
969
953.841
906
906
891
914
930
945
953
961
947.388
936.348
945
961
953
943.202
930
914
883
898
914
930
931.163
945
938
937
922
906
883
883
883.153
860
867
868.607
914
914
906
875
880.007
922
938
945
922
914
883
898
860
863.066
859
844
875
882.908
922
961
1000
989.597
922
883
875
898
930
984
1016
1039
1031
1078
1039
1008
1016
1031
1023
1016
1070
1047
1063
1031
1039
1039
1070
1086
1024
953
964.567
1015
1063
1054.35
1117
1109
1125
1125
1110
1098.09
1087.95
1070
1094
1117
1094
1141
1135.05
1078
1063
1063.87
1031
985
992
961
906
875
874.844
836
828
805
797
804
805.674
789
781
797
781
789
766
765
750
759.657
758
758
773
758
766
773
776.809
758
781
781
805
828
828.271
824.8
875
875
891
906
906
891
867
859
857.874
820
820
789
797
797
805
812
805
809.848
797
820
828
828
828
836
828
821
828
828
836
836
837.07
838.809
836
821
825.31
813
828
805
812
797
800.377
800.07
773
758
750
750
758
750
756.185
766
804
797
803.024
805
804
805
820
813
820
818.439
797
812
808.053
804.745
789
766
773
758
758.887
797
805
828
859
875
930
976
985
984
961
953
821
851
836
834.832
875
867
859
844
836
805
806.444
820
813
816.424
805
797
804
774
781
750
758
757.7
766
766.298
859
860
906
906
899
906
883
898
883
906
899
898
906
891
906
930
906
922
920.876
922
920.624
930
937
930
922
945
938
953
961
955.073
906
860
820
820
821.572
789
797
789
789
781
784.253
774
789
789
812
813
820.177
860
876.496
898
875
877.735
844
851
813
828
820
821
828
830.569
820
805
808.303
805
820
805
828
836
859
855.21
844
836
836
859
852
859
859
852
852.706
853.073
875
860
867
875
867
867
865.293
862.683
813
812
797
774
781
781
774
781
783.864
781
758
781
758
766
781
773
766
805
828
836
828
830.411
833.241
812
797
789
797
797
805
867
844
851
891
867
891
859
1008
906
898.739
859
805
797
804
797
797
802.224
807.513
821
828
831.385
833.947
836
836.463
836
833.155
829.711
836
833.564
832.391
875
836
820
844
820
836
821
843
844
852
859
844
851
813
823.789
828
826.076
844
828
831.756
836
828
831.852
812
821.041
789
797
797
797
789
820
789
799.087
800.862
781
790.095
766
781
766
781
781
781
766
789
797
789
805
812
789
883
859.61
850.703
836
813
797
812
782
804
800.334
789
789
774
789
781
781
758
758
773
758
758
761.503
750
727
734
733.685
711
726
711
715.707
719
719.265
719
722.183
726
711
711
703
703
688
695
688
695
703
703.633
703
703
703
695
711
703
711
703
688
695
672
672
679
678.394
681.062
687
680
687
686.321
672
672
680
617
617
610
625
627.935
617
617
610
625
621.768
625
627.882
633
634.999
641
625
631.317
632.929
633
625
640
625
629.588
625
625
625
626.894
633
625
640
625
610
618.178
618.86
640
633.18
625
628.027
629.735
628.132
641
633
630.901
641
637.803
672
664
695
680
695
695
680
681.692
687
681.937
680
679
680
680
696
718
711.745
711
695
703
680
695
672
703
719
711.04
719
711
711.019
726
719
711
719
715.937
719
703
711
711
789
781
742
740.474
736.207
711
703
688
687
688
687
672
676.941
678.062
680
682.301
680
682.79
684.401
703
711
703
719
734
742
735.635
766
758
773
774
781
797
793.772
791.208
797
797.694
813
820
828
826.715
825.923
826.741
852
601
1133
953
851.234
907
898
875
836
844
849.993
848.412
805
812
822.898
797
806.401
810.626
789
766
789
773
758
766
773.549
766
750
776.435
695
703
672
695
680
695
696
703
726
728.289
711
719
726
719
711
719
711
703
703
703
695
680
680
681.595
680
664
664
665.965
656
641
656
649
656
664
664
667.749
672
687
680
672
672
664
665.448
664.328
656
656
657.389
656
657.818
656
641
647.522
664
648
653.362
656
633
641
642.043
633
636.698
633
634.107
649
656
664
656
658.877
648
656
649
649.84
664
672
680
695
690.641
711
703
698.396
680
703
672
664
664
672
672
672
671.699
672
703
688
686.751
711
703
711
705.803
702.535
700.298
697.163
703
698.391
711
726
719
711
711.82
719
711
709.581
727
734
742
750
735
734.72
719
718.999
711
711
719
719
734
750
750
766
781
773
782
773
789
781
766
766
763.027
750
747.789
744.626
742
741.134
742
742
742
735
734
742
739.67
741.049
734
735
742
741.035
742.273
711
718
742
727
750
748.136
727
734
711
734
696
703
703
705.293
687
680
672
687
684.679
695
688
703
680
688.353
703
699.806
688
695
711
707.98
703
719
726
727
721.555
727
734
719
734
711
719
711
711
711
703
695
688
689.338
672
680
679
657
664
656
648
641
656
649
651.077
680
703
719
719
734
727
718
719
703
703
719
716.155
719
742
734
731.634
734
730.264
727
726
719
711
719
718
719
719
734
735
773
766
789
781.128
750
766
761.31
828
867
914
888.479
869.128
854.362
797
789
789
805
828
820
805
812
816.825
828
867
852
859
851.474
836
844
836
827.186
875
867
857.512
852
867
844
867
875
844
859
836
852
851
836
820
828
828.049
844
842.891
875
875
867
869.505
836
828
830.374
851
848.671
836
828
805
797
797
828
836
838.242
836
844
851
844
836
828
828
805
836
836
867
883
906
906
896.569
887.053
878.406
875
867.837
861.338
857.223
853.738
852
875
859
860
860.218
867
852
867
859
844
844
859
854.808
859
844
852
851
850.846
828
836
836
836
844
844.735
846.628
836
836
828
836
835.42
828
852
820
797
812
805
836
844
843.095
883
878.085
906
906
898.9
892.582
859
844
840.246
844
843
844
844
867
844
867
867
863.986
863.174
860.01
891
890
884.115
836
836
844
859
875
871.417
869.371
875
875
875
875
875
852
867
859
844
859
844
875
867
875
883
867
869.739
870.671
875
859
862.603
836
812
815.805
805
797
800.208
805
820
805
820
821
843
852
844
851
851.11
828
832.981
836
836
828
844
842.536
839.731
844
844
851
836
813
819.146
805
813
820
836
828
836
820
822.599
836
813
820
822.098
789
797
799.393
828
820
844
841.776
867
875
866.55
875
868.544
861.453
859
853.232
859
852
851
844
836
836.605
852
867
883
883
906
875
875
859
844
836
867
868.249
859
852
867
883
906
899.591
930
859
861.087
820
930
922
906
930
937
929.781
920.305
937
929.472
898
891
898
883
891
859
859
875
899
937
930
953
945.739
945
930
914
914
922
914
908.837
909.171
930
929
930
969
984
938
961
945
945
953
947.631
953
961
961
961
945
922
914
914
883
875
890
891
895.968
914
920.946
953
945
914
891
859
857.445
805
797
797
812
826.189
841.089
820
831.671
836
820
824.922
828
844
849.649
851.837
851
844
844
844.014
844
844
851
852
867
867
864.444
883
898
883
876.78
914
914
937
921.42
912.798
938
938.724
945
935.265
922
914
906
907.078
875
867
852
851
852.298
828
813
820
821.132
824.224
805
828
831.803
837.611
842.947
847.513
836
859
836
867
852
855.746
890
860
890
875
875
874.745
867
860
861.968
858.471
860
856.597
857.347
867
867
867
866.368
875
867
883
867
883
875
898
883
891
890
891
914
914
883
906
883
898
894.252
892.874
890
883
891
887.689
828
860.079
855.772
867
875
875
876.449
929
891
945
914
938
937
946
945
930
914
906
914
914
908.568
922
945
930
953
914
924.884
875
859
861.45
860.561
898
900.067
906
891
875
875
867
867.26
868.621
844
846.692
847.483
867
836
844
851
854.415
857.205
859.523
820
830.751
832.23
833.675
828
844
859
828
836.168
828
797
797
789
766
789
789
781
787.282
789
766
781
781
766
781
758
758
765
750
758
758
789
781
797
805
820
797
789
781
774
781
781
766
773
758
789
780.369
778.668
779.739
780.328
758
750
750
742
719
726
711
781
771.938
805
797
796.885
797.639
773
789
789
781
805
836
851
875
844
875
836
828
789
797
789
797
797
820
828
828.302
844
840.095
836
836
836
836
832.054
844
859
836
844
867
859.986
883
875.017
875
914
891
906
900
895.838
891
883
875
836
845.486
859
875
859
844
836
836
844
846.753
813
843
821
820
805
804
804.549
781
789
797
773
774
781
789
791.391
820
825.186
883
891
953
914
914
912.006
875
883
890
860
898
883
875
906
899
890
899
894.597
875
875
874.979
844
852
859
853.789
855.796
844
859
856.629
836
836
859
852
836
867
859
852
875
844
859
836
844
867
844
859
875
875
852
863.525
836
842.976
813
859
844
867
852
867
861.547
859.303
890
860
875
859
844
851
844
846.137
875
875
859
863.287
828
836
836
852
867
906
875
906
900.631
891
875
873.747
875
883
877.196
875
875
859
852
859
844
852
820
828
836
805
812
814.142
805
812
805
808.647
805
807.885
805
807.549
820
797
805
789
789
797
793.794
774
773
774
781
778.697
781
783.316
785.327
781
789
797
796.621
804
805
797
812
805
797
799.503
800.158
773
750
754.758
750
750
758
773
758
789
758
781
781
766
758
762.153
761.142
789
783.922
783.868
805
789
789
789
781
774
789
789
797
797
781
797
793.643
790.964
789
789
797
791.837
789.966
797
794.676
797
793.288
793.775
789
797
789
789
797
791.109
789
789
790.969
774
789
789
789
797
804
813
836
851
836
844
842.838
805
797
812
805
836
828
844
836
836
851
852
867
875
883
890
852
867
852
848.413
867
875
852
890
860
875
820
828
828
828
821
859
867
875
870.583
883
906
899
906
899.879
893.807
875
875
859
891
906
914
906.203
914
911.072
904.767
883
852
859
836
839.57
836
836
851
854.911
859
867
870.906
874.34
836
813
828
830.318
844
883
937
938
945
922
898
886.955
860
851
821
843
852.286
805
797
797
812
813
817.74
867
914
961
945
961
938
922.578
929
883
922
875
891
892.558
906
891
875
879.869
880.429
859
789
797
789
789
797
797
801.829
805
807.927
828
830.553
789
797
820
828
836
836
828
820
805
797
789
828
797
875
875
875
875
867
844
859
844
836
875
875
906
914
922
906
900.506
922
914.248
922
915.101
883
875
875.482
872.386
875
871.717
859
844
867
875
875.266
875
859
883
899
890
922
914
907.946
906
930
945
930
922.855
923.874
926.535
992
1000
980.387
977
992
1000
961
958.957
969
984
985
953
992
969
968.258
984
922
945
922
930
945
922
922
922
953
945
953
938
922
929.737
891
922
914
914
914.212
937
961
930
936.265
976
968.126
961
945
961
899
922
923.045
922
922
906
914.59
891
891
898
906
899
906
930
945
930
929
938
937
938
922
945
945
922
961
961
961
945
907
906
883
884.024
875
860
859
883
883
906
914
875
914
891
828
846.037
836
837.826
852
857.288
891
906
914
922
930
945
922
937
933.046
923.994
918.784
891
883
878.017
875
914
875
891
875
890
875
878.966
883
890
906
904.362
922
945
953
949.357
938
945
943.447
953
953
945
977
974.693
969.173
964.811
961
960.162
945
944.155
941.411
938.278
945
930
945
941.804
941.13
953
949.442
930
945
946
943.387
953
945
930
930
929
928.753
930.472
930
914
937
914
899
922
917.627
906
906
891
898
899
906
904.491
906
898
891
914
906
914
930
945
930
931.237
922
945
922
922
906
910.465
910.57
907.985
844
867
852
853.991
883
891
895.245
945
930
945
946
945
953
930
945
953
969
969
961
968
964.859
953
953.323
945
930
945
946
961
953
984
961
969
976
977
1000
961
965.776
965.756
922
953
953
961
969
945
961
953
930
953
930
945
942.94
937
922
929.489
937
922
930
931.013
929
914
922
930
914
914
852
890.696
836
875
875
873.622
891
914
912.655
914
918.118
937
907
937
922
914
930
914
906
922
922
945
930
931.503
932.461
922
925.574
953
940.358
937.072
984
969
961
960.012
922
927.216
922
914
914
914
914
899
914
913.463
929
914
891
906
905.503
906
907.982
899
904.035
904.401
883
898
883
875
878.938
867
872.053
860
865.098
898
883
906
914
922
922
922
922
922
945
945
930
945
941.385
922
945
937.179
922
953
945
961
961
969
961
984
969
968.003
992
977
984
961
953
922
922
921.619
906
883
888.238
887.436
929
934.722
940.341
929
930
906
860
859
875
867
883
875
891
906
911.204
922
937
907
929
922
891
906
914
908.206
914
914
938
937
922
930
937
922
930
922
953
940.855
953
945.84
945
946
940.218
945
953
953
948.862
945
930
937
922
930
914
906
907.889
891
906
906
914
930
922
945
953
930
936.278
936.166
930
932.572
932.685
930
945
922
922
923.336
922
922
930
914
937
922
924.244
945
922
930
937
922
930
929.673
922
914
891
901.701
891
906
914
914.907
922
945
922
927.505
922
914
914
922
937
922
922
924.009
920.882
937
922
945
938
937
946
945
945
930
922
937
932.384
922
937
934.236
931.824
961
953
949.984
961
956.645
914
925.761
899
898
891
906
891
859
867
868.804
869.867
906
906
899
914
914
898
891
883
875
876.549
883
883
875
879.551
881.528
882.349
891
891.455
891
891
890
887.33
906
901.826
930
945
930
922
914
914
922
898
907
906
905.569
904.188
899
906
914
883
898
883
875
875
875
875
891
890
883
883
875
875
875
859
852
853.474
875
875.118
883
875
898
883
875
883
867
883
898
883
883
898
895.1
914
891
914
914
906
914
906
899
906
914
906
899
906
903.208
900.975
929
922
922
922
945
930
953
953
930
945
922
906
891
875
876.896
867
883
890.214
899
922
906
912.429
914
906
909.486
906
903.245
902.839
906
914
922
922.984
945
961
977
992
992
961
969
968.067
938
937.873
938
945
930
945
930
945
953
930
945
922
945
922
922
922
945
922
930
922
906
914
922
906
911.758
913.832
914
914
914
916.008
930
937
930
914
922
937
914
907
914
906
908.111
914
914
914
914
916.34
922
929
938
945
930
937
899
906
883
885.593
891
906
906
891
906
905.395
906
899
906
905.285
914
891
898
891
898
844
865.926
867.619
851
852
867
875
873.27
867
883
885.923
875
875
852
890
875
874.144
906
891
922
911.701
907.156
945
930
945
930
922
937
929.701
922
914
899
914
907.587
914
922
906
911.459
914
899
929
899
904.318
914
914
914
914
914
922
906
911.982
922
915.964
930
922
937
922
914
953
930
953
961
961
969
953
961
961
945
953
961
953
953
938
953
947.531
930
906
875
883
884.269
907
945
945
930
961
953
949.533
930
935.198
930
945
945
930
953
930
931.591
945
930
922
945
922
953
930
914
945
930
930
945
914
930
922
923.568
922
899
914
898
901.834
903.636
891
906
883
875
883
875
859
867
844
859
852
859
852
867
867
844
856.178
852
867
860.741
860
890
883
883
884.722
875
878.403
875
874.682
873.983
859
865.202
859
859.797
867
883
898
883
914
914
910.05
905.644
937
930
930
922
920.693
930
926.053
921.371
938
945
938.835
945
945
942.156
945
930
937
930
927.69
930
926.389
925.497
925.262
953
945
953
949.752
938
953
945
899
890
892.872
883
887.264
914
930
933.822
938.2
930
945
922
922
914
914
912.403
938
961
953
953
961
930
933.406
930
922
945
930
953
953
938
953
953
953
969
953
969
976
968.479
969
969
969
976
953
946
953
953
953
953.17
954.024
954.482
922
953
945
938
976
961
969
961
953
945
930
945
946
953
949.951
953
984
969
961
992
984.672
977
968
961
969
961
961
961
959.117
953
961
953
930
945
953
961
961
961
969
961
984
961
969
961
968
961
938
953
945
930
930
937
930
933.782
930
945
922
922
914
906
914
914
913.764
930
914
921.255
921.763
922.206
945
930
930
945
914
930
906
913.086
922
906
922
914
914
922
922
914
930
914
918.658
922
922
937
930
945
938
937.505
937.674
945
940.51
945
942.597
953
953
938
943.231
941.715
930
969
953
945
946.349
930
961
945
930
953
922
930
929
930
922
928.469
891
875
875
859
875
875
879.479
883
859
869.823
869.87
883
879.907
891
906
891
906
883
906
899.841
899.7
922
914.825
937
928.973
926.199
906
891
906
901.05
899
906
914
914
891
906
875
875
875
875
828
828
813
828
859
867
883
914
914
922
922
914
914
922
891
896.153
898
891
914
891
914
937
922
922
945
922
922
922
915.932
922
929
930
945
939.284
936.554
953
953
953
953
930
930
929
925.483
924.307
922
930
945
942.747
922
924.388
938
945
953
953
938
945
953
938
945
961
958.702
984
969
953
961
961
961
961
955.633
922
922
922
945
930
932.841
937.017
961
914
914
922
914
922
922
924.878
938
937
938
945
922
945
953
930
961
954.644
961
954.547
984
969
969
984
969
976
977
969
970.485
953
959.318
955.392
945
938
961
961
961
968
969
961
961
961
945
961
953
946
951.654
961
938
961
953
969
976
961
961
953
953
946
945
953
945
938
953
930
945
969
976
969
961
964.612
984
977.329
973.132
976
961
969
961
969
992
984.841
984
977
976.879
984
981.49
992
977
984
982.649
981.694
979.757
953
953
953.647
922
930
937
930
961
964.768
953
959.662
930
937.769
914
914
914
914.142
914
914
906
909.745
899
898
867
860
890
885.117
914
906
912.483
945
930
930
937
922
930
906
911.566
906
899
929
922.228
906
891
893.999
891
930
929
930
925.149
930
914
922
922
914
937
922
922
922
914
906
914
922
930
906
914
883
891
906
905.764
905.148
914
914
913.49
922
922
922
914
917.454
898
899
898
906
891
883
886.439
914
906
914
899
906
906.144
875
898
891
875
875
875
875.705
883
875
859
852
854.168
844
847.142
848.687
851
836
841.731
836
844
867
883
887.154
883
875
877.423
875
872.246
875
891
836
914
859
930
867
859
844
867
852
853.839
821
836
828
828
828.545
820
805
836
875
875
875
883
890
875
883
875
883
828
836
828
836
828
836
836
844
851
844
844
859
836
859
844
836
838.581
837.484
836.132
836.396
836.85
859
828
805
820
805
809.454
811.353
836
830.755
844
867
844
844
859
836
852
851
852
851
844
844
836
828
828
826.583
826.527
883
890
881.045
844
843.405
836
832.692
812
805
836
843.724
867
867.303
906
891
898
922
914
930
929
918.632
922
922
867
844
844.784
844
852
859
875
859
860
867
836
841.632
836
813
828
828
829.697
836
836
839.931
828
828
813
817.381
851
844
875
867
891
906
891
888.757
906
898.097
893.06
890
891
875
859
860.887
857.892
836
875
875
883
875
877.06
867
866.936
883
867
867
875
875
891
914
909.633
906.768
906.122
945
938
930.22
924.503
923.998
883
883
881.235
898
895.157
1008
977.833
976
969
906
883
891
892.991
891
898
883
906
891
891.013
914
922
922
945
945
938
953
930
945
914
914
906
914
907
898
852
875
859
828
828
829.568
844
841.25
890
887.131
875
891
898
914
910.333
828
828
836
844
836
844
852.177
844
859
852
867
852
859
858.181
836
844
859
836
859
852
859
844
836
836
828
828
836
844
867
836
859
844
852
859
859
875
852
857.391
890
881.43
878.131
883
883
890
883
875
875
875
883
877.487
874.882
875
852
857.573
844
836
859
867
875
874.515
867
875
874.973
871.845
844
859
859.857
883
883
877.281
867
836
840.029
844
875
875
906
891
884.675
880.006
922
922
929
913.602
900.366
883
875
867
867
836
844
845.396
850.428
854.76
867
883
914
922
930
945
945
935.416
922
914
914
891
914
915.147
914
922
920.628
899
902.286
883
844
859
867
883
891
914
906
891
898
891
890
860
890
860
866.441
883
883
898
899
896.39
914
914
922
945
922
930
922
929
899
905.497
875
860
862.29
867
875
867
867
869.391
859
852
854.036
875
867
883
891
906
898
899.591
906
904.042
906
914
912.228
930
914
930
945
922
937
938
953
944.685
914
907
898
891
890.119
883
875
883
906
914
914
922
922
937
907
906
883
898
883
867
867
875
860
898
883
883
906
903.369
859
873.277
859
844
848.668
852
867
875
876.45
883
883.894
885.012
875
875
867
864.78
844
867
852
875
867
867
891
883.643
891
914
906
914
906
899
922
914
937
922
922
921.663
945
930
928.399
922
914
914
914
899
903
906
902.574
898
883
875
875
874.833
852
867
859
844
844
867
836
828
836
834.796
805
828
805
828
823.802
851
860
890
889.103
891.469
914
930
953
944.902
953
952.317
953
946
953
976
930
961
961
914
922
906
922
883
867
969
898
901.27
859
836
836
859
852
856.596
922
914
914
906
930
914
820
821
820
828
836
845.617
857.527
859
860.699
883
906
914
922
906
914
899
898
875
867
844
844
841.218
852
875
882.952
875
890
883
883
875
883
875
883
879.908
883
880.232
875
875
852
875
914
930
953
953
945.35
914
922
891
887.855
937
938
937
969
963.883
969
968
930
922
898
892.227
906
914
922
906
922
898
899
897.099
893.759
891
892.119
891
898
898.658
914
891
914
937
891
883
883
884.41
898
883
875
883
898
883
883
914
898
907
929
930
920.193
918.761
992
930
906
875
844
848.171
875
875
867
883
922
930
917.573
789
797
789
797
797
812
821
851
844
867
852
851.635
852.491
828
805
806.651
789
781
758
758
758.32
760.826
742
719
711
711.124
711.168
695
703
703
703
719
711
742
719
742
742
750
753.92
727
765
758
750
750
750
750
742
735
742
742
734
727
742
742
735
742
758
750
748.073
750
766
758
752.732
781
758
754.412
773
758
750
758
765
758
766
781
766
773
776.392
781
758
758
765
758
750
755.955
758.73
781
781
771.914
772.615
820
800.906
805
828
797
793.684
781
789
789
789
774
773
789
789.198
786.365
789
789
820
813
828
867
856.789
883
875
867.801
883
875
869.709
866.372
867
836
828
844
836
837.774
839.243
891
881.305
906
883
882.861
867
883
891
937
922
914.561
930
937
929.241
899
898
922
914
930
945
937.434
961
1000
992
978.411
984
961
961
953
930
945
942.605
945
938
914
914
914.087
914.615
914
916.62
867
836
837.69
859
852
859.155
875
881.84
914
921.489
925.382
922
937
938
936.469
922
945
938
945
930
929.805
937
899
929
907
906
945
930
953
883
937
930
953
961
961
961
956.66
961
953
953.871
961
954.797
953
984
961
953
930
943.017
922
930
929
899
883
887.57
875
890
914
930
936.624
940.354
969
961
922
933.529
930.785
926.312
969
984
1000
969
967.047
969
961
955.148
961
957.066
1008
961
930
936.799
1000
1008
988.82
1039
1047
1016
1031
977
976
953
930
930.735
932.733
1031
961
984
990.582
945
922
883
884.357
914
961
1023
1070
1086
1024
1020.93
1031
1015.4
969
971.145
945
969
972.376
992
995.421
1039
1016
1054
1039
1032
1039
1023
1039
992
977
953
977
984
1031
1008
1016
1039
1031
1027.18
1016
1031
1025.55
1020.6
1000
969
992
993.453
992
985
953
962.47
945
930
945
945
930
953
969
984
992
969
922
931.297
933.935
1031
1029.69
1078
1070
1055
1031
1024
1014.74
1000
977
953
969
976
969
1023
1016
1000
992
1000
977
984
961
969
984
982.661
922
961
961
992
985.926
1039
1039
1016
1015.45
1016
1023
1008
1003.24
1005.49
992
1008
1031
1039
1047
1039
1039
1016
1015
1016
1000
1000.78
1016
984
1008
1008
1000
1039
1031
1039
1008
1013.87
1014.58
969
969
972.072
977
976.126
984
930
953
951.189
961
945
961
969
953
953
961
969
962.626
965.845
984
980.001
975.25
976.485
992
986.639
977
961
953
906
922
953
985
1015
1000
994.448
1023
1020.61
1008
1023
1000
1008
1003.96
1039
1039
1008
1031
1016
1031
1039
1016
992
992
1016
1031
1024.2
1039
1008
969
961
962.596
964.947
984
991.628
1008
1023
1024
1000
1015
1008
1002.75
1002.15
1015
1032
1039
1031
1055
1023
1015.45
953
977
992
1016
1031
1039
1033.15
1078
1039
1055
1047
1062
1049.82
1031
1039
1024
1031
1070
1016
1062
1024
1031
1031.6
1023
1016
1000
992
1008
1001.58
1039
1031.34
1023
1039
1008
1016
945
930
953
976
985.473
1000
1024
1031
1039
1036.08
1016
1017.72
1011.58
1039
1055
1031
1027.99
1025.68
