750
781
750
703
696
726
860
937
805
734
719
734
758
836
852
859
766
773
789
836
805
789
703
719
711
726
735
703
734
797
852
773
750
781
789
813
734
727
765
805
785.369
757
750.984
771.712
785.61
770.314
744.102
741.847
765.399
777.568
764.188
745.391
745.384
762.873
771.846
761.149
742
740.931
753.159
761.346
758.313
747.089
740.614
747.749
754.899
757.364
750.537
744.115
746.741
751.865
754.765
752.387
747.686
747.781
750.633
750
749.845
749.032
749.634
750.49
751.035
751.121
695
711
712.017
719
717.716
720.954
725.508
729.942
805
796.763
766
765.583
703
710.755
664
672
672.384
675.715
719
731.613
750
766
764.013
758.872
751.127
742.412
711
710.032
707.766
707.546
707.379
708.54
708.742
709.34
708.849
708.018
706.918
706.179
706.784
707.272
617
617
609
608.289
609.866
612.439
617.795
624.678
631.855
638.44
644.451
649.761
654.348
658.27
660.938
663.131
664.329
742
695
697.287
696.857
694.888
690.065
695
689.637
686.563
750
711
711.719
712.514
709.68
718
750
736.496
730.815
728.669
828
808.327
791.048
783.132
785.599
781.65
718
725.539
727
718
716.073
717.069
721.62
735
718
721.026
725.064
727.313
724.735
724.198
727.613
727
729.095
729.414
729.797
687
699.302
697.729
696
695.941
718
719.127
720.607
742
740.686
738.359
672
687.251
685.692
685.009
683.739
684.875
688.229
691.214
693.215
693.2
693.608
694.024
774
765.935
755.567
748.102
746.758
743.719
718
718.248
715.119
713.257
710.482
708.91
708.528
708.221
707.398
765
760.363
752.95
747.223
750
781
777.711
769.497
763.199
761.891
759.979
755.297
749.466
750
789
784.402
777.038
769.906
768.028
768.128
766.092
761.887
760.494
760.361
761.251
781
779.486
776.797
797
795.561
792.799
788.555
883
867.387
856.254
847.672
844.69
837.41
828.491
821.432
817.767
814.215
695
719.365
720.814
790
804.629
807.293
808.685
810.699
810.785
688
706.978
707.841
710.389
713.69
717.571
695
701.18
704.786
719
721.077
719.324
726
728.382
732.954
734.697
734.777
733.739
733.318
733.925
732.302
730.281
728.664
727.643
727.123
726.642
725.479
664
682.484
680.764
682.61
683.815
686.971
690.966
694.969
698.736
701.818
625
650.653
650.93
651.371
651.185
648
649
652.435
654.974
687
682.644
682.981
683.338
683.907
682.498
681.025
679.597
678.596
677.816
676.773
675.948
674.791
673.915
673.275
641
649.278
647.839
648.476
649.619
652.321
655.633
658.967
661.954
663.976
602
609
610.737
610.859
612.074
613.924
616.943
620.346
623.335
626.426
626.658
628.658
628.312
628.311
627.743
628.645
629.105
629.504
629.27
630.855
628.3
626.947
626.542
578
599.426
594
578
586
585.189
587.369
586
588.733
591.276
586
589.456
590.652
586
578
581.347
582.833
583.77
584.111
585.625
586.297
562
571.403
563
565.431
565.737
555
560.248
560.912
555
562
561.718
562.988
564.14
565.192
566.317
563
565.178
566.109
566.696
567.253
570
579
576.992
576.778
576.713
576.578
576.499
576.435
576.342
576.246
571
570.76
570.519
570.279
570.038
569.798
569.558
569.317
625
619.809
619.593
619.849
622.126
680
675.33
669.703
664
665.366
665.2
662.374
658.763
656.067
654.327
651.692
664
658.642
766
687
690.235
692.409
690.258
684.74
680.236
679.84
678.459
676.298
674.391
719
712.54
703
719
714.849
708.833
703.64
711
704.406
954
855.738
805
800.57
795.336
782.626
890
863.707
830.092
809.827
774
774.696
775.551
820
782
769.896
781
789.901
765
930
805
803.184
807.604
808.626
797.052
790.496
791.932
792.765
773
779.088
781.798
780.258
776.255
777.314
777.618
776.247
773.606
771.883
770.815
773.003
776.027
777.094
780.301
782.739
783.951
784.236
784.522
711
727.314
728.008
710
715.734
719.771
725.433
730.343
735.288
740.066
743.788
746.062
747.289
748.045
734
739.114
739.464
738.328
736.355
737.237
736.639
737.04
736.442
735.492
734.783
671
680
680.299
687
689.508
693.515
698.664
704.08
703
706.62
708.522
710.424
696
699.676
695
697.446
697.368
697.277
697.355
699.073
698.595
698.337
703
719
715.721
687
693.564
693.6
694.061
692.521
692.832
694.441
695.483
696.177
696.216
696.33
696.454
696.405
696.367
696.444
696.73
696.596
711
707.991
707.655
705.726
705.39
704.741
703.602
702.506
696
679
649
656.503
654.707
657.968
661.361
656
660.186
663.706
671
673.69
695
697.764
698.781
698.385
697.866
697.088
695.487
693.652
692.672
690.142
689.287
688.287
687.578
687.115
686.933
773
761.965
754.443
749.451
687
698.257
692.301
688.119
684.629
683.337
797
792.595
775.066
761.817
797
898
872.488
838.343
816.56
817.697
824.17
817.35
687
703.612
712.003
730.967
733.737
727.218
914
895.299
851.822
829.41
834.57
719
721.873
723.571
725.989
726.665
730.473
610
601
603.517
603.233
606.639
608.138
610.128
613.159
656
672
682.798
689.228
694.124
697.556
697.789
672
673.196
669.576
667.25
665.335
663.171
662.486
662.04
661.298
660.116
658.912
609
621.332
618.906
619.387
620.015
621.473
623.815
626.252
628.781
631.494
634.129
636.672
638.481
639.088
639.085
633
635.57
634.965
634.672
634.067
640
641
639.579
639.538
633
632.775
632.128
632.545
633.375
634.301
635.282
636.3
625
628.899
629.366
630.369
631.341
632.301
633.306
634.172
635.056
635.711
636.136
636.364
636.384
641
640.118
639.667
639.379
639.896
640.39
640.324
637.364
637.206
637.035
636.92
636.845
636.734
636.537
636.296
636.989
637.626
638.141
633
617
625.89
610
615.445
616.146
619.224
586
599.966
599.343
602
602.505
594
598.333
600.414
601.765
602.337
603.416
604.615
633
629.37
628.201
617
619.034
625
622.508
621.443
620.86
620.738
620.612
617
609
609.414
608.741
648
643.625
641.225
640.198
640.419
727
719.873
710.365
703.983
702.392
700.04
695.272
657
660.961
657.089
654.36
656
652.567
652.069
652.457
653.213
653.129
652.634
652.087
652.444
654.413
656.008
657.84
664
664
666.022
668.033
667.689
667.544
667.082
667.038
666.343
665.865
665.433
617
636.85
633.268
633.418
632.956
634.44
617
623.012
624.005
626.262
627.887
630.071
632.594
634.936
617
622.346
623.537
624.422
623.997
625.092
625.718
626.707
726
710.767
701.742
696.738
695.216
691.792
685.671
679.878
675.604
672.43
669.424
666.021
663.086
660.58
735
729.068
719.464
712.436
708.259
704.697
700.739
696.364
693.517
692.874
693.279
750
821
814.057
798.604
787.325
778.235
773
764.002
781
782.05
778.3
771.396
765.81
760.889
756
781
781.017
775.546
766
761.685
761.623
762.872
762.859
763.199
821
822.571
819.833
812
808.599
804.511
799.356
793.388
859
828
875
869.295
857.211
821
822.649
818.655
766
789
789.396
792.253
766
775.756
781.934
783.987
757
765.271
771.618
774.552
770.277
770.097
776.457
781.537
789
783.452
782.139
785.467
785.968
875
856.929
844.528
834.591
830.438
883
867
852.034
840.613
805
808.72
914
894.624
873.992
875
871.859
813
820.127
820.717
1047
977.984
719
711
717.41
1282
1031.45
921.972
911.875
926.634
1218
1059.24
923.545
912.101
969.309
1008.66
976.557
871.239
869.272
921.729
820
814.423
815.258
821.064
824.249
824.226
826.37
836.03
840.46
834.814
835.005
841.832
843.231
782
789.841
796.858
795.941
793.756
796.246
802.16
805.368
804.687
805.017
758
766
789
788.969
785.231
783.045
787.726
750
755.984
756.235
757.372
756.703
758.705
761.802
758
774
812
807.813
800.998
800.584
796.28
792.644
788.102
813
806.65
802.476
799.404
797.342
795.141
791.534
766
773
773.137
804
795.835
792.146
794.611
797.378
798.306
796.215
792.739
791.627
791.048
1008
812
758
762.17
766.77
805
805.635
805
807.536
810.44
808.814
804.355
801.824
758
765
727
736.484
738.002
738.583
739.387
750
758
750
753.527
754.572
757.494
742
746.445
734
737.688
735.921
766
726
733.34
733.831
733.728
732.497
731.91
732.523
732.965
733.322
733.336
733.023
733.698
733.603
734.039
750
746.659
745.525
744.938
744.124
745.688
742
750
746.026
745.767
744.645
744.087
743.463
742.738
758
752.358
751.986
750.696
750.185
749.415
749.53
749.406
749.119
748.994
748.853
749.444
748.892
749.769
749.319
749.178
774
767.048
735
744.29
744.204
797
783.645
775.617
771.67
770.699
765
760.401
774
758
759.255
757.232
758.296
755.969
752.594
751.363
752.711
753.641
751.841
750.535
758
812
766
772.218
773.957
772.245
768.484
765.618
773
766
765.055
762.756
761.972
760.225
758.331
756.836
757.463
756.188
755.051
753.499
754.471
756.823
757.96
726
758
752.838
727
738.121
738.169
737.822
738.001
739.531
741.306
741.686
741.408
741.342
741.408
740.868
740.891
740.438
740.236
740.125
740.284
739.12
741.336
740.823
739.346
740.193
740.88
740.726
740.709
741.512
742.293
743.036
743.706
744.241
744.036
562
685.52
679.261
682.853
681.771
684.516
689.063
693.681
696.186
697.44
539
644.437
643.465
646.709
594
617.636
624.623
672
647.236
711
705.9
742
729.311
695
711
735
718.354
687
691.654
692.011
695.408
688.588
683.896
683.443
684.481
684.174
617
640.055
641.568
643.85
643.077
644.035
647.435
836
783.569
773
765.397
719
709.662
696.23
685.053
679.91
678.107
664
663.545
662.671
662.927
662.389
662.629
662.709
662.638
774
760.709
781
779.044
773.425
711
710.492
703.466
696.323
692.536
640
647.416
617
610
608.191
610
610.214
611.382
613.497
617.702
621.72
625.665
629.634
633.191
636.385
639.515
632
635.3
634.647
635.366
634.743
634.43
634.166
634.218
633.375
633.084
594
606.814
604.635
604.384
604.147
605.38
607.727
610.217
612.555
614.64
615.933
617.539
618.233
618.728
618.843
619.514
619.518
562
555
559.443
557.729
555
570
563
570
573.219
576.88
579.951
582.385
584.342
585.463
586.217
587.13
587.552
587.38
587.186
587.583
587.37
586.474
570
571.5
570.9
571.462
547
557.561
557.481
558.254
559.203
560.869
563.13
564.854
566.624
568.232
579
577.627
578.454
579.145
579.681
580.044
579.45
579.066
578.651
579.116
576.958
576.268
575.74
633
622.327
618.952
619.77
621.936
649
671
666.559
695
693.899
691.869
690.145
688.482
686.747
684.143
680.535
677.076
673.479
688
682.946
682.006
680.56
679.642
678.212
676.925
675.763
674.754
676.298
678.607
680.968
683.137
711
712.235
713.774
713.887
703
702.334
699.426
697.152
882
829
750
750.46
749.912
703
702.847
700.448
700.366
700.871
702.002
735
742.499
739.377
736.779
736.248
734.717
731.157
726.609
696
700.493
700.134
702.312
703.192
705.077
656
669.931
669.549
687
687.623
688.337
690.966
694.607
697.963
698.429
696.843
695.294
694.448
693.748
692.397
691.894
691.612
691.426
691.363
691.68
690.718
690.492
648
641
642.858
680
680.513
640
653.114
641
645.403
679
678.679
676.837
676.51
677.753
677.901
789
766.775
749.118
736.899
719
719
712.46
706.421
700.808
697.727
696.082
694.041
691.089
687.959
734
734.983
728.927
722.501
717.382
773
773
767.294
758.848
755.905
755.319
751.129
744.693
765
719
727.706
726.698
726.784
724.002
687
701.091
702.288
781
770.192
760.861
758.961
711
717.177
713.99
711.26
708.333
705.932
705.295
706.628
707.235
706.402
704.113
702.863
703.769
702.075
700.298
699.035
700.981
702.347
719
718.006
718.182
719.002
719.657
719.202
703
705.736
704.805
705.214
705.121
705.665
706.603
707.387
708.074
708.509
708.798
709.003
727
722.62
914
797
791.473
787.175
821
805.878
787.04
781.117
781.606
779.043
767.282
719
729.92
711
714.563
714.1
714.116
714.626
715.805
720.257
724.227
727.844
731.122
734.066
742
744.071
719
724.83
723.077
723.075
720.336
720.01
720.229
720.532
720.5
703
707.072
706.488
852
816.909
758
758.717
759.106
726
725.536
721.715
721.569
721.589
722.003
722.822
723.552
723.548
722.718
722.717
722.208
703
704.095
703
705.154
705.984
708.173
656
674.537
664
666.966
680
680.492
684.318
687.617
690.898
693.426
672
677.021
675.209
675.425
673.337
671
672.978
673.39
673.52
703
700.488
698.755
672
676.128
675.301
656
672
669.863
671.403
671.781
672.738
673.743
674.229
674.15
674.294
674.321
674.306
674.33
674.281
676.013
743
733.292
726.706
721.966
719.642
687
689.661
684.967
682.337
680.351
679.833
679.959
641
652.5
650.524
672
668.19
633
641
644.107
646.47
647.487
648.462
650.215
656
656.602
680
676.993
675.188
673.999
673.393
672.799
670.885
669.143
633
643.469
641.038
640.803
640.623
594
616.76
614.197
609
610.667
612.136
615.089
617.499
619.889
622.042
623.891
625.501
626.616
695
685.022
678.316
676.564
648
650.654
645.134
641.539
648
644.647
644.05
643.039
642.493
641.455
640.108
672
668.103
664.366
661.668
661.007
662.531
662.26
662.011
661.978
661.852
661.523
661.019
660.607
659.955
659.288
658.614
657.861
657.075
656.311
656.724
659.415
662.026
625
645.157
641.271
643.272
642.757
644.328
646.268
647.651
648.422
648.863
649.16
649.297
649.207
602
620.722
610
612.739
612.183
613.763
615.915
617.253
620.441
621.798
623.37
623.735
624.218
624.255
625
625.286
625.462
625.41
617
620.857
620.003
618
617.902
618.667
619.332
620.009
620.65
625
625.268
625
625.783
626.43
627.022
609
594
599.234
598.911
600.855
602.03
578
587.272
589.108
591.682
593.229
595.299
609
608.682
617
616.465
616.98
616.962
602
605.3
555
577.641
574.768
573.314
572.434
797
710.709
688.498
683.564
675.415
663.719
651.53
640.485
634.34
630.848
628.642
626.479
624.515
622.74
621.216
656
653.889
735
722.685
718.213
718.94
758
761.073
755.505
703
707.912
765
760.194
746.884
734.795
734.041
726
725.926
719.196
680
688.499
694.28
672
675.001
674.994
664
666.82
672
673.561
674.881
687
690.635
694.271
697.607
664
672.054
669.964
669.418
680
677.658
657
661.92
662.342
663.492
662.547
662.764
663.673
664.7
665.495
665.881
666.226
666.538
666.704
667.871
668.023
668.459
668.568
668.577
668.785
668.697
641
651.321
649.131
651.329
650.714
664
672
671.419
671.606
671.763
671.719
670.911
669.749
668.883
668.394
656
664
656
657.791
656
655.78
656.629
656.486
657.315
658.146
659.389
660.799
661.767
662.698
718
714.114
709.693
706.379
704.861
701.533
697.05
692.808
689.758
687.731
686.065
684.616
683.438
641
653.386
650.961
652.055
651.711
653.517
586
620.837
617.928
619.535
619.097
619.979
622.653
625.174
627.079
628.596
629.979
631.238
641
638.25
637.878
625
629.43
628.663
628.458
627.319
627.051
627.807
679
675.879
695
694.008
694.034
692.649
719
714.896
664
669.143
667.085
663.629
659.704
656.945
655.887
655.363
654.38
653.275
652.574
652.258
654.45
656.008
658.164
659.973
661.654
662.92
664.294
666.089
666.813
656
648
650.885
650.57
651.053
651.822
633
639.984
640.014
641.109
633
648
647.107
664
663.362
663.794
664.239
664.458
664.117
663.104
661.956
661.045
664
662.721
662.104
661.36
661.16
661.008
649
649.708
649.485
618
609
612.738
613.936
594
600.37
602.437
605.722
608.774
612.009
615.513
618.932
622.16
624.533
625.828
626.725
626.915
626.601
626.189
626.18
626.478
626.068
547
582.732
579.193
576.807
562
568.243
570
571.25
573.074
575.215
577.796
562
569.038
569.696
547
555.778
557.143
555
555.512
556.366
557.173
558.438
586
582.002
581.631
582.36
583.195
583.905
586
584.96
585.358
585.064
584.828
584.32
583.573
583.438
583.329
581.499
581.344
580.754
580.115
579.982
539
565.192
560.84
560.912
560.679
561.75
563.513
564.939
566.318
567.514
568.554
569.385
570.062
578
576.026
576.482
576.872
577.169
577.232
577.198
578
577.571
575.683
575.171
574.647
574.17
574.09
573.98
562
578
573.938
586
578
579.173
580.185
581.1
581.645
582.048
582.57
586
594
609
605.403
604.793
604.532
604.421
604.077
603.542
603.279
603.143
602.966
602.813
602.881
602.946
602.968
602.937
594
593.972
593.731
593.491
594.905
609
609.671
609
617
617.092
616.937
616.78
616.657
616.553
616.302
633
626.864
626.698
617
617.383
617.014
616.846
656
650.488
648.344
647.082
647.432
646.864
644.536
642.597
641.693
641.246
640.907
640.642
640.436
639.947
664
658.61
656.599
655.477
654.97
672
668.152
667.173
666.403
666.269
665.727
648
649.624
647.866
625
618
617
618.123
620.269
623.615
626.988
630.517
634.007
636.437
578
601.4
586
589.088
588.154
589.112
590.396
592.353
594.152
596.006
641
617
620.575
601
606.848
606.032
657
643.031
638.647
638.06
638.349
636.64
633.256
649
648
641
639.933
639.185
638.512
637.615
617
621.781
620.765
618
616.979
617.323
619.785
622.44
624.179
625.526
626.855
628.138
629.224
630.649
631.437
632.206
632.717
633.022
633.175
633.116
631.446
695
683.971
679.049
677.523
687
683.889
678.732
674.741
672.45
669.998
641
644.553
641.453
639.758
638.076
637.617
637.827
637.893
638.147
638.639
641.25
643.766
646.382
648.778
593
614.705
613.449
613.1
612.478
633
631.713
695
691.791
664
666.875
664.999
662.094
657.232
653.565
718
704.738
695.011
690.223
691.051
688.076
664
665.222
663.874
662.497
659.963
659.348
661.49
586
586
588.598
588.191
589.732
591.353
595.16
599.576
604.268
617
621.553
711
708.529
702.979
700.697
697.17
640
644.377
638.576
633.067
628.59
625.521
649
648.443
648.293
647.027
647.141
646.612
688
684.794
680.243
682.434
684.503
648
654.772
625
627.979
626.24
625.973
656
655.865
658.701
660.423
625
625
623.263
617
616.665
617
618.964
620.792
622.215
623.891
624.713
626.075
626.617
711
703.527
695.376
690.461
688.368
684.701
679.645
664
661.252
657.829
655.551
652.82
651.005
650.125
649.548
633
635.591
634.195
634.147
635.247
637.709
640.593
643.39
646.037
601
641
634.569
633.405
631.632
632.403
633.755
634.167
634.092
634.147
633.95
634.111
633.932
633.679
633.462
633.762
634.05
634.209
634.244
634.588
633.306
636.004
636.762
636.619
636.365
636.231
636.111
635.927
635.734
635.494
635.254
635.811
635.591
635.351
633
634.192
635.145
636.028
636.521
636.281
636.041
703
680
675.681
674.188
674.206
670.922
666.742
663.426
661.423
659.77
658.199
656
655.168
654.47
653.794
719
709.807
702.438
672
679.697
678.88
641
640
640.6
641.491
643.024
644.99
647.581
625
630.618
641
641.736
640
649
649.489
652.255
656
656.186
655.45
656
656
655.506
654.282
633
637.458
637.777
633
633
633.909
641
641.286
642.217
643.043
644.134
645.036
645.69
646.137
646.467
646.801
647.056
647.173
647.206
646.939
645.11
644.88
644.658
641.564
609
617
617.438
619.524
621.583
624.759
679
680.225
672
671.32
670.587
668.492
664.4
660.586
657.967
656.679
655.328
593
615.75
612.908
610.655
610.295
610.798
750
719.583
704.754
702.909
702.212
695.852
703
693.629
687.95
672
671.186
666.266
662.611
657.988
654.243
653.206
652.169
650.451
649.778
649.959
652.257
649
651.624
653.645
655.804
657.99
660.143
662.663
625
639.166
636.757
636.994
636.249
637.034
638.373
656
672
671.591
669.813
669.203
669.173
666.726
663.572
662.256
661.373
660.693
659.917
659.733
742
734.377
726.923
722.134
720.03
735
728.092
820
808.504
820
810.903
803.726
795.871
786.425
777.497
727
727.624
721.454
719.022
719.039
722.49
727.178
731.128
733.771
735.509
736.338
737.487
740.504
743.219
745.546
664
680.221
680.498
682.306
633
645.548
625
631.232
632.087
634.706
638.396
571
595.904
596.634
571
579.415
578.473
577.844
577.691
577.893
601
597.189
687
766
680
684.7
703
698.52
689.117
682.939
681.301
680
648
680
671.604
666.279
661.191
633
641.954
637.475
625
626.44
625.993
626.805
628.37
630.481
632.752
648
649.377
651.454
652.973
633
636.962
625
627.571
626.245
626.31
627.059
628.076
629.01
629.685
630.331
630.836
631.312
610
601
604.668
605.257
607.317
609.282
578
589.579
590.486
592.432
593.387
595.725
598.925
601.112
602.417
603.338
603.669
603.802
603.649
603.782
603.727
603.984
604.196
657
664
660.755
658.211
659.684
658.328
618
623.245
619.104
616.131
614.411
613.581
613.544
656
654.621
640
641.439
641.851
664
659.049
656.121
758
745.93
732.061
725.363
726.562
723.075
714.669
672
677.639
675.19
672.12
648
649
664
665.186
663.886
664.439
667.055
669.433
670.424
672.602
674.77
677.023
678.611
679.079
678.527
678.368
696
692.474
691.074
690.05
689.601
688.273
686.667
685.315
684.288
683.605
648
633
641
672
672.98
676.119
677.393
680.104
681.124
680.918
679.843
678.702
677.882
677.093
676.107
664
665.298
665.257
672
672
671.611
671.328
671.153
672.284
673.325
674.286
703
701.046
700.202
698.44
697.576
696.245
693.726
691.736
690.052
687
686.189
685.315
684.506
683.829
680
680
679.76
679.519
679.279
680.093
633
658.051
654.881
657.076
657.613
659.956
656
659.413
750
739.573
728.832
722.16
718.926
714.559
708.032
703
699.277
697.029
694.95
692.01
689.943
687.979
686.578
686.009
684.597
682.481
680.099
601
635.661
633.994
635.351
635.596
637.847
555
604.345
600.542
601.107
599.998
599.677
601.189
602.385
603.034
603.725
604.505
605.334
606.219
606.602
605.95
607.868
586
594.272
593.846
593.012
591.476
601
601.279
602.158
602.815
603.512
604.178
604.712
605.201
605.697
606.209
606.741
607.274
607.693
607.886
608.123
605.303
605.121
604.779
603.63
601.912
602.942
603.762
633
641
639.368
648
649.569
672
668.895
666.672
687
684.169
682.566
681.339
681.148
680.858
679.502
625
634.28
630.258
625.884
624.145
624.268
626.046
687
685.362
684.089
685.745
687.64
685.732
682.294
678.461
676.071
673.782
671.473
610
609
608.563
605.967
607.265
608.817
611.874
679
683.34
696
765
766.334
719
757
751.653
744.242
737.242
719
716.675
710.357
704.151
698.619
694.727
691.417
687.933
685.269
684.457
664
668.803
668.073
669.988
688
692.9
697.885
702.56
706.931
664
673.884
640
644.275
649
649.889
679
681.841
684.811
686.328
640
649.483
648
645.151
642.937
625
629.188
630.113
631.701
632.586
633.018
635.596
636.582
637.31
637.39
637.642
718
710.241
702.207
718
735
731.155
724.162
720.518
717.792
714.654
704
700.234
697.002
693.996
719
750
743.029
836
829.202
816.468
758
758.565
711
706.634
701.701
701.816
734
744.24
746.698
747.468
747.746
844
839.351
822.986
806.792
796.848
788.616
779.924
771.177
765.019
761.417
760.246
758.695
726
728.264
726.64
730.009
731.934
733.364
735.661
739.585
726
728.786
729.693
731.796
733.487
735.48
738.043
695
706.012
705.391
707.234
705.985
812
801.551
742
813
805.017
791.011
783.188
782.316
773.679
764.577
762.418
761.212
756.327
751.498
750.653
749.432
719
739.04
733.124
733.024
732.091
732.872
735.048
737.586
740.009
742.643
938
881.726
857.569
851.234
842.826
826.358
808.79
796.859
791.884
788.261
785.45
781.042
779.623
779.12
778.09
776.94
775.214
772.916
770.91
770.796
772.138
774.022
776.35
778.864
781.672
784.848
787.914
788.465
781
783.891
734
747.078
821
808.252
800.565
796.316
773
775.192
773.273
770.893
765
763.339
764.22
767.222
768.343
767.362
765.493
765.372
757
759.314
755.8
754.84
945
893.361
868.663
861.029
851.266
835.535
818.929
807.081
800.916
799.235
798.298
796.88
795.699
867
869.834
853.423
907
904.124
883.457
881.135
883.244
874.623
865.278
862.66
861.624
854.548
849.173
847.828
844.561
840.69
836.545
834.432
835.982
838.864
930
917.343
915.651
912.869
908.315
899.944
891.178
884.59
879.347
874.985
898
893.079
886.816
885.234
882.687
880.562
875.806
870.727
867.006
867.755
871.29
874.582
877.165
879.798
882.34
1172
1052.97
1007.5
1006.27
891
891.397
890.187
888.9
885.099
885.784
851
836
867
873.068
873.06
870.857
1172
1083.68
1020.19
1020.42
1020.67
993.272
789
799.597
812.576
848.491
914
813
817.817
945
956.058
906.974
879.189
890.253
906.584
904.239
882.558
867.855
899
911.653
901.945
1281
1119.12
1008.58
1008.03
1013.33
984.823
937.068
907
924.481
929.85
920.218
913.785
930.359
939.502
1062
999.644
955.433
956.195
789
790.348
795.931
1196
1046
829
765
767.365
828
870.696
1007
971.375
820
805.296
829.876
905.282
935.536
992
883.488
815.114
815.247
797
803.046
812.457
812.167
799.787
898
918.024
901.109
869.053
865.138
870.897
868.811
853.004
836.185
835.294
842.056
846.864
838.421
830.442
836
842.036
750
773
774.588
780.863
781.668
786.655
794.471
800.768
803.55
805.013
808.047
809.851
852
841.606
851
848.2
844.508
840.148
834.267
820
829
824.22
821.685
818.948
817.456
852
805
812.985
805
859
843.77
841.375
842.477
781
774
773.99
805
805.288
750
766
774.312
758
750
773
779.12
779.265
774.531
778.325
783.179
782.76
778.881
777.815
782.454
812
799.464
792.742
794.016
797.118
796.199
791.895
788.359
787.862
787.339
786.4
797
792.899
792.351
791.332
791.25
820
758
758
761.341
763.579
742
742
746.642
750.67
752.581
756.388
760.879
764.587
765.926
766.225
938
882
858.885
852.496
883
870.654
850.632
837.493
837.914
838.116
829.008
818.259
816.062
820.436
821.821
815.554
808.478
806.045
805.99
808.297
809.254
930
917.025
904.123
895.104
893.387
883.203
883
828
831.84
830.975
742
749.702
750.895
755.362
760.917
769.206
779.495
787.704
793.983
798.704
805.262
810.422
648
625
630.217
631.112
635.559
640.534
647.121
655.339
662.847
669.892
676.112
681.605
686.362
727
734.679
736.62
736.643
736.208
733.718
742
766
761.462
758.072
757.617
758.395
756.693
753.191
749.966
748.5
747.14
745.301
743.165
741.781
740.733
740.052
739.943
739.757
739.142
719
728.732
729.805
733.151
734.424
765
766.773
768.25
766.686
758
719
725.041
711
712.547
711
719
722.301
688
697.943
698.114
701.351
701.718
703.647
711
712.616
715.743
664
676.286
664
666.86
665.214
667.146
670.139
673.277
675.77
677.953
602
586
594
592.187
594.036
595.723
598.571
602.611
606.559
610.727
614.53
617.869
621.053
623.533
625.012
735
757
744.481
742
738.096
719
711.677
695
687.723
681.658
676.622
671.93
688
689.444
689.28
687.248
685.359
681.717
676.715
673.074
673.784
674.854
676.62
678.497
680.922
683.121
680
681.278
682.03
719
711
710.639
710.183
709.962
1008
883.107
836.306
820
805.668
1023
948.839
886.426
846.999
844.797
844
789
774.891
772.104
774.194
778.589
778.204
828
830.514
826.032
823.511
824.411
822.769
813.626
809.603
810.866
812.019
844
842.953
837.132
930
922.857
789
807.108
811.434
807.367
812
817.24
821.629
821.03
797
805.481
808.854
804.043
836
830.717
826.822
825.932
825.674
726
739.675
740.284
742.964
812
852
1172
1008
958.489
957.258
939.79
882
858.547
821
817.394
816.667
816.729
868
884.649
882.166
878.322
813
810.999
809.19
807.819
806.841
809.223
813.897
818.938
822.71
824.72
824.607
824.556
822.89
820.412
818.289
816.571
819.211
821.151
822.724
824.884
822.75
821.557
820.124
818.689
817.181
1258
1031.46
954.567
954.671
951.622
1015
922
836
852
868.535
870.729
861.214
860.059
883.136
896.187
883.784
856.089
855.805
864.617
860.817
852.804
805
811.295
825.9
837.511
832.905
820.696
822.461
831.382
840.203
837.384
828.72
825.61
831.523
839.335
838.167
833.795
830.749
930
927.193
820
832.568
840.475
839.679
827.947
825.248
836.255
842.421
833.88
824.758
835.456
842.89
835.31
821.001
827.703
839.297
837.842
819.496
819.943
832.158
834.239
830.23
826.791
830.226
833.414
833.425
830.426
829.282
821
789
797.685
801.019
804.23
859
853.633
1039
998.47
972.212
966.461
951.895
929.309
909.943
897.758
993
980.044
956.043
938.64
944.68
942.315
925.217
905.871
901.66
1015
997.951
965.524
946.944
899
914
923.225
915.701
898.27
1227
1128.93
1047.78
1040.86
1047.81
1019.28
968.963
971.256
985.539
984.191
942.459
951.866
782
791.265
796.595
789
790.43
799.567
815.413
828.694
841.139
1000
993.944
986.85
985.953
982.001
963.898
766
774.048
778.476
790.931
953
953.693
929.055
890
887.652
1023
1010.75
973.563
933.304
920.637
922.294
924.781
916.747
899.881
1016
1007.22
980.838
943.256
943.565
961.931
958.09
933.052
914.39
928.262
1016
1001.45
969.31
949.857
968.516
875
879.913
885.659
892.987
875
875
886.545
895.349
891.448
887.948
895.595
875
844
847.923
854.863
857.572
856.668
844
849.555
813
820.939
821.25
824.169
825.924
828.922
832.564
836.265
839.387
841.407
842.224
890
883.273
851
1297
1095.93
1005.89
1007.37
999.918
959.323
956.684
956.226
943.852
1078
1040.49
986.222
990.764
991.093
952.343
942.056
947.662
947.489
906
918.994
936.417
933.13
1227
1121.44
875
878.882
894.954
907.235
875
876.419
900.282
926.823
924.176
907.597
852
859.069
870.967
874.487
875
853.331
851.115
855.443
863.293
862.835
855.454
847.739
850.516
858.214
852
883
875.521
872.726
872.405
867
867.597
864.207
864.248
863.627
863.918
862.33
862.152
862.08
862.633
862.552
862.156
861.154
860.26
860.999
859.829
865.395
773
794.433
797.374
802.802
804.932
820
829.92
836.073
839.105
839.945
844
843.658
842.86
922
903.512
893.772
891.309
891.112
882.093
828
789
791.12
792.532
796.749
797
806.029
914
912.089
894.886
887.576
890.698
883.035
868.573
857.787
813
813.671
816.36
820.498
819.549
820.751
906
905.264
891.645
878.397
836
834.72
833.315
830.985
828.559
827.405
830.684
835.296
835.215
831.151
827.01
824.588
822.907
820.264
816.156
814.875
817.711
819.915
822.112
824.556
826.604
828.402
882
874.588
869.288
863.043
858.708
854.629
849.413
796
954
1148
1102
875
885.668
893.247
895.361
879.431
866.972
870.175
889.005
902.176
896.096
872.526
870.522
877.658
884.038
1016
962.57
908.47
907.592
915.569
921.987
836
890
899.929
898.501
872.976
874.746
893.908
897.4
872.314
860.837
883.673
892.919
875.436
853.087
938
934.539
908.246
883.675
907.769
916.097
895.633
875.939
893.337
903.97
891.552
871.458
883.869
896.528
892.008
852
864.931
884.57
886.942
875
868.358
883.928
1211
1048.99
949.393
950.609
962.692
992
937.293
906.115
930.965
965.451
963.842
911.693
898.103
929.782
963
951.682
899.134
894.944
916.674
926.257
912.387
851
863.645
829
839.588
843.451
842.075
841.731
851.879
864.222
868.939
930
918.714
912.893
1071
968
966.822
966.328
906
918.942
1086
996.558
836
851.404
866.572
836
833.998
858.433
1172
1042.13
852
855.835
885.988
889.825
865.723
863.424
901.226
953
914.312
868.363
879.576
907
908.983
882
914
915.547
910.813
797
804.089
820.282
836.459
829.476
820.806
836.342
852.56
851.46
789
795.758
750
755.38
757.132
759.877
762.905
750
750
755.665
750
752.151
752.989
828
844
838.45
833.728
832.625
852
844.515
833.77
765
769.062
768.315
727
730.266
731.957
781
788.591
785.206
785.896
790.617
791.655
890
878.449
862.751
851.105
848.142
841.143
828
817.627
810.407
807.652
820
817.03
811.216
807.668
808.499
809.216
806.829
801.92
914
903.519
895.438
888.898
886.483
876.98
866.217
851
848.663
844.504
839.939
835.294
834.368
945
867
867.873
871.718
869.531
859.547
857.35
930
836
855.304
865.455
1094
974.952
937.875
773
774
774.035
938
924.428
891.857
884.963
961
965.727
934.831
820
867
908.188
914
836
825.486
930
950.245
901.975
849.846
789
813.754
849.07
855.766
1000
944.885
897.64
992
996.371
957.925
910.066
836
849.58
862.112
863.719
836
839.238
855.832
864.199
849.841
899
909.308
895.616
875.008
883.323
883
874.184
868.634
873.55
812
823.453
825.924
804
808.084
814.477
818.334
953
928.577
914.192
875
843
839.124
766
765.985
766.919
772.016
777.742
785.846
798.191
808.469
811.011
735
742.406
744.357
746.346
747.172
749.557
754.716
760.316
750
750.559
735
739.057
738.706
740.132
738.516
740.371
743.124
745.313
746.223
747.855
828
820
814.452
809.243
805.81
800.223
793.478
875
861.574
846.684
837.483
836.715
830.619
821.035
813.023
836
830.887
823.298
816.849
819.806
821.151
816.269
811.264
906
890.37
984
964.558
945.54
943.019
934.256
919.977
968
954.761
940.867
936.954
936.103
926.397
916.277
867
873.436
872.733
906
900.707
895.967
900.865
909.149
911.827
906.54
985
977.182
968.167
962.952
961.968
961
950.662
942.844
941.79
936.888
930.276
875
884.96
945
942.359
907
929
942.264
936.64
920.23
924.463
969
959.296
938.232
934.409
951.145
951.691
929.701
918.919
937.892
942.348
929.232
914.049
927.725
935.913
929.862
915.556
836
1243
1073.33
984.316
985.608
991.948
972.746
937.03
937.989
948.849
950.159
937.943
927.97
932.645
939.288
937.439
927.023
922.569
924.924
924.466
969
958.683
956.438
955.381
958.422
960.71
955.329
797
811.479
813.139
819.598
824.02
758
765.705
772.763
785.37
679
696.523
703.525
712.395
672
680.739
691.13
648
657.053
662.646
663.334
663.325
666.154
670.19
672.566
673.627
675.883
678.1
679.882
680.27
679.955
680.29
789
771.235
763.432
759.814
812
808.177
773
790
781
774.465
765.454
750
750.14
742
737.838
733.879
732.127
731.109
730.054
730.443
733.194
797
794.989
792.544
793.65
795.017
790.332
784.956
779.607
775.719
766
763.609
760.498
969
900.247
867.715
859.707
891
859
837.873
827.918
805
805.528
803.573
801.976
799.698
799.283
800.082
800.984
799.688
796.634
793.842
793.762
969
935.944
915.968
906
901.49
888.304
875
860.766
867
866.049
860.974
859
853.537
851.91
848.67
977
953.64
1016
994.515
970.367
966.516
906
902.785
895.675
890.154
886.77
887.462
889.483
889.517
888.387
1234
1107.61
1045.76
1046.01
1042.26
1274
1186.68
1105.29
1095.02
1039
1117
1095.44
1054.2
953
960.475
1007.38
1030.92
981.489
947.694
1002.77
867
867.761
1203
1124.78
1042.86
1057.41
1065.81
1026.06
990.619
1003.17
1003.44
976.54
969.505
988.128
991.512
963.894
1187
1120.73
1046.76
1051.68
852
992
996.11
965.238
954.165
979.216
981.509
954.035
951.434
964.42
1156
1089.2
1026.38
1029.53
1037.22
1003.94
976.87
985.636
998.424
995.622
966.89
965.837
859
864.687
871.743
1242
1125.18
1053.03
1049.53
1000
991.614
891
828
827.58
838.492
861.629
907
935.79
955.874
899
896.749
896.377
867
1289
1128.39
1046.38
1043.02
1042.26
1026.61
1000
984.97
883
881.662
1008
891
828
875
926.877
922.248
894.919
897.192
911.401
904.337
886.004
889.727
910.602
911.437
883.217
879.34
905.99
907.031
882.96
1195
1076.97
990.691
993.566
993.97
948.889
944.136
960.399
959.268
922.343
860
835
840.042
844.053
845.214
850.515
862.752
871.172
871.226
871.745
883.13
889.227
797
766
726
724.164
724.585
730.272
739.364
751.358
761.944
937
923.337
859
858.454
1141
1109
1055
1010
997.694
851
1242
1128.98
953
932.413
844
1320
1158.05
1025.53
991.259
1027.11
1063.8
1060.89
1021.18
844
846.727
1234
1162.18
1042.81
951.564
959.726
1021.26
1035.65
982.311
910.02
916.624
968.45
875
836
840.382
882.416
917.853
901.206
868.025
867.123
905.52
922.977
904.266
874.29
878.994
900.653
911.653
896.065
871.258
870.899
887.136
898.038
888.837
869.142
863.607
876.844
887.431
883.322
870.468
860.241
867.962
877.96
881.611
873.779
862.185
1266
1118.17
899
867
984
982.277
1031
851
861.213
860
884.858
1180
1039.6
941.603
937.302
1257
1137.75
883
869.551
926.194
1289
1113.37
971.184
968.522
1188
1138.19
867
860.582
941.496
1063.86
991.315
890
901.233
988.154
922
883.028
881.71
923.051
957.962
919.974
882.018
901.273
1289
1128.12
1004.08
997.425
1026.94
1024.02
953.398
942.071
985.281
1009.74
973.643
924.282
948.664
995.454
994.692
937.558
919.885
951.146
968.041
933.887
910.927
805
860
1296
1144.84
1036.01
1023.77
1141
1102.39
1021.01
983.314
1012.85
1110
1072.43
993.565
978.609
961
1258
1146.86
1033.95
883
882.99
943.788
1029.12
1012.91
922
894.238
936.364
1014.89
1023.62
971.388
905.657
911.813
962.221
1023
996.59
916.013
889.825
924.778
891
890.693
874.17
1297
1160.73
976
969.094
1001.57
1002.76
951.97
943.142
981.704
994.863
1234
1093.93
1003.7
1014.05
1038.76
1036.88
980.478
957.451
938
939.44
936.795
933.665
992
1019.44
984
964.066
844
848.478
857.083
866.761
869.486
878.238
836
841.291
846.174
850.761
851.384
1032
1062
1034.58
1004.83
999.262
993.738
974.898
953.804
950.699
1078
1059.2
1027.88
1006.57
1179
1146.08
1092.58
797
798.115
813.055
1007
1004.02
965.491
1226
1195.64
914
911.512
981.636
1140
1032.46
867
882.233
954.503
984
852
846.177
900.479
968.461
969
1008
997.282
979.908
969.023
968.242
966.289
945.2
925.661
933.596
1000
979.824
962.171
960.365
969.006
961.631
947.378
938.313
976
978.599
968.563
953
964.991
977
930
931.966
942.697
945.381
937.224
931.21
940.598
945.673
941.693
934.342
939.254
943.879
941.969
936.083
938.625
943.796
946.047
944.094
941.285
943.98
942.911
942.446
942.571
953
949.011
947.772
946.691
867
884.091
890.903
896.736
922
924.957
930.126
933.187
933.288
932.247
930.655
929.21
928.125
927.11
926.413
927.252
928.162
927.827
844
861.531
865.367
871.157
870.218
875.325
885.833
893.822
960
948.266
940.948
938.541
936.392
928.88
919.906
916.241
916.968
953
941.799
933.072
930.377
928.19
923.715
1062
1149
1099.25
1065.38
1062.9
1050.64
1335
1086
1044.61
1040
1041.06
1005.87
997.134
1026.19
1040.04
1015.16
1002.31
1031.97
1036.71
1003.85
996.623
1027.38
1028.96
988.632
982.898
1250
1144.26
1125
1119.08
1164
914
931.873
955.92
955.195
951.701
981.107
1005.96
993.701
993.526
1003.46
995.296
883
900.786
1055
929
926.617
950.473
958.669
923.743
932.98
820
827.407
832.621
834.188
834.777
849.447
869.09
875.851
874.044
872.543
873.322
867
864.756
865.03
865.487
866.409
867.078
867.137
864.237
865.709
862.237
860.263
858.123
856.231
854.751
855.841
1211
1045.98
990.324
991.448
983.707
828
830.597
835.001
837.868
1219
1076.6
1008.56
1008.69
1008.23
994.444
964.851
957.221
1140
1096.15
1031.13
1023.93
1030.72
1164
1098
1023.27
1018.51
1044.14
1046.23
985.048
958.703
851
855.631
868.175
895.438
900.828
905.363
930.257
952.271
954.947
944.056
942.618
961
961.567
955.007
948.421
949.047
950.066
1290
1157.3
1057.43
1059.38
813
813.603
937
944.017
923.84
961
982.832
979.184
836
849.589
870.152
873.579
859.033
857.063
871.909
879.367
828
828.371
848.475
1211
1052.85
952.749
952.302
962.071
948.275
1039
989.961
954.761
953.945
961.813
961.355
933.725
908.207
909.703
924.078
923.996
899.903
890.075
899.6
905.198
901.669
890.961
892.993
985
945
1148
1203
1131.84
1094.2
1094.35
1101
1066.54
1040.58
899
1093
1086.9
1056.21
1019.42
1028.33
844
863.452
1203
1126.81
1057.64
1049.58
1057.98
1055
1021.06
1003.74
1013.09
1289
1194.22
852
852.194
901.611
1006.64
990.965
944.273
951.248
993.596
998.28
981.85
965.34
981.165
995.296
992.645
958.163
949.648
957.091
960.172
952.887
928.931
927.669
936.25
1054
875
875
883.933
867
864.707
871.319
887.917
1235
1156
1077.85
1079.56
1070.82
1021.68
1011.55
1012.81
1001.54
973.291
972.833
975.703
844
820
821.339
824.25
914
946.514
949.678
962.851
979.538
980.177
978.682
978.192
974.157
965.721
875
878.761
878.959
880.587
878.541
969
961
947.95
947.254
949.462
940.133
933.034
933.465
932.341
928.09
1023
1006.14
890
907.362
918.86
911.08
1110
1064.61
766
782.869
795.134
807.19
812.083
937
969.126
935.857
931.005
937.953
934.601
1258
1146.44
1067.21
1328
1249.28
1148.01
1148.47
1148.7
1088.48
875
873.114
910.992
989.477
989.315
984.78
1019.72
868
868.15
1258
953
939.357
953.132
952.674
933.684
929.028
934.801
939.844
932.703
930.03
932.949
933.024
1172
1065.14
983.387
987.153
990.528
959.817
957.512
963.496
930
929.122
931.181
932.79
828
840.684
848.503
836
1289
1305
1172.18
1173.92
1173.5
1092.51
1084.66
1084.63
1025.98
1022.72
1029.51
1266
930
812
813.264
823.928
825.141
922
957.504
958.446
966.011
987.234
986.94
979.029
979.095
978.17
969.921
963.986
961.931
959.414
953.695
950.683
947.486
1032
882
900.849
904.882
961
948.633
950.128
883
896.123
875
875.893
1304
1142.81
1056.49
828
828.394
1054
1018.05
956.161
896.174
1055
1057.13
1004.19
1016
1012.87
1117
1071.68
1005.06
994.373
1005.66
1004.88
898
875
904.815
939.323
936.608
914.487
930.936
962.64
965.866
882
883.171
911.2
927.061
905.526
886.072
906.941
925.469
937
905.213
897.046
913.136
923.912
913.122
891.066
897.642
1289
1126.04
1004.07
1003.55
1015.53
995.188
941.422
943.332
1101
1064.39
980.228
875
893.055
950.247
968.805
925.108
758
766.915
890
960.127
931.431
872.313
858.208
901.926
950.148
949.013
797
797.631
826.774
884.994
881.036
834.137
810.603
835.01
1203
1061.3
952.972
905.656
1242
1111.83
984.965
953
991.183
1094
883
882.433
940.732
989.166
1047
934.314
891
940.287
1006.8
844
842.691
889.144
933.623
893.639
844
876.798
919.06
920.693
869.869
864.202
1235
1098.08
1125
1059.81
1022.63
1021.28
1019.34
984.286
961.986
836
837.705
845.384
862.876
868.614
874.282
888.281
896.628
895.968
894.022
894.03
898.499
901.165
902.672
904.102
905.902
906.499
1266
1135.33
1046.21
914
913.899
913.958
912.311
901.661
977
984
965.725
951.629
956.789
956.183
859
861.692
867
869.936
868.327
883
901.437
905.409
1312
1144.14
1059.05
1060.56
1057.05
1013.36
996.575
997.197
994.264
981.346
972.5
973.007
930
927.605
927.146
926.048
923.707
921.041
919.337
920.827
922.61
926.785
930.81
934.214
937.699
941.449
945.055
948.122
950.328
952.047
952.188
952.423
949.018
945.557
942.534
939.737
851
863.371
859
864.082
866.823
875.201
885.107
1125
1052.57
1022.28
898
900.627
900.599
898.882
891.647
867
867.917
880.025
895.458
893.619
860
858.859
869.798
884.617
883.78
867.939
854.193
860.49
883
820
823.866
828.867
1086
991.755
933.668
914
922.526
920.767
906
961
1250
1135.21
1034.73
1026.86
1039.3
1021.62
965.997
956.834
983.107
986.978
955.046
951.304
991.072
1007.62
969.632
936.93
966.324
990.206
922
912.013
937.085
955.358
941.255
920.589
942.445
977
851
859.347
878.337
886.483
871.99
879.197
890
1258
1211
930
828
834.033
1031
1005.49
949.064
921.679
927.888
947.868
952.835
836
882
905.499
909.813
886.712
867.36
868.569
878.933
881.895
860
844.899
847.882
870.191
875.766
1062
1000.26
953.331
948.499
954.399
1016
994.2
956.015
935.012
945.457
953.368
944.81
921.334
867
875
898.024
1093
1023.03
954.567
941.718
965.862
986.122
971.509
934.361
915.213
851
859.352
1055
1036.16
985.225
929.283
922.92
956.074
978.991
1023
972.241
933.215
937.977
966.63
1078
1133
1055.83
980.693
976.494
1014.98
1038.06
883
789
792.191
1289
1158.28
1062.39
1026.67
1036.37
1040.46
1022.39
969.751
961.25
986.228
996.208
978.025
1234
1188
1083.17
1048
1073.34
1063.03
1011.4
1093
1104.66
1067.73
883
899.42
935.074
930
919.876
930.218
970.358
986.897
961.93
961.798
989.089
996.643
974.789
958.339
975.099
985.51
970.652
953.499
961.044
976.648
972.703
957.836
952.271
960.037
766
785.9
787.886
750
753.591
759.144
767.634
775.384
703
716.588
680
680
678.73
679.002
680.854
684.773
689.275
693.055
773
773.786
774.07
851
849.31
844.204
843.146
898
821
836
835.6
825.984
819.649
818.247
812.06
804.625
801.866
1344
1001.47
1157
1091.96
1000.84
1022.01
937
891
894.892
893.756
891.634
938
890
1289
1105.93
1084.83
1089.74
1055.18
1048.54
1044.38
1030.3
1014.64
1011.57
1008.94
1004.04
999.821
996.938
993.455
989.238
1250
1153.11
969
898
901.989
904.277
906.404
916.982
945.267
968.303
967.61
966.688
973.486
973.748
922
921.282
926.932
927.803
922.445
921.032
781
844
849.181
854.141
847.294
1281
1147.37
953
953.802
964.386
956.801
921.291
922.226
939.413
1024
984
945.207
953.752
968.009
967.188
920.316
906.841
916.319
922.267
908.932
906
920.891
932.599
930.676
914.777
916.111
925.094
961
828
875
889.28
890.455
1132
1050.63
1203
1172
1106.28
1108.69
1084.95
1045.69
1052.85
1047.01
1015.88
1024.89
1188
1122.28
1068.77
1102.84
1125
1059.91
898
910.103
928.587
943.447
942.596
968.032
1102
1088.29
1043.42
1061.24
1073.83
1048.8
1014.66
1031.5
1328
1232.53
1144.58
1143.86
1144.51
1095.74
1172
1168.42
859
881.995
907.535
942.084
944.259
979.117
1028.73
984
984.322
1141
1111.05
1069.73
953
1094
1090.2
1041.51
1032.56
1044.93
1041.01
993
993.759
1039
1038.42
1008
1002.25
1036.36
1035.65
1004.92
991.015
820
828.356
1289
1173.37
1094.41
1088.75
1148
1133.68
1080.1
1051.7
961
1070
930
934.417
942.532
942.793
936.6
936.191
942.71
942.252
938.338
938.311
812
832.711
833.819
1218
1064.13
1010.99
1242
1161.41
1080.53
1077.27
1077.02
1041.39
1004.46
1004.7
1273
1192.01
1099.88
930
936.473
994.276
1149
1062.68
1011.8
898
984
1062.36
1065.24
1004.61
939.968
1304
1213.01
1023
958.616
1012.69
1099.73
1068.47
978.343
972.287
1040.92
1258
1146.17
1015.18
1013.29
1132
1132
1049.09
980.333
1023.3
1082.29
1076.4
1003.8
973.247
1035.66
1083.69
1055.34
985.624
985.433
1033.79
890
889.616
912.745
941.476
935.207
929.385
1016
1025.35
993.864
987.132
1007.13
997.168
968.603
970.058
979.43
975.007
957.171
957.013
970.064
970.208
957.728
951.359
958.621
961.999
955.534
945.824
951.104
1227
1203
1114.33
1107.62
1106.61
1070
1034.98
883
887.113
900.466
931.14
943.569
958.987
985.964
996.693
994.221
991.767
991.821
990.243
984.311
984.14
984.612
984.326
982.447
1156
1122.57
1080.13
1077.78
1069.61
1071
1048.72
1039.8
1038.79
1157
1121.91
1090.43
1088.61
1096.66
1071
1047.78
1044.71
1050.83
1048.97
1070
1063.16
1061.51
969
982.109
994.347
999.257
988.991
1235
1190.82
1149.8
1150.95
1149.19
1203
1162.95
922
934.182
955.499
988.358
986.166
991.352
1023.59
992
985.833
990.429
994.836
992.531
989.094
1109
1099
1068.5
1072.34
1047
1093
1062.27
1045.9
1050.36
1047.74
1034.19
1026.3
1029.82
1030.35
1023.26
1019.34
1018.35
929
1172
1101.73
1067.45
1066.87
1069.71
1196
1141.37
1096.01
1096.24
1100.67
1078.65
1046.39
1049.53
1062.15
1060.91
1037.58
1033.46
1047.94
1049.36
1034.15
1028.27
1042.18
1048.16
1038.01
1023.39
1037.35
1047.71
1043.19
1037.27
1038.03
1041.78
1040.56
1036.11
969
987.499
836
844.762
845.144
850.351
858.086
921
949.962
963.146
975.156
983.213
983.089
982.848
980.596
976
868
875.929
1140
1052.83
992.178
1172
1102
1040.36
1039.94
1039.64
994.428
1078
914
944.571
890
895.836
896.743
898.844
902.475
904.296
945
944.621
948.976
950.69
950.676
955.699
955.497
955.303
953.904
951.778
948.183
947.882
943.632
942.278
937.872
961
955.256
950.461
938
1125
1063.97
1041.08
1035.42
1029.54
1008.33
937
906
1000
1004.17
984.562
978.78
1005.78
1008.06
982.692
961
852
891
915.406
925.34
917.227
914.935
932.667
948.61
948.197
929.57
923.51
1218
1129.67
1057.42
1045.11
1050.63
1038.31
997.616
990.988
1003.26
1003.71
981.219
967.589
984.899
997.533
820
837.344
848.272
858.224
858.964
873.235
902.184
916.887
915.494
922.126
932.517
928.025
922.232
923.725
923.236
916.73
915.356
913.617
912.919
911.324
906.56
680
726.906
728.374
737.699
742.839
748.866
757.728
766.544
774.611
781.192
787.214
792.767
796.732
798.653
799.216
799.604
594
679.078
625
637.728
635.693
797
761.622
757.928
757.841
756.499
753.503
1125
986.668
917.368
902.174
890.341
871.046
847.655
832.955
829.593
828.777
827.698
1273
1282
1242
1159.96
1134.72
1122.89
1092.6
1051.74
1049.19
1048.25
1035.96
1015
1211
1173.73
1119.61
1119.47
1118.24
1273
1201.66
1130.31
1139.3
1141.6
1110.81
1081.49
1109.42
1375
1303.64
985
1008
1054
1102
1038.5
1040.82
1102.46
1123.46
1068.32
1057.98
1105.01
1112.03
1068.95
1049.06
1068.39
1071.71
1048.14
1028.78
1034.95
1250
1189.82
1124.81
1117.44
1359
1282.55
1187.58
1164.97
1198.64
1192.26
1142.43
946
949.92
1009.8
1097.59
1085.78
1048.67
1077.74
1122.97
1122.52
1328
1328
1133
1127.14
1174.62
1167.82
1117.04
1098.6
1127.39
1124.75
1081.68
1080.77
1108.05
1095.4
1063.68
1075.74
1096.43
1089.51
1059.66
1074.7
1086.17
1086
937
946.432
961.887
973.838
938
950.846
981.26
1250
1039
1016.37
1048.83
1052.97
1001.88
993.067
1029.85
1329
1172.61
1045.97
1056.07
1091.76
1072.04
997.483
1002.57
1048.83
1048.67
998.906
992.672
1042.99
1067.33
1328
1196.62
899
836
855.448
878.96
897.365
1086
1090.02
1057.71
1044.28
1046.14
1035.94
1007.62
1002.04
1001.65
999.556
1054
1040.41
1027.51
1023.44
1022.98
1010.71
997.424
984.542
978.264
978.422
980.367
982.184
986.304
991.003
993.721
994.75
994.506
992.93
992.177
992.082
995.71
998.156
999.794
1000.89
1001.39
1000.92
999.582
996.441
993.365
991.305
1086
1058.79
1048.81
1036.57
1034.9
1026.07
1017.03
1010.98
1007.69
1003.96
1000.85
1000.17
1078
1156
1130.3
1106
1105.17
906
916.035
921.058
927.536
929.771
944.626
968.672
938
940.588
950.791
954.206
952.763
953.9
956.279
955.513
955.844
958.174
958.547
954.453
1305
1139.43
1203
1170.01
1089.54
1108.76
1100.86
1041.38
883
892.578
904.002
905.611
930
973.073
1078
1052.97
1048.26
1052.82
1043.77
1019.11
1020.63
1022.6
1010.61
998.124
999.953
999.747
1171
1112.67
1080.03
1078.04
1062
1039.13
1020.25
1020.94
1020.41
1010.78
1004.66
1007.29
1009.16
1006.65
938
949.628
958.119
960.928
958.819
962.701
979.397
989.849
961
966.335
976.378
976.822
971.084
967.696
974.047
978.355
974.399
1172
1100.69
1054.16
930
941.401
949.596
944.251
933.144
945.638
966.537
965.021
1203
1141.93
843
847.851
866.536
895.95
895.165
892.622
917.272
936.39
933.793
930.77
932.36
932.582
923.015
913.066
911.361
911.967
911.706
906.31
905.281
907.19
903.537
901.175
899.038
899.994
900.628
901.615
1023
1000.87
995.124
985.424
981.626
970.298
883
890.217
890.839
1234
1098.69
1297
1254.36
1157.73
1157.65
890
898.586
915.991
915.533
915.49
945.139
956.973
955.024
1125
1082
1061
1047
1000
999.282
1000.18
985.229
985.2
986.79
983.639
1109
1080.48
1053.88
1054.81
1052.76
1032.03
1010.09
1005.65
1005.74
997.291
945
953.823
965.294
966.041
875
884.17
896.907
906.142
900.226
910.171
937.232
950.574
942.368
939.226
954.896
958.788
942.418
789
800.669
807.182
819.878
875
891.458
903.937
909.78
909.835
901.85
892.461
884.343
914
912.792
903.853
894.579
893.36
892.668
885.516
878.449
874.756
930
923.079
919.206
911.374
912.387
913.093
908.331
901.274
836
851.338
856.231
862.907
859.151
861.45
868.622
874.87
877.069
872.406
870.734
871.717
875.687
876.544
876.154
877.905
880.707
881.969
879.278
879.631
876.501
875.428
874.202
873.334
872.31
946
926.896
922.113
1141
898
917.343
923.488
905.968
907.495
913.887
908.505
907.737
912.199
908.405
905.571
820
842.479
846.29
844.867
842.843
850.583
1219
1043.35
984.384
987.176
984.456
944.211
934.929
936.872
936.043
922.189
917.616
821
828.41
789
788.195
1328
1117
1030.95
1029.98
1029.05
1021.19
1001.11
991.883
1203
1135.36
1060.91
1057.05
1061.75
1052.06
997.071
992.785
1001.95
1304
1172.09
1078.91
1081.06
1118.17
1188
1114.67
1041.6
1081.21
1131.6
1000
983.081
1038.58
1077.21
1035.54
987.989
1038.31
1079.47
1047.2
981.08
1014.08
1054.71
1047.97
995.851
968
844
977
1006.83
995.883
958.042
967.134
996.038
1005.54
987.747
851
865.988
1195
1117.6
914
901.673
957.798
1016.46
968.106
820
832.054
898.232
981.189
935.51
774
778.703
830.442
926.786
1250
1008.97
886.917
887.055
944.917
973.097
913.835
841.063
845.577
1164
1045.14
930.821
881.358
909.506
971.033
965.392
878.478
914
943.972
945.658
897.209
891
919.806
952.572
934.854
882.969
953
964.584
932.354
897.564
925.398
943.801
926.576
1015
997.915
964.012
959.284
972
961.658
937.279
948.842
883
1211
1075.42
1007.31
1055
1172
1098.39
898
909.895
958.874
983.034
938.618
929.907
974.541
1010.7
980.96
883
899.196
1156
1086.4
978.495
962.215
1003.25
1015.91
975.232
935.163
977.7
1016.08
859
865.103
903.034
934.811
905.266
813
839.231
882.403
897.076
855.331
851.258
885.23
909.369
907
867.874
875.417
899.976
909.527
961
1250
1132.51
1026.36
843
843.164
1148
1078.41
997.811
938.424
944.186
979.419
984.063
953.803
903.735
902.846
929.682
960.227
938
894.125
887.816
907.792
852
849.627
847.744
1180
1085.43
1003.52
998.28
898
890.823
891.647
892.363
889.184
887.967
891.678
894.365
893.31
945
944.904
932.315
925.819
859
875
873.678
898
894.161
891.516
895.358
898.718
898.731
929
921.349
916.181
911.937
909.53
909.228
907.023
906.09
905.228
905.701
905.244
900.967
899.704
1305
1119.09
1044.49
1048.23
1042.31
1157
1100.13
1047.12
1047.28
1049.61
1024.13
983.821
1016
1035.34
1195
1103.87
1031
1043.33
1062.43
1024.82
988.642
1007.67
1039.27
821
906
1227
1129.83
1058.32
1077.03
1074.96
1026.4
867
893.66
940.836
1281
1140
1055
1057.81
1069.69
1063.93
1012.57
992.189
898
899.342
911.901
934.501
934.952
931.146
932.615
939.884
922
912.228
908.549
908.6
1054
1040.6
1024.8
1014.09
1015.03
1006.57
989.698
975.824
973.733
971.981
805
812.56
859
896.223
911.658
927.314
948.397
956.896
952.984
949.11
952.244
951.034
941.384
914
953
953.578
942.815
932.297
934.343
936.181
929.331
923.085
921.647
923.654
924.177
922.498
953
950.116
1133
1071.2
1041.6
1039.47
1028.54
1133
1100.43
1069.03
907
916.576
930.052
937.814
883
1101
1204
1062
1030.07
1065.48
1065.9
1086
1045.97
1045.21
812
826.939
842.694
885.098
906
912.795
1195
1164.27
1094.11
1076.6
1078.9
1066.5
1038.15
1023
1021.32
1018.36
1001.81
988.607
988.149
988.423
1063
1044.21
1023.37
1013.38
1012.22
1009.73
898
901.819
909.105
918.037
920.636
933.346
953.715
961.388
953.868
954.812
828
1234
1085.79
1002.88
1000.92
1001.99
1257
1145.48
1039.96
1036.46
1047.64
1046.65
1013.67
978.827
821
829.926
856.721
917.773
917.618
1140
1258
1188.72
930
890
914.762
966.706
972.979
957.707
939.608
939.643
954.528
967.026
964.171
935.942
909.615
1242
1171.36
1091.19
1250
1234.78
1175.76
930
836
977
1061.57
1040.66
985.119
984.581
1029.98
1048.59
1012.37
961.694
972.576
996.34
995.882
1101
1057.87
1016.7
1015.92
1021.09
1141
1099.1
1052.13
805
806.074
819.95
866.197
900.733
1141
1234
1178.28
1121.07
868
862.1
887.785
963.87
967.953
946.108
907.391
898.146
915.336
945
945.572
916.96
882.41
877.509
883.019
895.144
899.681
892.431
877.21
1187
1108.31
1027.67
983.046
986.399
990.34
973.106
875
873.984
896.573
929.783
906
880.195
902.091
907
909.572
880.813
864.695
871.213
899.685
859
853.879
861.96
930
953
921.682
897.364
909.571
920.428
913.829
893.185
867
877.39
889.838
893.46
879.792
867.818
872.834
882.745
887.634
878.7
864.693
866.597
876.756
884.167
879.928
873.802
872.775
878.999
884.112
773
742
743.93
747.221
755.786
766.506
782.851
828
844.134
845.528
847.994
1242
1104.61
1017.96
1012.76
1008.66
1219
1130
922
920.129
828
824.296
824.385
827.199
828.503
890
916.162
915.418
911.477
911.583
969
970.281
956.487
891
813
812
812.883
818.938
899
916.852
912.3
901.928
897.48
893.805
884.735
874.861
867.021
864.63
864.651
864.822
864.979
864.216
863.929
864.012
860.168
1187
1061.15
1004.2
1003.88
998.946
966.075
940.183
937.282
891
888.358
888.002
888.532
887.936
888.524
889.205
888.887
887.922
885.644
883.179
813
822.655
823.593
867
873.527
880.579
1266
1147.71
1067.19
1066.44
1059.6
1016.29
987.78
987.322
985.66
966.556
956.399
956.455
914
906
905.266
904.522
903.321
902.113
1023
1196
1101
1090.75
1099.32
1078.12
1050.08
1041.72
1039.66
1026.19
1007.12
1004.33
1006.51
1004.06
868
876.028
879.951
887.269
890.173
905.13
933.208
949.298
955.524
964.615
1000
996.528
987.025
986.837
986.814
1149
1105.84
1069.96
1066.76
953
954.747
1070
922
926.704
946.155
947.167
932.856
942.083
964.639
962.433
943.698
956.274
967.763
953.292
946.693
1164
969
965.481
998.679
966.927
1171
1088.16
1026.33
1057.86
1036.53
922
958.967
987.833
1078
1023.04
1021.43
1040.41
1013.09
974.939
996.706
1009.09
983.709
922
1094
929
931.645
965.912
965.28
929.349
906
935.121
935.833
906.824
1211
1104.52
1013.61
1038.77
914
918.29
940.572
934.095
920.71
939.75
953.849
961
946.177
851
861.934
867.781
868.666
862.358
859.714
870.04
976
907
887.344
896.261
909.133
906.851
993
851
868.073
882.123
886.79
992
964.468
938.947
938.461
937.623
977
949.419
925.824
928.895
929.801
916.633
912.929
917.02
1164
1077.94
1011.48
1010.16
1014.75
1078
1021.93
985.918
1007.94
1007
1063
1017.79
979.44
1001.74
1032.47
1029.35
987.583
938
964.335
1007.11
1008.23
978.619
1055
1067.96
1048.97
1010.46
1028.57
1000
844
849.148
861.87
1164
1089.14
898
898.644
930.559
957.737
945
921.108
921.753
946.435
973.027
972.432
944.517
931.105
937.306
945.194
944.037
916.672
900.704
1180
1105.3
1012.31
988.278
1008
1010.25
1102
906
923.069
891
900.646
898.064
896.761
911.201
828
843.451
848.051
850.876
867
870.477
879.306
884.646
886.93
888.24
922
911.283
910.767
908.426
907.31
905.715
902.85
1016
995.71
974.995
970.976
967.119
969
954.474
946.086
944.315
939.46
828
837.479
839.125
845.472
853.689
867.642
883.665
961
1094
1068.33
836
844.32
847.033
854.263
851
851.634
860.728
969
1046
997.2
947.102
944.509
961
1008
979.591
936.358
929.359
937.69
984
973.039
948.837
927.524
934.114
949.716
954.995
939.128
868
876.107
899.122
917.065
910.216
890.658
887.305
903.95
918.126
916.309
900.012
886.926
895.545
909.272
913.492
902.5
885.593
888.152
900.04
906.246
900.741
888.354
886.739
893.733
899.686
898.568
890.8
888.625
892.524
897.303
897.4
892.879
891.255
750
768.166
770.808
906
910.38
813
817.776
822.491
834.081
838.327
833.887
1023
898
813
816.066
829.706
834.734
819.088
812.028
930
1023
931.075
885.416
901.851
914.809
890.824
849.958
836
862.281
946
897.784
857.967
865.077
797
805.852
815.935
821.965
816.886
808.689
816.512
1024
979.954
936.38
901.605
901.143
902.195
886.818
863.443
850.487
850.803
922
921.747
897.196
872.868
961
969.954
945.031
883
882.275
917.419
925.822
905.248
878.648
894.498
917.581
1008
954.482
910.645
913.842
941.847
953.467
934.513
867
836
852.654
881.083
890.588
875.209
854.853
961
1094
1040.11
959.265
929.943
851
1227
1102.67
997.285
944.555
956.326
922
917.284
902.635
812
809.458
1117
1080.36
1013.52
812
852
929.265
980.665
940.826
869.78
865.713
911.033
969.567
967.529
905.691
855.279
867.6
918.365
836
818.608
819.904
842.313
1000
941.751
890.066
873.547
896.913
961
789
820
847.082
859.507
906
828
833.32
1226
1069.85
954.985
947.886
956.13
946.303
887.806
886.726
911.155
919.692
900.386
1078
1050.02
797
805.539
834.67
1148
1011.58
828
831.62
871.64
912.196
898.029
864.044
865.386
900.661
927.912
916.83
844
839.196
1125
1101
981.246
911.996
919.866
949.398
1118
914
820
826.922
869.519
939.141
915.965
862.029
854.932
896.439
1109
1032.03
939.668
912.843
946.668
976.858
957.257
901.152
885.189
900.521
933.296
932.11
1031
971.813
929.151
931.263
958.85
970.047
949.649
910.715
914.768
939.093
984
959.887
931.212
938.877
954.947
959.165
941.692
915.768
922.403
941.454
948.638
1149
1050.91
980.273
979.667
1001.56
1001.23
966.098
805
814.057
828.038
862.729
875.906
877.772
896.885
925.749
933.602
919.834
903.196
905.488
909.887
910.812
899.887
836
839.295
847.689
858.356
856.523
850.176
851.81
858.582
851
850.723
847.759
850.642
856.378
861.095
861.425
862.02
864.995
867.918
820
938
901.724
891.298
887.563
887.236
860
992
933.757
911.642
913.972
912.019
894.224
887.859
889.608
886.36
878.54
868
875.269
874.787
873.263
871.429
1031
983.535
955.252
828
842.814
984
852
851.285
862.113
883.754
992
942.819
898.071
901.404
923.846
1070
997.145
919.178
910.197
946.835
963.601
868
865.308
892.463
921.267
922
879.526
878.632
913.716
935.849
911.357
872.129
889.247
920.425
914
886.692
868.773
887.708
905.043
903.909
878.516
875
889.669
899.91
893.645
872.732
872.625
886.595
893.287
884.335
868.395
872.099
882.307
734
756.379
759.02
765.361
687
698.918
680
687.669
690.194
696.276
704.46
713.267
721.783
729.555
736.074
741.315
648
666.275
667.466
688
683.716
685.077
687.7
692.699
695.651
695.788
693.763
742
742.653
739.636
735.41
953
882.596
845.878
832.996
830.499
819.793
802.537
790.596
786.747
786.62
783.6
776.264
771.039
769.559
768.132
766.796
1258
1036.88
947.367
946.909
946.509
935.643
911.032
899.698
898.522
898.031
1414
1151.59
1046.26
1044.8
1048.35
1045.96
1014.28
991.209
990.751
989.809
987.015
979.528
1164
1145.05
1088.53
867
870.343
1219
1131.24
1258
1205.53
1144.51
1109.63
1116.84
1111.85
1079.13
1052.65
1053.21
828
832.013
1157
1146.25
1100.39
1095.82
1101.39
1081.12
1051.76
1052.64
882
884.02
902.994
937.614
828
797
813.969
842.224
846.938
875
896.974
909.836
910.607
913.117
919.588
919.592
911.799
907.868
910.061
1227
1107.41
1033.48
1029.32
1028.95
805
883
906.733
820
821.978
1242
1074.86
977.088
1010.59
1148
1012.56
1003.6
1021.8
1009.12
947.672
1024
930
804
821
851.837
1086
997.477
978.774
990.343
1180
1098.54
1029.43
1025.17
1028.74
1020.96
875
876.181
1273
1155.67
898
894.521
962.579
988.39
927.765
919.327
977.408
859
855.497
880.005
1039
989.919
926.416
927.099
955.887
954.35
915.833
912.988
926.362
931.339
912.569
887.318
899.83
1055
1010.59
952.96
930.319
960.413
972.239
940.003
908.113
932.023
958.274
957.125
924.04
909.573
937.655
954.214
939.212
905.144
911.428
938.973
946.423
927.701
859
874.655
901.28
912.657
898.091
836
848.397
879.424
1187
1045.97
941.299
929.193
813
811.697
817.29
836.876
843.121
840.71
838.623
846.105
860.254
864.119
859.301
1227
1107.56
1015.68
1007.78
1005.17
986.688
953.479
949.073
952.873
946.069
923.828
923.37
906
904.96
900.921
897.897
895.812
894.273
892.166
892.531
894.414
898.878
902.821
898
901.786
905.451
909.578
1000
1117
1094.07
1071.12
851
860.25
861.501
1117
1064.47
1010.85
844
841.898
865.131
924.333
932.606
913.01
869.891
858.289
869.969
829
829.15
1149
1059.36
969.946
928.087
925.543
1281
1157.29
1033.58
990.671
1001.35
1014.17
1008.97
960.126
992
1013.74
1012.82
982.149
953.67
954.775
975.392
976.665
1297
1158.35
1055.55
1055.86
1070.83
1055.98
1164
1046
1037.79
1060.23
1053.93
1013.5
1022.36
805
820.402
1070
1028.62
1008.43
1005.45
1005.8
1002.1
993.381
953
953.719
955.092
952.725
945.004
940.891
940.285
940.407
1086
1049.01
1007.51
987.969
995.934
994.012
977.881
963.819
1016
1023.06
1006.21
985.667
860
866.549
867
875.199
876.993
773
774
781.039
798.147
814.839
829
843.755
863.876
880.684
886.956
930
928.92
918.481
906.024
905.44
897.694
888.968
882.177
879.886
877.168
871.94
867.528
864.032
861.274
859.47
858.772
961
947.136
944.199
937.031
935.823
938
927.586
918.008
913.273
909.983
906
900.227
897.405
896.344
895.27
867
874.569
873.273
877.686
877.174
881.63
887.068
892.449
896.479
898.858
901.012
902.504
903.307
903.341
902.647
902.64
902.017
901.687
900.838
805
820.251
823.139
946
921.63
953
952.327
938.364
930.784
922.3
911.636
900.928
893.547
891.686
766
776.714
906
926.379
789
802.108
814.463
1109
997.604
930.99
927.821
935.436
930.432
886.08
868.106
887.839
911.156
903.771
859.07
856.082
875.339
937
919.702
871.189
781
789.436
828
864.266
828
812.65
820.793
849.089
865.57
855.142
828.846
765
867
891.528
889.872
851.435
820.277
826.926
836
812
803.065
794.268
800.447
810.698
814.87
807.454
798.902
806.718
816.247
818.074
808.463
828
832.392
835.385
831.166
828.87
828.352
828.586
797
802.164
802.868
803.058
835
829.774
774
788.045
791.412
794.636
790.944
789.717
793.636
798.779
801.358
799.042
798.178
960
922.451
896.411
882.851
915
903.893
882.511
866.009
867.817
870.121
861.971
849.865
758
767.387
773.236
786.196
790.681
789.264
792.055
809.635
827.692
831.595
827.886
825.226
830.024
835.479
832.994
828.837
825.398
824.679
827.452
824.557
844
837.331
835.947
833.49
831.696
830.094
827.738
826.36
826.771
827.23
827.346
827.444
828.205
829.4
829.607
830.074
830.299
830.449
830.695
830.564
851
844.869
844.149
841.599
840.263
838.974
836.407
834.365
833.882
833.65
833.626
832.885
833.195
833.5
833.884
789
806.263
807.929
811.219
808.728
820
891
883.917
874.65
869.812
868.836
862.03
859
851.878
848.475
846.51
843.545
840.32
837.528
829
829.4
829.545
829.604
774
790.673
792.254
797.534
799.756
804.94
810.882
816.61
819.805
821.044
822.305
823.495
823.916
823
821.638
822.139
821.228
820.092
735
750.832
750.562
754.548
757.727
763.798
771.276
778.136
783.45
786.535
788.911
790.763
791.806
792.255
727
739.846
741.444
744.643
744.51
734
789
786.696
734
711
718.619
722.53
722.42
722.232
750
756.907
755.404
750.997
753.833
756.336
751.237
745.963
851
834.164
804
796.905
844
833.991
815.467
805.043
820
820.743
820
774
786.185
820
819.674
800.338
766
785.936
804.24
806.935
812
791.894
790.342
801.149
810.059
782
775.975
781.827
789.851
805
794.157
785.487
787.487
793.66
797
792.818
781
783.536
788.19
791.911
789.444
786.298
785.369
758
766.433
767.056
768.614
742
750.068
789
789.75
785.58
783.876
788.101
813
806.11
797.116
797
800.32
799.648
719
734.035
739.608
789
776.748
768.13
770.455
777.139
781.064
775.733
769.597
770.144
743
749.714
750.315
752.747
752.591
752.004
752.354
718
724.612
724.346
735
804
801.54
795.054
758
756.866
754.724
753.404
749.152
745.351
758
759.797
759.208
754.534
750.029
746.614
746.02
758
753.483
748.498
745.16
747.581
749.384
750.335
750.455
751.298
752.302
753.148
734
738.019
727
731.654
836
781
780.327
774
773.601
796
784.753
776.169
771.301
770.584
768.145
763.247
758.572
756.977
757.298
758.04
755.516
752.417
750.056
751.445
753.87
755.889
757.493
758.396
759.534
762.642
789
786.125
783.905
781.729
779.879
777.915
719
732.25
730.625
781
773.958
770.054
769.049
769.967
768.945
764.92
760.413
757.283
756.617
882
844
827.239
814.837
812.936
1102
836
781
785.031
795.341
795.52
790.253
790.014
804.095
883
872.663
817.483
804
816.647
828.986
823.357
1187
1030.61
933.226
750
749.542
755.938
914
894.586
781
773.5
788.751
969
932.718
847.573
798.833
798.778
774
789.718
795.515
791.615
786.21
786.023
800.566
812.207
810.886
790.232
780.502
766
767.018
767.689
797
800.567
801.008
774
789
793.21
773
771.49
769.33
771.249
771.871
804
804.271
801.795
799.711
799.762
799.37
789
750
756.77
756.745
758.838
757.737
760.228
764.543
768.387
742
748.204
789
787.046
780.904
780.268
784.606
786.14
783.195
779.636
734
746.114
734
738.036
736.263
734
737.211
741.044
820
789
782.385
779.672
789
784.896
778.142
772.86
771.579
769.868
766.519
763.042
760.543
758.974
757.432
756.388
753.625
751.94
750.487
751.124
753.64
756.535
759.687
761.72
765.187
767.8
768.52
768.884
768.885
768.684
768.328
768.107
767.108
766.296
765.536
851
834.046
825.175
818.177
766
771.079
766.462
762.997
760.41
773
776.626
778.411
883
872.408
855.963
845.01
839.127
829.584
817.728
781
781.58
782.521
860
855.258
841.294
833.192
832.863
835.196
828.938
816.634
758
764.864
769.161
778.873
783.39
781.339
781.568
787.738
794.803
794.079
788.805
784.293
787.42
791.085
792.194
790.473
789.395
789.956
790.855
790.245
743
754.356
753.729
756.569
765
743
750.416
754.112
758.873
757.11
756.047
758.537
742
747.215
805
800.257
793.073
786.027
785.159
784.493
779.414
773.796
770.819
770.667
769.4
750
752.681
781
820
810.401
773
776.915
757
760.26
758.915
758.995
759.287
761.13
763.597
765.094
764.208
762.693
761.365
760.96
718
727.826
728.655
731.026
732.081
735.133
739.484
743.679
744.308
744.865
744.76
744.881
744.196
743.345
742.788
743.819
617
660.167
661.633
665.88
667.426
671.769
678.28
685.524
692.107
696.175
718
718.993
720.068
1125
945.057
871.367
859
854.218
838.686
818.024
1047
959.935
887.193
880.437
882.964
882.506
914
882.074
863.983
828
830.193
833.17
907
905.961
886.038
856.623
853.612
868.832
885.999
875.113
860.08
849.951
726
733.164
734.292
836
861.683
857.975
843.729
834.321
831.941
750
749.713
749.842
752.089
756.74
760.812
797
816.189
817.278
805.626
802.725
795.476
786.046
777.475
742
743.812
875
872.083
853.576
836.887
831.892
829.942
822.449
809.841
797.738
792.7
793.868
797.288
930
914.98
887.135
862.451
854.767
852.655
774
771.519
772.631
789
800.194
808.466
818.564
827.664
827.553
819.905
789
787.519
1000
950.007
918.029
895.702
891.127
890.597
885.824
781
812
826.517
839.089
827.157
774
784.649
816.527
836.764
824.596
795.137
791.188
822.356
843.537
836.345
813.317
802.211
818.405
835.079
930
880.748
843.606
829.051
840.78
797
799.358
795.315
793.657
794.869
798.526
801.692
801.58
961
943.336
918.919
904.418
852
843.021
831.336
825.267
822.814
822.895
823.961
825.336
825.398
824.428
822.378
821.393
922
913.885
897.008
888.974
813
859
861.425
836
827.863
938
1141
1031
972.915
973.192
812
811.815
817.423
825.449
824.678
826.754
859
879.956
870.684
859.498
858.561
861.976
860.337
852.101
847.943
847.841
773
789
813
817.596
815.623
817.55
821.985
929
920.926
904.811
820
826.875
828
829.485
820.733
914
913.887
789
799.512
805
809.941
799.918
802.225
817.422
829.197
825.074
818.213
826.92
833.086
822.151
811.096
817.006
824.764
1000
927.593
883.996
884.197
886.026
874.457
906
812
828.3
899
1047
972.079
913.662
851
930
1094
1029.83
939.441
886.197
910.252
961.604
965.036
924.986
871.166
880.872
932.268
1266
1115.91
978.803
940.425
985.943
1039.8
1030.9
960.627
911.419
935.568
997.085
1003.68
952.395
907
843
1024
1109
1024.87
931.183
929.31
981.138
890
867.416
878.422
918.62
821
823.035
844.967
868.34
856.814
849.345
874.394
889.371
862.786
843.387
1219
1102
983.01
982.358
789
788.973
795.976
992
938.095
899.307
898.748
903.442
860
845.553
875
880.054
878.336
865.681
856.999
857.204
857.796
856.519
846.713
844.739
843.962
842.939
840.258
840.749
843.662
847.444
851.216
853.612
853.916
854.515
857.551
860.416
861.398
861.336
860.157
860.094
859.483
781
795.652
797.077
801.33
929
908.236
896.12
894.319
889.873
915
901.223
886.953
781
789
791.802
953
938.679
904.968
882.753
961
966.429
942.431
901.933
897.885
910.927
913.733
938
836
845.066
813
824.171
829.41
859
766
783.761
795.702
1172
961
859
857.116
1258
1097.94
907
897.868
930.263
945.478
910.857
873.54
880.865
1008
914
859
858.949
887.186
900.83
871.632
847.81
855.605
873.389
953
900.567
859.48
872.926
907.22
907
812
815.438
838.218
862.797
843
819.695
832.053
856.689
1031
852
834.182
774
789
800.984
804.061
795.294
793.097
813.522
843.982
842.876
811.987
735
718
719
725.333
731.997
732.862
735.166
746.162
759.904
742
740.035
875
873.059
854.559
836.266
832.795
832.194
821.794
807.804
800.985
1031
898
860.059
855.094
869.026
867.96
838.98
817.175
830.87
850.736
849.041
823.12
816.998
845.302
870.414
848.665
813.933
815.622
833.271
867
847.512
742
753.643
769.53
1023
926.39
856.869
829.475
1172
1043.41
938
869.641
877.357
922.145
921.691
865.656
835.565
857.835
918.504
890
845.455
825.102
837.406
1039
992.797
903.559
862.676
889.221
928.636
927.687
882.97
845.061
870.709
916.836
926.719
889.579
846.404
858.501
898.428
915.463
886.51
845.909
855.24
828
838.849
841.734
812
808.634
814.598
827.034
1023
955.811
909.951
896.978
900.001
891
872.384
855.158
852.654
828
827.941
826.684
929
929.049
910.433
895.981
895.999
895.581
890
872.512
774
777.215
779.207
790.697
803.421
816.998
805
811.207
820.73
827.635
825.552
818.274
820.185
844
849.085
845.937
789
793.353
800.11
807.926
802.434
795.922
798.05
803.814
809.03
807.759
804.108
803.459
807.308
610
689.18
695.474
707.835
711.284
625
662.366
668.329
678.207
625
638.154
644.495
648.005
647.857
648.406
653.001
657.797
658.976
656.279
641
646.179
646.934
645.601
643.765
643.807
680
679.647
680.156
681.807
684.956
930
838.337
868
929
912.233
894.17
887.329
881.716
867.199
851.022
841.278
1086
890
879.926
884.977
884.021
855.347
853.459
883
875.549
854.186
854.879
884.351
884.436
850.633
850.516
797
807.435
808.021
805.389
803.978
812.479
820.286
824.994
823.614
825.418
757
766.75
767.538
769.791
770.673
773.205
777.805
782.855
787.21
789.057
789.236
790.535
791.32
791.309
790.433
790.774
792.071
765
770.864
772.405
1352
974.61
917.181
917.185
1203
1070
968.389
959.618
960.467
875
866.417
866.039
868.136
867.678
844
843.542
846.846
789
788.28
793.145
800.566
799.921
859
891
890.73
893.434
899.208
897.596
891.514
888.722
885.901
881.435
876.86
874.345
872.449
869.757
866.049
862.493
859.032
855.034
850.499
851.087
853.166
857.465
1109
1009.73
983.258
982.438
813
821.209
820.787
922
820
822.462
838.298
862.077
859.737
844.811
1086
1018.25
939.307
932.853
797
798.385
801.916
805.372
781
773
914
910.638
864.059
861.262
875.292
875.543
850.079
914
916.111
882.651
879.041
1133
1032.52
939.169
946.46
958.548
867
868.599
893.009
893.141
820
839.201
879.517
789
790.152
815.124
1203
987.819
915.606
924.321
923.67
881.491
1156
898
891.827
926.785
921.905
881.42
885.916
908.756
908.329
875.7
875.359
890.428
889.461
875.368
883.383
898.102
889.731
907
897.365
890.336
836
846.194
851.212
1054
981.936
941.967
938.368
1164
1095.75
891
890.881
921.048
946.445
915.172
881.166
953
997.626
967.731
1015
1006.5
820
837.93
875
900.577
891.518
836
852.176
1235
1096.1
1009.48
1008.71
1156
1081.87
1001.59
997.59
1022.55
1022.09
968.433
940.801
1125
1099.41
1012.21
954
1006.46
1043.57
1002.97
945.634
981.328
1034.79
1029.21
966.217
955.917
1141
1111.39
1039.68
988.501
1042.33
1075.53
1036.73
836
813
831.311
889.899
933.755
929.074
927.206
954.414
984.624
890
880.642
893.363
1102
914
894.321
912.398
931.457
910.622
1079
1049.28
812
826.035
848.986
861.996
860
797
796
814.997
1055
964.804
901.367
900.04
912.946
915.247
893.27
859.662
1141
1052.02
963.26
930.101
906
913.985
1070
985
851
853.272
898.4
929.44
906
869.687
885.794
1172
1083.21
883
870.158
914.124
1133
1022.93
883
883.958
956.043
1227
1072.08
936.324
931.753
1011.14
1187
993
910.345
938.511
1034.98
1187
1030.51
867
870.333
951.959
1045.78
983.211
886.176
883.215
955.583
1026.89
1219
1053.96
944.903
948.206
1021.94
1052.37
996.223
919.278
921.791
978.59
1018.2
980.484
913.111
919.788
971.253
1000.18
964.53
1203
1131.35
1042.11
1001.31
1180
1039
986.297
797
803.661
836
859
858.842
859.554
890.913
924.343
924.749
900.668
993
1007.87
964.187
946.293
957.41
956.028
928.537
925.727
938.515
940.024
924.942
917.504
926.691
931.961
921.459
910.695
918.211
1109
1063
1006.37
844
848.926
858.403
873.288
872.44
870.507
898
927.701
937.595
1102
992
950.68
951.625
959.786
955.004
930.819
930.827
938.051
1157
1000
969.403
987.11
990.149
953.541
927.478
944.979
966.219
961.566
919.002
929.171
963.396
867
868.151
886.757
843
843.619
856.521
868.415
867.314
875.616
887.541
884.654
882.782
889.12
821
832.386
844
838.802
838.023
844.168
847.965
711
736.843
688
691.512
688
679
664
666.739
667.684
670.995
674.993
680.252
685.754
690.294
672
677.562
677.847
678.314
678.088
678.254
677.8
679.737
679.231
678.691
678.055
688
688.089
688.427
689.418
690.463
690.845
689.918
689.724
689.008
688.098
688.593
688.907
689.224
689.147
688.597
688.334
836
875
856.416
758
781
775.371
765.719
968
910.477
863.318
838.065
834.327
834.482
825.427
804.178
786.357
783.374
787.956
793.317
789.612
787.239
787.489
867
867.516
845.987
822.948
882
813
844
834.909
914
897.52
884.058
878.925
877.376
914
892.795
878.959
877.142
876.164
870.93
861.376
861.308
862.463
862.34
862.117
858.225
813
829.745
833.901
840.077
836.156
837.837
841.364
845.614
849.418
849.275
1187
1049.87
812
814.941
824.381
829.378
827.331
828.821
883
894.555
953
927.61
908.994
908.348
907.889
900.449
881.261
872.649
872.191
871.463
870.145
898
969
962.387
949.271
938.677
933.422
703
721.08
725.478
737.129
688
693.694
703.105
714.039
680
687.334
697.497
704.476
705.556
709.421
640
657
660.933
662.975
661.449
660.991
663.588
672
676.348
677.865
677.966
632
642.448
640.983
638.854
593
586
587.964
586.238
586
586.716
588.93
579
582.62
583.835
585.272
578
581.303
582.378
583.474
584.478
586.401
588.1
589.255
680
667.21
662.596
687
688.063
711
706.003
695
693.83
691.89
688.908
684.329
633
656
649.58
687
677.492
672.252
669.675
671.853
937
840.337
796.627
778.609
727
717
781
781.47
765.52
737.012
797
808.481
796.518
762.688
711
722.12
743.042
750.145
737.16
721.073
723.262
741.124
750.155
739.636
724.864
555
649.485
676.958
707.892
531
531
572.993
591.537
608.663
562
572.679
585.675
597.479
597.681
597.335
603.517
611.406
727
675.505
660.824
659.159
672
674.231
663.254
657.956
659.564
661.966
664
688
681.825
677.069
687
696
742
727.962
716.052
715.507
718.483
717.471
712.604
708.52
687
687.979
685.249
684.943
683.432
682.797
684.51
686.026
686.932
686.99
609
637.836
637.837
639.314
578
604.817
606.01
607.382
608.285
610.937
615.238
619.216
622.608
593
604.511
605.686
605.332
604.955
605.264
606.623
563
582.949
580.863
547
558.79
558.201
557.131
557.39
571
578
625
624.935
627.094
656
656.39
653.373
652.213
649.668
646.99
642.86
639.971
636.868
633.682
609
609.541
605.958
603.402
601.75
600.766
602.126
604.125
605.734
608.089
696
694.106
781
779.179
769.929
764.255
757.964
750.137
969
969
935.317
906.058
893.449
880.2
860.741
797
774.737
763.211
890
930
917.187
885.043
867.544
865.871
869.35
867.634
849.676
826.756
818.792
664
670.834
671.364
828
773
770.925
775.657
765
743
711
710.117
710.158
657
661.72
661.245
661.633
662.167
662.531
663.403
664.29
663.895
687
686.392
690.431
648
656.137
655.07
586
605.644
604.1
603.804
603.447
604.575
539
574.985
570.868
569.634
567.84
567.311
567.539
567.675
567.939
568.221
568.727
569.569
570.476
571.177
571.373
573.348
574.57
575.356
575.587
576.77
575.24
576.107
576.851
576.729
575.612
575.199
575.379
575.259
575.362
766
698.207
681.426
674.96
669.782
663.457
641
635.354
628.853
624.082
619.078
614.753
610.972
607.47
604.388
603.751
602.926
610
593
604.795
604.371
606.75
608.501
610.564
612.667
594
598.952
598.804
599.644
599.886
600.668
625
633
634.997
635.281
636.03
649
646.186
644.546
643.831
643.876
578
598.817
596.483
593.901
592.803
562
574.533
574.342
575.827
576.958
579.597
582.569
601
600.42
603.292
605.736
607.658
679
665.748
659.735
734
725.087
715.513
712.302
711.077
711
705.607
671
674.506
633
633
617
602
601
596.495
596.517
595.963
597.103
598.84
602.115
604.864
607.64
610.414
613.016
615.24
617.283
695
664
665.437
665.915
666.516
664.045
660.638
657.914
655.917
653.972
617
624.184
619.739
616.814
614.361
613.963
613.921
613.832
613.758
614.345
616.509
618.893
621.262
623.571
625.733
627.756
629.673
631.003
631.183
631.762
631.485
593
608.753
605.618
604.904
604.37
605.151
606.379
607.403
608.335
594
599.651
599.27
600.137
600.138
617
614.801
615.741
616.429
616.967
617.153
616.387
616.618
616.036
615.685
615.496
615.363
615.276
615.209
562
589.558
610
603.984
601.698
601.254
680
671.801
662.876
657.892
658.635
655.645
650.148
645.043
642.382
640.602
638.347
635.385
633.113
630.891
629.71
628.124
626.499
703
695.733
726
726.929
723.925
680
680
672.893
648
646.547
642.094
642.904
643.669
593
608.896
608.42
610.047
625
625.213
628.89
632.86
637.029
640.181
642.016
594
609.013
607.286
605.245
603.944
617
614.8
615.128
616.546
616.448
617.118
617.12
617.233
617.154
617.291
570
570
586
582.237
582.52
583.151
695
743
732.708
722.519
715.075
781
778.582
907
881.021
727
703
727
781
781.763
757.009
733.926
727
739.871
664
668.617
617
619.556
619.313
619.289
586
592.166
578
579.892
579.29
578.218
664
663.409
669.35
675.436
797
787.009
710
712.62
712.864
709.053
702.371
687
684.846
682.474
679.387
673.009
667.822
663.966
660.023
658.674
726
726.381
718.118
727
732.235
734.338
729.51
789
766
759.562
757.278
756.073
751.414
744.886
740.504
736.638
732.611
680
690.575
686.271
687.424
687.181
665
672.546
674.172
677.007
678.62
681.848
685.882
689.78
693.167
695.656
697.843
672
664
665.246
665.513
665.369
665.855
666.993
668.306
669.37
758
751.422
743.912
738.059
734.831
729.145
722.793
716.405
711.807
708.625
705.726
702.756
700.262
698.343
696.823
696.59
695.835
617
651.876
646.722
648.956
649.011
651.502
655.156
658.863
662.082
688
688.423
690.108
691.604
692.454
691.924
690.442
688.27
687.009
686.025
683.902
682.185
680.782
664
664.652
657
658.089
658.519
659.603
661.24
641
648.453
649.824
671
672.463
674.343
675.809
676.971
677.394
676.706
675.627
674.813
672
703
664
670.95
670.74
671.149
670.021
672
671.456
656
659.046
658.739
679
675.501
675.502
675.98
676.839
676.603
675.174
594
625.41
625.373
626.648
626.815
628.627
695
852
859
837.083
821.182
804.393
797
779.347
688
681.752
681.849
684.063
688.627
689.733
689.7
691.511
664
664.861
662.871
609
622.338
594
598.696
596.885
625
627.802
632.745
637.309
642.157
646.153
648.592
711
750
745.847
741.866
687
686.546
680.071
673.87
669.987
664
660.19
656.5
654.324
652.492
687
672
671.74
656
657.687
657.504
664
664.508
665.304
667.296
669.196
670.616
670.711
680
678.821
678.077
677.243
676.768
676.186
675.495
703
698.46
697.068
697.376
698.116
696.861
625
646.409
625
628.449
628.407
630.581
625
629.162
632.347
625
629.591
631.692
634.199
688
680
680.795
682.613
683.541
682.573
679.904
676.22
672.782
670.195
554
606.483
604.149
606.389
604.296
605.308
609.065
523
576.289
567.553
578
602
600.012
603.954
607.782
610.857
611.671
611.447
611.016
610.747
608.116
606.467
605.228
603.792
602.18
600.866
597.846
596.172
595.139
649
645.325
648.327
650.077
652.768
654.257
653.051
651.104
649.593
648.547
646.804
644.718
642.411
640.093
618
609
633
626.818
610
613.13
615.91
618.902
620.995
602
608.051
610.494
612.801
613.188
614.343
664
663.093
658.361
648
649.935
648.768
646.047
642.629
633
633.571
632.812
632.431
631.676
631.035
630.914
630.822
765
741.218
664
664
665.876
664.835
660.851
656.018
654.033
654.155
653.732
727
720.485
705.736
696.808
696.448
696.474
689.998
682.079
680.707
680
681.156
680
664
666.17
765
774
758.058
735
719
717.001
714.876
710.633
705.259
701.295
699.836
700.911
701.031
698.4
694.761
692.308
690.971
689.286
685.49
682.901
703
726
730.897
732.524
704
695
703
703.516
704.684
702.713
702.173
702.785
703.694
703.818
687
688.048
688.667
689.949
690.282
689.888
690.601
664
671.461
672.657
675.382
675.433
648
656
658.823
662.392
656
659.059
662.485
665.995
666.103
665.979
656
659.947
641
645.563
644.471
645.724
646.556
647.521
648.981
650.54
651.208
652.001
652.77
653.462
653.856
654.214
654.561
654.974
672
669.291
667.913
742
789
778.317
770.162
766.268
761.813
640
653.103
653.254
655.08
658.602
662.308
668.501
674.768
679.025
681.612
683.181
683.963
758
757.005
753.273
672
664
665.025
667.709
656
656.302
656.848
659.901
662.18
672
672.625
673.141
673.121
673.265
672.792
671.389
669.373
670.153
670.396
671.163
671.092
671.578
672.118
672.38
670.49
669.718
726
718.615
715.081
714.208
711
708.873
704.202
700.177
697.475
695.664
694.034
711
688
691.261
690.691
690.935
690.028
656
672
668.533
670.949
843
796.98
777.328
768.657
760.778
748.692
735.948
725.023
717.733
712.926
709.674
707.367
705.319
703.532
701.347
701.418
701.098
700.423
699.78
699.9
703
705.18
707.72
710.101
712.671
766
765.901
711
718.977
719.04
717.071
712.317
710.226
656
641
642.747
641.253
644.453
647.644
652.74
658.122
663.622
668.384
672.305
675.538
711
715.391
714.865
714.505
713.775
712.164
734
727.853
723.708
722.121
722.032
720.932
717.703
648
649
648.768
672
674.07
677.778
664
669.492
673.164
677.655
678.831
678.839
679.625
682.078
683.327
683.924
683.065
681.999
680.975
681.518
680.74
680.128
679.54
648
659.362
657.158
664
662.569
663.797
665.567
667.215
672
649
655.327
687
685.491
682.636
681.991
682.81
683.024
681.36
678.742
678.073
677.341
676.657
675.808
675.219
674.945
674.91
673.763
672.639
664
664.223
663.934
667.224
669.651
593
629.076
626.405
627.832
627.651
629.488
632.751
635.914
638.572
640.357
641.926
643.162
644.019
644.342
644.307
644.687
687
674.769
670.007
711
664
670.316
668.021
664.943
662.369
660.418
659.516
658.632
656
655.604
688
750
742.401
733.372
797
790.783
750
752.219
751.425
744.145
736.601
732.929
730.547
725.824
721.059
717.28
714.607
711.597
708.497
687
688
689.284
696
697.557
649
666.344
667.083
669.942
671.187
673.164
633
645.835
646.786
688
687.972
685.67
820
809.728
792.141
778.927
711
707.12
699.063
656
659.303
656.986
659.166
660.709
656
659.583
703
709.966
708.887
707.475
706.789
705.935
706.744
705.669
704.296
704.112
641
655.981
640
640.16
638.312
638.601
640.156
642.032
643.877
680
742
743.753
740.887
739.718
734.189
727.917
721.139
714.998
709.922
705.434
701.57
697.601
694.493
691.666
689.561
688.726
758
756.543
750.85
727
730.119
728.74
695
698.806
698.036
700.195
700.535
701.198
702.316
703.007
702.803
702.356
701.613
700.493
698.776
697.482
699.122
700.524
742
740.051
750
745.873
743.915
740.624
736.022
731.604
774
726
730.873
729.425
727.986
725.499
723.606
723.684
723.815
656
677.814
675.351
676.287
677.365
648
602
616.236
615.664
616.454
617.73
602
617
633
639.513
643.434
664
668.235
670.442
671.861
703
701.327
697.189
693.952
693.311
689.844
688.124
685.301
683.68
682.536
680.261
696
691.168
690.85
719
716.209
714.382
687
691.684
689.422
689.896
688.713
689.181
690.574
692.044
692.846
782
775.106
765.674
711
713.5
712.564
710.473
758
754.18
744.244
737.246
732.781
731.089
734
728.007
722.551
891
867.251
838.559
817.534
1039
987.106
936.233
908.798
750
844
847.422
832.715
796.356
791.352
809.578
834.98
832.546
797.654
734
756.122
680
696.637
697.292
697.623
699.871
703.628
710.155
715.878
720.151
724.282
765
977
922.396
894.877
890.753
879.038
836
813.033
802.012
797.399
794.703
790.757
786.275
784.416
783.168
779.732
774.758
770.85
891
887.503
877.488
875.122
877.974
872.717
861.174
850.563
845.212
840.787
835.014
828.441
922
915.481
901.567
889.65
891.072
758
770.568
771.124
773.588
777.96
788.551
803.331
814.932
819.759
823.171
825.988
825.891
823.472
633
648
651.308
672
684.628
696.29
664
671.793
675.542
681.104
672
674.233
726
741.319
745.512
744.588
744.474
820
818.225
797.281
788.986
792.79
793.892
785.603
711
715.764
719.083
724.24
719.78
715.72
718.519
724.727
728.589
680
687.954
692.769
697.655
698.497
699.858
704.211
709
712.177
712.796
712.841
555
547
563.045
566.758
547
556.932
559.395
563.956
568.803
573.932
579.49
584.903
589.921
891
774.129
747.919
679
641
633
623.956
615.5
611.937
671
672.398
656
656
654.031
652.401
649.575
645.732
641.749
638.835
637.955
637.977
637.748
766
755.609
743.053
750
749.749
745.562
740.031
735.601
731.972
728.657
724.857
720.933
717.174
713.518
709.07
704.517
700.014
695.55
617
610
609
607.491
609.973
613.441
620.268
628.992
860
859
837.181
823.681
806.252
784.031
761.642
741.348
723.963
711.172
625
625.656
625
624.634
625.33
656
666.46
673.488
677.658
685.442
692.846
698.621
703.445
707.056
709.243
710.414
742
696
750
739.223
734.197
730.67
727.858
723.392
718.919
715.354
712.243
657
670.398
656
657.224
654.792
655.355
657.214
641
646.335
646.029
648.029
649.813
652.27
672
675.297
679.018
681.928
683.909
683.853
683.127
681.009
679.784
649
654.415
652.488
652.14
651.694
652.082
653.123
664
664.48
664.304
625
638.787
636.996
641
639.47
640.938
642.948
645.015
646.047
646.751
594
613.979
611.957
578
590.147
589.918
590.713
592.173
618
616.146
618.378
621.137
623.432
624.317
623.171
622.846
622.501
758
718.959
703.879
696.98
694.133
648
649.966
765
860
827.884
774
757.16
745.112
737.343
727.895
797
793.763
773.737
687
691.608
703.565
729.71
737.439
721.765
617
637.425
658.156
632
632.903
631.966
632.989
639.205
646.134
632
649
653.193
657.699
659.01
659.836
662.05
664
664.236
663.339
663.776
625
634.243
631.725
585
599.645
578
581.847
581.274
555
554
556.821
555.425
556.001
672
650.819
649.751
651.296
653.338
851
793.768
761.593
743.663
730.245
717.602
703.365
689.774
711
711.774
706.412
750
748.021
813
804.498
784.156
769.393
756.144
664
669.775
668.668
670.412
674.016
678.641
685.249
691.473
696.34
699.062
701.177
701.908
701.231
701.003
700.535
701.596
702.216
701.915
701.335
702.205
700.017
698.353
696.626
695.57
694.796
694.22
693.808
694.64
695.5
696.374
665
679.741
677.68
680.06
679.859
681.865
617
644.659
642.527
643.826
672
670.614
673.029
674.614
676.058
676.536
674.736
672.822
671.242
641
649.62
647.969
648.865
648.553
648.858
651.504
651.326
652.167
652.835
653.518
655.277
655.856
625
609
612.543
612.488
614.412
616.339
649
652.893
656.16
657.072
657.567
657.302
648
647.115
645.027
644.704
644.316
644.196
644.151
644.62
644.031
643.806
643.599
643.398
643.26
643.061
644.223
646.469
648.722
649.963
718
758
753.549
748.355
711
703.661
695.839
719
687
686.576
682.672
681.677
680.347
664
663.298
662.287
663.363
672
687
688.671
688
691.251
693.706
695.826
695.25
688
688.581
688.036
688.276
687.911
688.081
688.619
688.823
688.388
687.95
687.491
687.151
686.95
687.919
688.797
689.487
690.372
691.316
692.252
617
594
603.942
602.014
604.504
586
592.762
595.759
600.002
603.886
608.379
579
589.274
590.593
591.667
592.454
593.356
633
630.526
631.927
648
649.066
648.819
647.476
645.541
602
610.526
607.769
604.434
602.727
602.329
601.886
602.272
602.556
602.8
603.042
603.315
703
703
694.319
687.695
632
635.852
630.09
624.594
620.939
618.146
616.27
614.717
613.27
611.791
610.262
610.831
610.733
625
621.621
623.173
625.568
627.449
602
609
608.439
594
597.57
597.745
599.388
600.668
601.978
603.292
594
597.223
598.024
598.863
599.473
600.457
601.368
578
585.637
617
633
632.355
629.609
628.759
628.04
626.788
624.34
622.153
620.565
619.146
625
623.249
622.784
622.422
633
629.526
629.15
602
617
614.369
616.493
616.458
617.808
619.177
620.376
621.376
622.124
622.746
602
607.452
607.353
608.214
594
586
590.014
592.106
570
578.76
580.504
582.715
584.866
571
577.823
578
580.639
578
580.552
578
579.842
580.839
581.491
582.213
582.992
563
570.547
570.145
570.975
571.569
570
571.426
562
565.048
566.176
567.187
568.121
578
576.738
594
591.05
591.061
591.498
591.802
591.849
562
571.402
570.324
569.919
569.972
570.555
571.473
572.221
579
577.801
594
590.678
609
578
586.812
586.959
586.954
586.446
594
591.673
591.352
591.129
591.018
590.793
590.56
590.491
594
602
598.461
598.45
598.741
598.827
578
578
579.353
579.811
580.724
581.814
583.066
584.359
585.642
586.886
587.881
588.664
589.265
589.675
590.032
640
632.51
628.976
626.899
626.127
625.434
622.265
619.47
617.736
625
621.865
621.325
620.572
620.157
602
603.906
603.465
625
618.85
620.709
622.257
624.075
625.327
625.981
626.514
627.064
617
618.352
618.612
619.54
619.794
620.11
620.759
621.339
620.874
633
630.195
680
675.749
664
662.995
662.478
659.957
648
646.513
644.225
642.79
641.402
640.467
639.968
639.706
639.656
638.864
637.888
637.219
570
578
579.792
580.074
602
604.065
609.871
614.353
619.316
622.409
624.056
624.29
623.752
622.86
621.691
621.502
621.164
620.71
617
617.711
615.515
613.413
612.743
612.667
612.426
612.186
617
618.469
619.988
633
634.069
634.852
634.719
656
653.358
653.317
640
633
632.303
630.217
628.556
627.462
627.06
626.819
632
631.867
631.728
631.539
631.311
632.271
633.17
617
621.449
623.063
625.071
626.351
627.37
628.62
629.85
630.852
649
645.825
645.028
644.314
643.981
643.401
642.64
641.951
641.463
664
657.533
672
669.003
640
644.063
641.5
640.562
639.266
639.324
640.25
641.849
643.169
643.94
644.568
645.168
645.677
646.053
602
620.349
618.896
619.435
586
586
590.11
591.632
641
638.581
640.085
641.477
643.149
642.631
640.555
638.837
637.46
636.328
634.362
633.253
631.882
609
612.392
586
590.674
589.188
589.972
591.588
594.287
597.34
617
620.705
688
688.42
685.622
683.867
680.681
687
682.02
677.822
664
660.932
656.615
664
659.319
657.838
656.73
656.143
687
683.446
680.427
664
667.715
668.124
669.505
668.827
669.094
617
637.059
625
626.928
625.34
626.201
628.281
610
615.67
616.359
617.779
619.281
621.137
623.532
625.538
627.48
629.06
630.131
630.116
633
640
638.528
637.997
637.7
672
667.795
656
656.926
658.134
664
659.155
657.512
648
648.452
647.378
646.635
646.101
646.047
646.121
646.226
646.386
646.428
646.427
646.476
648.873
650.939
632
633
635.485
637.515
625
629.877
632.257
594
609.647
608.234
610.085
610.877
613.678
625
624.608
617
594
602.554
601.257
601.132
600.514
601.418
603.069
604.532
605.253
605.674
594
609
607.051
607.833
608.115
609
648
644.59
649
646.703
647.943
647.518
601
611.149
608.534
606.606
605.73
605.891
593
596.628
596.93
598.765
599.971
601.317
602.86
603.797
625
622.632
624.596
625.033
625.477
617
617.341
617.115
617.198
617.272
617.552
617.873
616.157
615.923
615.687
633
628.43
627.904
627.608
627.457
628.369
628.116
628.726
629.317
629.969
629.705
629.524
629.354
629.233
629.148
629.081
628.985
628.74
628.542
649
644.997
644.914
644.958
648
647.802
646.863
645.842
645.241
644.829
644.136
643.58
643.063
609
625.826
622.667
585
579
582.285
582.365
584.21
586.473
589.37
592.536
595.704
539
567.362
523
537.772
537.216
535.29
535.251
535.488
536.592
492
485
496.523
494.21
493.55
492.741
493.562
494.339
495.103
524
518.132
555
552.831
570
570.04
572.022
571.386
570
547
551.285
548.067
545.082
542.661
540.587
539.39
538.491
539
537.647
571
539
543.513
545.428
546.542
531
536.559
538.01
555
555
554.758
555.101
555.59
555.938
633
625
619.587
602
602.493
610
606.197
602
599.005
601
609
605.676
604.058
594
594.449
594.126
593.222
672
662.856
656.954
654.933
656.525
655.731
652.746
649.196
646.413
644.546
642.089
639.005
636.034
632.854
629.9
627.866
579
605.731
593
625
621.587
625.955
628.117
630.913
632.642
632.444
719
708.165
698.515
691.972
688.557
683.854
678.175
672.828
680
675.02
673.923
670.292
669.355
667.076
665.035
663.86
662.504
660.937
659.001
658.966
660.95
719
718.927
718.775
716.974
716.802
713.928
709.286
704.344
700.092
696.836
657
666.666
661.42
661.805
660.342
660.507
662.334
679
678.097
679.392
683.356
686.826
688.822
688.313
687.784
687.929
687.613
687.061
686.393
758
711
714.046
648
659.867
657.203
654.211
961
831.341
782.821
777.998
774.002
764.889
747.124
732.707
727.529
725.951
734
732.85
730.555
728.65
726.81
726.342
725.277
719
716.736
716.928
664
678.674
677.764
680.044
828
813.063
773
770.381
765.375
755.936
745.186
735.507
696
697.306
693.88
694.386
694.542
694.866
695.978
698.402
699.624
699.888
742
744.188
727
742
703
750
744.222
739.257
781
771.385
764.452
760.156
756.151
751.759
746.669
742.939
740.708
738.838
736.856
736.22
735.897
735.399
735.628
735.02
734.409
735.91
789
785.781
695
721.187
724.625
726.368
648
680
695
697.987
694.744
696.562
705.081
710.167
750
797
777.763
764.454
764.128
765.148
695
705.302
719
715.783
712.184
713.36
716.434
711
708.92
706.886
706.884
706.713
758
753.306
750.104
752.016
754.49
703
712.435
710.779
707.153
705.063
706.411
774
769.433
760.399
758.763
860
841.559
819.03
807.091
810.512
804.323
790.861
781.965
784.185
785.374
779.862
772.512
769.225
770.97
695
712.095
713.469
716
758
695
703
742
746.682
746.798
746.336
750.917
754.816
754.513
750.91
748.043
747.967
748.061
726
732.025
730.988
731.179
729.766
729.316
731.738
695
703
702.988
704.987
706.497
704
707.705
710.854
713.923
715.821
717.089
718.6
688
697.117
656
665.493
680
677.758
679.499
682.702
685.162
687.295
703
735
732.618
728.516
742
738.971
735.886
731.741
728.868
726.545
724.822
721.744
720.322
719.109
717.878
717.007
734
703
708.25
708.076
709.306
640
666.11
665.079
666.569
648
654.405
657.34
660.262
680
679.505
682.902
686.054
688.185
688.592
686.79
742
729.639
829
726
734.018
730.82
725.767
720.426
715.257
712.882
672
681.668
676.692
632
644.459
680
678.529
782
769.785
757.995
756.494
750.247
664
640
641.278
656
661.286
665.85
669.863
675.122
679.026
680.685
680.903
820
802.771
782.712
734
730.024
723.4
716.827
709.607
727
726.98
722.283
716.987
712.518
708.547
704.013
699.921
679
679.442
680
684.136
685.58
672
675.569
678.144
681.507
683.292
684.372
685.733
735
739.576
737.757
734.155
732.866
729.988
725.843
758
751.327
745.806
741.812
740.67
719
695
694.061
691.797
692.704
664
670.162
680
750
754.036
749.476
747.306
747.151
743.256
736.684
730.251
724.896
721.633
718.5
617
648.111
648.401
654.183
657.348
661.485
666.7
671.997
676.746
681.632
625
641.332
641.038
640.462
639.744
640.09
555
599.687
555
567.154
555
557.565
556.706
556.299
556.532
556.938
557.603
558.2
558.727
559.436
560.53
805
709.46
696.32
693.519
688.697
696
686.499
695
686.525
679.745
734
724.09
710.784
701.75
698.255
692.11
656
663.864
664
661.12
661.213
663.244
666.855
669.451
670.606
672.195
673.036
673.825
673.475
673.104
675.109
610
601
602.495
600.233
600.875
632
636.601
641
617
624.722
625.052
627.062
625.74
625.296
680
681.753
677.205
875
906
874.56
857.353
849.396
836.984
818.931
806.055
798.792
793.094
785.54
776.85
735
728.058
719.323
713.052
703
701.649
701.108
708.121
712.47
718.682
725.06
730.879
736.158
687
680
672
670.105
735
744.884
748.521
773
780.545
742
742
736.654
731.411
725.797
721.436
718.981
717.086
714.781
712.325
711.794
711.568
711.144
710.593
710.22
712.177
714.305
742
744.184
747.581
746.498
745.713
672
703
743
687
698.332
701.509
703.33
702.217
702.655
704.353
705.254
705.205
704.918
735
726.107
724.508
724.742
687
702.509
701.823
688
690.463
691.918
692.898
693.638
742
738.667
733.46
731.303
711
712.637
709.204
706.534
705.291
705.318
705.759
705.794
705.206
705.09
704.682
704.463
727
758
752.894
746.97
745.539
743.255
740.211
735.721
731.93
688
656
658.313
656.565
660.917
666.045
672.788
679.641
685.894
690.822
694.098
697.367
701.01
703.107
633
646.653
646.303
645.772
645.657
687
688.303
688.64
688.877
688.701
686.666
683.249
680.911
678.97
677.527
671
672.831
672.5
672.668
679
676.851
676.65
632
647.323
645.209
647.077
647.86
650.196
653.143
656.097
658.015
659.117
659.57
711
707.428
702.201
699.041
697.704
695.59
691.579
687.868
685.078
683.621
682.109
672
680
677.359
677.318
676.731
676.469
676.254
680
679.198
681.985
750
719
720.42
720.233
717.867
719
713.438
709.777
707.245
672
664
662.661
660.809
662.054
679
681.238
684.547
687.385
689.136
719
722
721.269
720.228
633
652.997
652.345
652.198
652.006
652.746
655.535
658.508
672
671.998
672.168
672.697
673.401
673.095
671.843
671.706
633
646.617
664
659.55
657.919
658.563
659.553
660.396
660.637
660.429
660.529
660.845
661.072
660.826
660.6
660.882
661.201
661.301
661.25
641
643.731
643.775
617
627.181
627.905
630.871
634.083
593
594
598.05
598.984
600.819
602.894
602
601
604.328
606.496
671
667.15
661.845
658.59
658.108
655.797
651.941
641
632
610
610.61
606.86
606.168
605.639
606.35
606.291
606.681
607.099
607.553
711
706.32
698.035
757
756.389
748.576
664
672.388
667.186
649
646.024
642.475
641.23
750
736.595
719.128
713.251
712.908
703
695.01
688.675
684.962
710
710.173
704.772
702.781
699.729
697.242
693.653
735
729.911
703
709.861
712.731
734
728.651
722.537
721.257
721.753
721.715
672
682.719
683.53
685.568
684.913
773
765.029
754.081
750.231
751.638
746.427
739.066
733.413
821
810.359
773
771.436
777.978
773.432
761.396
754.49
757.813
759.31
753.27
747.69
774
775.196
768.999
763.051
766.208
768.279
764.445
759.095
727
735.893
736.655
739.58
738.012
739.264
703
713.294
716.103
720.537
719.534
718.402
562
645.992
650.525
539
594.802
594.192
596.837
555
578.363
577.745
617
586
601
602.198
603.491
603.597
603.344
603.334
603.486
602.783
641
641
648
647.015
649.013
649.949
647.731
647.103
646.902
647.343
625
626.623
624.348
621.632
619.337
586
610
604.626
605.329
605.902
608.105
610.376
612.876
614.887
616.712
618.299
619.197
619.424
625
623.261
578
597.933
595.262
593.737
610
648
646.702
643.833
642.423
641.222
639.164
635.488
632.059
703
694.323
641
649.549
648
656
648.848
687
711
702.377
694.6
692.656
690.383
703
694.341
688.331
686.043
685.425
641
633
633.315
632.374
641
643.116
645.889
648.13
650.036
653.158
671
680
681.879
682.507
682.318
682.09
681.067
727
710
705.992
703.903
680
680.67
676.561
673.982
672.382
696
695.728
735
734.745
730.46
726.554
722.336
717.725
773
766.188
757.922
752.408
749.312
680
689.182
684.315
681.598
679.413
680.719
789
785.614
771.627
768.614
768.739
762.177
752.629
744.168
739.076
736.608
733.278
729.493
726.538
726.354
723.862
722.697
719.837
716.894
713.742
713.061
695
702.568
703.138
706.268
708.55
711.573
715.06
718.96
773
772.256
765
760.868
757.375
753.269
748.119
743.303
739.988
737.904
797
790.27
781.822
776.115
774.096
771.149
765.87
759.543
688
687
688
690.786
696.416
704.401
715.175
727
732.965
781
783.865
718
727.43
727.749
726.556
723.695
722.29
723.435
725.403
724.274
1063
914
854.901
851.479
847.32
828.985
802.576
789
787.997
787.647
786.756
784.393
782.971
782.296
780.909
779.534
777.473
774.677
758
750
765
883
884.359
876.239
863.085
711
721.275
721.581
724.12
729.887
735.441
742.387
758
770.793
775.311
769.741
760.573
754.181
748.076
758
679
689.393
690.134
693.324
694.997
697.865
702.717
706.894
709.844
711.953
713.768
715.59
717.426
719.063
695
758
743.661
781
769.188
765.143
761.485
757.688
750
744.926
740.766
738.089
735.843
733.859
732.163
731.068
734
733.313
733.083
731.438
730.57
703
735
730.011
805
797.556
789.051
782.395
775.627
769.336
813
807.432
797.317
787.31
782.08
779.773
703
713.798
688
690.747
691.097
883
850.223
828.073
797
794.375
785.778
772.68
760.531
752.787
750.349
749.193
748.179
746.596
744.694
743.5
742.836
741.897
738.924
736.559
735.927
737.024
738.532
740.295
742.908
745.767
860
765
773.405
775.329
770.254
765.593
763.454
762.223
687
708.823
706.242
706.213
706.279
805
791.149
778.352
778.66
779.5
769.935
696
710.656
712.017
712.142
711.459
715.265
722.09
750
746.664
739.67
739.131
739.994
726
719
719.431
721.531
695
700.365
702.713
703
703.156
704.257
705.613
706.853
707.72
708.357
750
749.917
747.966
703
710.386
709.44
708.583
734
729.311
774
773.818
766.822
759.729
734
731.625
726.491
723.555
720.526
765
766.732
764.032
759.518
695
703.33
700.454
701.157
789
789
779.242
687
696.174
699.694
750
760.37
748.483
729.396
718.469
722.681
781
791.264
775.175
746.764
727
731.654
752.134
765.401
760.602
741.544
725.594
726.303
735.957
745.882
747.034
773
766
734
729.516
729.684
733.833
737.451
735.35
733.433
733.106
733.95
733.986
732.612
731.775
875
851.919
831.829
817.491
810.751
802.248
791.245
780.975
775.047
771.183
768.13
711
718.008
718.073
723.058
725.555
728.026
731.783
734.699
719
722.199
723.524
725.965
711
714.595
716.383
765
763.197
760.007
756.969
758.193
711
716.406
713.771
734
731.959
688
697.606
700.835
705.253
703.529
702.572
836
819.775
800.196
788.318
789.843
783.652
771.021
759.561
759.097
695
705.32
703.317
704.977
804
803.564
788.611
781.008
775.666
767.319
757.136
750.901
748.735
747.44
711
715.8
727
731.016
730.226
773
775.708
769.804
750
750.557
750.236
747.82
744.487
742.641
743.774
744.734
774
771.813
765.772
762.716
760.812
760.081
757.672
735
738.04
739.357
742.456
741.431
742.254
743.541
744.832
745.822
746.064
781
776.874
773.285
719
687
689.84
690.025
695.134
805
809.859
796.204
785.187
777.235
768.616
758.137
747.555
739.12
734.068
732.167
731.59
828
813
796.984
742
742.996
758
763.702
758.335
750.4
747.972
752.677
758.12
755.768
747.742
718
726.381
734.949
742.549
718
715.108
718.116
724.732
728.363
726.794
726.559
734
736.999
737.475
735.523
734.644
735.407
735.742
735.016
734
733.115
733.599
733.955
733.975
733.34
765
760.33
961
897.642
750
766
758
757
756.146
755.962
757.989
760.561
761.216
759.516
757.165
755.23
753.508
752.288
766
763.175
742
735
736.529
737.793
738.606
739.348
672
690.488
703
707.606
703
704.768
708.955
714.666
718.609
718.7
717.505
718.751
721.611
723.151
720.616
719.557
719.255
718.674
717.849
716.989
757
750
746.847
744.363
742.83
740.375
736.583
733.378
731.828
773
767.656
762.459
758.766
797
792.602
783.447
776.556
775.524
797
787.686
779.482
776.806
777.611
776.973
771.44
766.514
782
789
875
851
860
851.04
805
806.67
801.179
796.301
743
703
704.325
706.005
804
825.333
823.317
821.065
820.342
815.641
803.716
790.201
782.173
775.323
773.136
774
771.413
711
714.631
716.608
711
714.037
717.253
723.073
729.239
750
758.525
763.621
688
698.756
699.626
700.821
695
695.76
883
846.501
817.373
803.352
801.26
794.066
813
797.752
805
800.494
798.283
789.601
780.218
772.799
766
765
762.437
760.097
750
756.076
757.864
761.115
764.045
767.01
769.974
772.29
775.382
776.28
696
711
711.018
713.055
714.503
726
731.498
736.537
739.743
741.484
742.119
742.369
741.675
695
705.236
705.988
707.501
707.13
707.85
836
815.27
799.179
790.075
786.907
778.268
767.777
759.445
755.142
752.87
749.449
745.309
766
764.073
759.195
812
805.093
794.77
727
745.862
746.895
746.268
741.743
742.811
747.116
750.642
749.855
746.66
747.639
749.954
751.364
749.763
748.846
748.154
748.819
750.109
750.593
696
711.681
711.572
714.05
713.946
717.387
672
679
680.169
672
674.721
676.831
703
708.139
711.435
713.386
715.901
717.11
715.444
713.05
710.703
709.829
743
736.578
703
709.193
708.403
707.648
704.121
703.127
703.308
703.574
704.307
704.628
774
768.813
760.126
754.971
753.47
749.626
743.614
738.293
735.485
733.193
731.092
728.861
804
798.599
787.786
780.674
777.057
772.221
765.494
758.814
755.893
719
730.127
729.362
732.579
731.624
732.493
735.069
737.15
737.39
735.073
733.209
735.687
737.467
739.307
740.305
688
701.706
702.447
705.117
821
789
777.028
771.091
680
691.577
690.548
690.004
691.054
742
756.749
754.707
748.881
745.35
719
717.648
710.927
750
750.523
745.17
757
743
740.774
737.896
742
738.088
734.341
730.506
728.607
729.021
728.952
728.903
729.53
730.543
730.489
730.404
804
798.262
750
755.015
756.994
754.05
747.753
828
797
786.234
785.496
786.107
777.961
769.164
773
771.914
703
724.841
726.684
727.998
727.223
732.451
737.597
741.053
740.882
740.725
742.089
744.794
746.143
746.813
750
781
805
796.347
788.149
937
904.498
885.004
871.767
866.517
711
723.505
672
671.764
672.018
674.558
680
687.237
695.868
704.774
713.013
711
716.748
719.796
722.537
789
790.853
790.104
786.098
784.574
780.842
774
769.615
727
728.5
723.782
721.493
718.979
718.805
721.205
820
766
764.061
766.828
769.257
766.603
757
756.167
755.683
753.801
749.374
745.647
745.982
743.116
740.423
737.985
736.253
734.378
732.517
733.011
735.334
688
664
666.934
750
751.965
754.837
753.693
754.952
754.127
781
778.399
768.146
757.508
750.963
748.028
745.301
740.343
734.837
730.586
732.193
732.059
731.233
729.632
765
768.226
769.601
766.867
789
788.804
785.232
780.928
774
771.392
767.677
764.354
762.13
836
827.895
817.919
811.205
758
762.983
759.088
756.784
754.615
755.597
743
812
813.883
808.525
798.123
794.211
793.143
703
717.606
719.175
722.017
724.462
728.378
735.631
741.138
743.948
812
804.731
794.872
773
771.748
769.476
765.177
711
711
714.435
719.026
719.841
720.773
724.555
789
792.415
781.896
772.581
772.021
782
779.241
703
714.468
718.882
725.305
722.517
721.946
725.725
765
758
750.115
744.949
748.109
751.388
859
833.226
815.255
804.399
804.266
806.541
781
774.156
812
812.805
804.139
792.901
792.289
797.168
742
748.958
726
719
720.574
723.111
789
801.094
800.037
836
840.706
743
757.725
756.59
753.422
751.99
755.775
759.564
759.557
759.676
758.936
758.801
755.885
752.454
749.347
734
739.205
739.992
740.962
741.376
735
738.001
679
694.944
694.253
696.259
698.065
701.44
705.834
709.945
713.849
716.42
718.449
868
834.593
816.018
742
742.852
737.401
732.409
727.103
765
768.865
761.376
743
739.523
727
734
774
773.055
761.251
751.218
750
753.486
754.208
750.658
745.636
743.618
765
767.064
804
800.328
792.177
789
786.034
783.323
778.347
773.19
726
732.997
731.541
734.686
736.322
773
742
735
703
707.856
708.119
712.257
715.024
718.474
722.747
758
781
778.197
769.91
766.651
761.924
757.931
752.278
747.168
744.005
743.262
742.727
773
771.033
727
732.289
672
679.821
677.879
680.114
812
808.93
795.801
750
746.972
739.178
731.329
723.753
718.753
717.306
716.677
716.119
715.213
714.371
710.954
711.058
708.452
705.122
812
808.376
800.639
792.288
789.636
781.22
772.601
764.821
758.694
1015
928.903
880.892
862.235
828
817.842
804.339
797
828
835.408
833.167
820.371
817.032
816.486
815.764
813
805.373
799.004
795.291
793.64
793.823
794.716
796.884
800.057
803.06
804.785
804.686
804.778
836
835.721
835.924
832.258
829.706
827.272
824.119
820.721
817.822
815.476
813.48
719
733.565
734.231
738.508
743.141
749.368
758.103
766.492
711
723.787
725.503
728.115
742
743.947
748.306
743
745.757
745.945
743.728
664
664
664.631
703
719
718
704
706.344
710.178
713.292
712.208
709.53
707.596
664
679
679.977
682.201
681.165
679.751
680.799
681.638
703
711
711
710.145
710.428
709.802
708.188
706.675
705.722
705.153
704.872
703.953
702.897
702.066
701.457
711
707.334
706.901
705.767
758
753.764
749.688
745.348
742.768
738.627
703
711
706.978
706.31
703.98
704.39
705.928
706.901
727
718
718.411
717.567
716.911
715.154
715.94
717.28
717.972
717.905
717.793
727
723.733
723.389
722.589
722.342
722.043
721.648
721.199
720.811
721.906
721.685
721.489
687
703.484
700.516
702.091
701.731
703.544
705.544
707.091
708.781
709.193
709.706
709.866
709.759
709.403
708.854
709.476
709.283
709.287
709.044
708.916
707.048
707.719
707.436
707.273
707.086
707.018
707.842
708.752
709.624
710.489
711.346
712.086
711.997
711.909
711.784
531
675.917
655.985
659.372
656.857
659.585
662.666
665.708
667.844
669.354
670.759
671.871
672.246
585
610
614.447
613.984
613.475
613.05
613.857
711
701.657
693.226
691.211
692.097
689.006
683.064
703
696.276
711
703.489
699.219
703
698.989
694.901
617
594
599.743
598.354
601.557
603.863
687
699.153
700.881
702.19
702.754
698.455
691.596
602
616.088
615.939
615.584
616.136
616.254
618.747
620.527
622.307
622.723
622.271
621.06
665
667.261
670.236
671.831
867
818.588
790.7
781.218
774.57
765.487
1016
927.533
873.902
848.211
843.954
843.623
833.94
810.934
789.965
786.592
789.003
795.284
793.866
672
696.382
709.417
734.975
739.055
735.954
737.068
747.92
763.214
770.868
769.467
764.174
765.206
586
657.396
661.423
670.796
671.495
671.734
674.923
681.187
687.66
625
640.333
640.352
639.51
594
609
609.104
608.854
625
621.948
622.338
623.906
626.556
627.709
628.474
649
645.094
646.355
646.646
648.033
649
647.194
641
617
619.219
617.728
616.994
617.065
617
618.3
619.567
578
595.334
563
572.635
571.373
572.251
573.512
575.495
601
633
635.049
636.525
664
663.989
661.716
658.953
665
661.531
658.748
655.068
652.916
649.808
648.183
645.901
644.454
642.866
641.416
640.413
639.676
625
628.06
628.754
631.244
633.787
636.649
639.463
563
600.998
597.675
597.581
596.139
596.526
586
590.345
578
578
579.634
580.306
581.153
582.512
584.049
585.704
587.017
587.964
588.596
589.635
589.137
625
621.826
621.216
621.027
621.478
622.622
620.605
640
634.006
617
617.49
632
627.392
625.995
625.221
640
636.226
635.64
635.298
635.081
635.17
634.975
634.82
634.685
634.612
634.497
634.393
635.353
635.926
635.753
586
612.839
608.546
607.653
606.908
608.59
611.008
613.115
614.618
615.866
571
593.616
586
586.833
584.971
586.335
587.747
588.919
589.758
601
599.402
599.986
600.325
578
586.037
578
586
583.701
583.834
584.701
585.406
586.502
587.241
585
586.164
587.027
587.749
588.315
589.03
589.847
590.388
590.853
591.232
590.964
591.649
633
625.482
622.428
623.438
625.086
623.933
621.23
563
584.515
582.544
641
628.439
623.664
633
631.431
630.403
627.368
624.697
622.859
621.169
619.102
617.044
616.159
614.855
613.513
611.73
594
597.742
595.35
596.032
649
647.294
641
633
635.056
634.674
632.787
630.253
633
617
619.21
602
594
601
599.781
593
594.709
595.661
597.462
598.429
601.109
718
703
693.298
688.604
685.793
679.919
673.526
667.142
662.087
657.725
653.332
649.394
645.458
641.763
638.387
637.004
635.017
632.683
630.976
631.733
633.808
636.281
638.901
641.562
644.349
609
618
625
625.052
632
631.512
632.727
633.852
679
678.471
710
706.892
703.38
699.801
695.149
690.753
686.047
703
698.837
664
668.234
665.301
663.194
661.211
660.681
660.987
661.231
661.579
662.978
664.164
666.786
669.34
671.228
758
750.117
740.921
875
855.525
839.05
831.848
827.828
819.269
808.045
801.639
797.139
791.799
784.831
778.409
773.476
768.425
762.548
756.881
756.109
719
725.498
722.319
724.39
726.11
672
688.136
719
724.856
729.901
733.128
737.64
602
653.251
655.904
594
612.291
611.704
617
617.74
620.348
624.288
628.332
631.063
648
647.01
696
691.958
695
697.103
698.05
697.367
693.32
609
627.917
623.588
618.876
616.711
616.103
616.85
617.967
619.399
620.809
622.356
624.417
695
695.047
687
688.288
690.126
689.2
685.162
682.114
680.165
678.177
676.19
673.746
671.664
669.971
667.711
666.607
665.136
663.72
662.455
661.702
664.182
672
674.721
677.287
679.176
680.603
681.621
680
680.844
641
655.006
652.176
652.3
651.604
652.68
654.179
655.47
656.424
679
676.382
675.715
675.31
675.218
674.548
625
640.811
639.748
639.903
639.807
640.609
642.95
644.292
645.235
645.88
726
716.376
707.665
702.887
701.526
698.16
692.696
687.903
685.102
682.393
735
729.682
721.091
715.732
714.858
713.421
708.776
702.725
698.283
697.356
699.012
700.239
701.134
781
779.098
770.026
762.604
805
801.661
790.384
782.236
789
766
761.635
756.642
734
735.341
732.04
1031
908.99
857.401
852.559
850.698
839.57
815.774
798.611
795.194
794.638
765
762.891
762.005
762.666
762.195
761.637
761.239
760.685
759.313
759.442
761.082
789
805
809.663
810.83
813.093
811.397
807.524
802.97
799.168
795.627
852
845.813
840.081
835.213
834.174
830.345
824.838
766
771.941
770.759
774.119
775.591
779.845
785.662
791.079
794.106
812
808.236
805.918
813
813.759
813.765
812.977
812.68
757
767.766
766
1187
966.463
887.11
886.347
922
920.117
896.745
874.03
797
798.503
802.372
808.248
807.759
804.059
803.506
807.299
812.11
811.308
805.388
804.929
810.194
813.721
815.512
891
894.295
758
774.565
1125
974.727
900.171
898.552
898.768
879.58
848.216
711
724.945
734.204
760.316
766.368
766.3
774.408
797.139
808.949
807.945
800.945
798.831
797.806
800.724
800.283
798.006
795.983
794.812
794.607
793.536
790.329
787.877
786.599
812
808.878
807.52
803.903
805.294
806.895
806.573
803.503
801.818
805
804.947
803.944
802.293
801.333
789
792.348
792.821
812
805.18
804.297
806.064
806.857
807.33
805.999
805.417
805.454
805.396
734
750.176
751.833
755.688
757.804
762.771
769.426
758
764.452
797
795.027
766
773.065
777.357
859
836
985
957.227
923.403
916.102
907.11
888.143
859
854.113
854.875
851.994
781
742
742.972
1047
976.101
922.532
916.054
916.537
797
792.824
793.908
801.906
806.48
805.354
805.216
809.753
813.255
1148
1029.38
950.362
943.299
939.909
797
795.097
798.687
809.223
946
943.385
912.983
909.049
1016
875
872.865
876.2
873.926
865.033
865.722
969
947.115
916.021
915.78
891
875.01
820
781
782.23
784.768
788.738
797.393
815.949
836.074
820
821.471
782
783.318
820
826.195
828.955
825.866
826.046
1102
1030.86
964.196
937.35
933.667
924.794
898.581
873.069
869.459
873.823
879.956
688
757
780.048
813.901
813.296
812.094
819.03
829.102
781
783.609
787.636
789.041
789.075
703
695
703
706.198
711.141
711.709
717.04
721.921
641
658.045
649
695
702.418
708.184
711.533
715.975
720.513
722.141
719.464
717.836
704
703.696
700.892
699.543
672
676.967
676.296
677.339
676.202
676.013
677.004
679.124
766
763.512
756.803
750.304
746.494
740.495
852
837.334
815.59
798.385
791.401
787.816
781.562
771.903
762.865
757.148
755.323
782
789
782.112
774.918
772.023
774.107
773.147
767.401
761.384
781
785.847
788.753
786.558
757
762.541
763.89
766.056
763.688
761.242
761.923
764.221
766
820
814.882
807.556
800.846
797.013
914
893.822
872.843
854.876
849.145
844.087
835.498
820
812.852
810.854
814.746
914
898.709
828
827.916
841.968
875
860
837.952
827.759
841.132
853.074
846.952
828.929
819.761
833.664
846.463
829
813.057
806.42
823.239
833.738
831.52
818.491
812.933
821.54
852
898
876.649
829
1039
1005.26
805
811.905
824.602
834.536
742
754.464
772.184
791.648
788.759
813
765
821
825.656
812.374
782
765
844
838.135
818.324
793.752
805.744
817.408
821.002
799.832
789.141
801.034
810.095
807.231
789.205
778.832
734
745.06
752.093
756.588
922
836
814.895
867
871.874
854.185
836.491
834.267
757
763.197
804
804.195
793.424
792.061
802.434
969
902.044
758
767.139
776.097
789.403
788.763
779.418
783.394
804.028
821.009
801.576
781.936
782.327
797.671
805.183
790.904
625
675.153
664
684.007
617
633.632
640.881
649.422
653.973
659.985
670.167
695
702.035
703.932
708.503
713.339
714.546
713.325
711.822
711.462
709.783
706.443
704.481
702.12
700.025
859
781
764.814
761.934
760.971
754.751
744.214
882
851.268
823.188
810.121
811.542
806.694
790.256
776.833
750
718
718.795
718.088
695
696.497
698.618
703.04
805
813.053
796
793.949
798.985
781
735
733.14
731.967
732.105
730.568
728.964
731.1
732.409
730.319
728.109
765
765.488
759.986
757.039
761.103
937
902.779
873.657
855.412
848.515
813
797.902
786.47
859
863.308
851.344
831.147
824.538
830.049
883
872.546
847.552
781
780.38
805.407
834.862
838.733
782
789
809.086
828.098
826.494
703
720.564
736.647
763.568
672
682.773
698.477
717.213
716.367
687
696.842
714.286
727.624
712.958
742
750.999
749.385
733.333
731.899
740.489
742.359
734.806
727.506
730.953
733.056
937
861.398
822.385
812.068
807.586
800.816
786.875
891
873.96
848.064
827.35
812
811.765
757
753.108
752.777
836
838.881
821.116
819.121
832.357
838.294
827.261
811.584
806.235
806.982
807.194
803.653
797.159
796.341
799.197
852
842.82
830.402
891
888.6
878.921
868.397
865.431
781
789.458
789.995
788.877
790.09
797.08
836
835.57
828.141
831.164
832.733
827.942
822.914
821.279
820.328
822.19
797
938
908.353
887.451
1132
1040.75
995.653
994.491
973.381
945.254
1211
1103.44
1036.75
1051.23
1046.21
990.541
993.335
758
779.097
787.749
807.221
817.118
826.912
856.44
884.924
892.285
820
824.916
828.873
828.473
828.629
829.219
832.462
836.841
837.245
829.817
828.358
827.906
828.239
826.26
822.591
703
721.303
720.62
726.509
729.927
734.485
741.079
726
1219
1010.36
927.517
925.302
920.607
903.95
878.82
866.846
863.891
862.948
860.672
856.805
727
739.881
739.423
742.737
821
820.634
816.824
818.757
830.502
836.481
836.89
832.948
830.623
829.895
827.236
823.292
819.544
816.685
815.243
814.004
810.269
806.249
801.799
802.317
805.412
807.733
808.922
811.121
726
746.153
746.32
750.129
751.889
755.981
762.014
768.649
766
758
761.359
763.771
765.843
765
765.286
767.385
769.176
767.718
852
831.275
821.927
766
771.259
769.247
766.406
761.431
759.722
762.909
766.682
812
806.291
795.831
789.315
789.237
792.419
789.169
781.281
775.589
758
761.73
761.857
763.383
763.355
764.115
765.166
821
818.883
820
812.029
810.772
806.675
801.626
795.815
821
817.256
812.575
808.059
805.843
803.284
799.372
796.658
794.807
793.722
883
868.699
859.988
853.873
851.379
845.118
837.341
830.181
825.404
822.515
819.86
816.35
814.337
814.335
813.817
812.49
809.795
806.894
804.468
805.594
808.647
811.776
815.113
818.541
822.233
825
826.319
820
822.585
821.838
821.694
750
765.478
766.807
770.691
703
718.36
723.81
732.281
735.952
742.289
751.84
789
789.328
781
782.944
789.047
789.055
719
781
772.832
766.31
757.969
762.589
764.057
759.141
755.016
756.817
758.688
757.838
755.425
756.65
759.835
760.517
760.065
759.211
759.058
759.413
756.907
760.61
760.777
703
688
690.204
690.669
695.043
700.213
711
719.045
726.296
731.102
734.473
736.372
736.854
735.498
733.186
648
664.613
664.491
666.35
668.044
671.374
676.102
945
844
781
777.95
775.236
766.656
749.525
737.195
805
806.623
821
785.095
773
742
740.707
740.57
740.112
737.887
735.162
679
685.206
648
650.519
648.727
650.518
652.726
655.704
661.068
633
639.517
639.072
633
633.769
634.302
649
781
767.493
756.23
752.812
749.991
744.297
736.087
728.081
722.338
717.556
712.428
706.834
700.948
938
872.944
832.239
812.116
797.418
1164
1026
941.057
906.148
904.23
904.599
789
945
941.018
909.51
864.559
1047
1027.57
963.814
940.611
959.57
960.391
909.965
899.911
913.08
913.501
887.847
844
867
897.144
914
875.086
863.509
891.664
910.861
890.826
870.15
844
858.321
1086
1004.81
933.344
908.767
932.272
951.733
935.847
836
839.541
743
773
813
847.104
845.25
1000
1003.28
782
793.468
803.556
742
747.2
757.283
761.772
765.722
776.242
785.062
786.004
785.573
786.617
784.563
782.047
780.562
779.288
778.199
777.736
805
801.509
798.321
799.045
798.689
774
776.918
773.517
772.737
771.548
773.066
775.569
782
789
788.696
821
818.868
815.323
811.695
820
815.671
742
756.686
782
778.089
773.025
782
820
815.144
804.006
802.879
808.13
803.31
793.9
791.844
742
754.094
758.183
765
760.559
763.188
765.779
769.119
771.041
711
724.096
726.614
729.847
730.244
732.513
737.467
742.718
746.561
610
655.08
625
649
648.417
652.668
657.47
663.818
670.483
676.001
679.568
681.192
682.644
683.473
683.846
684.303
684.358
683.998
683.456
683.112
781
759.379
749.989
745.582
744.04
740.098
733.288
727.311
723.646
720.958
717.794
781
776.056
765.674
758.567
755.898
752.606
745.907
851
834.495
820.135
810.355
809.636
804.516
867
851.534
833.782
822.874
826.444
830.081
820.92
809.146
803.315
807.742
811.254
806.341
798.601
796.612
800.866
804.34
803.604
798.658
766
772.953
776.877
781.862
758
762.464
767.373
773.923
774.109
782
781.888
784.639
786.371
758
763.491
890
862.02
843.533
781
791.089
799.145
799.886
787.32
774.848
777.475
859
828
727
737.929
754.95
812
799.476
766.708
761.084
788.583
810.35
797.215
770.774
767.471
787.444
799.893
783.195
759.084
758.995
780.664
791.61
778.194
761.719
1054
953.943
877.328
847.662
863.66
866.93
837.701
803.15
836
863.098
859.862
814.662
808.911
914
913.27
857.97
823.936
843.037
781
781.98
785.275
791.181
794.107
797.45
803.142
808.264
808.218
805.612
851
849.803
840.142
703
725.578
727.3
731.444
797
750
758
765.164
789
790.206
780.951
774.558
775.954
781.606
781.196
773.141
664
649
651.869
652.664
657.198
661.483
672
681.363
692.085
700.844
707.722
713.611
664
671.256
669.448
668.993
668.368
667.57
641
671
666.887
668.031
665.733
665.988
666.728
667.119
899
867
830.919
726
721.035
714.788
707.637
813
810.308
1063
981.157
907.424
890
1078
1044.8
975.06
916.941
916.483
844
766
756.799
758
767.57
774.404
776.067
779.83
710
713.503
712.933
750
768.161
711
717.591
725.485
734
737.051
733.706
805
815.127
808.717
797.574
711
719.213
721.524
725.724
722.017
789
796.814
790.568
782.194
781.621
836
834.557
821.772
804.599
757
759.572
762.201
764.596
759.755
756.885
820
826.021
816.929
802.04
796.931
801.159
801.806
793.865
743
749.673
755.532
765.044
762.803
759.047
760.018
765.644
770.924
770.651
765.2
762.193
859
857.083
844.598
829.701
825.121
826.444
821.207
810.645
803.232
800.541
800.66
799.039
794.065
789.665
781
766
769.288
770.722
821
822.02
825.428
827.562
836
834.24
813
811.833
773
777.283
774.725
875
865.314
852.612
842.764
838.462
832.523
823.455
813.924
807.668
805.212
805.019
804.311
801.398
798.187
765
782
784.413
787.91
783.446
782.747
786.804
790.531
734
748.735
749.622
751.82
703
726
729.517
733.792
731.416
750
754.791
1039
883
843.887
743
742.036
740.013
739.14
737.966
737.424
737.617
738.846
805
811.555
735
734.99
718
722.023
722.521
718
717.646
720.734
725.568
727.383
728.199
729.604
731.056
731.671
742
738.576
726
728.138
742
739.025
738.132
710
715.75
715.247
716.239
714.572
714.368
715.519
716.935
718.143
718.539
718.651
718.997
719.54
720.6
720.517
797
789.411
766
804
798.48
789.578
783.042
844
719
740.195
744.365
737.541
737.295
742.337
743.348
743.289
745.122
745.802
745.817
743
812
793.192
789.874
791.481
789.827
719
734.706
680
687.174
685.688
686.734
690.755
696.488
702.816
708.355
713.48
717.847
720.643
721.905
722.694
664
676.356
674.812
674.279
727
722.341
781
781.476
774.341
766.584
757.95
750.122
742.609
736.121
731.468
719
718.034
714.892
687
691.968
734
735.841
732.077
730.349
733.744
736.287
743
765
764.477
760.104
756.711
753.565
749.898
745.367
741.361
812
807.599
735
744.953
748.661
747.135
741.068
739.88
781
778.076
767.817
763.563
770.245
769.388
759.912
754.917
763.125
762.94
756.899
752.123
755.707
758.796
758.053
687
709.145
712.692
716.198
828
875
860.296
844.307
832.021
817.796
803.423
790.131
779.859
773.625
769.762
767.214
764.664
836
821
809.527
802.064
797.866
791.121
783.194
821
882
1063
1022.11
984.818
974.624
961.044
936.6
912.661
896.351
888.704
884.822
882.315
703
851
872.675
885.304
867.957
862.029
836
840.877
841.975
841.706
839.461
838.108
839.59
842.281
841.648
839.893
837.645
834.449
832.352
829.404
825.915
828.455
831.748
679
719.145
719.672
726.088
729.17
734.219
741.143
804
813.1
813.685
813.225
813.85
811.474
805.654
789
836
875
860.015
839.375
838.734
842.406
837.004
827.747
922
904.216
886.351
874.888
879.063
874.104
860.947
851.874
855.577
858.207
850.934
703
731.49
735.746
749.871
756.387
764.404
779.556
774
781.642
787.846
792.649
795.849
727
736.135
750
751.974
751.513
750.195
751.544
755.428
754.51
752.428
750.702
750.972
752.376
753.027
758
726
727
729.524
733.122
732.431
732.207
733.392
736.6
737.875
738.113
738.008
738.612
739.872
739.531
739.025
738.916
738.97
738.913
738.905
740.868
737.705
737.465
737.055
736.951
736.81
736.685
736.588
737.625
738.588
739.506
740.249
740.977
741.774
742.379
742.172
742.006
741.889
741.785
961
877.644
820
817.857
813.039
800.287
784.403
775.058
773.93
774.747
773.719
771.003
750
750.584
750.612
751.921
751.192
749.311
748.049
748.886
751.653
753.289
755.64
757.989
760.789
763.949
765.219
750
754.785
753.863
754.947
797
790.508
786.945
784.415
789
785.345
781.031
813
781
784.701
782.415
780.269
777.138
774.865
773.888
774.085
774.016
773.358
797
790.934
792.806
792.622
742
821
867
789
798.068
804.483
798.141
788.398
789.27
793.17
790.368
785.006
784.838
787.729
786.669
782.685
735
758.808
764.741
764.103
851
834.393
750
768.229
773.158
774.41
766.054
762.066
766.773
734
744.385
744.404
745.984
711
722.512
726.058
730.061
727.601
725.622
731.306
736.003
737.051
735.578
737.35
739.639
740.017
738.869
737.736
737.897
737.66
737.467
737.21
736.741
735.832
735.594
735.454
735.343
735.089
734.762
734.571
735.569
736.515
737.374
738.29
739.239
740.175
789
783.359
778.872
774.868
743
789
778.559
772.169
764.884
762.688
762.263
760.501
756.742
1047
927.672
877.75
873.66
869.711
848.079
922
899.505
871.981
813
822.701
838.234
758
761.513
769.255
774.135
773.107
772.096
719
742.303
749.246
751.824
749.245
749.818
756.107
763.467
768.155
765.094
765.871
914
896.681
875.515
860.695
860.193
853.966
844
829.666
823.528
823.405
821.926
711
725.795
726.996
734.519
738.906
744.187
752.346
852
857.742
851.713
680
695.252
648
647.481
647.578
649.644
718
747.644
758
883
881.42
858.692
844.169
833.005
812.042
790.59
775.466
769.641
766.807
765.334
759.191
750
745.795
740.613
734.925
729.328
725.472
750
759.534
767.294
773.109
695
706.078
706.471
708.172
709.923
711.586
715.095
781
789.945
785.722
775.937
770.81
768.481
763.781
756.438
633
662.119
664.641
674.505
679.411
683.787
711
723.228
728.156
728.633
728.589
728.658
729.346
805
799.629
788.381
828
867
851.674
836.839
833.197
830.421
823.275
814.502
808.328
806.471
802.341
797.087
793.097
790.948
788.998
787.033
785.547
820
789
793.709
796.155
799.275
799.926
800.784
802.387
803.611
804.209
803.81
803.359
802.897
801.941
800.896
799.921
799.668
799.156
798.364
797.932
801.012
799.099
798.938
799.447
985
919.198
895.792
889.803
718
732.5
732.485
734.634
739.727
747.27
757.914
769.077
844
852.346
835.803
735
736.915
739.315
750
753.258
755.031
754.819
757.53
761.658
759.177
742
711
712.502
758
769.342
767.081
751.911
726
728.33
688
695
693.42
672
673.877
675.044
678.849
682.124
684.855
687.232
690.2
692.95
692.446
691.877
694.079
695.725
696.818
711
708.428
708.797
707.614
562
627.807
627.583
570
594.736
594.055
595.437
593
596.444
599.326
601.851
604.127
606.169
860
751.361
729.432
728.51
727.043
716.712
703.056
937
844.125
798.041
778.221
859
853.653
823.115
790.039
782
789.427
789.808
773.016
961
911.053
855.91
797
813.551
828.252
818.525
784.025
782.396
810.939
805
788.546
773.365
791.515
811.778
808.958
779.815
768.805
782.819
805
803.324
783.179
781.343
793.48
801.718
795.525
781.401
776.464
726
737.285
741.474
745.914
744.967
757
760.127
764.387
765.879
764.893
764.831
765.546
765.639
763.865
762.504
763.278
763.856
763.055
696
712.504
711.138
713.131
714.776
718.88
723.883
729.21
733.231
766
764.916
764.579
764.291
763.412
761.809
758.509
755.482
754.247
753.44
751.478
749.719
938
874.031
847.432
797
794.76
787.152
789
779.629
758
759.035
762.474
771.185
771.028
1070
968.034
902.363
886.477
884.261
879.226
750
749.992
754.756
711
712.423
715.304
722.227
727.694
734.474
740.905
805
807.72
805.447
806.487
814.614
992
953.967
758
763.914
766.885
820
814.827
793.684
787.278
797.6
814.855
813.388
787.325
774.574
781.226
774
773.844
766.426
760.2
760.405
790
793.227
821
806.559
799.949
734
766
770.125
750
746.997
744.975
749.054
828
823.015
811.539
801.577
696
703
704.242
706.355
710.112
713.72
742
757.694
703
711.172
715.158
718.851
718.498
805
801.235
788.144
787.803
790.087
782.042
836
819.157
806.487
765
769.298
768.302
762.894
756.471
805
803.492
796.231
788.393
784.65
785.193
781.093
775.969
774.448
775.988
813
750
759.299
764.581
764.818
836
821.627
812.513
810.315
806.856
802.266
795.763
766
773
771.992
734
744.78
748.011
751.671
789
765
769.405
772.562
772.068
768.255
768.238
769.18
687
704.944
704.991
706.529
707.574
711.156
716.632
722.496
725.465
727.388
728.722
730.139
732.415
733.032
781
772.309
769.232
766.609
766.192
734
736.093
765
756.852
752.132
750
750.468
749.482
745.827
743.074
743.188
781
776.701
770.535
766.681
769.375
770.058
766.566
820
809.102
801.487
796.959
734
727
724.445
695
698.971
701.097
707.021
713.227
720.246
727.976
734.358
739.072
741.961
937
797
796.676
852
875
843.78
833.762
750
754.66
930
861.554
819.335
812.382
817.99
883
852.659
789
787.509
810.166
833.722
822.474
786.796
777.915
807.023
834.858
815.791
781.157
773.978
805.086
827.017
687
705.802
716.873
731.979
731.744
938
896.588
849.752
846.24
850.551
833.617
808.796
806.956
810.627
809.492
797.988
795.889
798.982
801.022
798.337
791.353
788.657
786.597
703
725.465
727.368
731.81
734.961
739.558
746.038
751.894
672
692.585
692.768
693.226
693.444
695.831
700.304
704.446
707.495
719
718.306
719.959
680
688.868
686.509
687.058
684.642
685.375
687.201
689.558
689.647
689.651
689.661
689.78
689.825
689.651
689.356
813
790.625
776.803
767.593
762.811
755.248
746.598
739.119
733.814
730.286
726.973
723.583
720.277
717.364
714.541
714.186
712.101
709.181
707.192
992
901.906
863.92
856.96
789
775.326
742
726
721.944
722.009
724.755
726.833
728.2
898
891.424
852.15
835.36
831.355
826.666
808.785
799.03
791.093
785.924
784.138
695
701.285
700.998
703.481
706.388
709.752
714.746
719.62
727.183
733.999
875
789
788.861
788.988
789.146
782.071
773.361
828
817.951
805
801.26
802.423
795.038
783.686
820
766
775.971
852
750
778.199
789.416
778.322
779.79
786.011
781.656
780.169
648
696.003
697.421
698.837
742
752.487
754.743
756.331
758.224
757.6
790
786.129
777.906
772.346
769.643
768.507
763.618
759.703
756.806
756.388
755.886
755.065
753.698
752.596
752.515
753.517
719
742
738.356
740.994
741.651
734
737.81
740.087
741.407
740.664
741.453
742.655
812
803.953
795.723
789.377
727
735.763
733.813
812
802.153
781
773.395
772.156
776.776
772.955
821
808.341
794.895
785.034
780.21
782.237
779.236
773.284
766.879
768.341
768.583
891
781
787.256
793.725
793.939
785.283
891
862.395
840.591
840.769
727
745.581
746.49
812
804.821
766
769.95
945
906.702
866.659
774
778.295
797
750
748.386
750.526
759.347
767.621
766.551
719
781
836
828
795.888
776.16
776.544
687
672
673.245
672.83
677.398
682.441
688.438
696.099
702.697
781
786.189
777.092
773
813
813.404
806.136
797.786
791.26
787.819
782.12
718
721.198
717.468
716.029
714.411
715.906
719.383
722.979
726.2
730.675
813
813.408
718
729.29
742
743.067
727
727.104
734.337
738.998
733.274
719
723.372
728.75
729.629
722.1
719.001
742
742.654
781
766.032
763.184
773
821
817.811
805.607
796.345
795.488
794.975
789.801
782.552
777.777
875
866.867
688
719.781
726.503
735.078
735.468
738.289
749.206
760.947
764.079
764.087
766.472
768.801
844
829.104
808.206
805.245
808.263
804.512
795.196
790.574
788.985
787.183
784.343
780.176
778.002
777.284
776.462
743
752.652
753.181
755.254
753.002
755.716
759.422
763.081
766.476
769.315
771.944
773.655
774.329
773.888
766
768.674
767.646
767.556
766.755
765.605
766
765.244
764.769
764.181
763.608
763.208
719
734.761
719
735
731.435
735.323
739.315
743.163
745.769
747.052
747.76
748.231
747.95
747.149
745.994
746.169
711
703
750
742.635
738.513
738.145
782
1015
918.891
872.344
860.81
854.658
648
656.736
661.147
672.831
684.755
691.89
969
908.147
853.065
846.465
844.014
839.161
812
792.921
787.736
786.865
786.049
784.383
781.874
797
795.505
805
836
824.932
810.614
811.246
814.409
815.609
812.797
809.688
810.269
811.722
809.675
750
761.83
734
805
794.242
794.534
793.354
796.341
798.474
867
856.413
845.856
837.675
789
792.789
788.48
785.99
782.566
719
731.851
735.162
743.57
747.509
751.902
757.575
764.395
805
1078
984.685
932.838
910.187
901.56
877.454
847.629
823.707
814.548
813.726
804
801.873
859
879.463
874.386
862.288
860.36
857.754
852.754
843.42
842.407
875
880.279
878.385
869.094
828
836
840.086
734
744.069
743.754
747.502
752.489
761.072
772.919
783.401
687
680
682.421
682.367
684.825
688.855
742
760.132
763.719
764.683
767.7
767.5
760.095
752.281
746.154
742.287
738.412
735.736
733.238
733.511
730.54
594
586
591.356
570
579
578.725
581.815
585.605
590.751
596.538
602.494
608.317
613.702
632
636.424
640.771
643.703
645.694
646.188
646.413
646.463
645.705
643.985
688
680.32
677.05
898
817.262
794.047
784.595
776.736
765.177
751.587
741.602
789
786.543
775.218
763.198
763.647
766.187
759.912
746.592
739.275
737.918
736.423
734.814
734.581
737.193
741.733
745.668
747.2
747.62
747.711
747.97
750.922
867
853.718
843.542
835.251
773
773.936
767.13
761.144
757.262
754.645
755.359
805
809.695
801.51
792.456
790.088
788.653
783.014
775.036
768.935
770.696
772.862
774.093
773.238
719
726
727.739
680
687
688.435
692.421
696.675
702.261
708.572
714.452
719.747
723.966
727.221
729.352
730.821
758
753.541
751.385
751.13
748.198
745.526
742.663
739.082
736.851
734.998
733.533
732.283
731.294
730.461
729.744
729.536
729.437
730.17
731.079
711
722.888
703
710.469
710.538
713.013
715.259
717.78
720.13
721.357
774
768.515
763.76
760.479
750
747.815
743.086
739.529
736.965
735.849
734.99
765
760.631
756.335
753.442
752.158
750.744
747.702
744.045
741.621
744.043
745.134
746.16
746.403
696
703
704.238
707.441
709.387
712.23
716.143
721.005
725.353
727.857
729.174
729.986
729.963
836
821.037
806.825
796.388
790.916
773
766.514
759.97
756.11
752.903
749.999
747.419
852
844.895
828.172
758
765.594
836
859
758
762.734
779.7
793.778
782.675
759.452
762.222
786.519
742
737.14
743.896
753.927
755.498
746.827
746.913
704
664
667.167
669.416
673.958
678.184
683.542
690.295
696.562
701.891
705.481
707.479
709.821
709.676
708.121
706.33
704.9
844
831.105
814.238
750
747.437
742
736.69
730.343
774
776.574
768.651
758.826
813
816.388
801.167
783.475
778.902
719
723.053
722.542
723.884
725.956
729.634
733.69
736.962
739.042
790
726
734.655
736.65
742
738.86
739.744
741.617
812
800.403
790.587
726
735.14
734.679
732.787
727.852
727.145
731.46
736.825
727
727.89
727.417
729.262
730.444
730.486
729.582
727.88
727.817
729.243
730.044
731.276
731.668
727
728.684
729.394
851
823.919
810.413
801.149
795.609
758
844
825.424
809.818
796.758
812
813.087
803.288
789.57
734
748.074
755.157
762.247
719
732.284
741.575
750.99
746.246
742
744.823
751.928
757.202
753.934
752.232
883
865.095
758
767.221
779.208
778.351
762.558
711
726.852
736.927
744.737
736.009
731.395
742.525
756.28
756.003
738.76
732.477
739.431
750.068
751.143
744.655
741.147
744.682
749.282
672
690.731
692.022
891
823.006
794.027
938
911.545
961
935.447
909.059
899.688
828
813
804.133
802.094
800.895
799.997
797
797.686
796.269
852
850.494
845.57
843.544
922
922.856
913.135
904.969
904.405
899.758
888.806
879.194
875.678
873.001
867.867
861.266
856.525
789
797.961
796.004
802.953
806.803
811.813
836
849.82
857.552
860.239
862.596
863.29
862.476
812
818.904
819.344
820.117
816.996
817.473
822.131
821.414
820.253
818.101
817.743
817.502
818.025
819.48
727
743.651
743
749.161
752.413
758.583
766.02
774.037
780.1
783.407
836
832.704
829.881
827.396
679
707.916
709.007
665
670.525
672.293
676.44
681.471
703
712.107
719.381
725.728
730.696
618
648.772
632
633.646
633.726
634.794
637.252
664
656
660.637
662.971
641
646.871
644.05
643.631
643.45
643.805
644.543
645.044
645.614
645.211
645.091
644.534
644.067
643.674
644.19
644.78
646.627
647.474
648.592
649.837
649.568
649.895
650.335
650.315
789
754.085
740.805
695
690.92
684.051
678.289
673.32
670.002
668.37
667.848
667.305
633
639.141
637.679
639.356
639.872
640.209
617
626.497
626.702
628.254
628.744
630.607
632.965
648
649.087
649.99
650.176
650.413
650.125
649.064
647.679
647.698
647.661
647.835
648.129
647.735
645.583
644.612
644.24
643.608
643.439
643.313
734
722.653
716.082
712.549
711
707.489
688
683.916
679.537
675.882
656
657.048
654.093
654.628
653.836
654.098
609
630.789
627.754
630.846
631.576
633.754
636.623
639.507
664
665.198
929
831.396
796.802
784.609
769.033
867
851.116
819.766
791.835
779.622
789
790.676
781.86
760.409
745.591
742
751.142
756.979
753.63
750
750.157
756.331
760.746
760.561
742
742.966
746.663
751.366
751.541
749.59
749.514
751.654
753.921
753.269
752.527
752.313
752.705
753.103
752.996
752.953
753.258
805
802.177
797.4
793.255
790.76
786.273
781.169
776.256
772.749
770.917
769.398
767.974
766.879
758
759.488
766
764.962
764.437
763.044
762.772
766.347
768.962
771.646
772.802
774.536
775.049
775.364
775.153
775.192
867
850.844
961
875
757
750
782
790.499
789
787.741
793.287
803.067
803.82
793.412
727
742
750.741
759.894
758.255
746.49
745.433
752.864
762.438
781
772.183
867
863.709
859
844.284
837.207
831.353
750
753.999
753.94
753.86
754.206
759.195
765.753
769.57
769.407
769.614
769.972
769.201
768.235
767.323
769.555
771.991
773.744
656
685.309
686.229
689.751
692.348
696.849
703.764
711.648
641
659.79
649
651.214
651.04
719
721.577
722.313
723.452
726.172
725.923
723.199
716.573
711.936
708.13
705.017
701.904
699.399
697.514
696.588
695.804
694.599
693.408
692.266
691.815
694.817
697.712
700.917
704.198
707.48
797
792.377
785.519
780.106
776.221
770.777
763.486
704
708.135
703.936
702.944
701.927
703.278
706.873
710.284
713.28
715.156
852
833.506
815.488
810.583
807.764
797.398
785.879
775.977
770.569
766.557
761.565
756.429
752.567
749.604
664
680
679.852
681.436
683.522
689.136
695
703.42
710.278
715.728
720.417
724.716
727.722
729.245
729.593
649
666.828
648
649
648.623
648.391
651.021
653.984
680
683.037
686.125
689.295
692.159
835
735
735.466
734.775
733.115
725.22
718.725
715.495
712.76
709.063
704.776
701.796
700.296
698.688
697.252
718
743
730.515
726.005
725.519
727.084
649
671.482
670.837
671.67
672.019
674.628
678.455
797
780.547
852
844.323
827.585
819.665
808.468
796.165
656
670.263
672.209
678.925
735
754.52
1078
975.309
913.122
900.827
886.44
766
748.789
748.083
758
766.586
768.061
767.077
804
816.836
789
778.739
776.679
775.889
773.504
770.62
771.847
774.029
775.861
774.795
774.457
781
780.575
930
905.549
887.364
874.354
869.986
861.495
847.795
836.399
831.535
829.876
828.159
823.394
742
749.693
749.708
937
797
796.599
799.548
816.173
820.675
814.803
811.059
812.814
758
765.301
696
711
734
743.721
743.199
735
736.338
737.633
739.171
740.182
740.952
742.354
743.94
745.772
747.119
747.751
747.103
747.393
746.103
745.445
742.036
740.851
740.851
741.011
740.804
740.036
740.371
740.62
743
781
836
830.522
734
745.66
746.107
789
758
752.225
752.244
759.842
765.668
760.8
751.673
750.537
756.154
762.227
759.85
748.306
745.248
843
837.375
781
779.992
786.751
789.785
779.989
770.672
773.963
778.884
735
820
801.488
789.178
813
852
830.565
809.937
810.299
814.565
805.49
797.416
742
755.182
859
835.735
814.577
803.419
817.163
827.351
817.812
797.8
788.695
801.285
811.899
809.757
791.523
735
748.845
771.3
785.388
883
836.028
808.933
656
664.206
718
759.736
780.167
767.125
746.492
961
959.221
905.43
836.163
812.05
822.068
836.545
828.712
793.956
773
780.338
680
689.449
672
734
753.324
762.848
763.992
765.054
768.498
618
652.894
654.232
657.331
659.872
662.508
667.197
672.567
602
617.711
617.566
641
638.992
639.091
641.224
703
709.383
708.692
703.883
782
778.082
767.636
760.619
703
711
705.168
699.137
782
774.075
759.65
750.755
748.083
744.744
737.687
729.623
724.073
720.72
820
816.903
804.028
790.096
786.076
786.941
780.621
769.95
760.298
757.411
759.47
761.545
759.611
755.102
752.193
773
773.663
769.188
763.098
759.636
762.728
764.743
763.522
762.935
763.692
764.949
765.854
765.631
765.55
765.961
766.49
767.016
767.249
766.551
765.98
767.262
789
783.536
781.971
779.436
778.287
777.127
703
719.177
648
656.16
617
610
608.642
608.318
617
620.632
688
705.464
715.787
723.383
729.33
732.383
733.297
732.894
731.502
729.769
724.707
719.401
735
730.87
728.605
726.054
750
743.769
740.34
737.342
736.466
735.208
733.473
731.956
731.892
732.528
733.313
727
728.327
728.697
729.055
728.786
729.814
711
716.338
715.74
718.501
719.666
722.042
723.868
724.958
725.509
725.612
725.473
725.323
725.31
725.134
724.888
725.315
725.613
725.877
726.1
765
757.444
753.335
750.171
747.641
744.983
741.019
680
694.712
693.648
697.097
593
635.565
617
623.752
624.294
625
629.459
633.803
638.611
642.791
646.738
650.573
653.484
742
723.424
720.692
882
836.181
812.61
809.306
805.29
795.223
783.41
776.334
771.718
766.46
759.287
753.057
748.137
743.25
875
851.619
829.535
797
795.265
719
719.012
717.861
718.812
722.481
727.14
733.761
740.454
744.552
745.174
744.655
743.253
766
762.165
718
724.705
725.744
726.992
797
785.087
777.808
797
794.093
787.261
779.704
774.768
770.995
766.579
762.24
759.241
757.242
755.99
754.118
753.857
753.047
752.138
750.927
750.377
753.224
755.998
757.828
760.89
763.942
767.136
632
679.373
680.341
684.887
656
664.687
961
843.441
800.196
799.075
798.658
914
843.213
803.798
801.848
813.966
814.628
788.749
767.368
769.174
984
903.372
841.882
815.902
823.277
840.09
840.551
899
856.3
710
727.055
744.598
786.77
844
734
731.226
751.999
788.932
802.738
772.427
758.9
664
675.287
682.155
694.65
700.316
750
754.496
727
711
706.776
707.406
709.037
708.671
625
617
619.028
618.433
621.877
623.893
626.402
629.956
633.952
680
672
674.761
678.883
683.778
685.693
684.998
680
679.035
676.989
675.692
674.019
672.306
671.275
670.517
695
789
779.506
769.735
766
762.018
756.78
748.864
741.579
735.335
729.896
724.751
719.843
703
700.915
697.382
696.747
694.314
692.885
692.881
696.301
699.692
703.294
707.008
710.642
714.228
717.627
719.177
719.972
720.115
711
742
789
784.363
778.205
774.321
828
825.107
765
769.236
772.891
750
746.846
907
853.497
819.88
818.403
828.79
815.243
794.828
796.863
922
878.88
836.751
831.62
856.867
696
703
707.062
709.46
711.655
718.165
797
836
824.016
822.469
824.933
817.701
805.324
795.413
790.732
735
734
733.954
735.098
736.509
737.679
740.701
742.703
773
696
687
688.977
688.971
691.37
693.908
698.191
703.12
789
1000
929.18
892.881
879.693
859.924
813
786.041
767.662
758.598
726
722.532
721.469
750
768.777
844
856.26
846.066
833.346
758
753.045
750.805
749.026
749.715
751.027
753.197
756.83
759.527
758.84
755.008
750.538
745.908
741.412
738.954
782
788.051
791.53
789.215
791.523
789.693
785.951
766
764.768
761.932
760.826
759.094
758.414
759.598
760.98
761.179
711
711
710.941
713.268
716.287
720.407
726.076
731.749
736.687
740.343
743.609
745.056
745.544
744.579
742.93
742.171
687
698.686
698.184
699.66
699.125
700.763
829
811.169
796.018
788.883
766
758.803
749.445
742.334
737.324
735.235
734.12
732.532
729.91
728.911
724.823
723.978
721.659
718.9
781
779.802
782.691
750
753.463
752.12
750.184
744.87
740.485
672
689.66
633
625
623.51
621.607
623.297
750
750.389
746.588
747.564
749.859
746.05
664
648
648.57
647.068
648.437
859
802.781
767.698
758.274
748.303
734.306
717.564
705.466
697.584
695.405
694.73
694.319
693.139
691.503
690.495
719
720.285
716.167
711.645
711.459
712.783
713.586
713.448
713.129
727
828
822.246
811.521
804.661
742
741.693
735.153
728.633
724.687
723.425
724.71
726.933
695
699.787
698.149
773
777.115
742
741.467
727
729.602
729.44
727.564
726.489
723.806
724.219
724.053
721.765
718.628
715.838
714.93
804
793.618
782.327
774.043
773.234
769.182
762.902
756.075
751.498
748.742
746.307
703
713.902
712.035
715.474
715.7
717.481
720.536
723.15
906
869.192
846.965
833.768
822.141
807.087
791.001
777.069
767.349
761.807
759.649
758.957
758.158
757.309
756.135
755.874
754.89
752.379
750.072
749.061
656
678.658
678.576
681.627
743
761.966
771.55
773.646
772.647
767.029
758.755
750
743.418
727
724.247
720.946
720.415
679
683.596
711
714.243
656
667.592
673.286
678.478
679.418
781
779.11
766.473
764.604
768.981
734
729.864
726.988
723.347
718.421
716.224
714.734
714.26
711.948
828
808.467
726
735.234
739.225
738.076
732.092
729.017
731.55
734.802
805
793.596
777.416
820
820.823
805.252
789.533
788.019
813
798.637
680
708.635
715.562
742
737.613
735.517
744.281
755.309
757.992
748.904
703
713.861
722.322
728.888
725.269
883
848.293
782
779.238
782.93
777.751
763.772
756.141
758.116
762.349
680
696.507
701.606
758
753.527
744.066
743.093
747.642
750.795
744.959
743.296
744.182
640
671.022
672.245
675.618
676.056
601
629.277
633.332
579
600.82
598.806
578
585.193
584.442
583.942
583.959
584.21
584.869
585.478
571
577.367
576.76
576.296
576.309
576.348
578
578.545
580.129
580.633
581.64
610
607.386
609.104
611.869
625
624.765
624.881
610
610.381
633
625.634
622.188
664
657.79
653.403
651.979
652.65
651.238
648.701
647.202
646.252
696
690.525
684.851
683.16
684.813
682.985
586
621.394
619.99
619.112
616.426
617.286
620.641
554
592.522
562
569.138
568.564
555
561.446
560.893
586
578
580.856
582.718
665
649.361
647.342
648.054
633
634.85
630.415
626.62
821
765
734.978
722.671
715.619
708.648
648
648.047
640.982
594
578
577.206
575.366
575.227
574.521
574.804
657
656.562
656.493
659.869
711
718.37
716.901
715.27
715.301
735
732.39
725.887
721.218
720.327
719.088
672
676.457
670.393
664.794
661.483
659.871
660.099
660.615
662.28
665.425
668.489
671.552
674.592
677.585
680.359
625
640.768
719
710.318
702.999
696.054
696.039
696.227
692.549
686.985
682.85
681.004
680.16
678.661
676.386
674.733
674.677
695
689.035
685.321
682.225
797
786.789
774.159
765.361
761.86
756.042
781
766
757.086
751.389
751.634
749.829
743.688
737.005
732.455
671
687.52
684.82
686.857
688.394
692.098
696.774
701.36
706.024
709.721
712.574
715.649
717.992
719.211
719.192
719.844
719.147
717.904
716.77
727
722.307
720.378
704
704.6
702.523
702.458
702.318
703.065
704.317
705.581
706.814
750
749.648
747.343
744.029
727
726.21
721.624
718.531
717.073
716.558
716.665
716.257
715.653
714.887
773
719
695
702.224
705.088
705.893
706.093
709.173
713.031
715.517
715.272
734
729.751
727.28
725.027
723.653
757
745.801
738.481
765
761.798
821
806.18
796.176
790.544
785.727
780.685
774.038
768.184
764.972
763.607
761.826
718
977
879.379
718
726.706
731.938
738.103
737.86
750
782
796.356
793.16
787.509
836
835.851
807.124
796.796
802.909
803.157
795.489
788.811
790.802
945
898.424
866.295
854.759
860.175
742
766
769.005
770.752
769.302
771.965
797
806.449
804.063
801.434
802.415
801.653
796.685
711
729.578
731.248
734.798
812
806.876
804.99
800.526
813
807.378
798.917
790.566
785.783
783.517
780.428
734
875
845.765
742
813
804.162
788.619
782.462
795.614
788.837
777.698
784.431
787.814
782.976
774.984
782.381
782.052
776.822
773.628
773.952
773.732
773.62
773.539
771.319
703
721.312
721.73
725.183
680
693.989
697.812
703.542
705.682
648
667.795
679
683.066
681.748
680.091
684.908
690.631
694.515
691.957
690.427
691.076
664
670.927
669.787
670.447
670.15
670.656
671.797
674.011
586
620.278
618.809
619.058
618.623
619.843
622.712
625.624
628.07
630.188
632.24
524
581.414
578.682
500
549.904
545.503
544.264
543.121
543.341
544.186
544.833
562
554.539
557.739
559.056
560.365
561.201
561.718
562.121
562.252
561.707
562.089
561.713
561.197
560.94
562.112
562.388
561.968
562.162
562.4
563.045
563.991
563.079
564.059
564.852
565.163
565.096
564.944
564.704
564.463
564.223
563.982
563.742
594
587.23
570
572.75
573.117
572.957
572.254
571.811
649
672
667.203
662.843
661.81
660.526
657.322
652.217
647.646
643.699
639.666
636.205
631.869
627.473
623.286
750
735.397
720.298
797
711
720.256
717.212
711.853
706.771
703.842
702.007
699.837
697.383
773
756.773
746.112
745.418
741.354
734.318
730.497
727.927
742
790
703
724.779
728.821
758
742.306
719
750
750.478
744.833
734.057
740.024
745.347
743.636
735.793
735.056
741.417
656
686.792
689.69
813
781.838
766.84
760.704
758.899
754.758
746.414
737.608
758
755.304
751.764
744.316
740.597
738.554
737.634
797
781.451
769.694
761.388
844
841.923
826.797
804
805.931
820
735
745.162
749.224
891
845.546
817.384
859
864.705
844.082
821.712
823.374
825.567
750
765
771.72
773.224
771.038
775.308
782.761
784.558
778.151
777.675
781.541
784.854
784.185
783.711
786.167
788.865
719
734.535
736.925
738.814
737.696
740.991
745.791
664
686.141
686.723
688.198
689.42
692.787
698.332
704.151
836
810.684
794.461
786.254
710
713.985
707.545
702.856
702.414
702.958
750
760.987
753.324
744.117
738.289
733.445
727.631
687
711
711.386
711
680
685.285
689.13
692.201
691.605
691.839
693.539
695.293
711
709.651
758
756.517
750.737
747.168
745.481
741.469
736.297
731.754
728.623
601
649
648.562
653.976
655.217
659.505
665.737
664
669.76
672.855
675.805
610
632.834
632.392
631.693
571
578
581.249
581.503
581.358
594
594.047
597.915
601.482
604.865
607.672
610.506
612.856
614.83
554
563
564.407
563
562
562.318
562.62
563.411
564.208
565.009
565.781
567.451
568.382
569.751
571.058
572.904
711
671.597
659.477
656.503
654.71
652.157
649
644.226
640.264
636.68
632.945
628.792
624.685
620.761
640
634.216
631.5
656
649.604
648.912
651.898
687
687.253
686.754
687.295
688.969
688.709
703
698.005
648
656.012
653.369
650.282
647.844
649
649.378
625
617
619.831
602
594
593
594.913
596.981
599.382
601.981
604.923
586
593.019
593.912
595.419
596.749
598.592
601
602.374
604.068
604.694
605.216
605.82
532
566.066
532
508
520.932
500
506.571
506.434
506.901
539
533.045
536.787
539.425
633
657
617
619.948
619.468
618.201
614.145
609.72
601
633
625.947
621.449
633
629.232
626.889
625.01
609
609.565
606.832
605.887
606.385
607.949
594
597.736
598.591
617
610
609
609.437
610.999
612.213
612.927
613.885
614.749
615.517
616.136
616.486
616.86
617.202
617.37
625
622.95
621.269
620.797
620.5
621.29
656
649.142
646.107
646.513
647.647
646.912
644.127
642.352
625
625
623.643
641
637.993
638.963
639
639.22
639.239
638.847
641
640.124
641.052
641.694
642.209
642.727
665
661.036
625
635.716
635.161
635.086
633.784
634.105
635.171
636.153
636.72
637.044
637.35
637.528
547
589.197
588.989
547
568.029
566.539
566.35
567.091
569.012
571.338
573.403
575.426
570
562
567.475
567.416
567.454
567.594
567.68
568.435
568.287
569.431
516
544.586
542.307
540.143
539.437
539.793
523
530.764
531.651
507
517.886
518.674
518.343
519.471
520.403
522.313
469
508.642
505.677
501.804
501.647
502.297
461
488.718
487.122
483.94
484.361
484.51
485.139
485.448
485.893
486.776
487.426
492
490.625
491.162
491.08
492.226
500
497.696
516
508.506
508.893
508.681
508.44
531
516
516.068
515.887
516
515.76
515.519
515.279
515.038
514.798
514.558
514.317
514.077
513.836
513.596
514.496
514.256
514.015
469
505.77
500.976
498.165
469
489.927
486.941
485.818
445
477.678
473.914
437
462.619
459.529
456.182
457.392
457.617
457.628
458.202
458.79
458.594
459.403
459.552
459.944
422
414
428.303
422
422.505
422.049
414
417.613
418.536
399
407.312
406
406
406.499
398
401.925
402.97
402.507
402.888
399
401.373
400.753
401.566
415
410.052
414
412.829
412.865
412.706
411.644
411.635
429
419.536
419.067
418.376
417.389
416.33
414.904
413.525
412.162
410.621
409.216
407.956
408.272
461
444.031
469
460.436
459.806
493
481.24
479.794
477.88
469
471.298
467.332
464.774
462.11
459.282
456.668
453.859
451.383
449.423
447.714
447.861
500
487.677
487.414
484
486.533
486.235
469
473.963
477
472.558
500
487.954
487.468
487.663
487.526
486.729
485.536
484.681
484.252
484.354
485.074
547
531.818
527.93
526.297
570
560.958
558.13
539
542.73
541.105
539.008
536.947
531
531.107
529.483
570
557.923
556.081
555.951
601
598.065
595.363
594.728
546
566.441
562.752
559.102
523
540.81
537.681
601
588.197
582.747
579.473
580.079
579.474
577.715
575.64
574.858
574.571
573.904
572.962
572.223
571.619
570.533
1140
714.22
687.028
686.57
686.112
684.779
680.99
679.136
678.678
678.22
992
813.256
969
921.962
789
794.471
794.013
792.446
820
818.02
816.097
726
743.052
742.418
671
683.02
682.063
711
656
673.672
649
653.307
652.574
652.19
652.189
742
738.384
738.367
744.54
750.222
750.252
742
738.583
737.129
733.203
718
718.232
714.481
712.667
703
699.668
695.544
691.94
688.943
689.092
691.684
694.65
698.044
701.504
820
812.232
801.963
633
652.997
653.843
656.436
660.751
664.052
668.336
674.393
680.738
684.391
685.513
617
628.921
631.338
610
609
610.132
611.884
613.313
615.374
617.214
586
597.701
596.442
597.151
596.943
598.355
600.192
601.928
603.466
604.972
605.391
606.084
606.421
578
587.038
586.117
585.597
585.545
586.267
588.295
589.044
590.137
591.031
591.922
592.67
555
571.186
569.495
547
554.776
556.092
556.076
557.64
558.805
561.144
562.525
601
595.233
595.222
595.72
578
583.129
582.608
581.93
581.431
562
566.422
566.394
555
556.433
557.124
558.049
558.919
559.791
560.788
561.791
564.337
566.716
568.256
569.831
578
579
579.115
579.585
579.955
579.596
656
639.227
633.64
633.039
635.08
633.851
630.498
627.736
626.321
547
580.345
575.473
572.031
568.718
566.731
568.275
568.728
569.365
570.291
555
561.283
562.129
562.757
563.561
564.89
566.177
567.105
567.568
547
553.042
554.183
554.37
554.893
586
580.408
580.744
581.39
582.155
555
562.206
561.916
561.395
562
562.38
563.333
564.152
564.732
565.255
565.052
565.036
578
574.652
609
602.524
562
576.383
586
582.479
579.9
578.67
578.67
562
566.133
566.258
566.359
566.581
567.07
567.393
547
556.916
558.414
559.227
560.118
561.951
562.797
563.868
565.951
566.405
566.951
567.283
567.608
567.899
568.163
516
524
529.389
516
521.128
521.049
522.812
524.187
526.302
528.564
530.965
533.108
534.95
536.736
537.936
540.013
500
521.119
521.171
519.437
519.585
539
531.248
531
531.888
532.743
533.349
533.777
534.269
534.805
535.34
535.976
536.573
537.001
508
539
532.114
530.497
530.193
530.469
531.372
532.129
532.767
533.392
534.02
534.622
535.18
535.696
536.18
536.845
537.122
537.307
547
543.971
539
540.341
540.1
547
543.96
543.893
543.726
532
535.311
536.338
537.18
537.919
515
526.253
527.005
527.34
527.988
528.831
529.895
554
547.832
548.226
548.841
549.746
550.22
550.339
550.431
549.946
549.771
549.586
549.359
539
539.234
538.994
538.753
538.513
524
529.697
531
532.741
524
528.805
530.849
531.586
555
550.744
551.541
552.494
553.518
571
565.835
565.262
564.769
564.461
564.103
539
547
545.651
544.836
544.596
544.356
544.115
543.927
543.931
545.158
546.228
547.282
548.353
549.449
551.602
531
540.511
541.716
542.11
542.264
543.126
539
540.673
541.939
542.853
543.511
544.163
544.825
545.487
546.114
546.995
547.808
516
508
516.409
514.917
516.378
516.974
518.694
520.47
522.182
523.569
523
525.979
526.651
527.768
528.586
530.443
531.541
532.304
532.994
493
515.144
514.516
513.155
512.815
513.245
514.004
514.708
515.423
516.155
516.905
517.594
518.312
519.002
519.681
520.776
522.039
522.669
523.239
508
511.329
512.676
513.172
513.608
484
500.464
500.244
508
492
500
500.585
500.595
501.178
515
511.315
500
506.248
515
511.777
512.067
512.656
492
502.558
502.898
502.281
502.854
503.308
503.94
504.614
505.334
477
492.365
492
491.405
491.604
476
484.885
469
492
492
489.576
489.97
490.703
491.342
507
516
510.907
510.438
510.527
510.914
500
502.638
502.723
492
494.87
494.63
495.037
494.882
495.716
496.544
500
499.427
500
500.714
501.732
502.775
503.5
504.281
505.179
505.882
505.742
506.549
492
497.173
498.2
498.833
499.341
499.839
523
513.001
512.986
513.136
513.111
512.876
512.39
512.076
511.831
515
514.288
513.973
513.746
515
514.825
514.585
514.344
514.051
513.656
513.416
515.709
515.468
523
519.634
500
511.479
516
492
503.13
503.847
504.09
504.706
505.44
506.347
507.192
507.965
523
518.019
518.411
519.188
519.591
520.205
520.206
521.489
521.283
521.227
521.899
520.333
519.964
519.728
519.487
519.248
519.008
518.767
518.527
518.286
520.191
519.951
519.71
520.446
531
526.358
526.117
525.877
539
533.305
533.064
532.824
532.584
516
520.891
523
522.264
521.994
521.754
521.679
521.698
521.732
522.492
522.473
523.662
524.634
531
529.958
531.259
532.261
515
516
519.956
520.31
520.742
524
523
524.071
525
525.865
526.643
516
521.051
521.93
522.515
523.464
524.84
516
521.791
522.129
522.793
523.433
524.227
532
530.763
539
539
523
529.24
530.051
530.399
529.767
530.377
531.151
531.877
532.536
533.171
533.089
485
516.149
500
504.129
504.418
504.667
505.626
506.172
507.486
508.085
509.326
484
497.581
497.853
496.467
492
495.174
496.294
493
495.37
495.854
496.464
516
509.031
509.571
510.359
516
514.522
514.363
514.323
531
523.717
523.647
523.407
523.166
522.926
522.685
547
536.656
536.556
523
525.713
525.706
525.465
525.225
524.984
524.744
524.504
524.263
524.023
525.04
524.799
555
547
546.73
555
554.527
554.48
554.239
617
605.397
601.831
602.703
605.416
606.636
606.062
605.472
605.461
605.269
604.535
603.288
602.76
618
609
608.076
606.41
604.767
603.021
625
622.314
586
600.799
600.141
600.449
598.777
599.41
600.437
601.386
602.234
603.026
603.803
604.542
605.251
605.824
606.308
606.79
607.105
516
564.101
561.188
559.951
558.663
559.321
561.189
562.98
564.721
566.534
568.295
569.862
571.229
572.357
573.25
574.6
477
540.437
492
509.662
508.627
506.872
507.597
507.724
500
505.841
505.433
506.05
506.959
507.652
508.517
509.795
485
498.64
498.575
497.309
497.339
498.838
499.599
500.764
501.898
502.894
503.93
504.974
531
521.398
521.283
521.643
521.936
522.104
521.853
521.568
492
504.82
505.739
505.567
505.622
505.905
506.47
507.145
507.151
507.947
508.664
509.214
539
529.646
529.54
529.416
529.723
529.795
529.26
529.708
529.293
547
562
556.563
556.564
558.657
560.497
560.044
579
571.637
571.391
572.842
573.077
573.918
573.621
573.602
573.929
594
587.36
586.083
587.506
588.857
588.674
609
603.471
603.561
604.625
606.111
555
574.328
572.598
570.062
569.514
569.486
570.483
571.428
586
583.167
583.918
570
555
561.733
539
546.231
548.046
548.887
549.393
551.238
552.303
553.699
555.031
556.164
562
561.355
562.221
563.038
563.928
602
593.598
591.976
591.368
591.04
591.493
589.571
588.54
588.276
588.154
588.085
578
578.145
577.306
555
561.288
561.112
560.056
560.461
561.953
578
578.77
581.19
582.526
583.893
585.146
585.898
609
603.619
602.616
601.93
601.551
600.982
586
586.22
609
601.988
601.372
601.119
601.055
600.944
600.879
600.816
600.71
600.544
600.311
600.572
601.826
602.725
531
574.544
569.735
566.927
564.987
524
557.777
552.152
550.18
550.371
551.409
553.037
547
546
549.35
547
548.614
549.166
549.576
550.229
550.332
539
544.013
544.843
545.249
545.083
546.137
547.14
548.104
549.076
550.042
551.028
570
564.306
564.004
563.869
563.745
563.604
586
578.883
578.292
579.55
580.692
581.262
581.261
581.611
581.889
578
577.822
577.706
570
570.181
571.002
570.762
570.521
570.281
570.04
569.821
572.117
573.07
574.067
575.115
576.19
524
555.755
551.223
549.424
548.568
548.948
550.323
550.904
551.899
578
570.495
570.73
570
570.743
570.69
570.049
547
559.258
557.328
547
547.682
548.858
549.768
550.725
551.561
552.43
553.335
563
561.96
578
575.937
563
566.915
567.733
568.149
568.096
571
570.343
570.246
570.112
570.029
569.955
569.864
569.747
569.602
569.414
569.181
594
588.1
588.022
587.847
589.746
562
570.371
568.333
567.512
567.625
568.356
555
559.224
560.157
561.169
562.148
563.135
564.197
531
547.602
548.198
548.396
548.776
549.458
551.675
547
550.776
551.028
551.471
551.807
562
559.567
559.823
560.504
561.227
561.68
561.785
562.076
560.178
560.095
560.027
524
539
538.381
537.765
538.076
538.756
540.005
541.174
542.215
544.502
545.205
546.311
547.126
554
552.486
553.407
554.259
554.88
555.296
555.563
555
553.955
553.228
552.341
551.588
551.446
551.296
551.11
550.882
550.642
550.401
550.161
549.92
552.216
553.16
554.099
555.028
555.928
556.723
557.205
556.965
556.724
585
578.376
578.254
580.009
581.919
582.791
582.338
582.462
582.251
581.806
581.247
581.055
581.026
594
588.767
588.545
588.384
588.2
587.809
587.715
587.475
587.235
586.994
586.754
539
573.65
566.636
565.202
563.94
564.26
565.455
566.324
567.17
568.746
569.775
570.702
571.434
571.991
640
624.318
619.1
625
618
616.858
613.943
611.026
608.739
606.783
605.201
562
578.203
573.697
571.189
578
571
573.388
573.404
573.597
575.677
577.564
578
580.096
581.888
583.055
562
569.437
570.54
570.55
570.24
570.95
572.035
572.86
573.5
574.289
574.773
575.347
575.884
576.395
576.939
562
555
559.941
560.448
560.905
570
568.955
569.845
570.889
571.836
572.442
578
578
577.923
578.306
578.946
571
573.102
573.905
574.283
574.111
573.857
554
571
568.089
555
559.849
560.988
562.067
562.978
564.084
565.44
566.6
567.498
555
563
562.196
563.146
563.883
564.798
565.705
566.534
566.339
567.396
578
575.28
579
577.992
577.849
577.761
555
562.708
563.002
562.939
547
553.037
553.949
554.955
555.922
557.104
558.376
559.628
560.735
561.703
562.641
563.942
578
570
571.309
571.95
571.77
555
560.496
560.378
560.853
561.324
531
545.432
531
536.272
535.882
536.984
538.075
539.283
540.755
541.748
544.18
544.78
546.125
554
551.932
555
555.191
555.799
556.213
556.549
556.295
556.226
554.628
602
589.806
586.775
586
588.001
588.778
587.458
586.969
586.976
562
567.346
565.611
564.337
563.392
562.984
562.999
563.012
563.13
563.27
563.551
547
554.628
555.919
556.794
558.747
560.691
531
543.905
544.505
544.309
544.496
539
543.127
543.845
544.561
545.342
546.206
547.06
547.743
547
548.146
547
548.38
549.299
523
534.778
524
528.354
528.248
531
530.988
532.103
533.266
534.428
535.531
536.557
516
526.302
526.356
526.824
527.426
528.053
528.917
529.712
530.525
531.419
532.092
586
573.573
586
585.207
585.858
584.925
563
566.152
562.709
560.83
558.985
557.819
556.994
556.363
555.853
554.97
555
570
564.78
564.854
547
554.373
556.191
562
561.026
562.033
570
570.476
571
546
553.778
554.281
531
539.492
540.037
540.646
541.218
500
523.927
522.326
521.488
521.241
547
541.271
541.656
547
532
538.505
538.831
538.967
538.938
538.964
539.041
539.723
539.505
539.327
540.039
539.949
539.762
539.551
539.311
539.075
540.387
541.378
542.297
543.376
542.753
542.872
542.639
542.398
531
536.412
537.37
538.196
539.072
540.031
484
522.769
519.075
516.243
515.263
515.993
517.376
516
518.445
519.325
520.394
521.307
521.994
522.869
570
554.826
570
564.543
565.35
564.241
564.839
617
604.033
599.556
599.33
600.656
600.178
598.123
596.159
595.604
594.495
593.145
591.639
590.361
588.174
586.544
641
634.809
632.118
649
651.017
652.973
653.105
653.855
641
633
630.749
626.636
622.868
619.521
617.194
616.03
614.655
613.382
612.411
696
693.751
690.404
687.489
687.128
682.946
677.56
672.03
672
667.223
656
653.83
649.371
727
723.178
664
680
683.092
680.733
674.54
673.408
675.966
676.025
648
657.621
657.558
657.277
654.599
654.912
655.991
742
723.735
712.609
703
706.132
703.13
697.666
692.463
690.03
742
737.556
727.766
721.05
720.267
718.417
609
602
606.304
608.151
613.364
618.266
625.293
625
631.089
633
638.11
642.674
646.721
649.591
652.493
654.502
655.507
655.577
654.047
654.44
651.837
649.248
646.914
645.181
643.961
643.392
642.902
642.685
642.486
586
612.189
607.79
608.514
608.144
609.675
612.078
614.595
616.985
619.322
621.412
622.835
623.75
624.203
609
614.566
614.854
615
614.345
711
693.008
685.675
682.265
682.049
679
673.206
688
682.726
678.433
727
720.597
712.027
680
684.871
683.399
696
688.256
682.674
703
706.398
707.985
625
650.667
654.607
657.932
654.231
651.819
654.175
658.036
661.073
585
571
579.235
580.673
583.224
584.406
672
668.875
668.276
668.67
617
622.659
619.474
616.456
578
578
578
577.121
576.744
576.387
574.67
570
570.941
578
574.923
574.788
576.775
578.353
594
592.978
594.349
594
595.893
597.089
597.884
598.512
599.178
600.081
600.813
578
582.568
581.914
570
586
582.786
583.485
584.28
585.182
586
587.012
586
587.186
587.795
562
572.773
572.625
572.858
547
557.323
558.389
558.907
559.488
560.363
563.202
524
531
535.617
534.509
535.276
535.813
537.833
538.791
540.69
541.276
547
546.034
523
533.527
533.613
500
517.529
517.602
516.499
516.967
517.99
519.233
520.331
521.352
522.426
523.478
524.484
484
485
494.155
493.109
492.854
492.606
477
484.153
485.271
485.572
486.496
487.266
488.786
489.752
461
474.406
453
461
461.124
460.439
453
456.4
457.067
456.824
457.17
457.096
457.737
457.954
458.356
459.138
459.848
460.509
461.005
453
456.13
456.561
457.109
461
459.822
453
454.432
455.427
455.731
455.805
460
454
455.525
453
454.122
454.547
454.689
461
461
459.687
454
455.819
456.565
456.757
456.619
456.78
453
454.328
454.991
446
460
456.33
456.174
453
454.057
454.665
454.945
469
476
469
468.942
468.906
468.321
484
476.437
475.923
475.669
484
479.779
484
482.462
482.111
476
476.057
475.816
475.576
475.226
474.966
475.544
474.994
474.754
474.513
474.273
475.443
476.253
476.931
477.511
478.339
479.237
479.968
480.701
481.288
481.216
481.057
480.863
578
547.929
542.19
547
523
532
507
512.099
508.533
625
581.345
570.877
567.156
565.762
563.408
560.844
557.839
555.086
562
558.505
557.988
556.212
547
549.451
547.551
545.449
543.205
541.663
541.167
542.133
544.117
546.1
547.879
549.243
550.3
609
603.688
604.992
606.468
608.908
610.133
609.526
608.527
608.102
607.32
605.986
563
574.274
570
566.546
565.448
564.04
563.191
672
648.794
643.519
642.237
643.531
640.502
635.592
630.848
627.477
624.405
621.082
617.637
614.075
610.324
606.493
604.151
601.341
598.589
596.366
596.663
598.446
600.645
603.017
523
572.14
570
569.514
567.749
567.77
569.482
570.546
571.696
572.818
578
555
564.857
564.148
523
546.695
544.845
516
530.431
528.655
539
534.698
536.007
537.549
538.738
539.777
540.759
541.68
542.493
543.181
544.071
544.601
545.1
797
688.621
665.885
657.721
649.348
680
617
621.888
613.483
727
678.822
662.134
660.18
660.132
658.502
653.668
648
646.189
644.858
646.083
645.59
922
815.501
771.587
734
731.773
726.075
867
835.41
795.275
767.542
805
824.791
765
743.918
743.031
756.657
762.044
656
688.892
716.627
602
628.861
637.863
639.707
638.819
625
633.354
637.875
638.956
640.073
640
633
636.25
703
690.781
684.327
685.783
690.927
693.75
656
661.166
660.83
658.418
679
673.65
727
725.61
721
717.438
715.596
710.833
705.038
700.369
697.585
602
593
596.162
595.008
597.771
600.232
604.213
608.885
614.729
620.041
626.065
631.394
636.332
640.623
643.996
646.306
610
618.284
617.046
616.043
614.66
594
598.363
586
587.783
578
579.985
580.153
580.745
547
560.219
560.199
560.148
560.702
561.667
539
547.75
549.263
563
559.855
561.563
562.824
564.649
565.467
602
593
592.069
591.416
592.068
592.372
591.116
590.248
589.694
589.51
588.908
588.819
588.358
588.303
587.871
587.162
586.382
633
626.896
627.061
627.607
630.06
625
625.237
624.314
623.968
623.397
622.828
622.293
621.621
620.819
619.542
618.518
617.466
616.415
615.479
602
593
598.944
600.218
603.036
672
671.153
641
644.521
644.834
643.935
640.369
672
667.98
662.743
659.912
658.322
655.771
652.048
648.477
647.071
645.864
644.398
643.071
642.642
644.318
646.002
645.872
645.992
646.113
646.834
646.703
648.985
625
634.71
634.195
636.749
636.97
641
641.86
642.937
643.783
644.293
644.517
644.495
644.552
644.57
644.437
644.807
645.098
645.341
645.492
645.536
672
665.137
661.594
641
679
670.58
667.824
664.773
664.289
663.984
662.651
661.142
660.372
660.174
660.01
659.921
659.832
659.825
659.571
658.726
617
625
602
606.566
606.739
608.852
672
673.905
633
640.775
643.342
586
604.882
603.357
562
580.691
578.765
577.927
577.853
578.448
579.763
581.063
581.866
582.54
582.958
583.926
585.248
586.341
587.568
588.335
586
586.843
587.427
587.785
586.086
570
575.504
575.398
680
656
648.848
645.314
645.5
643.758
639.398
634.714
630.76
627.658
624.706
621.712
618.831
616.061
613.52
641
664
687
735
734.706
732.211
729.436
725.258
719.591
680
677.572
671.558
668.021
665.761
664.561
664
664.35
711
715.128
687
690.194
657
648
646.34
625
627.42
648
652.113
656.996
660.221
663.661
665.77
666.013
665.482
649
650.233
649.026
640
641.314
641.535
643.395
644.278
645.061
645.874
645.649
586
608.523
606.493
606.885
607.256
609.035
611.796
614.479
616.929
618.829
665
661.206
659.258
658.932
633
633
631.433
630.177
628.674
627.781
627.417
641
640.857
640.754
639.913
639.762
639.545
638.82
637.784
637.013
638.836
640.562
641.476
642.442
642.362
642.216
642.111
642.047
641.714
641.153
671
667.989
668.439
668.75
669.896
669.733
667.272
665.618
609
628.469
602
617
612.796
615.607
617.402
620.437
602
609
608.724
609
610.437
611.903
613.771
593
599.919
600.663
570
581.974
562
602
590.656
591.811
592.788
594.328
595.406
595.561
578
583.649
583.146
583.046
582.887
583.666
584.603
585.4
585.988
586.705
586.55
587.213
586.82
588.41
589.125
590.013
590.882
591.709
592.455
593.051
591.048
590.977
602
597.644
596.571
596.415
596.332
596.263
596.191
596.095
595.985
595.817
595.648
595.411
586
588.117
571
577.787
578.709
579.834
580.964
704
681.64
695
691.904
688.618
656
651.748
641
634.616
629.184
625.214
621.904
618.84
616.177
613.211
613.43
612.922
612.384
703
697.337
696.487
695.586
696.898
692.915
687.547
681.763
676.873
672.622
668.129
663.586
672
669.041
666.257
664.622
663.125
661.315
659.283
658.45
660.8
663.358
666.252
609
635.367
657
655.065
653.933
654.303
656.739
658.14
658.039
657.161
656.726
664
662.446
665
663.336
662.418
661.232
659.431
657.323
586
613.658
610.604
611.412
611.668
613.946
617.277
679
676.974
675.134
675.281
676.04
674.014
669.879
665.869
602
624.685
622.539
621.956
620.21
618.595
619.661
621.003
621.477
621.301
621.136
621.921
610
614.408
614.896
616.389
617
617.901
618.916
617
616.926
618.047
618.996
619.789
620.391
620.877
621.438
622.015
622.543
609
613.68
613.423
614.028
614.521
625
624.416
624.814
625.318
625.905
626.209
672
665.664
662.307
660.923
660.779
658.712
655.456
652.522
650.222
649.136
648.057
647.135
646.395
625
625
625.391
625.081
624.511
624.428
626.761
629.984
633.154
636.189
639.077
641.685
642.98
640
641.299
641.957
642.369
632
633
633.025
633.443
633.894
634.453
695
672
668.35
667.724
667.181
664.613
660.968
658.473
656.93
655.655
654.354
617
629.724
627.247
626.86
626.144
627.13
629.139
632
632.35
618
622.666
624.044
594
603.83
603.781
617
615.253
633
631.925
641
648
625
629.267
628.058
627.378
626.089
625.682
626.329
626.968
626.782
626.521
617
617.474
617.388
617.165
618.103
618.895
620.42
621.739
623.889
626.146
626.869
627.912
628.681
629.259
629.712
630.188
630.635
640
617
623.74
609
613.332
612.241
612.826
613.552
610
625
622.884
625
625.251
625.903
626.238
641
637.018
633
633.731
634.089
634.136
641
637.968
637.54
637.252
703
693.156
687.439
685.106
688
685.749
664
663.939
687
681.071
676.152
675.127
675.428
675.062
672.047
670.514
669.301
668.372
667.597
672
674.009
675.356
633
651.109
650.563
633
637.139
637.948
640.341
610
621.177
622.485
672
648
650.565
652.704
655.276
632
637.221
637.142
664
655.809
653.211
652.754
653.235
652.224
650.256
648.664
617
625.715
624.932
625.802
626.418
627.499
629.22
617
609
625
623.029
664
664.889
664.936
663.568
727
725.064
716.411
664
664
633
633.186
628.774
593
600.811
601.639
604.277
606.835
672
656
657.537
641
644.744
643.83
593
605.397
605.08
603.731
602.842
603.389
604.71
640
636.371
634.728
634.861
634.57
633.533
617
620.862
620.539
680
672.619
666.365
703
705.054
701.364
696.532
735
679
672
671.332
667.101
663.459
660.581
658.825
695
680
680
672
674.955
674.433
672.125
671.309
672.979
674.258
674.529
674.419
675.917
676.411
676.902
676.751
617
639.484
649
646.168
672
672.072
674.198
674.974
674.982
674.129
672.101
670.013
668.268
666.807
665.505
665.394
664.606
663.013
661.548
662.944
662.446
625
642.29
639.169
641.525
642.32
644.917
647.743
650.363
609
627.548
624.596
624.494
623.164
680
695
688.175
684.679
684.146
681.936
677.305
672.145
668.276
665.558
663.88
625
637.038
633.078
632.282
630.388
629.484
629.729
630.359
630.924
633.599
635.983
638.596
641.088
664
663.838
633
642.081
642.012
641.948
639.966
639.339
640.246
640.964
649
647.066
646.544
646.315
641
641.428
641.362
632
633.979
679
676.386
675.171
641
647.506
645.778
609
618.683
618.327
620.255
621.344
623.793
626.458
628.645
578
598.385
598.165
597.795
578
584.863
586.221
587.47
562
571.668
573.061
573.744
573.978
575.647
577.581
601
597.62
599.304
586
578
593
589.695
589.574
589.395
590.065
590.815
578
580.652
579.902
580.642
586
586
585.882
586.014
586.236
587.616
588.602
609
604.658
604.16
603.956
603.873
617
612.848
612.092
611.554
612.392
612.593
611.775
680
669.427
664.487
663.249
664.668
632
635.076
630.746
627.001
624.435
622.839
622.156
625
624.188
624.09
624.056
624.072
624.02
623.598
623.796
625.634
627.19
628.667
586
606.529
603.222
603.4
602.742
604.003
605.798
649
640
638.781
638.128
637.821
636.341
633.502
631.04
630.195
617
619.226
618.473
618.404
617.666
617.433
617.237
616.779
616.304
594
602.791
602
604.525
606.534
609.066
611.515
613.864
615.512
616.668
617.549
594
609
605.948
606.533
606.566
607.113
607.922
594
599.064
599.014
599.845
600.171
600.798
601.689
602.454
603.249
603.915
604.444
604.877
605.121
605.447
605.899
633
648
645.135
644.107
644.473
643.827
641.14
637.789
635.286
633.952
632.763
631.767
630.985
630.442
630.031
578
602.254
596.997
596.444
595.312
597.06
679
664
660.995
661.191
662.587
659.643
654.874
650.895
578
610.158
586
590.708
586.407
586.324
585.904
587.557
589.053
590.67
592.48
594.246
596.661
602
603.011
578
586.722
578
555
564.476
563.681
687
657.101
648.709
687
695
680
674.516
671.386
625
617
612.029
606.053
641
656
653.232
672
670.699
667.288
662.276
658.061
655.584
651.631
648.467
647.656
625
628.1
627.258
628.924
648
641
641.318
641.554
711
710.611
706.782
702.947
702.767
699.685
694.84
689.655
685.62
682.589
680.026
676.947
674.505
672.092
609
632.818
627.942
628.186
626.577
688
695
697.87
700.322
702.842
702.423
698.424
693.727
689.692
686.202
610
634.515
695
687.204
680.088
641
649.493
653.11
656.537
594
614.747
619.77
621.858
621.14
620.382
623.504
626.751
627.275
625.502
625.763
696
682.855
677.643
676.891
664
664.188
625
632.518
629.882
626.868
625.269
624.667
624.908
624.96
625.378
625.739
626.062
626.081
703
703
688
688.458
688.367
685.818
680.945
609
624.887
623.531
586
597.11
609
607.889
610.101
613.208
648
647.095
647.179
649.458
653.457
654.884
654.422
653.64
652.866
651.717
641
641.403
640.058
638.908
617
619.238
618.084
617.72
618.247
633
636.11
638.943
640.317
641.711
643.113
586
606.985
578
579
579.59
579.909
586
586.981
750
703.989
689.767
686.686
681.046
672.337
662.925
633
634.417
630.422
629.115
628.095
570
594.733
592.024
592.803
592.379
592.077
592.322
594.627
596.424
734
709.508
696.328
692.582
691.346
633
638.568
631.719
625.294
621.025
617.069
657
656.865
655.702
653.026
652.566
649.805
645.204
639.788
638.095
625
627.416
609
612.285
612.293
641
642.766
625
617
619.259
620.842
618
640
649
651.874
651.899
652.183
652.155
650.866
648.112
646.479
578
600.313
599.188
598.903
598.838
600.175
680
726
718.804
709.075
702.024
693.01
684.319
625
629.914
594
596.892
578
578
577.364
577.726
579.168
581.849
585.088
588.627
591.848
595.497
599.066
602.395
605.064
606.915
608.317
609.84
750
714.255
701.732
696.281
693.654
690.159
684.888
594
609.488
605.322
601.343
598.897
596.857
597.434
598.143
599.713
600.824
601.748
602.494
604.983
657
660.613
663.256
665.574
667.9
668.255
666.572
664.245
662.433
664
661.521
680
674.788
671.918
610
621.794
617
613.56
611.279
610.357
612.744
615.547
625
628.322
632.067
610
616.85
594
599.811
600.013
601.122
601.917
602.756
604.613
605.567
606.63
607.458
608.142
617
615.592
711
696.236
689.716
685.653
683.775
680.893
675.11
593
609.848
593
593.872
591.484
591.927
563
573.476
574.036
575.345
703
679.2
695
696.472
696.197
649
650.914
643.682
638.098
634.17
630.495
627.172
624.094
621.007
570
592.932
587.459
587.557
586.077
586.339
587.919
589.924
591.717
656
655.581
656.557
658.032
660.036
658.051
654.46
586
604.305
602.309
599
595.873
593.859
593.324
704
683.763
671.85
774
760.41
765
758.551
755.106
648
668.022
662.354
656.834
652.797
578
612.334
607.892
608.398
606.522
606.085
609.088
611.293
718
702.942
711
711.564
712.759
648
658.21
652.63
646.462
642.101
639.019
637.82
635.246
632.489
797
757.678
734.974
724.031
649
655.056
652.019
647.955
646.827
645.817
646.075
646.393
646.403
645.798
563
604.852
563
574.798
573.653
572.92
573.205
573.797
575.118
576.143
577.909
579.458
581.052
582.576
586
587.072
588.632
589.774
590.703
591.234
625
625
622.307
621.811
622.59
620.931
618.626
616.427
614.788
613.58
612.559
611.97
611.747
611.668
657
664
662.471
661.861
662.851
602
620.482
579
586.751
584.267
583.136
571
574.705
575.566
577.616
580.156
582.901
585.567
587.889
594
595.772
597.931
578
584.542
584.858
584.648
584.185
584.921
585.788
586.457
587.004
586.745
601
598.359
617
615.505
615.71
615.234
615.007
614.746
625
620.579
601
602.791
601.246
599.957
598.884
598.644
598.403
598.202
597.994
597.8
598.825
704
805
789.702
775.765
766.787
755.884
742.379
729.433
695
686.287
648
642.804
635.586
703
721.713
704
698.308
693.716
805
810.918
688
693.936
679
679.702
678.593
677.228
640
649.193
652.908
601
614.934
614.194
625
624.568
625.881
640
641.74
645.128
646.962
664
661.978
663.967
664.296
664.133
663.023
617
628.903
626.326
623.828
593
600.433
599.881
600.377
600.774
601.881
604.314
606.498
608.423
570
582.639
583.715
583.113
582.9
625
622.533
622.658
623.418
623.93
623.747
620.92
618.365
609
602
578
583.511
582.618
582.835
582.927
594
609
611.095
610.97
611.169
612.73
613.551
613.544
613.438
547
578.549
575.789
562
565.373
564.295
565.263
566.19
570
570.54
547
578
563
566.792
567.23
562
565.313
566.261
566.848
567.939
567.882
602
594.594
649
644.091
641.397
640.527
639.647
637.213
633.232
630.161
672
662.523
657.728
656.61
657.499
703
680
675.709
674.976
675.306
672.081
667.91
666.182
664.944
663.613
662.257
660.993
660.022
659.215
633
643.525
641
679
750
750
745.219
740.341
734.056
725.625
641
633
632.542
631.942
636.931
642.192
648.486
655.047
660.739
665.01
666.867
667.231
666.009
665.794
594
615.306
615.374
615.56
570
589.514
588.412
588.201
588.477
589.639
593
618
616.202
619.235
601
607.595
608.042
607.68
609
607.708
607.592
608.276
608.675
608.732
608.828
608.47
608.249
608.03
891
770.679
737.586
728.322
718.079
704.757
689.129
676.222
609
602
594
601
601.309
601.397
600.716
601.269
601.719
601
600.481
633
642.463
649.19
654.182
658.911
662.122
663.041
711
708.682
695
664
665.851
664.033
661.71
657.953
655.382
654.885
654.478
653.398
652.752
652.331
652.598
652.862
653.699
654.51
727
726.653
696
699.526
703
700.945
695.339
690.681
688.878
687.277
684.643
681.626
679.916
678.952
678.01
677.696
676.745
695
688.845
686.883
689.267
691.939
648
666.923
663.568
664.438
663.741
665.432
758
750
739.105
734.245
732.778
727.131
720.03
713.823
781
770.738
757.529
749.957
914
867.888
832.028
813.626
819.813
672
696.771
700.271
609
609
610.034
609.281
610.54
612.761
617.01
623.083
641
647.989
664
625
648
647.674
625
629.009
628.94
627.92
719
703.342
688
689.926
693.218
691.786
686.528
682.482
681.687
680.653
677.849
675.313
625
639.673
634.163
631.064
627.466
625.396
625.21
626.474
628.731
631.119
633.994
636.941
639.844
642.613
645.06
647.024
648.039
648.173
647.757
647.658
648
647.505
647.02
646.748
645.576
644.193
643.184
642.857
642.761
640
639.76
640.352
641.298
602
622.013
617
619.076
619.582
621.931
609
613.637
615.421
617.14
617.553
672
667.662
663.635
711
706.153
699.127
672
674.147
669.141
664.923
660.793
659.026
658.378
657.683
656.216
655.834
655.366
654.886
654.145
653.486
654.791
655.587
656.507
658.166
659.685
688
688.371
689.531
689.537
617
640.503
633
648
672
671.179
668.454
656
656.31
654.981
653.763
652.161
695
692.989
687.973
683.504
683.31
682.006
678.499
703
696.511
692.394
689.734
689.223
687.656
685.162
683.042
682.766
682.084
681.381
680.565
680.409
682.29
684.03
633
625
628.115
627.367
630.59
633.474
637.731
642.386
646.945
651.115
655.129
657.963
659.55
659.773
659.15
658.835
658.26
657.499
656.619
656.241
655.508
654.195
653.594
652.959
652.573
652.439
652.349
652.168
617
635.3
631.589
634.149
656
657
659.287
659.943
648
650.432
648.883
625
630.844
629.632
629.833
630.655
633
634.409
609
617.872
617
618.615
618.867
619.887
623.031
625.603
627.789
628.861
629.006
629.198
629.258
656
650.638
648.687
647.632
647.091
646.162
643.752
642.219
594
611.313
608.715
607.939
711
693.895
683.846
679
674.735
670.282
664.101
658.407
653.992
641
639.714
636.519
634.619
631.972
630.444
631.566
631.064
630.755
630.4
640
625
629.21
594
609.15
606.821
608.343
608.442
610.297
612.572
555
584.722
580.364
570
572.805
572.108
573.359
574.511
576.152
577.775
579.303
649
637.969
656
664
663.701
662.639
659.535
656.413
651.824
648.665
644.801
641.288
633
630.632
626.841
624.916
622.609
620.405
618.493
618.561
621.034
623.669
626.651
629.381
632.275
635.232
636.77
637.838
638.843
639.766
640.428
640.822
641.259
640.822
726
711.166
704.057
700.761
641
648.581
642.906
617
620.904
620.509
623.177
625.105
627.592
563
589.834
591.022
592.198
591.954
592.068
594.567
597.183
599.068
625
687
682.713
703
702.848
665
666.972
660.664
655.343
650.769
646.87
644.37
641.813
639.367
636.977
634.854
617
617.628
615.385
614.784
614.326
615.826
617.624
619.335
621.804
750
736.251
726
720.325
716.478
710.62
702.367
742
739.547
732.246
724.576
721.332
742
737.729
729.499
721.797
717.764
715.299
687
697.878
698.731
702.379
702.859
703.647
705.076
706.127
687
688
689.341
689.935
689.569
689.866
692.48
695.161
696.415
696.651
696.746
696.716
617
640.414
640.424
641.541
642.598
645.24
649.871
654.587
633
641.232
641.889
643.868
644.014
645.127
672
668.413
669.097
669.722
670.654
670.027
666.875
664.729
602
621.733
619.566
618.52
617.941
619.182
789
743.56
695
711
710.23
701.957
648
658.771
657.889
656.296
653.544
652.401
653.506
654.041
719
711
697.423
694.323
694.332
692.551
691.446
689.078
686.937
805
791.451
773.675
750
746.836
711
734
735
728.36
720.498
664
676.621
677.471
682.317
681.754
625
644.344
647.733
652.083
652.494
653.105
656.546
661.822
666.521
668.655
668.985
671.031
672.992
674.264
828
784.497
763.375
754.002
749.341
740.64
703
697.877
693.502
691.093
688.89
686.734
686.687
687.114
686.962
687.606
687.543
686.912
685.97
685.632
686.624
664
671.223
672
673.59
674.583
677.312
680.415
718
720.166
720.027
719.331
719.623
617
644.123
586
594.079
592.075
591.88
593.296
595.754
599.737
641
647.609
640
633
641
633
635.907
635.624
635.798
635.698
635.83
634.518
634.003
633.716
632.69
632.432
632.018
631.56
631.258
631.205
632.646
634.104
635.53
636.683
664
657
658.597
660.099
661.74
662.151
660.953
660.003
659.456
658.648
657
656.098
655.236
654.541
719
688
686.852
686.364
685.86
703
694.8
690.837
688.76
687.579
685.119
681.424
678.904
677.419
676.071
674.966
673.574
672.354
695
690.882
694.611
694.596
694.73
694.66
693.757
693.823
693.725
692.756
692.036
691.358
690.704
690.096
689.635
689.519
689.436
689.273
688.729
688.088
690.972
691.938
692.93
693.916
694.894
695.848
696.508
696.388
703
700.315
700.172
703
701.621
726
720.249
717.978
665
679.232
677.334
676.913
675.654
677.051
680.049
682.877
684.509
684.942
685.192
685.49
686.371
686.471
686.114
686.584
686.715
687.704
688.428
689.676
686.562
686.391
686.044
685.713
685.226
684.94
684.798
685.603
686.344
687.069
687.79
687
687.954
688.742
695
693.69
693.482
693.345
693.254
718
713.06
710.303
708.312
707.52
706.255
703.808
702.049
701.111
640
662.358
659.588
661.643
661.258
664.33
672
674.971
677.542
679
680.106
682.378
683.114
695
691.688
672
679.064
678.275
678.232
676.039
675.615
687
672
673.61
674.077
674.861
675.204
675.63
676.413
677.228
677.967
678.436
618
637.878
636.084
636.556
637.667
609
619.807
621.998
625.148
626.831
629.659
664
664
664.476
665.244
667.197
666.55
664.681
662.743
660.762
659.164
657.762
828
776.481
753.273
744.023
738.412
730.394
720.323
664
669.388
666.376
667.066
667.209
667.279
668.92
671.341
673.067
727
726.237
718.635
717.815
721.799
703
704.491
701.639
700.242
698.724
697.805
696.198
734
730.472
726.065
723.698
722.562
720.709
716.48
712.655
712.974
713.17
713.388
713.669
713.877
664
664
664.897
666.655
669.441
695
696
702.76
656
666.676
666.96
668.312
641
647.46
664
667.534
679
676.243
676.724
679.074
678.617
680
677.549
676.285
675.804
640
664
659.434
660.143
658.748
659.109
660.162
660.32
660.932
661.399
688
664
668.298
625
640.243
637.882
637.289
636.436
637.121
672
672.485
671.848
670.512
670.371
797
734
720.156
714.194
750
711
707.27
703.937
701.888
697.907
693.235
690.13
688.133
685.794
683.344
682.408
682.498
680.939
679.625
704
705.396
707.464
708.662
709.66
712.355
711.727
617
648.662
647.559
633
635.972
637.465
640.896
644.486
648.29
695
693.475
693.034
694.45
704
711
705.404
766
734
727.433
727.357
723.988
719.405
714.241
710.606
708.502
706.094
703.687
701.746
687
691.07
689.39
689.702
689.27
664
674.863
673.333
675.872
648
657.663
659.008
661.502
663.248
672
674.085
676.896
678.067
640
651.921
649.78
648.975
647.398
647.578
680
679.829
678.741
678.211
678.651
677.454
674.571
664
687
681.277
679.127
677.716
677.348
641
625
627.154
649
648.741
651.301
653.466
657.994
661.427
656
656.662
656.715
656.914
656.32
719
680
681.132
679.887
641
651.661
647.506
644.998
643.487
644.276
646.077
647.227
647.897
648.342
648.48
734
742
680
686.112
696
693.796
687.08
682.282
672
672.865
670.401
667.882
665.601
664.53
758
741.706
727.905
719.307
719.294
664
671.678
680
678.136
676.436
648
657.714
703
706.56
699.599
692.363
691.863
694.629
692.336
680
680.369
682.127
727
723.377
715.393
708.957
708.434
710.567
709.335
672
676.338
677.227
679.993
680.302
680.484
681.982
683.635
684.963
672
673.957
674.368
719
719.593
717.029
715.556
715.196
714.499
711.46
708.501
704.804
702.531
700.715
699.045
789
780.303
769.51
760.916
756.647
751.102
744.607
737.896
733.678
730.895
729.409
727.528
602
656.316
633
625
626.76
626.441
628.668
617
623.697
625.051
627.528
578
601.317
599.794
598.824
598.254
598.234
598.594
598.956
598.929
598.28
600.1
600.167
600.496
600.717
600.882
601.325
719
742
742
736.414
734.081
730.765
726.583
721.981
718.159
715.166
688
683.104
676.111
670.108
727
728.079
722.635
716.67
680
685.728
683.939
685.466
686.906
688.789
690.936
693.333
694.439
693.714
692.382
691.884
691.432
690.727
688.637
687.826
690.023
691.271
692.226
693.561
693.218
693.113
692.949
692.847
692.768
692.611
693.442
694.394
695.327
696.143
696.069
696.005
696
695.872
694.932
694.244
664
677.727
675.495
711
706.325
703.735
703
711
709.267
719
713.108
709.957
707.123
705.223
702.989
701.476
743
736.059
730.059
726.909
725.729
724.249
720.368
717.716
664
682.742
680.727
683.5
682.568
685.112
688.425
687
689.564
690.353
690.784
691
693.283
694.845
695.774
696.837
697.309
697.084
695
696.093
693.04
692.887
692.433
692.251
692.04
691.919
640
657.856
656.042
657.951
625
636.873
601
611.852
610.959
611.695
625
626.26
630.365
634.374
637.966
640.624
642.375
643.427
643.073
643.657
642.786
642.499
641.988
672
665.632
663.851
664.366
665.569
663.567
661.158
659.931
659.131
658.18
657.397
656.776
656.295
655.866
655.458
655.284
654.899
654.535
654.242
654.613
657.058
659.517
660.693
661.669
662.68
663.618
663.82
663.724
663.655
663.552
663.409
663.233
663.04
662.808
662.522
617
636.276
633.056
633.747
633.688
636.676
640.189
643.063
644.948
646.193
672
711
708.014
701.72
698.405
695.956
664
680
675.345
672.181
669.377
668.042
667.611
666.802
665.784
672
671.449
671.297
670.753
670.441
670.804
672.696
674.457
675.529
676.169
676.758
676.607
677.588
678.354
678.179
677.955
677.696
677.445
677.17
676.885
676.786
676.648
676.515
594
628.265
626.167
627.191
627.467
629.677
633.375
637.011
625
629.857
630.871
632.494
633.224
634.239
664
656.567
656.347
656.658
657.19
656.276
653.188
651.707
633
635.502
641
640.317
640.695
641.388
641.392
602
664
646.404
773
750
733.394
781
775.783
750
744.346
736.961
703
657
664
657.624
654.844
654.01
656.013
658.658
660.672
663.923
781
763.765
735
736.749
738.018
711
708.397
702.807
699.107
672
675.458
672.029
670.523
667.532
711
711.301
708.37
707.577
705.938
705.146
705.405
704.282
695
696.808
696.392
680
683.106
687
656
664.007
663.864
664.934
665.976
667.015
670.338
672
675.164
677.585
679.249
680.092
632
646.543
644.197
644.313
643.479
645.235
680
672
695
691.847
690.296
688.586
685.594
682.196
625
640.27
695
684.446
664
666.107
669.338
670.908
668.238
664.799
664.986
664
664.898
664.086
664.325
664.646
664.574
663.811
663.049
695
633
594
606.038
554
569.957
569.044
570.225
572.045
574.727
578.393
582.118
585.722
589.08
742
704.757
694.823
742
688
689.338
681.35
675.211
648
649.075
642.68
637.569
633.115
630.117
627.684
627.617
626.536
625.91
617
620.927
620.92
621.795
623.109
624.357
626.143
627.935
629.909
632.137
657
659.295
661.248
641
643.722
656
652.66
650.475
648.741
648.445
648.145
647.457
646.632
646.153
645.976
656
654.519
654.188
653.886
653.772
617
634.216
610
616.371
614.836
616.962
619.116
621.958
624.473
626.306
627.915
629.001
629.69
629.83
629.599
630.548
630.661
630.807
630.49
630.539
630.04
648
656
652.348
650.429
651.437
711
702.418
696.033
727
725.158
720.6
716.961
715.206
712.873
708.911
704.589
701.191
698.014
694.283
641
656.032
650.479
648.07
645.869
645.798
648.537
651.444
655.301
658.764
662.195
665.563
668.786
671.593
673.4
674.795
674.508
898
818.761
766
805
800.527
727
695
694.295
692.886
691.445
691.072
693.035
695.457
696.241
695.863
766
758.991
747.255
745.478
745.892
758
726
726.958
726.865
728.163
723.243
719.878
719.177
718.404
716.542
703
705.093
704.307
704.93
813
805.366
795.357
789.641
785.952
727
729.654
724.477
721.859
720.508
721.282
724.025
664
703
698.617
727
720.949
717.949
773
775.288
742
672
680
682.7
683.498
682.645
656
648
652.632
657.679
660.901
662.268
664.163
668.484
664
667.095
667.744
668.059
668.54
609
594
596.795
594.457
596.119
597.487
586
591.114
593.45
596.271
598.825
601.636
604.656
607.462
610.052
641
640.945
680
678.913
679.026
680.143
680.634
679.114
676.201
673.538
594
609.683
606.795
602.398
600.575
594
596.909
766
723.546
705.652
700.567
698.195
690.976
719
734
722.694
710.198
701.914
648
657.717
651.917
647.319
645.009
643.74
643.501
643.705
646.281
648.789
651.657
654.586
703
735
734.018
732.26
732.319
728.17
723.436
717.619
714.342
711.634
709.703
707.96
706.163
703.852
701.709
578
629.183
633
638.149
638.163
641.817
647.217
652.883
657.672
656
659.11
661.144
662.698
640
646.175
646.191
625
630.967
625
640
636.351
637.182
672
673.389
673.033
672.751
672.799
671.82
669.2
666.593
672
669.331
727
720.818
680
684.606
684.788
648
653.702
625
630.074
629.076
630.875
633.345
636.617
633
637.417
640.096
642.494
644.141
645.208
645.52
672
668.313
668.112
594
617.073
616.052
578
578
594
601
600.766
603.208
606.602
609.792
611.837
613.093
765
821
796.597
779.001
767.923
753.863
738.97
625
625.848
626.346
628.121
631.768
632.575
633.385
635.681
639.607
642.913
644.523
644.722
645.968
649.236
652.475
586
601.78
571
576.359
575.758
758
700.417
689.194
686.811
683.479
676.182
665.869
656.653
649.498
644.392
640.338
637.009
617
617.541
615.338
614.402
613.595
612.708
612.398
789
711
695
694.788
694.882
690.089
681.335
673.581
668.9
665.584
661.604
656.695
652.169
648.074
644.089
643.578
642.362
640.994
758
723.198
720
720.083
720.43
789
783.479
727
703
706.664
633
641.238
635.228
805
770.569
696
696.982
742
719
707.011
704.112
704.185
703.691
701.005
697.877
696.592
696.139
694.991
693.308
692.158
689.389
687.813
687.219
687.735
726
680
692.568
694.105
633
657.139
653.46
641
645.338
610
626.66
623.4
623.224
610
614.082
614.37
614.778
615.425
727
702.348
698.045
697.216
697.73
578
612.328
609
608.186
607.103
883
768.938
728.559
725.144
722.172
714.486
701.013
690.326
696
711
726
727
720.894
717.71
715.474
713.409
709.323
750
743.447
737.596
736.948
738.749
738.789
735.424
731.722
729.948
728.498
757
752.951
750.353
748.529
672
693.727
692.32
692.63
690.412
691.029
694.355
698.778
625
650.389
664
664.303
664.749
641
649.541
653.267
586
610.817
612.044
611.262
610.741
555
547
554.138
552.197
551.681
550.932
550.713
551.685
552.797
553.984
555.338
617
613.556
615.498
618.223
621.457
622.736
620.575
618.392
616.159
616.272
614.431
617
614.011
611.82
609.647
657
648.559
643.896
643.305
645.475
645.461
643.454
641.883
554
598.917
593.119
592.664
588.417
587.553
588.277
588.998
750
703.604
685.744
914
841.08
695
695.499
695.752
694.617
687.739
640
648.027
650.061
651.003
649.283
647.71
633
633.241
632.641
602
605.931
606.339
606.469
606.867
607.634
609.884
609
611.218
612.984
617
617.146
619.902
621.033
622.446
622.906
623.014
622.967
622.975
622.566
620.427
695
703
688
664
665.944
663.988
766
750.969
731.538
718.456
713.523
715.001
672
670.491
648
646.676
643.937
645.004
645.328
648.292
651.693
654.288
656.745
658.216
658.043
658.434
660.175
661.767
617
629.815
735
716.002
773
767.631
758.627
836
827.382
734
740.802
739.342
732.248
723.525
720.491
720.728
718.279
714.606
712.589
711.785
707.566
707.067
707.217
708.03
709.064
709.722
649
656
664
665.009
664
666.572
670.716
675.101
678.588
681.794
684.795
687.357
688.79
688.757
687.817
687.322
649
659.464
658.212
658.69
657.657
658.274
659.583
726
722.364
716.482
712.246
875
867
839.2
822.619
817.316
809.645
679
687.209
649
671
719
813
813.822
795.117
784.891
771.776
762.586
774
769.887
758.771
752.211
748.585
746.159
743.42
739.884
736.722
731.916
727.274
722.704
789
793.05
796.606
795.182
796.499
792.478
786.916
780.904
775.918
772.087
768.739
765.874
763.315
761.438
703
711
709.555
711.619
712.933
717.055
723.08
729.096
734.325
738.93
743.187
640
669.001
670.12
671.888
672.447
674.054
571
616.504
617.988
621.755
621.391
625
628.928
634.586
641
644.15
646.437
648.508
695
687.937
684.541
684.561
686.037
682.893
679.257
675.217
674.496
727
719.379
713.343
711.408
713.182
711.869
656
664.257
711
702.497
695.47
790
783.372
766.621
760.37
763.948
755.07
742.975
737.214
739.042
687
696.405
694.669
693.081
690.645
680
683.88
685.576
687.899
689.224
641
654.881
654.992
656.035
703
706.057
708.127
709.151
680
683.523
680.164
677.905
675.312
673.34
648
652.684
651.607
652.811
652.381
727
728.461
813
809.398
796.688
787.639
776.365
764.881
754.219
633
646.306
633
680
698.72
710.198
714.379
750
760.476
711
712.543
711.101
708.245
625
640.424
641.219
641.856
633
635.583
640.049
642.423
643.994
711
711.204
708.451
633
645.297
646.574
646.504
617
621.5
633
634.584
680
678.573
675.413
696
698.341
693.688
686.751
682.724
680.766
678.99
676.952
675.102
696
691.525
690.422
689.784
689.572
689.081
703
719
773
770.819
765.674
761.754
757.818
752.119
745.954
695
698.54
693.597
692.459
692.36
693.467
672
676.441
676.669
679.102
680.654
683.351
687.137
691.408
695.077
698.026
700.325
679
683.08
683.205
682.897
682.008
682.143
682.911
683.607
683.83
683.9
683.921
735
730.997
727.383
758
756.443
752.523
748.286
744.94
740.385
735.724
731.63
728.521
726.065
723.856
721.744
720.942
719.902
727
723.629
723.314
657
681.921
664
666.989
711
712.882
717.982
720.963
723.773
724.565
722.657
720.125
717.739
715.582
713.479
711.501
709.997
709.388
680
664
680
677.849
678.008
678.545
682.602
686.994
690.879
693.433
695.683
697.559
727
727.853
724.545
688
693.737
693.384
693.667
691.043
689.49
689.58
690.545
691.222
664
669.692
669.925
672
657
661.304
664.666
703
702.847
700.449
702.428
702.834
702.586
700.232
641
664
662.264
662.357
625
637.726
639.417
648
646.909
648.746
650.985
653.19
654.254
655.719
656.652
657.845
658.669
659.049
657
658.049
656.352
656.24
655.777
687
680.287
677.423
677.905
678.567
679
664
649
633
632
631.139
633.362
636.456
640.56
644.564
647.19
632
633
634.338
635.238
679
682.022
681.788
680.603
680.046
679.173
675.804
671.89
668.679
666.326
664.552
663.247
662.196
661.441
660.908
704
656
665.022
665.505
666.229
665.789
665.717
666.845
667.438
667.502
667.309
667.111
750
736.036
726.494
722.59
720.185
696
694.687
690.813
688.772
685.936
684.475
683.843
683.272
682.269
681.025
680.789
664
670.266
680
680.259
682.618
685
687.656
690.064
691.189
691.583
691.822
672
676.244
675.295
675.82
675.663
703
701.43
699.88
699.292
698.643
703
699.4
697.202
695.437
695.272
694.844
694.378
693.831
693.543
693.807
693.471
693.281
692.751
692.079
691.357
694.055
695.058
696.11
697.142
698.143
649
669.345
666.57
668.305
667.88
670.513
633
657
653.261
711
727
719.537
712.128
774
774.608
765.274
752.679
656
670.424
649
649.217
664
649
664
679
711
711.811
709.115
708.405
708.555
706.898
701.895
698.255
698.348
698.068
697.44
696.779
632
648.487
646.721
646.348
645.326
645.885
648.417
641
645.05
648
650.366
652.672
655.1
657.677
659.926
661.88
663.238
662.933
662.508
663.6
662.679
662.23
661.783
661.521
661.275
661.075
660.813
659.961
660.224
660.392
660.226
625
640.364
637.743
640.036
640.325
642.753
645.306
647.306
648.781
649.45
649.853
650.037
650.004
649.765
649.409
649.838
649.882
547
596.766
594.333
594.951
594.57
595.605
598.704
601.57
604.097
606.336
758
742
724.068
718.346
714.84
705.816
696.283
688.227
683.456
677.794
672.808
666.829
661.629
656.663
652.059
649.323
646.778
644.683
643.929
645.116
633
636.662
637.433
639.596
641.519
643.968
646.81
649.874
652.524
653.638
654.645
655.443
655.882
655.954
655.932
656.145
672
668.389
667.014
666.319
665.432
663.582
661.383
660.471
672
668.138
667.886
667.673
667.593
667.521
649
653.39
653.903
654.887
655.811
656.845
658.765
660.115
661.425
662.369
609
629.093
626.559
626.681
627.484
629.84
632.784
635.843
638.108
625
630.658
629.284
630.224
628.976
629.3
631.013
632.034
554
588.863
586.395
584.382
584.12
585.109
587.389
589.666
617
613.999
616.171
618.221
619.674
620.101
618.648
618.577
594
603.366
602.614
570
577.986
577.522
577.422
578.388
579.43
580.58
581.761
582.902
625
622.556
622.93
623.895
672
667.915
661.906
659.049
658.984
656.326
652.364
617
594
594.647
590.669
594
578
581.272
583.141
585.903
588.52
591.693
594.804
648
652.206
654.245
655.423
656.68
655.89
653.769
651.188
735
721.598
712.046
707.404
707.323
705.65
695
689.901
685.341
681.838
703
698.384
694.306
692.617
692.548
691.963
758
766
755.448
748.659
734
730.143
724.732
719.629
715.583
713.509
713.509
714.067
714.375
714.884
714.978
695
697.234
696.665
664
671.279
671.62
719
721.786
725.422
711
750
751.418
747.201
740.356
736.23
733.524
729.464
679
686.248
685.165
685.817
686.028
688.339
726
727.346
723.379
688
694.823
695.296
695.139
695
694.243
696.096
773
770.868
719
875
867
812
802.824
803.039
789.107
758
759.4
762.522
757.936
765
719
750
805
791.187
750
781
797.259
793.945
769.476
768.311
778.688
782.148
711
724.992
738.287
742.754
729.502
875
845.523
766
776.428
795.311
783.892
761.693
770.512
784.188
777.995
758.12
703
720.124
732.125
758
741.427
732.187
739.46
664
686.116
689.953
691.319
691.135
691.42
695.133
700.329
688
690.282
742
741.806
738.609
735.074
672
684.947
683.444
682.578
680.448
680.4
680.991
683.152
684.222
684.544
684.409
684.982
685.61
686.062
685.214
685.162
686.924
687.904
688.722
690.021
689.247
689.14
641
656.645
653.985
656
655.317
658.189
661.503
656
649
652.365
653.467
703
701.045
697.706
695.923
632
649.081
647.18
645.761
644.388
633
635.988
637.418
640.264
640.536
703
701.457
694.897
690.07
686.953
632
625
602
602.827
602.639
605.787
609.105
614.085
619.248
623.96
672
675.801
675.081
674.283
673.478
673.688
671.974
609
622.469
621.111
641
636.042
625
625.996
626.561
627.124
851
772.402
696
693.264
691.719
690.111
685.14
677.229
673.921
672.691
672.178
669.796
666.101
662.912
660.679
659.686
640
641.813
640.835
640.677
641.246
642.711
617
629.298
629.268
631.703
609
615.488
617.102
619.45
621.077
623.143
625.507
627.392
628.393
629.03
648
646.127
646.068
646.276
646.65
646.316
645.188
644.242
643.584
642.56
640.9
640.163
639.648
639.28
639.126
639.039
638.946
638.796
638.588
638.948
641.654
750
735.141
726.612
722.02
719.134
714.748
679
672
666.596
661.857
659.353
657.451
657.146
657.578
657.906
659.388
704
703.54
698.195
697.382
701.116
701.93
602
634.08
609
612.343
611.641
633
633.424
638.256
642.535
646.535
649.246
649.993
650.189
650.284
651.067
652.041
652.431
625
632.75
631.379
640
664
659.785
658.506
657.898
718
805
792.82
836
833.513
773
719
712.168
705.322
632
637.603
635.859
635.127
635.63
637.658
642.893
648.997
654.922
660.387
665.275
670.638
675.593
680.149
683.317
685.386
641
649.28
647.689
645.839
644.251
643.771
644.2
711
707.966
704.042
702.103
718
717.41
712.481
706.773
726
722.358
716.605
711.969
710.03
708.363
727
719.149
713.993
664
677.455
687
719
717.136
712.061
708.785
710.549
773
776.347
766.163
718
750
757.315
797
779.166
758.647
746.465
719
728.905
734.554
738.647
774
757.44
745.871
743
746.167
752.783
752.983
747.184
742.359
711
703
719
722.878
727.663
734
733.832
734.486
734.765
734.188
732.593
731.335
730.678
735
718
721.193
721.232
722.745
722.422
722.822
723.41
852
823.844
809.276
800.022
794.757
785.631
775.904
742
742.331
740.597
742.288
741.458
740.718
742.273
743.82
718
721.004
720.975
722.363
721.871
723.616
726.917
750
753.731
734
680
689.457
690.693
693.668
694.288
757
764.021
759.086
753.379
752.855
749.016
743.169
641
660.934
663.372
668.845
711
722.755
726.277
727.578
725.825
719
712.759
706.125
701.2
782
783.282
773.875
763.418
756.942
781
774
765.861
756.996
752.899
687
695.782
694.089
696.198
758
938
910.376
875
855.494
839.301
819.964
799.713
781.909
769.116
610
622.01
624.003
630.414
640.163
649.029
656.512
665.209
675.045
684.757
694.968
704.108
711.708
717.517
721.463
722.781
722.561
781
750
749.133
749.341
748.091
744.076
739.861
736.72
733.984
731.07
728.235
725.472
723.116
720.376
867
831.146
836
828.46
820.359
809.346
797.706
787.566
780.188
775.013
771.092
711
719.764
717.363
720.921
722.507
725.784
665
683.004
682.294
601
625.436
625.516
626.079
672
683.564
692.206
698.408
602
625.877
625.418
623.229
621.798
620.976
621.798
622.977
623.764
624.64
625.092
625.802
624.712
623.817
622.823
622.717
624.142
624.956
625.574
648
646.045
647.44
649.515
650.913
687
682.713
679.777
679.953
681.626
680.233
677.174
695
689.113
687.225
686.295
686.029
684.84
734
828
816.157
804.279
796.621
851
849.762
839.71
824.288
726
730.94
656
654.458
617
615.998
613.811
664
685.695
701.778
711
721.089
729.978
736.051
738.403
738.648
739.86
672
677.984
675.846
672.215
670.546
667.958
667.27
666.135
742
741.008
736.566
733.926
735.259
732.342
726.992
735
718
782
777.679
768.339
761.883
760.231
687
700.075
694.518
690.126
687.2
688.865
693.436
697.826
701.398
704.982
708.598
711.218
712.593
713.032
712.645
714.791
716.147
716.459
715.376
716.431
715.234
714.476
984
865.665
828.106
820.153
808.977
633
641.522
642.949
646.973
797
796.787
771.744
766.714
765.171
763.783
761.098
756.325
749.81
742
711
710.914
709.84
757
760.568
755.13
746.477
739.141
732.08
728.082
727.769
729.491
732.603
735.807
695
701.69
679
680.834
680.262
695
697.785
701.254
704.234
708.781
712.445
680
687.123
684.884
750
741.241
735.189
731.125
804
800.994
788.496
773
769.59
906
865.364
832.88
812.389
816.855
898
875
844.388
819.858
829.202
852.437
781
774.762
778.578
791.68
794.762
734
745.012
757.39
772.867
765.094
754.431
764.769
776.59
778.942
772.6
770.357
775.838
781.821
783.025
776.373
773.407
776.345
671
693.836
695.018
697.518
700.111
704.744
711.128
718.221
723.48
727.557
731.074
733.697
735.162
735.736
736.041
737.119
737.575
641
664.27
664.698
663.965
757
750.097
743.605
740.23
736.026
730.173
821
812.78
796.466
780.982
772.161
766.593
759.927
751.304
744.111
735
733.815
732.02
729.217
727.341
729.429
731.564
733.365
718
719.065
717.924
719.916
641
663.784
663.823
665.988
667.756
671.131
676.204
681.037
640
672
666.746
667.739
666.415
664
666.979
668.226
668.706
688
683.158
684.144
682.79
682.72
750
734.829
726.435
722.736
722.604
718.288
713.189
679
682.835
680.213
679.101
676.79
711
711.607
796
790.371
777.27
768.856
760.203
742
734.356
727.574
723.236
720.69
680
684.582
682.573
685.25
852
830.72
808.434
695
688
688.153
672
680
711
734.96
740.301
734.851
789
799.351
766
752.396
745.413
742.345
738.177
728.704
728.196
729.604
758
755.968
749.507
746.622
746.346
745.921
742.766
738.663
680
694.145
680
682.237
682.817
685.751
689.743
694.382
698.452
844
820.665
804.223
796.816
790.201
778.123
765.944
755.827
749.322
744.766
740.74
726
723.345
720.524
719.791
721.126
722.092
722.591
625
664.015
602
615.311
613.421
613.077
613.743
615.67
602
607.696
607.792
586
593.031
592.13
591.794
591.791
592.014
609
602
593
596.911
598.315
599.353
599.398
610
609.642
610.084
610.739
611.355
611.79
611.536
571
585.828
584.499
578
578.853
609
605.846
606.916
607.008
742
709.297
693.117
836
803.855
780.362
775.45
774.54
765.356
752.797
745.527
743.566
738.151
586
653.785
655.005
662.554
659.959
659.751
937
839.842
798.749
774
773.652
769.813
757.583
746.366
745.305
745.761
745.349
844
819.566
790.618
772.464
750
749.928
749.412
746.976
744.545
744.575
734
735.568
736.144
737.871
758
759.68
756.309
751.432
745.794
742.005
741.209
750
718
727
789
813
805.925
758
760.182
852
848.558
829.741
802.949
794.449
804.116
789
781.37
770.756
789
794.846
796.006
784.557
776.239
782
790.582
793.266
782.786
775.057
776.266
782.208
785.551
782.375
780.105
780.37
783.504
784.475
783.782
782.336
782.781
783.659
784.365
784.333
742
789
783.769
782.912
777.667
778.953
779.687
734
719
773
813
800.69
757
766.971
775.701
780.172
768.137
756.164
764.274
772.427
774.56
764.886
755.213
812
813.15
796
868
849.993
832.174
824.217
828.746
820.611
809.952
807.239
809.978
805.876
799.762
799.052
801.145
798.83
794.132
695
719.076
721.772
671
681.183
683.518
688.699
694.516
702.02
710.303
717.935
672
684.286
684.452
684.295
683.846
685.028
687.371
689.303
689.844
689.144
688.416
689.343
688.432
687.716
687.04
687.148
687.294
687.516
688.018
690.188
689.012
688.898
688.669
688.481
688.243
688.024
688.968
689.774
758
750.543
758
781
778.686
734
737.482
732.314
727.342
722.333
720.144
719.081
717.676
743
695
706.048
750
743.441
735.705
734.272
738.558
739.636
734.826
732.336
733.438
733.062
730.761
728.295
727.573
758
750.584
744.712
741.225
765
759.124
754.029
752.237
752.408
648
679.692
680.283
683.104
684.18
688.879
657
669.362
670.702
674.674
675.486
633
645.465
646.885
648.824
649.382
649.945
651.622
654.096
655.54
655.263
655.26
655.406
655.381
655.227
654.777
655.15
655.588
655.875
649
652.355
651.445
648
649.031
649
703
699.662
727
726.43
724.367
721.275
717.124
711.677
706.336
828
807.901
790.478
779.198
774.747
769.524
761.454
752.367
672
683.172
680.38
684.48
688.009
692.091
719
730.341
734.174
733.497
731.578
730.54
731.445
672
679.798
679.231
679.397
703
687
691.894
692.807
693.876
648
658.056
656.857
656.459
657.121
672
674.12
677.335
680.054
682.042
683.836
682.694
679
680
678.387
678.207
677.783
677.544
656
663.139
661.216
661.978
662.381
663.191
664.131
665.447
727
724.797
720.557
716.34
714.153
710.318
705.405
700.673
697.369
695.127
693.298
691.064
789
779.103
766.528
757.7
679
688.647
683.959
680.428
681.357
683.662
688.625
693.588
697.08
697.929
697.762
697.598
696.466
693.918
711
706.566
708.796
709.124
696
699.735
697.718
813
787.12
773.132
764.243
759.859
753.315
746.05
738.79
733.74
726
723.689
720.568
718.76
716.555
714.584
750
748.085
742.389
737.109
737.211
739.306
738.914
737.685
737.443
726
729.213
728.857
718
758
753.789
751.45
748.74
747.662
664
641
641
639.226
641.978
672
688.286
828
742
745.316
789
766
755.081
749.921
625
656.726
617
621.096
619.845
619.981
621.452
695
694.192
694.065
695
695.792
695.797
703
701.044
701.401
711
708.896
707.719
706.553
704.628
618
637.002
633.713
629.674
627.053
626.327
750
773
813
810.567
801.119
788.066
772.2
742
729.343
720.067
712.58
851
829
805.977
791.516
679
681.674
684.532
758
785.579
782.071
763.605
750.122
781
803.781
797
777.431
755.365
744.758
745.142
754.395
757.409
750.855
739.432
735.644
739.381
744.486
745.387
742.854
740.928
742.62
744.237
744.988
743.865
743.717
745.464
746.866
747.362
747.395
747.58
748.14
748.741
734
737.764
736.761
737.372
737.485
738.122
738.926
739.535
740.132
740.479
740.722
740.779
740.701
740.706
740.692
742.012
656
677.972
678.889
680
682.49
766
703
713.917
720.342
721.275
720.767
720.199
720.438
664
681.479
695
719
711
695
699.671
632
657
632
636.091
632.406
634.168
636.483
639.317
703
703.766
703.002
702.274
648
655.319
651.781
647.457
578
602.768
602.652
603.034
602.301
603.018
860
763.07
728.109
723.52
719.241
706.625
692.491
682.267
679.287
677.734
676.017
673.844
671.863
670.068
665.908
664.658
663.402
662.034
660.781
661.497
750
754.479
750
745.263
743.607
719
713.779
706.893
641
649.921
646.142
645.975
646.366
647.947
664
669.037
673.021
675.499
677.077
696
698.442
701.457
703.029
704.219
665
673.068
670.424
668.128
665.67
665.489
666.072
666.697
667.09
667.501
687
686.084
686.156
686.055
686.438
686.759
719
713.428
789
758
751.43
747.392
648
661.856
656.873
653.715
655.079
688
697.429
701.974
704.404
672
676.655
672.713
680
678.533
678.435
678.758
703
702.964
758
726
721.218
717.36
714.785
711.048
706.123
703.261
701.623
700.433
698.822
843
814.166
794.414
860
851.796
833.451
823.7
819.194
808.889
797.878
792.99
790.448
785.074
778.52
774.907
664
696.994
696.274
699.142
700.353
703.695
709.43
717.7
725.12
730.39
703
708.967
656
641
640.137
638.422
639.069
640.546
642.961
646.565
632
636.449
636.382
875
801.272
772.863
763.096
797
795.533
779.068
759.892
664
672.241
672.032
673.509
673.504
695
702.203
703.694
703.464
702.241
703
702.14
703.337
664
669.767
669.419
669.582
669.552
669.753
671.751
672.793
696
697.427
664
670.58
671.312
671.354
669.457
668.943
670.607
671.826
727
695
696.164
696.328
695.905
692.835
689.454
726
716.5
710.949
709.425
703
701.328
640
656.42
653.481
654.536
655.56
658.153
661.73
665.666
668.975
671.578
673.59
674.967
625
640.565
639.209
610
656
648.185
648.151
649.805
650.629
651.494
650.531
649.607
648.895
648.194
647.401
647.612
647.659
727
710.328
702.457
698.402
698.049
649
655.065
650.644
647.193
645.462
645.866
647.808
649.469
649.917
649.991
703
742
732.018
723.326
719.479
717.754
656
661.773
659.404
657.389
633
637.268
638.159
641.077
703
704.508
699.373
695
719
717.368
712.616
708.866
708.258
657
648
633
617
625
664
672
675.166
743
750.81
742.541
741.294
738.233
703
699.242
692.714
625
609
610.971
617
620.844
821
777.937
946
923.256
884.859
872.881
781
763.092
743.425
730.635
725.684
724.646
773
844
839.832
820.743
813.819
801.014
898
900.959
880.857
853.061
842.423
914
921.486
938
902.714
774
779.076
792.361
823.336
829.88
814.57
796.435
758
764.071
664
673.683
641
640.192
640.341
642.121
645.882
651.702
658.782
666.231
680
686.917
641
652.512
650.344
650.241
649.268
649.122
649.511
633
636.738
641
641.462
641.103
640.992
641.779
642.079
642.103
672
672.875
674.802
676.744
672
672.901
671.878
669.873
667.966
666.749
711
705.286
700.419
711
710.264
707.179
703.17
699.848
697.786
695.905
694.101
757
751.359
744.451
740.72
739.972
736.096
730.29
726
722.538
721.212
718.8
656
664
663.134
664.497
666.091
668.742
673.28
677.796
681.917
695
672
678.262
641
649.668
647.555
648.393
734
727.089
718.559
716.678
688
687.606
681.258
676.697
703
735
733.672
696
697.324
696.569
711
708.073
700.975
694.185
691.002
617
637.822
637.79
640.741
642.43
644.874
656
711
713.804
710.844
710.935
859
835.115
813.126
799.59
795.895
787.405
664
674.054
675.539
678.936
679.823
683.301
691.47
700.156
641
641
643.379
703
716.525
727
758
769.005
773
766.511
756.186
750.445
743.081
736.555
730.452
725.646
721.541
717.956
743
820
817.093
813
718
719
719.39
721.739
725.885
728.162
728.863
730.918
734.219
736.426
733.813
711
710.373
703
706.021
657
665.226
666.364
669.924
672.035
676.026
681.312
686.214
689.85
692.841
695.209
696.968
625
642.944
641.978
641.295
672
742
742.063
736.24
906
878.947
734
740.595
740.969
739.318
728.678
725.822
729.76
733.631
730.515
727.227
725.693
724.669
720.497
672
678.851
680.057
681.063
681.281
682.215
687.059
691.157
694.914
698.139
688
692.431
691.96
693.805
692.543
693.59
693.688
758
756.779
751.964
748.431
748.454
746.01
741.177
736.3
733.305
730.34
695
699.191
696.949
789
726
730.671
734.791
737.448
733.244
656
680.96
682.561
683.173
781
758
745.49
727
725.751
725.594
656
625
629.375
629.257
625
664
750
695
699.042
706.002
710.093
705.036
697.657
694.973
656
660.758
648
649
646.977
646.867
645.845
646.002
680
676.878
675.299
678.034
681.58
682.076
681.106
680.501
680.32
679.983
679.425
678.671
677.639
676.53
675.978
648
653.762
650.851
651.323
651.828
654.409
657.396
633
641.378
642.52
645.097
646.369
648.758
695
696.85
693.19
691.73
691.385
689.548
743
734.163
742
735.877
731.798
727.479
656
663.757
659.294
625
631.212
630.606
633.342
636.515
641.435
646.785
844
792.035
770.989
727
719.078
657
653.972
651.244
650.003
641
640.524
640.164
640.758
640.56
639.935
639.852
639.538
638.773
637.767
672
633
643.091
644.354
646.073
646.405
646.401
646.937
704
699.45
696.406
696.422
697.968
696.118
680
678.841
676.293
673.668
719
713.306
707.875
706.766
707.723
706.334
702.153
697.703
695.407
694.407
648
663.382
661.418
687
703
797
750
789
787.417
776.518
770.82
761.954
754.349
746.971
740.242
735.004
730.612
726.784
723.378
720.077
719.131
717.669
716.995
715.82
717.084
718.771
625
659.736
659.586
662.126
662.809
665.468
669.823
674.159
677.584
680.172
682.596
684.643
686.033
686.713
686.963
687.829
688.163
686.296
684.957
685.364
680
695
689.853
671
674.032
673.598
673.993
673.808
617
637.69
637.104
639.277
640.5
643.133
773
753.679
735
703
702.36
697.446
691.688
632
642.557
719
714.448
781
757.296
739.289
726.833
633
640.952
643.284
645.583
651.639
655.11
657.545
660.468
663.509
774
773.178
756.455
735
724.391
715.756
707.762
703.135
699.642
696.875
694.49
691.451
688.273
640
645.946
643.978
645.051
646.456
647.938
652.163
680
689.435
696.065
699.983
702.97
704.097
727
724.111
720.513
717.012
714.148
711.183
707.203
704.408
609
632.737
630.97
632.419
633.491
636.046
641.24
646.851
781
773
756.965
749.893
744.666
734.475
723.175
735
729.395
723.978
718.391
687
641
641.561
635.842
636.809
805
820
798.874
785.14
777.541
764.214
749.081
734.523
722.178
713.644
708.64
706.665
705.262
711
710.96
710.041
705.624
699.438
694.178
689.828
689.613
690.055
691.418
693.348
695.701
698.493
656
670.789
669.503
671.655
671.44
673.128
675.969
679.127
680.522
681.076
681.427
681.565
681.315
680.721
679.956
680.198
680.166
680.118
680.039
680.182
678.205
678.128
677.934
677.834
677.714
677.618
678.177
679.123
680.054
680.969
681.87
726
723.083
719.801
718.362
717.68
715.127
710.561
706.526
703.961
702.212
700.697
656
668.282
666.553
668.18
669.799
672.304
675.226
677.886
679.241
682.54
625
644.549
644.059
644.285
680
677.181
672
664
734
665
703
692.11
688.424
687.23
684.067
664
671.58
664
664.683
662.391
661.271
660.879
659.996
660.674
661.312
660.46
659.879
594
625.824
621.355
621.738
621.481
828
763.568
734
728.966
723.236
750
740.098
723.418
711.073
708.601
708.329
704.061
694.724
687.95
711
711.391
708.467
700.777
698.772
705.302
708.249
696
697.764
699.364
701.382
702.316
702.19
703.12
641
659.855
659.498
660.613
659.528
660.8
664.039
718
720.474
716.911
633
609
613.239
615.263
619.283
622.539
625.346
628.726
774
742
721.194
696
718
836
815.563
785.705
761.387
749.385
750.677
695
691.693
683.283
678.857
678.848
679.177
679.385
742
752.858
758
751.952
797
773
764.342
763.444
762.823
757.563
751.786
747.634
743
739.157
781
774.088
767.859
764.68
762.422
760.318
756.869
753.38
743
745.789
747.558
749.39
750.211
751.188
664
689.412
690.549
693.421
694.397
697.235
702.629
708.468
714.155
717.362
719.513
721.477
723.078
723.739
782
768.335
761.268
758.38
759.33
756.004
749.869
745.321
679
688.856
686.98
672
675.712
678.639
684.165
688.898
693.466
680
685.387
686.63
689.479
690.982
656
665.196
656
658.375
657.743
625
635.627
649
641
642.608
644.195
646.841
648
649.19
648
649.3
688
672
672.551
673.701
674.075
672.964
670.122
668.679
633
640.562
638.578
638.178
637.924
617
623.328
624.817
719
680
676.512
641
647.451
617
621.162
620.265
621.179
602
605.1
606.246
820
751.945
721.312
709.581
702.13
691.794
681.295
669.803
665.047
661.739
660.299
658.396
656.69
687
690.186
687.791
696
692.744
689.533
657
661.369
659.523
660.737
661.973
663.601
665.822
667.699
668.687
672
672.256
672.621
672.499
672.513
672.576
672.897
672.964
673.351
673.252
673.227
670.922
670.309
668.796
602
625.267
623.635
624.842
656
656.655
664
666.697
668.903
669.36
667.807
665.963
664.112
662.408
660.79
659.906
658.662
657.2
655.845
656.369
655.869
655.634
655.416
655.263
656.31
657.299
658.306
656
658.809
660.692
661.621
662.547
663.45
664.309
664.979
641
649.714
648.101
648.872
648.881
609
626.07
623.81
626.337
626.236
629.166
632.379
648
646.794
646.809
647.077
647.377
703
695.17
688.538
684.675
683.329
681.081
677.229
673.081
601
622.036
620.291
633
630.012
631.301
633.651
782
753.716
734.032
723.052
719.393
712.379
703.236
694.246
688.482
703
700.488
696.058
594
629.499
632.9
639.25
639.219
637.874
625
635.525
638.589
642.082
643.433
645.074
647.531
650.196
651.256
651.808
651.851
719
709.206
702.806
726
774
812
800.074
792.206
788.724
785.38
779.743
726
719
714.507
711
706.948
703.624
702.936
703.107
705.391
632
649.11
648.874
650.011
650.967
653.324
657.747
662.317
666.47
696
700.907
719
720.172
720.65
720.006
716.629
712.728
708.902
705.844
703.412
701.616
700.204
698.934
697.401
696.478
695.894
695.632
695.339
695.199
696.189
697.678
700.433
703.322
706.427
707.617
708.629
709.574
710.241
710.62
710
709.367
708.687
707.973
707.207
706.512
705.946
705.544
705.247
711
709.354
709.152
709.009
757
752.851
748.871
745.407
742.786
738.651
733.913
729.525
726.505
724.923
723.467
722.24
721.338
720.757
867
838.911
819.373
807.329
798.174
787.499
776.468
766.54
703
707.515
680
680.466
680.355
683.901
625
641.186
642.586
644.958
646.809
651.182
657.337
663.513
668.996
673.68
677.532
680.655
656
661.848
648
651.362
648.846
656
654.342
655.73
655.329
655.778
655.719
703
702.597
703.749
704.392
687
688.141
683.943
680.63
678.47
640
641
639.793
640.371
642.142
617
624.296
627.548
631.294
634.172
648
641
645.734
648.35
650.706
650.59
650.422
650.065
649.671
649.134
570
555
562.88
561.014
547
551.138
552.998
563
565.147
569.092
625
629.649
633.745
636.714
639.734
641.027
640.64
639.089
636.457
634.907
649
644.913
643.349
641.799
641.083
638.141
635.16
632.087
687
679.276
678.996
664
665.787
664.669
662.746
659.023
656.942
655.853
654.816
654.604
654.006
664
664
662.686
661.708
661.078
660.362
960
839.986
800.921
790.933
960
920.59
874.214
844.094
789
787.943
787.719
786.927
777.142
768.841
768.196
771.706
773.772
770.592
763.041
764.144
768.261
769.302
767.368
765.31
665
684.279
684.417
687.012
689.705
742
759.596
766.315
769.059
771.131
770.171
766.691
760.375
757.084
754.205
751.534
748.981
745.426
744.252
743.545
741.545
739.957
738.639
641
670.125
742
741.956
743.357
742.913
745.714
748.957
687
702.494
701.583
700.902
698.704
698.235
700.858
758
747.092
781
764.186
757.537
750.558
744.395
758
751.527
746.751
743.015
740.962
738.848
735.843
732.44
731.77
731.509
731.095
758
753.912
852
845.787
836.042
828.983
822.736
813.696
665
689.661
690.929
696.73
702.267
727
746.091
756.51
773
766
764.729
760.575
755.002
680
687.229
687.567
719
722.667
766
781
777.293
769.829
761.373
657
666.533
632
631.344
630.664
625
609
611.769
601
603.528
625
630.164
637.103
643.04
649.073
653.819
657.595
659.783
660.566
661.214
660.092
658.738
657.482
655.995
654.551
726
716.82
711.731
709.771
711.688
617
610
611.196
609.13
611.119
613.142
610
614.117
617.993
609
613.193
615.209
617.78
619.243
586
596.753
597.217
602
601
601.238
602.345
603.29
604.08
604.609
586
586
587.273
587.222
587.538
588.359
589.352
590.586
591.63
593.378
593.714
594.404
595.067
595.937
596.573
597.184
597.619
598.027
598.353
598.567
595.548
594.189
594.093
593.933
593.794
593.705
593.593
593.388
594.262
595.208
594
595.085
586
590.339
591.052
591.985
592.848
593.872
593
594.281
595.341
596.246
563
578.237
576.135
576
575.89
577.229
578.915
580.151
580.967
581.726
582.289
582.805
583.211
583.539
583.83
585.077
585.702
586.272
586.552
562
570.036
555
561.101
547
553.447
553.777
555.839
557.442
559.282
561.138
562.565
563.653
564.394
565.046
565.764
566.392
566.898
594
587.529
586.326
585.904
585.721
585.325
583.802
583.065
582.845
625
617.192
614.25
615.316
617.171
617.782
616.276
615.391
586
590.733
588.79
588.371
586.743
586.56
587.242
587.625
587.976
609
605.515
606.106
607.839
609.076
609.799
610.087
610.293
610.5
610.492
610.521
609.669
609.512
602
601.79
601
610
617
615.358
614.945
615.599
615.523
615.435
601
610
609.045
609
609.925
610.863
611.824
612.742
679
664
657
656.139
657.085
654.485
650.608
647.282
687
680.267
674.252
688
726
719.652
711
706.636
707.173
774
756.201
742.001
736.937
740.496
740.659
719
715.299
715.685
797
750
727
730.265
735
737.779
728.971
922
863.44
822.148
815.837
817.387
807.712
787.05
777.959
780.48
781.834
772.565
763.874
765.489
770.576
820
805.575
788.647
782.983
783.385
785.206
784.013
625
674.82
681.327
698.078
687
690.421
698.141
710.315
719.304
720.817
722.825
727.556
732.183
733.99
733.355
733.714
734.164
733.314
729.528
729.705
727.208
725.716
724.546
656
671.185
669.08
669.637
671.212
617
641
640.65
643.62
644.767
647.368
651.612
655.796
659.15
661.723
570
608.722
609.624
554
579.112
532
551.6
549.441
547.792
547.282
492
532.914
527.355
524.047
523.554
485
516.898
484
492.003
493.431
490.886
491.168
490.668
532
523
523.535
525.444
527.393
528.897
527.966
528.026
532
530.198
530.271
529.587
500
511.483
510.627
492
497.211
497.883
498.557
499.252
500.221
501.341
502.437
484
493.191
493.964
493.698
494.948
496.282
453
478.464
478.69
476.542
461
468.189
468.738
467.817
468.167
468.678
438
454.419
438
437
440.332
439.689
439.872
440.153
440.224
441.051
441.238
442.593
442.773
443.135
422
431.3
414
420.672
420.669
419.235
414
416.75
416.349
416.117
414
414
415.413
414.794
422
430
414
419.428
430
425.189
424.466
424.722
445
434.779
434.345
434.115
433.328
432.463
431.302
430.336
429.451
428.429
427.308
445
435.861
438
437.044
436.3
435.784
434.515
433.739
432.874
433.391
433.115
432.935
432.827
432.5
431.474
438
433.271
422
427.244
427.321
427.492
427.489
427.657
427.933
428.154
428.326
428.466
414
420.67
420.186
419.861
419.906
420.022
420.285
420.229
421.74
421.059
420.864
421.025
421.082
421.109
421.078
407
414.531
414.216
413.745
413.558
413.547
413.735
429
421.342
421.536
421.714
421.68
421.555
421.272
421.019
445
432.563
431.769
431.589
430.51
438
432.298
431.504
430.717
429.599
428.545
427.376
427.519
425.507
424.621
422.922
421.289
420.263
418.838
418.468
419.793
420.864
421.243
492
472.579
469.244
467.757
492
484.228
500
491.442
491.008
489.472
487.257
485.004
539
515.539
511.476
511.297
633
591.582
555
562.816
564.756
562.903
559.641
557.06
570
565.524
563.18
561.392
559.892
557.407
594
580.935
555
564.724
563
562
562.859
562.863
563.295
563.606
564.527
565.202
578
575.989
575.944
576.045
576.15
649
634.573
630.148
628.966
630.199
630.915
628.377
626.031
625.021
624.379
623.326
546
610
640
627.979
672
742
731.89
875
850.162
828.664
821.133
812.069
799.328
785.099
766
760.608
753.626
745.954
1008
934.836
890.563
765
797
810.126
813.155
797.979
734
742
764.619
802.857
802.499
1110
982.768
889.942
867.511
869.741
680
680.671
683.05
694.174
701.657
706.64
727
748.463
757.683
758.791
758.952
765
764.553
762.975
761.356
763.002
763.363
762.031
758.661
758.352
755.854
753.258
750.772
1110
1023
906
903.835
898.233
877.767
850.965
840.8
840.225
1164
1048.72
961.398
943.919
773
1172
1050.43
955.801
921.205
922.306
931.386
933.869
923.871
774
779.262
812.949
886.465
887.408
828
750
752.882
797.189
850.705
758
820
851.008
864.763
836.838
811.801
820.052
839.439
846.242
815.598
789.596
796.884
797
806.143
790.719
778.241
782.497
792.916
800.856
734
738.912
746.699
757.754
758.934
753.055
868
869.607
848.278
766
778.722
742
741.364
740.262
743.066
748.883
754.711
759.05
760.196
761.139
758.67
756.85
753.364
749.509
747.255
746.085
750
750.283
751.078
751.419
753.803
750
750.662
750.441
1078
843
837.168
836.448
834.009
820.307
814.811
813.858
812.888
810.593
808.339
807.395
806.654
805.176
851
842.013
833.997
831.612
830.762
830.477
735
754.905
754.822
758.197
759.197
763.85
770.751
775.942
778.336
750
756.91
759.391
760.438
757.383
758.181
761.567
764.712
765.891
586
668.256
672.029
680.955
563
617.682
624.669
634.778
635.668
547
594.723
563
574.548
617
587.053
589.534
592.907
592.982
719
648.411
645.763
648.831
652.023
649.55
644.057
643.639
711
694.809
890
820.697
785.379
771.334
759.058
743.7
725.6
709.273
699.797
695.586
694.801
693.604
691.847
689.626
687.202
703
695
680
678.264
677.209
677.482
677.598
678.882
681.004
683.755
686.837
689.712
691.071
789
782.084
828
824.02
816.326
773
1117
988.77
920.216
893.633
877.762
860.586
837.583
867
866.958
862.497
812
807.908
808.546
817.354
815.373
802.093
750
753.31
757.411
765.277
768.007
768.275
772.298
782.447
703
713.236
713.849
715.721
717.983
743
750.779
755.759
774
777.545
776.94
695
707.312
705.533
704.073
703.5
742
748.21
748.564
748.989
749.032
852
838.896
821.063
807.337
804.179
799.406
695
696
698.511
701.267
706.019
679
687.201
694.421
703.331
707.959
742
751.309
753.405
753.444
718
721.134
664
680
687
750
748.031
740.529
734.115
728.824
724.58
719
742
742.362
737.287
730.493
726.463
725.082
722.481
719.708
716.415
715.216
714.6
714.048
714.211
742
744.53
745.734
744.091
688
664
666.261
664.529
680
686.529
694.75
742
1016
930.18
718
735
739.516
748.584
758
747.339
744.515
745.657
749.563
748.971
740.796
733.339
730.959
730.57
730.155
728.708
725.694
781
781.876
780.644
777.617
777.771
775.507
771.017
734
739.909
738.268
738.935
736.875
736.416
738.976
740.579
740.177
739.226
796
793.63
789.945
789.281
789.906
786.017
780.748
775.894
772.885
770.092
767.05
764.393
762.79
782
777.291
774.996
772.852
771.251
769.712
767.039
703
722.04
722.146
725.656
727.407
731.222
836
830.05
817.228
758
764.718
765.013
760.653
752.282
748.309
752.219
758.13
687
699.324
702.82
742
740.122
1102
961
891.965
742
703
700.56
699.74
701.804
704.094
706.203
708.727
710.213
710.167
709.452
708.367
707.195
706.243
914
891.054
781
780.439
859
857.762
834.878
808.711
806.98
819.289
819.552
802.516
784.326
787.442
742
751.374
750.614
749.035
745.846
748.249
851
857.439
847.89
834.142
833.512
831.828
822.579
812.258
805.018
801.898
799.783
796.262
790.776
687
703.175
704.356
797
810.836
807.3
798.847
799.21
801.563
800.735
867
868.288
854.261
836.295
824.797
819.779
817.609
811.419
765
727
727.912
731.003
742.652
754.497
768.252
780.325
788.21
792.125
703
712.984
672
671.919
670.359
633
639.885
639.597
642.327
601
612.608
611.555
625
624.373
627.164
630.513
633.969
636.585
638.265
639.542
640.609
601
602
601.657
599.801
599.059
598.961
599.714
601.568
602.891
648
651.482
654.876
656.083
658.031
658.129
655.093
651.621
648.375
645.572
644.084
642.808
641.2
639.908
638.913
638.704
638.355
609
615.086
613.23
615.621
617.746
563
594.572
591.219
592.629
592.364
593.72
596.109
598.238
599.969
585
590.492
590.99
591.424
590.821
591.741
592.577
593.596
593.732
593.785
594.645
593.588
594.6
595.074
578
584.335
584.71
585.545
586.096
539
564.754
561.535
560.582
559.601
560.334
562.446
563.679
565.261
566.449
567.658
568.615
569.121
569.54
569.824
586
581.59
581.319
580.853
581.442
581.023
580.869
649
633
628.577
628.865
630.788
630.531
627.805
625.717
547
582.005
577.071
573.51
570.112
567.908
568.68
569.439
570.14
570.767
572.003
573.333
575.199
576.922
578.507
579.969
581.121
581.811
582.137
649
637.063
634.513
640
642.269
640.693
637.627
649
645.313
642.775
641.424
656
650.847
648.158
646.853
645.976
617
617
614.351
586
592.83
592.189
594.289
596.489
599.25
602.181
604.914
607.589
609.938
611.813
612.969
615.267
616.199
616.275
680
672.368
668.245
665.82
665.844
664.048
660.047
656.247
653.76
652.393
650.677
648.759
647.102
645.66
644.305
643.205
625
627.367
625.76
627.299
629.123
631.684
634.611
637.609
641
643.406
644.63
645.838
646.707
647.25
647.495
633
633
625
625
624.869
625.487
626.509
627.369
628.315
629.233
630.126
631.013
648
646.102
646.33
602
618.918
616.548
615.486
613.826
613.893
547
581.698
578.791
580.027
578.232
579.189
581.318
583.217
584.654
586.173
587.307
578
581.47
581.658
581.281
582.542
583.561
584.506
584.904
585.853
625
620.193
618.508
620.015
622.21
625
622.294
602
603.813
601.785
600.109
598.837
598.003
641
637.568
634.225
633.407
633.415
632.92
570
596.033
594.207
592.222
547
576.806
572.762
570.993
569.289
570.212
571.563
656
637.213
632.502
633.862
635.718
634.275
629.734
626.501
624.475
622.729
664
654.165
649
646.412
646.009
645.015
641.443
638.202
636.478
635.838
636.866
637.629
688
680
678.399
735
733.149
727.029
724.127
724.188
721.223
716.64
712.938
680
685.16
679.193
742
732.533
724.729
720.544
719.13
718.524
715.054
709.28
705.119
705.264
705.73
705.583
704.75
704.102
704.091
742
738.622
719
720.755
720.533
721.581
609
609
610
610.69
614.465
618.413
624.512
641
652.196
660.738
667.427
673.105
676.887
678.591
680.241
681.261
681.056
680.04
678.105
677.352
674.76
672.262
669.863
667.764
665.339
688
682.949
625
617
619.628
618.977
621.271
623.501
626.918
656
662.35
680
682.48
683.821
684.2
682.759
679.629
676.82
674.092
672.045
671.002
703
703
704
701.071
672
672.962
669.283
667.548
666.012
667.21
669.534
672.12
674.437
676.033
676.682
677.227
677.579
688
686.459
685.166
685.518
685.724
685.696
684.991
704
698.226
697.427
657
667.172
665.022
602
621.729
586
563
569.429
567.954
568.527
569.69
571.905
609
613.578
620.072
625.583
630.669
634.798
636.987
638.393
625
610
612.399
610.096
609.097
606.766
605.574
649
646.673
649
649.288
651.071
651.846
742
732.808
723.449
717.67
716.055
713.616
708.022
641
648.333
644.435
649
648
645.413
664
667.425
669.629
670.336
671.062
669.971
669.288
670.742
672
673.398
674.345
674.133
672
679
677.418
676.872
696
691.765
689.818
750
743.054
738.262
711
713.184
709.278
705.192
758
750.157
741.901
737.559
736.548
733.572
727.872
721.658
717.78
717.079
716.485
714.499
712.064
713.784
715.247
696
700.975
701.582
702.687
703.293
602
644.344
644.628
648.313
648.836
651.236
656.222
661.629
666.431
669.026
671.346
656
661.356
661.633
661.982
661.731
661.899
662.323
662.906
663.183
660.072
659.779
659.234
659.628
641
645.476
645.462
646.428
586
601
602.254
603.691
605.341
607.68
611.412
615.264
618.759
622.097
624.902
627.115
628.499
765
731.179
715.7
727
724.317
716.935
860
817.764
804
789.981
783.341
774.843
763.686
752.713
744.77
739.02
733.735
727.71
721.188
722.414
723.49
724.177
672
683.332
682.102
648
655.774
654.869
655.864
657.232
659.816
663.235
666.644
669.879
672.955
675.94
672
675.527
675.455
676.102
672
674.135
640
625
626.734
624.292
625.537
626.738
629.59
632.795
636.047
638.828
641.271
649
649.678
680
680.668
679.765
678.877
828
799.628
780.526
843
735
742.582
737.525
729.007
721.845
719.3
717.595
715.513
713.695
712.457
711.122
710.267
709.187
707.617
705.984
705.53
706.336
648
670.465
669.908
671.495
671
673.481
676.952
680.653
683.897
711
711.242
712.156
671
679.671
677.567
625
637.894
637.844
638.344
638.938
640.143
643.331
735
703
698.751
698.981
699.86
695.715
690.252
687.923
685.965
684.386
681.635
664
666.879
735
727.434
727
718.259
714.63
711.164
706.617
704.219
700.733
680
683.783
683.785
686.635
687.007
686.491
686.929
687.615
687.742
686.772
686.138
633
650.853
650.063
726
721.025
715.429
719
715.726
712.281
706.236
700.314
695.584
773
758
703
710.371
714.171
712.662
704.873
700.393
700.823
701.643
700.334
699.954
700.849
702.42
703.405
703.266
701.866
719
712.585
680
689.077
689.857
689.84
688.943
690.511
692.557
693.733
694.502
694.859
695.259
695.502
695.373
695.312
695.348
695.573
695.468
695.375
696.956
696.601
693.915
693.834
693.759
693.687
693.53
693.452
694.361
695.3
696.187
696.962
697.631
679
686.799
685.832
687.185
687.557
688.499
689.763
690.869
727
723.369
719.799
717.434
716.258
758
820
809.301
795.798
786.64
781.581
742
736.988
703
699.551
695.839
698.984
703.224
707.971
713.963
719.864
723.81
724.88
723.328
720.456
720.129
721.039
721.947
722.695
722.406
723.082
722.682
722.325
721.464
656
673.678
671.723
672.684
673.937
676.968
681.174
685.313
689.141
692.316
694.835
696.883
641
656.594
672
695
689.749
686.809
686.42
689.319
688.769
686.789
703
698.276
695.99
693.405
692.845
691.929
633
652.935
602
615.656
612.22
611.173
612.093
614.03
617.313
620.888
624.583
628.333
631.981
634.774
637.287
639.585
641.253
625
629.486
610
614.222
612.502
594
598.697
598.302
598.902
599.739
600.989
602.336
603.632
664
662.777
648
650.179
650.839
649.741
646.204
594
608.972
633
627.015
623.092
621.806
622.633
622.956
622.548
621.322
617
617.883
617.898
619.705
620.516
621.5
622.793
623.865
624.586
625.371
624.846
624.621
633
632.656
632.329
632.055
631.906
631.807
631.661
602
612.949
609
609.787
679
671.946
667.756
664.778
663.699
660.585
726
718.883
707.916
700.021
696.917
692.684
687.38
681.271
617
635.882
632.44
632.196
629.186
703
708.21
703.565
700.651
700.689
696.927
691.691
687.233
683.807
681.013
678.836
676.425
674.425
673.542
670.931
669.523
667.848
666.217
664.837
664.772
667.379
669.993
672.724
675.591
678.703
734
733.371
726
724.059
672
678.149
672.843
668.719
666.396
666.426
667.371
969
906
850.484
826.56
805.849
779.582
742
723.172
715.774
714.197
714.473
714.515
711
710.234
709.567
708.994
707.972
706.217
704.448
704.28
750
760.905
719
723.243
742
744.437
738.572
733.696
735.224
736.365
733.55
728.766
727.312
727.956
781
776.269
767.282
760.519
761.551
763.963
760.465
754.698
758
756.588
687
703.377
703.264
706.284
707.052
563
638.859
642.844
654.337
653.783
655.78
662.816
671.826
679.616
681.221
682.32
684.358
711
709.22
705.842
702.478
703.264
703.003
664
677.445
672.499
670.353
609
626.714
617
618.059
609
611.848
613.492
615.625
617.878
742
722.056
713.773
713.11
713.149
707.156
699.692
692.918
687.961
683.845
679.682
675.623
671.647
668.245
664.62
663.223
661.199
658.943
656.432
656.623
844
800.05
742
739.52
736.139
703
698.365
690.124
672
671.02
669.657
670.41
670.476
703
711.886
710.554
656
665.667
665.855
648
680
678.321
681.369
681.904
664
667.487
666.364
665.903
664.594
663.847
664.301
664.941
665.455
680
678.122
679.878
679.029
678.856
678.291
677.433
677.806
678.185
678.72
680
679.378
766
711
713.454
836
796.132
775.913
771.259
769.867
760.315
749.149
743.15
782
773.511
760.359
719
733.666
738.777
736.594
656
686.785
700.616
708.968
648
661.567
688
696.077
687.313
680.211
690.218
697.822
694.404
688.108
672
682.327
686.003
685.06
677.031
679.256
681.717
683.944
683.743
683.293
682.759
682.711
683.704
684.538
685.072
685.48
586
626.282
625.488
626.488
626.279
628.047
631.927
635.796
639.398
642.179
644.745
646.922
515
592.235
588.915
589.248
587.091
587.336
589.181
590.602
610
617
617
618.655
601
607.21
606.459
606.316
605.718
605.455
657
637.852
633.385
634.29
635.742
602
607.52
605.478
563
554
557.603
556.408
547
549.769
550.907
552.692
554.705
556.994
559.5
561.591
539
548.307
549.519
549.722
550.459
524
533.931
535.627
535.207
523
540
515
523.355
524.655
524.938
525.84
526.701
527.858
528.913
529.842
547
542.903
543.692
544.593
545.624
545.636
546.269
570
570
566.203
565.653
567.08
566.781
565.56
564.855
695
654.598
642.892
639.143
632
629.946
648
643.11
638.88
635.225
742
734
716.591
704.839
703.871
703.54
696.382
687.002
648
663.319
662.699
664.331
659.971
656.019
654.997
655.867
655.786
664
660.117
659.586
661.68
663.792
665.613
666.44
667.114
667.598
671
664
663.846
734
734
728.278
724.879
724.939
722.882
718.059
712.962
708.967
562
627.348
630.108
641.291
641.656
643.636
649.036
657.242
663.878
666.968
532
604.788
605.746
607.812
555
582.793
584.164
584.014
582.858
582.959
583.775
664
633.452
631.882
634.688
638.016
636.2
634.391
633.77
632.858
664
655.772
650.725
625
633
629.356
627.446
624.072
622.671
622.278
622.798
625.185
627.024
628.53
629.775
630.75
631.641
632.422
632.96
633.414
635.162
625
628.745
628.801
649
644.703
641
640.842
640.661
640.434
639.456
638.778
638.532
638.467
664
659.86
658.557
657.894
657.813
657.684
656.973
655.491
654.843
654.248
653.813
594
625.922
619.087
618.424
616.629
617.782
619.768
621.685
555
594.546
589.674
588.784
587.613
587.497
588.714
589.41
508
564.152
492
534.812
529.789
526.433
525.828
525.971
526.421
526.356
469
522.69
508.916
504.16
461
476
477
475.378
474.362
473.568
485
480.959
477
481.025
480.11
481.374
481.338
481.661
481.85
481.935
481.963
483.635
484.383
492
488.629
488.481
488.241
488
477
479.529
480.693
481.541
482.263
483.094
493
488.822
489.172
489.875
489.639
489.399
489.135
489.667
489.954
485
486.483
487.479
488.067
488.409
488.176
488.006
487.765
516
503.101
503.085
503.145
507
500
500.469
500.43
499.963
499.529
499.124
498.774
500
508
503.872
503.631
503.391
503.151
502.91
502.67
504.351
504.892
492
497.694
508
503.393
503.152
563
550.248
547.357
547.389
594
587.403
656
648.186
643.372
642.858
642.953
641.299
637.656
634.018
629.433
625.184
620.447
615.036
609.91
605.328
600.692
596.768
593.398
590.481
588.377
743
717.483
708.822
688
682.918
676.388
669.801
663.043
657.183
652.469
648.546
644.278
639.749
634.901
629.724
626.133
623.726
622.314
621.877
696
707.435
709.635
710.464
711.461
707.046
701.421
703
697.644
693.256
688.959
898
838.348
803.574
788.72
780.109
770.869
755.78
740.449
732.078
729.66
730.219
730.526
729.485
727.802
726.247
725.29
723.478
720.239
717.121
715.709
727
729.262
961
904.535
873.493
758
756.264
749.542
744.899
1110
953
877.299
853.198
852.387
688
684.88
684.534
689.904
698.106
700.323
700.29
706.644
717.326
724.468
725.729
1132
979.439
912.041
909.906
907.921
891.792
750
852
856.331
850.739
813.128
1148
1008.06
918.908
930
932.855
711
734.316
758.574
836
833.062
830.75
848.53
860.262
847.346
836.325
835.867
835.891
831.162
727
738.262
745.292
751.076
751.537
751.947
761.576
768.065
769.462
768.91
772.303
776.772
779.658
781.195
782.408
784.515
785.836
784.159
750
759.722
757.457
755.597
753.435
753.212
754.073
766
765.054
782
779.716
779.885
779.331
778.425
777.237
775.95
781
778.972
750
759.47
758.066
758.064
757.162
757.984
843
830.638
805
805.643
750
758.145
754.051
751.101
750.426
781
784.299
781.569
777.184
776.867
772.801
769.561
664
690.731
765
767.93
797
726
732.426
719
711
711.976
711.674
712.397
714.333
717.387
720.706
722.449
722.869
722.316
703
687
685.601
684.714
685.651
686.586
689.033
692.615
696.217
743
734
731.762
730.669
844
834.714
781
777.396
735
695
689.874
685.518
687.635
691.452
696.666
702.854
708.381
711.593
712.211
765
770.993
763.5
754.897
752.294
751.893
749.194
745.379
844
833.842
820.237
757
761.34
762.016
734
730.521
729.386
733.12
735.17
734.996
737.532
741.233
743.69
744.166
820
813
719
734.649
739.434
740.71
737.526
736.237
740.167
609
657.347
659.601
664.316
664.667
667.813
675.401
684.066
691.26
694.352
697.53
700.533
702.461
702.083
701.769
702.177
702.371
701.396
664
677.801
673.051
672.366
671.38
671.661
672.65
673.586
674.368
675.021
675.734
676.562
677.557
678.544
679.086
680.083
680.142
680.227
586
619.87
618.853
619.692
620.383
622.724
627.623
632.657
637.378
640.985
644.101
646.577
648.199
648.887
649.144
650.268
650.487
650.353
649.17
649.362
646.226
644.262
642.264
640.45
640.095
664
659.637
658.853
658.564
658.462
658.386
657.785
852
787.868
763.404
789
785.527
953
766
768.474
1079
915.063
844.519
844.156
847.338
832.536
803.915
803.928
813.605
813.488
703
730.681
759.262
767.463
747.854
741.945
758.423
773.069
765.534
754.254
764.049
774.575
776.068
764.024
763.28
772.797
777.7
769.929
758.89
766.258
770.104
769.271
789
780.676
779.306
778.67
696
711.175
727
728.627
730.384
732.875
738.314
914
879.018
853.487
837.794
828.981
816.819
801.786
906
1086
1012.79
943.576
789
787.451
765
767.255
769.319
769.777
769.736
772.968
781.24
790.974
794.641
793.518
792.063
791.271
1094
899
734
734.203
739.568
734
733.287
734.84
743.463
820
914
873.497
831.523
828.788
829.408
828.376
810.797
788.601
784.784
784.332
787.457
786.374
779.098
774.292
750
711
711.498
1164
996.696
900.899
888.39
887.932
886.426
874.538
849.906
837.296
789
787.889
788.678
790.945
790.487
788.688
788.074
788.705
788.247
785.697
785.355
787.011
789.282
791.654
794.042
796.393
798.632
571
719.832
719.736
722.538
720.392
723.283
727.745
586
661.353
661.123
661.762
660.515
660.782
662.872
663.94
663.836
663.782
664.293
664.642
663.834
718
707.211
705.52
705.858
708.082
707.597
702.939
699.15
699.041
698.229
696.471
694.544
693.026
691.515
688.96
656
666.162
640
644.497
642.091
643.961
646.361
594
620.027
616.978
618.104
618.38
620.327
623.161
625.762
628.094
630.071
631.805
633.207
634.334
633.49
633.415
633.342
688
676.893
671.877
671.96
674.585
711
703.418
697.271
695.045
695.945
694.547
680
678.147
664
657
656.392
633
636.129
635.546
638.265
641.146
644.189
647.259
649.753
617
626.491
625.986
627.066
627.448
562
592.157
590.804
547
567.531
565.597
564.28
564.824
565.583
567.106
568.499
570.013
571.559
572.961
574.331
575.998
577.494
578.654
579.19
580.379
579.732
580.394
516
547.767
545.323
542.387
541.207
541.023
477
523.294
518.119
468
503.705
498.787
461
487.18
483.185
480.515
480.987
480.739
480.815
480.821
481.276
481.978
482.373
482.648
429
472.749
468.102
464.762
462.823
462.951
438
451.083
450.97
448.447
449.264
449.009
449.458
449.581
449.631
450.283
430
440.006
440.332
438.325
438.082
439.774
440.343
440.407
440.543
441.024
441.293
441.62
441.774
441.851
441.983
442.092
442.209
430
435.945
435.383
435.264
435.323
435.392
430
433.708
438
435.479
435.641
435.864
435.968
436.012
446
442.967
438
439.575
439.953
439.782
438.624
438.886
438.991
438.996
439.012
439.001
438.142
438.107
438.337
437.536
437.121
436.837
436.298
436.881
438.313
438.173
438.438
438.682
438.908
439.064
439.266
439.452
439.647
469
454.733
500
486.92
486.509
469
472.631
471.384
469.113
524
497.713
495.916
494.944
484
486.267
484.494
484
485
482.653
539
524.092
520.573
519.785
519.543
519.373
517.961
516.462
515.572
514.822
507
508.289
507.446
507
504.905
502.891
501.127
499.563
498.08
497.812
500.499
502.017
503.95
505.752
507.184
508.285
509.431
510.578
511.674
512.641
512.401
641
598.833
590.721
588.801
589.162
588.017
585.327
582.386
579.856
577.532
575.019
726
618
578
586.63
589.038
587.301
584.018
582.686
750
694.457
625
609
618.577
621.939
621.017
695
657
648.972
647.852
648.488
649.251
649
642.348
638.109
635.658
633.826
703
727
640
654.64
658.942
659.309
653.602
547
601.527
603.918
727
804
779.653
754.182
734.759
714.69
697.193
914
836
792.014
755.379
740.683
741.171
748.064
747.498
731.106
715.624
977
909.101
846.652
800.565
799.512
929
903.336
953
877.107
842.916
961
973.495
939.563
851
849.142
946
951.829
900.899
843.985
871.87
921.029
925.089
750
766.663
795.924
843.378
839.716
789
790.18
834.11
868.292
845.074
810.193
617
653.281
680
724.116
734.58
731.487
732.406
672
678.611
1102
962.643
922
847.578
821.479
817.946
1016
983.411
897.061
831.082
826.146
846.108
885.001
883.621
833.63
791.45
790.992
822.027
857.716
853.423
826.688
625
658.887
681.683
743.654
656
655.839
661.934
680.025
726
732.081
732.502
727
738.031
679
678.528
678.61
681.776
682.758
711
709.918
708.397
707.449
707.052
706.532
703.617
700.337
697.038
695.011
695.649
695.613
695.839
695.848
698.053
697.386
697.194
696.871
696.501
696.541
699.447
700.789
695
649
665.593
664.038
666.076
666.858
669.701
945
852
811.465
802.719
791.026
770.704
844
831.49
805.274
782.612
779.552
789
789.371
773.059
753.675
752.461
757.68
703
707.003
708.329
641
654.033
654.013
654.389
655.428
658.808
664.571
664
669.121
672.88
609
627.988
626.487
624.874
624.11
656
655.626
658.981
661.755
665.38
666.376
664.837
662.312
660.345
658.739
758
739.655
729.331
723.606
723.656
721.64
716.179
709.367
704.483
702.852
699.754
696.486
773
768.271
1016
937.832
828
814.913
804.334
791.35
778.579
770.562
768.832
768.811
768.34
766.623
764.373
761.936
759.058
755.898
752.407
748.818
746.63
734
734.314
734.633
922
891.748
871.8
862.583
657
670.482
671.26
672
678.826
782
773
762.164
703
649
649.402
650.341
578
583.901
664
687.34
700.112
701.233
695
694.696
689.304
680.991
670.916
661.712
655.88
654.177
652.65
625
628.166
625.316
624.422
622.129
619.135
649
652.757
659.564
665.221
670.581
674.456
675.725
675.095
674.114
664
664.208
641
643.955
642.008
639.975
639.324
657
657.027
656.694
656.578
657.603
601
657
711
700.813
691.423
685.79
656
633
632.321
627.619
627.189
626.847
627.21
628.556
630.475
632.532
586
606.132
605.866
605.822
604.395
562
625
614.125
614.697
613.236
672
660.866
654.369
652.92
653.688
650.241
645.13
641.529
836
762.175
732.569
672
680.113
678.09
679
670.12
663.719
661.835
662.244
663.087
662.193
660.292
789
766.845
741.096
726.646
724.353
721.936
719.19
711.723
706.857
704.54
702.83
699.568
727
726.109
720.796
715.435
1000
911.298
860.926
846.124
843.01
831.742
808.796
791.428
787.776
787.755
930
908.046
865.607
838.525
837.561
848.87
750
1046
985
984
750
762.172
771.588
914
900.914
851.596
843
842.803
861.009
861.72
848.784
765
765.773
784.096
742
836
831.486
829.185
816.989
814.786
815.095
815.139
804.348
798.097
798.499
890
884.328
868.471
853.512
853.128
852.403
843.717
830.931
687
709.841
742
772.508
711
716.568
733.101
789
794.357
776.788
772.005
788.04
803.609
796.883
778.492
774.01
570
689.251
713.378
722.653
708.992
695.35
692.381
707.266
722.495
728.887
717.825
704
705.153
715.358
724.278
721.164
695
692.949
702.848
708.559
710.175
705.284
703.838
705.701
708.806
570
578
582.928
584.516
589.386
578
583.052
587.381
592.531
597.522
602.636
607.657
612.542
617.013
620.437
623.019
624.466
625.118
624.982
625.483
593
599.384
571
575.884
574.026
586
583.756
585.156
562
555
559.022
558.36
558.416
558.555
797
712.958
734
730.387
719.292
703.371
648
640.986
628.035
641
640.295
639.71
637.019
635.463
601
610.27
656
655.842
657
664
668.058
671.268
672.826
671.419
669.397
667.846
665.37
735
731.357
625
645.869
649.527
602
614.694
610.96
608.263
609.268
610.427
612.888
615.3
618.004
695
680.201
678.404
649
653.723
652.543
651.897
650.448
647.164
664
664
661.125
657.42
766
751.764
734.607
594
623.938
627.203
635.727
636.993
637.324
640.141
647.423
654.083
656.399
617
656
658.159
661.769
655.657
652.313
653.312
844
777.82
743.251
731.386
726.749
721.836
789
766.596
745.152
732.45
602
625
626.869
635.572
640.865
609
613.644
617.742
622.419
624.641
628.452
632.465
680
689.458
875
837.806
812.333
798.722
786.509
769.333
752.106
736.899
727.192
721.645
716.121
709.734
703.192
697.484
691.659
688.313
685.661
820
824.078
811.39
808.266
808.378
844
844.305
832.271
818.105
812.323
804
800.325
793.725
758
754.917
752.348
755.185
752.628
748.647
703
708.468
709.604
713.989
717.41
721.323
797
815.207
814.361
807.751
805.829
800.412
792.373
784.067
777.704
773.355
769.708
765.907
762.409
759.898
757.226
756.239
755.287
753.855
752.036
751.303
774
777.175
782.385
785.744
788.69
789.467
812
808.382
836
830.813
825.706
821.304
852
843.916
843
837.192
834.338
828
824.907
821.439
818.937
719
735.255
736.165
741.126
746.819
754.481
765.058
775.505
641
684.532
687.279
691.992
693.1
696.478
703.361
719
724.471
797
787.256
781.786
778.588
776.54
771.303
763.178
757.806
756.06
754.356
751.662
748.281
745.086
742.206
739.206
737.057
735.086
733.844
732.85
733.793
736.542
1039
921.805
879.926
875.705
864.369
837.654
811.161
796.111
791.696
790.702
891
891.222
863.376
843.198
840.445
841.506
840.471
828.917
672
712.336
722.652
750.205
766.816
774.245
783.991
799.278
672
700.215
702.692
718
721.699
723.624
727.085
732.101
736.225
736.907
735.19
734.454
695
701.44
633
642.946
625
625.245
625.165
626.077
628.835
632.099
635.929
640
641
633
636.784
637.835
639.299
640.571
594
608.28
586
590.016
588.552
588.211
570
575.46
575.616
576.233
577.117
774
712.864
781
680
680.073
665.425
652.124
644.12
640.658
638.891
637.524
635.934
649
647.801
646.765
645.069
643.528
641.446
639.722
638.137
638.345
638.08
719
718.483
716.153
713.809
714.189
712.681
709.571
705.76
702.623
700.596
698.132
695.402
632
648.907
643.156
640.457
637.137
635.764
636.935
639.135
642.377
645.694
649.215
652.844
641
645.339
632
635.731
636.128
637.112
609
618.991
618.254
619.394
619.611
594
603.626
603.253
603.812
604.067
610
610.636
641
641.967
642.144
643.144
643.35
672
667.184
695
690.313
686.834
684.273
681.248
677.5
673.856
670.749
669.401
656
633
633.715
630.588
828
771.061
734
725.94
718.494
709.247
699.114
689.06
681.846
678.273
676.784
675.572
674.103
672.273
670.107
669.413
668.658
667.347
666.082
666.528
667.485
669.202
671.384
672
656
661.212
662.217
664.693
617
635.682
634.751
636.547
636.685
638.684
750
735.011
724.63
721.602
721.618
715.724
707.931
734
726.81
680
687.436
711
704.863
696.835
693.366
696.619
699.214
694.657
689.695
765
761.603
750.985
782
785.639
711
722.076
726.808
720.974
715.763
717.985
720.531
717.508
695
700.799
702.166
700.755
698.409
711
711.912
714.054
714.944
716.71
718.253
719.306
718.454
718.068
688
697.345
695.545
758
750
743.615
738.284
735.846
733.667
729.179
724.005
720.473
718.586
717.428
716.005
714.469
713.071
712.429
712.583
782
773.513
719
731.398
734.451
733.906
727.634
724.758
726.929
727.505
724.726
844
937
902.468
874.501
864.235
851.669
835.321
818.222
806.509
799.839
795.465
792.686
789.197
784.864
914
909.938
887.48
866.94
855.764
850.736
839.897
828.734
819.67
815.793
817.326
819.929
817.895
814.572
812.949
812.911
810.986
805.693
799.483
798.45
800.355
1054
969.968
933.408
927.602
921.602
898.844
874.338
860.367
1094
1028.15
727
726
738.871
782.603
680
742
792.444
800.616
791.846
798.33
750
757
759.933
759.999
756.794
755.912
755.636
755.178
898
834.707
891
877.842
727
757.966
760.539
760.364
754.356
755.441
763.843
719
728.528
728.617
727.945
726.893
727.231
728.045
727.793
727.237
728.618
729.43
730.634
731.425
938
868.794
842.743
836.531
829.263
814.538
796.911
783.729
777.773
775.654
774.296
771.752
769.569
768.517
782
781.142
776.646
770.863
767.553
767.385
767.859
768.923
770.849
773.323
776.351
820
906
898.55
888.508
880.1
930
927.65
914.794
898.696
893.22
813
812.738
808.005
806.29
806.307
808.972
814.512
819.732
821.939
1093
891
889.563
891.574
889.186
876.897
874.365
765
790
791.4
791.198
790.053
793.661
798.095
798.894
805
750
764.58
764.16
763.125
727
735.128
740.238
744.678
1024
909.232
864.316
862.019
859.137
839.927
1023
957.606
902.012
881.855
882.965
1141
1045.3
953.973
907.473
913.826
943.536
944.488
906.046
881.933
898.909
941.418
948.558
904.679
865.243
881.757
923.11
936.471
899.33
860.978
876.375
903.656
914.519
897.868
871.276
876.664
894.743
789
792.413
796.148
806.225
812.363
817.859
867
880.342
871.568
870.122
774
781.263
780.595
711
716.684
718.724
723.078
728.719
735.267
743.975
751.119
756.131
759.689
762.099
763.474
764.794
922
1031
989.773
962.108
948.02
933.635
911.067
890.425
875
852
842.999
837.132
833.08
830.362
773
773.652
704
703.9
703.27
704.953
710.494
722
738.846
757.893
774.205
785.48
792.446
797.099
800.045
800.915
800.745
799.86
797.744
795.079
790.983
787.296
784.839
781.954
778.809
775.852
773.624
770.821
769.177
767.829
769.173
771.531
775.271
781
805
742
764.473
922
1094
1012.8
765
766.275
771.181
784.074
786.106
789
789.033
1008
828
809.378
810.189
820.734
820.531
812
805.197
805.308
726
728.357
729.145
732.37
836
840.271
822.476
820.343
820.161
602
670.856
683.279
700.58
562
563
570.53
572.102
575.133
575.88
625
637.843
726
741.879
742.459
746.127
747.451
746.12
741.633
739.022
734.414
730.216
726.612
720.234
796
852
839.483
822.459
727
724.535
722.401
633
637.785
636.795
637.022
593
601.36
600.743
601.138
601.782
603.652
606.747
609.883
613.069
616.967
621.137
624.555
626.852
629.159
630.542
631.737
594
605.598
602.798
600.877
599.691
599.18
599.53
599.855
600.136
600.395
600.668
600.937
601.181
601.411
601.726
602.641
604.04
605.309
606.041
607.919
859
753.938
1062
939.611
891.092
878.373
857.322
827.243
797.018
774.121
859
858.997
845.276
820.525
922
921.542
765
778.249
786.715
786.031
775.207
779.005
800.649
812.163
798.466
797.372
816.108
819.497
800.598
796.964
812.366
817.794
812
799.304
804.371
851
844.926
829.847
820.566
827.556
836
945
896.047
867.251
861.561
869.6
876.308
863.133
845.544
841.567
844
851.078
845.096
833.81
829.891
837.047
844.266
1156
1020.49
969
961.258
960.752
940.158
907.15
892.108
891.629
892.585
889.888
885.283
884.537
766
775.989
777.211
783.064
786.453
805
828.272
849.571
861.712
868.742
873.255
873.775
872.52
870.294
867.856
865.079
862.636
859.381
856.24
855.331
750
797
793.39
795.537
790.951
794.599
799.912
766
779.715
781.021
783.199
784.493
787.178
791.113
793.704
795.452
796.171
773
780.008
780.461
779.635
679
700.845
703.036
609
631.977
586
596.536
594.109
593.967
594.733
596.552
600.044
603.682
607.388
610.831
614.046
616.812
619.147
620.818
621.98
623.174
623.574
789
875
851.513
836.106
827.205
816.853
664
679
680.78
686.311
688.682
685.044
683.209
726
742.859
740.929
750
746.194
703
719
727
727.598
742
737.512
731.906
731.957
731.902
730.245
726.766
723.873
721.968
688
694.193
693.164
695.533
696.343
698.186
701.405
703.038
704.814
706.097
707.238
710.214
711.238
656
670.518
670.433
671.359
671.51
673.182
677.269
678.525
680.453
680.181
680.964
680.887
680.95
680.708
625
642.749
642.52
643.152
643.616
645.515
647.115
650.385
652.179
653.56
654.335
655.148
655.961
640
641
642.995
695
685.165
680.301
679
649
641
639.018
637.33
637.984
797
771.052
748.614
735.192
725.63
649
651.534
650.229
648.156
680
691.192
693.395
690.172
672
664
660.948
659.55
658.699
658.33
658.007
609
625
609
641
639.676
643.188
642.909
644.098
750
744.19
732.464
722.824
718.638
712.033
705.011
697.91
692.052
688.266
735
732.148
724.26
717.191
714.287
713.078
709.502
703.426
697.947
697.05
699.508
702.297
632
657.752
658.197
632
625
627.58
628.285
633
641
644.473
648.755
653.048
657
659.874
661.753
663.49
664.22
663.229
662.04
661.686
660.78
660.618
660.219
659.109
657.528
656.603
656.126
656.092
655.858
655.713
655.472
656.055
657.163
658.325
659.448
660.497
661.467
662.386
663.332
570
613.413
610.777
611.322
611.012
612.259
615.395
601
607.851
608.467
610.042
609
610.941
612.538
613.769
615.076
615.952
616.372
616.432
616.933
615.2
641
635.676
634.81
634.237
633.99
633.521
695
664
660.99
661.318
648
641
617
619.599
616.675
615.816
614.953
615.355
616.982
555
589.655
586.044
586.719
585.99
586.622
570
576.391
579
579.555
594
591.032
593.614
594.891
596.248
596.79
562
577.428
575.845
573.807
555
562
547
552.113
563
559.506
560.52
561.679
562.958
564.127
565.33
547
554.803
555.572
555.641
555.979
556.94
594
587.311
586.537
586.096
578
578.492
578
576.607
575.686
575.485
575.381
575.263
575.064
574.708
574.587
574.131
573.446
572.579
758
696.545
680.796
674.961
670.269
664.322
711
706.034
693.731
682.881
681.265
632
644.544
636.261
609
615.832
613.437
613.068
612.516
614.328
616.15
618.386
620.645
622.864
624.138
625.185
627.549
629.471
631.112
631.532
632.786
680
678.749
677.583
676.754
678.632
676.788
851
793.613
767.727
757.126
750.64
743.567
733.758
875
850.312
818.583
796.393
774
771.9
770.17
930
898.181
813
789.263
789.927
805.815
812.587
799.036
726
729.433
938
922.689
868.362
914
912.334
828
816.342
711
715.429
717.052
726.007
734.004
750
766.979
775.379
777.971
734
737.353
734.979
695
699.629
711
656
666.077
667.229
669.409
670.465
673.486
695
697.897
700.238
703.424
706.936
708.993
709.433
710.047
709.181
570
629.073
571
586.539
584.821
583.408
584.49
586.58
589.831
593.17
596.656
600.153
603.294
531
567.506
564.436
562.956
561.939
561.284
561.376
570
594
609
611.603
614.051
616.741
618.32
616.731
614.706
612.949
641
634.096
625
627.052
628.226
601
579
580.127
578.935
601
599.179
601.473
602.585
604.23
605.495
606.38
617
616.033
616.139
616.004
616.448
616.424
616.022
571
590.024
587.35
585.162
584.975
585.443
555
563
564.955
555
558.374
559.872
561.901
563.842
565.914
568.014
569.893
571.457
572.66
574.259
574.666
575.495
576.015
555
563.527
562.638
547
552.508
552.7
553.402
554.189
555.046
556.064
557.074
558.071
559.058
560.024
560.85
561.706
562.434
563.092
563.694
564.168
617
606.211
601
601.719
603.702
602.366
578
581.838
579.603
578.348
577.258
578
577.853
577.984
578.088
594
589.246
589.132
589.149
589.33
591.402
586
588.014
589.01
589.764
590.408
590.247
590.148
657
646.995
641
641.13
625
609
607.644
603.716
601.764
600.401
599.957
600
641
641.176
640.297
637.535
636.702
635.02
632.466
656
654.055
652.703
651.118
650.494
649.077
647.19
618
621.697
619.35
617.466
616.37
601
605.555
607.599
610.474
612.397
613.953
615.681
617.089
619.801
622.095
624.008
624.864
625.328
625.355
625.475
625.781
625.936
626.087
640
636.118
632.582
631.61
609
614.242
687
671.543
664.344
661.065
661.743
660.372
750
687
685.355
684.698
672
670.333
665.367
662.382
602
630.65
626.343
626.544
602
612.399
611.969
612.474
612.558
612.963
613.833
615.482
617.482
619.36
648
644.903
645.742
594
609
610
608.288
606.403
605.631
680
673.255
667.269
663.13
633
635.754
625
622.549
619.49
618.599
618.643
619.395
617
617
616.454
616.683
618
617.31
616.742
616.554
601
607.333
607.904
609.184
610.787
602
605.749
607.048
594
598.524
599.045
600.144
601.233
570
583.086
582.287
583.107
583.233
584.111
585.823
586.74
587.758
588.544
589.197
589.723
590.012
590.212
590.375
590.744
591.068
591.268
609
605.374
602.123
602.753
602.731
601.353
599.972
599.738
599.552
599.407
618
617
616.263
616.678
617.377
617.109
616.836
672
664.868
661.102
680
679.716
677.947
675.575
674.405
672.994
688
680.488
677.809
677.699
676.603
673.818
671.348
617
578
570
569.271
539
547.947
547.714
548.982
550.36
552.656
555.608
558.692
561.794
564.746
485
532.68
476
502.836
501.365
498.386
497.912
508
502.864
503.864
504.453
504.76
505.529
505.743
506.493
507.456
508.312
508.978
509.855
510.062
511.435
511.831
511.628
512.18
513.144
513.136
513.232
513.028
511.641
512.032
512.14
511.953
512.335
512.641
516
523
519.142
519.358
519.117
508
515
508
509.385
510.561
511.233
511.972
512.765
515
515.388
516.153
508
511.764
493
502.929
503.262
503.211
484
493.53
494.329
492
493.46
494.019
494.746
495.465
496.163
515
531
525.407
524.818
525.35
525.324
524.848
524.49
492
506.879
507.058
500
501.029
501.641
501.947
501.791
501.87
493
496.266
497.369
498.079
499.898
500.401
502.486
508
506.904
507.676
508.586
508.519
500
500
500
500
501.016
501.764
500
501.213
500.989
501.647
500
500.989
501.965
502.89
503.756
504.638
505.559
506.488
507.377
507.917
507.811
507.68
485
500
498.9
508
503.982
504.454
505.239
505.883
506.395
506.822
507.276
507.742
508.209
531
522.707
522.369
522.606
522.946
522.796
539
531.453
531.343
531.14
530.899
530.659
530.418
530.178
555
545.096
544.93
570
571
570.972
571.837
573.758
575.38
547
539
539.581
523
526.702
527.162
527.855
528.749
515
520.932
508
513.613
532
527.679
523
526.787
529.295
530.212
531.166
532.537
524
527.191
528.263
529.149
529.912
530.693
531.537
532.374
532.268
532.092
531.925
547
542.603
542.441
542.403
542.162
541.922
541.682
541.441
541.201
516
527.842
528.057
528.37
528.827
539
523
516
521.041
522.066
523
523.364
524.234
532
530.516
531
532.515
533.397
532
532.988
546
542.412
542.22
542.326
542.229
570
560.408
559.094
560.011
560.9
560.923
560.757
560.643
531
524
528.048
528.011
570
562.683
562
561.351
561.78
561.755
609
586
586.374
585.193
571
573.147
570.795
569.524
567.991
567.865
567.008
566.348
565.747
565.943
664
645.628
638.033
711
703.705
695.278
693.502
693.311
690.606
685.491
682.258
679.493
676.265
672.3
667.977
662.731
617
630.716
624.098
640
680
683.745
687.99
692.498
696.399
656
660.877
657.764
655.346
625
629.809
629.091
629.844
688
686.774
685.934
683.082
681.471
680
675.35
671.906
670.331
669.148
668.096
667.131
665.573
664.285
663.12
662.664
660.602
658.713
657.085
656.73
750
744.45
738.5
733.755
695
698.726
691.575
685.543
602
628.38
633
639.292
641.175
642.128
646.133
650.86
654.517
655.977
656.315
657.521
660.144
969
891
750
703
700.539
700.391
699.857
610
618.148
618.808
619.843
620.104
619.858
867
743
718.648
797
796.696
766
984
867
766
770.62
828
750
747.266
761.938
764.043
741.429
804
803.334
766.549
766.432
792.799
781.864
749.342
758.595
769.551
734
733.982
751.155
750.466
719
732.215
672
683.899
683.077
742
737.099
738.788
742.601
746.076
765
760.828
781
719
726.72
724.537
722.605
718.413
715.42
715.979
716.99
718.935
718.243
717.281
828
815.057
802.024
793.692
790.592
783.494
774.636
868
789
789.078
758
860
833.273
811.431
800.037
809.871
735
754.587
752.426
751.276
750.838
625
684.428
685.467
693.984
692.292
781
785.488
776.392
774.421
775.121
781
770.793
762.294
760.004
759.259
755.138
750.071
812
801.081
787.914
782.996
782.271
777.822
770.717
765.374
767.03
767.833
767.13
766.108
688
710.403
711.196
716.224
715.442
716.111
773
782.854
783.442
781.165
766
766.056
695
703.112
702.358
703.897
706.2
709.175
714.167
719
719.024
719.278
718.454
789
804
719
731.008
736.86
737.189
730.476
728.475
732.812
733.656
730.065
726.626
726
727.162
725.491
723.801
722.833
722.352
721.601
720.527
721.083
722.434
723.191
797
792.253
786.802
805
820
814.393
806.786
801.939
758
760.044
754.557
750.361
747.504
746.628
746.676
664
681.009
681.759
684.337
688.162
656
665.451
668.264
673.251
758
742
740.181
741.123
695
699.149
695.237
692.341
690.12
688.128
688.139
686.482
684.477
682.012
679.664
609
631.487
629.492
610
614.7
614.543
616.044
617.8
620.223
555
562
565.249
564.194
563.893
563.652
564.568
565.937
567.224
547
554.335
554.983
555.809
556.305
557.496
559.396
561.223
563
564.019
565.994
566.189
555
559.087
559.408
586
579.072
562
566.503
567.65
567.334
567.683
568.199
568.816
569.448
570.077
554
563
562.292
586
579.037
577.861
578.005
578.282
578.267
578.565
578.756
578.295
578.013
570
563
564.742
565.798
566.695
567.442
568.309
568.236
568.22
569.031
571.714
572.4
573.31
574.242
575.174
576.129
577.081
577.92
578.548
578.963
578.712
576.225
648
632.074
627.655
627.722
629.609
628.614
610
610.501
607.955
606.187
586
589.167
588.166
587.14
586.231
585.666
585.255
563
571.797
570.338
571.8
573.393
547
557.631
558.924
559.539
560.889
562.696
617
613.407
656
656.225
655.275
654.064
651.605
647.747
586
595.867
591.161
585.978
656
644.686
687
684.593
678.558
703
696.119
691.159
685.053
679.966
675.281
797
773.155
687
672
674.449
674.099
670.872
665.698
663.734
666.332
670.373
672.866
672.435
672.238
673.43
649
652.665
652.603
593
618.05
617
617.303
766
730.382
719.262
716.754
712.975
703.977
693.766
685.247
680
674.816
670.005
656
610
617
615.085
615.013
615.733
616.284
648
657.033
667.851
674.618
679.937
683.083
684.192
682.642
680.484
678.505
676.355
674.213
649
656
641
641.061
638.566
637.486
637.069
594
586
588.674
563
570.395
569.832
571.157
572.382
574.373
576.957
547
557.69
558.085
558.254
558.362
559.607
561.073
562.635
563.716
554
555
547
550.644
550.631
551.043
551.973
547
550.193
593
594
594.373
596.593
555
565.593
563.863
539
545.827
545.235
544.93
523
531.581
532.437
532.943
534.226
535.252
536.679
538.116
516
526.141
528.259
527.599
529.005
529.624
530.871
547
544.187
544.735
555
553.347
553.035
552.947
552.807
552.63
552.447
552.273
552.069
551.828
551.996
552.352
633
616.516
612.295
612.221
615.072
616.018
614.792
613.97
613.554
586
589.498
648
636.767
628.306
624.234
624.566
594
598.509
595.89
595.076
595.121
595.764
596.92
597.966
598.964
599.868
600.647
601.072
601.524
600.959
600.912
602.776
604.478
605.761
703
687.844
680.667
677.853
677.737
675.93
671.439
667.366
664.381
617
625.218
619.84
617
613.358
611.072
612.126
613.16
614.164
615.423
617.101
619.647
622.15
624.596
626.846
628.837
630.613
586
555
568.394
565.977
565.446
565.324
566.914
569.26
546
554.887
555.61
531
540.148
524
529.625
530.015
530.473
531.385
531.756
533.33
534.767
535.855
537.122
538.321
539.414
540.388
578
569.832
569.167
569.215
570.103
555
556.789
555.557
554.436
586
570
569.959
570.11
570.216
594
586.693
585.521
585.119
585.222
578
570
571.175
625
616.542
611.833
585
589.067
570
572.13
571.577
571.476
571.718
572.098
572.736
573.756
574.49
574.995
531
552.857
552.854
552.725
551.882
553.079
554.46
546
550.124
547
549.373
549.761
550.518
551.292
552.077
539
544.763
545.959
546.361
546.927
546.841
548.021
549.106
550.123
547
548.415
549.533
550.281
551.098
551.725
552.497
553.248
553.97
554.64
555.221
553.273
553.148
539
545.614
545.896
547
547.252
548.009
548.993
549.761
550.514
551.215
551.884
552.522
539
546.45
546.614
547.557
548.46
549.597
550.443
550.903
550.702
625
625
620.185
618.763
620.841
621.729
619.682
617.179
648
641
637.43
641
641.5
639.875
636.793
634.111
632.05
617
602
602.663
602.011
603.545
605.25
607.27
609.122
610.598
594
598.29
599.758
656
618
622.406
624.887
626.136
626.043
579
597.01
595.438
593.852
592.594
523
516
528.17
526.515
492
512.031
511.398
510.473
510.921
512.616
514.721
516.398
518.06
519.6
521.163
523.271
525.064
526.512
539
535.537
555
549.58
550.169
570
565.365
565.198
567.09
568.045
567.996
567.893
567.999
567.893
532
539
538.456
536.804
539
537.864
538.804
539.723
541.012
555
552.856
554.39
562
561.686
562.565
555
557.89
558.59
558.927
559.075
558.914
558.834
558.747
558.676
558.598
539
544.525
545.407
546.23
546.948
547.98
549.154
550.38
551.526
552.596
553.672
554.686
555.621
610
601.67
599.484
609
609.299
672
662.2
656.068
655.556
657.023
672
667.38
663.677
662.002
662.252
661.153
657.387
653.536
650.387
648.61
646.272
664
649
648
648.128
650.428
651.965
652.922
653.792
655.053
656.411
657.255
657.837
658.305
658.793
659.141
659.468
659.665
781
753.191
740.971
734.62
730.847
725.089
716.815
710.033
705.116
718
774
742
734.052
731.177
733.456
731.399
829
806.099
786.193
777.914
779.143
776.876
768.493
759.322
821
819.29
806.298
793.031
794.892
797.614
789.284
779.025
775.381
778.199
779.196
773.844
734
744.91
749.487
755.281
726
731.292
737.097
743.107
744.314
743.157
747.931
752.904
756.25
609
656
618
626.103
626.215
627.639
726
724.177
725.114
727.236
680
671
666.337
672
671.14
664
664.905
665.496
666.057
666.001
662.819
660.494
658.148
633
635.756
633.586
633
633.492
634.269
636.444
639.272
642.344
644.754
647.777
649.596
650.558
617
626.778
625.751
625.925
625.66
664
662.926
662.732
661.856
661.773
660.304
657.29
654.224
652.068
650.442
664
659.427
658.401
657.606
672
666.362
665.031
664.069
663.584
662.829
663.536
664
664.733
665.447
666.203
666.117
666.041
665.96
570
615.508
612.697
578
609
603.178
605.075
607.491
610.773
614.072
616.384
618.318
680
665.368
649
672
672
664.937
661.787
661.313
659.71
727
709.011
699.834
697.67
711
704.957
697.447
692.235
691.285
689.731
686.5
683.643
681.514
703
700.754
696.676
694.786
694.321
985
868.703
824.402
813.648
695
693.552
690.434
689.089
689.896
690.34
690.5
690.924
690.97
690.297
688.989
657
658.455
657.746
657.288
571
578
579.822
580.213
581.622
582.925
586.308
590.384
594.554
598.466
617
621.075
626.028
630.447
634.487
637.997
638.976
639.009
637.984
638.015
635.687
602
607.633
603.797
600.204
599.373
599.391
600.275
601.326
602.376
640
641.978
617
622.292
623.94
624.43
623.416
622.949
623.254
623.536
623.465
625
633
609
613.367
614.08
614.017
613.711
613.559
625
624.017
625.148
625.751
626.6
627.268
627.589
627.731
627.875
628.306
628.663
628.799
628.923
629.074
626.374
624.929
624.747
624.526
821
749.241
727.754
719.437
766
687
689.78
687
681.671
633
656
641
641.603
640.277
640.085
640.785
641.127
641.278
641.191
642.413
644.62
812
764.172
746.331
744.376
740.724
731.743
721.229
712.243
707.891
703.794
696
726
724.91
719.642
813
802.383
783.715
773.642
766.834
758.257
751.239
745.824
742.875
922
883.027
836
829.145
836
829.58
810.73
795.18
793.802
798.626
798.919
790.951
783.595
783.884
788.372
695
712.147
714.592
716.917
719.497
726.089
671
664
664.821
665.118
667.705
670.521
675.308
681.039
686.548
690.958
694.357
696.708
698.049
699.126
697.103
696.218
977
866.802
824.393
814.525
801.49
782.464
760.99
743.682
736.051
734.36
734.369
733.795
732.693
680
682.472
682.123
682.174
704
704.573
708.073
714.539
720.078
724.398
727.011
680
685.943
685.772
686.179
684.894
684.697
686.872
689.38
586
594
595.429
593.843
595.475
609
613.152
617
622.253
633
637.651
642.145
645.141
578
596.965
596.885
595.92
595.228
688
669.701
625
602
605.418
571
539
545.818
544.487
543.901
523
528.263
529.628
528.966
500
513.613
514.096
513.201
513.347
664
626.371
621.609
620.165
619.881
726
711.399
672
665.645
664.48
661.563
656.009
648.453
641.663
636.165
633.042
628.124
622.322
586
607.086
604.672
604.781
602.177
601.643
602.281
603.619
605.06
593
596.287
597.395
598.639
679
657
657.168
658.766
660.946
658.909
654.277
651.781
648.968
645.636
642.521
639.818
637.657
635.927
634.348
633.296
631.948
630.682
629.459
629.298
631.531
633.814
636.404
639.153
641.99
643.747
644.779
645.776
540
595.193
591.072
594
590.959
591.424
593.756
596.043
597.773
599.174
600.586
602.069
603.208
604.033
604.704
606.014
606.446
606.66
703
672.39
719
714.924
710.077
706.815
696
691.478
685.795
680.91
676.304
672.058
668.299
664.663
661.101
658.669
656.554
617
636.089
629.666
630.181
630.135
631.818
634.277
636.885
639.398
641.98
644.538
646.788
789
757.527
743.247
736.245
731.279
722.991
714.171
719
714.79
709.796
704.227
699.634
695.573
688
684.303
681.291
688
684.966
640
664.685
662.395
664.793
665.896
668.27
671.306
674.517
742
739.892
733.17
730.151
729.711
725.603
719.682
714.184
710.633
961
867.357
826.855
813.759
806.406
795.13
775.5
757.599
749.141
747.866
750.078
750.75
749.753
748.423
747.346
746.648
745.11
742.118
739.086
737.748
738.15
610
656.798
657.014
672
676.686
682.313
687.595
693.376
698.853
702.104
703.813
704.954
705.8
706.231
706.152
706.234
706.036
704.494
703.336
781
763.305
756.298
664
657
658.37
657.87
662.39
666.966
672.255
677.986
683.397
687.184
688.94
689.193
689.053
687.794
641
647.993
647.976
648.393
648.907
649.845
651.46
664
696
697.544
694.425
693.003
692.657
691.225
688.59
686.431
696
692.643
690.952
689.699
641
656
727
717.78
709.73
750
750.563
743.355
726
722.529
718.843
714.282
708.449
680
1110
898.706
813.75
907
898.625
853.61
849.968
851.829
846.516
742
772.077
778.734
778.276
769.147
711
736.171
743.728
734
728.003
730.238
744.77
750.84
747.956
747.247
665
690.037
694.23
664
669.446
668.202
670.94
672.593
674.604
677.356
679.948
682.768
685.162
625
640.972
639.68
637.919
637.28
637.736
639.404
641.028
643.395
657
625
633.998
633.685
633.985
632.797
633
634.915
636.501
637.111
638.739
664
664
662.667
661.915
661.593
660.842
659.277
742
703
698.52
697.313
696.915
692.497
687.181
683.21
680.987
678.643
675.882
664
665.75
711
707.455
700.603
696.668
697.801
695.874
692.186
691.834
691.793
692.869
693.542
656
669.016
719
757
748.216
736.862
730.592
726.48
723.424
718.04
712.131
707.672
641
654.123
654.525
659.299
758
757.433
758
746.798
735.828
724.997
714.984
706.854
700.887
696.994
695.463
694.944
694.173
692.639
690.86
692.108
719
711
695
696.112
698.451
700.831
617
645.442
646.263
648.144
648.271
883
798.825
767.572
765.736
763.51
649
662.503
662.747
662.149
662.073
662.724
665.276
667.336
667.882
667.798
667.611
667.475
656
655.862
654.927
656.813
657.627
658.317
658.788
660.005
659.855
660.788
661.499
662.037
617
632.28
630.845
631.799
631.629
633.429
636.046
638.602
639.289
639.855
883
789.071
759.674
749.264
739.557
725.13
734
725.092
715.599
706.579
701.658
698.505
797
791.763
766.6
749.429
747.262
679
657
656.84
656.568
659.905
663.713
668.919
675.644
682.468
688.082
691.224
693.154
693.112
657
662.818
660.765
660.251
659.37
658.538
660.265
661.338
661.916
662.125
662.287
662.642
662.93
663.156
663.434
672
671.117
671.726
671.86
711
707.399
704.789
704.138
705.332
702.706
698.51
694.683
692.221
690.492
689.011
687.871
672
673.506
672.295
672.674
672.989
673.928
674.951
676.181
679.396
774
768.052
781
775.508
769.667
760.997
751.726
743.805
737.138
731.77
664
734
722.846
725.008
717.933
750
746.48
742.623
737.6
737.041
737.424
734.205
733.052
649
682.093
682.413
683.678
679
679.348
683.005
680
683.936
685.139
750
745.27
742.8
741.854
742.259
740.11
734.665
729.778
680
691.269
703
701.857
698.405
697.642
758
757.95
749.347
741.705
739.509
737.202
732.972
727.966
725.338
726.542
727.153
852
832.382
812.214
798.992
664
675.845
641
639.984
641
680
705.588
687
692.458
698.23
704.451
707.68
708.095
706.951
704.995
703.62
704.252
703.942
702.407
701.89
640
653.779
650.445
648.94
647.285
649.013
703
706.851
672
641
617
618.469
625
627.015
665
672.614
675.87
676.095
675.788
674.303
669.259
664.239
659.675
656.263
653.266
650.922
650.053
617
624.699
623.707
623.939
624.353
625.386
627.12
630.188
633.083
635.846
638.501
641.079
642.913
643.443
688
684.802
680.944
678.516
703
698.244
758
748.421
740.956
737.254
735.167
731.694
725.974
720.796
717.121
714.652
711.821
708.606
705.373
703.809
719
716.416
742
711
716.787
715.771
718.16
717.309
716.666
717.163
717.944
718.285
718.129
717.946
717.982
718.15
633
659.723
658.848
660.239
661.203
734
739.565
735.392
704
711
709.174
707.131
701.304
697.026
696.957
711
773
758.291
664
683.517
690.574
698.45
693.758
685.623
685.899
692.536
735
742
729.039
813
828
810.353
790.773
787.476
789.76
780.246
769.7
765.684
767.325
765.434
760.245
755.444
754.534
753.81
753.954
752.425
750.19
747.604
746.785
758
760.594
727
738.411
695
705.759
704.458
705.957
707.807
710.889
714.627
718.261
721.075
723.305
724.863
725.916
726.084
725.693
724.885
602
645.297
711
711.56
708.145
703.905
705.137
708.699
709.518
704.6
700.048
698.947
699.863
700.274
698.392
697.268
633
657.275
662.556
663.317
660.096
660.158
656
660.312
703
703.866
700.679
657
666.035
668.024
669.709
667.654
665.486
618
633.692
635.25
637.67
636.707
609
615.711
619.458
623.065
623.946
624.001
633
635.073
637.41
637.015
637.79
602
612.825
601
602.964
602.228
603.071
604.238
609
609
633
632.311
640
638.851
639.222
639.108
638.802
638.273
637.792
636.453
636.095
635.554
634.753
634.098
633.536
632.43
631.289
593
594
594.451
595.571
597.779
600.173
603.444
606.928
610.337
602
606.002
594
598.344
598.401
594
596.387
593
595.333
594
596.338
596.849
578
584.288
584.536
585.338
578
580.882
582.105
583.297
584.35
563
572.301
572.078
572.819
562
566.675
563
565.884
555
559.52
547
552.932
553.086
554.038
555.024
556.194
609
602.663
648
647.266
617
620.056
615.848
586
589.222
585.117
582.627
580.77
579.963
579.38
579.043
579.21
579.049
554
562.366
561.453
562.495
555
557.384
558.837
560.552
561.849
563.582
565.009
567.042
568.297
570
570.991
571.959
572.811
573.415
563
567.115
566.728
594
609
608.213
607.491
610
611.747
610.847
608.894
607.875
607.463
606.859
605.984
605.359
604.864
604.566
602
601.168
599.627
598.053
597.099
598.128
617
615.73
617.924
609
611.101
612.003
611.656
611.224
610.975
610.734
610.494
610.253
610.013
609.773
609.532
609.292
609.052
608.828
608.608
617
602
607.723
618
609
610.159
611.204
612.203
613.128
613.835
617
617.31
617.812
578
596.331
593.405
592.908
592.649
570
579.775
580.227
581.869
582.392
584.804
586.895
588.571
589.517
590.095
591.641
592.141
592.641
592.402
593.019
594
594.376
594.656
617
610.948
607.709
608.465
608.968
607.367
605.515
605.146
604.817
604.627
594
595.215
595.831
596.562
563
578.463
547
557.458
557.881
558.603
560.198
562.392
565.191
570
571.316
573.532
574.66
575.512
575.755
576.178
562
568.56
567.86
570
569.587
570.117
569.876
569.794
569.715
569.605
569.446
569.224
569.933
617
612.048
586
589.705
563
569.544
567.723
566.168
565.383
565.353
566.293
594
586
586.355
586
586.324
585.746
584.174
582.8
582.345
583.604
584.536
584.865
585.453
585.307
585.221
585.13
585.009
584.893
584.817
584.75
587.02
587.748
588.239
587.999
641
635.031
610
612.647
613.617
612.645
610.24
608.673
758
715.459
696.074
742
737.666
726.371
625
645.162
646.606
643.231
637.391
571
606.027
606.114
607.857
606.599
605.83
648
646.671
644.204
645.476
640
657
655.146
652.379
640
642.386
641.436
641
638.768
636.168
636.413
635.971
635.277
634.326
601
612.157
611.232
613.167
614.026
615.709
649
653.287
656.677
657.271
656.952
655.962
653.389
758
739.485
695
695.495
695.214
691.852
685.864
680.302
677.34
675.435
673.075
670.04
667.891
664
663.833
663.661
662.762
660.941
836
797
727
718
703
696.561
689.892
684.564
682.209
681.65
773
777.375
758.891
741.88
696
648
649.439
650.858
653.007
657.722
765
784.299
772.571
758.438
746.68
735.017
723.374
712.102
702.171
695.698
693.735
773
1102
975.851
945
906.062
873.266
841.784
814.888
791.668
777.257
770.319
804
824.903
825.165
816.803
813.483
812.604
811.064
803.831
795.26
793.151
703
707.626
705.349
706.656
711.168
742
760.102
769.528
775.048
778.939
781.588
782.852
664
683.529
682.193
682.764
684.176
686.524
691.34
696.502
699.803
701.916
758
672
686.996
689.595
689.85
690.051
690.995
693.119
694.492
695.201
836
791.65
774.726
772.208
768.38
758.459
748.347
741.871
740.317
737.895
736.133
731.629
728.219
725.018
721.615
719.244
716.15
712.866
851
823.092
811.067
806.631
804.247
794.739
784.365
775.175
769.249
764.066
759.053
754.224
750.306
748.417
746.299
744.522
727
731.199
729.014
732.267
734.182
765
771.692
777.035
780.126
805
804.707
800.308
795.9
791.891
787.746
805
797.79
793.797
719
734
732.831
672
682.275
672
676.197
679.387
684.409
690.84
698.343
705.356
695
701.609
704.307
707.016
708.182
703
705.207
705.694
704.551
703.142
702.319
701.499
700.52
699.667
698.985
698.517
890
828.018
805.909
797.761
790.503
726
724.445
717.604
714.695
714.519
734
727
727.064
726.252
725.261
664
678.517
649
651.428
649.955
650.622
652.752
655.943
711
720.205
723.476
726.379
728.533
711
703
699.97
697.1
694.797
692.877
692.324
691.022
789
782.869
703
708.803
711.731
859
813.863
784.118
735
734.029
719
718.729
714.341
664
673.316
676.753
684.594
664
664.835
668.553
673.99
677.123
677.672
678.086
681.541
685.238
687.363
688.63
689.968
691.006
690.294
689.402
688.429
687.534
686.822
641
653.99
651.407
651.161
650.963
652.491
655.789
658.498
660.298
662.251
664.329
666.142
666.914
667.385
667.504
668.359
668.278
667.97
667.517
667.051
665.423
665.253
664.25
649
651.908
651.874
652.735
653.708
654.831
656.069
657.413
658.716
659.884
812
774.403
757.741
749.249
743.468
733.676
727
718.129
712.033
707.086
703.009
698.986
695.144
691.718
688.631
688.847
688.368
687.408
632
625
610
609.099
609.6
594
578
578
578.597
579.682
581.147
583.282
586.225
589.294
592.069
594.677
597.072
599.353
601.446
680
677.092
675.287
674.813
677.577
727
679
680.445
679.313
677.754
673.718
669.852
836
780.744
754.468
748.132
746.774
739.548
804
781.541
938
902.043
865.225
852.929
848.358
836.981
818.269
803.131
821
821.845
816.182
810.633
742
749.281
749.899
688
692.87
867
852
827.081
825.503
834.055
833.202
774
774.494
780.128
779.569
767.967
766.134
773.744
779.142
771.905
762.955
671
693.659
696.013
706.162
750
764.827
773.224
775.743
777.126
776.643
770.003
762.555
756.174
753.075
750.391
719
722.696
721.625
695
700.098
698.956
735
735.984
738.818
742.369
746.092
679
692.58
691.486
690.856
726
727.524
728.697
729.495
730.056
728.199
724.24
721.475
717.78
716.016
713.453
714.154
687
694.778
694.973
696.686
696.355
697.206
664
674.227
674.409
676.887
678.327
680.785
684.063
687.338
689.418
828
802.334
742
741.114
737.46
648
657.514
657.127
656.734
586
605.034
606.827
608.445
609.762
612.406
765
730.03
715.862
715.946
711
709.981
703.579
656
662.008
660.735
657.453
653.079
649.617
649.448
646.715
645.12
642.144
703
698.278
695.13
698.964
702.847
679
682.594
680.612
679.383
677.382
675.099
674.08
672.813
671.145
669.286
632
646.698
641.728
633
634.191
635.561
637.784
640.062
642.44
645.161
647.933
650.645
652.252
653.087
828
775.512
797
791.545
781.121
768.93
756.926
745.544
735.712
728.186
722.423
717.13
712.409
708.222
704.439
702.583
700.187
698.161
696.787
697.112
698.469
701.231
680
684.513
664
667.571
649
652.284
672
711
716.855
750
757.572
756.928
752.724
746.501
740.307
703
702.224
698.37
696.979
695.201
694.627
750
680
695
727
723.22
718.107
719.267
718
696
702.24
680
686.485
703
699.401
698.632
700.671
702.606
702.855
773
756.621
748.967
744.15
758
696
705.802
703.84
700.332
698.404
699.352
700.879
700.629
700.944
640
664
661.471
662.237
661.979
663.934
640
647.733
648.665
650.792
651.356
652.758
641
645.62
646.753
648.559
649.414
656
654.979
664
662.636
663.11
640
645.4
644.23
643.806
643.35
643.93
645.004
625
630.569
630.391
631.508
657
664
665.312
664.684
665.126
656
656.239
654.867
653.634
651.88
651.724
651.495
651.295
650.954
650.655
650.692
650.543
650.455
650.375
650.298
651.631
653.961
656.128
657.562
658.456
658.279
658.039
657.822
657.676
657.36
657.251
657.096
656.991
656.745
601
628.445
623.802
602
633
626.895
672
668.44
667.664
668.606
667.928
665.198
661.01
657.424
654.666
625
637.596
633.138
632.412
630.997
630.941
631.415
631.512
640
639.265
640
642.675
644.539
645.571
646.125
646.676
586
609.954
578
578
578.889
579.002
581.01
583.411
586.414
593
595.839
610
609.391
612.793
594
601.699
578
584.672
583.829
583.318
563
569.816
569.88
570.439
586
584.587
585.365
586.323
587.373
588.406
589.17
589.809
571
577.25
577.225
577.439
578.052
578.691
579.504
580.282
580.012
580.315
580.868
581.41
582.172
582.663
583.204
583.963
584.63
585.207
625
618.46
615.423
616.195
610
610.69
607.648
606.048
604.701
603.892
632
626.415
624.621
623.851
623.701
623.518
623.031
649
625
627.674
628.172
628.147
627.479
626.645
626.481
626.415
648
642.592
610
601
594
595.309
595.488
596.789
598.736
601.353
603.661
606.598
601
604.345
605.172
602
603.999
604.603
605.37
605.538
606.944
608.226
625
620.994
619.022
618.688
602
604.381
664
652.222
646.771
644.54
617
621.317
617.744
615.881
614.141
613.798
614.102
602
604.472
604.304
605.84
602
604.483
594
597.328
597.985
599.706
601.41
603.212
605.447
606.563
607.75
608.818
609.599
610.138
610.508
610.856
611.299
611.717
612.053
612.371
611.909
612.347
609.287
607.538
607.329
607.204
607.127
607.006
607.934
617
615.763
615.604
615.534
615.362
615.146
614.912
594
602.53
601.83
603.783
578
578
581.316
570
573.534
575.837
563
568.067
570.456
572.937
563
567.336
539
550.062
550.19
550.125
551.04
552.15
553.496
555.445
556.382
557.409
558.429
516
537.811
536.257
534.846
534.652
535.089
485
519.018
515.672
513.251
512.706
513.072
514.092
514.72
515.595
492
485
494.348
493.434
492.703
524
508
510.813
539
529.347
530.785
530.482
539
531
531.645
531.844
540
523
526.18
526.642
526.401
526.202
531
531
532
532.058
539
537.728
538.767
531
532.503
533.604
534.672
535.506
536.302
524
500
515.558
514.53
514.578
514.849
507
512.202
512.928
500
507.623
508.128
508.495
509.4
510.131
511.278
512.867
513.822
514.591
515.543
516.178
516.086
517.23
518.15
519.016
519.851
519.728
519.539
520.062
518.179
517.877
517.982
517.654
517.535
517.295
517.054
516.814
516.574
516.333
516.999
517.624
517.384
518.296
519.206
520.101
563
553.575
553.013
554.767
601
595.504
592.72
594.271
640
703
672
666.603
668.046
664
661.494
657.139
633
632.068
627.996
781
750.95
725.905
712.111
707.636
781
1117
969.362
797
719
711
984
898.062
817.786
768.817
766.913
799.38
1125
963.341
842.666
802.642
812
864.713
873.896
825.071
785.266
784.953
831.642
878.024
868.402
801.168
782.297
798.809
839.14
845.781
814.952
773.93
773.695
806.005
829.323
687
697.524
704.256
718.531
656
640
649.293
661.404
668.923
625
633.935
646.25
656.539
655.668
655.281
661.173
667.725
656
655.978
657.807
695
693.714
689.496
695
697.185
697.905
695.476
693.759
692.335
692.317
691.895
691.363
690.449
656
656
649
649.128
648.429
633
637.17
633
636.677
639.179
633
636.824
639.316
642.282
644.649
646.974
649.249
651.116
652.167
653.272
653.313
653.43
653.367
653.525
653.272
652.741
652.424
651.191
656
654.944
652.838
652.652
664
680
677.825
676.796
677.322
677.859
676.86
674.574
719
714.29
710.057
707.723
707.585
705.446
701.406
680
680.678
678.469
677.205
675.958
676.606
678.342
679.988
680.324
680.605
680.852
681.509
682.032
684.759
687.017
689.011
689.984
690.244
690.293
690.094
633
650.878
648.083
633
638.134
640.574
656
656.388
660.26
663.931
666.699
667.746
666.8
665.904
664.993
665.452
665.091
664.518
663.815
663.833
508
638.818
614.077
615.64
608.888
611.137
492
576.911
500
550.362
545.037
545.711
546.217
547.425
548.59
469
542.281
514.056
514.254
514.87
513.876
514.519
514.671
515.002
515.556
515.871
516.698
517.133
476
502.584
461
469
472.798
460
477
469.109
470.611
492
485.152
486.857
488.02
488.606
489.093
489.288
489.695
531
515.718
515.72
515.071
547
534.837
523
525.184
525.337
515
508
508.765
508.864
508.389
508.079
507.963
507.9
508
508.043
508.337
509.733
510.754
511.778
512.781
531
526.756
527.389
528.399
529.366
539
534.757
535.165
536.502
536.811
536.308
535.958
535.657
535.441
535.169
594
578
574.818
576.109
578.493
579.312
579.12
579.265
579.88
580.714
580.734
580.668
580.606
580.367
579.889
609
599.67
597.809
597.51
599.06
852
748.986
721.653
710.652
852
823.86
790.432
930
894.949
854.698
853.294
854.17
839.887
824.017
823.784
825.268
821.839
808.075
766
791.02
798.092
792.011
778.911
785.514
711
727.085
724.877
797
803.498
806.25
802.843
703
781
899
885.46
891
847.687
821.918
812.9
818.905
828.499
766
760.44
757.786
762.636
696
708.908
712.863
656
665.214
667.083
669.833
672.527
679.631
687.893
695.153
701.528
707.763
712.829
716.646
719.951
720.988
721.039
720.151
719.47
716.143
714.442
712.417
710.213
708.206
758
751.976
797
796.142
792.395
789.307
784.984
780.045
773.799
768.307
711
717.005
719
718
719.012
711
714.878
679
688.21
686.708
688.924
691.508
694.777
699.056
797
794.005
784.126
766
761.534
755.407
747.854
740.397
734.864
731.709
729.233
726.591
723.463
781
782.869
852
805
750
748.059
746.418
898
886.464
860.355
835.11
821.393
819.396
696
700.723
702.93
708.277
716.783
721.986
728.717
738.254
747.197
751.797
727
727.516
726.105
828
830.987
820.33
807.13
1070
1010.57
947.758
916.678
913.547
908.296
887.938
867
857.391
946
945.542
917.297
881.437
884.535
907.493
910.068
883.44
848.412
848.046
885.548
901.311
890.794
866.448
864.244
885.838
897.869
889.391
781
787.983
798.534
766
766.329
769.132
779.614
794.625
719
729.662
735.569
953
884.714
790
789.508
796.218
882
857.829
811.227
787.9
795.577
735
875
842.397
806.821
777.403
772.079
790.85
809.154
727
734.779
742
754.231
751.653
739.53
742.07
755.557
763.654
680
688
671
679.437
633
641.906
644.922
594
610.726
610.385
610.098
719
704.139
742
747.928
746.346
695
697.541
688.146
680.61
674.3
669.51
666.436
641
641
635.561
632.657
629.005
626.47
625.896
627.241
628.839
631
633.176
635.209
637.392
625
628.423
629.524
630.975
891
792.301
762.806
751.646
740.238
724.824
706.969
690.615
680.995
677.014
675.716
674.746
673.385
671.781
670.225
669.364
668.362
666.979
665.688
666.04
666.621
667.732
711
718.453
723.407
774
719
695
694.237
690.082
686.116
682.879
681.659
682.222
682.427
742
742.199
735.211
730.325
726.752
722.19
717.097
712.47
709.401
707.392
708.038
707.17
706.038
705.207
704.576
704.617
704.456
704.048
703.252
702.469
705.295
707.692
664
683.591
681.457
683.599
683.649
664
671.763
673.366
675.815
727
722.825
718.508
716.557
715.831
719
781
768.215
756.686
748.022
744.697
741.412
735.843
729.9
725.936
724.737
724.5
723.358
720.468
719.241
720.251
720.766
721.014
711
712.652
713.093
715.61
717.469
719.937
722.962
725.564
726.672
727.307
727.533
727.481
727.308
711
715.575
714.343
715.006
789
779.371
772.028
766.205
761.927
719
722.34
734
732.577
729.428
728.469
730.919
730.961
728.353
725.282
725.743
725.821
725.176
723
720.904
804
799.185
727
738.952
744.205
741.361
734.458
732.391
735.109
735.541
732.632
730.284
743
789
777.631
765.236
761.695
767.618
766.253
756.884
752.128
754.548
750
820
811.402
800.346
792.592
790.383
906
882
805
801.561
810.705
818.066
807.281
792.037
790.3
804.773
811.997
801.107
783.906
784.547
800.957
680
704.767
708.715
713.859
609
609
571
578
576.131
576.094
576.802
578.746
582.416
594
598.31
604.413
609.581
614.238
617.58
620.016
622.264
624.001
624.323
624.954
626.046
570
582.995
581.116
576.639
574
572.808
555
570
565.556
566.418
566.413
567.956
569.761
571.458
573.266
575.205
577.078
578.647
579.702
586
584.902
570
574.045
575.128
575.681
575.586
594
589.431
588.951
588.756
610
648
646.404
625
625.138
648
646.195
641.557
648
646.976
645.914
644.556
643.217
642.279
617
618.993
617.509
616.304
615.06
614.558
615.076
617.187
619.132
620.251
696
694.495
691.328
689.092
689.174
686.495
681.597
648
664
658.639
655.85
651.791
650.06
649.335
648.282
647.509
646.446
645.522
644.642
609
625.89
623.458
624.675
625.571
688
687.117
687.105
680
680.653
677.331
672.995
668.305
656
654.936
652.888
651.481
649.673
649.155
648.609
633
634.879
633.97
602
614.232
613.885
616.167
618.05
620.69
648
641
625
629.807
617
620.429
619.332
619.5
619.961
532
579.941
576.186
516
552.293
500
527.074
508
513.648
512.506
511.057
511.793
484
500.529
498.376
497.065
497.135
496.965
497.102
497.027
497.418
498.23
500
498.849
500.928
501.364
502.148
503.229
500
501.747
477
487.759
488.37
477
481.684
482.189
482.778
483.634
484.575
485.484
486.226
487.02
508
508
506.287
506.593
507.323
532
522.201
521.363
520.984
531
508
512.562
512.473
511.981
511.693
511.452
511.212
539
529.893
529.637
555
548.11
548.017
548.063
548.182
586
577.016
574.31
575.106
575.376
576.843
576.819
576.748
576.824
576.984
586
618
613.359
611.375
609
610.729
612.061
610.212
609.481
610.59
570
581.672
578
577.058
576.103
576.082
577.051
577.974
711
679.501
668.773
665.619
663.607
658.957
652.437
640
636.144
632.235
628.535
624.304
620.284
616.449
612.829
609
641
635.62
633.453
634.785
637.785
641.051
781
758.71
765
757.953
752.163
625
639.036
635.477
625
625.683
625.351
627.34
664
676.477
680.136
680.839
875
839.676
808.528
799.743
734
722.76
789
797
781.97
761.123
749.352
750.311
851
840.987
812.549
780.484
1055
978.68
901.958
846.514
849.484
844
843.542
813.044
798.833
815.769
845.754
845.198
807.639
792.584
806.003
838.973
813
788.725
783.206
809.799
826.651
821.315
719
733.427
1125
969.808
866.399
847.017
866.383
672
684.361
695.979
713.475
718.836
719.047
727.416
744.721
751.386
742
741.466
742.964
711
710.384
708.67
710.096
750
750.597
1007
946
867
861.295
703
699.983
698.693
700.18
704.982
708.332
711.89
715.706
718.611
719.37
883
859
822.408
1140
1050.95
988.99
984.895
980.601
953.751
926.281
1203
1117.82
1042.86
1042.4
1043.51
781
785.084
806.574
845.556
845.098
845.885
869.936
797
798.132
803.287
806.281
805.802
806.911
809.983
899
901.649
719
733.28
741.15
751.081
750.507
751.771
760.477
771.362
868
854.812
836.258
833.797
840.105
836.779
821.83
810.433
809.928
812.816
860
805
992
945.56
907.932
896.953
894.598
877.314
856.315
854.901
856.775
854.776
820
826.819
834.335
883
865.91
850.153
850.769
858.698
858.512
843.352
839.626
844.716
851.119
851.991
847.211
875
873.045
719
749.953
753.766
760.046
762.512
769.004
779.144
787.631
688
712.603
716.511
719.373
813
811.3
808.559
809.096
809.474
803.308
792.623
703
712.212
797
985
915.563
866.415
828
820.152
817.54
812.13
804
786.899
778.677
777.345
773
774.091
772.848
770.327
768.834
711
713.222
713.622
719
723.895
730.268
742
749.649
755.741
760.387
763.414
765.247
765.521
764.193
762.341
760.621
758.957
756.839
755.152
665
682.68
680.764
681.048
682.335
685.78
691.726
656
666.848
667.52
633
642.486
625
629.256
629.266
630.458
632.367
634.631
637.054
639.168
639.884
625
630.762
629.16
628.912
628.877
629.627
630.328
631.202
631.866
563
590.374
555
562.926
539
545.332
524
531.342
530.54
530.286
530.89
515
522.654
523.208
523.174
524.377
525.435
526.848
527.877
529.108
530.21
532.203
524
527.954
529.056
529.595
530.417
531.31
532.104
539
538.352
537.784
531
531.963
532.51
533.069
533.693
534.455
535.245
536.033
536.813
537.661
539
538.824
538.739
524
530.628
531.579
532.143
532.608
515
524
524.508
516
520.931
521.364
516
500
510.224
510.124
510.433
511.304
512.246
513.216
514.051
508
512.648
513.436
514.145
514.843
515.79
555
543.878
542.609
542.285
539
539.248
538.841
538.265
531
531.358
531.117
530.877
530.637
530.396
530.156
554
545.323
545.172
544.98
545.025
546.265
546.025
545.784
545.549
545.309
545.069
544.828
544.588
544.125
543.517
542.669
610
598.226
595.1
595.798
598.011
599.948
599.763
599.65
687
672.551
664.088
660.8
662.122
661.259
657.584
652.783
649.404
646.632
643.002
640.89
636.981
633.465
632
629.315
626.922
624.277
672
670.977
676.639
679.438
682.405
683.611
681.315
678.559
695
691.551
689.412
687.131
921
836.621
802.634
791.307
783.254
867
848.938
819.885
796.456
794.307
806.083
809.734
795.279
772.331
750
761.12
783.808
742
737.38
741.777
748.875
758
754.465
749.773
752.284
758.725
763.154
760.26
758.11
759.846
762.993
762.922
761.006
760.208
1039
939.985
766
769.325
771.276
773.634
772.429
771.305
773.636
929
909.385
854.799
831.705
832.971
835.816
830.264
807.263
799.221
766
766.6
770.35
773
772.118
771.099
781
766
867
862.934
847.667
838.735
839.229
833.15
679
701.495
703.128
710.069
742
758.589
771.42
779.17
687
701.142
701.368
701.761
702.486
703.868
707.644
712.664
716.417
717.74
717.098
717.122
714.173
1211
953.261
828
826.716
826.267
825.809
819.526
812.612
1102
989.211
906.804
902.316
904.877
902.53
871.683
862.328
866.067
869.6
781
784.989
798.852
812.356
810.251
821
833.217
836.907
831.091
829.021
891
1179
1054.28
991.532
989.702
987.286
961.441
929.061
926.241
931.56
931.102
914.527
900.527
901.307
908.212
906.698
892.288
884.624
743
755.442
755.668
766.001
779.375
734
741.376
749.313
760.743
734
859
862.87
856.166
853.786
855.996
851.592
781
783.666
789.346
789
781.363
804
812.198
806.579
798.422
800.866
801.086
794.495
787.622
787.605
820
818.827
773
782.539
984
993
937.09
915.416
916.119
902.617
877.166
861.107
875
881.582
873.739
855.856
898
908.533
804
813.673
822.933
823.247
819.461
833.133
828
828.483
830.265
835.226
837.353
1070
980.45
938.368
941.19
938.908
914.581
892.438
891.346
893.097
890.283
1016
989.193
955.615
952.388
859
859.255
860.147
860.951
859.272
864.563
805
811.654
814.115
818.683
820.367
822.624
828.028
835.653
750
763.075
765.277
769.957
782
786.932
793.403
820
822.98
822.176
711
729.73
730.946
734.988
735.396
1063
947.225
742
741.647
748.322
756.424
755.464
789
799.841
800.143
797.176
796.043
812
809.74
797.172
788.32
1203
1055.21
968.446
965.124
964.751
941.147
902.651
900.273
902.128
901.67
886.723
879.526
881.248
758
770.597
1156
1028.92
955.465
946.948
773
771.859
773.861
784.013
792.509
793.974
798.623
807.633
815.236
844
843.919
743
747.359
719
718.542
717.48
720.239
724.296
729.912
736.567
742.624
747.208
750.097
752.632
754.495
755.587
756.467
844
757
764.262
766.656
764.63
695
735
729.568
725.643
724.44
728.354
773
757.177
752.745
750
789
770.551
756.947
761.773
763.616
758.5
751.278
758
758
754.146
750.852
751.04
751.225
750.977
749.314
748.651
750.47
751.221
751.491
751.654
754.482
688
705.412
734
731.418
729.523
719
725.355
730.258
732.391
734
731.696
732.711
688
700.461
758
750.286
741.512
828
822.026
805.518
794.394
791.347
783.49
773.316
766.972
764.825
765
760.241
756.381
756.298
756.934
753.869
742
743.532
744.35
745.334
743.877
746.692
749.556
752.633
649
678.941
679.696
682.764
684.376
688.368
694.414
700.755
706.657
710.024
712.614
714.769
716.053
716.499
716.381
716.906
812
792.925
778.765
774.985
772.863
767.577
759.828
753.562
749.591
746.704
743.713
773
766
760.988
757.372
750
749.403
744.671
740.421
738.091
740.348
743.078
745.609
890
1024
945
917.794
908.955
891.857
867.648
846.281
832.791
826.539
823.603
742
742.964
744.364
748.392
751.618
1117
1004.93
943.865
939.827
969
1023
867
868.232
836
834.356
828
827.231
922
925.421
891
889.17
894.654
852
844.203
846.711
851.475
849.441
849.234
852.32
853.012
852.17
797
805.429
808.332
808.329
804.092
807.251
813.408
818.235
821.491
822.074
844
844.182
1109
914
906.344
905.845
895.358
1016
820
841.78
846.731
844.219
797
811.683
1070
944.055
890.813
820
859
859.172
804
774
800.207
828
821.289
792.541
891
919.203
864.344
828.097
852.347
804
798.917
803.952
811.94
1023
935.773
886.515
888.475
891.001
868.191
844.532
844.631
758
726
725.671
727.008
733.835
744.04
760.767
774.708
782.243
785.333
786.21
786.879
790.055
792.244
793.236
794.057
711
719.829
718.657
720.307
720.261
721.861
725.844
729.714
732.472
734.413
736.827
740.054
743.195
745.602
945
891.93
866.326
855.618
836
817.841
799.013
784.426
776.22
672
677.687
677.846
680.987
686.521
703
714.806
724.964
733.179
737.967
891
883.821
836
831.686
827.721
815.318
883
875.257
856.28
842.699
821
817.375
811.111
711
717.341
718.743
723.671
728.139
992
937.502
900.133
898.98
897.107
915
895.606
867.661
853.638
851.389
849.588
841.528
828.675
824.516
824.641
1015
973.42
926.961
903.754
907.859
917.673
766
773.896
776.211
783.848
789
906
1031
993.056
955.967
954.549
943.97
914.425
889.82
1141
1086.34
1022.68
766
765.629
784.192
820
834.358
813
809.261
817.92
846.376
860.917
859.385
797
781
787.631
797
806.847
801.124
766
764.215
782.319
797.536
803.299
792.713
780.062
779.437
788.35
797.746
796.563
788.444
782.525
788.453
796.108
799.619
794.331
984
956.923
929.558
911.991
908.601
894.437
874.244
860.285
856.855
855.861
849.897
842.798
841.36
841.975
840.756
836.693
832.013
827.697
824.942
1117
1026.75
980.551
828
828.683
829.444
830.546
829.675
828.592
830.926
838.574
844.621
843.887
839.475
836.695
836.271
836.455
835.698
833.915
832.011
833.822
834.178
834.728
833.138
832.933
832.875
832.975
832.794
832.503
832.744
835.372
838.76
839.459
839.063
838.718
838.463
838.273
837.045
727
703
703.455
701.391
664
672.016
674.901
727
747.16
763.54
776.564
784.882
788.551
788.226
773
770.606
836
835.348
822.073
809.312
803.183
800.219
844
875
859.015
841.771
833.221
837.26
844.336
839.656
827.96
1172
844
841.913
846.227
845.611
867
867.474
867.716
867.258
968
946.968
911.045
992
980.242
924.844
928.128
935.208
905.677
896.454
901.441
904.563
890.615
892.268
901.777
894.855
882.957
889.684
893.1
883.515
882.389
886.324
888.263
888.522
765
780.912
782.411
788.911
843
859.089
1023
860
836
838.586
839.124
836.661
837.199
883
889.124
871.234
870.579
875.392
866.474
848.287
846.366
849.297
969
916.519
880.803
884.596
899.488
891.21
758
773
780.767
792.67
805
766
775.951
793.653
774
770.624
781
793.524
798.692
788.161
790.911
798.051
802.128
797.986
792.813
795.999
953
961
923.274
900.738
900.265
897.248
882.861
992
969.456
943.749
820
824.535
836.889
853.648
758
764.052
781.204
804.858
805.262
794.285
687
706.01
718.108
737.685
739.918
734.956
737.33
752.497
930
867
827.953
798.101
1046
972.004
902.883
797
797.918
823.464
842.576
818.498
781.563
1195
1042.96
927.584
893.346
910.703
920.986
887.055
1078
1020.41
931.239
922
948.805
883
871.457
876.878
885.817
882.214
862.238
861.78
750
750
726
724.709
704
705.333
735
756.104
773.389
791.087
807.336
648
681.731
681.562
683.392
684.104
685.017
687.432
703
709.665
714.627
664
687
689.168
743
730.864
717.678
716.098
721.886
729.842
726.332
718.662
714.469
716.654
719.932
719.281
714.186
710.893
875
845.333
844
823.852
815.05
807.527
795.871
783.376
773.76
768.907
765
906
1157
1054.95
983.019
949.792
941.074
928.79
904.528
873.662
857.855
856.004
856.867
856.692
961
782
790.151
795.682
799.83
798.921
798.723
812.125
797
800.093
803.86
806.006
807.168
808.272
809.339
875
861.072
852.695
851.081
851.244
849.815
842.867
735
749.553
749.278
753.488
755.87
828
813
750
762.105
769.501
836
821.592
808.287
808.132
814.158
812.864
801.005
790.183
792.162
797.159
1055
953
886.947
867.911
870.416
873.532
853.373
827.002
821.155
833.952
849.538
847.829
826.202
906
922.138
894.738
854.637
855.608
864.067
859.331
844.735
842.614
852.154
858.494
851.048
839.003
821
828.741
835.264
726
766
771.672
780.231
779.959
859
869.82
765
788.797
795.68
805
790.594
799.412
805.826
758
771.21
779.045
775.645
805
801.465
793.379
793.945
727
789
773.585
772.037
770.827
828
816.081
809.111
806.339
806.839
796
791.716
1070
945.104
893.623
897.775
893.276
859.75
852.257
853.479
781
787.545
788.43
788.745
788.317
758
762.315
764.409
767.506
767.048
766.225
769.155
775.753
780.046
782.737
782
757
761.228
765.396
768.083
774
851
875
870.611
862.762
743
751.019
749.249
748.083
750.186
805
821.817
819.993
809.809
804.146
797.442
969
947.271
804
803.884
809.549
812
809.132
798.045
758
767.688
742
820
821.037
807.654
792.003
790.662
801.385
743
748.28
748.789
750.542
751.228
753.152
797
800.912
773
860
845.137
824.445
823.689
825.953
757
769.576
772.256
765.971
764.157
771.167
772.129
767.821
769.08
770.147
844
852
1039
989.81
958.621
955.408
939.761
836
823.142
824.793
830.183
829.566
829.745
837.907
843.894
841.813
835.282
833.194
831.968
860
797
734
736.589
687
688.692
689.023
693.482
699.862
708.193
1039
927.59
889.067
888.421
859
834.471
811.896
796.285
786.467
883
884.508
860.939
832.115
829.009
829.823
830.385
823.429
844
837.806
835.668
834.724
781
782.696
783.203
788.219
758
761.167
764.491
771.963
774.896
1156
1002.15
938.756
937.766
934.27
907.208
773
773.447
828
860.882
852.124
836.326
867
894.148
852
827.389
828.659
841.146
840.688
822.58
821.29
750
755.771
759.28
763.976
763.516
763.616
829
781
782.77
719
725.327
812
735
739.901
745.055
750.127
828
807.678
784.756
875
861.592
834.69
820.258
823.15
814.237
798.101
795.284
922
879.21
847.364
845.596
860.168
848.239
825.308
825.774
868
861.66
837.982
825.273
847.765
855.621
838.626
922
909.015
880.169
867.552
883.588
882.927
862.218
796
809.898
824.167
825.858
814.777
814.922
829.042
797
796
800.535
806.857
809.861
808.403
812.683
819.467
711
732.211
734.781
739.253
741.078
746.902
755.412
763.328
768.196
770.282
772.102
774.319
805
799.941
726
741.484
744.633
828
799.404
784.389
779.57
784.362
787.601
780.843
771.164
768.132
771.975
898
782
789
795.581
802.603
791.72
777.614
883
850.774
821.481
817.096
844
859
821.699
811.925
836
839.466
810.716
798.71
823.817
835.693
820.122
800.464
797
818.047
822.246
821
804.711
813.561
789
793.242
883
858.159
758
772.933
786.96
798.111
791.109
776.74
785.908
799.78
803.201
789.569
734
749.465
764.923
775.832
762.501
748.295
914
888.497
849.961
812
821.277
832.555
824.106
798.512
792.09
810.713
822.208
808.793
786.327
789.502
805.103
814.495
798.487
776.435
776.347
703
711
726
732.627
738.692
742.566
748.807
797
806.239
800.534
793.109
719
724.209
722.72
721.551
765
772.014
852
850.139
835.105
735
737.475
737.697
740.401
828
834.474
718
728.176
734.687
746.955
711
711.317
715.737
725.942
734.759
789
787.417
783.088
780.361
781.666
774.99
820
802.778
1149
1010.26
938.323
927.385
1032
1117
828
833.852
898
897.542
859.295
854.017
889.022
907.889
789
792.996
824.154
843.025
992
915.572
904.572
766
768.378
771.499
779.417
883
887.654
790
750
752.625
883
901.089
860.56
809.176
784.731
799.836
834.895
848.363
827.245
786.471
777.082
796.125
824.706
719
720.165
797
816.187
795.031
769.205
750
766.629
782.253
779.4
782
771.292
777.736
786.894
774
762.541
754.801
759.824
768.13
770.663
765.678
759.015
760.893
765.563
766.447
774
750
754.045
756.186
782
780.08
774.799
772.57
773.529
774.742
774
804
798.528
820
813.788
808.546
803.787
799.752
796.344
792.856
789.765
788.722
734
742
758
759.671
742
747.727
781
784.612
779.076
778.231
703
703
704.817
707.785
656
664.786
669.301
676.002
680.362
684.959
691.106
781
750
743.52
743.603
747.26
742
734.665
731.257
731.829
728.062
782
772.057
762.207
757.344
836
805
790.168
742
755.119
759.61
756.17
747.09
745.323
1000
910.84
855.323
766
777.45
781
780.529
875
849.705
812.136
806.801
811.864
818.493
813.378
789.245
779.172
781.046
791.642
794.104
782.778
781.514
785.832
792.789
791.603
783.496
1133
1002.48
928.092
925.109
923.056
899.695
865.687
862.257
865.361
864.903
856.189
1015
989.04
804
817.041
830.883
833.033
826.839
825.491
841.596
844
842.833
842.803
851.792
855.092
846.545
840.158
938
925.924
899.141
969
971.305
930.775
933.155
933.221
914.157
907.139
911.45
904.483
894.173
895.737
890
885.257
852
862.529
865.551
865.46
864.576
868.434
872.697
876.776
879.477
882.115
884.746
887.083
888.421
888.793
875
879.457
880.103
881.754
773
788.961
773
813
816.763
875
887.545
888.458
888.879
887.239
758
771.781
772.267
773.87
776.819
783.027
791.714
799.784
802.987
804.499
836
832.355
825.641
822.722
821.047
758
765.588
765.922
767.702
797
798.492
799.205
800.928
800.471
799.043
796.479
794.474
793.252
792.249
791.617
793.389
794.295
794.001
793.405
794.334
792.226
790.869
789.198
787.638
791.443
906
882.333
870.544
860.796
853.582
844.419
789
790.295
790.397
793.469
793.747
795.869
859
864.893
851.029
842.822
846.124
841.075
830.21
875
874.355
865.886
859.584
861.854
907
889.051
875.641
872.306
876.193
871.191
862.569
857.345
821
812
742
744.705
744.369
750
711
718.88
724.374
732.432
739.195
749.542
761.728
771.31
734
741.152
742.647
743.655
740.982
739.184
742.188
744.765
953
881.527
845.279
835.415
844
836.22
1110
993.439
920.21
906
922
867
835.185
829.033
766
765.158
764.827
766.179
766.582
772.026
784.424
792.31
793.871
793.897
793.792
793.784
795.879
798.004
800.132
801.497
802.801
803.377
758
768.533
766.039
765.402
820
813.75
811.444
811.713
810.986
774
778.022
775.655
774.754
773.17
773.806
776.073
777.52
1031
938.718
901.274
896.882
884.578
859.711
1007
973.571
932.154
902.663
902.465
903.916
953
844
843.404
861.313
719
734.205
736.998
739.666
744.49
797
824.518
830.866
835.82
842.866
845.261
844
843.797
842.235
839.832
837.066
719
734.155
1118
951.908
885.756
891
890.542
727
737.191
739.604
766
1109
966.1
897.13
894.274
894.982
892.114
938
1054
992
937.839
935.848
940.716
940.258
921.805
887.316
885.377
896.291
901.204
890.119
887.085
900.404
937
932.983
911.931
894.669
904.938
719
734
735.167
765
779.526
794.659
813.412
835
843.349
846.632
848.09
847.879
845.012
937
931.601
867
869.15
871.542
870.949
790
781
782.215
758
758.98
1273
1034.6
944.133
797
821
830.503
830.662
822.373
818.579
824.45
820
820.238
820
816.54
814.427
852
789
875
870.722
859.092
858.343
860.349
851.809
847.171
845.529
843.294
840.697
839.065
837.95
836.631
835.102
833.576
832.013
830.435
829.023
875
869.022
1000
980.837
969.325
965.133
954.611
953
939.019
927.87
919.762
867
993
973.958
828
848.372
857.209
859.175
854.012
857.402
871.435
882.703
852
858.818
844
846.815
844.63
844.173
847.596
849.074
848.872
845.721
845.535
891
884.892
796
815.043
818.928
820.719
817.163
820.449
781
792.904
795.284
796.482
795.544
798.269
803.433
807.739
809.186
808.613
807.852
808.348
810.232
810.392
875
860.514
853.955
849.162
610
684.864
687.701
697.201
585
629.982
636.352
647.292
652.015
657.708
666.345
675.545
682.6
685.849
688.523
691.458
693.594
693.799
693.341
664
648
648.657
647.823
646.277
643.821
633
641
642.479
645.332
647.044
649.055
651.846
654.129
655.279
656
656.674
657.336
657.699
657.842
649
650.301
650.564
650.991
651.193
651.316
672
667.311
671
669.705
669.076
668.395
666.954
665.679
727
719.025
711
727
726.061
721.679
716.467
719
714.456
710.783
706.978
704.795
702.108
699.685
727
773
766.774
758.708
753.196
719
721.244
715.536
714.599
715.328
717.015
773
779.44
776.132
768.143
762.146
757.128
751.605
745.286
739.722
736.834
736.558
736.26
836
830.221
816.981
890
885.526
867.229
856.454
851.235
841.222
830.63
1218
1047.87
966.728
968.481
967.889
929.932
915.259
918.184
917.912
902.658
891.985
891.45
894.189
892.939
789
805.892
815.25
818.235
816.171
818.42
840.375
867
869.229
875
880.298
884.205
882.199
875.702
874.842
898
892.086
1047
1013.13
980.527
975.053
891
890.164
885.597
881.017
876.05
812
817.868
820.899
828.029
757
765.247
773.133
782.216
783.71
766
778.395
791.52
801.342
796.093
793.608
789
796.473
800.599
794.658
789.902
790.678
794.471
797.427
794.158
791.759
797
836
1203
1041.51
828
827.776
832.594
839.586
837.856
831.579
906
920.165
899.444
862.906
862.657
866.69
865.141
781
781.739
843
850.397
827.894
816.676
828
842.366
1156
1005
910.727
859
977
1093
995.219
898
897.127
954.033
979.964
928.981
861.586
869.609
932.392
969.048
913.912
847.452
851.558
781
786.593
795.453
806.185
805.327
806.825
1094
1028.73
961.189
929.316
931.007
930.27
903.464
873.702
869.672
870.49
871.362
864.116
844
844.137
848.663
852.033
849.045
1062
1007.53
958.243
957.041
963.028
750
760.014
765.78
773.968
779.116
794.322
815.347
960
944.007
916.044
914.371
912.648
896.262
876.414
758
759.701
760.985
770.458
776.51
785.612
953
949.226
918.936
903.101
901.578
889.543
867.084
930
930.67
1023
999.945
972.441
962.798
960.341
945.674
926.332
910.39
899.573
894.749
894.296
860
861.64
865.585
871.28
961
956.696
945.311
941.317
941.841
781
788.865
789.922
805
813.713
826.195
841.415
711
734.885
680
683.22
682.902
684.473
688.995
695.771
704.332
742
781
821
821.856
820.159
818.343
811.198
804.6
1109
1012.13
953.83
930.774
1195
1127.44
1051.15
1010.25
992
992.501
922
1149
1108.76
1044.92
1004.35
1015.93
1023.04
1010.46
974.001
980.992
1195
1141.1
1065.16
860
859.521
899.855
984.406
980.88
936.582
922.223
711
719.613
733.412
791.534
1235
1077.78
960.192
912.963
929
875
868.944
863.566
820
814.236
813.68
813.928
868
880.459
878.28
873.376
870.298
865.054
858.302
854.834
854.877
855.179
856.302
857.353
859.073
859.856
860.023
858.688
854.929
850.751
847.223
847.666
850.652
790
805.686
807.798
812.141
735
749.854
754.192
761.114
763.575
770.909
782.866
791.522
794.493
899
881.006
865.1
863.788
1000
960.384
926.026
913.902
915.698
905.554
886.066
876.552
877.941
879.028
870.132
861.107
860.838
864.386
864.668
1164
1051.84
797
797.499
807.541
828.241
836
852
866.065
812
811.622
812.369
813.601
812.7
811.167
810.709
811.146
811.675
811.271
809.702
809.148
809.228
829
826.204
824.288
824.585
914
910.192
902.118
893.534
890.338
884.279
930
919.361
906.999
899.72
900.152
896.584
888.295
879.757
875.106
876.53
789
802.709
803.9
811.415
817.546
827.545
758
771.984
774.635
844
851.279
850.26
847.592
847.823
850.91
850.195
841.845
831.519
823.419
1164
1028.94
950.362
934.594
934.078
932.125
902.596
873.994
872.853
886.839
812
812.196
815.756
822.529
822.428
821.712
824.534
826.532
825.846
824.826
789
795.41
797.555
799.898
805
859
863.894
862.222
855.04
855.231
850.301
844.532
838.801
821
822.204
820.366
819.778
817.724
817.7
818.652
817.875
1195
1036.96
813
945
1008
967.12
929.699
930.156
931.675
921.679
893.574
893.116
900.488
718
750.799
771.391
783.654
782.127
781.669
718
743
765
776.664
780.383
783.856
781
766
767.858
711
714.866
714.301
716.342
717.067
718.432
721.781
726.41
730.238
891
867.6
852.457
750
750.57
745.741
743.298
741.693
739.181
813
750
749.032
749.918
753.452
751.652
747.654
746.254
746.004
1195
972.407
881.94
880.507
880.049
870.217
977
935.741
891.228
773
773.966
787.396
813.904
813.676
804
799.225
804.018
815.227
816.01
809.824
810.454
815.779
824.15
825.997
883
875.936
865.28
854.877
856.448
854.67
848.853
842.393
840.322
839.033
834.844
830.79
828.964
828.732
827.836
826.015
820
821.765
822.085
824.419
827.44
830.745
834.644
1039
970.525
945.548
941.011
928.101
906.936
889.411
879.558
876.743
898
894.835
883.76
881.804
883.531
882.334
804
828
1071
1001.5
945
944.49
956.227
946.343
910.31
1071
1034.85
766
786.205
807.218
848.398
805
969
994.609
926.828
917.7
1086
1010.67
943.016
960.586
966.585
929.956
766
783.539
806.01
838.621
838.163
836.909
861.446
883.756
876.057
859.217
867.309
878.955
875.359
853.766
853.809
862.603
868.804
860.99
848.386
858.311
863.162
858.635
851.454
847.591
851.227
854.73
853.545
850.701
836
840.726
844.937
848.739
846.211
845.677
847.453
849.933
797
811.045
813.182
816.849
815.055
843
843.861
844.502
845.001
845.612
844.439
842.037
839.356
838.153
837.393
838.16
837.244
836.53
835.829
789
800.199
1000
922.75
893.007
1226
1096.88
883
885.937
904.023
901.819
872.709
873.308
903.976
908.946
871.095
865.432
889.314
897.049
865.144
1047
1020.05
948.318
939.231
953.022
944.739
904.197
1211
1100.98
1008.27
1015.05
1022.84
973.364
960.368
993.919
992.953
943.638
943.924
977.798
976.515
929.333
906
944.565
836
839.384
851.093
856.708
855.69
871.556
890.17
889.94
888.36
896.111
896.776
894.409
896.127
896.121
894.842
895.017
1148
1055.26
1001.43
758
764.65
765.14
828
844.291
843.477
845.164
852.653
861.082
862.284
856.811
849.118
846.915
789
1024
1004.17
961.338
935.195
924.72
923.784
789
791.324
794.161
828
838.765
1180
1084.65
890
888.7
836
832.503
830.58
820
820.66
828.135
835.462
837.917
838.103
789
788.731
788.164
788.013
828
827.542
826.169
827.069
828.168
797
799.509
797.502
800.032
758
764.609
844
843.136
836.557
830.247
836.27
834.854
825.437
816.479
914
904.148
880.902
862.937
766
1148
981.728
899.665
896.11
900.58
899.629
874.485
859.52
861.796
873.225
874.801
866.439
855.245
854.651
861.566
863.666
855.877
842.274
838.573
841.039
846.676
846.944
860
859.531
862.515
865.513
865.492
844
847.906
849.235
851.653
849.123
797
809.498
812.995
818.714
1156
1000
875
875.63
880.412
880.799
869.515
813
813.326
827.05
846.057
828
828
831.243
843.448
844.615
835.622
822.853
820.808
821.96
827.536
824.888
820.444
985
965.076
766
758
760.964
789
791.864
793.632
801.096
813.108
818.607
813.662
811.118
812.425
812.472
807.411
860
854.588
840.868
837.963
839.161
838.813
831.414
1164
1011.72
950.46
950.198
781
782.888
783.13
783.946
783.761
789.051
801.897
810.694
811.253
938
934.2
905.526
901.256
900.495
895.802
879.962
878.472
914
908.76
890.192
805
810.825
818.321
824.693
817.039
781
788.864
804.752
822.731
823.1
818.049
822.663
835.782
844.907
719
734.999
739.868
747.654
695
703.703
712.44
722.962
725.62
728.996
851
838.423
813.11
812.701
822.657
789
779.641
785.016
789.793
779.35
773.477
776.955
779.334
772.992
767.658
767.268
742
746.012
734
737.317
738.299
740.574
743.607
746.756
750.12
753.569
755.648
757.96
759.776
760.267
781
777.361
797
791.593
1047
914
836
835.404
833.409
773
771.289
771.875
930
887.44
859
856.198
858.418
854.357
829.284
1032
969.208
875
873.071
891.894
1039
966.449
902.938
805
817.034
850.694
879.432
849.9
906
932.952
797
801.221
824.76
857.503
836.763
735
750.889
890
902.648
842.099
818.784
839.731
855.727
839.702
804.432
804.619
830.962
846.002
817.068
791.688
805.799
831.564
835.904
781
750
761.788
788.808
799.894
836
814.512
800.522
806.339
819.291
823.636
813.113
795.599
788.298
795.666
804.322
807.629
799.255
617
673.357
586
570
562
560.184
562
563
565.456
569.017
570
574.759
578.397
581.986
584.794
665
664.031
669.053
670.895
672.583
674.983
674.504
673.541
672.259
670.671
668.646
666.131
663.327
660.363
657.223
653.857
650.152
646.203
642.168
641.936
644.974
647.777
602
586
590.3
589.324
590.764
592.113
594.486
597.626
600.903
604.049
606.916
609.653
555
574.495
586
582.487
581.227
633
626.499
626.744
627.003
627.681
601
605.566
603.649
602.144
570
570
572.389
571.502
571.612
554
571
562
570
571
571.865
571
573.844
562
566.497
567.992
568.644
569.379
569.797
570.954
586
593
591.08
586
587.1
578
579.165
578
578.663
579.339
580.055
563
568.055
568.545
569.266
569.96
570.737
602
598.021
597.393
597.433
598.323
563
574.829
573.054
571.865
571.632
617
609.738
606.777
605.72
605.354
604.587
603.06
601.686
600.794
600.084
599.949
625
618.63
615.805
615.521
615.407
614.511
613.057
611.694
750
717.511
704.683
750
747.7
739.93
734.011
731.035
727.058
720.988
715.343
711.428
766
757.867
680
700.922
704.525
699.916
692.24
698.197
703.681
703.368
701.511
703.462
705.983
706.847
706.527
707.001
708.168
708.413
707.761
706.536
707.712
708.812
708.054
708.613
709.11
708.723
707.622
563
632.292
632.408
636.888
637.359
640.27
555
602.703
602.196
604.149
603.763
604.172
606.606
609.058
610.606
611.584
611.977
612.257
612.357
612.186
610.219
611.834
672
658.492
696
693.533
691.803
692.198
691.021
688.843
685.584
683.062
681.322
679.597
677.515
674.949
671.476
648
651.269
646.429
644.357
642.742
664
666.897
664
696
700.623
704.011
703.559
703.075
701.219
698.113
601
634.238
632.761
617
620.024
621.112
624.405
627.287
630.646
634.146
638.032
641.032
641
643.87
645.445
646.745
679
670.617
667.612
668.806
668.938
667.191
664.07
661.757
602
618.807
616.456
615.003
614.559
615.271
617.651
619.895
555
586.644
583.065
582.061
581.501
581.61
583.475
585.101
586.548
587.931
589.046
590.42
590.748
591.758
592.157
593.181
593.65
593.776
593.526
594.179
592.147
460
578.267
453
515.486
461
446
467.891
437
452.628
451.695
451.469
452.11
452.559
453.139
453.482
453.799
453.925
453.969
454.027
453.423
446
414
434.661
432.533
438
433.984
433.892
434.468
434.816
434.929
434.999
435.169
435.345
435.519
435.637
435.669
436.153
436.37
436.44
437
436.296
445
440.248
439.829
440.341
460
448.496
448.154
447.877
447.025
446.107
445.108
444.205
443.354
442.531
441.74
441.03
461
451.336
451.486
461
455.741
455.666
455.416
454.891
455.284
454.227
453.503
452.862
452.182
451.428
450.622
476
469
466.188
466.44
466.336
465.93
465.32
477
470.197
469.911
477
472.817
472.518
472.108
471.528
470.565
492
482.356
482.113
482.186
482.199
481.905
481.649
481.409
481.169
480.86
480.619
480.34
479.918
479.642
479.402
478.471
477.747
477.182
476.558
476.317
480.225
664
599.53
587.53
582.824
578.424
575.031
570.063
672
655.342
637.288
626.392
1031
803.357
754.417
751.847
751.388
749.865
977
856.026
1063
992.516
743
746.046
751.539
752.802
748.651
844
1085
969.422
916.375
916.416
913.82
892.679
866.496
906
758
765.11
765.967
765.794
1148
1024
954.292
1203
1133.7
1053
1047.2
1044.54
1017.74
993.484
990.436
988.588
975.216
958.601
955.987
956.372
954.334
719
750
711
789
824.29
852.958
879.341
1032
804
797
798.524
703
709.059
710.072
710.161
712.23
717.349
773
779.952
779.358
1117
1063
1007.04
1005
991.81
959.763
941.924
672
677.353
686.018
702.071
836
852.77
851.574
852.485
854.061
854.459
853.25
850.115
845.886
845.019
750
1031
979.135
935.333
907.635
902.612
894.968
874.454
742
748.564
750.684
763.606
1000
962.744
915.688
911.185
910.913
908.038
888.881
865.419
857.022
854.944
854.015
851.5
845.675
840.805
839.159
838.84
833.132
824.569
819.099
883
892.778
899.746
895.043
883
880.311
876.633
870.848
864.654
860.153
860.026
861.374
860.982
857.972
854.768
853.641
852.915
850.914
847.72
847.462
851.959
855.792
859.49
863.329
866.209
868.681
719
1140
1172
1164
969
979.891
973.368
945.791
907
773
775.788
1211
1087.23
1000.9
988.659
994.905
994.447
967.261
923.334
916.925
927.605
929.503
916.695
901.568
900.905
910.293
913.458
1063
991.31
943.068
949.065
963.561
961.594
938.228
922.582
936.253
1140
1058.62
995.093
990.315
1013.38
1012.63
973.391
939.107
968.619
1008
991.061
750
766.263
781.78
833.765
863.02
863.552
844
858.152
884.534
898.716
892.744
879.619
880.151
1086
1068.74
1022.71
961
960.416
820
820.49
823.984
835.678
838.991
839.581
848.96
863.972
860
853.426
969
965.718
941.84
933.75
935.657
931.205
917.459
908.599
868
872.504
883
880.473
873.422
789
795.542
800.547
815.268
821.248
818.703
826.117
842.308
857.304
859.99
855.651
855.221
860.976
866.691
862.701
855.243
742
781
787.958
796.722
875
869.523
860.393
852.002
773
780.732
781.044
783.826
786.154
786.715
945
934.672
910.485
891.145
888.952
875.832
857.059
840.091
831.739
832.463
833.472
829.985
825.528
827.57
828.158
827.827
710
723.144
688
689.856
689.195
649
657.433
727
745.988
759.733
772.063
781.164
784.752
784.375
782.391
779.049
773.651
765.642
756.926
754.011
749.279
744.993
741.635
738.828
734.996
731.611
729.87
730.498
731.823
734.988
738.649
742.418
746.249
750.064
727
731.986
731.925
733.062
731.91
732.016
733.089
719
723.321
722.634
723.251
828
811.651
799.531
791.246
785.667
778.722
656
675.654
677.513
682.436
687.358
694.258
704.958
715.184
720.924
724.574
664
674.753
675.195
675.455
675.998
677.257
742
746.419
737.659
736.076
734.665
742
735.446
728.757
724.251
723.025
695
698.696
697.551
697.201
694.968
695.055
695.474
695.813
695.931
696.087
698.869
701.407
704.281
706.908
708.078
710.557
711.215
710.971
710.61
709.911
708.447
656
671.524
687
695
692.052
691.888
694.077
695.508
695.943
664
672.808
673.112
674.793
673.15
673.757
676.229
678.974
680.38
703
698.953
696.476
695.229
695.242
930
839.791
804.238
789.792
758
741.182
724.54
712.638
709.179
804
814.354
793.864
768.373
797
797
792.244
772.723
757.323
688
698.674
699.655
704.725
707.17
706.19
707.738
712.812
922
877.955
842.407
824.565
805
789.603
773.465
760.061
782
812
812.688
795.685
783.019
703
705.579
708.821
714.85
719.469
719.472
724.035
730.959
738.501
745.02
746.962
746.02
746.4
745.225
742.765
757
797
795.904
787.404
785.3
785.154
782.94
777.972
773.405
770.372
768.351
766.434
764.522
762.958
761.81
761.097
760.914
760.57
759.881
758.963
930
889.83
871.196
862.135
853.959
839.808
825.1
813.257
1054
983.699
930.935
906.75
908.456
908.266
886.171
856.638
851.015
766
767.194
735
719
717.673
719.157
723.967
729.734
737.518
745.63
758.777
771.143
779.481
785.903
791.219
695
706.567
649
648.327
645.981
1148
873.964
797.499
796.48
734
774
773.542
770.569
735
733.332
688
690.402
688.909
688.451
687.993
686.538
686.08
685.622
685.163
719
725.676
729.902
672
685.063
684.185
718
680
684.464
686.874
691.283
617
641.559
640.977
640.247
637.99
637.352
638.711
639.787
639.966
665
648
652.446
654.361
655.26
654.08
655.366
655.512
655.669
655.125
655.832
654.887
654.341
653.738
812
782
843
868
789
794.468
787.972
780.069
770.664
758
756.045
751.68
745.496
739.98
680
691.642
686.93
686.089
633
652.363
652.002
654.275
655.1
711
723.571
728.797
733.424
738.203
742
740.06
737.276
735.393
732.721
729.77
725.484
721.748
719.106
695
672
670.981
666.015
664.912
666.237
670.148
674.93
679.939
684.88
689.598
703
707.959
711.463
713.005
844
830.046
815.873
804.724
798.926
790.178
779.529
770.956
765.229
760.99
756.468
751.895
747.839
744.509
741.416
804
803.719
795.707
786.54
785.39
787.562
785.895
782.887
875
872.416
862.875
742
821
820.307
810.976
786.676
784.125
805.241
814.359
802.413
859
848.246
831.662
821.559
828.567
827.975
819.561
805.375
814.325
823.722
711
734
860
840.04
817.489
815.797
734
753.107
753.374
703
712.551
714.99
718.495
719.826
722.787
729.429
734.334
736.336
735.455
735.702
732.164
732.319
733.547
734.217
735.11
781
776.033
771.34
770.377
770.232
767.23
762.458
758.166
755.257
752.91
750.787
748.919
747.52
746.526
695
711.557
709.572
711.654
711.152
714.109
718.465
860
838.415
821.854
811.732
703
710.638
709.644
708.718
633
645.964
648.053
653.365
657.197
661.51
668.256
675.731
682.018
773
770.778
760.402
820
719
725.447
725.157
718.558
714.442
712.839
712.728
710.841
708.849
707.181
705.573
704.187
702.306
700.184
698.111
697.831
698.529
698.871
699.797
700.726
704.195
707.449
710.284
711.157
712.013
712.631
867
827.773
811.256
802.219
795.795
785.49
765
756.006
719
718.984
715.615
717.543
719.011
721.226
724.466
728.243
729.749
729.485
728.222
727.986
729.45
730.691
731.943
750
749.112
749.981
679
696
694.855
694.994
693.518
694.723
698.047
701.566
704.312
797
789.258
778.158
769.438
765.887
760.486
753.288
766
759.987
755.817
751.999
748.521
745.073
741.16
821
789
780.996
775.579
765
727
732.178
946
875.427
922
914.893
890.398
711
750
758.475
767.027
761.293
883
885.873
849.031
829.409
828.991
829.657
817.488
719
728.094
735.262
744.519
774
836
848.742
843.21
742
745.537
797
810.469
801.172
836
841.983
839.405
828.48
816.768
807.402
801.928
797.475
792.674
787.133
665
692.175
693.985
703.668
709.207
715.672
723.453
732.944
741.744
748.116
753.556
757.842
760.747
761.566
761.313
719
724.802
724.157
725.219
723.445
789
784.929
779.561
859
851.185
838.004
833.537
829.067
819.55
810.627
805.104
800.1
794.59
789.791
786.906
783.233
703
718.381
713.747
716.969
719.034
723.196
730.897
739.494
746.398
680
695.813
665
670.131
669.108
669.753
672.035
820
796.138
779.253
777.179
774.643
764.104
752.526
836
899
873.129
848.06
835.542
827.848
817.939
804.102
792.009
783.498
777.853
656
617
619.919
617
594
597.663
625
637.691
610
619.955
626.966
634.194
696
708.966
704
709.074
713.561
714.915
710.477
707.015
704.417
703.923
702.894
699.749
697.557
696.548
664
668.025
662.231
657.171
653.059
652.874
656.181
659.255
662.852
666.606
727
732.191
732.271
732.126
672
678.022
674.337
671.21
669.295
680
681.193
681.188
679.516
677.818
719
703
699.828
734
728.544
722.595
821
800.15
784.07
782.947
852
829.514
809.259
805.911
810.465
799.824
734
745.054
749.739
749.391
740.326
740.897
750.304
753.274
747.149
745.416
750.98
754.862
753.809
752.025
755.247
758.75
761.093
758
757.36
759.337
758.419
757.912
757.891
758.032
757.418
757.101
742
680
690.993
734
733.68
737.087
739.114
743.55
747.551
748.301
745.97
743.551
742.024
741.161
739.847
774
767.494
760.511
754.681
755.345
754.5
751.832
747.902
747.238
746.9
746.599
746.039
727
733.235
733.379
735.034
649
633
637.073
636.396
640.836
645.645
653.951
663.963
673.925
682.148
617
632.213
633.189
633.188
742
730.45
717.909
710.401
672
711
706.652
695
687.042
773
719
713.312
709.795
734
725.132
714.179
709.529
713.466
679
695.464
693.424
633
658.814
654.979
653.942
652.716
653.114
781
746.818
737.043
737.651
736.914
765
750.585
739.958
736.773
735.821
730.531
723.144
717.066
727
723.352
720.024
714.928
711.432
709.118
709.57
711.231
712.97
829
898
883.126
866.77
856.672
842.407
914
757
766.972
761.827
757.784
755.967
759.358
765.621
735
742.673
743.143
744.299
744.132
746.084
750.016
687
703.243
702.754
711
709.797
695
680
683.976
685.695
687.687
688.091
689.938
693.186
696.649
680
683.959
684.946
686.804
686.341
687.604
687.817
688.544
688.837
689.081
689.184
734
729.206
688
695.244
696.927
656
666.559
665.428
665.104
665.709
667.887
670.315
672
672.804
673.393
674.766
675.826
676.158
828
784.835
767.276
760.564
755.22
745.949
735.933
727.56
722.047
758
756.568
747.506
1015
920.243
867.629
856.202
853.56
834.394
806.609
805.438
1062
978.595
912.085
900.404
912.002
911.544
875.614
846.757
851.843
871.428
872.835
835.62
827.093
855.03
885.531
871.713
831.591
828
846.814
866.121
789
868
879.838
870.03
773
791.726
816.396
824.752
803.506
788.426
711
725.173
732.692
739.796
738.723
742.219
742
754.378
765.416
773
765.462
763.975
742
744.674
743.589
744.205
742.802
741.428
742.698
745.039
744.358
766
765.356
765.058
763.175
836
813
806.457
801.362
800.027
794.799
787.913
782.313
765
766.56
763.421
761.443
759.408
759.379
696
734
730.59
735.273
688
708.824
711.834
715.826
714.69
716.027
720.879
725.078
726.039
725.603
726.438
728.228
728.695
727.188
725.569
725.869
724.404
724.276
625
655.229
653.932
852
792.894
769.678
761.518
781
779.091
764.837
749.443
844
832.619
810.382
790.995
791.263
791.521
779.517
765.404
764.594
769.093
687
750
747.764
747.974
741.684
766
770.261
767.321
761.289
762.251
764.832
763.349
719
736.244
737.126
736.529
731.239
773
766.316
761.462
758.389
742
744.74
742.525
740.797
739.86
740.841
742.683
743.254
743.214
743.136
743.091
742.429
742.367
741.791
740.951
739.996
742.667
744.949
746.329
747.005
828
844
834.627
826.98
719
734
731.033
680
684.707
686.206
690.966
697.173
704.41
712.463
719.724
781
782.866
766
764.184
764.055
763.47
759.267
735
737.755
736.306
736.098
731.588
729.355
742
742.614
741.914
739.203
737.616
719
679
641
641.847
639.188
641.532
602
611.617
612.236
742
765
757.969
752.562
746.672
735.075
883
874.27
849.438
867
858.318
844.279
828.909
814.126
801.454
742
734.204
725.727
720.621
723.464
728.978
735.51
742.229
748.347
752.973
757.224
761.633
765.283
768.291
770.984
727
732.279
781
780.891
775.267
769.736
771.473
772.787
769.211
656
681.014
664
669.134
670.722
673.872
679.53
687.085
694.681
700.688
705.856
708.934
711.334
734
733.344
750
745.805
744.927
742.491
741.102
738.256
734.635
731.827
729.728
728.01
726.513
843
819.953
758
762.809
764.757
760.567
752.771
727
736.664
695
706.07
702.351
703.468
704.179
774
773.547
764.94
761.366
760.622
757.951
754.911
726
729.943
727.891
726.853
723.615
723.384
724.454
725.618
844
827.316
809.416
797.513
792.077
785.285
776.287
767.398
761.733
758.148
711
715.757
712.72
716.219
726
729.761
734.162
703
706.889
704.518
705.158
705.571
706.897
709.297
711.937
714.33
716.159
716.79
716.149
687
693.119
691.695
692.111
633
649.139
649.943
651.563
653.219
656.409
661.108
665.528
669.081
671.878
674.44
695
692.672
693.144
851
774
757.826
754.402
758
734
727.045
722.122
719.127
714.673
710.616
709.283
708.504
707.36
704.83
703.882
702.822
701.692
700.416
797
798.228
791.385
784.166
780.458
773.133
765.596
758.266
752.186
747.358
743.032
739.425
736.6
734.789
733.616
732.858
731.59
727
781
859
766
775.279
779.986
777.58
769.124
764.795
718
731.785
730.052
729.843
726.234
726.755
727
730.888
731.333
729.787
728.444
728.456
729.697
735
733.771
736.017
737.779
739.407
738.834
739.767
738.056
738.409
737.609
736.951
774
768.017
764.674
761.955
760.064
757.958
754.19
758
754.195
753.15
751.711
750.856
749.994
757
758
756.553
755.51
754.494
753.685
752.381
755.393
755.707
756.725
757.636
758.46
759.029
688
687
688.411
689.714
693.961
699.2
706.112
688
695.321
698.189
702.65
705.075
707.578
710.753
713.502
715.513
715.364
714.2
712.78
713.709
712.05
710.992
710.298
709.942
709.72
709.578
781
770.686
764.946
761.115
758.737
727
728.553
723.695
720.7
717.931
711
712.751
712.948
713.433
712.305
713.337
714.249
714.344
713.645
713.31
716.268
718.452
720.491
722.267
724.478
724.571
724.909
724.867
725.049
723.997
721.378
820
799.815
790.094
783.837
780.019
953
897.444
859.998
840.471
953
935.794
901.958
789
820
851.529
854.319
823.103
795.895
820.687
858.989
861.501
820.989
795.31
816.121
851.419
719
728.305
736.473
748.171
748.279
719
728.552
742.368
750.856
743.958
742.488
753.021
761.583
759.814
751.191
752.613
756.499
758.848
754.584
751.853
750.851
751.359
751.653
751.282
750.439
749.929
749.725
750.407
751.014
751.408
751.853
774
772.301
771.426
711
727.097
726.916
728.803
726.501
727.627
731.643
852
812
796.243
711
679
672
673.526
678.276
680
703
720.994
732.912
735.09
732.311
727.821
722.083
715.849
710.231
707.171
703.051
703.133
702.271
696
696.441
687
687.877
687.412
687.815
688.556
689.856
757
688
703
705.67
704.883
703.649
711
707.472
657
674.496
671.128
633
656
651.729
651.752
653.472
655.618
657.805
658.522
660.17
662.184
664
672
670.508
671.74
671.231
695
689.902
686.442
684.915
684.188
683.309
681.285
679.673
678.645
677.954
812
766
726
726.683
680
684.755
678.745
674.856
742
744.681
735.672
726.276
721.929
938
867
821.41
742
740.167
744.186
745.371
742.813
730.119
725.823
731.433
745.676
747.413
732.773
720.467
891
877.826
836.415
800.275
800.535
742
742.438
740.796
740.123
740.387
984
917.654
867.085
851.781
849.369
841.241
819.692
797.889
785.749
765
762.523
761.645
762.415
762.938
763.99
765.481
766.096
764.908
734
741.581
741.886
679
689.296
688.406
689.562
691.082
694.663
922
850.797
828.081
826.518
821.842
802.969
782.824
769.513
765.673
763.83
761.166
757.13
755.145
743
740.358
742
740.943
781
779.328
778.084
781.774
786.62
789.154
787.319
784.582
783.139
780.939
778.125
775.355
773.084
771.092
769.392
768.32
767.009
765.913
764.801
764.224
767.987
768.574
770.456
772.379
775.707
777.825
779.029
779.448
779.703
779.692
844
833.416
826.65
819.907
727
741.187
740.141
740.83
742.027
745.947
752.785
759.463
843
837.558
824.431
814.539
809.845
803.307
757
757.662
758.743
762.053
883
867.01
847.533
837.519
832.036
823.128
810.984
798.465
875
875.522
866.078
850.139
847.008
848.208
841.33
828.805
703
720.241
723.685
743.753
759.003
772.843
789.034
891
897.857
758
766.343
773.793
844
835.213
813.108
805.232
811.572
821.983
811.364
789.508
780.781
787.21
797.977
798.237
779.584
768.1
898
895.2
938
891.49
865.863
866.795
877.481
876.447
945
766
786.613
766
836
842.414
734
751.136
766.424
783.57
735
736.98
781
802.934
742
820
831.81
812
782.357
844
875
825.41
801.652
898
1086
942.04
890.869
916.198
875
789
800.062
826.837
860
824.686
813.083
844.458
873.117
848.221
811.071
818.846
846.615
921
861.196
832.384
848.666
873.715
836
816.476
823.067
843
883
858.771
831.831
840.38
857.575
863.566
843.235
822.015
832.149
847.299
851.731
837.048
821.441
805
815.883
827.225
830.607
819.273
821
844
852.754
853.612
841.753
832.31
836
843.21
844.492
836.807
830.287
832.87
838.057
719
740.385
743.81
750.164
765
773.59
783.435
757
765.672
768.877
772.706
773.003
750
756.05
758.515
761.745
760.37
757.54
756.896
759.48
759.337
759.36
758.313
758
758.673
759.443
742
750
749.225
751.014
750.836
751.713
752.398
753.212
753.78
754.229
754.521
773
768.168
768.012
891
863.327
849.366
840.964
835.819
826.007
815.55
813
734
750
781
783.428
778.986
779.146
785.928
792.934
1000
937.873
892.648
876.349
873.673
865.325
846.65
726
729.096
733.579
727
729.907
735.562
750.998
772.088
610
660.105
594
605.639
594
594.092
594.301
595.246
597.357
664
668.556
734
743.411
743.902
745.21
744.462
744.069
742.417
740.821
739.846
738.503
727
724.796
721.149
716.851
711.292
704.794
699.289
695.389
719
718.162
723.244
727.686
732.373
736.137
737.319
737.026
736.672
736.189
735.624
734.653
757
753.555
751.563
749.937
749.043
914
860.08
834.65
773
773.166
768.523
763.266
756.214
751.393
751.246
754.936
757.774
756.282
813
818.642
844
827.85
812.423
800.317
792.027
735
734.477
733.909
738.442
744.241
750.625
757.235
762.684
764.736
750
748.509
746.193
680
688.68
687.081
688.233
690.605
694.126
671
678.089
679.09
680
681.842
684.314
687.634
743
746.41
882
864.9
845.719
831.522
819.121
803.437
788.369
777.618
770.449
764.803
758.591
753.313
748.687
852
851.486
835.171
821.105
758
755.928
796
809.667
811.643
798.173
784.405
867
879.715
869.327
837.804
818.071
826.542
840.983
840.183
821.348
968
948.496
911.824
881.278
885.236
888.657
873.717
852.913
850.876
862.382
866.337
853.28
841.469
852.361
861.313
859.708
844.44
695
716.594
672
676.243
676.813
680.371
686.555
695.605
679
686.528
690.568
696.268
700.682
704.848
708.739
695
727
724.275
724.111
723.651
724.302
820
803.768
794.439
742
746.859
742
738.506
731.755
688
693.292
695.565
701.991
702.154
698.63
699.479
703.562
707.988
709.32
707.676
707.194
711
713.362
714.354
713.697
742
739.885
737.992
736.486
736.304
734.637
731.303
728.754
726.962
725.492
724.293
723.289
722.398
721.587
720.862
720.683
735
731.376
730.647
969
886.945
857.439
850.756
840.07
819.649
798.588
784.427
992
939.151
890.407
863.448
864.859
869.966
857.131
781
779.215
791.902
808.004
806.199
795.486
797.338
822.655
711
720.343
724.09
719
719.229
725.13
727
733.245
738.083
742.256
745.833
748.575
750.153
750.872
751.592
752.947
753.354
812
806.904
802.932
798.768
797.631
794.304
789.096
784.344
719
725.728
723.684
725.051
726.638
730.504
735.878
740.686
744.323
746.331
649
674.774
675.859
678.65
679.882
682.744
688.13
694.267
727
711
712.443
713.368
714.869
713.669
710.599
710.354
710.763
709.406
707.945
707.893
706.341
704.995
703.817
703.416
703.232
680
695
692.383
695.369
695.85
697.591
703
813
799.507
788.338
789
758
765
756.415
749.424
726
724.566
721.763
720.857
717.54
715.58
715.64
743
744.006
740.407
781
780.946
766
797
793.682
787.299
782.918
750
753.423
749.149
664
680.652
680.293
683.121
703
708.906
715.265
721.209
758
760.297
760.443
760.726
760.139
759.581
648
671.317
671.573
673.581
852
807.093
783.083
775.125
765.014
752.186
738.404
727.885
723.833
722.424
722.574
750
703
706.764
707.014
680
683.733
683.36
684.292
686.236
688.349
691.283
694.109
696.755
703
704.607
727
723.853
724.839
724.358
723.148
722.389
719.275
716.919
743
742
738.494
737.789
734
732.859
730.361
728.659
727.541
734
731.148
730.533
730.296
729.981
729.629
703
715.154
742
758
753.966
750.712
750.079
749.296
820
813.675
781
774.484
774.075
776.515
727
730.925
821
773
762.759
763.844
771.925
766
755.388
755.351
750
753.025
748.444
969
897.531
856.141
852.659
766
765.265
762.736
760.762
867
870.99
846.734
827.034
823.033
821.198
814.182
820
812.317
803.511
1117
1010.83
875
750
748.825
757.844
775.601
777.807
774.151
776.49
793.197
816.323
817.467
801.161
793.205
726
727.144
730.477
742
742.925
789
798.731
799.794
793.52
787.49
781.612
777.627
773.748
789
788.464
785.429
784.727
783.672
984
928.339
895.687
879.685
969
955.797
928.475
902.55
902.994
844
797
793.009
795.343
803.906
812.25
782
787.088
794.218
735
804
812.701
815.373
814.838
819.751
836
836.612
832.883
827.938
827.77
824.884
818.468
814.943
813.597
812.249
773
785.555
783.829
783.711
780.788
774
778.754
898
881.202
868.768
813
851
856.447
847.847
727
748.565
759.902
679
689.301
664
669.243
617
601
604
602.523
602.374
602.094
603.699
606.486
609.182
611.751
719
715.414
716.769
789
844
831.326
821.826
820
816.259
808.613
766
759.595
754.842
749.864
742.054
735.353
729.663
724.119
718.501
781
789.454
787.809
782.301
786.328
790.687
790.462
785.063
779.774
778.096
1032
955.918
907.154
888.755
886.502
880.007
860.497
837.811
828.278
830.122
834.869
726
711
712.245
716.378
722.15
726.714
735.346
744.595
760.258
775.029
785.033
791.865
797.073
799.132
798.576
797.799
795.771
791.341
907
890.751
711
742
745.519
749.705
746.534
718
724.725
731.15
737.202
757
759.374
761.655
764.61
812
809.996
792.425
778.683
779.163
784.515
784.069
777.24
771.888
772.037
773.772
711
719.18
711
713.969
977
883.945
844.843
841.705
839.33
823.187
801.781
788.643
785.564
784.558
783.524
781.227
953
927.208
882.061
872.251
873.075
883
865.76
848.595
846.721
850.27
850.45
839.755
828.749
774
779.752
785.108
793.539
792.878
788.72
793.987
803.51
811.751
814.675
813.533
815.149
719
731.214
731.435
734.483
738.617
741.897
747.386
754.137
820
820.253
812.675
807.706
805.902
799.97
792.804
786.378
784.546
783.348
797
792.612
805
799.757
796.261
793.477
790.565
787.496
783.888
781.481
784.579
735
718
719.047
719.617
723.722
728.66
734.689
741.718
748.009
753.654
757.414
760.687
762.32
929
901.308
877.97
861.368
850.557
837.149
822.334
809.616
802.618
798.488
765
763.968
762.561
765.52
781
786.058
788.197
788.487
787.293
961
945.575
925.5
907.485
898.878
884.343
866.259
850.386
838.773
834.388
832.826
830.374
825.94
822.795
821.785
860
1000
981.513
951.135
935.997
933.082
923.072
750
751.174
755.211
768.006
781.002
719
726.366
738.659
755.64
760.647
762.458
789
808.135
812.523
812.71
804
727
732.034
735.19
738.239
914
1031
988.183
941.735
961
958.514
935.206
907.734
888.51
881.149
879.282
875.239
864.266
855.435
852.477
851.662
846.877
828
822.236
813
815.366
816.88
758
766.537
768.034
773.174
969
938.733
917.14
912.893
909.816
726
732.565
734.798
744.653
754.712
764.681
883
898.859
871.358
863.174
863.459
851.859
704
708.105
711.225
718.317
724.599
733.43
747.492
762.696
768.453
768.654
768.434
767.608
727
727.578
726.618
727.017
727.401
727.52
727.774
820
814.861
807.08
890
885.857
852
850.345
847.048
834.732
824.319
822.075
819.893
812.166
806.7
750
756.854
752.922
750.655
748.618
751.718
756.311
761.048
765.97
770.518
774.84
778.949
782.51
785.291
787.11
788.579
789.204
788.435
782
783.277
780.62
891
862.193
849.638
797
801.386
798.713
794.647
788.141
783.887
785.828
790.204
791.823
787.705
734
744.679
750.505
759.677
759.857
755.427
754.124
760.133
766.655
769.1
766.729
766.584
768.647
771.563
875
858.33
843.451
830.284
824.842
819.16
811.267
803.263
798.254
795.413
793.049
789.772
786.206
781
779.462
750
757.635
703
710.101
813
815.536
819.021
821.785
823.689
817.929
808.499
798.654
790.543
783.908
804
801.109
794.973
789.187
785.888
786.692
785.469
780.623
776.329
774.601
777.944
780.35
782.267
783.915
786.854
789.012
789.961
790.303
790.276
790.205
750
735
737.099
737.899
750
789
794.278
766
771.209
771.712
771.222
767.74
687
699.798
702.758
709.239
712.676
852
845.418
825.384
812.876
765
757.955
749.142
742.702
740.914
741.062
742.36
797
803.384
789
780.549
775.32
771.186
766
757.373
750.768
1031
951.875
797
719
719.724
859
857.302
815.381
781.119
1016
921
851.709
813.086
823.388
854.91
854.003
805.781
788.1
802.547
829.6
828.531
792.175
875
886.887
857.114
816.634
823.158
766
767.606
769.467
772.31
773.4
777.317
783.002
787.058
787.621
618
609
613.087
615.056
620.274
625.198
632.607
641.664
651.152
660.073
570
591.604
592.707
592.686
592.95
593.226
593.921
594.669
595.093
595.823
596.576
851
750.83
725.327
718.219
713.093
719
709.918
699.462
719
711
706.373
976
1016
1039
1006.84
973.091
944.728
917.483
773
828
855.811
734
750.136
760.846
945
891.243
860.36
859.177
858.847
849.301
825.272
821.815
823.528
825.165
822.967
816.979
844
797
797.31
795.652
794.991
789.158
785.475
787.464
790.155
792.589
795.43
798.602
801.652
804.069
805.373
703
722.215
722.367
724.865
727
731.779
738.535
758
764.056
766.169
734
741.504
750
751.89
747.829
744.276
883
863.24
851
831.976
829.335
789
781.203
742
741.073
741.696
746.892
750.312
753.27
758.21
761.611
875
774
775.429
776.488
777.69
777.105
775.472
775.242
703
717.313
717.165
687
694.384
696.085
698.642
701.188
758
883
851.461
838.473
852
845.728
831.426
818.068
809.797
803.164
795.404
787.553
781.917
777.948
836
834.183
823.998
814.604
809.296
805.312
799.984
796.937
795.945
798.437
802.109
820
819.585
817.117
813.567
811.848
810.166
688
648
649
672
683.158
695.959
710.501
727.276
680
688.311
688.618
703
707.305
710.485
712.405
714.419
714.925
713.562
695
694.888
692.966
691.004
689.23
688.996
689.67
690.598
691.503
693.429
693.216
693.703
694.007
694.7
695.283
696.793
697.901
699.796
700.625
701.243
953
849.289
816.725
806.577
794.913
775.907
755.583
740.136
961
900.552
883
847.043
836.802
835.239
833.561
816.89
794.748
781.907
780.089
783.126
789
787.956
781.406
778.779
779.967
779.942
776.606
773.838
742
744.877
744.788
781
787.333
790.299
789.54
792.54
794.76
773
772.406
770.534
771.118
769.953
711
722.563
723.433
728.059
728.422
730.844
734.258
737.744
740.21
742.868
745.224
748.042
750.406
751.993
750
751.178
749.972
748.831
747.527
746.784
743.653
742.843
741.892
741.242
740.71
740.375
740.876
741.642
742.467
743
744.007
745.004
727
734.926
734.123
737.157
736.606
737.516
738.68
739.566
739.936
739.763
739.657
758
753.065
752.445
751.589
750.899
750.221
749.037
748.102
747.775
746.408
773
766.256
763.401
761.081
759.584
758.872
756.698
754.768
753.56
752.566
753.259
753.587
753.942
754.35
754.836
754.811
754.74
754.606
695
714.961
715.321
717.997
719.41
723.05
851
805
793.077
791.04
790.366
781.733
771.478
640
673.948
677.13
686.335
688.543
691.426
698.842
708.605
734
735.487
732.583
730.62
730.759
733.58
733.285
732.584
750
745.058
738.982
738.818
737.837
736.062
733.955
732.425
731.576
731.019
730.573
730.061
730.868
731.779
732.433
733.207
733.939
734.752
703
715.489
715.014
717.272
716.428
719.065
721.577
722.98
723.384
723.11
722.935
844
818.854
803.167
793.398
788.493
890
867.463
841.873
823.103
818.495
822.34
820.801
808.446
794.815
906
895.242
872.38
841.575
711
730.951
737.05
750.653
754.487
805
922
929.375
903.833
885.309
880.76
869.859
852.462
833.104
818.248
811.851
703
706.287
708.028
711.905
719.916
729.153
860
879.861
866.638
781
783.259
781.698
778.711
703
706.531
707.959
712.598
715.313
891
891
781
773
778.256
781.545
750
744.824
752.433
844
822.011
790.236
777.557
791.728
806.076
792.895
734
711
719
737.582
748.494
742.639
733.255
738.156
750.945
758.75
751.436
737.852
688
692.095
680
683.689
686.74
689.668
691.594
695.127
648
658.076
657.087
658.667
649
650.768
652.491
654.833
656.508
658.019
659.97
662.266
688
687.524
686.609
686.514
686.799
727
723.41
717.611
715.495
716.277
715.638
711.551
707.924
706.619
705.855
758
752.008
797
790.929
783.878
750
744.793
738.309
789
788.105
783.699
774.003
768.11
765.535
762.186
756.849
1039
948.391
892.376
862.657
758
754.657
753.818
852
854.865
826.34
800.923
799.147
810.983
826.306
824.094
800.291
671
681.878
648
651.482
653.977
649
650.981
655.208
661.355
668.269
675.921
682.978
689.077
694.186
698.118
701.406
703.769
719
812
802.46
828
825.241
821.224
818.034
814.23
809.817
812
808.001
1000
949.256
960
945.307
928.435
909.699
890.103
871.428
857.653
836
833.803
836.03
828
828.458
831.874
834.456
833.31
742
748.687
695
692.83
689.86
690.971
695.92
705.457
718.011
875
781
787.099
792.198
792.54
788.882
784.007
780.803
777.171
772.329
769.149
765.572
763.905
761.571
759.012
755.224
742
742.455
738.224
695
687
686.253
686.987
690.326
844
836.576
781
783.856
783.79
775.812
764.124
754.452
748.782
744.782
739.899
734.339
729.78
687
703
703.016
705.76
705.546
711
715.577
735
740.161
743.433
745.519
747.338
747.448
745.18
742.574
740.738
739.232
737.948
737.009
735.397
733.841
732.768
732.234
750
744.951
744.435
743.249
742.991
743.556
743.634
743.695
734
737.662
737.748
738.646
738.605
739.195
740.071
773
774
769.448
765.911
750
757
754.096
752.166
749.976
749.623
750.148
735
738.043
774
734
740.972
743.091
744.328
743.759
743.398
773
769.001
765.02
922
852
834.752
797
797.442
790.041
766
766.239
852
839.713
817.667
797
809.69
817.452
802.7
743
755.826
776.684
785.453
764.519
734
746.847
773
780.85
763.655
746.714
754.1
770.795
750
744.939
744.148
750.276
755.779
756.643
735
737.334
742.463
747.658
750
745.263
744.246
687
698.849
734
737
736.581
732.923
758
750
695
711
712.989
713.113
765
754.808
748.277
747.744
749.379
703
712.275
711.938
708.727
820
799.493
784.926
883
836
819.88
734
743.978
741.766
735.885
733.934
737.065
742.86
744.658
743.499
744.169
744.801
743.967
741.828
742
797
793.139
786.417
786.603
789.499
787.891
781.975
776.896
789
783.141
779.517
775.903
718
729.181
789
820
809.351
796.174
758
758.369
763.113
768.94
768.369
761.43
754.774
875
877.718
859.06
827.161
812.083
818.239
826.95
818.732
774
750
755.282
768.705
750
766
770.497
776.026
726
730.918
734.384
741.613
744.704
744.474
748.718
754.914
758.769
789
784.82
781
779.493
777.965
775.802
772.542
768.154
758
750
751.389
748.926
747.523
746.587
747.324
748.361
749.378
750.359
751.435
906
875.591
858.715
847.339
838.33
805
793.425
784.828
779.906
778.788
778.401
734
739.151
727
728.487
711
713.81
716.29
718.911
727
789
804
805.524
806.014
807.129
803.286
796.564
696
706.799
705.745
707.078
710.165
714.93
721.432
867
853.464
831.538
817.421
742
737.826
734.807
733.454
733.771
734.374
735.31
736.656
737.776
734.111
729.277
725.793
723.318
721.214
945
892.179
852
836.264
828.745
815.185
795.805
778.841
768.53
765.935
766.912
767.768
766.967
765.802
764.849
764.297
762.55
759.352
756.263
755.097
755.764
756.697
758.317
760.22
762.346
750
754.213
755.984
756.732
756.544
757.42
759.021
759.589
759.746
759.627
734
742.684
820
807.343
797.908
791.771
793.509
790.879
784.63
777.893
774.249
773.156
789
783.429
875
860.862
845.07
836
832.661
825.439
816.136
809.043
806.604
804.508
801.382
797.844
796.245
795.603
793.693
792.248
789.523
787.021
914
758
783.686
789.921
789.287
787.919
793.103
758
777.474
777.541
776.67
777.178
778.938
779.314
778.346
777.643
776.316
774.811
719
743.556
743.904
750
746.843
719
730.575
734.805
738.332
727
728.866
733.059
737.698
739.785
738.074
738.496
813
805.467
795.009
786.923
786.859
783.147
776.689
769.546
851
837.478
823.429
814.055
818.055
812.583
801.977
711
727.99
695
699.478
699.18
703.124
708.934
734
828
828.748
817.219
813.623
810.032
836
828.37
818.377
809.181
802.935
798.43
793.114
787.15
781.51
778.035
777.107
776.777
805
800.432
799.346
802.549
805.945
789
735
742
741.521
744.263
746.987
751.531
757.552
762.561
765.474
766.824
767.919
768.409
767.65
766.382
898
877.091
859.973
846.315
841.529
831.684
820.139
810.692
805.59
802.276
648
682.845
685.077
696.215
705.87
714.929
725.769
736.078
744.156
751.088
757.285
762.324
765.412
766.365
719
725.104
724.264
723.971
722.444
722.626
722.164
721.38
720.24
718.855
718.489
718.389
718.58
719.19
720.743
723.211
773
774.367
771.687
789
789
785.886
828
821.24
815.002
811.459
808.669
803.759
797.855
793.233
789.783
828
818.42
812.337
809.223
687
680
664
662.388
640
656
660.517
671.77
683.013
640
651.847
654.017
656.703
658.52
695
672
679
680.338
680.965
680.635
677.883
719
715.497
711.709
710.059
710.732
708.683
705.061
711
707.684
899
834.956
807.741
800.851
795.583
786.128
771.799
760.536
755.313
752.115
750.713
747.388
743.393
1008
928.896
899
875.525
868.84
855.751
828.821
810.44
802.582
976
965.122
925.828
804
802.894
742
741.051
742.433
745.493
746.332
711
714.557
719.38
679
680.598
680.855
682.342
683.846
685.483
689.015
694.087
697.564
699.818
702.698
805
795.472
757
760.721
704
707.691
750
747.732
740.942
733.895
733.957
665
679
674.951
671.137
668.426
666.743
667.914
669.985
673.54
676.391
679.238
681.839
684.723
685.125
685.85
687.92
689.52
690.346
689.729
691.014
690.058
689.414
688.447
687.668
686.151
684.603
683.838
683.279
703
699.616
699.054
698.635
698.518
698.239
697.137
696.332
672
682.633
681.179
683.303
711
707.999
706.981
705.705
704.785
703.293
700.439
697.439
697.066
696.829
696.796
711
706.008
705.064
704.265
704.305
703.619
702.757
701.895
701.034
702.538
703.527
704.498
705.331
706.087
706.741
742
737.251
733.056
730.289
728.58
734
729.114
725.686
723.476
722.44
718
717.258
716.039
976
872.94
835.336
828
852
841.607
817.014
799.209
798.379
799.25
727
734.43
735.236
774
775.093
771.06
860
858.269
781
805
817.019
804.864
794.534
800.715
804.551
793.579
790.957
796.21
797.184
656
694.549
699.554
708.703
710.144
714.319
727.246
738.167
744.287
746.758
750.737
773
772.225
770.032
769.227
770.225
769.342
763.64
758.374
656
671.061
680
681.933
686.352
690.821
820
817.801
803.551
795.673
882
873.181
852.632
835.274
834.281
832.417
688
707.381
714.172
722.738
1055
928.935
1032
960
910.828
910.326
719
729.084
729.963
732.384
734.992
742.25
797
812.345
852
852.006
757
759.112
755.858
752.836
753.422
754.801
758.941
761.442
762.41
761.886
758.401
711
715.183
713.481
734
736.549
737.248
739.85
743.437
746.601
746.827
734
711
703
702.015
703.729
706.26
708.595
711.115
713.639
758
762.2
759.095
696
664
666.803
668.163
673.477
678.348
682.352
686.56
656
625
629.047
630.516
649
672
678.715
678.972
679.504
681.69
682.304
680.148
677.034
674.134
671.824
670.234
669.013
667.806
666.863
667.029
667.31
667.081
666.884
945
830.51
796.817
788.087
766
745.926
726.789
713.977
711
710.101
710.125
709.199
679
679.216
677.658
677.443
677.006
676.308
675.567
676.687
677.607
820
817.766
803.438
790.034
783.025
773.495
761.671
750.689
742.583
737.939
734.451
731.787
728.349
724.85
721.121
695
695.994
691.082
690.58
692.232
695.086
698.902
703.1
707.263
711.023
714.545
844
831.472
819.882
811.123
804.832
937
917.405
953
931.774
976
971.359
843
844
842.384
984
950.322
920.549
781
812
828.465
838.309
828.526
703
721.729
736.833
775.929
679
686.791
700.768
729.818
703
699.899
709.35
734.94
719
708.725
715.138
727.683
750
730.293
716.442
729.419
820
803.885
776.277
760.148
767.824
778.368
775.499
759.945
750.209
781
750
747.057
741.589
742.619
844
825.281
805.548
789.717
790.842
679
692.855
693.166
695.086
698.767
704.094
579
570
575.798
576.87
581.58
609
633
648.789
661.974
680
689.926
695.006
695.045
694.456
690.597
685.932
680.471
674.913
669.703
667.7
726
721.053
716.232
715.283
765
765.316
759.063
754.134
726
725.08
720.856
716.052
719
716.154
715.213
714.859
714.231
712.514
710.019
648
665.398
664.538
665.848
657
659.838
662.744
664
667.093
670.177
673.558
676.81
679.528
681.649
683.019
684.302
684.247
683.409
682.506
682.117
680.938
680.333
679.824
679.157
678.112
678.042
875
806.477
782.766
797
791.808
797
773
762.805
756.715
703
710.261
703.559
688
688.057
687.6
689.518
828
750
749.878
836
789
786.574
786.983
784.167
718
782
804
777.458
771.667
780.01
774.364
836
806.29
836
766
789.594
688
712.194
710.203
641
659.475
658.628
660.429
688
694.63
702.628
782
779.811
777.831
777.807
776.065
775.827
771.224
688
704.992
702.073
697.987
694.012
734
736.634
732.2
731.687
733.325
657
742
992
883.054
837.299
781
735
725.826
722.193
633
636.81
635.891
636.134
637.362
649
654.61
664
667.885
669.96
670.638
670.074
670.488
672.737
673.663
805
828
815.438
802.053
794.742
787.681
779.45
704
711
679
672.82
665.722
663.689
663.372
665.184
668.094
671.368
648
651.392
649.355
650.282
650.885
652.499
654.807
656.874
658.326
659.511
660.82
663.19
663.291
663.435
663.265
663.313
663.091
662.94
663.03
662.731
899
805.63
779.999
719
710.75
698.641
664
661.229
659.502
660.16
661.243
661.802
662.282
662.524
662.007
610
640
639.463
639.866
688
693.602
696.161
698.931
797
791.733
780.447
772.337
768.808
763.606
755.595
747.491
742.032
664
680
673.723
670.935
667.06
664.751
667.548
670.819
673.907
677.372
681.214
685.503
657
664.447
664.236
665.173
665.145
805
781
766.38
759.454
755.389
748.447
738.753
730.266
734
774
771.079
759.057
751.575
750.14
747.282
804
791.879
775.779
763.238
768.248
773.517
771.784
763.97
898
805
791.987
795.996
798.695
787.46
836
823.732
807.106
807.067
696
722.558
722.584
722.517
688
699.893
680
687.096
657
667.373
667.781
670.255
679
682.092
686.357
898
832.847
808.043
804.261
800.108
784.704
766.882
752.883
744.906
740.42
736.024
731.373
727.77
725.56
722.997
721.139
719.363
717.457
715.86
742
749.34
755.171
760.414
742
745.365
743.656
718
721.849
720.419
721.952
722.417
723.184
724.216
724.806
725.29
725.344
725.176
724.856
724.757
725.006
725.994
728.093
867
839.043
822.597
812.499
805.592
794.491
782.779
687
694.724
695.026
699.306
735
752.051
761.903
763.881
828
830.77
815.818
672
687.059
689.467
688
691.786
695.557
702.006
710.777
717.758
718.678
717.96
656
665.989
667.735
671.049
672.44
726
735.667
664
678.333
681.614
682.344
678.823
676.55
678.857
681.341
681.838
797
773.338
754.931
751.794
752.618
745.583
735.526
728.172
727.862
725.613
722.209
717.989
715.187
712.896
710.396
703
702.684
699.831
698.99
697.661
656
674.244
672.981
675.623
676.989
679.716
687
691.032
694.54
696.352
697.729
773
768.009
773
766.381
761.289
820
810.915
797.784
788.483
787.289
734
735.918
672
672
669.025
669.389
673.149
813
809.49
794.914
795.754
795.253
784.475
771.174
867
862.427
845.648
828.909
823.353
750
746.043
727
721.15
774
785.2
782.38
783.474
790.496
758
758.032
753.332
750.526
747.002
744.4
745.748
804
809.75
802.866
796.659
793.378
758
742
797
793.878
790.462
782.983
782.459
785.174
680
704.074
706.409
640
654.853
656
672
676.276
684.216
649
660.922
662.655
664.188
663.701
665.013
668.091
679
679.368
679.228
679.85
678.746
677.915
676.631
674.985
719
714.215
664
674.199
656
658.71
656.599
655.591
655.791
664
680
681.048
682.032
683.396
683.958
719
711.248
743
734.506
742
797
789.557
782.452
734
736.513
828
809.868
790.73
776.624
778.925
785.958
789
777.044
765.38
765.278
772.702
777.755
771.035
759.391
805
809.761
804.176
718
732.674
744.228
753.899
749.906
741.892
746.97
755.988
761.626
756.098
748.658
750.852
756.873
761.105
756.653
758
754.375
757.415
759.57
758.045
756.259
755.748
649
677.351
678.329
681.556
684.143
789
794.967
750
755.245
758.321
753.319
744.925
739.298
738.954
737.896
735.068
732.473
711
715.615
715.765
716.969
714.116
711.834
712.114
714.144
716.741
718.617
758
761.407
762.031
760.181
758.056
754.865
750.81
1157
973.233
893.557
889.217
884.636
866.318
841.773
830.071
827.96
827.477
825.724
822.395
820.369
819.91
819.222
665
671
673.055
673.183
679
691.092
707.944
725.519
740.565
750.573
756.819
761.485
764.273
765.024
764.51
763.86
762.757
760.615
757.592
641
648
647.456
645.794
646.895
648.879
653.286
658.756
851
817.367
797.975
792.921
788.08
750
736.241
727.076
805
808.763
792.296
774.198
797
806.028
797.841
778.68
764.067
765
770.028
765.598
758.218
703
750
757.814
765.239
727
724.628
734.884
672
656
658.123
649
650.925
651.277
654.576
658.929
663.632
750
748.942
743.664
744.533
743.48
740.367
733.719
728.605
723.064
687
719
711.999
709.484
704.384
702.742
702.693
701.88
774
762.894
753.505
781
711
726.433
721.872
716.777
712.888
712.409
712.814
712.202
711.311
711.328
711.33
712.003
711.459
710.381
708.763
859
817.44
801.337
792.735
788.699
778.391
767.853
844
834.88
812
800.918
801.707
800.043
789.565
778.102
961
937
892.491
869.153
881.475
880.671
680
719.971
732.684
757.489
759.148
764.757
784.445
803.583
803.178
799.28
852
854.765
773
750
756.917
760.505
789
813
810.216
808.475
803.128
796.962
790.038
783.62
778.597
774.986
772.795
772.064
769.964
768.005
767.836
769.739
770.3
769.79
768.726
768.254
891
875.459
864.664
854.298
848.257
837.913
827.258
817.916
812.085
807.671
803.805
799.804
796.166
758
762.815
764.098
768.017
770.178
771.155
776.032
773
776.762
797
800.728
802.337
803.32
804.104
803.05
801.099
798.713
758
765.171
763.661
763.046
762.112
718
729.439
731.409
737.395
737.386
739.263
765
771.909
695
711.987
716.174
717.731
716.019
742
745.608
744.935
744.697
746.728
746.8
766
756.261
752.304
751.204
751.706
844
820.011
804.633
860
852.529
838.23
828.526
824.76
757
763.312
781
775.425
770.234
789
794.116
786.062
784.796
787.918
783.818
766
769.74
711
680
681.056
680.074
683.932
679
735
749.791
756.72
761.992
766.861
767.161
766.177
763.62
760.675
757.728
754.855
751.778
748.829
746.787
743.849
789
782.039
776.816
772.753
770.084
768.304
764.684
761.413
687
706.996
706.851
710.672
712.125
715.881
789
766
797
791.847
742
748.132
745.551
741.126
735.598
734.56
736.616
738.362
737.628
765
782
774.699
768.411
763.62
759.878
756.813
755.057
752.931
875
858.496
843.135
831.949
742
747.848
774
777.063
773
762.907
760.392
766.11
773.508
703
714.253
717.869
672
680.516
682.618
758
760.997
759.53
759.688
765.39
762.664
727
729.849
728.16
726.149
723.121
722.057
723.111
723.718
721.784
720.196
742
737.165
734.203
731.836
734.919
735.651
735.044
734.435
734.798
736.046
735.357
1015
898.552
857.224
850.367
938
918.785
883.752
857.36
857.214
860.144
850.705
703
723.567
733.547
762.782
648
669.169
690.04
640
664
676.984
664
679
694.158
702.155
703.857
710.817
716.151
820
791.467
777.64
719
725.063
724.253
718.974
664
668.514
669.069
672.625
671.143
669.051
766
768.572
742
738.067
744.222
744.303
731.653
726.61
730.121
731.68
726.989
721.833
953
875
831.285
820.143
818.674
695
701.246
781
783.625
765.035
875
874.641
836.011
1016
948.619
888.8
888.506
886.366
853.626
750
768.291
734
733.816
734.441
739.188
696
711
712.279
727
728.572
732.379
737.925
745.042
751.639
755.299
757.814
759.214
759.319
836
828.987
844
837.64
832.397
827.508
821.48
816.312
811.417
808.234
805.117
802.012
798.398
794.685
791.318
788.686
786.847
785.053
783.06
784.044
787.147
790.73
794.033
797.632
801.536
719
740.091
688
694.236
692.875
694.765
609
636.799
636.799
578
600.25
598.328
598.404
599.319
600.724
603.089
604.689
606.153
607.323
608.342
609.354
610.455
992
796.231
739.697
736.483
733.04
899
827.819
771.166
752.615
752.157
754.503
754.045
741.825
730.423
729.472
732.902
735.015
731.526
724.398
726
729.803
733.103
729.038
722.469
721.259
722.815
726
727.667
728.612
813
814.319
811.394
807.66
806.12
802.35
796.926
791.999
788.214
785.323
782.064
777.904
774.099
770.974
767.983
766.663
765.02
763.183
766
764.153
767.894
770.83
774.265
777.825
757
762.986
859
846.156
835.078
825.924
824.257
818.607
810.859
812
806.27
868
843
833.314
826.697
829.983
826.983
818.434
810.584
809.037
807.829
807.422
806.566
719
739.844
741.676
748.947
750.913
753.422
977
992
955.866
932.8
929.221
908.638
882.047
862.462
857.869
857.328
854.14
836
830.245
831.531
831.749
766
769.94
771.467
772.501
778.422
726
742
719
722.918
722.669
724.573
728.565
844
820
815.739
815.954
818.5
812.202
801.481
796.574
792.539
787.4
984
914
758
758
805
818.413
801.224
783.512
785.911
806.29
819.871
806.702
766
813
812
820
788.942
777.003
750
762.798
771.581
774.333
867
833.686
817.991
811.577
813.538
816.042
808.03
797.613
791.585
790.006
789.643
785.351
780.453
777.604
778.469
779.505
778.339
775.161
890
875.169
864.536
774
787.481
789.475
789
781.243
776.752
781.833
790.019
793.686
786.246
779.605
779.984
787.53
792.127
787.506
779.281
777.764
782.452
797
791.703
907
891.792
878.207
773
703
705.45
706.087
711.359
1063
950.126
891.57
882.122
878.39
726
723.29
724.117
729.879
736.986
738.909
890
894.686
860.598
846.142
845.293
842.654
829.59
813.506
810.324
774
773.929
772.85
898
930
908.044
790
781
784.886
799.131
807.445
807.645
800.93
799.239
766
768.056
773.938
784.289
813
805.915
789.045
774.322
771.912
775.339
778.32
777.823
775.72
774.794
776.304
778.674
782
780.453
778.037
777.705
778.103
778.536
777.884
777.534
780.198
781.611
781.743
852
840.842
835.488
1055
1031
997.033
987.238
974.903
951.094
932.363
922.631
913.426
903.009
897.833
895.548
892.514
887.682
881.952
876.726
874.89
870.382
866.13
867.143
773
786.218
785.298
790.712
796.648
806.154
817.469
827.428
834.155
838.325
734
748.827
748.665
750.316
751.086
753.813
759.339
765.734
770.61
772.412
772.856
774.229
774.855
1023
937.477
894.16
885.215
805
795.993
757
746.53
745.417
748.231
751.884
755.007
758.162
760.763
761.537
761.844
891
885.647
864.014
774
776.31
776.945
782
780.684
772.051
770.39
775.491
782.294
781.165
772.4
765.466
656
675.562
678.489
686.214
695.609
704.34
641
655.03
672
678.791
684.849
686.867
689.764
703
758
763.536
797
785.644
804
804.079
798.262
790.515
784.293
779.269
851
837.662
828.285
821.593
819.997
815.808
809.276
801.911
796.647
794.687
792.979
792.274
757
768.129
769.985
774.831
770.831
796
782
785.529
788.561
790.594
791.443
791.299
953
812
819.291
782
784.649
783.065
781.767
782.532
784.069
797
795.77
794.648
793.519
792.46
790.638
789.243
787.399
860
842.883
773
789.926
794.129
790.636
783.533
786.862
790.196
788.689
784.067
784.122
786.775
786.915
783.657
782.796
679
707.871
710.922
717.175
820
825.86
789
788.834
786.854
783.293
775.159
680
703
705.077
711.795
713.367
715.047
719.096
726.214
773
766.394
719
722.301
729.154
735.316
732.307
797
788.769
778.467
770.338
771.043
766.026
759.072
753.405
751.502
750.992
749.479
821
812.858
802.113
799.069
750
754.546
749.911
745.901
743.381
718
723.43
725.114
730.372
732.561
733.579
736.489
695
702.86
702.725
705.254
706.228
707.422
709.331
766
765
760.345
755.584
754.715
752.619
813
801.846
789.671
781.406
779.067
777.797
771.416
764.529
782
835
828.58
814.966
805.434
807.798
806.269
799.082
790.14
786.034
786.98
789
821
817.902
812.159
758
764.754
768.462
773.724
773.417
768.565
977
942.048
844
781
785.129
793.683
794.244
781.399
778.838
793.995
814.338
812.7
786.041
782.981
929
917.045
868.695
824.816
826.068
850.832
695
711.109
717.064
734
739.195
747.493
763.787
778.423
779.026
777.947
779.709
750
758
719
723.005
722.493
722.772
723.223
632
633
632.786
630.69
632.736
634.821
593
594
595.088
679
689.276
693.507
735
745.889
758
754.008
746.09
736.371
695
689.263
681.909
675.577
671.04
667.324
665.232
750
750.889
742.359
735.549
733.538
728.676
680
682.977
773
774.162
734
797
801.724
789.074
758
760.633
764.344
718
720.893
726.979
734
726.683
726.239
731.433
735.249
729.299
725.421
728.292
731.261
730.936
729.143
731.185
733.488
601
651.101
653.412
658.393
659.2
664
711
721.162
722.145
722.745
724.33
723.952
720.729
716.388
805
784.447
769.587
764.953
774
766.565
758.675
752.294
749.631
747
742.999
739.395
737.846
737.307
736.169
735.072
641
676.359
676.07
681.829
683.015
656
668.115
670.721
675.715
676.816
678.306
681.503
685.638
688.427
689.133
689.735
690.71
691.298
691.457
690.812
689.489
689.439
689.421
689.567
688.695
586
624.887
623.116
624.598
624.84
648
652.518
633
640.87
643.341
645.287
657
655.14
656.348
657.202
658.156
657.28
656.177
625
637.46
634.5
634.954
635.079
703
697.272
692.647
690.944
691.236
687.533
682.531
687
682.404
679.611
672
670.961
665
664.202
661.627
660.829
659.844
658.925
812
775.92
761.418
754.742
749.492
739.502
729.257
720.042
713.694
708.289
703.579
699.055
695.103
750
752.881
743.383
782
1031
955.216
909.614
813
801.828
791.751
781.416
953
928.529
984
959.967
921.113
894.938
758
726
726.532
736.616
758.501
774.428
790.869
810.096
824.712
828.081
852
850.301
837.877
825.859
899
901.256
893.331
821
821.775
830.853
832.175
822.334
718
726.669
828
766
761.88
761.675
781.208
798.543
792.788
774.334
775.326
792.493
891
851.902
816.012
803.402
812
827.472
822.123
796.849
781.713
791.87
808.027
813.084
799.92
782.412
785.053
799.46
807.511
766
760.366
769.391
781.214
785.686
859
836.11
1008
985.292
944.01
926.406
923.978
905.355
883.184
870.958
869.4
867.794
899
892.502
881.849
878.623
877.011
870.891
861.302
851.494
847.967
849.517
851.777
711
735.931
736.777
745.556
751.92
759.767
770.65
781.289
789.973
796.019
664
694.354
696.336
701.097
701.887
703
708.292
715.495
721.86
723.277
722.983
724.211
703
703
702.787
704.05
727
734
729.566
730.457
731.679
731.587
729.226
726.458
724.339
735
733.102
732.279
730.943
730.836
730.466
729.669
729
728.315
727.752
758
754.056
753.206
750.74
749.21
747.297
744.27
741.393
739.321
737.892
737.183
736.362
735.714
735.225
734.928
734.849
734.676
734.402
733.901
734
703
722.613
719.717
722.736
743
740.751
741.25
741.226
740.879
734
688
687
686.96
688.601
695
698.43
702.879
706.906
709.725
711.726
843
824.816
807.592
719
721.987
721.819
721.624
719.93
633
650.801
655.677
666.103
671.433
671.962
674.607
683.519
694.024
699.311
697.686
695.959
698.941
702.137
702.702
664
673.548
673.418
675.073
672.451
671.705
672.441
673.217
673.788
704
664
664
665.911
666.431
665.75
665.501
666.984
668.496
812
775.813
758.123
750.157
711
706.571
697.948
691.66
742
742
733.37
724.401
718.432
714.625
750
746.45
735.458
722.681
715.864
716.418
727
727.728
722.605
719.618
726
726.828
726.473
722.374
687
695.749
812
803.477
787.624
771.282
930
843
805
791.457
742
746.731
746.409
744.872
741.372
740.555
812
812.134
789.843
773.62
773.799
703
709.438
709.859
710.484
711.841
714.715
719.446
648
665.216
664.95
665.415
875
821.483
793.346
787.389
742
727
716.802
695
692.156
691.097
692.592
804
790
766.126
754.629
753.066
751.421
745.919
737.589
731.141
730.113
729.283
727.517
724.449
719.819
716.478
716.243
714.282
710.857
706.696
706.093
707.765
709.855
712.475
715.676
719.221
722.983
757
758.137
711
719.522
758
718
721.706
723.496
723.197
721.184
720.033
720.079
719.577
718.412
717.463
717.616
717.972
711
695
695
719
715.517
711.996
695
701.749
703.367
705.829
704.747
704.869
641
660.176
662.316
666.062
667.236
668.52
671.159
675.369
678.52
664
666.843
667.559
669.158
668.08
667.161
668.833
688
648
660.178
659.624
664
661.854
662.232
663.098
663.915
664.303
664.258
664.492
664.388
664.529
664.416
664.781
656
658.707
658.943
659.403
661.073
660.699
661.658
662.309
663.139
663.47
703
699.019
696.14
789
776.864
767.391
765
762.673
757.716
750.614
746.086
742.793
738.867
789
781
771.466
766
687
702.64
695
693.016
690.214
691.793
696.019
700.995
706.531
710.886
703
706.943
672
640
642.885
640.961
641.486
640
642.182
696
702.987
706.53
708.106
710.038
708.592
705.671
702.219
699.251
696.903
694.637
743
739.849
774
769.357
763.216
756.679
750.144
744.093
738.484
742
739.694
738.649
736.515
773
772.473
769.617
765.272
762.089
687
701.168
699.662
701.191
719
695
688
691.163
694.019
697.259
698.761
695
696
698.656
727
727.795
726.852
725.237
742
739.505
735
731.12
729.274
728.144
726.603
724.189
649
668.131
666.997
679
678.569
681.046
684.587
688.619
692.95
695.35
696.62
697.79
699.555
700.54
700.546
700.776
700.544
699.294
698.143
697.891
694.541
693.509
692.093
691.703
691.291
691.129
690.98
691.877
692.8
687
690.605
691.292
692.512
693.502
694.518
695
696.051
696.949
697.527
697.891
698.236
698.484
649
665.034
662.474
664.63
664.996
668.526
672.604
675.724
677.541
679
678.932
678.892
678.213
677.379
676.493
677.48
696
692.094
688.643
688.968
688.37
687.926
686.488
685.603
685.117
684.871
684.687
684.471
742
737.944
733.813
730.254
728.578
724.394
719.452
765
774
767.409
760.442
757.566
754.03
748.745
742.603
738.156
736.272
734.781
733.006
732.334
733.812
735.556
735.816
735.96
736.01
735.905
735.541
738.747
734
773
770.169
769.582
735
740.789
739.523
718
720.169
726
727.183
727.475
728.177
729.799
664
681.094
682.403
684.938
686.328
688.596
693.457
698.432
702.119
704.798
705.867
656
668.5
727
720.039
867
836.794
811.23
794.237
778.677
763.76
749.967
738.795
730.797
726.101
724.59
723.655
722.066
719.388
766
773.847
766.745
757.166
797
801.264
800.659
793.897
790.477
788.695
784.412
805
796.821
790.999
787.844
787.268
786.396
781.914
777.421
776.718
777.101
777.409
776.673
775.671
820
817.532
816.457
812.859
810.399
806.679
802.272
798.473
795.734
794.056
792.614
791.34
790.27
789.382
788.447
788.431
787.882
786.791
785.746
711
735.46
736.241
740.036
741.866
746.788
752.282
758.041
761.971
763.614
764.973
836
765
773.737
774.576
772.933
768.128
767.95
768.979
768.066
764.626
763.539
762.255
761.115
727
739.898
737.892
738.857
737.86
738.662
741.72
744.76
746.458
748.988
751.119
752.891
753.004
752.789
891
857.846
840.437
829.16
824.083
813.671
802.37
727
742
781
774
768.906
767.421
775.792
789
786.855
773.484
766.772
922
891.445
867.939
845.18
836
842.264
839.529
822.635
810.341
810.641
820.443
824.837
815.572
803.885
801.26
811.411
789
787.172
711
724.549
726.879
672
680.78
682.495
687.426
692.541
699.044
706.97
715.259
773
776.424
777.346
779.91
750
752.755
747.781
743.692
867
848.082
828.025
815.906
930
914.848
887.915
863.747
861.572
862.056
766
771.026
775.762
781.694
776.776
777.311
787.739
795.521
793.048
789.526
793.976
799.507
798.928
794.805
796.619
800.223
801.513
800.424
797.199
799.22
797.441
820
814.234
812.399
809.694
808.253
807.249
796
797.418
796.631
796.749
796.716
796.749
797.132
797.573
798.063
798.909
742
757.939
759.506
762.977
764.414
768.476
774.441
779.584
782.3
867
891
877.488
864.538
855.827
846.307
836.506
827.576
822.076
819.346
816.094
704
716.638
717.977
723.861
731.201
739.257
749.55
759.424
767.654
775.517
860
861.536
854.393
849.887
846.662
837.06
826.928
818.287
750
766
760.935
759.925
756.977
759.045
820
823.407
816.52
812.148
812.465
750
755.664
726
727.044
726.807
729.623
733.431
737.825
742.805
745.92
748.975
812
808.683
804.516
802.486
802.518
867
922
904.054
883.623
873.347
866.188
858.693
849.368
839.983
726
731.497
734.008
744.726
756.444
768.424
696
706.042
712.198
721.622
730.344
738.524
747.178
891
892.147
873.674
853.775
846.826
1101
883
851.414
850.862
1243
1053.35
859
856.029
1094
1188
983.864
750
757.416
824.477
922.793
898.503
961
960.984
952.354
1125
1098.28
981.251
820
822.1
857.893
797
793.418
799.894
828
838.258
915
916.587
992
813
828
867
868.123
853.288
1054
1022.72
954.855
951.137
951.755
797
804.616
814.02
984
933.25
907.197
844
846.159
847.472
812
803.525
802.664
806.653
810.505
811.197
860
877.379
875.396
858.548
856.347
852.857
842.835
829.86
844
849.372
847.007
841.795
875
877.084
871.921
865.849
862.915
859.37
854.642
849.77
850.422
851.839
851.473
851.159
1243
1072.55
1000.22
1001.21
996.393
960.474
944.064
942.419
940.44
934.49
929.234
1102
844
861.794
871.876
742
758.564
765.407
764.949
766.169
785.363
800.596
859
821
826.313
833.228
831.658
830.24
829.975
828.914
826.678
825.941
821.827
819.215
818.823
815.882
812.774
809.056
805.883
803.879
803.059
594
735.257
730.837
737.321
736.678
741.189
745.986
672
709.572
708.504
708.624
708.33
709.32
711.8
712.508
712.286
711.478
710.822
710.529
709.351
706.365
707.958
708.587
710.084
709.644
710.612
758
754.862
753.516
753.311
753.958
751.993
748.335
744.964
742.153
739.418
737.144
735.054
733.332
731.852
1188
929.723
863.531
862.582
860.408
852.621
839.321
833.837
832.736
832.199
831.021
828.647
826.805
825.716
824.558
823.716
773
777.023
775.803
775.425
766
770.387
1149
1004.38
943.877
942.939
940.185
913.762
882.745
879.638
880.232
879.023
868.778
1031
1002.96
948.005
943.338
948.329
937.256
900.005
893.485
896.955
898.41
914
905.26
904.268
910.594
907
897.91
888.181
885.925
867
821
821.285
844
852.896
861.938
1188
1087.55
1034.9
1037.62
852
867
870.439
871.004
866.618
867.062
852
854.461
856.319
855.626
797
799.922
802.723
808.268
808.054
808.377
818.162
828
831.064
830.922
832.554
835.887
837.642
953
936.596
922.401
911.212
914
908.511
867
864.147
773
776.865
775.268
777.843
783.407
792.599
804.775
813.502
819.392
823.435
825.25
826.071
914
909.081
904.481
898.257
895.478
914
903.579
892.496
774
782.194
844
852.897
781
787.772
803.287
819.077
814.591
798.88
804.021
824.249
833.492
726
739.961
753.355
767.278
921
875
837.502
835.122
841.016
781
775.851
775.06
828
832.348
816.368
813.526
817.752
789
780.305
778.527
778.533
777.581
775.928
777.513
953
923.546
897.87
880.227
878.432
865.095
846.454
832.586
946
804
813.147
818.273
817.56
812.497
815.332
822.081
750
769.241
769.776
768.954
770.135
778.929
783.377
784.219
784.764
786.046
785.896
784.556
785.556
785.367
680
703.814
704.478
708.141
875
882
863.212
849.368
758
754.562
748.942
745.544
745.885
747.374
748.68
749.972
937
912.415
872.565
848.631
835.054
823.218
810.468
794.123
867
877.651
864.948
842.868
765
768.195
773
782.37
782.764
773.275
766.915
859
882.291
872.01
845.79
830.347
834.395
688
664
666.277
633
636.002
641
645.655
651.77
789
802.594
799.122
799.565
797.962
786.014
688
691.608
690.79
690.294
727
750
749.604
744.993
739.999
731.633
726
711
702.713
697.19
697.409
698.504
700.258
773
783.436
781.071
776.239
805
805.469
798.054
790.164
785.096
750
747.692
742.487
739.159
736.012
766
768.284
766.724
763.451
760.798
758.54
757.783
756.483
755.501
781
782.925
783.172
766
757
711
716.601
714.658
717.594
720.82
725.2
731.422
737.175
741.564
742.933
765
765.947
764.076
761.604
759.415
758.638
756.917
754.885
753.737
752.097
657
679.959
679.668
682.389
685.204
690.388
750
760.187
759.625
759.048
760.555
789
781.799
836
827.257
815.315
809.91
803.903
798.071
790.316
784.478
780.146
776.918
758
757.242
754.254
755.489
750
915
881.307
862.687
856.871
813
804.228
793.276
781
797
801.213
801.347
796.935
757
758.174
757.049
734
797
766
766.11
768.247
772.941
743
747.253
747.518
748.204
746.591
766
763.721
764.723
766.239
766.623
766.681
657
686.408
687.257
641
651.103
652.194
655.567
609
602
609
608.501
609.132
610.511
719
711.405
726
758
758.88
747.312
745.657
741.551
734.753
727.468
721.02
715.447
710.164
704.757
699.259
694.926
690.704
687.004
1016
884.512
837.67
833.545
828.931
814.466
922
905.53
870.075
867
865.779
865.297
688
687
688.23
692.02
836
839.888
833.056
828
833.238
765
763.248
761.517
742
740.263
740.132
883
884.461
860.921
838.245
834.858
824.218
828
813.228
781
779.108
780.083
785.616
785.309
779.258
766
765.71
1062
977.956
919.301
883.395
878.188
876.979
867.412
842.782
821.681
817.359
821.269
891
892.378
866.307
839.124
838.024
750
754.327
755.732
759.995
768.461
779.552
794.281
808.123
735
742.088
743.261
744.817
744.239
744.655
749.268
753.823
756.382
757.154
756.607
758.67
757.592
756.707
754.564
754.088
754.397
754.302
766
742
781
774
772.293
769.776
767.824
766.021
763.656
761.534
760.072
759.033
781
774.2
772.13
770.821
769.868
727
745.438
1071
953
894.76
891.145
805
796.798
791.923
789.786
788.721
787.508
703
712.399
687
686.577
685.693
686.446
687.46
689.001
727
736.57
747.528
679
688.716
689.097
689.212
688.924
609
633.541
635.713
639.525
638.901
638.531
719
723.223
716.722
679
683.491
688.679
688.873
682.782
678.401
680
683.202
682.453
696
690.357
686.362
683.314
682.011
680.594
677.66
675.3
672
656
661.074
660.658
742
739.059
734.489
729.221
725.296
719.75
789
786.019
773.8
664
682.932
686.875
695.774
695.585
688.087
685.182
691.247
700.203
705.148
700.899
699.597
703.093
709.605
648
663.921
666.563
773
746.008
733.551
726.038
722.649
719.13
713.535
707.152
702.412
711
708.525
706.133
701.976
699.046
697.182
695.745
694.981
691.116
711
708.09
712.008
714.646
716.547
789
784.986
777.524
774
770.505
764.989
781
772.519
766.642
762.193
759.682
757.213
797
788.693
782.177
778.201
776.255
781
775.761
750
758.493
759.424
761.647
759.088
759.144
760.354
762.512
763.349
763.109
757
757.87
758.497
761.423
760.598
761.013
914
820
815.991
815.136
809.234
799.887
791.992
789.805
787.861
785.52
727
745.5
745.462
696
710.605
712.98
828
800.472
794.272
795.387
799.163
793.113
789
781.401
778.705
774.8
769.935
764.723
760.956
759.555
756.466
754.764
752.73
749.824
747.259
748.459
750.724
922
882.4
864.258
836
867
862.634
847.222
830.466
821.195
821.589
821.789
790
734
736.628
741.439
751.018
754.046
754.631
759.659
774.87
788.306
791.154
790.087
781
784.005
787.747
785.522
782.316
779.303
812
810.852
1062
960.299
781
784.507
883
880.756
848.67
823.28
824.691
840.889
845.112
824.499
802.421
766
773.63
758
750
749.105
748.646
751.665
757.491
761.46
763.961
766.178
770.096
773.652
776.316
777.193
778.204
859
857.597
1171
1046.39
993.993
986.871
765
618
618.554
619.3
622.534
758
734
732.141
732.882
633
637.736
637.875
637.603
637.435
637.829
695
712.638
719.681
719.569
718.097
716.322
710.451
702.755
672
672
669.66
669.928
670.79
671.492
673.477
675.906
677.437
677.142
675.647
676.216
687
688.786
692.583
693.563
695.278
695.019
694.583
693.495
691.93
690.973
689.541
719
742
739.167
736.378
735.847
734.246
731.007
726.365
722.542
720.143
718.438
716.754
715.21
714.094
713.494
713.254
713.014
648
673.054
670.005
672.145
672.857
675.947
679.886
683.84
687.324
867
818.184
795.602
785.02
776.212
762.96
749.655
738.513
805
781
768.334
761.141
762.116
762.324
754.126
744.902
741.255
671
664
664.031
664.25
667.784
672.123
677.382
683.18
789
791.832
782.069
780.659
779.498
770.691
760.648
751.558
744.649
739.071
734.393
730.605
726.317
722.937
719.715
717.996
716.544
714.78
712.855
713.549
716.418
719.196
722.235
725.402
728.672
732.037
734.373
735.294
735.576
735.543
735.361
735.114
733.967
732.872
731.786
711
715.204
714.006
714.34
687
696.809
696.581
699.901
701.152
704.762
708.819
712.383
714.186
714.922
680
726
720.224
969
863.995
823.942
807.286
789
769.006
750.065
736.12
757
765.524
883
1219
1078.56
969.292
926.868
922.562
920.109
680
672
674.11
689.679
625
628.807
633.827
617
618.38
620.38
622.643
623.817
624.818
626.694
633.007
638.349
642.165
644.582
828
1016
935.215
904.268
893.571
877.785
742
725.176
758
775.673
777.837
762.535
758
758.027
766.47
782
780.33
758.149
711
709.793
710.872
714.999
717.818
717.274
716.909
720.192
724.447
728.003
625
602
606.843
604.84
608.081
610.142
613.141
617.75
623.218
628.479
632.963
637.013
640.654
643.895
646.655
648.983
650.349
883
809.506
779.041
767.128
781
773.472
759.152
744.428
735.874
731.012
773
770.253
756.248
742.922
738.845
742.778
743.014
734.655
829
815.114
805.004
797.995
800.324
798.46
789.901
781.209
779.441
633
678.291
679.216
664
649
652.13
641
645.502
649
652.017
656.674
662.529
668.311
673.279
677.58
649
655.991
726
716.281
705.624
700.118
930
855.15
813.066
797.763
795.818
790.909
775.147
759.68
758.242
742
742.297
738.338
735.096
732.474
729.556
730.131
729.423
727.854
725.808
725.693
710
712.733
712.942
714.878
716.552
718.752
805
734
741.4
687
697.392
695.103
693.204
692.438
750
754.452
750.655
748.409
748.585
744.896
737.68
731.312
727.987
725.776
723.573
721.054
722.054
721.531
722.018
721.724
805
797.009
787.203
758
759.599
755.847
751.168
745.115
741.002
740.329
741.3
740.88
813
809.727
797.48
787.277
750
726
723.926
721.109
724.302
728.221
733.866
740
745.228
695
702.627
687
689.307
690.134
692.723
703
707.195
672
679.439
680.342
681.789
680.275
680.371
682.749
685.173
686.2
686.4
686.786
688.741
688.545
688.176
687.987
688.22
688.372
688.409
688.483
711
705.999
703.624
703.819
703.689
633
653.819
651.353
651.445
652.554
655.605
659.874
663.913
667.146
859
798.13
774.173
765.164
755.429
734
721.256
710.474
664
665.495
664.361
665.691
667.146
641
644.873
610
615.817
615.363
616.141
616.951
618.335
620.862
623.628
626.323
628.74
630.947
633.017
635.035
635.082
635.762
635.894
750
730.458
720.841
716.3
715.1
712.441
704
699.219
696.525
694.739
691.991
688.343
684.353
681.206
678.131
676.809
674.55
671.913
742
737.869
726
729.022
758
759.993
753.037
746.988
746.312
719
718.012
713.157
709.759
706.571
704.614
704.453
641
661.289
658.873
661.414
662.954
666.184
670.354
675.33
649
656.286
656.503
657.715
821
778.479
759.431
751.286
744.606
734.619
723.309
711
704.916
859
842.216
813.026
789.812
778.459
775.454
812
803.08
781.707
750
755.593
867
871.949
846.521
804.002
785.748
806.781
832.376
831.896
804.327
774
777.916
802.549
817.806
810.326
785.39
767.73
778.089
766
773.876
769.125
764.983
763.896
768.954
774.537
777.346
775.116
772.535
773.638
775.632
775.693
821
818.967
814.66
812.162
805
801.893
797.282
793.183
790.302
788.419
786.77
785.367
784.284
783.557
783.014
859
848.959
841.015
833.371
828.452
823.545
817.43
811.749
807.897
805.396
803.279
766
777.742
778.071
781.469
779.454
781.172
774
777.817
778.494
781.22
783.489
786.242
789.211
791.449
792.552
844
835.981
830.3
824.788
822.217
817.78
750
759.839
758.597
760.072
761.739
765
770.814
774.63
776.202
777.868
779.692
781.076
781.463
781.225
783.325
785.506
787.003
786.322
784.703
785.841
719
703
705.402
704.574
709.098
797
808.351
803.573
803.09
801.929
793.802
784.233
775.556
769.271
763.932
759.409
727
729.232
728.799
731.721
732.942
735.206
737.721
739.66
740.892
744.448
747.557
750.532
753.133
758
727
757
752.071
750.93
747.561
746.443
746.255
745.508
782
734
742.905
742.643
742.07
891
842.882
797
798.114
795.197
786.806
766
763.115
763.713
789
784.45
773.639
771.814
774.893
704
716.309
718.276
719.361
773
735
740.264
745.73
748.907
748.664
797
792.01
743
752.154
751.902
749.535
797
782.678
774.016
774.485
789
781.008
772.664
770.527
771.553
750
752.955
752.771
753.733
752.462
753.256
755.854
755.983
756.606
756.531
756.864
759.947
760.374
760.588
760.538
688
680
671
670.612
673.099
678.622
686.59
695.474
703.414
711.227
719
723.67
726.48
727.428
727.215
726.861
725.64
723.65
721.594
720.18
718.688
717.246
715.692
714.672
713.817
713.201
712.708
712.28
711.921
657
680.395
678.041
679.83
656
667.742
669.202
672.584
674.055
676.976
680.411
683.3
758
747.881
738.438
735.578
735.562
731.803
724.928
719.741
716.372
713.739
711.155
707.949
706.248
679
683.028
681.663
682.311
681.765
682.747
685.5
773
772.278
789
783.457
775.732
766.7
757.177
748.716
695
696.986
692.578
693.94
696.23
828
824.365
805.756
726
726.119
725.68
725.073
724.643
723.493
723.456
724.913
726.325
725.768
721.343
717.444
688
690.29
690.353
692.045
727
734
736.46
739.243
739.254
737.086
733.277
730.591
728.072
725.965
724.119
722.979
722.086
721.422
721.094
742
737.498
736.239
734.363
733.015
732.472
732.527
732.505
732.976
733.629
734.285
734.687
734.904
734.31
733.926
733.748
733.531
733.122
773
767.789
781
777.136
773.677
769.314
764.774
760.469
756.53
753.689
751.605
687
680
679.654
680.853
685.301
781
774
771.357
766
766.967
727
758
753.357
748.626
741.551
738.009
737.234
734.352
730.208
726.553
724.591
723.363
1117
937.803
870.453
869.299
866.857
853.088
805
852
854.934
851.752
868
843
840.686
839.788
837.765
831.988
750
762.784
762.427
843
844.127
844.485
840.565
841.783
844.761
839.394
830.071
823.469
757
761.472
922
757
766.194
771.429
992
896.435
848.512
750
752.457
753.469
754.599
753.741
836
856.457
839.932
811.868
811.046
813.832
813.079
804.269
792.689
787.504
786.973
786.176
785.625
1039
959.666
851
845.203
852.189
854.285
831.793
815.693
820.822
836.191
838.4
818.897
807.878
818.945
839.156
821
799.604
794.222
800.562
808.818
808.705
803.025
804.947
811.272
816.925
814.622
810.516
809.095
812.369
750
760.584
761.397
765.001
765.852
768.703
773.782
777.291
779.546
781.126
783.304
784.995
785.315
852
841.72
834.592
831.062
828.424
823.265
875
765
782.514
784.389
782.903
789
790.972
734
751.653
753.77
891
852.428
832.26
829.483
757
762.133
760.5
703
708.835
709.324
714.088
719.095
723.575
729.312
805
809.237
758
761.111
763.148
761.109
757.642
755.992
758.675
759.517
755.797
751.324
750.638
748.64
696
705.214
704.547
706.328
706.807
709.215
713.767
718.444
722.442
726.018
729.411
732.338
664
680.046
680.029
680.624
649
640
643.597
625
609
613.132
614.614
616.689
619.25
623.004
627.345
631.441
635.079
638.16
640.716
643.002
643.478
643.819
688
686.77
665
710
758
748.915
739.981
738.367
738.277
734.388
758
748.828
742.973
740.7
739.539
735.936
731.007
726.715
1000
938
886.716
868.249
862.367
848.859
825.65
808.696
672
675.39
676.197
683.302
694.861
706.762
724.88
742.221
753.997
758.67
759.751
760.264
764.428
766.639
758
757.541
756.312
754.671
751.946
750.949
748.767
746.718
744.776
719
722.17
719.803
766
763.493
765.896
767.862
770.784
836
836.821
844
834.7
836
830.889
823.106
814.919
808.191
803.547
800.947
797.535
794.484
852
847.074
840.716
835.433
831.917
826.808
735
746.034
750
754.02
759.303
769.273
781.95
789.472
791.101
792.197
793.432
792.921
791.036
789.3
789.928
633
656
657.94
664.021
669.229
674.861
682.6
690.767
726
735.503
740.834
711
714.749
713.624
713.345
712.473
711.423
710.53
709.723
709.722
828
813.285
798.164
774
766.239
760.64
754.521
746.621
740.724
737.129
736.618
736.439
734.677
731.441
727.745
725.643
723.362
719.652
719
717.133
718.908
720.85
723.279
726.194
729.435
732.886
735.438
736.367
737.027
737.278
737.309
737.061
736.851
736.692
735.788
735.034
734.132
733.134
732.182
731.22
730.574
730.165
609
656.431
656.664
660.859
662.288
666.358
680
703
719
719.746
720.806
721.679
721.33
719.096
714.693
713.766
641
659.981
660.784
660.224
658.299
658.595
660.8
662.739
663.651
664.216
665.705
668.513
670.91
672.865
674.567
676.287
677.625
677.995
677.407
678.583
675.447
674.406
610
609
610.44
609.246
611.275
613.664
617.997
622.732
627.415
631.741
635.882
639.944
643.028
645.268
547
590.593
590.465
570
574.698
574.891
575.77
576.995
578.569
580.94
582.952
584.733
586.325
587.686
594
593
594.538
595.41
595.576
595.978
578
583.089
582.459
581.745
582.145
578
579.192
580.263
581.097
581.878
582.701
583.593
584.487
585.349
680
663.721
657.632
654.631
655.313
653.025
649.657
646.028
643.134
640.626
637.601
634.426
631.36
628.476
625.707
624.248
711
701.115
656
664.091
666.989
667.197
662.637
659.333
658.399
657.611
655.433
652.718
563
609.401
555
555
557.075
555.744
555
547
550.875
551.77
553.29
554.766
556.368
558.062
559.71
561.557
563.046
564.215
565.088
565.752
566.163
586
580.568
580.434
582.604
584.237
594
590.462
610
605.679
604.746
606.128
617
613.886
613.096
614.029
614.985
614.831
614.395
614.128
614.314
613.948
613.675
613.303
612.856
612.532
612.161
611.967
611.727
611.486
611.246
611.819
614.532
615.871
616.163
615.923
616.421
616.181
615.94
615.7
615.459
586
600.411
598.058
599.386
599.641
600.872
602.395
603.723
610
609.449
625
621.981
622.192
622.189
622.241
621.638
620.574
619.759
619.124
586
594
594
593.585
594.049
595.216
601
601.823
602.838
610
586
594.061
593.755
594.269
593.925
595.568
597.107
597.842
598.109
598.62
599.112
594
586
588.137
588.975
589.855
590.587
591.515
592.532
593.649
586
588.927
589.854
590.697
591.167
591.833
592.687
593.52
594.198
594.774
595.277
595.491
595.131
594.931
555
574.339
571.341
570.943
570.496
571.808
573.421
574.911
576.13
577.177
578.001
578.599
633
625.674
621.832
664
659.352
653.494
650.629
695
686.471
711
705.157
702.003
701.231
698.994
695.191
690.884
687.028
683.269
679.456
676.773
673.492
670.625
670.112
669.848
668.785
667.439
668.598
670.854
673.674
676.843
680.278
683.524
685.559
686.599
687.473
687.922
688.202
688.354
687.629
883
814.444
797
786.376
777.851
763.707
748.1
735.899
728.709
726.284
725.234
723.827
721.939
720.779
719.283
718.435
716.961
714.877
712.898
712.394
713.266
714.776
570
641.97
642.138
649.247
539
562
567.76
568.852
570.07
570.928
573.804
657
651.317
652.716
658.252
664.72
666.054
665.554
641
643.653
641.972
638.615
635.222
631.955
630.271
628.219
695
742
735.556
726.99
722.455
718.793
713.687
781
780.395
770.973
758.063
752.444
751.258
749.187
742.864
649
663.437
663.443
665.555
667.764
669.724
674.538
681.05
687.037
691.134
694.001
696.565
700.39
726
726.952
727.392
727.147
725.974
1054
906.634
844
832.005
817.773
798.408
776.612
750
743.843
742.785
743.087
719
717.902
717.594
717.749
717.291
716.833
716.257
715.373
715.35
715.927
716.766
789
800.241
800.289
794.101
793.228
672
695
693.819
694.114
694.759
696.597
687
719
725.837
703
706.209
708.653
709.873
706.819
705.16
707.596
709.747
710.178
709.447
727
722.637
703
706.254
707.071
707.65
719
714.935
715.456
716.232
716.582
716.269
672
684.745
683.494
684.141
648
659.527
661.985
735
727.774
680
687.237
693.223
697.715
734
719.945
711.772
828
814.277
791.722
719
726.553
733.123
766
746.512
729.768
728.24
739.98
749.717
742.493
728.593
723.729
734.577
744.581
743.335
730.373
679
649
601
604.183
594
578
580.369
579.794
581.81
584.09
587.339
591.133
595.055
726
719.1
714.394
713.532
713.1
707.403
699.571
692.278
686.176
682.905
804
791.249
771.288
758.271
797
799.025
786.146
769.068
761.081
772.837
773.098
765.068
754.889
753.599
761.03
763.503
756.113
746.98
742.16
703
727
728.708
732.923
731.93
732.272
743
773
775.775
771.017
768.867
768.555
767.366
762.914
757.963
756.396
756.337
756.615
688
703.843
702.609
705.749
707.761
711.364
696
702.351
704.678
708.251
710.392
712.958
716.223
695
700.726
766
757.926
750.223
742.552
745.138
743.17
738.145
727
725.207
725.243
725.277
723.087
721.037
721.065
721.466
721.667
721.346
720.708
719.124
821
814.184
804.292
795.608
790.748
782.98
775.101
758
754.338
695
701.042
697.062
700.205
704.301
710.067
715.95
721.469
725.611
703
708.245
708.933
836
867
850.013
832.456
818.502
805.035
792.949
781.738
773.233
766.563
762.31
759.408
756.629
753.325
749.277
745.873
742.349
737.664
733.651
731.081
732.551
734.137
736.418
859
789
792.191
794.369
703
696
695.312
693.38
695.617
664
670.666
656
659.212
658.86
711
688
693.418
697.404
699.969
867
774
760.815
755.648
755.071
745.556
711
711.137
710.569
750
742
728.544
725.299
727.606
805
786.6
761.868
743.444
745.867
752.897
756.12
747.785
738.449
797
803.582
696
679
683.026
766
766.374
746.062
836
844.912
818.437
799.749
805.405
802.995
784.931
774.098
779.879
695
708.363
712.201
715.191
715.898
720.138
726.389
672
684.59
684.609
680
681.284
683.641
664
687
685.648
688.574
689.397
774
763.826
755.613
753.572
754.459
748.495
741.595
736.079
732.846
729.921
725.763
722.287
719.791
717.753
714.83
773
768.373
761.422
755.9
754.774
754.406
758
752.573
749.157
747.19
746.01
743.914
740.948
766
762.749
727
727
729.16
729.404
726.386
728.734
731.967
735.344
736.485
736.611
737.315
738.375
738.134
737.806
719
725.016
703
709.23
709.478
711.744
712.282
713.682
715.96
717.039
680
691.998
689.365
691.533
691.006
693.485
727
727.379
726.75
727.302
773
742
740.453
738.187
735.136
731.395
728.074
758
750.36
744.567
742
741.967
739.819
735.578
732.873
828
750
758.063
789
776.795
767.168
719
737.345
736.071
731.249
735
736.458
739.965
739.282
737.563
736.741
736.685
734.974
733.08
731.652
732.88
733.242
733.682
734.767
711
703
703
743
687
702.265
710
712.436
712.376
719
719
720.674
719.974
719.343
718.697
717.913
716.894
716.196
715.981
716.227
695
704.582
703.262
705.678
705.007
705.905
707.205
708.524
709.594
640
663.347
663.283
664.685
665.484
668.014
672.141
676.733
679.74
750
741.871
733.695
730.916
728.184
724.186
727
720.788
718.035
716.111
713.324
710.952
708.1
828
807.129
790.206
750
748.316
744.114
738.778
867
836
766
765.379
750
753.395
749.481
741.618
736.695
737.926
812
818.904
711
722.314
733.358
743.033
737.81
774
775.27
703
715.016
722.026
722.762
844
813.654
791.686
789.066
789.745
781.79
773
805
800.046
790.249
782.753
779.611
776.37
719
725.614
726.148
728.079
728.855
730.965
736.843
742.44
742
745.871
749.02
751.667
752.549
752.437
718
725.757
725.99
727.778
725.988
727.629
728.218
729.027
729.248
729.012
728.895
729.076
729.279
729.224
728.912
729.975
730.832
797
792.452
785.371
780.564
777.52
772.556
766.589
742
743.171
727
728.636
727.247
728.648
730.435
732.741
735.202
736.968
711
687
688
695
697.597
700.592
704.112
719
725.057
728.285
657
671.828
674.352
676.801
675.717
675.637
678.633
682.862
685.789
686.602
686.175
685.718
685.625
685.209
684.303
684.526
684.757
685.662
686.087
687.436
684.872
684.672
680
680.915
681.155
681.771
682.509
683.278
687
687.412
687.925
742
736.235
731.989
729.278
750
746.2
739.514
734.676
731.899
773
762.268
753.987
749.943
751.06
750
744.357
738.903
737.362
737.1
736.87
737.396
737.374
737.527
737.767
774
771.506
766.985
763.363
761.659
761.5
759.453
742
744.709
750
750.714
748.386
774
772.215
769.108
711
725.851
727.434
730.131
727.663
729.558
734.061
738.444
740.011
738.96
719
724.233
726.983
730.257
728.354
726.581
727.98
730.397
732.391
731.135
730.023
730.386
730.826
731.054
730.682
730.763
731.042
731.378
731.699
731.643
731.04
730.794
731.401
731.93
732.405
731.861
731.626
602
652.026
652.823
657.626
659.187
663.358
657
664.003
668.142
790
767.689
752.62
746.098
743.995
737.998
648
663.373
665.174
632
639.142
585
601.27
599.457
578
582.544
609
608.007
611.182
615.839
621.909
626.469
629.683
632.321
641
641.329
640.887
640.653
639.808
638.14
637.102
637.146
636.49
635.176
632.906
632.22
632.301
735
718.482
875
850.353
832.16
822.446
773
757.008
740.823
728.913
721.813
717.715
714.382
710.089
727
729.81
727.907
722.065
716.739
710.254
707.402
702.215
701.828
701.813
702.956
704.628
719
723.206
727.332
728.718
729.3
728.68
727.297
765
763.661
762.452
760.112
759.751
758.137
782
774.936
711
719.415
719.103
718.721
716.273
717.269
648
672
674.544
813
787.821
768.917
759.214
755.458
754.533
748.501
738.589
728.69
722.595
721.388
719.079
716.593
712.511
710.17
727
727.24
696
702.053
703.434
705.568
727
728.287
730.844
732.942
734.106
733.432
731.384
729.415
672
685.6
684.338
685.234
684.59
686.105
672
677.41
677.795
641
664
659.806
662.122
663.243
617
636.505
635.674
636.218
635.794
636.628
610
633
617
620.557
619.229
796
739.778
718.077
712.177
707.815
699.038
689.076
679.973
688
684.444
680.042
674.625
670.559
632
643.137
641.462
641.623
641.065
640.734
643.09
645.499
647.991
650.414
652.941
655.615
657.889
658.173
658.383
594
615.536
613.962
612.704
612.269
679
674.796
673.943
674.181
675.767
672.924
668.493
664.225
661.048
658.26
656.603
654.941
653.716
652.78
650.511
648.809
703
727
719.719
714.391
711.949
707.635
702.708
697.242
692.692
689.6
687.238
685.17
683.281
681.797
680.767
679.716
664
665.039
625
638.778
636.138
637.986
639.618
743
740.74
732.586
730.04
766
757
747.228
739.188
734.117
728.019
721.526
750
742.483
735.717
726
726.458
688
692.917
711
710.275
712.485
713.872
716.572
718.769
719.619
718.731
718.424
649
666.167
665.224
666.292
666.697
668.398
671.7
675.623
679.325
680.08
681.612
868
813.01
788.47
778.343
718
713.865
703.623
735
742
718
790
790.332
914
878.721
842.754
719
719.874
711
672
672.525
672.733
676.587
672
676.374
681.397
686.728
690.941
694.316
696.921
680
681.174
719
722.826
722.307
722.342
722.47
723.086
720.517
649
660.627
659.522
659.321
570
603.102
554
555
555.007
552.892
552.467
554
554.153
555.547
556.813
558.818
560.57
562.293
563.484
564.925
566.587
567.85
568.837
569.49
569.709
572.106
570.25
569.921
625
615.121
633
633.569
635.066
727
714.103
706.177
742
740.854
836
817.009
803.151
797.938
795.347
789.514
780.188
640
633
632.76
632.326
635.854
638.353
642.81
650.404
656.885
663.226
669.692
675.144
681.182
686.187
690.238
648
654.804
653.993
672
667.686
665.754
665.847
666.73
665.925
664.202
662.425
661.35
773
782
770.587
761.575
757.518
753.089
820
812.603
797.623
783.581
779.397
780.192
695
700.69
696.019
692.09
692.273
703
708.014
714.154
720.084
725.39
729.631
765
766.167
765.088
688
697.787
696.988
697.099
696.697
697.041
711
713.603
714.674
712.337
711.491
711.053
710.462
709.207
649
703
695.14
696.73
692.821
922
820
787.531
784.756
782.385
734
733.773
732.216
730.605
688
680
683.207
683.275
609
636.905
638.244
640.416
640.656
726
722.273
722.725
729.481
610
637.155
586
563
564.78
562.586
562.121
562.071
562.929
564.687
566.397
773
713.58
701.872
699.774
696.692
657
656.223
687
735
727.58
711
697.164
727
733.656
727.357
711
696.941
693.942
695.816
694.204
691.168
686.941
686.51
688.405
690.209
689.925
891
849.712
820.57
807.732
799.187
711
706.752
1039
923.109
856.539
830.067
828.242
828.739
825.683
805
782.977
780.213
782.94
786.9
784.486
779.195
776.423
777.81
812
811.542
800.757
797.21
799.217
805.207
805.793
734
711
711.613
714.517
720.298
703
707.706
714.284
723.49
728.664
730.681
734.042
738.639
743.505
745.307
744.874
744.511
744.045
742
741.469
739.799
727
727.978
727.529
703
707.303
706.141
707.155
707.834
710.501
713.797
716.996
720.109
723.234
725.886
727.256
728.035
657
674.723
679
679.151
656
662.438
666.937
672.203
674.357
677.448
681.998
686.097
688.405
688.789
689.673
691.306
593
625.48
628.229
628.874
688
683.126
683.514
683.661
682.829
703
696.784
691.487
680
640
648.09
646.907
647.167
647.322
647.728
649.96
610
617
616.382
617.096
618.611
620.772
623.642
626.491
629.036
631.249
632.903
634.35
635.856
635.282
634.982
635.015
648
645.341
644.572
644.535
644.089
570
599.568
555
566.612
564.629
564.267
594
591.366
596.409
610
633
635.289
617
621.114
619.567
619.704
617.45
586
597.453
595.59
586
587.119
586.846
586.964
562
569.481
570.378
571.407
572.387
573.516
571
573.664
575.948
586
585.073
571
576.179
571
573.25
573.823
594
591.1
591.169
591.808
591.592
586
586.174
585.736
585.594
585.458
585.335
609
625
625.247
624.42
617
616.76
616.119
614.985
613.726
612.701
612.075
611.517
610.993
539
532
537.838
536.814
538.857
539.383
541.724
477
524.077
519.899
519.614
519.279
520.469
522.423
523.767
525.623
527.188
528.459
529.397
493
513.67
507
516
524
517.328
531
526.788
527.375
528.353
529.161
529.845
516
520.698
516
517.261
507
510.728
511.779
512.321
512.159
513.201
514.144
515.237
532
527.281
528.175
529.161
530.232
531.083
531.731
532.344
532.245
532.044
523
516
517.138
518.016
518.825
532
528.023
516
520.377
521.474
522.249
500
511.702
508
509.693
510.203
508
510.539
511.212
511.859
512.757
513.628
484
500.903
500.99
499.816
476
488.685
461
476
474.663
474.299
474.467
469
472.785
472.682
472.856
473.704
474.344
474.937
453
462.034
445
451.244
451.845
451.198
451.384
438
444.203
444.459
444.067
429
435.559
435.553
414
423.103
422
421.784
421.996
422.265
422.486
423.587
423.521
424.937
425.006
425.453
426.006
422
424.848
424.736
424.71
437
438
435.629
445
441.358
441.557
446
443.13
461
469
462.718
462.482
462.113
461.668
461.097
460.343
459.497
458.42
457.378
456.539
455.717
454.604
453.598
452.523
451.216
450.015
508
494.283
492.705
491.223
491.596
490.686
488.939
487.275
485.597
570
545.985
539.736
537.579
773
679.403
735
711
696.221
695.114
691.949
664
672
703
699.089
691.793
688.742
688.815
689.037
686.277
675.9
1008
872.616
819.298
817.642
1078
976.884
909.185
893.151
894.575
894.117
875.53
851.226
849.16
852.65
854.365
849.611
832.717
830.002
830.395
832.944
773
773.495
719
721.209
720.271
930
695
703.15
707.124
713.106
713.88
718.056
730.37
743.371
746.68
746.873
747.683
747.793
746.408
1047
945
797
796.219
802.122
801.664
794.534
783.478
782.328
785.327
787.277
784.398
777.258
775.424
775.469
775.565
773.718
687
700.854
701.458
709.057
715.182
720.487
726.834
733.39
739.646
743.563
688
758
1031
914.169
859.664
846.698
844
832.153
809.301
984
932.93
880.409
854.899
813
812.868
812.409
808.643
802.698
801.342
801.366
802.624
625
641
643.409
648.678
655.668
765
797.148
805.315
688
671
671.21
633
634.068
633.193
634.013
635.159
636.348
637.654
638.602
639.211
637.26
633.88
629.567
695
698.549
701.103
701.762
704.49
706.023
640
648.855
644.843
640
633
632.606
672
672.959
673.294
674.222
594
617.006
615.477
613.933
613.52
613.592
615.557
617.578
619.129
620.792
704
698.064
688.333
682.512
679.772
677.178
672.96
668.878
664
680
675.999
673.001
726
722.086
714.699
709.28
706.53
702.754
697.167
692.359
664
672.793
670.513
640
647.655
646.389
647.685
648.056
648
650.402
652.236
653.648
656
658.446
660.999
657
640
656
652.626
652.919
652.448
652.894
653.907
654.364
654.743
654.987
655.309
655.641
655.868
656.124
656.394
656.693
657.032
657.381
657.702
657.778
654.963
656.03
655.701
656.232
655.829
656.345
656.794
657.238
657.665
658.087
658.505
658.905
659.292
659.663
659.327
659.871
660.362
660.434
660.941
661.351
658.558
659.253
641
648.344
646.933
640
644.181
645.436
664
662.618
662.981
663.562
664.142
664.16
663.214
679
674.616
673.376
672.434
671.861
671.1
669.612
669.228
669.041
672
656
657.031
656.235
657.323
658.196
659.378
660.587
633
644.007
642.927
645.708
646.653
649.244
618
629.44
629.268
640
637.532
638.012
639.952
640.878
641.177
640.83
640.566
586
606.685
604.599
609
606.448
607.768
609.807
586
562
586
578
579.928
579.592
581.747
583.92
585.923
587.686
589.223
590.422
591.808
592.427
633
628.684
625
624.076
623.517
622.79
620.005
619.457
609
608.744
607.204
601
610
607.213
607.149
607.008
610
609.514
609.301
609.617
612.076
613.526
614.655
615.783
616.902
617.978
618.889
619.642
625
624.151
623.809
641
636.609
625
625.333
624.894
624.386
625
633
631.496
631.226
617
619.151
619.674
620.45
625
610
613.632
614.911
601
605.248
571
584.217
586
586.665
588.002
590.611
593.736
596.611
598.473
599.767
600.044
600.319
609
606.975
606.836
606.902
607.087
606.974
606.68
606.696
604.145
603.101
602.628
602.184
602.089
602.014
601.858
586
592.384
592.897
594.158
595.282
597.449
598.644
599.896
601.138
602.278
603.26
547
575.148
554
559.292
558.887
559.33
560.906
562.468
602
594.971
596.724
597.782
601
600.387
599.326
598.067
597.051
578
583.429
581.961
581.247
579.764
579.366
579.156
578.972
578.758
539
547
549.562
539
523
530.907
532.352
570
567.968
562
565.435
567.09
568.439
568.688
568.604
568.871
569.067
569.081
568.937
569.098
568.72
568.375
568.238
568.038
565.298
515
545.808
541.966
539.971
539.47
540.014
541.543
542.774
544.194
545.51
546.815
548.008
549.05
549.882
550.587
551.712
552.579
531
541.214
508
521.43
520.673
520.23
540
534.84
535.219
536.09
537.216
538.068
538.668
539.249
539.835
563
555.942
547
549.901
539
547
545.991
545.91
539
539.499
539.684
540.759
541.512
542.224
543.022
543.811
544.563
545.098
570
578
575.968
563
564.702
565.022
564.72
563.81
563.292
563.108
563.03
578
573.071
570
569.799
569.583
569.401
555
556.485
556.588
571
570
571.255
571.122
571.216
571.196
570.955
648
649
644.263
642.006
642.972
643.026
641.276
649
646.232
644.477
642.952
641.751
656
651.44
648.267
645.804
644.371
642.448
640.529
638.536
664
662.417
664.583
664.523
664.95
664.844
664.112
633
641.728
639.614
625
640
638.074
618
623.896
624.963
626.26
627.297
656
625
632.979
634.949
635.996
635.47
635.365
635.927
636.579
636.719
657
651.446
650.058
649.894
859
779.399
751.482
742.293
735.779
726.934
719
708.817
702.67
1000
844
792.93
784.145
672
672.244
670.458
669.919
669.518
668.864
670.122
673.418
675.493
675.892
675.447
674.989
674.531
734
695
697.782
700.135
702.485
702.248
701.737
765
757.556
751.624
749.919
750.767
747.244
741.637
737.466
734.624
730.989
726.415
722.758
719
719.273
716.402
711
710.433
709.905
709.658
710.73
713.731
716.835
703
707.661
781
719
742
742.244
738.39
736.534
733.394
730.808
718
721.113
717.682
716.653
714.989
715.158
715.705
716.096
715.741
714.927
750
738.783
742.281
740.21
740.698
718
704
705.691
704.712
688
692.608
694.864
698.728
700.493
702.632
705.093
706.589
707.405
707.439
706.914
709.491
709.361
710.397
709.905
703
705.478
705.384
705.901
705.445
704.946
704.715
704.566
704.501
705.218
705.988
706.732
711
711.464
712.053
687
695
693.95
695.628
694.87
695.696
697.484
698.527
699.177
633
617
620.863
619.747
622.878
625.771
630.451
602
570
578
578.1
579.419
580.676
582.375
584.831
578
578
579.773
594
609
611.497
611.778
613.125
613.866
613.895
625
622.136
610
611.687
611.943
610.402
608.422
578
585.282
539
558.332
556.009
555.642
532
541.277
542.464
609
603.374
604.484
605.003
607.015
607.559
605.701
603.104
600.997
599.037
597.09
563
573.145
569.286
566.65
565.451
563
562.064
561.284
561.556
563.549
565.61
567.735
569.921
572.141
574.362
609
606.509
605.303
604.89
605.519
607.263
554
555
556.255
554.114
555
554.446
539
545.485
546.123
539
542.631
544.275
547
547
549.648
551.753
553.724
555.367
556.493
558.408
558.906
559.641
560.389
560.978
561.56
562.036
515
516
522.385
520.072
520.62
520.416
521.993
523.472
525.393
527.504
529.702
531.83
533.639
535.689
563
555.597
556.141
556.304
555
539
539.974
539.717
523
527.655
528.322
528.907
529.69
530.53
531.443
532.33
533.24
534.183
535.183
570
563.625
563.107
563.569
564.344
564.66
563.854
516
516
520.761
518.832
518.855
518.267
519.117
520.026
461
461
476.587
453
462.904
462.56
462.932
464.227
465.329
445
461
458.232
458.486
459.545
460.243
461.719
462.821
463.65
463.718
469
461
468
466.138
465.989
466.903
492
469
472.701
485
479.495
479.518
479.469
479.396
479.269
479.022
478.769
478.518
478.269
477.923
477.551
477.229
500
490.052
492
491.882
492.017
491.776
491.536
491.28
490.981
490.376
489.834
489.286
488.721
488.151
487.578
486.617
485.8
485.129
484.46
484.22
500
508
500
500.036
500.022
499.782
499.542
499.301
499.061
498.82
498.58
498.34
498.015
497.652
497.241
496.42
495.451
494.591
493.813
493.518
495.154
497.358
758
639.945
758
640
639.324
633.594
621.077
640
631.845
719
698.371
678.404
674.746
673.822
672.49
669.099
661.171
656.387
654.614
656.873
655.84
656
655.697
655.604
653.89
650.852
648.33
645.292
645.01
646.663
648.876
652.006
655.311
658.549
660.956
662.634
663.403
663.178
662.891
662.508
703
700.219
672
675.546
675.228
673.839
609
628.625
628.336
628.302
617
621.335
624.921
628.171
914
792.937
753.345
750.271
746.889
734.151
750
740.847
687
691.135
690.082
689.373
656
659.236
658.51
658.761
648
647.985
680
677.335
682.385
686.249
664
625
630.906
594
598.445
596.767
597.774
570
575.713
575.64
576.935
577.627
578.837
580.474
582.076
583.233
585.22
587.062
588.773
590.466
592.193
592.467
594.19
594.246
789
719.567
701.598
693.425
687.467
679.965
609
615.641
586
585.136
578
571
570.528
569.699
569.263
569.542
569.886
570.14
570.288
572.026
573.733
575.735
577.577
609
607.564
610.578
611.156
612.724
614.924
615.546
614.085
612.307
610.778
609.093
607.265
562
576.844
575.012
572.858
571.789
571.602
572.656
574.071
576.221
578.491
580.886
583.178
584.845
617
614.39
612.366
612.156
611.756
610.884
609.767
609.744
657
650.19
646.018
646.471
648.682
648.723
645.671
617
619.647
617.649
633
625
640
657
659.768
657.291
609
619.432
617.209
615.746
614.595
614.239
615.538
616.825
617.777
618.261
594
600.176
600.238
601.051
600.86
602.283
604.557
606.396
607.796
609.715
602
605.383
605.788
606.534
606.793
607.272
607.9
608.385
608.703
656
648.712
645.694
646.182
647.58
645.981
633
632.614
617
618.228
617.1
586
595.52
602
602.158
603.86
605.698
608.047
609.886
610.755
613.618
680
675.695
670.596
669.089
667.771
665.125
660.841
656.714
653.449
650.516
648.905
646.714
644.711
657
653.347
652.501
656
654.086
653.392
651.753
654.271
655.609
657.18
658.345
659.371
660.391
633
642.394
641.077
641.77
641.999
642.908
643.999
645.3
646.249
646.886
647.414
647.732
647.836
647.695
647.62
648.02
648.331
648.714
649.029
649.041
645.989
727
711.66
680
679
679.124
719
706.491
697.643
693.755
694.53
693.022
688.421
640
650.48
651.849
648
649.199
648.204
650.947
653.621
656.21
711
709.518
704.312
609
631.382
594
598.25
597.962
598.837
600.885
603.68
607.96
612.385
616.483
619.708
622.404
624.217
625.029
625.648
626.262
626.926
812
746.334
719
711.588
706.013
698.67
688.783
679.928
674.501
670.878
667.696
663.718
659.768
656.384
653.224
652.459
651.461
679
676.671
676.92
679.767
781
779.166
771.193
851
846.873
835.138
830.59
828.443
821.747
814.278
809.625
805.54
800.232
794.496
789.127
783.513
777.741
771.999
766.665
766.846
765.9
703
664
664.579
617
622.781
619.731
621.031
623.466
628.132
656
670.208
682.64
691.55
698.388
703.853
707.996
709.982
710.436
709.008
641
650.518
647.893
644.318
639.192
637.971
945
818.017
812
801.241
789.492
768.892
746.344
729.318
720.552
789
793.439
711
719
731.133
736.213
680
687.15
695.63
649
672.17
674.689
625
602
648
644.743
648
641
645.452
625
630.339
630.557
629.614
628.876
579
600.96
599.001
597.719
595.983
595.092
711
693.165
734
719
714.482
708.215
699.364
691.412
683.671
677.184
641
646.901
640.587
637.942
634.365
633.587
634.275
635.384
636.617
638.87
641.153
643.417
645.934
648.285
650.583
734
730.19
723.552
718.958
717.28
715.265
711.08
706.843
704.01
702.352
700.571
697.971
625
642.283
637.98
637.593
636.834
637.863
640.525
644.344
648.494
652.395
656.203
659.855
663.007
665.529
667.311
668.974
669.604
668.52
667.462
667.177
665.492
664.815
663.274
662.124
661.057
660.399
660.03
659.802
648
650.775
651.049
652.714
653.982
655.534
657.604
659.357
660.493
661.61
662.605
663.366
663.832
664.088
664.188
664.325
664.349
633
644.369
641.345
641.936
641.557
601
618.743
617.058
602
607.059
609.241
612.166
614.993
562
584.71
585.631
584.928
625
617
625
625.512
627.106
626.59
586
578
579.479
577.249
563
586
581.516
582.836
583.438
688
687
676.568
670.017
667.555
662.633
656.7
650.646
645.871
641.7
638.257
633.774
629.783
585
600.376
595.84
594.902
592.65
592.884
594.913
597.125
617
620.399
625
628.489
640
640.063
665
660.501
679
674.73
672.57
669.761
669.745
668.032
666.117
664.21
711
701.012
781
774
766.551
761.697
757.025
648
663.244
727
724.81
717.455
711.069
712.968
716.204
713.338
706.724
680
683.833
703
706.862
703.365
700.512
701.221
706.035
709.627
708.436
703.754
701.301
703.185
704.402
742
727
723.702
721.824
722.625
721.633
718.112
680
689.592
688.714
690.09
689.438
766
764.27
756.014
742
740.497
718
714.768
709.723
708.48
648
663.687
664.276
667.781
669.462
711
716.548
717.296
717.324
716.066
713.433
712.71
710.343
708.473
706.765
671
704
699.498
711
703.643
702.393
702.372
702.397
701.291
698.496
698.649
699.197
703
703
696
698.108
698.576
699.087
698.819
698.84
757
751.706
688
702.359
703
702.188
698.648
698.086
656
711
797
867
837.216
813.309
798.865
787.527
778.344
767.372
755.709
746.54
740.07
711
703
696.199
694.211
695.358
697.46
699.542
703.142
688
691.584
691.793
693.637
695.023
696.787
774
779.102
750
751.966
754.528
750.282
743.531
737.85
735.954
789
781.107
769.887
763.916
695
702.657
844
814.692
790.202
768.23
719
726.49
735.568
704
704.526
703.848
708.442
713.896
715.655
715.886
716.78
718.284
719.309
719.083
735
695
703.051
703.777
705.044
719
715.382
711
735
731.695
729.711
727.23
766
773
765.616
760.708
735
737.605
734.022
731.041
728.934
728.177
728.576
728.958
729.149
728.831
728.107
727.803
789
750
752.089
750.707
751.647
742
741.374
740.177
738.228
736.331
734.773
781
773.102
766.808
765.902
763.916
760.384
754.896
750.579
748.911
750.31
749.762
749.458
742
744.452
664
672
672.883
674.568
677.873
683.286
691.808
679
685.357
664
703
700.311
704.408
704.791
706.595
789
778.915
767.439
757.584
704
707.306
701.951
697.442
694.356
693.063
758
828
898
876.335
853.461
836.551
819.414
802.9
787.563
774.693
766.294
760.01
756.957
754.461
752.801
750.124
745.706
740.194
750
749.21
748.728
750.989
753.581
756.088
758.367
859
719
742.66
746.244
820
792.348
820
819.175
809.861
688
717.425
648
654.138
649
648.393
650.193
654.288
659.557
665.348
670.837
676.788
682.386
687.096
690.482
718
718.844
899
852.757
836
782
768.053
743
726.81
715.356
719
720.658
721.619
720.473
953
890
843.079
824.508
817.995
810.195
796.525
775.808
766.158
762.753
762.559
762.547
760.97
695
701.483
766
782.725
779.622
763.765
761.656
727
731.395
732.351
733.742
703
704.216
672
676.015
676.069
678.689
828
815.821
797.071
784.396
776.164
765.791
753.5
741.786
711
703
699.244
789
803.391
794.104
687
691.47
697.174
710.793
718.591
718.364
688
688.624
680
688.129
694.605
696.359
690.876
734
742.69
740.611
750
746.926
744.822
742.383
737.305
726
723.76
721.004
719.028
718.048
716.539
715.27
715.03
714.792
828
812.198
800.627
792.818
787.13
778.726
770.122
762.478
758
828
824.78
812.177
843
843.16
830.07
817.819
811.659
805.706
695
715.793
716.826
721.591
725.778
733.967
743.685
751.363
756.384
829
823.206
819.262
718
728.05
728.085
728.768
728.98
796
804.983
794.34
783.577
687
696.28
697.661
700.748
704.431
727
735.52
740.484
742.952
672
681.705
695
698.596
699.637
697.247
696.908
700.424
711
712.354
710.953
707.235
781
778.54
770.196
758.839
757.787
758
753.483
746.214
741.242
740.324
738.866
736.446
680
692.167
691.403
694.205
694.181
695.084
726
732.685
738.479
741.044
744.078
789
787.205
779.262
695
707.508
709.092
711.995
708.598
708.347
734
739.402
737.705
731.809
729.03
734
735.277
731.956
719
695
701.838
704.303
765
757.631
749.999
744.081
741.566
742.075
738.827
733.357
729.015
727.528
727.553
727.081
725.711
724.134
723.434
723.391
723.422
722.304
720.969
720.231
723.377
725.946
728.622
730.984
731.76
732.771
733.509
733.841
733.29
812
799.988
792.601
786.983
783.258
777.467
771.042
797
805
851
840.89
829.897
822.108
719
742
740.224
742.388
742.094
742.678
747.925
754.902
695
705.47
706.112
708.54
709.952
664
675.942
678.814
682.966
683.712
664
670.58
674.885
679.693
679.362
678.971
681.73
685.549
688.761
828
820
797
766
758.822
742
758
754.528
748.474
740.779
735.218
731.668
728.16
723.472
718.011
713.962
711.941
710.282
711
710.483
712.4
714.59
717.228
720.296
723.099
724.618
727.949
729.599
730.702
730.803
730.709
730.446
719
721.433
720.283
835
774
768.788
766.666
764.184
758.549
751.604
746.985
744.362
703
714.834
704
707.41
706.476
708.213
710.802
712.892
713.839
713.873
715.475
718.076
720.536
722.588
724.316
726.15
726.092
725.507
719
721.561
696
702.612
700.731
701.068
700.987
701.873
703.206
704.429
705.371
706.024
706.635
707.234
707.606
804
791.05
780.981
773.147
768.115
761.579
754.32
747.758
743.182
774
770.36
763.973
758.926
756.923
754.466
751.565
746.598
742.051
738.89
738.897
741.144
743.683
746.029
748.059
749.298
750.372
751.184
751.5
704
687
688.476
688.079
691.917
696.173
702.001
708.297
714.892
719.248
721.584
704
707.773
705.54
705.37
704.243
704.034
704.344
704.3
705.422
705.243
704.807
704.417
704.106
703.849
704.486
705.249
706.155
707.26
708.344
710.316
710.06
672
687.068
684.419
685.588
684.71
686.858
689.365
691.24
691.867
691.929
691.928
835
799.193
750
703
705.888
664
665.165
664.41
665.669
668.664
671.676
675.654
678.894
680.609
696
697.029
696.969
695.162
693.48
691.879
692.194
692.168
691.727
691.154
690.886
704
699.962
656
666.953
665.891
666.238
666.088
667.009
668.863
648
654.346
655.596
641
644.476
646.127
648.227
650.364
688
685.776
684.693
685.896
687.01
684.719
681.371
648
632
633.77
632.199
633.897
635.712
638.866
680
683.894
683.171
681.656
680.614
678.419
688
685.111
710
706.202
702.171
699.002
696.507
693.527
690.522
704
671
675.116
673.569
674.431
674.572
675.274
844
798.735
790
781.727
774.782
762.605
750.417
740.374
734.028
797
794.309
779.627
797
797.636
788.494
776.656
767.63
760.566
743
757
758.178
760.119
760.012
761.856
763.428
763.458
761.778
759.127
758.235
760.313
734
739.746
739.793
741.986
741.603
743.351
745.701
746.841
734
738.83
738.247
740.622
739.805
741.149
742.624
743.874
750
748.557
748.215
747.631
747.105
758
753.982
1016
773
777.643
780.382
779.144
765
766.311
770.923
770.807
768.401
768.191
805
803.454
785.718
784.232
790.992
789.354
851
825.039
819.868
821.787
819.807
797
794.045
791.618
789.481
786.359
783.753
783.445
783.55
783.986
784.53
785.829
786.808
711
730.495
742
744.843
746.136
749.147
754.306
760.619
679
704
705.958
708.151
708.449
710.823
1110
929.471
847.521
846.407
845.949
833.027
808.873
803.283
803.19
802.961
758
757.508
759.954
760.321
758.208
756.562
756.104
755.646
774
769.563
821
833.713
834.685
797
797
795.597
793.422
812
807.88
802.564
799.184
797.665
795.587
791.532
765
767.135
766.898
770.831
770.846
769.324
687
703.669
704.716
709.743
713.351
717.361
723.575
730.973
738.068
742.835
656
656
658.665
660.134
797
805
787.638
773.899
704
702.799
698.688
694.553
693.024
692.892
692.932
693.112
765
776.896
763.27
748.221
738.786
734
726.482
703
702.103
701.989
672
695
696.813
701.161
820
844
789
781.054
695
696.409
693.33
691.416
692.653
649
655.179
655.841
658.755
661.248
663.231
666.416
670.684
673.626
674.846
676.56
679.005
681.178
682.086
682.866
672
805
789
891
877.02
861.854
853.445
845.036
833.175
819.963
811.639
750
745.929
737.455
733.452
731.755
732.202
735.362
727
728.257
730.1
732.209
735.382
679
657
658.413
672
676.854
681.835
685.656
691.382
697.655
702.406
704.586
804
801.966
792.9
789
719
720.827
714.72
708.832
797
794.984
781.368
770.398
764.541
759.16
751.883
743.493
736.397
742
740.229
711
715
715.691
718.537
718.7
717.912
719.216
719.882
720.328
722.443
724.554
727.196
729.909
750
748.435
695
709.366
664
671.582
669.689
670.15
672.401
676.267
681.04
789
821
806.828
794.708
784.429
771.72
773
797
790.353
742
742.766
744.423
747.366
743.102
736.585
726
728.43
732.584
734.522
750
751.576
754.672
757.923
774
772.996
680
695
697.383
699.562
700.365
750
756.933
756.661
756.146
756.383
752.278
747.06
727
727.814
726.717
727.758
820
805.798
791.411
787.512
783.214
777.322
769.706
688
699.033
773
781.175
782
767.727
764.064
768.841
726
726.52
723.183
723.642
725.595
727.174
729.173
731.488
733.263
733.882
733.889
734.315
730.674
773
769.853
769.639
770.097
769.01
767.327
764.273
759.608
756.281
753.684
750
805
795.907
804
797.682
793.153
695
713.251
712.396
735
741.491
906
897.621
873.539
858.258
847.527
830.766
812.263
796.578
786.581
735
734.789
695
703
805
835.886
830.691
726
727.542
731.662
664
667.477
666.953
667.018
734
762.874
766.65
797
799.062
765
753.577
741.869
730.908
723.383
721.897
721.583
721.85
703
703.75
702.611
701.435
698.742
696.745
696.656
698.249
700.046
702.082
680
684.445
684.97
687.094
688.347
690.526
711
713.448
714.735
715.276
715.332
695
698.246
695.848
695.226
694.186
694.326
695.119
649
672
668.206
719
712.198
696
696.621
697.881
700.207
698.259
695.446
693.875
693.942
693.424
692.171
726
717.6
712.071
707.364
708.172
706.828
703.598
701.163
701.865
702.342
765
759.741
752.188
747.139
744.917
741.257
736.239
735
719
757
766
766
758.069
754.628
742
742.31
813
800.49
788.433
779.415
797
798.853
773
768.525
770.479
773.582
769.413
679
699.065
704.68
715.639
715.987
713.965
720.845
729.899
736.206
737.609
737.589
740.468
744.35
747.108
711
720.25
722.444
724.007
688
700.718
701.004
701.515
700.738
701.787
704.463
706.232
706.329
706.439
664
676.272
656
660.479
658.906
660.425
662.875
665.809
750
744.763
737.118
734.981
731.747
726.435
719.762
714.034
742
735.273
729.395
726.011
724.636
721.542
717.289
713.892
711.58
709.766
707.663
706.328
709.011
602
649.673
649.017
652.851
652.41
570
620.514
619.224
621.997
621.047
621.3
624.894
627.93
629.503
524
539
548.056
547.46
532
536.957
537.709
537.852
538.712
539.788
540.645
656
704
699.946
696.671
695.325
688.726
680.814
673.399
665.558
660.079
654.843
640
634.218
627.776
621.959
616.831
617
612.664
610.491
586
594.912
593.577
595.022
570
578
577.922
579.103
579.951
581.35
583.261
617
633
637.432
639.409
641.632
734
726.471
717.639
712.326
712.144
641
617
615.328
608.978
711
704.242
691.438
683.526
703
703
664
666.169
617
627.455
622.908
621.869
620.801
620.229
620.264
621.576
622.267
621.884
621.085
657
659.63
662.797
664.861
687
685.605
685.186
682.28
679.853
703
697.487
693.969
693.678
694.751
625
639.067
635.895
631.785
630.038
629.858
632.726
829
773.18
750.399
745.501
740.488
728.136
714.323
702.617
797
791.626
770.877
751.667
750.303
754.444
718
712.283
709.705
703
702.657
703.255
704.546
711
714.347
716.272
716.989
716.767
781
780.667
718
726.76
729.648
728.163
722.681
721.38
722.668
722.229
703
705.992
843
807.095
783.96
774.97
779.793
778.37
764.951
898
867.414
839.163
789
793.023
719
719.791
719.232
720.15
722.539
725.812
729.94
736.397
740.462
743.242
641
666.845
669.06
672.134
672.996
676.227
681.714
687.971
693.216
696.294
697.668
641
654.89
654.503
687
680.963
711
804
799.977
788.411
780.649
775.639
812
806.872
794.556
734
736.603
739.444
696
698.772
696.319
696.622
698.693
701.547
711
711
714.786
719.228
723.693
726.456
728.288
729.392
731.208
732.161
732.666
730.392
578
640.776
641.377
578
600.796
601.078
603.15
606.369
610.817
616.344
621.548
626.315
727
705.689
704.469
707.092
708.304
705.116
640
633
632.071
626.907
623.993
680
679.022
676.6
676.167
677.394
649
651.472
726
719.226
711.866
704.818
657
664.555
633
635.158
609
601
600.51
599.911
586
588.815
579
581.617
582.678
583.995
585.784
588.079
711
742
805
803.382
792.338
780.453
766.482
753.143
741.244
730.951
722.259
714.323
711
704.102
697.804
641
645.227
639.652
636.871
638.259
639.276
643.114
680
696.475
707.343
713.88
719.346
722.732
618
609
610.797
608.801
610.396
611.606
614.372
618.229
622.214
625.183
627.432
656
659.572
661.371
662.877
664.952
666.355
665.74
663.994
663.944
662.325
660.116
657.913
655.696
653.848
672
666.449
665.435
665.058
664.894
664.717
664.235
663.743
664.195
633
648.1
645.101
647.3
647.707
687
686.582
686.05
684.759
683.841
766
756.653
745.184
736.61
718
713.749
707.588
701.958
697.563
694.274
693.601
692.765
691.725
689.378
689.013
689.334
689.43
727
727.667
726.894
730.159
732.54
732.381
730.385
726.789
724.306
722.21
656
673.469
670.964
618
609
611.692
611.486
602
605.884
602
606.677
609.285
612.881
616.544
656
680
681.574
683.805
686.436
687.418
684.243
680.231
677.514
675.161
673.969
672.624
670.901
669.768
668.582
656
655.725
653.232
651.883
651.361
773
759.293
750.882
745.921
742.242
735.089
726.726
718.985
712.327
706.697
701.524
697.021
594
635.868
634.527
640.855
640.9
641.975
645.458
625
632.091
632.323
633.883
634.644
635.757
664
665.089
625
636.877
638.694
638.949
625
625.742
641
633
633.628
634.144
634.891
635.009
634.901
635.137
635.434
635.718
635.937
636.122
636.102
637.236
664
664
661.985
660.803
661.698
661.274
658.765
655.715
654.448
653.514
640
641.173
640.902
641.183
688
672
671.387
680
678.567
677.087
674.529
672.845
664
656
641
643.398
642.552
633
635.591
637.499
639.2
640.351
642.012
643.046
646.056
648.174
649.232
651.841
695
694.633
691.211
689.181
687.885
685.178
681.443
677.873
675.012
673.298
750
740.481
731.924
726.866
726.379
719
713.943
707.905
703.581
719
716.984
714.512
710.993
710.283
709.274
671
684.39
680.598
679.791
678.365
680.487
683.406
633
655.139
652.563
653.448
711
707.571
706.503
707.626
708.791
706.673
702.134
697.614
695.41
692.173
689.416
687.489
685.913
685.082
684.523
683.465
682.321
773
727
726.137
728.082
725.72
721.559
716.687
712.933
709.955
706.804
656
641
642.394
640.662
642.508
644.149
647.204
625
630.757
609
614.851
614.627
616.369
617.851
695
699.228
698.654
698.666
698.715
697.14
691.752
686.201
681.526
677.373
673.506
670.007
703
700.03
695.337
693.002
641
650.158
645.559
644.547
646.128
648.552
651.919
655.751
659.353
662.094
663.437
664.114
664.368
664.187
663.362
617
617
625
641
638.978
639.7
649
650.308
651.122
650.73
650.39
650.059
649.481
648.755
648.049
648.3
648.485
648.516
648.35
742
725.359
716.894
712.969
711.535
610
586
592.461
592.111
595.377
598.25
602.371
607.988
625
632.066
637.686
641.804
644.82
646.133
646.222
687
684.27
682.24
678.305
678.666
676.631
673.749
670.565
668.395
667.055
665.758
664.17
663.215
662.222
610
630.181
626.92
625.969
563
600.285
596.6
596.548
595.966
596.808
598.738
625
622.684
624.127
626.755
628.947
629.574
628.973
628.142
628.802
627.513
625
624.378
623.436
622.842
726
707.385
698.663
694.658
695
695
690.124
664
663.921
672
669.902
665.438
661.987
661.495
660.693
659.399
656.5
653.759
651.988
651.706
653.35
672
675.845
678.507
679.495
680.618
679
678.625
677.498
676.414
664
656
656.54
656.2
657.131
658.005
659.014
659.974
660.805
661.543
662.269
663.398
664.397
649
654.584
655.768
657.984
658.321
658.95
660.084
660.479
660.529
660.422
660.321
660.393
640
649
647.223
648.603
648.769
649.639
727
719.765
713.339
709.608
708.694
704.211
734
724.762
717.967
713.657
711.275
708.24
703.903
699.177
726
719.674
715.453
711.52
709.952
709.17
709.207
709.438
710.194
710.955
711.715
712.321
687
695.108
694.485
695.965
696.235
697.039
698.118
699.083
702.126
702.179
702.517
702.609
702.59
702.298
701.894
701.978
687
692.128
692.136
692.928
692.999
693.65
694.429
695.211
821
851
835.332
822.741
750
742.032
733.164
725.869
722.051
687
689.921
690.616
805
812.476
743
740.553
744.334
752.93
735
721.47
719.78
687
719
720.737
721.845
714.486
709.768
711.565
716.65
716.558
710.955
708.555
641
625
626.989
624.577
626.915
628.767
640
645.005
650.94
742
718
718.066
773
772.903
762.959
750
750
743.679
726
696
695.062
689.373
684.592
680.68
680.117
681.25
679
679.968
680.956
683.475
685.279
687.057
758
703
709.478
712.742
712.551
710.05
708.163
705.996
704.102
701.428
617
646.183
643.2
610
620.096
619.047
619.575
620.781
622.425
625.453
586
603.04
586
589.673
588.946
588.637
588.944
589.691
590.668
591.435
592.336
593.782
594.947
595.191
595.626
547
569.299
566.893
565.014
563.937
563.946
565.398
594
594
594.976
595.606
596.384
596.771
578
582.643
582.598
582.742
582.446
582.349
582.959
633
627.812
624.281
623.583
624.511
609
609.478
606.825
605.905
604.876
604.455
604.534
601
600.999
600.162
599.314
598.173
597.146
596.337
596.492
598.416
695
685.208
679.335
676.126
695
664
664.345
659.352
655.322
651.094
633
633.004
628.923
626.042
623.121
622.205
621.697
710
696
672
676.299
679.277
677.806
633
644.312
649
645.986
642.729
695
690.373
682.246
680.025
681.389
677.94
671.594
667.588
668.064
668.627
668.41
667.856
668.111
668.446
668.757
633
664
657.721
657.457
656.18
658.538
660.771
661.816
625
639.506
637.192
637.1
636.003
637.018
638.993
640
641.207
641.929
664
660.389
696
693.6
689.814
688.043
685.899
656
659.032
655.909
653.249
651.512
650.837
650.834
650.883
651.254
651.539
651.769
651.978
652.161
653.181
653.887
656.421
562
604.839
586
589.711
602
599.876
602.796
605.839
609.935
612.619
633
629.572
631.732
632.758
633.323
633.741
641
648
642.363
656
652.076
651.342
687
703
698
695.345
696.158
695.947
692.955
625
636.724
635.028
632.877
602
609.277
579
562
578
571
573.086
570
573.407
575.828
578.394
581.242
583.91
586.292
588.002
589.695
590.61
625
621.212
621.832
620.646
617
633
628.726
627.491
627.333
627.986
627.011
625.726
624.957
624.593
624.31
623.383
622.487
621.635
620.736
620.738
633
632.158
632.907
601
625
620.752
622.184
621.18
621.991
623.04
623.99
624.629
625.063
632
630.849
704
694.687
687.75
683.209
681.949
625
625
622.008
616.862
617.442
618.285
620.695
623.112
625.431
727
714.199
702.899
679
674.822
669.108
711
711.329
702.818
688
664
664.041
663.017
662.273
659.456
656.257
710
712.962
706.055
812
808.912
773
805
758
742
737.914
732.966
727.099
722.714
720.863
718.22
715.487
680
689.506
683.769
683.191
682.184
682.884
914
849.099
805
801.191
799.256
786.889
768.001
752.809
687
687.833
686.529
687.862
852
845.042
812.571
799.299
795.147
790.438
782.63
766.638
828
839.605
832.931
813.702
801.199
695
700.909
702.346
704.15
707.633
709.544
719.192
731.154
742.079
748.762
752.092
754.141
648
665.202
665.49
666.246
820
806.791
784.814
777.401
768.406
756.093
742.14
730.225
721.755
716.328
750
759.023
756.926
797
797.994
786.026
781
770.954
760.657
696
734
735.199
739.318
735.426
737.48
741.036
742.818
812
766
765
766.167
766.084
703
716.858
717.185
716.843
715.927
718.485
735
732.632
732.784
734.069
735.371
750
743.444
740.679
665
679
680.373
766
757.206
748.571
740.131
734.996
735.263
732.87
727.757
813
809.579
795.152
779.971
735
735.764
736.207
737.965
734.844
609
641
645.911
1047
876.177
802.644
794.9
742
736.51
719
714.417
712.457
711.998
727
728.702
728.047
726.175
766
766.935
762.872
754.796
726
728.179
727.487
727.094
726.384
726.411
813
815.841
809.284
800.57
804
801.856
794.922
785.14
778.109
776.173
773.443
769.295
764.598
761.84
789
788.334
718
736.605
739.287
742
741.645
744.735
749.993
753.908
755.55
756.237
757.921
759.196
759.318
757.916
757.847
758.004
757.412
756.178
755.66
756.808
752.976
752.542
751.734
804
794.673
789.786
785.67
782.841
750
755.006
727
733.25
731.87
734.797
758
760.162
762.341
763.737
1062
946.795
900.293
893.247
879.398
765
761.773
761.521
781
785.873
784.046
785.122
789.149
789.775
786.719
784.213
782.986
781.9
780.568
779.148
696
707.757
708.116
713.922
717.651
722.089
727.719
733.457
738.969
742.808
745.838
748.586
751.011
752.455
752.814
753.141
752.767
750.974
749.056
749.09
746.062
743.009
740.438
739.242
738.25
737.578
737.094
737.859
738.778
739.788
740.809
742.313
744.359
745.683
746.731
747.665
748.336
748.697
748.757
748.687
748.634
747.91
747.09
746.263
745.486
734
737.283
736.846
737.916
738.238
672
690.875
691.776
694.823
906
839.817
813.4
806.94
798.105
782.826
765.723
751.296
744.886
742.665
742.195
828
831.745
810.55
679
689.996
694.255
703.741
709.639
714.108
725.01
741.752
586
635.661
643.2
652.136
653.172
562
600.546
570
582.078
581.403
581.235
581.649
581.883
582.64
583.089
583.673
584.132
584.512
617
610.157
611.593
614.808
617.517
619.007
618.684
619.23
695
683.239
679.094
678.683
682.264
680.871
677.279
674.42
673.563
672.512
670.398
633
609
610.023
606.346
604.631
603.622
603.891
606.265
609.894
610
613.539
616.579
619.614
622.389
624.822
626.948
664
657
687
684.09
683.484
684.114
683.193
681.006
677.85
664
662.21
659.129
656.519
654.106
652.302
651.788
651.26
650.569
649.888
649.559
650.831
652.983
655.671
658.296
1203
891
801.747
800.693
799.697
796.36
750
748.581
748.123
891
871.251
945
939.452
912.549
897.15
893.127
890.024
882.31
864.642
914
914.123
905.572
893.92
892.301
891.608
882.117
869.371
862.898
836
843.564
846.196
850.729
758
772.802
844
856.606
735
734
740.684
812
818.183
805.162
804.136
826.491
841.033
821.933
796.773
807.8
824.162
825.612
796.72
784.574
867
1008
969
886.364
871.106
887.298
897.768
879.33
711
728.618
741.137
743
748.423
752.438
773.039
803.387
817.795
758
1086
996.864
911.13
906.457
908.814
889.691
855.808
853.915
860.789
860.331
843.189
838.705
841.104
842.149
835.871
826.335
825.398
789
788.962
788.333
790.591
793.963
798.334
803.343
719
734.98
734.893
737.912
739.856
774
786.519
792.333
795.66
798.705
742
748.556
859
840.476
821.539
807.556
703
713.607
945
880.563
834.611
796.928
782.723
791.454
750
748.128
745.391
703
708.749
709.765
714.772
716.469
717.168
717.71
719.806
720.531
774
772.017
774.751
777.625
779.564
778.261
774.267
770.641
782
777.568
773.302
770.298
769.036
767.122
763.416
760.802
758.602
756.86
755.121
754.177
756.993
757.991
760.505
762.447
764.632
766.19
767.112
767.775
618
632
634.923
635.931
640.977
646.599
654.957
640
648.296
618
626.905
627
628.968
630.232
726
727.101
725.492
723.892
703
701.767
695.584
689.84
684.411
680.066
676.945
674.231
671.182
617
633
628.137
625.841
625
602
611.444
611.111
578
591.229
589.904
563
573.568
572.726
572.194
586
584.491
586.735
589.19
591.768
592.738
593.855
594.617
595.453
595.714
596.217
596.668
596.685
594
594.789
594.635
586
585.76
585.269
584.957
585.81
609
664
663.766
661.95
661.994
663.357
662.976
660.29
657.527
655.403
648
648
644.962
641.849
703
656
659.565
659.824
703
695
688.061
688.1
689.295
686.829
682.632
679.612
678.025
676.556
594
609
609.927
609.028
609.69
611.484
614.99
619.254
623.603
617
622.001
624.356
626.974
628.735
630.314
631.933
632.997
633.414
633.092
633.966
631.798
631.203
630.743
578
599.409
586
587.736
586.916
587.941
589.204
591.109
593.255
595.426
758
734
688
684.819
678.436
649
640
625
625
602
604.363
602.178
602.551
602.147
602.304
603.791
604.888
605.633
605.928
608.282
610.224
612.014
613.758
615.262
617.055
618.297
618.752
619.087
619.279
617.264
616.485
695
711
704.444
700.382
699.945
875
836.94
806.857
790.299
782.61
776.933
769.751
759.343
750.309
744.501
742.046
740.091
734.238
726.116
721.173
718.762
633
656.088
655.361
695
710.126
724.875
737.149
695
700.13
697.314
695.433
693.26
691.295
689.944
689.281
689.268
687.733
685.665
781
773.974
719
722.787
725.858
723.079
711
708.009
742
750
739.389
750
751.978
804
785.349
766
761.436
766.911
765.764
754.565
748.616
751.906
754.519
753.865
748.739
711
679
641
633
631.57
617
619.744
622.325
627.424
649
662.702
676.444
686.662
696
711
714.333
715.844
715.668
688
688.715
684.998
682.215
678.811
676.32
674.305
648
650.403
719
719
715.854
710.973
710.53
710.348
680
664
664.334
665.341
667.891
633
641.132
644.1
640
642.271
680
682.242
695
694.728
697.632
698.512
719
695
695.396
693.624
691.84
688.25
685.329
633
645.236
643.314
642.952
642.853
782
756.536
750
745.786
742.341
733.085
722.658
713.615
707.532
702.174
697.062
687
684.168
680.954
735
695
700.821
701.69
703.164
735
735.721
735.573
726
680
680
677.601
676.262
676.772
677.706
679.731
681.918
683.168
683.316
683.358
685.208
685.314
685.188
684.529
684.673
735
734.562
797
793.199
786.451
781.755
776.412
770.578
734
730.938
725.407
720.907
717.108
714.814
714.569
714.269
750
789
784.947
777.282
772.201
766.15
805
808.516
804.269
794.052
828
832.092
827.292
815.699
809.062
809.793
810.919
806.256
798.934
795.417
797.951
798.416
797.285
794.277
793.628
793.762
688
709.654
710.861
821
824.005
821.902
819.149
816.778
809.639
799.288
788.594
750
749.998
749.225
781
786.773
835
832.203
819.154
809.71
799.267
789.025
780.055
777.357
777.702
757
758.634
759.227
762.686
764.137
764.523
735
740
740.225
711
734
711
716.58
717.793
687
695.44
694.96
696.207
697.349
699.657
703.186
703
705.965
707.759
709.473
710.737
709.848
726
721.646
721.518
688
696.352
694.565
693.78
735
730.642
726
758
759.233
754.043
748.545
744.466
740.798
736.365
672
685.664
684.549
686.572
687.335
691.311
695.074
698.496
700.827
702.224
704.913
706.627
707.153
709.392
710.686
712.055
712.515
672
682.834
681.1
640
651.548
650.003
656
687
688.243
690.875
693.937
696
695.6
656
664.784
661.714
659.452
657.5
658.223
659.67
660.414
660.784
661.539
661.452
688
684.102
682.502
682.563
683.023
682.945
682.037
681.133
602
633
630.446
630.731
629.694
648
649.333
633
638.689
639.958
641.156
640.334
641.38
642.807
643.881
644.828
645.11
645.324
645.521
645.991
644.957
644.645
644.267
648
647.26
647.888
758
736.311
726.495
721.796
719.426
797
784.941
767.217
755.519
753.223
782
776.654
762.785
750.561
751.236
657
680.327
632
637.791
631.871
649
648
653.639
659.486
666.049
671.846
677.456
682.196
685.533
672
676.437
676.172
676.264
674.601
674.441
673.63
673.505
672.859
672
671.857
671.17
670.693
670.228
669.841
670.465
671.54
672.682
813
786.089
773.588
767.023
762.323
696
699.588
692.649
687.477
685.038
684.527
686.352
687.82
656
662.868
663.21
665.182
665.737
666.542
680
684.258
688.342
735
789
783.427
734
734.78
729.744
672
675.554
673.632
703
704.011
701.451
701.684
656
663.376
661.1
660.275
703
707.088
706.197
688
689.506
689.907
690.781
689.11
633
625
627.433
628.412
609
612.461
614.81
617.936
621.191
624.367
782
752.663
797
796.037
783.986
773.254
680
682.288
676.298
703
704
702.149
700.735
699.811
696.425
691.921
686.25
680.401
633
641
640.473
664
668.983
641
644.801
648.26
651.762
652.682
652.652
655.161
657.88
659.242
659.184
594
614.744
578
584.304
582.942
581.985
582.51
583.678
585.597
664
719
820
813.135
798.973
789.205
773.773
758.686
640
637.907
625
618.056
617.219
616.048
664
681.948
688.474
690.774
692.06
690.787
686.687
682.754
682.445
682.347
682.245
681.727
680.626
680.251
679.559
677.766
676.354
674.196
671.8
671.705
672.48
674.697
677.832
680.768
683.629
685.744
688
688.04
687.82
711
710
743
741.584
739.993
738.797
736.943
734.215
730.272
726.627
723.603
721.418
719.535
717.807
716.255
715.334
664
682.049
676.968
820
791.472
776.055
767.749
760.273
751.348
656
666.969
667.1
669.082
672.7
675.629
679.912
688
692.476
694.413
695.764
695.399
694.689
693.918
688
689.848
680
681.514
681.592
648
655.71
653.932
654.241
654.577
656
657.947
660.099
663.108
844
793.77
774.23
766.543
759.542
747.1
733.445
722.048
714.381
709.685
711
707.913
688
688.034
686.581
688.283
688.376
688.109
688.021
690.339
692.852
735
742.273
745.691
745.83
746.19
743.219
739.057
734.353
664
674.288
648
649.622
648.054
650.344
656
661.266
666.619
758
734
733.921
736.309
736.178
733.822
728.145
723.781
719.938
716.412
712.838
709.022
705.652
702.619
699.686
698.6
697.142
695.813
694.325
693.775
696.33
699.165
702.293
705.533
618
652.948
593
608.204
606.269
605.879
606.589
608.682
664
667.546
672.372
676.382
679.668
680.808
680.436
679.785
678.962
632
644.997
641.655
638.019
635.89
633.831
634.009
634.093
634.153
634.173
634.32
636.587
594
610.217
608.671
602
603.339
604.225
605.736
711
695
686.906
684.222
683.355
678.57
672.259
666.258
662.29
658.901
655.665
652.484
649.261
646.493
617
624.592
621.089
621.074
633
633.417
637.495
641.079
644.66
648
649.59
650.49
625
631.294
629.672
657
617
633
632.59
633.354
632.982
680
672.359
668.56
667.583
666.981
664.779
661.585
659.08
657.488
656.717
656.095
671
664.728
664.002
663.402
663.28
662.707
661.386
660.173
659.563
662.226
664.096
665.688
666.798
648
653.918
654.204
664
662.24
662.78
663.537
664.911
665.627
665.696
665.626
665.762
665.812
665.712
601
623.941
622.956
624.021
624.974
627.101
630.621
664
663.625
664.277
664.843
664
663.205
661.164
659.036
593
618.002
594
597.473
596.797
596.575
598.779
601.483
593
597.459
598.744
600.492
609
609.277
612.084
613.999
615.68
616.746
616.955
617.655
625
623.007
621.906
622.014
695
681.689
676.049
797
773.029
758.658
753.99
752.144
747.065
664
657
654.565
648.906
645.387
643.492
645.153
646.934
648.279
650.466
653.183
656.047
657.888
660.191
663.397
726
730.06
729.022
726.788
726.875
703
699.427
694.459
691.602
672
671.458
668.603
664
649
650.105
649
650.345
651.071
652.208
654.276
657.538
660.508
663.25
665.817
668.328
670.789
671.246
671.489
703
700.519
698.03
696.087
758
749.024
741.512
737.688
703
704.981
699.882
695.636
664
668.07
664
666.612
666.808
668.76
671.431
674.167
677.144
679.026
672
673.845
648
654.013
652.975
653.836
654.554
656.132
658.225
660.819
661.345
662.036
672
670.559
670.856
670.793
671.076
671.213
671.042
670.9
670.873
670.608
668.913
668.519
667.656
667.272
719
712.43
648
666.195
667.169
665.803
662.618
662.267
664.063
665.442
656
659.455
641
664
659.707
658.942
657.998
658.449
758
789
771.522
759.462
753.341
745.292
687
684.493
679.605
696
698.653
697.728
695.816
695.724
694.048
691.386
664
666.03
664.374
667.111
668.638
670.606
673.052
675.437
677.336
679.469
680.262
680.89
704
704.023
703.482
703.024
702.945
702.297
711
706.54
703.832
805
785.265
774.624
769.274
767.613
762.812
687
696.181
693.914
692.159
691.33
693.918
698.905
702.984
704.89
707.226
709.387
710.636
709.908
709.577
680
687.451
687.482
688.382
688.297
656
672
670.983
673.249
672.551
673.436
675.345
677.298
678.681
678.675
679.568
680.457
680.988
680.852
680.344
680.706
680.917
680.955
758
805
859
851.532
842.092
703
711
706.315
702.229
704.209
656
662.944
656
672
678.782
684.933
689.214
693.572
696.815
697.662
698.984
700.172
701.411
701.483
701.498
699.774
698.463
696.978
695.918
695.102
693.664
692.18
690.713
690.08
689.507
648
663.53
661.231
663.405
664.822
667.583
671.09
641
617
622.068
578
590.359
602
602.839
605.484
608.487
612.328
615.812
618.49
620.712
620.707
621.124
620.488
619.77
618.902
618.746
672
656
652.645
651.995
654.42
653.8
727
714.412
706.461
702.654
702.453
699.829
693.654
687
682.745
679.526
625
625
620.985
618.21
618.637
619.498
621.391
624.225
627.227
631.034
635.127
664
696
699.698
773
688
695.653
680
675.945
671.466
667.628
664.78
662.424
660.461
658.505
656.528
654.635
652.817
651.216
650.464
649.939
650.101
656
654.48
656.332
658.774
661.446
663.078
656
649
648
649.041
649.63
650.376
651.328
652.34
653.342
654.093
654.621
655.053
655.397
655.756
656.224
656.475
625
636.286
634.575
636.896
672
667.662
665.87
665.675
665.64
656
655.494
653.668
625
641
638.046
639.506
639.525
640.407
641.613
643.451
625
629.229
632
632.332
860
777.828
750.636
741.802
732.092
718.518
610
615.141
615.188
633
642.749
645.193
664
667.962
668.592
668.253
666.957
758
711
709.75
710.798
712.892
711.051
688
688.886
726
716.599
708.155
705.588
680
684.259
633
644.038
640.552
638.935
672
673.247
679.725
734
740.881
736.498
735.24
733.023
727.383
617
644.1
641
641.244
641
644.25
727
724.724
714.382
712.763
712.969
708.585
704
698.452
697.774
698.074
648
661.398
662.161
661.711
625
635.391
635.409
672
664
665.447
669.86
688
710
705.223
742
738.968
732.411
727.812
724.061
719.314
714.452
710.1
707.308
704.955
703.346
701.506
700.437
699.282
698.825
698.438
698.197
698.176
734
733.856
738.039
739.198
738.761
736.339
732.674
728.967
725.985
723.778
721.772
719.974
718.38
717.027
715.86
715.62
715.328
715.056
714.871
714.375
717.503
720.4
723.399
726.057
734
734.352
734.859
734.278
680
679
649
640
639.449
640.98
633
637.739
642.419
648.222
653.577
658.755
664.133
669.412
640
647.388
648
648.244
647.012
646.865
647.569
594
613.908
611.415
610.395
609.455
609.783
611.34
719
726
715.167
709.397
707.3
671
668.357
661.173
655.627
625
648
644.353
742
719
705.355
687
681.514
676.949
670.917
665.16
661.836
660.613
660.308
680
682.357
681.497
677.242
648
654.741
652.274
750
745.158
719
712.94
672
674.78
671.387
669.194
667.499
665.185
680
656
659.606
656.407
656.727
657.35
726
719.711
711.308
664
669.885
670.317
669.957
667.884
665.555
666
667.412
668.046
672
669.955
669.166
668.126
667.477
625
638.849
638.012
638.644
639.172
640.777
643.166
645.877
647.966
671
670.11
669.743
669.565
669.549
668.815
668.187
667.372
672
669.723
669.304
668.514
668.812
667.856
680
674.907
674.614
673.692
656
658.552
658.217
659.756
660.945
662.447
663.816
665.079
666.247
667.097
667.821
668.383
668.785
669.012
669.107
665
667.679
667.554
667.939
679
674.284
673.831
673.217
672.948
742
730.902
724.458
720.418
719.255
715.094
709.863
705.003
701.854
699.906
697.786
695.766
693.956
692.82
692.025
691.203
690.014
695
704
703.064
706.436
709.471
664
682.746
679.686
680.468
678.826
679.917
688
688.772
711
707.527
705.808
664
674.237
664
664.855
663.644
665.159
667.175
668.967
671.113
671.578
672.072
672
672.265
672.115
671.934
672.123
601
626.63
625.942
641
656
696
711
687
687.778
684.707
681.594
676.901
672.378
593
618.88
619.07
610
625
624.538
629.103
631.134
633.615
711
703.302
687
687.947
689.747
686.887
681.96
678.039
676.174
594
625.001
620.036
618.158
614.399
613.825
615.797
617.623
619.199
620.655
523
531
537.819
537.197
523
528.279
529.663
530.361
531.922
533.423
586
585.197
589.71
609
613.013
615.819
617.263
618.099
618.144
617.576
617.092
616.315
615.119
649
641.369
637.838
633
634.433
632.518
610
611.374
609.329
608.808
609.433
610.726
612.655
614.532
616.137
664
665.979
664
657
617
623.468
586
590.889
588.807
588.965
589.758
591.446
594.172
596.715
598.887
600.863
602.193
602.922
603.099
602.966
604.729
605.637
606.282
607.267
606.805
607.253
605.143
604.368
593
594.217
594.629
595.319
596.034
596.818
597.794
633
631.294
631.932
632.987
634.568
635.054
633.335
695
686.188
680.527
678.346
679.298
633
638.631
633.961
630.064
628.114
627.121
627.279
627.527
628.239
628.799
629.82
630.66
631.26
631.559
631.909
634.448
636.147
586
603.972
603.176
601.902
640
634.524
635.052
635.341
635.714
635.438
766
731.988
714.233
704.375
699.73
632
638.247
631.974
626.169
625.36
624.385
602
607.612
606.648
607.55
608.443
562
588.521
587.229
570
574.567
574.956
575.476
664
651.016
648.356
719
714.221
704.031
702.82
695
689.945
683.803
678.269
602
623.447
616.932
612.028
570
587.721
581.819
581.114
580.018
580.161
581.302
582.781
584.704
586.699
588.751
590.879
649
643.648
643.05
645.182
656
654.561
651.428
647.963
649.261
648.665
646.517
644.221
642.426
633
632.524
629.639
627.296
625.041
623.118
623.595
626.414
628.585
630.467
632.461
635.295
637.208
638.272
639.305
727
750
742.852
737.355
734.391
730.805
726.51
721.517
717.337
714.197
711.367
708.069
727
724.069
720.07
716.511
714.53
711.871
656
657
655.82
656.338
658.657
662.163
666.816
671.617
676.072
710
714.428
716.118
717.205
717.46
657
640
641.187
625
627.521
625
628.592
632.073
636.29
640.158
643.768
646.918
649.346
650.059
735
730.122
723.675
720.585
719.098
714.98
709.072
703.379
698.783
696.069
692.451
689.162
686.129
1234
870.338
809.689
809.231
808.773
806.354
798.835
795.78
648
679.592
672
677.844
677.917
677.459
677.399
677.864
678.19
633
638.162
636.697
625
625.697
625.73
626.399
602
617
616.413
616.447
616.34
618.691
621.54
624.163
626.352
627.8
629.182
630.195
631.32
617
621.297
610
612.739
611.576
611.707
611.659
612.372
641
640
641
640.456
640.346
640.054
640
638.49
637.778
637.336
773
742
726.746
719.799
716.208
711.561
704.217
695
688.643
684.759
680.352
675.967
671.428
667.61
789
778.397
759.652
617
641.907
645.127
651.46
656.213
659.169
663.203
670.724
757
711
698.087
694.596
699.96
704.097
696.562
689.743
689.272
690.666
691.362
690.48
686.969
685.383
633
647.41
645.566
645.86
644.004
571
606.745
605.263
607.025
562
586
584.895
586
594
593.015
773
852
807.994
785.702
776.907
760.546
741.866
672
663.335
664
662.916
696
796
821
799.005
778.642
761.638
744.852
731.587
875
879.387
868.236
837.541
813
781
779.066
787.442
793.23
786.559
770.543
1133
1029.31
940.913
906.028
905.142
905.616
887.569
853.656
839.318
838.978
845.959
845.645
835.976
833.629
835.041
837.876
836.71
827.796
820.56
820.789
823.239
825.25
656
701.357
704.359
617
635.418
635.533
637.323
640.806
646.128
653.341
617
628.717
628.625
628.641
656
655.669
734
796
786.401
784.79
783.441
779.175
772.735
640
633
632.76
631.896
765
765.736
750.973
741.966
733.594
722.914
710.909
698.911
689.045
685.4
750
775.417
776.745
759.57
743.601
736.935
732.415
726.38
718.378
711.973
711.913
714.416
717.869
720.605
721.115
719.324
717.988
696
695.613
797
796.311
789.789
779.788
775.994
734
731.875
725.617
722.166
766
774
769.81
760.219
753.984
750.144
747.243
742.371
736.178
730.679
727.976
729.142
730.594
732.2
733.247
742
742.077
741.949
875
856.136
843.09
832.863
859
852.624
838.863
827.105
823.075
819.902
812.419
804.179
799.4
797.653
795.201
791.632
787.06
844
837.034
833.273
834.175
837.628
834.657
829.647
827.857
867
862.098
854.625
850.57
851.206
846.149
839.453
834.408
867
859.587
853.323
774
791.074
795.842
801.993
719
727
734.268
746.163
752.125
703
713.962
727.213
742.189
740.987
737.299
742.914
753.774
649
669.533
673.273
675.633
676.037
676.885
681.757
686.431
689.529
691.423
693.829
696.435
696.681
696.967
697.305
633
649.593
649.34
649.955
649.837
649.791
653.018
829
781.791
760.043
750.965
745.497
735.077
723.19
758
753.372
742.708
732.943
727.194
724.901
719.701
680
687.161
687.168
688.466
688.299
689.281
692.934
696.7
699.732
702.054
704.127
705.318
705.532
707.762
708.275
708.476
707.728
707.108
766
757.77
719
723.644
723.863
721.065
715.969
765
756.832
749.755
746.83
746.29
742.198
736.32
732.688
732.59
731.619
728.059
725.694
726.119
727.862
728.194
728.195
728.299
728.438
728.233
727.864
730.982
733.488
726
729.829
703
712.789
711.028
712.738
712.297
713.991
715.437
719
719.032
719.282
719.237
719.382
719.332
719.194
719.215
727
725.423
725.355
727
726.085
724.218
723.76
722.919
722.639
722.28
722.11
721.99
721.813
721.587
721.346
721.106
789
781.358
789
784.009
779.356
772.75
766.321
760.134
754.756
750.388
664
685.232
684.129
688.701
692.266
688
945
870.856
837.946
833.954
830.341
812.563
790.707
775.218
703
703.41
702.352
703.714
705.363
707.419
710.148
695
696.167
695.382
695.054
696.253
698.871
701.861
704.751
707.469
709.348
710.61
719
718.189
727
725.896
725.807
725.178
696
701.257
698.659
697.699
828
801.752
789.916
783.318
778.85
789
779.392
769.043
735
735.44
733.021
906
867.659
833.752
727
729.468
736.134
754.121
759.734
749.058
739.699
738.376
751.737
772.1
775.512
757.397
736.639
805
820.12
816.578
785.357
781
786.682
796.876
766
760.549
763.898
726
735
735.225
737.187
737.613
688
698.822
702.352
706.827
680
685.816
690.344
694.5
695.537
697.57
701.366
705.784
709.34
709.824
710.26
710.627
711.988
710.67
709.292
708.058
707.245
547
644.226
640.973
642.955
641.448
610
626.572
626.958
629.712
630.662
632.193
635.52
638.526
640.429
641.45
641.732
641.838
641.521
640.843
640.437
637.148
638.236
633
634.286
641
638.361
638.222
638.104
637.976
637.813
637.627
638.513
639.457
640.323
641.205
601
602
603.688
603.855
605.56
617
619.15
622.384
624.337
626.813
627.077
626.984
626.615
626.093
625.482
695
683.926
726
720.742
714.979
711.912
708.152
703.829
698.056
693.28
689.082
685.133
681.088
750
789
780.514
767.788
759.211
750.483
695
693.688
689.098
689.847
693.032
648
654.988
655.41
659.281
662.094
664.56
667.822
671.332
674.317
677.812
681.037
683.56
685.238
686.376
687.463
742
735.431
729.364
724.613
722.238
836
808.144
796
784.15
780.588
777.151
735
731.606
727.799
726.097
722.829
719.578
718.522
719.268
721.142
789
787.227
776.874
696
687
688.434
689.829
694.295
698.214
701.803
706.594
711.393
714.296
713.85
712.021
773
742
743
737.132
736.719
735.12
732.007
729.997
774
742
744.816
743.71
741.386
743
737.945
737.513
736.274
734.66
732.79
731.643
719
724.465
723.669
828
812
800.22
791.981
785.694
779.282
771.589
765
759.754
756.066
750
750
747.458
745.644
742.758
743.484
743.333
743
740.23
739.831
742.405
745.074
747.829
750.497
711
725.802
725.52
727.929
726.183
728.262
730.998
732.974
766
763.038
758.914
756.433
755.762
750
748.018
744.689
744.275
744.265
744.259
743.536
742.474
741.87
774
767.509
781
775.045
771.252
767.345
764.093
760.684
757.545
758
756.393
755.662
754.792
828
820.703
812.567
806.127
696
718.193
672
674.536
674.164
677.17
682.549
689.095
696.702
704.348
711.512
742
781
779.357
776.509
774.95
774.18
770.528
763.648
761.251
757.195
753.054
749.891
746.746
744.016
741.631
739.747
672
685.617
735
734.639
739.215
744.864
750.856
755.737
756.369
753.052
750.635
813
811.399
735
745.296
750.953
751.159
750
734
741.129
781
773.276
781
758
760.891
766.062
767.743
758.613
748.054
750.617
756.949
762.45
758.973
754.466
754.293
757.006
696
742
737.081
737.321
734.852
797
788.291
780.673
779.127
780.488
774.605
711
773
757.879
750.003
820
750
760.326
727
742.696
738.462
736.984
737.529
813
791.844
750
768.833
769.412
761.662
752.937
756.723
711
727.925
727.312
725.702
898
846.621
765
775.133
711
713.886
712.45
711.946
713.336
715.78
718.919
721.345
722.465
722.44
727
742
740.457
738.636
736.04
734.97
804
796.267
786.552
780.943
780.052
777.053
907
870.591
844.624
831.055
827.047
703
726
704
704.108
727
739.625
765
776.149
766
767.911
734
736.034
732.243
731.209
730.526
731.926
781
782.604
775.352
774.007
770.983
766.927
804
799.207
791.584
781
780.435
778.615
774.401
769.188
766.379
766.277
687
680
679.871
679.918
684.681
690.92
699.62
709.389
703
709.612
714.171
718.623
721.803
724.109
725.925
727.668
728.315
726.233
723.975
723.315
742
828
813.578
803.998
797.63
789
782.723
775.677
769.249
726
728.422
725.336
805
812
803.258
791.585
750
747.834
719
717.721
703
703.474
705.893
710.508
715.54
720.916
725.791
728.763
730.893
728.455
726.254
724.08
725.552
726.181
726.499
727.044
726.802
726.636
726.974
726.521
724.417
742
736.438
735.895
734.961
711
727
723.679
718
750
744.905
743.354
781
777.325
789
781.675
777.168
773.01
768.262
763.295
759.454
756.968
797
790.003
783.728
781.853
780.992
779.03
775.165
771.212
769.165
768.128
768.422
768.775
813
810.029
797
796.619
797
794.117
789.166
784.771
785.127
784.763
784.031
781.937
821
828
828
821.295
817.251
813.637
695
715.591
716.509
750
762.103
774.076
785.171
792.064
793.093
790.297
784.619
778.753
961
924.945
898.633
879.057
871.525
812
801.203
797.694
796.155
796.568
796.858
797.988
765
711
710.868
711.788
715.801
720.06
723.928
738.128
751.42
761.821
768.437
772.524
776.159
777.03
775.159
771.925
758
757.022
754.333
753.218
812
804.969
799.906
797.082
795.753
791.653
781
776.921
774.176
772.618
771.43
770.615
770.651
766
767.493
767.789
767.696
766
765.029
764.36
767.713
770.357
773.334
776.469
778.517
779.818
779.929
734
748.074
746.768
748.113
746.152
749.045
758
758.049
758
773
770.001
766
765.069
763.813
762.618
762.081
761.337
761.058
760.655
760.669
759.486
711
727.921
671
681.679
680.671
672
675.698
678.962
683.996
656
665.696
695
694.944
697.467
657
668.572
679
678.87
675.892
726
722.528
717.327
712.279
711.492
710.039
705.632
700.806
698.026
697.036
696.576
695.211
742
734
696
704.535
705.26
704.779
699.517
697.432
700.015
701.648
701.37
700.931
701.395
702.017
701.951
711
706.509
735
727.464
723.474
723.272
722.629
721.008
718.457
836
774
767.396
765.082
757
766
734
739.488
736.241
734.128
735
731.02
731.554
731.372
730.543
728.491
726.506
724.529
723.259
722.484
723.886
726.281
728.827
710
715.373
716.406
717.697
718.357
719.57
721.174
722.419
723.317
867
797
784.314
750
750.268
797
787.579
766
755.837
757.039
758
758.957
749.577
740.203
836
827.284
992
910.873
859.805
781
779.106
784.074
788.211
758
828
846.036
833.879
811.656
809.654
812
808.845
792.391
781
780.251
797
899
875.186
848.246
840.447
843.615
850.32
842.891
826.609
812.852
750
766
772.713
784.795
785.474
778.66
777.69
783.359
790.43
793.768
788.325
788.555
791.754
742
734
733.63
735.131
774
757
762.09
764.591
766.877
766.689
758
758.959
757.627
756.601
754.566
753.73
754.148
753.508
752.834
758
742
745.017
745.002
745.462
747.633
748.036
750.376
751.777
727
735.746
734.63
765
760.911
759.19
758.945
759.295
774
789
781.991
776.301
772.48
770.666
769.069
765.543
762.259
761.136
761.301
789
805
798.446
793.123
828
828.193
822.352
815.047
811.23
742
751.192
758
759.379
759.141
762.31
828
830.964
766
774.989
783.1
781.503
969
906.452
872.202
869.782
727
711
711.515
719
727.374
733.793
740.676
747.548
752.388
753.886
753.96
754.204
679
727
727.643
728.792
729.061
728.513
728.456
730.953
729.366
727.197
725.423
725.577
726.072
726.371
726.084
727.492
729.065
728.97
728.875
729.105
726.167
726.845
773
770.271
768.736
767.506
766.965
763.89
773
766.356
761.942
758.322
867
847.845
750
762.681
768.431
767.84
758.304
754.132
773
777.807
771.167
764.282
774
750
751.694
753.062
704
703
706.742
709.676
712.346
716.346
721.38
726.364
805
801.217
793.083
789
785.913
779.629
771.872
765.411
761.165
758.06
755.135
752.128
742
740.857
851
838.775
824.089
812.091
806.173
820
813
802.612
793.792
790.865
792.862
790.363
783.849
778.126
776.341
779.394
797
790.723
784.336
781.101
784.519
742
750.959
703
709.595
708.547
711.211
1024
899.718
758
759.81
760.924
762.056
761.065
759.623
759.621
821
827.381
813
791.237
914
911.608
859.881
758
770.806
790
791.502
780.567
775.563
787.854
802.206
798.412
777.634
772.502
787.542
799.452
793.436
771.449
764.443
781.024
789.98
785.548
770.342
768.584
804
811.619
805.047
789.857
820
826.563
875
849.014
829.265
826.576
834.399
839.778
830.386
817.39
789
795.1
735
742.421
742.429
750
756.118
761.73
768.381
774.237
778.97
781.884
785.113
787.087
711
723.597
695
697.755
697.071
700.128
704.523
805
800.342
727
737.047
741.39
740.964
735.232
732.878
734.508
735.434
734.293
729.946
730.018
728.803
727.255
724.146
721.369
781
767.078
758.027
757.721
761.252
727
733.128
731.383
729.658
728.371
859
1117
1032
981.049
796
792.47
790.987
791.388
790.502
788.305
788.634
782
782.746
783.034
781.796
778.501
775.542
773.104
770.987
769.674
743
757
836
834.657
830.809
827.811
830.112
827.991
851
845.092
789
796.662
766
769.107
764.591
762.146
761.988
764.557
767.805
695
708.927
706.937
708.644
710.873
821
819.315
727
739.934
745.725
746.246
738.126
719
695
701.691
703.6
704.679
679
664
668.356
674.062
678.178
677.991
677.226
726
741.046
741.746
773
797
793.343
784.371
778.698
773.468
767.275
761.022
756.124
711
713.638
790
786.096
777.785
770.315
768.553
844
789
778.232
773.486
780.665
780.744
771.533
763.054
789
792.325
784.676
703
725.73
687
688
687.469
688.035
690.962
696.228
859
833.407
815.633
810.964
808.124
796.385
782.497
797
789.631
782.167
758
758.454
755.713
752.233
746.298
743.279
743.786
744.062
743.14
742.961
745.324
748.17
751.297
754.317
757.231
759.956
760.715
763.56
763.644
929
829
823.523
820.992
816.408
804.571
794.45
791.919
790.048
786.861
784.276
783.135
782.613
781.691
757
767.017
718
734.459
773
761.553
765.049
770.05
775.486
778.363
821
817.199
804
802.231
798.118
793.773
787.591
774
775.318
781
797
789.814
786.689
786.386
786.88
786.801
784.132
781.47
757
762.937
703
712.699
711.868
715.13
1117
922
868.154
867.447
864.842
852.532
832.782
824.515
821.313
819.188
773
772.271
771.628
844
845.213
782
783.648
791.188
793.02
786.676
784.845
789.306
766
768.822
770.475
771.936
771.297
770.572
772.487
789
785.035
781.378
781.602
784.864
786.904
784.706
766
770.701
758
762.223
760.332
961
890.165
864.132
859.371
853.298
837.726
820.599
727
729.764
836
805
798.726
794.402
802.68
703
722.963
725.613
727.045
726.332
805
830.357
825.843
818.204
817.404
815.451
802.27
750
753.566
751.853
751.499
749.65
751.431
765
769.475
797
793.624
782
757
755.64
754.524
755.912
756.545
755.95
756.854
759.011
789
791.09
787.956
782.392
778.85
776.981
774.848
770.868
767.55
750
753.726
753.472
754.737
754.652
755.385
756.501
883
865.898
850.453
820
815.156
805
781
774.006
770.008
772.099
742
813
811.602
805.318
796.458
797.274
797.633
984
932.996
893.691
884.101
727
731.913
732.367
736.609
860
868.681
842.665
825.427
992
981.937
939.429
896.91
890.575
889.503
882.583
858.763
844.362
842.192
789
789.911
789.216
782
781.232
786.968
792.28
796.201
758
767.27
769.22
771.333
772.002
774.392
778.011
781.352
734
741.471
743.304
745.073
789
787.725
787.906
789
789.054
828
825.122
817.11
809.251
805.51
802.283
797.49
791.732
787.957
786.434
786.38
867
854.524
828
824.703
826.735
823.19
815.637
808.478
806.867
875
953
992
1125
1104.16
1064.26
1042.25
1037.64
1015.4
993.178
812
814.836
820.997
835.287
842.885
855.424
872.867
884.661
887.967
887.22
867
868.341
869.901
871.343
871.927
872.84
873.918
805
809.589
810.42
820
818.618
820.015
823.891
829.335
834.055
835.877
838.248
805
811.494
814.235
703
688
686.973
684.588
689.223
797
814.524
816.482
822.954
824.852
817.69
807.953
798.898
790.067
781.731
776.155
773.163
769.54
766.185
805
803.798
797.877
792.507
787.684
783.523
782.546
781.401
782.04
784.396
787.036
788.642
788.984
788.702
805
859
883
873.955
863.484
855.988
848.512
841.821
835.412
830.202
851
850.141
846.37
841.206
837.91
835.458
832.963
829.271
824.875
822.131
822.989
825.965
829.128
832.178
820
758
768.378
804
805.717
806.795
809.795
815.884
711
704
705.559
758
781
750
758
750
759.345
763.698
762.242
758
758.273
757.484
756.829
755.538
753.293
751.77
750.771
751.93
749.933
782
774.888
775.336
776.207
774.459
773.217
769.962
767.952
766.447
765.068
763.792
762.709
761.84
761.108
760.426
760.443
820
810.789
804.914
799.874
797.123
883
868.181
852.223
797
804.783
808.702
805.904
795.317
786.714
789.352
796.529
800.853
813
798.434
793.274
798.623
812
812.848
804.222
793.902
796.438
773
779.178
777.884
779.628
779.845
780.949
782.214
783.149
783.848
784.11
796
805
802.574
801.966
801.236
801.859
800.965
799.554
798.433
796.926
795.135
793.954
867
851.852
843.615
837.038
1172
1031.35
966.552
963.277
959.348
812
816.467
766
766
766.477
770.873
777.942
788.752
796.597
799.274
800.7
802.267
802.294
801.815
801.176
766
773.13
773.129
773.392
750
773
771.448
772.559
797
793.416
792.215
793.095
792.341
791.367
812
807.039
805.056
804.585
803.938
801.219
797.744
795.224
793.58
791.146
790.276
789.949
789.386
788.606
790.127
765
778.507
843
833.259
825.411
797
801.904
804.235
801.594
793.896
788.195
789.449
793.722
711
726.855
730.261
711
715.944
720.632
727.645
732.946
737.832
744.169
750.479
805
798.38
851
846.62
835.851
834.741
827.294
819.338
812.45
664
687.247
671
672
674.016
672
678.098
684.731
692.179
699.823
707.718
714.703
722.182
728.016
732.434
734
735.434
735.188
733.038
732.666
731.682
729.33
727.035
828
806.27
796.739
791.631
789.542
785.024
777.073
770.065
859
847.647
832.48
821.533
826.564
822.684
810.449
799.93
801.59
802.864
757
768.407
771.578
773.948
770.013
771.753
828
823.901
815.696
813.337
819.2
816.553
742
755.473
781
778.6
769.524
772.436
883
1062
961.248
1016
1012.71
971.073
742
751.04
764.322
788.78
790.625
793.677
812.187
830.472
830.054
818.52
766
766.771
767.82
767.69
765.92
767.033
750
751.9
754.094
756.247
755.653
754.307
755.03
758.132
761.178
762.217
805
810.116
810.209
809.915
809.685
703
719.426
717.772
718.109
719.185
722.522
728.501
555
652.802
653.889
660.128
659.994
662.081
667.183
875
807.024
775.803
773.282
773.45
765.406
758
765
758
756.169
752.228
749.234
746.115
859
891
863.057
835.754
766
762.309
753.516
752.734
754.485
758.037
761.995
766.329
768.737
767.2
813
818.88
809.876
797.754
788.036
789
836
836.034
825.494
817.473
816.99
818.292
797
792.543
789.839
791.975
792.471
792.352
789.767
788.877
791.618
793.269
797
796.028
795.346
795.275
798.465
801.32
802.685
802.814
803.21
804.061
803.126
801.918
800.411
799.653
799.112
798.659
883
863.922
854.628
847.49
842.318
836.478
829.486
823.913
820.362
817.606
814.773
811.842
810.206
809.476
808.023
807.493
805.583
803.459
906
890.469
886.698
881.664
899
891.513
930
914.647
902.514
896.387
890.585
883.543
757
771.203
772.48
778.993
805
819.586
831.531
841.131
848.614
796
803.837
758
761.094
760.472
762.19
765.851
770.287
774.348
776.458
777.964
777.95
777.719
773
773.255
773.474
774.971
776.372
777.213
778.807
777.953
779.799
777.578
703
717.932
717.509
719.577
721.777
726.234
732.113
789
782
780.942
789
788.316
783.175
777.184
772.723
742
747.569
746.12
805
774
771.95
734
738.892
758
760.818
755.2
748.585
749.061
753.72
758.014
757.358
695
688
692.849
672
677.301
672
676.147
680
685.043
689.932
694.558
698.927
703.6
707.059
709.275
711.016
711.682
711.473
710.059
710.046
709.104
710
707.943
706.451
705.341
703.604
702.34
701.603
701.108
700.748
805
789.199
1054
965.415
927.941
916.064
896.467
836
734
696
695.719
699.349
704.677
709.098
714.661
797
828.852
825.385
820
818.177
816.318
726
727.02
726.693
726.564
703
703.299
711
716.256
716.101
716.592
719.632
953
894.043
757
758.282
761.582
766.751
760.386
748.758
748.683
757.056
765.221
760.085
744.313
741.612
743.871
789
785.678
758
758
760.942
769.645
852
833.69
815.778
805.173
805.096
781
776.039
768.79
765.431
765.395
765.711
764.654
821
824.036
819.453
813.076
809.396
734
742.005
738.514
1000
912.896
869.507
859.151
859
848.689
813
796.136
792.778
793.005
793.867
792.899
791.773
791.53
791.201
791.211
790.32
828
825.893
823.497
824.881
828.493
829.516
726
735
735.439
737.019
953
898.37
870.393
868.177
864.059
845.531
823.653
774
772.189
772.946
777.426
779.396
779.894
781.233
782.814
783.73
782.245
779.642
777.518
777.093
779.024
780.478
875
874.319
864.904
853.943
849.331
841.814
832.362
824.941
819.664
816.247
813.144
810.198
807.626
806.287
805.183
758
804
798.892
802.247
795.625
799.922
844
840.888
834.179
831.008
833.438
829.905
823.434
711
736.25
719
724.81
726.986
730.998
742
750.073
757.629
763.004
767.252
851
844.727
841.662
838.661
835.766
828.078
819.002
811.909
808.675
804.358
799.506
795.642
792.376
1141
993.309
933.895
931.438
928.336
900.474
869.546
866.043
866.271
865.67
862.062
859.126
858.957
820
813
812.314
875
873.41
865.87
805
813.121
844
857.133
855.807
840.481
832.725
840.293
852.314
856.044
844.951
827.573
822.562
836.419
845.073
844.627
829.614
820.346
827.625
836.662
840.699
834.595
782
792.448
803.451
815.375
766
770.059
778.709
789.588
774
773.518
779.311
788.123
791.755
786.545
765
743
750.313
711
773
766.544
735
740.487
745.541
1101
935.926
757
750
753.365
760.414
759.867
757.156
757.459
763.76
836
789
766.086
763.783
922
904.853
757
756.635
778.645
791.833
786.802
859
862.698
838.885
815.917
820.688
789
777.194
773.721
776.543
851
843.143
827.839
826.689
832.112
726
738.483
738.771
738.819
738.985
743.978
750.968
756.877
761.17
763.716
767.003
768.032
768.035
767.07
766.62
768.43
769.246
946
844
836.03
832.589
826.43
711
724.34
828
813
968
936.552
961
948.102
916.427
789
792.35
794.926
726
729.603
734.876
743.34
751.182
781
794.451
796.649
695
710.028
711.082
727
796
1079
1023
891
882.099
879.594
875.94
853.021
825.11
814.742
814.706
818.41
817.614
813.319
789
782
812
820.57
817.757
800.363
799.814
807.848
818.316
820.78
758
758
734
739.502
742.895
747.011
749.162
752.328
757.736
763.317
765.867
766.049
768.04
770.455
771.925
771.879
771.547
771.592
770.847
771.42
770.028
768.751
765.29
763.45
762.372
761.494
760.793
760.326
761.058
762.066
765
765.425
766.391
767.436
768.566
769.346
769.792
797
791.049
788.958
786.1
783.971
781.963
778.655
775.948
774.135
773.056
789
783.607
782.795
781.368
750
759.769
759.944
761.225
760.877
766
769.422
771.798
828
822.986
765
775.669
867
847.279
828.256
797
805.841
765
765.312
763.325
765.25
767.636
769.77
772.507
843
832.512
819.815
814.281
815.941
703
721.283
722.848
724.442
727.143
773
812
809.294
805.889
805.683
798.959
750
751.615
749.354
747.595
747.957
750.11
752.639
754.874
755.358
752.777
875
862.143
846.069
833.636
828.579
820.48
809.878
800.137
794.981
793.168
789.979
785.948
782.092
779.332
734
539
658.039
711
749.292
753.544
633
660.076
675.375
697.504
703.395
700.47
664
664.798
676.846
693.725
694.783
676.445
664.73
666.619
671.552
679.477
679
671.296
669.351
672.718
672
672.624
672.074
672.339
672.997
673.919
674.288
674.583
674.925
675.695
676.453
676.698
676.275
734
728.938
725.888
766
763.974
758.625
755.118
752.971
749.004
743.896
739.832
736.59
733.04
729.556
726.142
750
743.527
740.871
738.424
750
743
743.008
740.803
742.696
743.006
743.107
743.14
743.372
743.625
743.765
744.148
744.321
744.39
743.703
743.1
743.97
744.236
744.285
744.36
745.783
745.728
745.899
743.262
743.895
727
734.634
733.046
719
718
721.632
724.805
726.905
729.089
731.548
732.518
719
703
707.707
707.834
710.612
711.774
714.637
717.773
719.349
688
696.195
695.213
696.645
695.324
696.204
699.183
701.377
719
716.887
716.09
715.648
715.463
714.707
713.135
782
771.586
727
731.65
731.809
672
683.601
682.793
682.392
704
704.874
707.553
710.517
688
693.626
692.929
693.448
692.477
692.576
735
718
720.295
719.594
719.036
717.327
758
757
749.54
745.263
743.337
739.99
735.39
703
706.877
705.252
705.232
703.938
704.414
706.554
709.926
711.059
712.026
712.668
713.154
713.564
715.958
717.778
719.517
720.153
720.073
750
744.289
740.602
738.639
737.435
735.223
731.844
729.063
805
792.402
783.263
777.196
776.098
771.076
828
914
893.524
871.304
774
773.763
775.536
703
706.463
707.49
711.747
718.75
726.404
736.08
746.272
752.85
756.365
969
844
827.268
826.865
826.484
813.733
801.417
794.723
794.312
792.662
785.13
781.912
780.591
836
827.796
804
802.243
806.454
804.807
794.161
793.32
796.769
800.037
799.558
796.515
797.556
798.585
797.369
795.011
792.967
791.81
790.746
672
701.206
701.622
706.281
710.079
1055
929.356
884.075
883.215
878.533
855.495
672
664
665.607
673.805
719
738.364
743.631
749.289
753.696
758
757.827
742
738.206
735.225
736.092
736.62
736.539
735.239
732.996
732.814
731.529
729.098
726.739
725.429
725.955
727.223
729.19
782
783.518
786.36
726
734.778
733.196
732.754
728.913
725.68
805
805.502
796.179
784.145
781.157
782
776.06
766.352
759.849
760.219
766
763.741
758.518
758.259
774
772.316
768.104
762.5
867
854.825
843.458
833.582
832.778
825.673
816.422
703
722.783
724.906
836
766
750
759.705
735
741.478
742.237
774
775.883
774.618
774.973
776.493
777.726
776.061
769.665
765.35
765.477
761.173
757.439
756.442
757.762
757.847
758.448
758.648
758.139
757.812
757.175
906
869.918
828
914
903.114
883.25
875.633
871.203
856.867
844.044
841.602
839.521
750
766.746
769.308
770.688
770.595
726
740.982
747.842
754.545
773
777.754
797
807.897
812.145
811.359
810.559
809.821
807.688
804.084
800.619
1063
959.228
914.79
782
784.449
781.792
780.914
779.969
779.439
782.515
789.579
793.745
793.302
791.244
789.825
789.629
789.365
788.31
805
802.929
803.965
803.298
803.901
801.913
799.812
797.595
766
773
771.685
773.159
772.628
775.643
844
842.25
860
854.365
847.803
840.584
833.253
773
775.455
742
743.611
744.561
750.076
757.368
758
764.692
770.254
774.222
776.557
778.006
781.788
783.962
786.873
805
801.92
800.691
799.434
796.962
793.771
789.862
787.367
785.272
783.695
782.281
781.189
780.367
779.635
773
775.402
776.067
777.229
907
880.362
868.033
859.816
851.826
840.875
829.777
821.24
815.987
781
781
891
885.902
869.426
856.153
856.599
857.653
782
782.916
922
914
887.614
865.664
877.583
885.311
735
756.913
768.294
776.917
775.355
784.963
807.738
821.371
814.48
812.738
818.603
818.935
808.962
806.782
797
798.997
798.815
797.199
795.387
796.481
795.706
795.138
794.494
793.74
765
860
838.914
834.752
821
789
796.772
793.621
789.189
820
914
905.035
887.681
875.528
871.601
863.14
850.409
837.497
830.454
827.296
827.536
824.75
820.735
819.737
820.303
711
725.575
726.956
731.095
739.497
751.89
767.62
781.775
791.476
711
723.323
723.88
725.53
725.452
726.25
844
836.445
818.706
802.49
750
748.01
743.703
739.019
734.783
733.754
984
910.783
857.916
841.217
837.789
834.513
804
780.871
772.182
773.626
775.69
953
917.35
871.199
812
828
842.189
843.934
828.256
806.523
803.88
815.552
797
789.152
779.18
778.131
785.936
875
859.969
838.22
867
878.422
874.94
858.441
848.894
851.072
848.841
840.158
832.331
830.546
832.663
829.814
824.333
820.697
820.251
820.396
821.359
823.488
825.457
773
785.629
787.654
792.131
750
727
726
729.3
734.638
739.643
747.261
757.867
767.255
772.243
773.294
775.334
778.037
779.382
776.436
774.117
656
679.157
664
711
715.637
722.334
726.491
731.49
735.411
737.028
736.367
742
741.033
740.835
765
759.201
773
764.756
758.741
757.928
836
816.388
805.193
828
824.256
816.238
719
734.131
789
784.815
772.204
766.47
778.657
786.877
777.599
890
870.624
781
758
769.939
781.018
778.639
763.471
765.365
783.708
790.596
778.118
766.888
774.944
773
772.655
761.083
756.808
759.428
766.74
768.503
765.796
765.781
766.597
767.761
774
772.517
771.735
828
826.73
797
800.319
800.011
795.629
789.338
785.603
784.815
783.355
780.938
778.949
778.475
778.223
777.146
820
810.72
803.846
789
790.862
792.343
790.205
787.71
786.637
787.964
1078
963.702
913.155
906.293
902.756
882.858
853.381
838.857
837.819
839.74
838.975
835.275
851
854.374
828
826.286
825.924
824.93
822.539
820.518
824.682
827.564
830.572
832.711
834.749
773
787.845
789.638
793.857
828
824.302
825.251
827.12
828.104
827.599
812
812.754
914
900.605
906
889.698
883.484
876.388
866.87
857.061
851.173
847.979
937
925.327
910.76
896.124
895.652
897.744
889.906
875.517
865.61
867.176
870.816
870.011
863.75
861.629
781
790.779
793.539
801.175
806.561
813.852
826.286
839.592
847.011
679
727
703
710.228
711.311
715.782
883
862.022
844.423
821
821.381
734
736.176
735.005
719
720.321
723.357
727.188
1110
940.947
872.304
797
793.709
773
766.585
1023
959.144
884.396
851.913
851.097
854.083
853.625
838.918
811.081
836
843.16
843.381
823.425
814.571
817.877
836.483
839.555
817.647
750
763.349
776.127
867
855.766
833.263
812.637
750
758.347
770.535
786.673
789.381
778.037
763.111
759.251
768.044
781.548
787.402
750
744.636
746.589
821
828.348
818.672
794.59
758
765.952
777.823
787.488
781.85
768.394
756.194
760.276
770.243
797
792.79
781
765.146
761.364
768.409
813
817.322
930
901.253
813
807.413
808.117
815.534
811.102
799.185
795.881
802.163
773
797
828
821
810.283
807.183
742
751.816
754.482
756.819
757.569
632
673.133
677.681
689.063
692.811
695.649
701.783
711.654
721.392
726.716
727.842
730.07
733.41
736.275
736.262
732.572
732.045
729.99
728.852
727.504
724.572
722.726
781
743
745.782
745.084
743.258
740.737
672
693.314
690.776
690.5
689.639
692.19
696.307
699.781
640
665.204
663.423
663.137
661.813
662.59
666.151
668.852
670.618
671.77
672.935
664
666.641
666.127
666.194
666.513
757
782
770.026
761.263
757.136
751.956
744.926
703
701.209
696.818
695.556
694.892
694.452
695.034
695.58
696.474
696.289
694.629
891
847.327
823.996
813.328
805.636
790.712
775.216
761.023
752.032
747.546
750
748.478
745.026
758
758.88
756.761
750.685
745.2
741.248
739.056
739.049
739.992
664
681.84
656
658.781
641
644.032
633
636.556
637.531
602
614.329
612.477
612.365
612.394
613.165
586
594.769
593.431
592.708
648
647.409
651.729
883
813.838
788.585
828
824.093
808.242
795.069
788.314
780.085
769.017
820
750
757.628
755.899
749.522
744.084
742.938
741.102
738.968
742.87
743.31
744.741
746.298
748.835
750.906
752.594
754.183
755.092
755.614
828
820.912
816.927
813.741
812.238
808.566
803.165
798.093
794.257
790.786
787.153
783.865
781.486
779.683
778.125
734
747.442
746.065
748.944
748.024
752.12
756.725
761.157
617
625
628.428
629.234
634.139
601
611.833
615.134
620.456
625.199
630.671
609
616.33
618.049
619.703
620.123
620.498
621.138
621.476
622.072
621.615
766
732.811
719.802
714.37
703
672
665.84
659.167
655.181
651.739
649.143
646.376
643.898
641.135
637.986
635.94
634.19
632.775
632.009
631.863
735
733.286
726.547
828
822.744
810.207
703
715.097
709.957
703.316
789
782.609
763.644
753.927
754.159
758
747.521
766
757
749.252
743.689
739.991
737.816
781
778.669
771.185
766.097
763.476
760.499
756.219
754.056
753.435
753.867
754.387
754.896
742
744.468
744.606
745.825
746.5
746.948
711
721.569
722.071
724.87
734
719
724.575
728.32
731.863
730.548
729.145
729.574
730.489
730.412
729.116
728.563
728.324
728.305
728.276
672
656
658.494
657.239
703
713.138
721.139
725.923
729.898
730.385
797
797.867
787.217
775.675
766.423
758.62
751.29
765
727
730.549
727.776
727.131
724.965
703
707.097
709.023
843
825.21
807.599
795.861
792.249
785.926
776.007
765.355
757.701
753.072
750.432
748.27
745.124
1040
946.946
889.901
870.472
865.743
855.033
827.724
807.472
803.249
803.225
804.178
813
797
773
771.56
772.659
774.545
773.428
703
724.047
729.848
738.955
766
774.689
781
785.008
789.366
790.331
711
721.238
868
840.12
815.902
797.828
938
919.731
881.809
850.334
851.226
853.974
845.707
891
869.222
828
831.395
843.488
847.831
830.956
812.447
823.119
838.396
841.834
830.823
816.66
823.299
833.352
835.273
824.419
815.361
820.574
828.286
833.3
827.822
727
743.903
750.04
764.798
769.622
766.7
703
714.835
724.736
739.619
747.054
744.089
740.368
742.522
711
718.417
750
754.357
790
726
695
699.633
705.149
712.349
713.614
711.015
734
740.074
743.384
738.466
733.363
731.872
733.161
732.149
727.924
724.8
835
827.165
811.533
800.226
796.534
790.062
782.16
773.544
767.698
764.83
762.247
759.13
755.046
752.046
749.949
750.119
748.324
745.023
741.495
741.418
743.827
746.187
748.848
751.839
755.157
758.661
761.077
761.853
762.085
762.04
761.851
761.54
761.273
760.1
759.191
758.436
757.7
766
761.349
760.993
759.831
759.453
759.063
984
896.818
866.656
867
858.705
839.026
820.039
808.535
758
757.454
756.479
758.896
761.63
765.688
977
931.748
742
746.358
749.636
751.463
743
804
852
851.455
719
731.304
746.317
757.73
752.372
743.134
743.906
754.736
762.557
719
718.974
703
711.232
715.764
715.58
713.322
789
743
710
688
690.734
690.69
690.962
691.319
693.807
711
715.183
716.509
805
801.09
789.754
780.146
680
689.43
689.104
686.773
688
689.927
694.772
699.175
701.941
702.65
797
791.266
777.136
765.376
750
742
737.069
733.574
953
882.718
841.918
824.678
819.738
812.348
795.24
775.998
763.023
679
680.458
680.171
836
857.026
840.024
743
734
736.125
743.507
745.804
745.473
742.928
695
695.724
697.802
705.181
711.698
710.73
706.658
781
790.15
780.177
688
679
680.987
683.593
688.518
690.201
691.792
765
779.107
734
782
786.968
812
791.728
777.468
773.785
774.625
767.535
758.933
755.78
755.797
754.794
751.886
748.838
746.746
745.782
746.677
747.897
748.164
747.841
750.94
735
739.396
740.883
743.564
744.81
747.481
749.423
750.204
750.584
773
769.112
767.581
742
746.359
744.93
744.701
742.356
741.883
742.97
744.229
719
724.903
724.827
727.324
727.796
729.246
731.94
734.52
735.102
737.567
829
817.168
806.978
798.532
793.176
1078
883
847.296
773
772.164
771.393
770.717
768.307
766.748
767.891
771.216
772.245
770.345
766.804
765.663
765.854
765.466
763.976
761.611
760.071
760.698
761.512
762.919
764.922
765.985
767.068
767.309
767.25
767.013
766.881
767.737
768.029
767.84
767.658
767.569
767.621
767.552
750
756.854
930
874.917
851.125
842.35
836.961
825.617
811.873
800.782
789
788.572
788.603
788.21
785.73
836
841.939
831.212
711
731.718
735.437
688
693.021
695.745
701.785
708.545
774
789.274
813
811.656
808.252
802.785
792.982
734
736.799
774
750
765
766.663
767.22
763.994
759.885
755.581
751.168
747.035
744.062
727
730.293
727
729.426
883
813
805.691
802.997
799.321
789.948
779.08
836
829.23
758
777.165
783.104
776.73
763.766
766.827
777.573
774.176
760.918
758
772.301
743
749.119
754.964
756.319
752.346
805
793.774
787.283
680
702.488
704.788
707.962
708.124
805
812.323
718
732.232
742.871
742.486
728.946
906
852.586
809.478
805.994
812.382
742
747.122
757.343
756.537
747.072
749.057
755.137
754.651
750.532
797
790.12
776.796
765
742
747.498
703
708.467
708.841
711.582
713.935
717.681
750
755.232
756.405
757.315
758.197
860
850.217
835.832
804
1047
875
853.157
849.768
850.298
836.117
815.072
657
686.698
692.144
713.261
720.705
609
602
613.598
624.086
633.362
578
596.52
570
581.722
547
559.741
560.271
560.188
559.698
559.411
559.424
559.594
633
672
648
653.854
659.897
663.929
665.801
664.514
665.792
666.658
668.107
667.053
665.447
663.573
661.652
648
664
658.833
658.07
656.61
656.65
657.72
688
686.931
688.396
688.939
689.983
703
700.066
698.04
696.682
696.127
812
791.265
777.859
770.753
768.52
664
675.657
625
627.499
626.131
627.128
630.308
634.774
757
755.163
747.807
875
854.992
834.124
829.489
824.71
810.703
593
649.986
661.202
677.216
677.882
632
641
647.778
654.79
836
796.533
771.975
769.687
789
789
778.803
764.586
757.089
756.67
633
656.145
654.858
656.506
859
814.248
781.875
774.246
768.624
757.301
748.355
739.257
732.291
728.882
727.294
719
717.224
766
726
711
712.651
712.928
712.342
710.272
711.562
714.275
717.281
719.736
610
651.269
651.675
654.505
602
622.075
624.632
626.865
627.438
630.558
635.168
639.723
643.037
645.688
812
753.607
731.773
730.657
733.063
723.847
656
663.61
661.844
659.008
655.265
654.348
655.383
649
649.463
649.36
633
632
631.706
631.143
632.034
633.589
610
616.729
616.888
617.62
619.571
648
652.058
655.862
657.307
658.266
658.877
657.775
656.353
654.741
653.021
617
594
596.632
594.591
594.719
595.108
597.364
929
786.423
773
789
785.82
764.853
679
680.136
677.247
674.961
673.746
617
633.615
632.736
632.278
631.661
631.113
630.715
630.257
631.242
664
670.364
675.092
678.075
681.011
683.779
681.609
678.806
675.99
673.946
672.418
671.103
648
650.249
645.923
644.789
642.424
641.189
641.787
617
633
630.969
634.061
635.897
638.48
641.229
734
727.749
687
689.736
690.046
686.646
680.607
675.768
673.325
672
680
675.524
672.588
670.515
668.816
668.267
666.054
695
696
679
682.279
685.114
686.211
684.911
684.486
685.344
686.063
685.676
685.039
684.646
685.136
684.723
684.511
684.263
684.011
683.797
683.568
685.474
687
686.776
686.677
687.261
688.134
688.048
687.976
687.817
687.577
687.337
687.114
656
672.088
668.981
671.104
670.889
672.474
674.255
675.556
641
655.112
652.805
664
660.907
661.804
625
640.593
638.868
640.183
638.67
639.14
640.1
641.973
642.553
643.009
643.007
643.365
643.343
643.847
643.851
644.137
644.286
644.945
644.788
645.358
643.259
680
674.37
671.536
671.906
649
651.918
649.54
648.574
647.732
647.911
648.849
719
715.298
708.573
813
750
742.514
740.358
734.872
664
648
625
624.082
622.317
648
653.807
660.73
667.066
672.512
675.958
677.256
678.631
678.43
677.704
678.791
678.631
677.784
676.471
674.986
674.09
673.264
671.177
668.811
668.145
667.527
571
617.826
570
582.517
580.769
578
578.638
594
593.729
597.4
600.683
603.949
606.732
608.589
609.945
611.438
612.35
612.734
612.848
612.858
611.875
611.683
594
595.311
593.816
617
611.256
610.96
610.767
610.894
641
640.176
640.637
640.287
648
647.673
632
632.465
630.665
629.525
628.838
628.238
679
674.065
734
732.266
711
708.038
703.974
698.69
692.551
687.19
683.028
679.7
675.91
671.721
667.753
688
686.742
684.474
682.306
681.481
681.887
681.446
601
634.352
632.952
633.917
633.351
634.743
637.855
641.103
643.69
617
626.568
626.074
656
651.884
652.205
653.588
961
829.787
773
766.371
756.266
703
694.005
686.635
684.282
683.297
682.288
681.344
680.504
679.038
676.886
675.588
674.777
673.288
671.719
671.736
672.447
673.252
674.422
675.745
672
675.027
677.553
696
696.574
680
683.276
683.209
683.281
682.148
681.474
727
726.434
724.467
726
728.128
727.697
723.246
718.849
716.15
687
688
685.319
685.649
685.528
686.454
687.103
688.212
680
682.085
682.454
685.626
688.022
656
666.182
735
731.128
724.101
718.362
720.072
781
774.682
759.59
747.99
748.432
753.172
748.199
906
849.976
814.38
766
765.183
771.457
772.873
1007
926.203
867.77
844.303
841.469
841.272
734
732.833
735.077
703
703.77
703.727
709.182
716.715
703
708.12
672
678.618
677.595
677.175
678.051
680.278
682.904
684.904
685.853
686.807
688.382
656
663.448
696
693.25
727
731.128
733.92
733.914
732.281
782
782.064
776.986
734
733.84
732.865
731.646
727.087
722.172
720.995
742
742.942
774
766.457
758.655
754.398
752.436
751.43
695
702.603
703.069
705.888
727
703
708.637
711.415
714.371
714.108
713.308
719
719.97
672
683.038
683.583
684.698
684.782
685.696
689.403
690.199
690.959
690.897
691.178
693.158
692.358
691.963
691.841
693.149
693.159
692.729
693.251
694.782
691.756
691.521
691.115
690.955
690.827
690.756
691.654
692.509
693.341
694.045
694.693
695.495
695.381
649
665.206
656
658.601
659.781
662.578
656
660.538
663.436
666.145
667.153
668.468
669.451
664
641
647.752
647.567
726
715.806
709.196
703
700.01
696.812
691.905
686.544
682.495
679.9
677.877
675.879
674.033
672.405
671.464
671.172
670.285
668.482
666.667
666.617
680
682.549
686.319
688.283
689.819
690.863
687
687.663
687.322
1086
899
671
670.901
671.702
674.196
673.945
673.487
680
682.259
682.436
681.978
681.312
680.523
648
647.593
648
641
609
611.475
611.692
612.774
614.544
617.087
620.608
624.297
627.893
631.358
665
669.683
687
690.326
693.244
694.534
694.772
649
654.679
651.453
646.84
642.868
641.12
640.138
639.747
640
640.266
625
628.268
628.578
630.743
631.994
634.282
636.814
639.153
672
672.466
671.707
664
664.705
662.907
660.364
657.592
655.818
654.892
654.357
653.448
742
731.334
722.969
717.835
703
698.377
692.253
686.916
683.294
681.11
680.233
680.086
679.875
679.29
678.121
676.882
675.17
672.778
670.036
750
748.778
727
728.023
729.588
725.496
719.68
714.028
711.041
708.877
688
689.747
774
767.415
753.785
727
710
712.653
714.567
711.648
708.022
707.635
709.721
695
696.136
695.045
696.336
697.704
698.506
698.583
696.497
694.703
696.261
680
684.62
685.64
758
752.962
746.459
741.472
737.929
734.121
728.645
687
691.369
672
674.519
673.684
676.985
625
640.876
617
621.226
620.802
622.317
624.832
627.772
631.33
680
683.797
686.693
689.304
632
642.398
602
633
627.468
648
643.363
642.349
672
672.678
670.385
666.554
663.741
660.936
657.216
656
654.648
654.158
653.144
653.629
653.471
653.115
680
675.356
674.034
673.342
727
724.586
680
687.488
687.701
684.827
679.63
677.385
781
761.245
743.631
736.706
741.953
737.032
725.919
719.444
656
674.396
674.024
675.6
673.72
674.043
677.262
681.157
656
661.725
661.876
663.903
664.805
666.353
668.913
671.294
719
716.225
711.218
711.946
712.094
696
693.864
690.095
820
788.992
770.194
760.625
735
742
735.632
735
727.54
722.335
703
704.334
702.502
704.202
719
717.619
715.717
712.445
709.541
706.726
706.868
707.494
708.961
710.795
711.977
640
661.593
661.198
662.841
663.271
665.844
669.996
657
662.765
663.824
666.092
727
722.579
719.615
718.496
718.542
716.037
711.438
707.155
704.953
702.016
699.303
672
675.253
672.307
672.343
671.886
671.868
695
693.986
696.125
672
677.553
678.37
641
650.234
650.493
664
662.944
664
666.43
668.992
669.46
669.186
668.818
668.681
668.515
668.016
667.742
667.802
668.004
579
614.842
613.21
570
590.405
587.911
625
620.639
625.243
629.439
649
648.867
649.082
649.317
649.451
648.825
646.418
625
632
628.935
628.856
627.905
627.67
617
617.554
617.565
618.737
619.783
620.935
622.246
624.726
627.085
742
766
755.376
747.023
741.609
719
709.577
700.899
718
718.996
715.055
709.436
704.92
700.707
695.951
691.834
609
625
625.485
625
627.498
630.055
634.422
641
640
641
644.289
647.128
649.548
651.493
653.23
655.094
656.431
656.087
655.237
656.063
653.598
651.915
773
743.096
732.041
727.116
724.995
765
774
760.841
749.007
744.504
743.925
741.135
733.705
726.077
695
702.518
702.986
719
714.387
709.854
711.714
714.496
716.927
717.501
716.548
717.74
720.243
720.768
720.184
719.781
719.657
719.683
719.677
719.404
718.77
718.425
718.195
719.132
625
656.476
601
611.949
610.571
610.867
612.847
618
622.365
627.361
641
645.806
651.814
656.441
659.788
662.659
664.349
665.229
664.995
664.9
662.601
661.085
659.03
657.046
654.902
653.263
652.054
625
633
602
609.394
601
603.066
604.105
606.354
609.068
612.06
615.091
617.987
620.857
623.267
711
701.526
694.289
691.192
688.41
684.165
765
751.213
736.515
727.891
726.738
724.656
718.543
711.273
705.265
702.251
700.158
696.689
691.881
690.084
691.279
691.741
691.083
690.322
690.203
691.681
693.972
696.479
699.374
702.655
705.109
706.493
707.21
707.534
707.678
707.717
706.88
705.916
704.343
702.91
702.27
701.689
701.211
700.812
700.569
700.458
700.369
851
810.069
793.272
784.405
656
670.257
669.377
669.527
672.773
675.897
680.135
684.699
688.066
618
633.974
635.413
636.401
637.244
586
608.47
609.591
612.72
613.038
613.907
578
592.117
591.628
594
592.146
592.963
594.406
595.907
597.105
597.183
597.462
597.588
597.714
597.766
597.427
597.825
598.09
598.585
599.062
594
594.205
595.123
586
590.08
590.207
590.997
591.737
592.601
586
590.603
602
586
590.743
591.692
592.506
592.839
593.209
593.943
594.576
594.981
595.338
595.553
578
584.945
585.123
585.994
547
570
567.069
594
588.491
588.208
588.483
589.114
589.205
588.667
588.153
587.98
587.879
587.771
625
615.109
703
690.293
648
650.82
647.609
643.252
638.746
703
703
692.572
685.42
683.345
679.762
673.861
664
660.002
657.32
655.92
648
672
673.808
677.206
675.885
675.782
675.454
673.829
585
622.423
620.693
621.142
620.317
620.889
623.599
626.262
628.471
630.06
631.485
632.495
633.116
734
1094
888.872
820
808.152
797.753
780.617
757.378
740.817
820
781
765.398
762.187
762.71
762.252
812
804.982
781.855
776.098
776.185
828
823.22
796
784.77
796.561
820
789
777.991
781.05
791.73
795.286
784.984
775.181
780.183
787.743
789.743
780.112
773.577
776.818
782.383
898
867
847.809
812
829
953
929.399
844
829.191
837.138
855.199
855.081
832.49
811.224
818.807
844.046
854.32
833.553
883
890.56
884.022
856.557
847.931
853.176
859.547
855.146
840.848
844.278
850.59
853.063
845.754
839.657
842.502
846.08
847.674
844.141
844
836
840.978
868
865.003
813
765
768.288
772.434
779.425
785.68
794.985
807.145
816.067
868
1203
1071.82
836
833.288
813
813.655
812.89
812.61
816.358
825.052
827.059
844
842.945
839.449
782
765
875
877.157
870.46
852.084
849.761
853.579
856.875
804
742
744.175
749.712
764.727
771.914
774.586
784.384
797.674
805.111
852
846.297
834.266
718
723.065
719
718
721.906
695
735
747.213
755.667
752.321
751.363
755.73
760.258
711
715.636
716.815
718.269
717.804
717.42
720.086
720.795
720.993
720.649
720.735
720.009
719.208
719.442
720.936
723.191
727
726.238
727.212
729.413
727.3
804
792.103
785.967
781.461
742
745.079
739.073
734.945
731.664
729.851
729.749
729.31
728.051
726.419
725.062
726.459
726.839
726.253
724.29
844
831.876
819.239
774
774.091
768.018
761.844
754.433
749.153
747.226
747.746
747.274
765
763.243
757.836
753.747
751.511
749.547
765
761.474
763.103
764.502
766.799
766.832
766
765.191
764.88
764.331
763.827
726
738.097
736.821
738.974
738.267
740.233
758
765
743
773
769.438
767.402
763.997
867
782
835
819.762
805.859
805.871
796.814
789.296
787.502
783.98
781.34
779.826
779.024
778.292
777.044
776.747
776.449
774.625
772.752
772.747
774.302
774.612
777.37
781
784.323
787.761
788.474
788.883
788.958
788.834
787.641
786.49
785.392
703
720.068
720.846
723.91
726.967
732.312
740.122
746.908
751.865
754.645
756.799
758.556
759.607
759.89
539
680.083
683.799
531
663.482
657.867
571
617
616.915
617.539
593
594
595.196
594.839
594.476
594.174
602
601.116
600.651
600.96
600.679
601.591
600.953
599.593
609
617
618.398
619.181
632
633.177
617
619.114
620.094
619.797
618.529
618.994
633
631.511
631.691
632.079
631.965
631.65
631.171
672
666.841
726
723.425
718.815
726
723.59
679
657
679
671.846
668.373
665.978
665.618
696
656
662.528
656
657.428
703
696.702
692.19
694.24
727
723.534
715.946
713.038
711.578
708.711
695
694.221
693.111
692.509
691.869
691.843
691.595
691.476
680
681.169
656
663.89
649
652.614
653.524
656.189
718
721.281
722.322
723.415
721.57
717.619
712.497
707.343
703.218
699.92
697.084
694.545
692.589
690.63
689.469
689.348
688.84
711
705.1
704.383
687
691.563
691.537
693.711
693.917
679
683.748
684.96
687.444
687.693
672
675.649
680
681.203
758
751.196
742.577
734
730.313
726.452
828
758
748.468
744.64
747.332
703
750
740.048
733.615
728.924
729.2
728.363
724.069
721.049
722.86
723.836
721.997
719.587
717.9
717.907
718.809
750
742.914
739.795
740.632
750
836
826.577
742
749.31
751.436
751.599
745.234
739.964
741.882
746.385
747.931
828
809.641
773
772.268
778.667
780.617
735
740.073
781
784.369
750
752.687
763.99
768.473
754.633
746.368
756.78
763.401
754.782
758
761.409
766.239
765.451
758.403
679
696.913
701.482
708.488
710.681
712.957
718.106
724.683
734
735.643
734.888
734.236
735.042
735.609
733.336
732.608
732.126
711
715.519
714.7
713.817
695
698.722
699.163
700.594
701.476
703.003
706.084
709.531
712.789
734
733.1
732.715
732.616
732.482
731.84
729.732
727.184
696
703.033
700.77
700.612
700.385
701.297
702.53
703.708
704.769
705.706
706.463
707.252
710.096
618
649.043
649.609
650.732
651.338
653.226
658.39
663.885
668.203
766
751.231
891
765
764.548
752.803
741.806
781
766.615
754.452
734
735.111
732.275
727
773
766.862
836
821.402
802.236
793.904
789.126
779.227
773.047
766.669
763.644
760.989
765
764.448
726
732.384
695
699.482
696.779
697.842
699.256
704.125
709.01
656
648
648.768
647.381
648.316
649.568
652.937
656.936
660.829
781
773.18
760.809
753.662
749.059
711
706.073
699.018
687
683.149
679
677.66
676.566
675.751
674.459
734
737.382
703
706.861
709.88
711.907
709.446
707.333
707.838
708.916
707.155
704.306
702.462
701.555
679
683.105
682.481
682.57
682.26
682.387
684.876
687.649
688.88
691.02
693.127
726
725.88
703
703
704.048
703.743
701.188
699.557
699.574
699.321
698.715
697.554
797
783.137
770.322
761.875
758.902
753.508
711
714.032
664
668.88
656
687
691.754
711
718.285
722.272
723.355
720.407
714.828
709.458
707.334
705.386
665
671
669.706
670.613
671.074
673.395
674.484
675.663
676.511
773
766.087
756.757
750.56
742
742
734.796
728.051
774
726
729.863
727.309
724.888
721.378
711
712.623
711.871
711.046
708.731
710.042
712.279
714.299
716.231
718.367
719.822
720.849
720.37
758
755.68
752.454
750.139
748.433
746.098
742.231
738.467
736.26
734.65
750
781
776.09
770.442
766.715
764.213
762.169
757.945
753.755
766
766.04
766.239
763.346
656
686.113
687.632
692.694
695.097
698.488
704.376
890
821
828
883
828
817.723
813.316
803.792
791.848
789.441
742
750.205
748.558
746.243
745.415
747.96
844
822.284
811.227
811.533
817.293
811.225
766
750
718
717.601
717.291
719.791
723.724
729.815
736.281
741.072
743.673
744.053
742.828
742.314
743.785
742
743.173
742.723
742.568
742.623
742.118
741.617
740.345
739.06
738.063
737.273
766
761.207
742
745.586
734
736.962
735.162
735.035
735.665
727
730.313
688
701.982
700.249
703.354
704.841
707.995
726
719
722.082
723.916
725.378
750
745.802
743.713
742.323
741.677
739.946
737.274
734.758
733.244
732.288
731.815
731.486
731.282
731.12
730.911
789
782.944
776.779
771.8
768.004
763.478
758.213
753.207
750.288
748.845
747.745
746.251
744.795
743.98
672
696.549
695.414
742
758
759.71
758
758.306
757.038
752.804
747.302
742.073
739.053
737.023
789
783.238
775.719
768.442
764.459
762.008
758.192
758
753.303
750
750.695
751.442
751.791
751.376
751.475
751.739
751.876
751.258
749.882
748.975
752.353
773
771.532
771.424
727
773
766
763.52
756.215
754.022
755.536
756.458
754.862
751.12
750.927
751.951
753.222
752.197
789
776.234
772.127
770.304
769.604
767.478
727
739.741
738.639
739.337
738.469
688
703
656
664.284
663.593
641
645.911
647.034
650.103
652.805
656.588
661.044
757
750.852
743
742.903
727
724.214
672
676.725
672.197
669.854
666.965
774
768.295
753.018
744.983
726
758
752.271
742.111
730.861
774
750
773
760.326
751.393
749.357
625
672.721
674.111
677.655
676.333
678.867
684.389
691.13
695.741
697.852
719
742
740.174
738.627
726
726.87
726.378
723.639
718.72
718.067
717.026
715.842
714.645
713.451
712.567
712.107
781
778.52
773.538
766.821
763.482
758.437
752.815
747.2
742.759
740.16
738.619
899
869.905
758
768.677
774.773
776.297
789
774.092
770.202
771.856
776.275
773.379
766
761.787
762.352
765.747
765.22
760.518
756.767
757.09
760.172
761.232
761.353
761.863
762.725
726
703
705.433
704.839
708.837
734
741.848
747.796
680
692.097
693.223
695.611
696.647
742
750.26
750.403
747.006
743.654
735
731.805
728.202
723.91
720.867
719.76
719.191
773
769.153
762.484
758.035
755.091
751.341
746.317
741.157
757
755.271
789
742
749.322
748.618
747.564
734
736.154
736.72
737.391
736.304
704
716.157
716.105
718.06
727
726.035
728.663
680
672
672.973
673.353
656
659.989
662.665
667.395
633
642.515
644.593
625
630.033
633
648
648.668
657
660.541
664.399
618
630.727
628.791
626.844
625.172
625.177
626.308
696
691.173
685.518
681.638
681.852
678.604
673.649
680
675.437
765
797
782.086
767.917
687
686.493
682.391
677.166
674.432
672.451
674.784
678.549
570
563
586
589.007
618
630.489
638.908
644.835
653.074
659.547
663.282
665.311
664.786
663.862
703
700.291
695.175
690.163
687.027
684.366
681.601
678.516
675.513
674.903
673.894
672.34
670.884
641
649.384
647.57
649.461
649.745
650.882
653.181
656.212
659.122
687
672
675.328
676.068
676.678
665
666.168
665.257
665.258
664.794
664.112
663.836
664.303
663.905
663.752
663.583
663.466
578
616.782
613.218
613.992
613.999
609
613.064
615.425
617.985
620.038
622.257
624.527
626.369
672
665.226
663.099
663.14
663.888
661.545
659.025
656.35
653.898
652.227
650.689
649.277
648.126
647.189
649
648.506
649
648.82
664
662.268
664.293
665.229
666.08
666.858
680
676.229
675.96
656
658.902
657.786
657.378
656.223
656.606
657.359
687
685.691
683.514
682.054
681.805
681.078
679.228
677.329
676.53
688
679
688
684.888
684.764
683.833
683.684
683.471
683.054
682.46
681.785
682.899
683.866
684.755
656
669.05
667.067
668.278
668.584
669.672
671.773
648
656.421
655.791
657.932
657.47
695
694.52
692.619
691.646
691.545
690.151
687.865
685.785
683.211
681.604
681.092
680.599
617
633
631.449
631.336
743
729.939
718.635
712.642
708.552
702.11
694.707
687.948
682.55
678.379
674.839
610
634.953
641
643.482
643.461
643.544
812
778.266
754.775
843
832.359
742
756.23
755.346
740.44
734.75
736.259
735.044
726.17
724.874
724.22
721.322
717.871
711
710.059
695
700.428
699.89
664
675.521
675.068
677.737
679.535
682.283
685.859
689.55
692.897
695.614
697.366
698.717
699.241
698.653
734
729.898
742
738.183
735.592
732.162
729.417
725.88
711
710.041
707.33
705.72
704.221
703.53
703.57
703.955
704.283
704.566
705.451
706.283
687
688
689.824
664
664
665.843
668.699
671.432
675.097
679.362
683.603
686.977
687.718
617
637.427
703
692.705
687.092
704
706.896
706.249
836
805
781.601
768.461
762.822
754.964
744.018
734.369
729.504
727.838
725.644
720.906
716.205
715.1
711
710.793
708.061
706.354
680
690.77
690.277
692.661
694.245
696.957
700.297
703.827
707.19
708.784
709.835
710.371
710.524
710.136
709.551
709.383
709.26
709.202
709.385
708.628
672
684.117
681.67
665
669.967
671.033
674.264
677.493
681.103
684.761
719
718.409
715.657
716.1
715.605
714.827
711.355
708.764
707.177
705.99
705.075
703.925
702.53
680
682.782
682.048
682.293
682.32
683.321
684.929
703
705.795
707.785
708.62
709.406
709.625
708.52
707.022
706.581
706.244
705.947
782
771.825
763.844
805
781
774.761
769.717
774
766
760.559
757.337
754.251
750.674
747.153
696
712.374
707.66
707.517
705.805
707.926
711.531
715.455
718.482
721.826
725.245
728.638
731.057
732.93
733.59
734.318
733.811
732.846
711
717.688
714.666
714.841
714.005
758
766
762.677
758.992
756.679
753.162
727
728.495
726.632
726.252
703
708.209
709.585
774
769.64
761.783
796
797.104
789.163
780.848
776.518
772.577
767.156
761.602
757.948
711
717.398
715.737
718.539
719.866
722.651
725.979
729.356
733.731
736.651
738.081
741.407
688
698.955
698.593
699.709
699.841
701.16
704.09
707.855
708.121
707.842
707.411
664
672
671.463
649
664
663.674
656
658.968
661.481
663.342
665.602
667.47
669.789
671.26
671.757
672.871
758
745.328
735.906
789
783.74
735
740.855
781
764.865
742
746.376
836
804.922
779.768
779.209
790.127
780.951
763.868
762.373
773
797
789
769.349
812
818.226
806.45
786.94
794.115
718
732.223
732.086
733.25
734
688
699.231
680
684.704
684.397
686.857
672
672
673.875
676.119
678.12
680.129
633
643.512
664
662.822
662.677
663.695
666.309
669.381
680
656
660.184
660.378
660.75
659.383
658.436
659.027
659.682
660.143
660.263
660.691
660.159
659.867
660.732
661.33
661.807
805
768.136
752.223
744.502
739.407
731.256
722.145
766
761.507
751.147
742.337
738.555
735.612
750
741.676
733.83
728.617
725.759
723.138
719.268
720.104
722.337
724.689
725.87
726.725
727.534
728.209
730.905
731.664
732.386
732.862
703
727
742
739.663
736.718
736.399
737.099
736.961
734.145
732.19
731.351
703
758
844
823.647
758
762.289
767.602
735
734.709
731.377
711
716.79
717.28
711
712.487
715.009
718.817
721.01
720.742
720.889
813
796.764
788.862
758
759.49
755.941
687
694.468
695.692
697.912
699.686
774
781.885
774
770.194
770.038
763.68
754.455
746.206
743.398
742.379
740.68
739.655
737.676
664
682.892
680.91
773
769.272
759.264
751.06
749.589
749.501
745.512
695
703.743
711
713.66
711.387
708.752
710.077
750
750.426
741.83
733.493
731.154
733.873
733.671
730.525
729.082
696
705.666
695
698.596
697.675
698.739
700.122
701.87
703.186
679
684.226
685.035
686.731
687.423
906
833.974
807.488
801.358
794.046
777.503
759.352
745.439
738.407
736.425
735.366
733.809
732.382
731.502
730.216
729.478
728.189
726.461
679
707.17
706.769
709.716
710.422
711.927
714.831
718.143
720.408
720.198
720.663
721.041
720.997
758
753.131
748.69
746.151
804
797
787.812
782.678
783.429
780.221
773.472
789
782.224
777.784
774.163
789
783.326
750
758.407
789
783.663
775.2
772.624
776.616
777.584
774.419
772.452
773.923
775.349
775.054
758
762.699
765.705
767.564
945
892.291
866.86
855.239
844.643
831.193
703
695
697.172
734
758
770.698
782.66
727
730.408
731.699
733.672
734.254
742
742.943
745.658
747.379
747.869
746.834
711
714.241
712.603
712.475
711
726
726.666
729.801
732.722
732.434
687
697.299
695.303
742
739.894
738.056
736.132
737.103
727
725.444
720.619
664
676.273
675.022
726
724.954
742
738.553
734.617
729.641
723.277
717.116
711.574
709.432
707.858
706.875
707.176
707.286
706.364
705.606
706.397
705.82
705.483
688
693.078
693.459
656
671.552
641
649.237
649.157
650.969
653.256
656.312
617
631.18
629.077
629.711
629.347
630.579
632.38
634.337
562
592.897
590.705
562
571.899
570.911
570.392
570.859
571.876
573.45
574.952
576.533
578.282
555
564.076
565.155
564.515
565.295
565.942
567.1
567.735
632
625.454
640
625
627.11
633
609
610.961
607.207
605.109
602.942
601.047
600.06
586
586.806
585
584.506
583.418
582.685
582.824
585.041
587.116
625
640
641.867
642.395
643.693
657
679
676.954
648
649.692
646.571
644.37
641.06
638.503
637.266
695
690.436
664
665.187
668.05
667.822
640
643.77
633
635.187
634.722
635.663
637.429
638.598
639.82
640.766
641.469
642.051
642.206
642.451
641
643.476
643.83
688
684.558
681.703
681.017
681.531
679.233
675.263
617
631.078
628.883
618
620.694
621.751
711
703.292
694.38
691.388
690.708
686.855
719
712.397
704.56
699.835
697.285
694.398
690.109
640
625
626.376
623.318
625.501
726
725.282
722.332
805
805.258
790.648
781.66
775.172
764.904
754.069
745.52
738.564
805
1070
797
793.255
799.795
800.578
783.275
777.18
788.733
801.209
796.745
788.544
875
876.135
826.4
816.728
837.262
836.965
799.028
794.267
808.317
816.69
801.599
791.515
664
692.278
695.995
705.977
709.241
695
727
748.669
763.118
761.194
758.996
762.364
768.808
769.4
762.625
756.698
671
683.285
684.898
656
659.901
640
644.399
648
650.393
653.566
657.796
662.786
667.512
641
648.57
648.757
649.394
648.618
648.705
649.89
650.347
650.738
650.747
650.996
688
684.553
682.964
683.183
684.083
656
660.618
658.113
656.834
654.852
641
633
634.61
634.553
671
657
659.256
660.105
661.49
661.593
661.493
661.244
661.137
649
651.728
651.098
651.577
651.448
651.814
652.603
652.516
617
630.619
628.352
630.048
630.502
633.248
636.192
638.939
640.554
641.514
593
610.831
608.338
601
602.835
604.238
606.465
610
611.043
613.236
609
611.371
611.058
617
615.163
615.675
616.124
616.488
703
687.807
680.847
677.65
678.171
617
626.262
578
586.532
563
566.87
566.483
594
593.632
598.811
601
605.644
632
657
703
702.296
700.884
735
730.646
726.641
722.034
717.144
712.778
707.793
758
746.905
740.997
738.141
737.717
734.805
664
673.917
669.438
668.056
667.479
664
667.971
671.461
675.401
695
697.808
700.668
680
684.569
684.89
686.04
684.402
683.514
684.019
685.564
685.057
685.198
684.482
684.17
683.928
683.658
683.423
711
708.315
707.22
706.616
707.117
766
759.637
753.139
748.695
747.476
744.448
738.795
732.999
729.103
750
744.815
739.93
735.938
735.569
688
702.17
699.016
699.248
774
770.959
769.296
768.635
766.726
761.324
754.931
749.06
744.32
711
716.588
714.207
715.398
713.334
714.314
734
733.897
732.481
729.694
711
715.127
714.851
716.046
715.586
742
743.576
836
830.773
819.395
811.296
804.697
795.825
787.043
779.508
773.827
769.459
687
695.446
694.106
697.432
702.593
708.519
715.413
722.073
728.206
733.162
738.543
743.079
746.684
748.499
749.383
750.384
749.975
747.556
711
720.844
716.72
715.616
713.534
713.692
781
776.771
770.779
767.074
767.665
763.352
757.399
752.04
749.002
747.215
744.801
742.199
740.443
739.887
738.971
891
860.092
838.054
750
828
875
859.625
829.342
805.561
808.415
828.776
834.258
816.9
792.974
788.572
811.435
827.429
817.131
791.364
781.474
798.071
818.209
836
817.783
766
770.965
788.934
719
725.492
727.067
731.745
726
782
792.902
790.625
789.944
793.897
792.72
785.904
773
774.958
773.931
771.076
770.548
703
680
681.869
695
702.516
709.41
715.861
789
804.166
800.942
795.297
793.849
742
739.913
735.65
734
730.985
728.303
726.43
728.248
726.131
820
812
782
775.703
771.883
766.819
761.088
755.483
752.539
752.755
752.996
749.702
867
854.886
835.72
823.39
819.711
812.005
800.465
790.284
785.466
785.044
784.052
780.977
776.891
775.524
773.603
772.908
769.557
765.214
760.863
760.757
828
828.794
773
784.164
788.423
820
808.23
797.573
795.776
799.389
797.431
734
746.503
812
808.735
791.73
775.576
793.052
803.81
795.379
777.152
781
791.382
795.523
782.758
771.411
765
750
760.803
763.434
760.369
754.969
757.006
664
684.854
686.271
719
730.025
739.389
745.752
750.401
753.043
679
689.043
688.388
687.988
688.215
688.954
692.035
695.193
697.438
698.199
699.077
697.3
696.235
680
683.973
684.788
686.227
742
758
753.727
750.275
747.817
743.859
765
759.377
753.329
747.814
744.312
741.298
727
724.313
721.64
721.759
721.421
720.938
720.771
721.067
723.529
726.475
728.557
719
722.973
723.273
725.877
727.283
728.571
729.172
729.815
730.007
695
707.329
804
780.291
767.938
761.363
762.878
761.137
754.236
746.724
742.869
743.058
742.996
739.788
735.779
733.954
734.679
736.239
789
775.358
781
775.509
777.159
775.283
770.744
766.332
763.04
761.665
759.36
757.296
757
755.781
754.95
754.994
754.872
754.365
753.587
752.845
755.972
759.041
762.159
763.613
766.197
766.888
767.56
767.661
767.721
766.779
765.944
718
732.176
730.677
732.92
732.546
736.208
758
758.269
757.614
757.322
688
703.869
704.281
705.769
703
705.092
709.103
750
752.899
750
744.646
743.412
742.174
738.748
733.806
731.314
732.03
732.287
731.618
730.177
729.236
728.509
728.408
728.281
820
789
780.682
778.612
775.297
769.958
763.281
774
773
767.453
763.255
759.902
756.928
753.075
749.128
747.555
746.212
744.588
742.448
743.237
745.683
748.644
751.737
754.657
756.762
758
758.798
760.239
760.162
760.235
759.991
759.822
759.724
758.911
758.091
757.321
756.609
755.799
754.718
758
756.25
756.123
790
773
774.422
771.969
734
748.505
734
737.127
852
829.569
816.522
812.023
807.566
799.149
789.179
782.087
750
754.568
751.838
753.606
752.825
753.479
756.263
758.909
727
719
719.504
766
773.427
777.282
779.027
782.558
783.59
781.122
765
766
763.68
762.634
760.195
734
773
782
781.171
773.569
727
734.276
736.068
739.251
736.992
735.941
805
811.517
803.171
791.779
788.83
790.616
786.324
777.27
836
836
824.53
813.544
815.231
766
768.291
765.483
852
840.779
827.439
822.382
825.617
821.137
811.723
803.969
801.239
800.372
796.774
791.985
789.957
790.282
791.136
790.752
766
771.852
771.765
774.826
776.199
778.93
782.755
786.659
790.185
791.693
792.172
792.162
791.79
791.044
789.97
789.666
789.32
703
719.392
720.224
722.999
726.239
731.601
739.056
746.031
773
774.799
775.127
775.734
695
688
687.933
688.178
691.668
695.514
700.334
706.484
710.226
713.02
703
704.568
702.755
702.442
696
697.196
698.127
698.958
698.923
601
635.968
634.601
636.284
636.57
638.762
586
586
601
599.469
601
601.708
601
604.386
606.584
608.747
610.191
611.376
612.178
612.827
612.649
539
531
538.45
536.49
537.218
536.784
537.93
539
541.145
543.262
695
656.608
649.31
647.268
645.933
640.662
634.097
734
720.886
703.616
692.639
689.115
685.885
679.819
671.709
664.856
659.315
617
631.658
609
611.151
606.936
618
672
677.766
679.55
781
781.803
1032
960.287
927.714
919.733
900.179
871.456
846.158
827.672
914
913.173
894.232
868.158
863.445
865.453
865.476
847.459
824.36
811.976
633
671.517
677.304
696.122
714.926
766
773
785.89
742
743.698
742.709
742.381
742.236
742.118
742.005
742.028
711
711.865
710.57
710.466
708.921
711
672
656
656.313
655.294
657.228
658.842
662.387
666.744
671.307
742
750.348
749.2
743.876
742.732
736.676
730.272
723.72
718.034
713.478
709.906
706.341
703.534
750
750
742
738.025
735.136
731.071
726.5
664
680.492
680.488
683.411
688
691.401
695.827
727
730.217
726.354
695
698.825
698.016
698.106
695.306
694.931
695.832
697.124
922
843.759
806.945
790.064
779.49
768.598
754.643
739.924
730.847
728.684
728.75
804
812.398
793.87
775.006
770.657
750
747.753
744.919
741.678
741.591
742.78
745.342
747.264
747.324
745.873
656
675.332
625
602
586
601
586
589.288
594
597.264
601.74
606.334
611.197
742
725.055
723.657
724.269
723.464
718.482
709.948
914
750
746.628
745.045
672
676.196
668.927
594
611.274
609
608.17
607.647
594
617
616.785
618.982
620.87
622.36
656
653.486
657.324
648
672
668.479
665.969
663.476
641
625
623.897
619.446
617.244
614.982
616.127
618.112
620.511
622.652
624.386
626.322
656
660.679
671
669.835
641
645.387
664
672
666.678
662.58
660.947
660.789
660.087
672
668.174
666.197
664.484
679
676.361
673.746
672.082
672.109
649
654.316
652.402
653.509
654.467
656.131
657.524
658.721
659.782
660.749
661.56
578
611.156
610.137
610.738
632
672
696
671
673.119
670.858
669.172
664.729
660.121
656.784
654.033
653.712
652.829
651.699
696
690.469
867
827.655
802.312
547
563.37
680
705.479
698.386
797
758
730.997
704
694.495
691.522
690.002
687.762
684.364
680.738
679.109
678.407
677.996
677.116
676.53
670.496
666.447
790
718
717.535
797
790.445
775.686
771.777
771.984
764.759
754.252
750.994
749.781
745.613
739.916
737.847
737.742
735.398
731.125
729.045
732.719
733.19
711
716.242
641
661.774
660.424
820
799.868
784.64
775.854
766.161
753.95
740.616
728.473
718.788
712.662
711.123
1086
947.244
864.783
842.73
930
930.111
888.879
828
828.021
841.659
843.283
797
786.471
800.244
832.22
830.577
793.765
758
764.505
797.286
813.972
774
760.833
771.328
789
796.547
783.421
767.762
771.487
734
740.735
744.238
664
675.387
677.461
682.81
685.562
688.393
693.401
699.663
704.896
719
721.001
724.26
727.49
750
746.942
746.379
745.988
743.539
758
753.772
749.841
748.071
747.433
745.628
743.717
741.746
774
767.287
765.103
742
744.733
743.366
743.575
741.827
742.022
743.076
744.393
745.614
656
664
665.887
668.299
672.405
703
715.351
722.885
728.891
711
680
682.432
680.473
680.731
656
660.669
663.394
666.446
667.701
669.132
669.996
671.009
671.846
671.556
671.349
671.923
673.511
674.451
641
648
647.496
648.699
711
706.547
703.521
700.862
699.889
719
711
705.532
700.448
697.838
695.194
692.05
688.917
686.962
686.047
685.731
684.287
682.795
681.622
681.259
683.62
685.463
686.912
688.184
625
651.405
617
624.664
594
586
588.308
578
580.927
581.861
578
581.157
617
618.822
623.888
734
718.209
712.673
712.242
711.088
705.695
699.005
693.046
687.553
683.185
678.363
672.897
668.115
663.371
658.557
655.324
652.937
650.531
648.764
650.096
652.336
655.172
658.208
661.431
664.765
668.179
648
652.706
652.251
652.927
652.742
653.289
654.418
655.397
656.099
656.573
625
635.296
633.495
633.767
633
634.266
636.316
638.257
639.799
641.578
641.968
617
625.558
624.003
625.003
625.682
627.337
629.515
630.527
631.716
631.995
632.399
632.555
632.666
632.59
632.648
774
735.159
719.196
712.408
687
681.256
673.157
648
647.317
644.477
645.423
688
693.642
690.174
684.207
680.687
676.82
671.202
666.777
661.934
661.726
625
618
617.093
618.011
640
644.121
648.104
650.256
651.657
1070
870.606
800.007
794.636
786.521
679
677.141
664
660.616
659.825
609
586
585.48
582.99
582.281
581.823
581.365
586
585.542
617
627.055
635.389
640.063
644.139
649
703
707.338
705.915
711
713.111
714.905
714.314
713.232
712.215
710.933
708.949
706.395
703.35
701.063
698.443
586
628.578
570
585.284
582.871
582.71
583.421
585.214
588.185
664
665.99
671.853
676.479
680.079
681.237
681.438
680.873
680.145
679.122
677.49
674.7
670.688
668.336
665.125
660.654
656.025
651.944
649.521
647.914
649.844
652
655.078
658.532
662.162
665.394
667.466
668.746
669.744
670.652
554
608.687
554
571.046
570.004
569.71
570.761
572.809
575.806
578.78
571
576.918
617
611.732
615.293
672
666.871
665.824
666.153
666.845
665.587
661.31
660.556
659.733
658.789
657.244
655.637
653.42
650.903
647.606
645.337
643.187
734
722.64
716.437
714.253
715.339
712.969
742
738.023
732.157
728.347
726.599
724.365
719
713.161
891
847.697
817.398
734
740.769
711
706.995
703.798
704.735
708.118
704
706.25
707.899
709.377
709.528
773
775.636
765.132
696
703.77
704.859
706.019
705.56
703.506
705.48
708.539
710.895
719
715.85
714.132
712.491
712.902
712.791
710.319
708.027
709.459
710.658
712.166
711.388
828
808.577
798.091
791.16
786.117
777.572
768.78
761.514
756.386
742
739.347
735.681
734.229
732.156
730.443
732.324
733.037
732.183
729.882
730.262
732.712
735.259
737.814
740.311
743.145
746.193
747.285
747.625
695
709.72
707.77
708.646
707.33
709.78
713.122
715.961
717.532
717.472
717.827
717.955
717.949
717.418
717.08
718.159
718.931
781
772.515
765.912
695
706.557
705.811
706.415
704.119
703.838
706.283
710.244
750
748.961
740.744
734.275
797
883
860.709
831.836
774
769.984
774.87
775.482
768.029
758.74
754.094
757.789
764.067
764.88
757.492
711
714.894
720.481
718
721.823
722.233
724.917
730.06
734.881
737.662
737.38
738.808
740.447
740.446
739.039
738.054
737.525
737.179
736.941
736.579
735.266
734.504
733.77
733.096
732.513
732.012
765
760.837
719
735.465
688
703.786
701.301
701.789
702.907
705.777
709.018
828
806.556
792.631
786.348
779.951
773
763.069
726
729.469
726.842
727.496
725.516
725.514
727.03
728.231
729.97
729.41
727.44
725.126
724.693
726.142
727.48
729.392
731.168
732.939
734.933
736.959
736.211
735.831
735.173
734.562
733.801
733.065
732.495
732.539
774
770.032
766.81
764.896
763.619
760.161
755.89
751.85
749.241
805
726
747.75
797
783.777
750
762.929
672
688
695
693.755
852
836
843
727
735.613
733.28
797
792.569
774.73
759.03
750.427
750
766
769.327
756.11
741.898
732.24
737.756
750.366
755.615
753.382
741.257
741.041
743.976
747.59
746.713
744.242
743.228
745.139
746.446
747.156
746.207
746.041
746.675
852
734
726
730.266
735
734.084
687
702.692
875
817.754
785.496
783.566
789.296
785.446
763.924
758.275
767.829
770.207
762.197
851
831.29
808.307
799.108
806.652
804.784
788.048
775.557
788.671
794.489
786.892
779.842
914
895.106
862.233
847.41
857.363
852.291
832.208
672
698.43
704.559
898
868.522
821
817.365
824.085
797
828
825.279
750
703
704.802
711.065
722.803
730.719
732.978
734.768
739.138
740.95
739.584
739.047
757
760.572
761.152
760.607
761.06
695
701.439
700.807
700.345
699.488
836
821.203
808.386
804.1
802.17
836
826.314
810.245
799.324
796.428
793.787
656
689.158
693.41
704.112
707.793
844
842.607
750
760.381
766.587
765.192
766
764.363
765.308
765.305
763.731
761.422
759.783
758.899
757.271
751.981
747.408
696
708.767
687
690.215
690.282
693.335
719
726.354
727
731.967
735.991
738.662
739.295
738.955
738.443
737.889
736.614
734.892
727
656
668.898
667.171
726
725.426
726.187
724.088
725.429
726.554
724.936
721.758
719.191
717.113
715.652
714.082
712.688
710.958
656
673.132
672.483
758
746.836
737.702
733.567
730.987
728.161
723.064
727
721.406
717.328
713.204
672
648
649.173
688
693.944
697.983
698.243
701.401
632
645.317
645.497
645.736
646.818
773
769.33
752.662
739.647
730.638
722.876
714.188
705.046
698.545
694.372
692.344
689.976
687.274
684.653
683.898
682.626
680.594
677.089
673.872
672.969
674.588
676.343
678.627
805
796.17
785.737
778.912
735
728.215
719.331
742
743.919
741.066
733.843
728.639
724.985
721.09
715.987
711.276
707.107
704.352
703.084
836
832.961
818.785
804.072
796.846
787.08
776.069
765.725
758.345
754.043
752.032
742
738.615
735.636
735
733.395
730.845
843
838.202
758
766.195
770.667
771.008
763.403
757.906
836
831.398
812.643
798.993
809.215
811.51
795.626
781.583
791.046
798.076
792.811
776.625
779.624
796
798.456
788.346
778.827
785.065
742
781
776.978
775.471
772.663
773.772
777.21
778.838
776.593
774.943
775.961
776.917
775.595
758
763.928
764.35
765.652
763.927
813
803.601
774
779.821
780.039
777.832
774.316
772.941
773.866
773.362
771.979
770.921
770.905
771.054
774
770.868
768.763
766.995
766.076
812
750
768.786
844
827.352
815.937
814.732
797
794.857
788.84
784.034
781.385
780.54
779.719
778.583
778.169
778.058
776.395
711
734.976
736.321
739.917
737.788
741.759
746.557
750
753.275
754.91
756.818
687
705.908
706.602
640
655.627
657.132
659.441
662.814
727
729.888
730.468
734.062
737.111
736.152
733.779
732.24
758
883
773
774.915
778.109
778.183
764.844
757.986
758.725
757.753
751.315
748.389
749.317
750.278
748.944
750
748.796
748.32
746.58
744.712
766
765.76
767.308
768.386
769.818
770.03
769.15
767.065
765.595
764.169
687
704.198
703.562
706.052
708.476
712.979
718.791
805
789
781.822
780.201
734
738.213
732.591
728.857
782
777.016
768.493
760.87
760.141
756.271
750.532
744.805
740.586
737.957
735.797
733.824
735.109
736.53
737.828
739.972
740.009
711
718.438
717.773
720.1
720.758
723.148
726.313
729.585
731.265
731.151
742
726
729.822
728.119
727.939
727.253
726.854
726.969
727.215
726.844
726.441
726.8
727.047
727.291
727.61
728.038
728.575
743
734
742
739.974
739.39
738.16
736.714
735.539
734.323
734.142
734.066
734.219
813
800.342
792.44
703
718.358
765
763.54
752.647
750
748.411
756.992
759.773
742
735.012
739.169
749.481
753.4
743.554
733.386
739.583
746.201
766
753.202
746.444
744.809
703
712.605
711.972
714.903
715.228
716.265
719.196
721.514
722.423
722.22
722.042
722.694
750
747.385
774
797
790.754
785.32
780.049
775.249
770.598
765.756
761.946
759.097
756.695
754.463
752.404
734
736.582
735.49
735.891
736.125
813
805
802.356
803.08
801.469
795.873
789.443
703
696
695.681
696.933
701.898
711
722.182
732.452
738.35
741.908
743.69
743.179
741.17
742.448
742.919
743.977
742
797
792.57
784.761
781.074
779.664
775.439
688
700.38
699.202
828
809.359
727
737.613
745.595
891
854.772
816.341
750
750.102
898
887.431
840.675
805
794.981
825.69
850.226
734
739.068
758.491
781.613
777.564
750.389
748.795
783.104
804.787
785.123
758.436
750
775.011
788.667
776.132
754.697
664
681.743
694.928
717.016
789
769.258
749.167
736.42
766
783.845
788.532
727
722.528
773
743
737.463
719
722.184
732.148
737.385
766
746.537
737.303
742.786
687
672
672.911
674.717
678.164
726
680
719
722.581
726.989
726.281
726.045
725.347
722.992
720.214
716.606
715.423
713.425
711.65
710.446
708.872
708.116
641
609
616.133
614.028
616.921
619.857
625.235
632.719
640.517
647.211
652.792
657.802
734
735.518
742
736.968
732.871
725.779
718.592
712.254
706.691
703.097
699.214
695.973
692.775
689.867
687.308
686.116
685.078
680
679.878
680.909
773
771.567
767.491
828
805
726
711
708.494
773
768.468
756.064
752.993
757.798
757.127
748.211
789
782.485
867
847.015
825.734
814.591
813.673
808.106
798.73
788.955
784.335
781.682
781.553
779.848
719
758
757.404
761.876
680
707.953
714.996
722.921
721.727
721.683
729.904
736.539
738.213
737.072
737.633
740.842
640
673.768
676.351
677.804
676.165
677.668
681.813
686.096
687.611
689.13
690.839
692.753
633
650.139
649.606
649.194
648.852
656
657.395
649
651.351
652.067
652.979
652.841
653.066
695
692.333
689.865
680
640
649.509
646.814
645.579
664
663.888
656
656.183
640
642.585
641.035
664
664
661.665
659.403
659.046
660.244
641
644.15
643.938
644.905
645.727
646.495
609
623.646
622.413
547
583.518
580.427
580.268
580.332
581.762
584.295
586.555
601
599.729
602.771
688
670.092
665.823
666.407
667.207
663.839
658.984
655.754
652.21
651.021
647.735
695
688.04
681.275
677.769
703
680
678.873
676.105
675.796
675.173
673.287
672.56
602
634.739
555
587.685
570
572.354
570.638
570.304
555
560.723
560
559.635
559.672
559.902
531
531
534.918
533.766
532.996
562
553.45
556.18
556.44
559.259
560.292
561.191
562
570
568.693
568.504
568.445
632
622.795
620.76
622.786
626.362
627.58
625.656
618
618.173
664
719
710.615
702.442
698.979
698.601
697.328
692.432
686.231
682.118
681.842
680.282
678.06
675.023
671.659
668.867
666.351
665
662.025
660.392
661.781
664.21
667.034
734
688
693.091
695.729
694.77
727
719.673
714.436
664
675.176
671.85
668.873
665.406
663.853
665.33
633
644.082
643.542
646.044
646.18
648.393
651.571
654.609
657.016
658.169
660.017
661.275
662.784
662.217
661.99
662.094
661.983
661.776
687
680.671
677.675
678.576
679.504
677.713
675.092
914
817.438
867
875
856.9
765
782
773.931
762.799
750.619
867
848.378
817.232
811.022
899
871.926
829.64
844
853.26
828.618
808.491
824.212
834.193
773
784.475
802.953
802.091
780.996
786.742
805.184
802.535
679
696
705.149
715.365
715.314
722.453
739.45
753.308
753.292
752.63
759.395
763.889
759.299
755.243
781
777.449
770.819
766.478
767.616
767.03
742
744.048
741.301
739.755
738.108
737.986
739.341
741.391
742.433
743.521
744.734
746.471
781
781
779.761
779.652
777.695
828
823.392
765
770.833
770.849
768.272
742
746.688
751.554
754.74
750.373
680
698.505
705.303
713.816
844
814.848
796.595
774
771.271
772.98
769.306
759.219
748.675
741.625
740.692
741.689
741.132
829
825.618
808.903
795.03
786.488
781.283
774
770.275
766.083
766.369
766.258
765.361
763.075
734
738.734
739.465
735
735.183
733.751
736.105
739.508
735
737.984
719
724.181
725.368
727.733
728.227
664
681.037
682.445
685.982
686.817
689.981
695.029
700.05
664
674.77
711
695
672
677.274
682.485
687
688
664
671.533
675.748
677.562
719
709.031
704.138
702.416
774
767.641
843
819.731
802.269
790.817
780.556
772.252
764.228
766
760.589
755.956
751.661
747.305
797
799.455
794.672
1094
994.672
939.867
933.117
925.903
899.755
872.286
864.364
863.27
860.085
844
812
782
780.875
780.293
780.572
780.479
820
829
796
805
812.281
816.206
805
805.659
852
854.816
848.021
840.906
846.243
805
805.402
803.716
802.368
799.668
798.863
801.218
711
719
717.625
719.318
722.941
727.833
734.612
743.196
750.149
756.083
760.97
764.716
767.545
768.431
768.644
769.253
768.793
719
750
744.521
741.517
738.076
738.007
797
726
737.894
740.745
738.456
718
743
738.869
736.188
738.412
741.421
740.144
737.541
738.954
737.001
737.814
735.865
765
752.513
751.23
753.309
752.136
751.357
749.161
747.515
746.24
746.356
746.075
836
789
788.017
906
883
781
742
745.988
748.841
748.183
748.346
755.411
764.191
764.809
760.289
760.078
762.039
760.315
875
851.278
727
734
739.272
782
835
818.673
801.55
791.915
791.651
795.243
787.735
774.292
763.957
750
756.878
763.289
766.373
761.937
757.754
734
735.866
737.383
739.463
641
663.325
665.622
671.432
766
778.589
776.081
773.635
770.656
762.437
751.98
976
919.385
878.465
742
742.622
743.876
742
741.94
740.243
738.272
739.683
743.122
742
719
718.112
718.836
722.549
723.367
680
683.929
686.908
691.348
692.451
695.029
698.869
703.427
707.651
709.262
709.708
710.276
710.75
710.476
709.461
708.567
707.755
843
836
822.355
836
833.31
824.535
977
935.761
903.659
891.519
885.846
873.85
856.244
844.187
841.293
839.839
832.598
823.525
703
721.193
721.281
729.204
735.798
743.499
754.239
772.835
735
741.241
743.218
746
747.337
748.283
750.482
752.834
753.924
752.52
749.829
750.716
781
776.499
773.032
770.119
769.566
767.851
765.401
763.143
761.437
759.775
758.486
757.264
719
732.164
730.863
813
802.608
797
906
836
830.968
827.127
818.545
808.343
734
750.596
805
796.674
782.407
782.91
836
827.644
804.843
797.706
818.602
820.716
799.076
787.477
805.658
812.735
799.985
783.476
795.54
806.372
803.245
787.057
786.733
797.23
801.368
791.616
786.95
727
750
756.348
763.038
758.65
755.769
758.606
765.365
735
741.037
741.56
744.759
745.548
726
732.511
735.876
739.229
737.496
736.078
739.513
953
879.564
734
739.004
742.871
749.832
749.312
747.786
749.161
755.665
760.131
961
894.849
773
771.28
781.797
794.682
758
751.11
760.275
775.554
778.586
760.386
773
787.21
791.355
767.389
756.446
760.672
766.992
757.137
758
761.486
765.267
767.559
766.447
765.785
766.08
766.428
766.502
766.128
765.825
765.948
766.357
766.662
767.534
767.12
797
750
719
722.898
722.197
742
743.403
747.646
752.36
756.061
757.553
755.737
753.922
752.321
750.677
749.335
828
817.373
742
753.576
760.124
757.976
750.498
747.949
751.703
754.073
751.139
748.098
749.106
751.51
750.412
747.452
746.159
747.007
774
764.32
763.282
765.301
764.369
763.812
762.479
761.529
760.173
759.334
758.565
758.613
735
741.823
741.329
742.705
743.469
744.335
745.385
746.47
749.829
749.977
742
746.224
746.093
747.742
746.824
747.552
743
745.838
745.566
745.208
744.705
734
719
724.887
724.332
804
774
769.202
750
752.097
749.604
745.689
740.591
736.721
736.611
742
742
738.652
735.001
733.611
735.592
735.495
732.273
729.891
781
780.797
778.266
775.431
772.804
768.763
726
766
757.245
797
782.652
742
753.211
755.825
742
711
719.187
724.521
728.247
725.902
726.178
730.381
735.108
736.425
733.279
733.785
735.652
737.561
742
739.55
773
767.587
764.394
761.752
760.319
757.526
742
741.732
739.643
774
767.239
763.481
762.411
762.311
760.98
718
729.387
711
715.558
714.809
717.76
721.355
725.493
728.846
731.365
758
734
738.832
737.704
738.086
736.723
735.798
735.318
734.908
789
779.623
773.253
769.285
766.489
762.738
672
691.318
692.045
694.76
697.315
702.116
797
795.241
781.985
779.097
779.905
797
1070
797
793.635
798.544
799.236
784.179
778.909
786.114
790.425
786.595
778.531
750
752.997
755.01
735
734.542
736.177
737.938
766
762.68
762.222
765.689
768.938
770.741
768.667
750
753.321
752.315
751.829
749.49
748.813
742
743.964
743.93
744.091
744.053
744.312
742
745.73
844
835.469
824.831
815.501
809.278
801.378
793.224
786.017
780.959
758
758.817
755.8
820
817.794
809.683
766
804
810.796
809.132
795.768
787.757
789.344
875
868.422
719
740.658
753.246
769.504
767.289
751.265
805
828.416
774
769.689
786.293
795.846
781
766
783.385
792.799
773
763.117
772.19
784.073
776.028
763.182
769.109
778.404
778.908
766.717
765.007
773
776.364
773.118
769.828
772.919
775.865
776.179
704
720.143
723.358
728.162
727.801
730.769
737.195
742.74
746.003
746.947
748.225
711
711
712.098
714.251
758
752.786
774
771.009
768.354
762.158
756.122
750.753
745.579
742.172
740.21
742
741.073
740.538
805
800.853
793.81
788.156
750
752.921
747.466
687
694.101
781
782.868
742
745.853
755.867
761.319
751.664
742.804
745.108
734
732.693
726
726.939
729.299
731.178
813
794.287
779.446
771.5
696
703.681
702.719
703
705.989
710.036
715.794
721.002
723.795
724.533
724.123
723.956
766
763.102
756.702
753.275
844
836.5
820.516
809.485
808.731
914
796
795.649
800.327
801.947
788.947
774
786.814
794.268
788.709
774.102
719
737.266
746.336
696
703.605
640
680
680.066
789
772.596
875
828
810.321
804.388
792.785
780.177
758
749.454
742.514
739.1
735.15
732.871
732.315
731.145
729.766
726.606
723.988
721.152
720.961
720.663
721.923
723.706
725.942
728.314
730.927
733.775
736.758
737.557
738.007
738.058
738
719
723.748
703
708.846
707.184
707.439
708.068
709.091
710.585
711.445
711
712.174
712.57
713.328
713.841
758
752.752
749.234
747.563
742
740.056
735.574
731.665
765
757.964
727
731.651
742
738.653
732.876
732.164
733.586
733.902
732.158
730.057
731.992
758
766
759.606
734
740.226
743.862
743.993
740.433
738.261
738.755
739.804
672
687.666
689.519
693.625
703
758
763.454
773
769.435
768.294
765.013
760.959
754.062
748.828
746.152
743.613
750
746.429
744.524
743.036
742.968
742.704
741.315
739.693
738.426
741.183
742.625
742
745.189
747.38
748.907
711
726.046
724.078
758
751.767
748.764
748.278
748.836
749.093
746.795
744.248
742.723
742.264
741.888
741.227
789
765
762.431
759.248
759.323
756.805
752.826
742
745.396
744.619
744.362
743.656
743.884
744.48
744.662
744.667
743.917
743.333
742.574
742.797
745.718
748.468
749.454
797
792.748
743
752.854
752.101
750.607
746.005
640
657
659.884
665.051
669.393
674.277
682.942
692.867
700.915
705.474
708.299
711.013
713.255
750
748.509
742.873
741.03
738.603
737.211
733.64
703
704.844
766
756.019
747.475
743.047
745.865
745.968
741.019
734.932
732.433
732.957
680
694.243
805
791.482
775.069
760.873
867
856.013
831.847
718
739.196
755.014
761.828
744.671
766
779.831
781
773
757.659
761.214
781
778.774
763.953
752.023
781
790.139
786.232
767.589
711
719
725.824
742
735
728.366
719
726.32
735.018
739.2
736.401
731.265
731.863
781
774
767.74
759.012
757.761
762.652
761.711
750
746.665
747.157
748.417
747.96
744.908
744.099
744.422
744.754
744.841
744.027
742
741.849
766
766.251
765.845
764.378
764.548
764.638
742
745.903
744.638
744.834
744.006
744.409
703
716.589
715.906
719.436
812
801.972
742
748.573
752.5
754.146
748.115
740.972
739.659
742.064
741.986
738.064
734.9
734.686
735.232
735.793
732.296
729.763
734
733.563
735.68
737.254
738.027
739.174
740.157
741.043
741.617
750
747.494
711
711
712.663
713.538
758
773
743
746.328
747.66
758
754.149
747.869
745.387
745.084
745.016
742.76
742
739.191
738.713
739.324
737.883
735.168
733.135
733.096
727
730.858
731.972
733.532
734.728
805
800.143
836
820
811.469
803.379
795.013
788.021
781.485
776.42
772.804
769.666
766.823
764.208
761.843
761.949
762.203
761.986
760.922
759.967
762.987
679
701.907
701.974
704.731
711
695
701.495
705.534
742
820
812.998
800.638
790.844
782.316
775.325
767.541
759.57
753.499
672
680.476
765
779.016
775.538
761.972
742
739.157
757
764.71
761.746
751.762
742.765
836
847.42
833.353
802.738
782.554
859
866.196
848.684
816.162
804.759
820.075
833.016
825.425
806.46
793.104
802.517
818.019
822.021
808.464
788.602
791.804
734
743.967
748.162
753.41
756.643
805
819.459
891
742
758.99
761.964
764.399
703
713.98
719.755
726.353
727.408
730.493
1046
915.226
848.28
847.817
847.63
823.573
735
742.575
695
703
702.691
703.949
705.514
709.254
711.341
712.824
719
718.907
718.449
703
705.839
706.147
992
914
866.9
853.017
838.408
816.425
792.025
771.51
759.221
789
806.815
807.322
820
817.217
812.799
797
787.273
776.736
797
794.869
795.301
793.778
794.88
797.533
798.932
797.201
793.967
757
761.189
750
753.072
742
744.649
758
763.47
767.114
769.238
771.594
774.124
775.092
774.365
773.022
772.823
772.593
772.187
771.424
735
734
734.447
735.176
735.601
736.772
703
713.516
715.399
719.896
722.047
724.716
728.715
733.003
736.57
737.678
914
875.56
789
790.344
787.765
779.458
773
764.863
765.175
766.581
765.853
761.634
759.022
735
736.927
797
797.355
786.609
773.034
775.282
750
719
718.057
719.194
723.62
766
775.846
776.065
781
781.08
777.414
770.869
719
722.813
720.725
722.103
723.432
725.197
728.308
731.903
733.615
733.454
732.851
732.173
731.528
733.659
735.411
737.389
719
723.442
724.823
726.625
725.886
725.962
742
740.097
739.46
738.676
739.061
738.987
719
765
755.08
773
774
768.788
734
738.455
821
803.139
719
732.47
741.249
747.56
740.24
731.928
738.696
711
721.947
722.78
724.883
724.637
725.02
728.359
735
710
714.686
717.003
719.484
718.927
718.404
695
703.039
702.381
829
803.217
787.362
775.959
769.036
762.825
755.025
746.3
739.738
735.291
732.776
774
867
861
837.531
819.174
808.184
799.375
789.215
777.899
770.54
768.195
769.555
771.688
771.911
769.881
765.923
762.965
759.581
754.492
749.468
748.005
749.299
751.022
891
876.649
863.244
852.3
844.882
704
712.078
712.618
735
748.952
759.839
703
709.588
713.842
720.343
680
683.984
1031
875
820.851
750
726
725.177
726.27
828
828
787.462
770.536
770.078
875
874.642
828.858
783.736
779.401
796.899
758
750.226
748.222
750.974
711
716.08
717.465
721.516
722.17
723.765
727.491
731.765
733.441
733.62
736.167
739.098
741.061
672
684.764
684.84
685.347
649
657.15
659.499
662.84
665.109
656
662.016
813
777.83
758.723
753.284
756.183
751.607
740.155
729.272
725.403
724.128
720.393
715.078
859
834.589
807.075
792.046
734
733.465
782
778.603
771.253
758.15
752.603
758.461
766.14
945
914
954
925.163
891.953
868.687
853.08
840.282
829.289
820.853
815.77
765
762.522
773
778.745
782.661
742
750
753.403
762.28
765.448
767.625
828
845.389
844.194
797
799.533
805.323
781
774.543
805
808.57
802.382
812
820
815.899
809.119
804.303
781
782.599
780.713
779.216
779.421
781.75
735
719
726
728.157
733.229
738.41
744.329
751.233
757.347
750
752.66
754.004
755.454
754.366
752.111
726
730.641
742
742.144
739.415
739.545
740.228
741.033
741.186
740.373
740.133
740.692
741.313
703
714.071
715.414
717.893
716.975
718.745
722.928
723.648
724.061
719
722.12
721.503
688
711
706.56
708.026
727
722.883
704
734
727.791
726.089
695
704.841
704.508
703.614
701.144
719
716.364
735
773
764.611
757
754.113
751.546
747.809
741.965
737.587
735.367
734.124
732.666
859
742
756.444
761.455
756.814
750.329
750.265
750.345
749.412
749
749.364
749.429
748.86
747.951
821
797.059
804
750
769.364
734
740.542
736.257
781
775.668
772.316
770.162
769.197
768.008
763.307
735
742
742
742.617
738.916
740.632
742.606
744.976
745.408
745.612
745.001
664
685.131
685.732
719
721.848
711
713.483
718.833
725.3
719
766
760.579
754.611
749.933
747.744
745.965
741.939
737.391
789
789
780.395
774.52
773.965
781
773.253
766.763
764.466
734
742.408
740.07
742.35
741.463
742.536
744.218
745.753
711
718.734
711
713.545
714.267
716.467
750
703
713.818
715.078
715.683
714.047
713.509
715.215
715.296
715.441
743
738.492
737.742
875
840.359
823.087
727
735.137
732.342
729.32
727.243
726.887
730.517
735.034
735.954
734.029
696
664
666.425
669.101
673.526
675.925
678.46
683.184
688.674
693.485
719
723.733
724.634
723.355
721.866
719.768
717.074
714.02
711.274
709.984
797
891
872.535
856.005
846.062
835.831
822.889
809.461
742
773
711
743
703
710.953
706.53
708.713
710.129
711.968
680
691.983
687.741
703
789
783.981
784.3
785.215
782.572
779.684
770.444
762.735
756.419
751.384
695
699.419
695.782
695.645
695.779
697.974
665
672.724
670.785
672.577
674.013
742
742
744.937
742
744.438
743.497
740.075
733.545
730.644
726.187
722.578
718.853
726
727
711
711.527
711.032
710.888
709.863
708.943
712.046
715.342
718.583
720.017
722.658
723.873
724.742
725.156
725.303
719
720.312
720.123
720.686
720.066
719.511
657
687
682.679
684.255
682.923
686.092
690.202
711
709.682
710.399
711.316
672
680
678.088
664
667.387
668.761
670.867
672.416
672
695
695.335
694.924
694.609
694.548
693.857
693.186
692.516
692.11
691.939
691.564
691.385
691.252
696
692.761
692.039
704
698.745
697.992
696.446
697.345
697.781
698.018
703
701.894
701.819
701.755
672
683.12
681.02
681.755
681.942
683.107
602
635.413
634.587
636.541
637.01
638.783
642.709
647.122
650.48
652.758
654.696
656.227
648
650.785
648.968
671
665.501
663.469
640
633
633
632.233
632.633
617
620.516
621.624
624.195
626.147
627.736
629.414
665
718
717.784
710.272
704.839
700.228
695.586
703
697.504
693.401
689.526
640
646.1
641.475
639.007
637.333
638.056
639.885
641.97
643.961
646.844
650.239
653.44
633
638.764
639.025
617
622.62
623.243
624.704
625.772
626.707
627.98
629.022
695
689.346
686.129
684.705
685.124
681.698
695
689.064
664
666.09
663.684
661.493
658.231
656.63
656.286
656.367
656.21
625
634.364
632.772
635.034
636.686
639.176
641.88
644.528
646.653
648.729
650.926
651.315
651.781
651.824
651.549
651.66
651.475
651.275
651.196
711
701.079
696.54
695.28
696.289
693.591
688.618
684.445
681.685
679.693
677.873
675.994
679
704
700.205
695.925
694.319
693.295
633
609
613.217
611.184
613.721
616.61
620.966
626.036
631.229
636.684
641.378
645.284
656
641
644.677
625
617
617.622
616.528
617.121
617.074
618.026
619.081
620.028
620.939
621.762
622.56
623.353
624.147
624.96
625.781
626.531
628.317
628.519
629.144
629.453
626.994
640
635.37
649
664
660.905
659.018
836
735
723.977
720.861
718.329
710.799
700.845
696.055
693.795
691.435
687.785
684.229
682.062
680.228
677.309
676.175
675.505
674.669
673.277
674.573
675.748
678.214
680.949
683.929
687.077
689.832
690.856
691.713
692.229
692.55
692.698
691.881
691.121
690.266
774
759.91
752.532
726
725.847
721.566
717.067
711.524
707.999
719
720.135
718.409
714.463
664
656
657.725
659.312
680
683.712
688.284
1055
781
776.087
775.629
774.983
767.218
789
734
781
836
814.857
779.798
779.34
781.551
780.637
766.728
761.384
761.163
761.66
758.734
757.719
758.069
688
708.124
708.668
672
664
664.449
664.621
758
762.484
726
731.761
737.717
738.681
719
695
699.425
701.243
700.884
695.709
695.169
696.141
698.124
698.7
696.57
694.366
688
689.253
691.545
692.992
693.73
695.425
697.443
699.912
700.179
700.512
700.843
701.271
734
730.231
727.078
724.947
723.708
721.776
718.56
715.41
713.45
712.142
711.101
710.195
774
767.875
761.314
756.415
753.396
749.123
743.701
738.309
735.46
733.855
844
832.024
805
795.798
795.005
742
782
726
737.2
734.816
735.059
735.08
735.829
742
758
755.268
754.959
754.036
753
752.513
753.481
753.8
754.373
718
731.819
729.784
731.652
729.928
730.676
731.867
733.022
640
667.542
668.257
670.226
671.571
674.965
680.542
726
728.821
922
890
864.403
734
729.923
723.37
720.348
720.419
720.99
721.743
722.76
721.638
719.521
715.507
711.73
709.78
708.199
706.661
705.751
704.541
750
753.071
754.893
754.603
755.208
781
779.986
775.887
797
795.632
792.766
789.452
787.204
784.918
781.577
727
733.316
729.033
735
733.244
736.617
740.368
743.917
746.593
748.26
750.894
752.911
754.149
756.362
757.68
759.409
759.389
758.635
757.434
757.39
755.529
754.267
752.92
751.903
797
788.666
734
747.192
747.638
747.313
743.431
744.158
742
744.644
744.518
744.231
744.896
727
733.503
734.782
736.355
734.68
733.787
727
730.403
734
733.895
734.484
735.246
750
748.585
735
738.065
738.625
739.183
738.132
789
781.203
719
734.086
735.679
734.352
729.561
730.099
733.366
734.7
733.801
733.642
734.662
735.765
735.264
733.836
719
726.926
726.737
726.112
726.103
727
727.708
728.946
672
689.544
689.241
625
644.14
644.745
680
681.977
687.414
692.909
698.054
701.235
701.268
700.959
700.317
699.745
698.14
696.368
694.815
693.764
691.946
690.58
765
751.218
743.573
739.827
680
690.575
685.651
682.291
679.895
680.278
683.295
649
661.274
659.456
661.809
719
734
727.402
722.665
720.465
720.196
717.875
712.522
709.828
706.062
703.314
672
676.019
673.768
674.226
673.481
673.323
750
747.784
741.021
741.211
671
685.821
682.872
664
727
722.158
717.11
750
748.704
740.183
867
797
780.893
750
748.63
741.471
734.017
729.908
729.946
730.28
728.811
725.759
711
713.847
712.5
713.689
719
781
779.565
774.611
776.449
778.677
775.404
782
775.714
770.798
766.412
762.636
758.978
755.54
753.199
829
820.247
810.872
803.457
798.974
781
777.552
773.54
772.095
771.499
771.444
772.287
772.999
772.299
769.894
768.946
767.564
765.806
763.296
761.619
764.339
750
756.093
757.505
760.215
761.854
711
729.742
730.057
733.098
731.459
734.676
738.719
742.177
744.091
743.362
744.239
711
721.344
766
760.97
754.126
749.599
752.586
756.044
753.054
688
702.665
706.865
711.805
687
692.982
700.106
707.189
706.748
704.02
707.898
711.562
713.155
713.339
714.023
716.474
718.247
717.734
695
703.151
711
710.225
708.963
708.791
708.607
625
651.546
650.939
652.545
653.42
655.994
660.291
665.089
1000
857.495
806.575
801.794
789
769.663
773
766.791
762.648
758.359
755.376
753.004
749.575
745.583
741.046
738.55
906
871.523
845.128
836
914
911.363
893.445
870.067
868.841
873.459
867.028
850.418
839.21
843.823
797
800.835
828
824.208
815.515
815.12
820.766
825.296
823.619
819.171
822.699
797
801.07
820
818.445
815.564
817.508
820.462
822.843
820.824
817.145
816.068
821
819.754
818.916
817.937
818.675
819.454
819.922
819.774
819.821
818.187
817.412
818.471
818.876
819.147
819.525
820.133
820.851
821.215
821.286
820.529
821.002
821.013
820.857
819.983
820.22
820.398
859
750
774.169
778.225
782.143
782.767
788.571
795.453
797
798.886
757
771.89
772.804
773.058
771.883
773.81
711
742
744.615
750.877
747.537
688
695
701.543
711.503
715.812
679
688.097
696.217
705.684
706.896
701.222
699.812
705.086
711.159
712.971
709.894
708.156
709.716
712.462
711.634
709.707
633
654.559
758
805
790.053
771.758
735
725.34
758
767.057
760.382
744.017
729.041
724.581
733.529
719
717.239
709.327
705.163
706.227
709.005
712.305
712.727
781
788.908
782.53
775.293
770.65
765.963
852
843.122
827.367
814.46
743
745.933
742.767
739.536
736.554
719
721.508
725.37
731.973
736.671
711
715.118
860
851.432
805
790.365
791.299
799.012
795.043
778.943
768.388
769.615
777.453
779.129
828
808.368
793.622
787.982
789.932
793.878
788.744
968
941.325
911.133
895.227
890.48
876.527
857.111
843.29
839.795
839.758
834.957
827.648
826.457
827.438
827.044
789
790.922
790.483
743
754.035
755.699
813
773
779.244
785.738
804
836
828.453
824.962
824.898
719
734.621
733.702
695
688
687.911
690.169
693.338
698.363
704.379
805
809.473
801.075
799.711
798.4
790.855
656
676.684
679.352
683.573
672
675.546
682.319
680
671
675.043
679.276
682.878
684.023
686.097
690.159
797
789.095
734
733.681
738.427
736.33
727.929
721.387
719.903
720.119
717.599
712.99
709.634
708.153
711
709.172
706.119
702.584
789
782.945
776.581
774.394
772.881
767.267
760.984
750
746.31
742.902
739.989
680
695
692.615
695.324
695.783
697.871
702.027
705.679
695
766
763.284
761.92
761.212
750
749.031
744.075
739.442
735.626
828
810.204
796.157
890
875.176
852.143
846.439
842.287
828.017
816.297
805
803.529
797.53
792.182
790.903
790.879
788.176
783.294
779.516
735
744.708
743.728
804
814.832
822.442
727
738.065
740.704
746.327
750.742
749.552
746.542
796
811.047
809.798
795.81
784.644
783.523
789
787.083
777.224
769.668
711
717.371
836
789
777.504
768.429
769.709
777.864
778.78
769.353
761.322
761.576
767.99
711
723.836
726.394
729.431
781
758
756.532
755.243
755.613
756.055
752.864
751.561
751.377
750
758
843
766
771.478
773.494
771.135
764.593
760.809
760.411
759.638
758.551
757.336
757.258
757.082
758
756.02
755.441
754.128
766
758.206
758.537
760.358
761.334
836
827.159
734
754.414
891
852.722
825.085
811.176
813.804
814.484
883
847.423
774
787.338
807.993
820.089
799.589
773.801
775.766
804.851
820.939
803.058
777.322
778.655
797.015
809.189
1133
971.046
868.042
860.603
872.795
836
813.788
782
781.542
757
756.629
756.171
757.733
760.38
762.985
764.27
764.52
954
926.808
758
766
767.033
770.197
828
832.411
820.151
815.957
816.091
815.284
803.2
788.043
783.805
783.844
784.996
703
711.056
713.508
719.025
750
757.434
762.172
766.803
770.825
773.963
774.583
774.073
773.471
711
718.272
716.921
717.372
717.923
719.025
723.053
724.053
724.778
930
866.932
839.828
719
721.03
765
774.031
766.522
744.344
734.134
738.741
756.572
766.558
703
703.907
713.06
742
812
769.37
733.098
750
771.679
782.896
768.944
745.995
739.196
742
752.934
852
828
796.448
772.054
768.497
780.147
789.859
782.906
766.506
754.244
757.219
766.284
765
821
810.357
793.663
773
767.873
775.36
780.349
779.329
758
758.487
762.032
767.766
844
835.228
820.297
808.792
803.098
806.956
808.272
799.904
790.766
813
914
904.403
882.005
862.635
857.657
861.361
856.989
842.869
828.386
891
896.788
886.78
864.427
859.618
836
840.584
839.646
832.581
829
829.544
835.171
839.641
773
785.293
914
900.952
727
765
777.73
786.749
784.891
783.746
801.313
734
745.868
752.306
755.569
735
739.948
749.583
756.74
752.636
747.752
750.352
754.16
753.702
766
762.466
734
743.263
746.635
749.309
745.026
1063
820
814.986
816.112
814.058
798.004
795.846
797.023
796.274
792.149
790.893
790.954
790.393
787.714
785.484
784.734
758
765.451
764.993
763.314
764.052
766.611
770.266
774.105
777.502
779.627
781.582
783.322
883
870.149
861.848
853.864
848.882
840.665
813
808.88
805.885
802.625
798.665
796.073
906
895.794
877.524
867.667
867.875
664
698.696
703
714.308
724.23
656
668.579
675.347
617
631.786
633.866
635.406
637.451
641.141
645.863
652.034
656.941
660.4
688
687.208
750
744.554
742.759
744.518
743.611
741.674
738.42
735.047
733.045
730.707
728.103
725.275
722.546
719.821
716.965
712.664
821
806.264
795.776
789.546
787.719
774
767.308
760.332
755.584
751.836
748.809
746.33
744.541
743.372
741.668
739.86
737.624
734.665
731.237
731.216
733.235
735.652
738.446
741.426
744.476
747.956
797
794.789
790.589
785.826
734
739.097
735.899
734.121
732.729
732.557
734.428
820
817.984
806.325
1032
973.264
836
1101
985
926.39
928.019
927.561
888.039
750
742
765
781.602
782.211
786.41
811.283
832.998
829.564
824.334
828.67
833.837
831.961
823.209
823.889
828.076
757
797
800.147
797.906
791.084
813
811.949
808.885
812
810.699
810.02
809.052
808.342
808.064
807.868
807.829
807.833
808.252
807.82
807.217
804.149
804.146
804.032
726
746.859
747.965
751.658
679
701.896
705.753
713.096
716.007
722.16
625
662.416
665.355
669.05
668.148
667.853
640
649.472
652.959
655.692
655.623
610
617
619.347
619.559
619.281
618.93
620.19
621.801
622.826
623.226
624.36
625.582
627.087
961
815.278
769.806
703
694.162
684.042
675.483
742
744.175
731.636
713.226
708.605
735
739.376
733.483
851
817.125
776.973
764.045
766.437
774
766.949
754.011
750.448
757.169
761.52
754.115
875
863.635
840.836
827.292
827.932
797
784.819
780.82
781.543
781.543
778.755
778.647
780.278
780.092
776.265
772.856
734
695
695.639
695.236
699.329
705.446
714.548
725.231
735.346
743.034
914
820
808.277
803.789
800.889
773
762.138
753.412
750.221
749.049
746.844
745.987
745.783
745.1
743.227
750
748.209
746.549
744.641
781
785.35
789.113
788.967
836
837.356
832.466
827.461
825.078
821.333
815.34
809.449
805.881
802.523
799.017
796.295
794.033
914
892.329
877.18
726
742.803
745.119
781
793.47
757
758.55
769.064
790.405
798.093
785.54
768.808
767.686
781.874
795.792
795.106
771.324
766.12
758
859
766
765.555
769.01
776.978
778.121
768.805
719
735.558
745.545
755.068
746.433
738.741
734
744.232
750.445
745.438
736.315
731.246
736.241
742.836
743.948
740.67
738.559
741
744.649
744.596
742.553
742.425
743.368
744.474
744.959
758
754.495
754.464
754.528
754.966
754.04
752.286
751.251
750.565
883
847.495
831.345
821.94
816.594
807.405
797.517
789.356
758
760.242
759.145
758
758.044
922
906.035
878.842
862.734
857.953
844.537
826.368
812.937
805.757
804.062
803.189
799.566
795.579
795.308
794.983
793.473
844
841.578
830.273
827.859
831.992
834.04
789
795.045
796.912
798.168
794.823
774
782.106
929
860
757
765.336
779.83
792.135
782.481
770.868
784.721
806.63
812.5
868
843.17
822.79
821.68
914
898.576
864.329
829.15
838.572
858.227
859.597
842.556
824.856
829.789
841.891
846.63
833.332
814.682
819.196
836.085
766
770.989
774.554
782.288
786.181
788.914
813
818.374
922
902.092
886.264
883.254
876.098
836
828.937
827.122
805
805.415
805.157
807.579
806.533
807.718
809.63
811.402
810.623
809.226
808.645
809.006
812.128
814.41
816.579
818.357
797
803.208
803.708
805.41
803.4
766
778.612
789
789.484
843
834.427
828.558
824.883
822.434
820.522
814.919
809.276
806.896
805.654
804.56
802.014
800.286
798.938
798.081
798.306
750
768.275
768.94
812
808.551
808.075
809.686
811.196
811.137
773
779.779
779.481
780.4
777.885
776.852
779.052
781.03
781.503
780.133
780.244
875
857.162
846.138
839.302
805
805.672
800.293
795.058
791.154
742
828
818.811
817.844
828
820.281
816.637
859
848.009
750
778.643
785.186
788.03
775.811
782.909
792.546
867
837.733
750
772.824
786.636
788.867
772.342
766.62
785.933
799.125
891
833.333
750
762.043
782.356
836
814.493
779.033
769.407
792.02
816.549
817.427
791.745
769.637
776.983
800.615
811.674
792.475
765.631
762.229
781.367
796.09
795.716
777.213
761.92
769.046
782.913
789.73
782.892
768.327
750
759.595
769.876
781
775.602
765.327
796
829
832.519
781
750
757.725
769.585
775.786
767.186
756.997
761.242
771.232
777.042
770.487
761.057
761.35
768.115
906
804
787.397
787.066
799.794
804.583
786.286
775.879
783.244
781
780.958
770.088
767.764
774.147
779.704
776.547
768.345
765.298
767.025
805
803.227
796.674
836
837.605
832.494
825.259
821.182
816.943
811.974
806.915
803.895
802.033
800.256
798.584
798.07
797.882
797.367
796.681
795.734
789
792.152
792.285
796.057
766
750
755.609
898
906
885.092
869.352
861.141
851.961
839.608
797
788.276
787.848
795.52
803.394
803.51
800.024
820
828.572
827.315
815.299
807.918
807.393
813
813.176
750
758.092
762.03
769.616
769.611
770.038
774.226
820
823.61
816.662
809.443
811.526
815.207
812.136
806.168
803.987
805
806.82
805.18
734
744.994
746.155
752.058
754.222
756.589
761.6
767.665
774.271
777.267
778.976
780.692
782.232
783.12
782.314
782.533
781.668
780.105
778.606
937
782
796.227
765
766.934
766.078
766.46
768.247
891
863.235
846.362
845.353
843.593
827.309
814.837
813.685
812.338
1031
938
896.908
895.461
750
753.342
752.762
867
844
824.827
822.289
826.591
781
778.39
775.86
775.624
775.776
766
765.02
765.106
766.674
797
796.607
794.537
961
929.525
907.475
903.511
734
774
812
811.847
797.49
719
734.503
751.742
774.325
773.417
755.628
984
944.077
882.238
846.757
858.064
865.764
847.982
817.247
804
825.336
840.375
828.841
801.728
782
797.295
818.637
906
860.285
773
775.418
790.553
820.284
824.787
806.7
781.647
777.687
1070
989.345
909.588
844.405
843.093
878.631
893.009
858.492
898
922
797
813
829.121
852
839.052
815.323
816.168
833.879
843.056
823.123
823.462
834.749
838.68
765
922
828
823.634
824.539
735
789
782.103
779.146
777.065
785.291
786.298
784.596
783.178
758
776.031
758
766.425
758.963
758.771
758.176
759.063
761.12
761.306
761.84
914
877.629
861.168
853.62
846.085
833.878
821.507
812.063
806.692
802.592
797.989
793.752
791.415
828
827.793
820.515
813.92
810.635
805.738
813
812.879
813.54
814.776
817.225
818.484
817.208
815.898
851
847.216
843.198
838.434
834.511
831.641
828.976
826.618
824.871
823.631
822.45
821.393
820.546
819.911
819.431
819.474
820
819.56
818.948
818.975
823.603
826.896
830.373
830.894
831.826
832.016
922
902.527
892.353
882.966
876.587
869.277
861.209
855.235
851.733
849.115
846.398
843.566
841.726
840.797
839.423
839.616
838.27
836.143
834.764
835.384
838.885
842.146
860
858.268
861.525
914
907.668
902.015
895.334
890.197
885.186
879.51
874.416
871.181
868.653
866.18
864.094
828
835.1
835.039
758
771.25
772.905
777.677
785.201
796.502
808.723
818.324
824.257
828.663
734
749.659
750.118
750.819
797
804.425
806.056
805.003
803.823
802.07
852
945
931.556
908.527
890.671
883
873.244
859
797
793.626
793.516
800.402
805.669
727
734.791
742.171
754.472
760.972
761.933
768.792
784.043
800.401
806.97
804.099
802.618
805.45
810.045
805.87
799.726
795.911
795.034
795.117
792.521
790.318
788.733
789
788.096
914
888.225
875.188
865.649
836
937
919.742
898.09
876.353
870.61
875.256
873.327
860.945
846.249
841.274
850.082
857.224
851.539
838.667
742
749.675
820
789
793.653
791.946
803.217
766
781
784.065
787.775
787.441
787.059
789.596
774
776.519
776.452
776.793
776.162
776.364
774.235
775.746
625
677.423
678.268
685.325
687.677
692.47
699.402
706.699
713.244
718.076
721.718
724.737
610
578
593.894
594.485
597.681
600.613
604.204
609.669
614.488
633
638.813
644.043
648.093
651.511
653.564
625
630.334
628.361
626.942
626.335
624.913
1016
807.701
746.954
744.001
741.472
734.876
722.688
715.75
713.306
712.162
710.842
821
814.961
788.565
777.626
777.168
776.751
772.423
757.921
759.106
760.975
763.178
930
902.467
872.374
855.499
850.256
844.354
829.331
810.701
802.22
801.2
804.858
805.395
844
849.544
843.386
833.392
825.514
817.194
807.584
799.699
906
904.658
896.765
884.975
882.308
875.622
864.783
854.069
847.971
797
789
785.608
788.487
795.451
805.591
750
757.787
760.515
764.21
836
853.052
857.829
856.726
855.28
850.053
840.502
829.582
819.888
816.879
812.796
809.449
836
833.359
828.561
827.16
824.806
820.924
815.996
811.728
719
734.255
734.082
738.65
1149
987.789
924.595
923.482
920.144
899.279
945
942.173
924.183
906.742
904.756
903.966
828
827.684
827.226
827.055
826.4
825.941
825.58
833.216
836.475
839.661
843.976
848.325
1054
1011.18
983.445
978.505
974.662
956.804
934.199
925.811
923.351
919.641
910.274
904.451
1070
1044.42
820
830.75
838.724
843.921
843.19
853.378
877.691
892.74
891.997
891.764
901.323
901.91
888.404
884.125
886.122
886.403
883.213
880.139
880.618
881.393
877.971
875.362
873.274
727
747.59
748.529
753.095
758.454
766.21
777.164
788.154
796.172
802.341
807.897
812.114
814.654
815.363
815.133
815.091
814.637
1016
922
812
820.525
825.411
823.17
766
771.588
783.675
794.567
788.654
784.359
789
805.001
953
938
875.893
858.961
864.231
863.103
848.74
830.383
813
817.234
773
774.553
773.642
777.01
789
794.638
758
762.129
763.153
836
844.859
930
930.421
915.635
900.73
887.892
874.808
805
914
908.659
895.848
876.92
874.901
877.028
906
889.826
872.521
865.193
870.614
781
792.45
793.403
797.582
800.049
773
813
821.385
827.204
824.844
827.989
833.583
833.566
830.901
829.268
831.603
832.734
832.66
820
797
800.528
801.146
801.552
800.256
800.266
800.462
803.681
806.18
807.843
758
812
806.789
809.353
804.227
851
843.365
837.336
891
873.565
836
844.638
843.312
831.014
985
883
870.347
887.436
871.755
853.798
868.075
864.606
846.119
854.651
862.587
844
845.06
856.577
847.988
840.372
968
920.435
896.989
909.547
909.116
891.692
758
750
765
772.177
914
929.862
911.122
905.581
905.16
893.622
874.627
789
788.188
791.93
802.477
809.534
811.084
812.962
817.469
821.595
852
846.774
750
761.905
844
851.605
841.813
820.553
789
800.015
868
866.12
844.916
859
858.352
860.246
851.358
835.809
826.056
827.944
834.734
835.319
827.829
818.49
1047
988.258
940.175
918.206
917.257
910.74
890.956
871.374
867.114
871.169
875.185
868.833
858.863
858.542
882
886.124
876.027
857.216
854.617
852
856.392
789
750
751.247
756.408
938
931.614
912.856
859
857.136
857.356
854.42
840.994
992
982.147
945
913.867
909.195
910.897
883
862.051
853.855
855.633
859.914
854.843
852.769
861.476
869.417
869.529
861.673
855.091
852.954
855.066
805
810.653
813.202
817.971
820.064
822.929
906
945
930.593
918.765
916.25
906.583
894.102
844
842.317
845.967
850.359
846.427
841.537
847.206
852.397
851.873
846.328
841.539
840.801
773
780.063
780.659
786.052
791.304
797.365
804.645
810.921
814.59
816.808
818.56
819.925
820.342
930
913.635
900.863
891.578
888.234
946
928.581
909.878
897.977
900.059
922
937
916.303
899.397
900.89
908.82
912.612
900.161
884.109
885.705
895.811
900.949
893.893
883.077
881.04
888.272
894.643
892.263
773
787.66
792.301
805.262
811.193
816.127
828.592
914
923.926
910.547
895.844
781
786.212
788.966
793.98
773
774.097
780.66
792.519
798.655
795.261
794.381
798.97
804.712
804.743
797.626
793.343
953
935.662
903.496
882.95
882.016
906
812
816.31
819.053
819.865
906
896.783
878.957
876.453
878.164
868.832
852.617
841.143
839.363
840.299
906
899
888.192
879.661
879.186
879.306
953
930.159
909.928
898.598
900.228
902.724
895.18
883.231
875.876
879.789
884.314
880.249
852
891
882
883.644
873.137
870.225
874.048
877.518
875.907
873.021
820
899
888.581
887.266
868.742
859
870.546
875
868.949
858.369
860.907
869.029
872.443
865.557
857.536
862.929
869.315
821
834.9
838.18
841.748
839.424
841.473
846.734
849.727
848.612
848.514
850.15
914
898.59
890.463
887.54
889.856
884.645
877.514
871.52
871.067
914
901.934
893.245
889.007
890.704
886.993
880.207
828
844.494
850.001
855.43
851.101
853.489
828
813
817.476
822.863
826.778
827.399
829.056
937
867
828
805
811.037
816.289
814.144
811.195
816.091
824.361
827.421
820.082
816.375
818.421
819.3
816.155
811.134
807.732
883
873.279
863.954
856.098
789
797.51
922
897.829
876.316
855.056
853.847
862.137
861.399
846.567
830.288
827.534
843.627
852.622
845.763
774
843
861.834
864.094
835.098
812.621
827.227
848.643
853.663
835.218
815.818
826.481
852
856.132
789
798.017
851
858.115
835.826
797
809.86
831.149
838.747
817.411
798.938
860
1000
969
891.096
844
864.398
891.325
889.989
867
835.81
847.358
874.322
859
838.836
820.816
831.707
855.833
875
853.565
825.562
781
787.525
875
884.941
870.804
838.577
821.416
833.221
789
794.264
794.414
875
878.626
868.534
850.373
842.416
843.827
848.016
839.631
766
781
875
885.061
891
861.026
844.098
849.14
863.72
867.867
883
852.053
835.57
838.911
852.666
861.881
855.761
750
760.181
883
851
839.904
781
852
877.836
877.517
840.908
815.168
834.195
861.225
860.256
827.694
805.826
805
834.457
961
867
833.133
837.138
914
919.667
885.14
839.809
841.82
835
852.678
843.066
819.293
811.289
831.877
853.061
849.441
821.723
809.177
826.333
847.55
789
787.78
795.311
806.165
809.832
803.418
802.7
809.78
815.236
812.282
803.091
804.767
805
807.893
804.703
836
828.148
824.616
820.799
875
865.807
858.114
851.844
907
893.826
879.594
813
937
907.095
961
908.708
906.506
914.146
911.27
892.602
874.733
887.735
894.871
914
890.028
878.639
889.738
901.899
896.474
844
864.21
879.259
883.441
867.796
862.467
874.427
883.053
879.278
863.331
868.693
877.531
881.383
870.401
864.697
873.583
879.138
878.897
867.891
869.156
872.013
875.208
874.429
867
868.115
870.289
813
859
854.5
855.921
852.367
855.666
858.93
859.081
820
835.685
844
840.464
837.074
841.761
846.676
847.161
843.887
842.544
844.701
845.53
842.722
914
897.399
889.744
886.036
884.905
879.29
872.443
867.617
864.634
820
830.416
830.342
831.944
831.597
835.852
839.984
843.204
836
837.672
838.161
841.565
843.968
845.719
847.624
850.118
851.714
851.318
849.947
849.773
846.99
845.692
844.361
843.384
797
812.05
813.365
816.066
868
860.199
858.859
858.655
854.598
851.569
846.304
765
777.305
778.192
783.385
786.491
792.461
800.158
806.658
961
927.74
766
776.224
779.671
784.461
785.518
782
786.171
891
890.669
858.832
836.3
782
859
861.633
805
750
760.597
922
907.226
847.302
815.469
834.132
864.068
860
818.605
792.678
822.675
914
906
845.906
766
779.636
824.98
854.988
828.906
790.29
792.746
827.55
850.897
836.759
801.624
791.531
814.609
838.135
836
808.579
785.561
794.269
819.115
828.361
859
824.173
803.756
809.99
825.362
834.64
827.947
914
883
865.003
758
763.368
768.152
780.838
786.397
787.785
794.744
805.469
810.021
804.428
801.327
801.783
875
868.271
853.447
835.249
835.162
841.318
841.686
828.893
822.145
823.84
969
883
860.591
853.43
864.01
868.371
852.732
782
812
839.991
906
867.861
789
801.119
836.662
867
845.459
803.752
799.407
906
844
824.685
809.236
828.636
849.219
842.72
810.936
802.617
828.392
846.852
834.632
789
793.985
820.335
833.169
814.491
788.71
795.29
818.682
883
797
758
770.618
797.089
811.452
794.504
772.129
781
804.99
818.526
801.515
777.149
778.325
796.423
809.308
797.349
859
838.852
822.527
922
914
891.101
867.522
870.138
869.312
853.223
842.32
828
781
782.72
782.989
785.798
789.743
795.603
789
794.588
798.489
801.593
802.071
805.488
809.031
811.635
813.136
814.443
805
807.215
805.625
875
856.219
828
830.968
831.412
789
794.001
793.124
938
890.672
869.964
812
818.059
820.793
816.032
804.129
800.883
807.484
817.83
797
794.042
793.308
798.357
802.259
800.622
793.856
792.138
796.316
867
805
809.774
812.168
813.965
809.458
804.757
766
777.751
867
851.262
834.757
824.459
829.393
833.426
824.262
809.304
804.681
810.762
891
871.282
849.934
831.666
839.277
992
949.404
804
808.303
826.316
850.737
845.081
818.819
814.676
843.581
869.57
856.728
819.778
814.867
842.992
953
911.634
857.449
840.378
859.7
882.726
879.489
852.123
829.165
841.476
867.895
797
793.769
801.745
817.555
821
806.941
875
883.335
864.164
847.273
859.852
863.668
847.362
835.817
846.069
852.074
840.781
829.787
836.773
843.961
838.633
829.762
830.183
834.283
836.659
831.48
781
793.986
914
883
864.526
846.176
854.382
864.285
860.471
841.986
827.894
930
924.137
900.543
863.761
872.258
893.685
843
829.774
805
820.817
930
914.054
882.12
864.598
880.37
835
832.034
844
844.601
843.739
842.054
842.596
843.814
796
766
766.813
769.75
773.263
777.444
787.07
796.024
801.993
806.668
844
847.564
842.212
840.402
839.123
835.884
821
818.165
816.009
814.747
773
789
787.363
787.451
785.732
781
784.383
786.567
787.801
788.279
791.65
795
798.031
800.017
801.198
803.167
803.016
802.612
801.594
766
718
721.365
719.932
723.821
729.184
766
778.671
784.326
787.453
789.309
787.64
625
658.679
661.296
668.737
602
633
638.305
664
669.815
676.567
685.443
693.904
734
750
745.802
744.841
746.053
744.196
735.449
731.476
727
723.319
782
771.992
711
717.337
719.043
680
685.328
682.882
682.458
682.898
685.922
689.428
692.8
695.782
698.61
701.428
1086
910.967
852
781
776.571
767.984
1188
922
844.414
838.092
838.858
839.415
834.709
664
674.066
679.595
1118
916.75
1102
1007
875
870.044
884.978
884.52
847.992
848.001
860.541
860.773
839.719
833.994
840.391
984
900.617
847.929
847.471
870.598
874.152
805
804.143
834.253
853.584
835.776
875
891.734
774
786.359
803.026
806.348
899
878.531
858.368
742
751.729
752.767
797
805.895
807.397
807.905
810.955
816.755
742
766
769.031
771.524
813
773
771.631
1046
960.801
899.03
887.52
885.029
866.051
839.237
826.491
826.513
781
780.974
1031
956.304
900.055
897.163
903.059
902.601
880.107
856.427
861.453
872.295
871.155
850.959
834.173
843.873
796
801.747
801.979
801.465
800.282
804.577
811.448
816.32
820.159
823.537
750
765
805
844
890
882.915
872.72
862.665
854.425
875
872.02
862.301
766
770.243
774.458
789.033
797.765
796.835
793.88
799.687
808.008
813.977
809.528
797
799.478
807.625
813.663
812.344
890
882.325
869.078
861.733
857.808
851.602
843.965
837.936
835.199
832.647
829.511
826.618
883
878.131
758
784.218
788.957
812
797
798.927
781
828
830.754
823.18
815.714
822.076
827.096
823.457
810.821
867
846.748
781
852
831.579
820.982
819.13
828.379
818.25
922
884.225
863.447
872.946
992
984
875
897.848
906.298
885.488
859.888
874.871
888.089
879.231
855.872
868.933
885.425
876.864
851.134
865.139
766
776.984
914
882.059
861.515
773
820
891
887.651
857.191
823.921
826.608
855.963
868.25
849.748
814.926
809.076
837.421
859.064
843.55
814.298
805.358
825.469
846.35
882
856.436
828
773
782.756
883
895.301
878.032
837.84
814.217
825.064
906
913.609
894.267
850.722
828.189
839.683
865.061
876.553
862.986
833.529
945
946.083
924.554
880.35
872.304
891.524
902.029
766
780.258
792.837
808.607
807.741
805.913
824.572
844.479
843.921
836
834.9
845.293
882
870.034
875
812
844
851.481
875
850.422
837.93
839.432
847.466
853.153
847.217
834.555
833.456
841.298
847.376
846.774
835.371
773
789
802.033
813.897
812.074
804.165
803.131
811.285
819.985
822.053
781
787.136
795.103
803.972
801.304
791.613
790.865
798.494
805.642
803.5
961
916.339
890.893
879.044
820
817.422
811.684
808.388
836
840.335
837.429
834.883
833.744
830.169
821.901
816.037
813.552
812.017
811.044
1000
969.705
844
849.827
854.101
836
823.577
822.822
757
774
776.482
781.929
797
806.224
813.99
815.618
815.265
813.484
810.928
809.326
648
693.812
694.539
702.079
706.2
711.456
719.015
726.534
640
662.951
662.972
663.261
663.669
665.257
669.019
672.987
675.626
676.943
617
638.066
635.328
633.718
631.908
632.364
634.678
636.794
638.651
640.121
1039
842.87
779
828
826.75
803.665
790.216
787.878
785.494
777.515
703
743
742.512
741.827
734.555
734.097
1070
915.831
866.01
875.728
868
840.369
824.099
824.545
719
736.97
736.644
736.683
860
781
779.666
780.665
1070
955.362
898.807
897.161
896.604
886.044
858.412
839.393
837.854
839.274
838.816
830.506
825.549
825.935
827.123
828
824.381
816.799
812.957
813.682
711
719
717.153
719.411
725.502
735.034
746.772
1070
958.25
914.129
912.517
1016
994.267
952.11
919.945
918.136
917.988
904.287
873.586
862.199
862.622
868.6
992
957.047
922
906.427
920.102
836
833.823
906
922.881
917.782
906.653
913.521
917.545
905.236
888.052
887.706
893.388
886.477
874.692
874.174
881.325
884.55
882.315
874.894
877.244
875.25
876.728
876.511
878.891
852
859.928
864.61
869.234
866.639
867.12
869.897
872.84
874.024
872.706
872.904
874.132
875.028
874.737
873.513
874.21
874.186
874.627
891
885.139
882.731
812
827.531
1008
930
882
883.801
895.386
895.048
876.24
861.322
867
886.672
887.446
866.368
914
920.963
908.418
882.24
888.186
852
804
810.469
817.781
825.641
830.959
840.635
850.74
853.394
850.675
812
818.568
822.771
822.695
819.07
819.942
859
863.728
859.7
890
886.73
878.905
872.402
867.821
863.195
858.101
854.314
852.993
852.142
906
896.084
844
854.952
858.162
1015
951.288
852
865.478
883.195
886.744
867.446
846.089
862.626
859
862.769
844.252
883
896.138
889.83
861.356
868
884.045
883.666
854.175
853.717
872.265
876.528
864.07
821
836.954
850.32
854.97
841.719
859
867.065
961
961
923.335
907.629
914.12
921.17
910.96
891.816
885.464
851
858.53
865.452
866.62
852
851.871
858.617
866.952
869.737
863.83
843
847.87
854.608
858.611
855.286
851.605
854.137
859.843
813
824.391
826.376
829.975
828.144
830.056
833.462
836.763
945
921.758
908.52
907
901.184
890.68
930
915.82
904.742
898.448
898.342
892.498
884.964
880.021
878.865
877.379
851
858.709
882
878.879
781
803.208
835
842.932
837.303
843.013
859.329
864.743
854.388
850.45
688
716.959
640
643.293
642.988
643.554
766
787.846
796.487
1148
1040.28
984.273
981.863
890
863.324
841.651
828
819.616
816.67
815.406
813.676
812.18
809.487
805.456
801.845
799.774
797.582
795.499
795.86
797.527
798.821
800.034
789
791.833
794.335
798.044
977
931.217
915.516
911.145
903.915
890
873.039
863.473
860.243
858.032
938
930.79
797
836
849.982
852.842
835.622
825.629
833.975
849.55
849.346
837.611
841.513
857.038
862.208
875
875
866.203
864.372
863.553
922
922
907.138
813
822.157
829.53
838.207
834.534
827.749
750
759.866
769.396
787.373
796.566
789
786.879
797.175
815.42
825.909
819.865
808.601
806.598
898
896.016
789
796.657
807.364
818.069
807.658
794.894
774
787.895
875
906
868.925
834.709
860
906
905.572
859
830.166
838.352
862.182
875
858.013
832.23
829.468
848.432
860.05
969
907.91
813
820.021
844.911
868.931
797
790.233
800.203
937
916.716
868.064
837.123
856.358
886.265
884.834
844.05
818.621
839.6
871.4
874.274
841.77
816.555
829.267
859.389
869.709
846.663
818.208
813
832.446
845.754
840.524
821.86
809.385
804
819.487
826.85
822.502
809.169
803.694
811.821
820.94
824.864
817.757
811.592
812.318
818.072
821.308
818.945
815.258
813.969
817.156
915
899.06
885.367
872.214
844
841.542
922
910.248
893.98
874.994
870.132
890
892.35
879.416
861
853.828
866.09
789
765
766.027
770.962
779.632
788.002
799.782
811.525
820.562
825.734
829.067
831.684
831.465
830.103
821
821.584
820.701
781
784.717
785.51
784.09
783.103
783.358
784.949
786.294
787.418
788.87
791.415
828
826.571
826.378
826.713
827.357
825.393
822.56
819.433
816.954
813
810.484
808.079
806.078
828
821.692
820.513
818.473
816.854
815.662
813.059
859
852.193
847.782
845.011
841.82
812
817.801
815.093
813.268
789
797.922
798.77
801.083
799.717
802.337
805.448
807.72
807.929
805
805.653
805
808.301
809.601
809.24
811.285
810.711
875
865.476
844
843.456
840.741
835.725
829.314
824.57
823.036
821.619
819.131
922
902.533
813
830.39
837.725
832.146
818.264
817.26
830.598
833.281
823.003
758
777.121
791.445
800.785
898
861.114
839.52
838.596
847.411
853.2
841.105
825.302
818.115
823.245
830.634
827.847
817.083
810.491
813
819.885
820.334
812.059
803.099
805.89
890
886.173
876.056
860.081
854.961
859.337
858.004
789
795.472
945
919.156
888.216
797
814.036
845.995
857.548
832.999
803.588
812
851.348
875
848.196
844
842.619
868
871.931
848.178
822.873
773
780.485
794.087
806.421
802.86
792.616
790.619
799.334
808.787
929
902.224
880.213
789
789.39
821
840.324
839.202
819.954
799.714
883
898.866
884.713
844
826.389
842.985
862.203
860.684
834.24
810.578
820.407
758
767.777
770.88
774.588
890
886.564
870.525
797
796.62
800.651
805.289
789
785.468
786.624
793.69
797.811
797
789.462
785.566
789.011
793.537
813
804.528
836
839.179
835.964
834.196
829.409
825.75
821.93
867
781
774
775.159
774.642
776.337
780.924
786.143
790.318
793.294
795.124
796.709
797.315
804
803.822
789
766
772.439
774.543
776.34
775.655
776.208
777.222
778.253
778.583
777.659
777.053
777.146
777.414
777.744
777.631
778.236
778.239
780.75
780.619
780.457
789
784.505
783.991
782.918
782.146
781.567
781.553
781.624
781.873
782.023
781.548
781.23
781.714
946
893.168
828
832.419
831.142
822.088
890
870.179
851.797
846.135
847.151
842.841
829.67
819.17
819.283
825.314
825.628
781
786.604
798.555
805.114
800.808
796.423
796
802.601
976
927.722
851
847.573
854.877
862.269
945
902.073
869.112
863.252
876.301
887.093
873.744
848.83
839.823
857.598
877.321
874.766
849.786
837.41
849.097
866.796
869.663
851.761
906
907.158
902.237
773
789.566
797.172
810.998
810.019
808.106
820.619
859
860.67
843.704
836.175
828
828
875
862.716
845.211
765
773.164
785.523
798.585
798.325
797
836
852.414
849.888
835.968
828.159
833.924
938
804
808.147
817.621
812
804.908
802.072
816.497
820.117
810.662
808.614
817.374
818.686
808.943
844
836
805
818.02
821.067
809.558
809.025
810.353
810.382
809.012
808.539
808.696
808.717
808.177
807.501
828
822.027
819.862
818.763
817.778
819.82
812
812.999
812.971
813.488
813.187
813.02
883
869.612
862.123
856.106
852.044
847.06
840.966
835.93
797
805.923
805.566
808.05
805.483
808.268
812.135
815.318
844
789
799.561
801.836
804.282
859
849.26
844.561
843.367
842.288
837.643
828
805
808.766
807.454
852
839.605
833.512
831.006
813
816.348
813.052
810.053
806.063
804.322
807.91
774
758
758.956
761.132
765.27
768.617
773.415
922
903.454
888.165
813
814.861
812.549
806.171
795.961
788.968
789.176
795.694
800.169
795.543
782
812
819.237
818.695
805.075
798.424
802.518
807.843
806.831
802.524
801.722
803.328
804.607
852
842.311
834.794
789
794.787
799.17
803.527
798.61
795.545
796.682
800.963
803.428
801.083
798.35
743
789
792.551
798.68
788.623
789
791.908
798.89
798.797
793.285
791.608
792.994
795.474
813
802.302
798.793
799.391
801.607
890
864.938
844
838.161
837.527
833.393
825.756
813
811.642
813.13
813.264
809.273
781
787.562
792.174
797.654
793.665
788.108
788.16
859
865.769
859.303
847.805
843.055
845.013
842.081
765
773.858
779.202
930
888.969
860.514
851.855
813
813.188
813.163
810.411
789
785.973
786.877
773
774.423
766
766.196
766.979
768.956
769.694
769.659
771.06
851
853.922
846.703
843.683
820
814.161
836
830.902
824.028
813
810.775
810.857
808.829
803.473
798.656
798.247
798.698
798.875
765
771.786
775.143
781
782.15
784.009
787.947
791.12
852
848.498
840.814
797
800.263
828
829.746
820.591
807.748
805.389
875
873.668
858.145
833.691
831.745
842.157
848.425
837.793
819.397
813.438
827.438
836
820
809.904
806.892
817.865
824.933
820.354
810.664
805.737
875
880.018
869.627
849.607
891
897.984
888.45
867.545
861.58
867.778
872.079
862.213
850.309
852.557
858.754
862.011
853.317
843.487
758
769.045
774.262
786.252
794.022
799.235
821
838.877
846.063
844.724
841.98
840.949
868
864.339
820
824.232
766
770.938
771.736
773.277
774.459
778.727
843
847.3
841.071
837.784
838.36
835.062
828.157
822.067
819.912
818.905
789
792.854
795.083
836
829.742
823.675
836
833.771
829.6
823.855
750
760.885
761.771
766.587
768.753
772.218
778.3
784.976
789.573
789.68
788.294
789
788.982
790.346
790.424
791.318
792.644
792.034
805
758
766.767
781
777.585
775.348
775.748
743
773
867
849.311
833.705
822.872
822.955
825.299
818.326
806.301
798.18
798.947
803.994
844
831.144
817.746
811.49
797
803.945
891
874.733
858.091
844.827
843.293
847.392
797
794.476
821
826.782
820.733
812.545
816.221
823.202
851
834.682
812
817.497
826.208
829.144
823.51
817.592
820.764
827.216
831.352
827.258
852
843.176
789
774
812
860
849.714
834.632
789
797.169
806.257
811.851
804.84
794.419
794.761
803.52
812.696
811.796
798.83
787.927
793.545
805.5
810.404
803.154
792.305
793.799
801.853
806.379
804
800.19
799.022
801.803
804.158
803.621
801.228
800.383
801.33
802.465
802.554
801.067
801.434
802.118
797
798.99
799.1
799.509
875
805
814.845
815.675
836
822.753
821.131
820.595
817.195
813.375
810.613
809.945
809.051
807.817
806.683
807.662
806.166
805.623
828
817.172
929
860
804
814.253
815.304
859
842.283
835.04
835.936
836.856
830.153
820.518
817.976
819.417
813
812.866
810.585
808.964
808.559
789
793.965
796.207
797.56
797.96
799.692
804.026
807.909
810.965
812.399
774
784.828
867
797
802.112
806.913
808.662
803.309
798.354
799.96
800.468
798.018
796.308
796.477
797.403
774
784.603
787.32
789
785.448
783.451
785.946
789.478
789.03
788.631
790.101
791.611
791.671
791.136
790.631
790.941
791.096
791.032
791.051
790.643
789.258
789.785
907
878.806
813
820.53
821.76
816.391
806.951
803.333
806.616
807.998
803.613
844
836.711
827.372
823.564
825.415
823.886
814.753
789
802.741
807.648
805.825
803.161
765
776.745
875
864.336
848.356
790
801.322
821.851
832.435
766
768.787
784.716
801.542
795.675
774.236
789
807.097
813.364
790.136
772.255
784.275
800.909
803.585
783.074
804
821
821.927
806.175
794.123
799.567
805.815
803.595
930
890.493
865.75
857.5
860.629
875
857.342
842.292
840.927
847.566
867
854.485
840.32
838.149
844.862
899
881.125
857.213
813
827.285
847.482
883
869.721
846.805
833.436
843.29
857.247
828
758
761.737
770.091
788.169
794.949
788.9
820
841.464
860
843.3
830.793
835.721
844.423
844
831.021
823.333
826.048
832.399
834.087
825.411
820.713
822.225
825.133
825.851
821.97
817.918
819.531
822.766
825.947
825.062
824.805
825.777
805
811.649
811.679
813.118
812.067
813.966
816.746
817.466
817.784
797
804.201
804.231
806.192
804.033
804.169
807.255
809.082
809.253
808.497
809.013
808.504
808.393
812
810.51
810.5
810.479
810.805
811.102
810.581
808.881
829
821.961
821.034
805
766
775.389
776.723
780.045
780.889
784.79
828
831.448
828.766
823.482
821.79
819.694
815.273
860
852.358
821
742
747.452
751.544
757.343
761.116
766.018
899
1039
987.411
947.037
936.011
924.038
901.82
859
842.282
840.062
845.726
847.327
841.238
840.421
842.076
842.611
838.126
828.744
821.148
819.924
820.906
875
883.138
885.319
882.754
882.452
881.556
875.774
869.833
864.83
861.173
858.155
854.92
852.659
851.807
851.546
938
930
882
886.817
887.571
726
748.601
750.797
754.718
760.308
771.874
1094
994.001
947.842
949.257
843
860
875
871.98
765
774
783.012
794.082
792.66
790.994
773
777.099
781.091
780.719
796
795.856
802.765
809.008
811.727
812.069
808.439
806.005
805.147
805.84
802.68
800.062
798.013
797.485
883
869.831
863.233
857.847
854.973
883
876.279
865.076
857.113
854.979
851.749
845.695
773
785.645
788.598
797.701
796.849
883
885.463
873.484
873.06
876.808
868.311
858.286
854.454
854.042
849.043
843.966
843.475
843.479
840.835
837.797
835.685
833.551
830.923
828.125
828.885
832.762
836.081
839.935
844.121
848.081
850.781
852.243
852.531
852.423
851.726
850.104
849.483
848.76
847.242
845.949
804
817.816
817.627
819.15
817.725
820.991
824.605
827.909
805
813.172
821
820.413
819.168
820
823.013
825.254
843
838.721
782
798.865
844
837.642
859
841.418
837.135
839.746
843.91
852
843
835.041
833.628
750
797
801.604
836
822.584
808.85
808.765
814.006
821.114
836
825.394
819.5
818.674
822.783
781
789
791.382
793.739
789
790.389
790.975
793.426
852
846.159
839.367
836.141
820
819.369
815.268
812.732
810.602
809.28
809.079
808.596
821
816.615
813.943
811.843
810.263
808.616
805.981
804.117
992
953
928.633
920.488
805
867
860.435
846.473
826.706
825.013
837.587
848.028
821
816.562
823.369
837.863
838.499
824.121
819.242
833.783
841.065
835.152
814.881
821.69
828.988
834.194
829.069
823.098
825.87
830.672
833.632
830.132
826.988
826.696
829.278
830.721
829.693
828.41
828.305
829.156
829.936
829.661
828.673
829.183
781
795.417
859
847.019
838.674
836.922
821
823.187
859
850.891
840.399
834.187
836.89
841.529
837.025
827.747
823.344
832.152
812
818.545
804
808.919
811.567
890
876.066
797
883
872.082
812
828.532
833.312
852
829.014
781
802.85
813
890
848.347
813
833.248
851.644
836
813.098
807.67
826.872
781
786.572
791.486
795.849
797.433
797.098
798.94
802.738
801.506
798.316
798.852
801.907
802.069
875
863.116
782
799.534
891
870.509
847.23
766
783.932
796.971
859
833.885
806.729
805.857
781
795.533
801.991
798.277
780.153
773.288
783.607
801.62
797
786.435
775.667
829
835.061
828.401
765
782
796.175
802.575
789.155
774.105
782.548
795.19
914
860.727
824.901
812.297
825.027
841.991
839.405
816.68
781
789.986
813.448
825.984
814.316
790.84
783.222
802.387
822.412
821.599
799.024
778.733
797
814.29
821.339
914
865.023
836.748
828.261
834.945
846.02
843.522
828.693
811.807
812.43
821.06
827.813
820.132
774
779.927
790.087
803.087
805.649
790.283
828
842.713
846.41
835.276
825.545
828.842
914
898.13
875.194
854.824
858.614
868.246
898
876.857
858.269
855.276
863.285
843
839.337
832.676
834.44
839.499
843.11
813
815.915
821.499
829.216
827.771
824.375
827.181
804
809.631
811.577
813.921
812.29
812.2
867
865.521
789
806.512
812.083
810.743
803.115
806.907
811.515
810.991
805.373
807.267
811.12
810.289
805.575
805.101
807.494
807.284
804.956
782
791.063
793.303
794.114
793.125
789
792.809
890
875.882
864.125
853.581
849.724
843.804
835.495
826.567
821.829
820.52
820
816.718
812.757
809.97
808.813
898
867
820
825.329
774
779.479
779.022
780.782
783.7
789.519
795.665
828
828.501
824.364
821
906
892.539
851
774
782.21
789
793.385
785.861
786.93
795.489
804.032
801.107
792.298
792.197
799.149
804.156
883
862.287
842.932
834.494
838.643
843.516
833.869
825.005
805
807.835
810.957
811.823
820
814.155
811.738
812.022
814.344
812.65
808.521
804.517
807.333
810.568
811.963
811.569
812.684
814.647
781
792.421
791.618
836
824.925
820.985
820.9
820.081
819.075
814.49
844
838.531
750
789
790.776
899
828
773
789.829
804.304
806.496
791.41
783.487
800.31
818.666
816.682
792.581
784.867
805.201
820.3
1032
883
838.865
843.813
852
852.168
822.168
758
804
837.507
851.063
814.337
787.49
789
820.628
834.601
814.784
783.647
781.864
805.111
825.104
818.872
795.874
781.827
793.677
812.579
817.546
805.112
786.271
783.019
867
874.602
860.96
789
785.689
806.756
827.868
826.316
803.017
851
860
856.116
812
774
786.97
808.298
815.176
798.307
782.31
765
778.376
791.057
793.165
783.318
773.89
776.752
786.758
796.053
781
860
849.6
906
887.541
781
782
785.501
836
829.763
815.522
807.897
812.932
822.989
820.939
807.411
781
784.941
883
881.136
858.269
766
774.28
801.941
829.841
821.621
794.634
777.685
914
924.196
883
833.332
797
825.396
853.383
867
804
784.252
801.069
945
911.686
828
798.642
817.081
891
894.518
852.994
805.601
813.854
856.905
851
828.787
773
781.69
818.653
841.711
821.423
787.69
784.906
810.585
832.097
824.663
789
778.112
828
847.792
841.492
804
787.865
773
793.883
804.396
799.698
783.131
772.202
781.482
795.685
801.448
820
801.835
786.245
786.461
794.102
801.57
799.784
860
847.641
838.3
830.034
824
820.234
814.933
809.045
805.961
821
836
829.115
824.499
824.566
822.413
820.627
816.503
812.518
810.018
875
871.242
866.24
858.661
856.105
852.103
846.744
840.086
804
810.539
811.427
815.232
813.024
813.225
816.818
820.052
821
818.157
789
794.567
797.467
801.731
797
799.044
802.652
867
864.504
855.86
847.139
843.151
789
793.897
791.872
792.668
792.776
794.905
798.676
801.38
828
774
783.872
844
835.555
859
849.673
789
844
844.669
837.649
818.971
813.658
821
906
873.809
849.592
781
800.244
852
858.687
836.979
807.292
812
844
857.027
841.262
811.205
804.925
827.039
844.122
839.242
813.319
795.562
807.274
829.927
836.796
825.172
803.467
774
786.043
937
913.878
882.657
834.678
805
823.645
853.539
796
781.518
780.559
796.928
815.51
815.078
794.933
786.684
867
880.747
858.504
823.897
818.637
835.504
847.337
835.568
899
872.772
857.066
750
758.201
763.652
851
857.02
836.885
818.097
1086
1026.81
860
849.641
865.787
876.568
852.669
823.939
834.423
953
860
833.775
837.913
864.47
868.274
765
774.998
860
869.654
813.725
795.218
805
835.544
831.436
793.136
790.138
820.99
867
907
844.342
828.342
849.744
868.902
862.525
852
825.419
833.711
850.387
856.89
844.768
821
816.832
844
867
859.212
836.35
812
822.808
843.508
850.843
842.39
823.689
815.426
826.445
838.052
842.389
832.554
813
914
914.59
901.003
868.714
859.923
914
916.858
804
816.065
832.925
844.333
831.122
814.477
830.768
849.012
851.263
826.459
818.3
836.801
718
750
756.364
761.394
727
737.221
746.412
754.897
755.008
757.532
764.819
770.116
770.201
769.92
771.378
774.009
594
672.646
680.775
689.348
687.818
570
563
562
571
573.029
574.761
576.662
580.703
585.545
590.272
594.74
598.542
633
637.158
638.42
639.58
642.327
643.524
642.799
883
787.661
761.166
749.352
739.777
728.707
715.959
703.794
694.734
688.288
683.029
789
787.776
766.262
746.504
742.184
741.592
739.478
730.492
797
812.244
810.118
796.865
790.058
788.205
785.266
776.542
828
823.447
811.218
797
797.981
799.296
793.136
785.723
836
1039
977.737
931.519
968
1157
1015
967.919
974.321
975.784
947.8
914.688
774
828
866.398
887.283
861.549
841.715
856.628
914
914.183
887.102
864.789
820
829.815
845.171
851.482
841.947
813
811.087
830.012
850.392
852.575
836.975
821.175
937
944.039
926.041
885.482
876.262
891.547
773
781.909
829
836.58
829.873
822.458
914
914.927
885.913
868.871
882.38
882.773
844
839.75
852.823
859.8
843.625
830.253
937
917.996
888.16
868.304
890.175
895.475
872.061
851.991
870.059
881.813
870.324
781
796.474
817.389
832.01
817.25
804.598
825.045
797
795.889
796.601
802.991
808.659
867
864.158
852.235
805
813.468
821.727
825.367
813.259
807.56
810.923
815.691
814.205
808.589
804.28
807.023
810.622
813.068
820
867
857.014
852.383
847.73
847.381
844
838.722
834.341
832.026
859
852.348
847.332
844.576
820
758
761.528
762.252
767.515
774.421
785.701
799.846
810.708
816.467
818.896
820.437
820.032
817.598
781
750
750.681
751.909
756.777
760.315
766.364
770.081
771.947
771.967
770.875
769.656
768.61
768.705
769.924
771.382
772.703
773.202
772.59
773.789
772.453
769.347
768.279
767.156
766.455
766.634
767.019
767.909
768.879
769.716
770.3
770.637
770.725
770.792
770.935
773
772.77
773.174
773.234
984
797
742
745.489
747.755
748.478
750
756.527
789
793.297
787.205
786.415
788.79
860
837.341
809.757
813
820.025
819.256
797
795.617
800.746
802.975
796.741
790.296
792.478
795.863
891
864.891
750
766.559
776.637
787.396
782.859
774.276
780.597
792.466
799.764
791.566
781.566
784.462
792.839
794.765
781.28
805
750
762.866
767.14
768.418
797
758
765.5
768.113
937
813
811.585
773
776.26
774.786
772.282
769.743
796
800.994
798.926
792.144
788.937
787.801
786.006
922
953
914.529
882.057
879.269
876.801
865.143
828
821.167
822.123
828.446
844
839.706
832.179
831.664
836.491
765
768.925
769.356
776.368
780.49
787.206
758
764.522
767.412
771.517
774
774.897
778.242
781.498
783.726
774
775.879
775.474
743
751.426
749.594
749.861
748.888
750.491
753.221
1078
931.982
882.712
880.719
875.325
851.416
826.339
818.42
774
789
790.066
791.007
789.536
788.911
883
880.486
862.516
765
769.181
852
865.323
852.464
824.248
808.736
823.314
843.306
843.713
822.336
867
868.851
861.899
838.596
827.076
835.541
774
777.654
828
826.733
774
784.887
798.199
800.833
788.367
790.926
766
772.079
773.659
772.624
782
804
805.111
800.371
794.331
797
796.545
793.573
791.039
790.84
790.259
790.518
790.094
789.726
790.138
797
794.994
794.148
792.709
791.698
791.441
794.476
794.812
795.481
795.997
727
745.927
747.08
750.389
751.797
711
724.667
782
786.199
778.847
742
719
727.73
740.085
774
773
751.15
734.245
736.244
751.339
762.425
761.006
745.645
728.726
728.932
703
711
714.536
718.231
718.327
718.205
718.885
720.432
721.102
721.571
721.644
721.582
721.324
721.033
721.202
820
808.645
797.685
782
776.475
735
732.442
726.781
724.722
725.599
727.406
729.927
731.726
758
759.353
789
781.948
773.994
766.288
759.05
756.871
754.044
752.06
750.828
750.323
749
747.597
746.15
745.306
745.108
734
735.301
719
723.235
723.22
726.074
728.615
731.903
735.475
739.412
741.517
742.676
742.956
742.931
742.623
742.337
742.258
742.298
742.255
742.181
741.766
741.628
734
733.771
732.935
732.379
732.805
733.706
734.799
797
774
771.193
768.568
773
767.957
762.541
758.467
805
796.296
805
796.405
766
768.948
765.402
763.304
758.61
755.704
781
782.946
784.691
780.065
777.399
805
804.394
798.378
791.639
821
819.112
812.729
805.049
805.276
804.618
801.867
796.203
844
834.78
827.722
823.362
823.32
734
753.718
754.898
757.419
759.145
764.756
771.278
776.831
742
752.304
754.193
735
740.137
740.994
742.8
745.234
747.535
749.57
751.381
751.594
750.679
749.805
742
727
731.604
730.374
731.744
790
734
719
726
726.266
725.786
758
757.119
755.7
755.575
750
747.23
742.604
738.635
735.665
735.591
733.909
732.65
731.14
730.189
782
776.369
770.66
766.258
750
749.242
745.188
805
799.375
791.837
836
836.166
825.04
815.793
810.62
797
791.128
784.924
726
743
742.144
746.216
746.48
750.907
755.515
759.188
761.644
763.959
765.409
804
804.42
804.334
804
804.037
802.161
797.846
793.143
790.512
787.381
784.624
782.16
780.105
778.61
777.403
777.325
777.235
789
784.55
784.389
789
791.168
793.375
793.465
794.477
794.598
794.62
805
800.655
799.841
797.935
796.891
796.127
750
763.874
762.776
763.936
703
718.723
722.385
727.832
730.46
719
735
741.408
745.293
743.166
745.038
749.894
752.804
751.011
747.907
749.349
828
815.797
803.881
796.664
795.617
961
904.597
867.687
849.261
847.986
847.975
837.166
820.259
809.901
812.301
823.073
804
794.918
820
774
780.209
780.529
780.429
789
789.316
792.445
795.496
798.331
750
760.447
760.163
759.98
759.783
762.162
765.463
768.11
769.666
769.094
771.301
770.585
771.367
770.449
770.049
771.564
771.568
742
750.094
828
836
822.87
813.561
789
786.547
782.57
777.773
772.502
768.784
769.231
772.001
774.268
771.383
767.868
727
732.764
735.08
758
761.915
812
823.389
750
761.286
761.126
760.503
844
867
850.641
835.62
825.946
817.09
813
802.75
789
766
766.389
770.175
775.783
777.425
776.128
778.756
781.308
782.732
779.298
774.666
776.745
778.631
780.433
780.953
828
827.962
824.166
766
774.485
773.682
772.97
768.827
789
766
770.487
771.218
772.32
770.725
768.981
769.301
770.484
771.364
734
696
698.732
773
769.579
769.026
743
747.113
753.743
760.134
757.169
859
766
763.529
764.401
770.621
767.433
735
739.244
749.278
680
656
660.759
662.203
664.363
668.024
674.188
860
810.338
785.99
785.95
788.398
776.771
761.688
749.923
743.428
738.424
731.891
725.263
723.94
721.15
781
765
755.266
749.398
813
803.931
795.053
788.195
790.543
750
752.726
843
828.293
810.33
800.035
810.032
811.462
798.102
784.842
790.95
782
778.391
836
824.079
813.9
808.955
750
762.229
763.91
820
828
821.229
816.074
750
756.887
875
869.805
853.202
758
759.999
778.721
803.142
807.008
786.086
760.406
760.681
782
803.958
802.458
775.434
1101
994.277
900.354
781
780.591
766
769.447
768.667
768.702
750
797
821.888
820.311
797.202
790.422
791.721
758
756.729
755.501
754.93
755.746
756.202
757.514
760.317
761.671
761.72
761.626
789
898
888.806
878.761
870.797
864.074
789
784.528
882
877.395
860.101
843.291
845.246
758
761.695
762.088
764.866
766.648
768.487
773.695
782.475
788.845
791.647
792.306
792.291
792.627
788.304
785.82
787.342
788.308
788.836
773
777.948
1102
950.107
895.998
894.355
890.748
789
788.648
788.59
789.231
774
774.472
773
775.366
774.778
774.253
812
774
773.611
773.153
772.267
772.673
773.907
750
754.13
755.074
860
841.656
830.934
826.047
823.999
817.166
808.283
821
814.056
757
790
788.929
937
887.188
856.8
782
784.914
789.435
859
856.634
839.94
816.804
766
771.491
906
915.294
881.251
825.157
795.566
808.954
847.999
864.435
849.518
812.087
790.536
799.412
829.33
848.634
773
813
804
809.185
804.369
793.91
793.453
800.855
806.996
801.512
792.005
891
882.435
865.928
844.665
821
826.203
812
806.417
803.226
804.532
807.053
807.586
906
896.206
880.325
766
775.048
883
859
839.016
816.449
815.432
835.697
847.264
834.506
809.115
802.219
822.486
875
861.659
742
756.697
797
1070
961
867.465
829.69
850.566
899
895.001
845.362
805.415
818.544
870.415
894.221
797
786.739
810.506
854.984
854.296
883
914
781
787.115
801.915
816.85
817.515
796.888
784.604
799.292
726
732.357
773
782.178
766
734
741.235
750.235
754.614
748.311
738.802
743.095
828
830.819
821
797.495
793.067
803.615
820
808.359
790.902
780.522
785.318
794.851
867
843.154
922
902.837
880.901
863.113
851.906
828
820.296
813.961
811.651
758
763.156
764.137
768.718
771.307
777.158
844
849.498
842.661
842.038
845.036
758
764.883
764.892
764.716
765.062
812
820.964
813.134
813.961
814.693
808.508
801.914
796.97
793.059
985
926.537
896.437
766
771.145
772.186
775.623
775.865
774.684
776.635
789
828
835.162
819.111
800.745
798.871
805.323
750
750.792
751.174
755.31
758.317
760.121
763.215
938
903.458
876.693
863.396
859.834
847.242
829.449
815.41
809.292
742
727
734
766
786.039
796.933
803.747
809.403
810.291
1015
977.586
946.434
926.29
914.113
896.835
875.453
855.46
840.106
832.99
832.671
831.493
829.887
750
754.315
755.684
760.148
763.319
764.804
780.306
796.149
809.412
817.193
820.525
823.796
825.943
825.263
822.347
805
806.022
803.723
781
785.08
781.423
779.379
777.564
777.383
777.469
777.818
779.009
843
838.246
742
761.141
764.439
953
883.977
812
811.461
817.68
818.518
802.397
785.371
787.573
742
750.736
753.608
756.76
755.96
754.868
755.055
758.094
758.989
758.133
757.522
760.018
761.915
764.049
1109
965.33
907.004
902.525
897.326
871.733
842.592
833.23
831.487
830.533
758
758.738
759.75
762.358
762.104
762.117
764.359
765.608
765.15
773
781.084
787.099
791.2
828
833.141
832.673
832.132
813
811.875
808.425
804.957
800.736
797.865
757
761.754
759.465
761.381
719
725.867
726.876
696
702.497
703.939
707.198
710.406
715.251
720.733
725.533
729.628
836
821.837
781
742
743.238
741.276
736.243
731.11
728.005
729.07
731.006
728.847
725.468
722.565
721.224
813
851
833.487
811.422
801.036
795.295
789.715
781.777
774.38
768.792
765.47
764.312
763.234
789
791.335
786.553
780.305
742
741.786
738.488
740.235
742.343
745.451
774
781.427
785.234
783.91
782.419
779.094
775.067
770.389
773
770.457
769.84
768.89
768.511
767.93
766.788
766.468
766.172
765.605
764.841
763.743
757
719
736.991
736.59
739.765
741.009
744.473
748.598
752.184
742
745.53
745.421
746.495
745.489
744.884
744.947
781
899
879.605
860.847
844
832.092
820.447
809.202
799.742
793.152
789.249
787.368
785.473
782.936
779.549
775.292
772.447
769.127
764.863
761.029
760.909
762.611
764.795
767.29
770.203
773.5
777.038
727
743.943
743.903
746.351
744.279
747.281
742
746.276
867
930
908.506
885.439
872.467
858.287
843.641
829.335
817.468
810.4
806.171
802.602
799.968
796.652
793.092
790.458
743
744.37
743.757
748.259
751.943
758.015
766.115
750
753.666
755.055
757.641
759.566
761.5
764.14
766.275
767.624
767.533
773
805
801.564
797.983
805
802.66
799.428
795.313
792.254
781
781
778.151
719
731.377
867
837.03
821.342
817.209
818.862
812.621
802.251
792.724
898
883.972
862.283
843.885
851.353
852.739
836.756
818.82
819.645
830.496
832.004
816.532
750
761.231
772.926
786.968
784.918
772.106
750
761.249
776.485
787.161
783.768
945
917.256
742
750.165
755.226
762.747
762.904
763.52
772.165
781.702
780.742
766
766.24
769.959
758
755.114
753.979
754.093
753.957
752.556
752.69
754.294
754.406
820
814.545
809.544
803.453
836
859
849.484
837.931
831.875
829.975
824.63
817.079
781
782.828
852
850.844
922
895.345
875.589
867.231
863.639
859.479
849.967
766
768.509
771.12
782.094
793.334
800.967
757
762.394
768.518
776.168
742
744.091
749.751
756.773
760.392
761.674
764.067
767.997
742
746.793
748.455
750.644
748.408
747.543
750.438
753.762
753.42
752.724
752.473
753.424
752.675
805
799.678
795.634
766
769.19
768.859
767.119
761.527
758.005
758.344
759.573
759.55
804
799.864
792.702
867
861.778
848.569
837.377
758
764.779
813
806.981
781
783.934
792.641
795.72
820
805.464
798.807
799.748
781
782.421
778.763
777.861
779.404
781.07
782.142
783.081
780.894
780.436
781.063
781.82
782.052
782.216
782.471
783.524
786.64
787.563
787.893
788.596
787.534
664
692.454
656
660.688
640
643.961
645.083
650.11
656.487
663.894
671.722
664
671.364
674.713
677.942
656
661.966
661.547
661.406
661.082
660.533
660.747
661.17
660.894
660.187
601
621.538
618.875
617.953
616.665
657
658.496
662.562
665.158
664
672
668.422
665.741
663.015
757
736.878
724.574
717.769
717.915
713.341
707.512
701.279
697.175
694.664
693.179
690.305
687.971
686.477
685.308
684.795
683.458
681.591
679.543
679.133
681.161
683.369
977
945
904.672
886.975
870.426
845.34
817.915
794.359
777.222
766.58
761.722
760.542
759.78
758.989
758.346
797
803.571
797.666
790.842
791.412
793.539
794.246
793.103
792.051
792.842
794.517
793.99
828
826.269
1039
981.401
950.162
939.062
926.155
903.384
882.258
870.634
866.132
863.898
861.095
857.627
856.421
836
834.563
852
851.85
846.761
841.195
842.753
845.464
847.663
820
836
867
867.407
861.091
857.905
862.053
864.22
859.582
853.123
852.766
852.701
851.667
828
834.03
837.303
839.728
838.707
837.788
820
789
726
728.326
726.672
732.383
742.779
820
758
766.405
774.318
780.848
782.321
783.113
784.349
784.692
883
873.254
742
756.935
762.596
767.204
875
847.841
828
820.229
819.486
817.319
804.528
836
833.783
823.931
813.243
810.242
883
867.398
849.448
834.437
840.98
845.863
838.406
822.499
824.659
832.444
836.063
828.854
819.51
822.057
827.044
829.763
822.771
815.294
815.239
774
781.671
783.441
787.278
788.823
792.705
797.72
802.024
803.842
804.478
805.771
806.887
806.804
805.873
805.426
806.411
984
914
889.022
884.929
876.496
860.991
846.184
838.073
837.078
758
773
813
827.553
826.437
827.992
773
828
835.852
836.449
817.604
804
805.107
813.844
836
826.812
809.326
796.058
805.706
937
901.149
872.363
841.914
837.006
774
783.449
790.535
797.795
796.781
789.142
922
922.739
897.988
871.574
869.809
870.112
930
909.632
885.127
871.922
773
778.168
782.484
790.709
795.586
796.823
799.759
807.564
818.711
823.504
805
805.842
810.356
813.254
812.105
851
848.851
844.407
839.641
839.389
835.425
812
812.894
750
758.184
755.998
759.149
883
879.697
867.703
864.547
860.769
899
836
834.791
830.264
828.222
823.231
820.034
875
867.503
854.038
851.813
766
782.179
782.264
782.061
782.886
787.819
794.697
930
912.908
894.362
881.939
878.784
869.042
883
869.314
857.203
850.723
850.832
852.448
846.135
789
794.083
798.674
807.155
808.737
805.942
810.161
818.314
826.327
827.764
825.916
827.775
797
802.368
804.11
807.206
804.655
802.77
766
775.685
775.294
778.188
859
850.984
843.501
836.041
836
830.949
823.735
815.819
810.379
809.006
890
881.452
867.701
805
811.893
818.953
823.682
814.274
801.672
802.681
813.146
822.046
817.435
773
780.394
795.034
807.47
803.402
786.691
758
766.17
883
877.937
859
823.794
809.72
823.835
851
883
789
784.009
796.096
820.424
826.532
805.654
781.433
783.486
809.661
826.079
859
817.237
797.632
805.593
824.127
833.658
823.054
800.871
784.924
796.865
805
860
844.85
823.586
803.544
804.272
765
821
820
789
781.481
780.919
787.736
797
812
801.175
789
789.136
791.791
937
899.777
875.384
858.461
856.52
856.156
846.737
832.015
819.675
817.102
938
926.209
900.732
870.487
865.915
881.981
889.609
873.813
849.139
839.823
854.852
872.788
870.262
853.484
836.823
796
809.106
875
882.366
789
790.506
800.838
821.011
827.351
814.062
798.943
808.603
825.654
831.166
891
857.787
837.713
837.566
848.614
906
889.104
863.803
839.734
828
860
836
830.218
821.291
797
805.478
813.149
819.966
814.88
805.747
805.399
812.154
820
819.693
812.56
812.406
816.318
818.85
817.287
742
755.169
813
882
865.457
821
750
789
811.099
821
808.836
757
754.258
797
825.062
823.352
792.265
766.15
813
839.257
840.745
810.302
782.113
788.392
906
898.395
863.834
820.146
813.598
841.14
856.748
843.132
812.748
800.342
789
844
853.915
883
841.513
812.709
815.64
875
888.618
875
781
785.675
804.884
829.922
834.316
814.786
790.637
766
780.403
820
832.369
819.841
793.209
780.901
844
862.996
805
773
777.072
796.114
806.566
796.936
776.94
774
791.302
803.371
796.498
777.243
843
766
768.362
773.86
777.251
775.987
773.152
777.013
797
820
836
825.817
797
800.645
796.311
791.77
786.834
785.599
785.706
797
798.83
795.977
782
782.541
773
775.153
774.393
774.449
775.763
778.676
781.491
906
898
884.14
870.793
861.588
804
798.819
793.285
792.294
793.098
794.506
797.789
800.519
800.263
797.79
796.589
804
801.784
798.146
796.547
799.83
802.015
803.558
804.281
806.142
805.873
805.829
804.622
938
836
840.424
840.372
833.962
875
853.619
848.878
848.038
841.954
835.738
833.039
797
811.783
789
799.459
798.848
799.249
758
781.609
782.16
785.532
773
750
756.247
882
862.415
867
846.443
841.398
842.721
840.515
828.932
814.287
806.206
808.2
814.912
815.028
807.579
799.952
799.41
804.342
875
864.294
849.695
845.104
859
875
867
854.709
781
821
830.157
834.202
820.949
789
797.89
814.062
824.415
817.544
773
780.567
795.786
828
822.572
774
774.203
791.2
807.598
808.988
790.363
776.445
785.35
799.873
805.716
795.363
778.329
778.395
790.031
799.159
797.421
783.782
844
890
879.115
855.95
841.58
846.234
852.662
907
875
856.231
853.505
820
824.477
823.347
819.922
814.611
810.989
811.968
883
886.684
867
857.463
781
851
907
896.885
873.94
849.609
841.769
875
883.31
828
818.189
813
830.624
839.55
831.691
781
790.635
817.123
834.686
825.087
781
781.551
828
875
861.31
830.417
810.266
820.815
929
917.128
881.101
840.865
836.172
861.44
876.031
865.593
805
798.525
812
844
849.91
827.695
797
802.413
830.589
848.005
843.437
815.535
801.597
813.355
832.145
838.977
827.953
807.92
798.328
781
791.919
800.572
803.738
798.174
791.266
792.417
797.974
804
836
833.434
825.94
820.489
817.753
816.957
781
783.391
783.538
786.341
785.456
785.995
788.708
790.727
791.16
883
868.396
857.518
849.222
867
859.781
849.323
840.8
837.987
836.246
830.587
825.009
822.612
821.828
820.277
818.281
814.958
766
782.829
784.654
790.461
791.197
794.948
800.301
805.442
808.94
810.091
821
819.003
819.514
818.109
816.776
816.283
815.119
890
877.519
868.438
797
804.855
804.197
802.667
797.502
796.864
801.568
782
787.022
787.901
906
789
799.437
797
802.692
800.54
797.469
800.356
801.803
800.98
969
912.515
882.838
881.927
879.345
860.435
844.31
843.767
844.615
841.701
838.541
835.807
835.756
883
875.1
860.685
852.089
854.154
852.629
844.695
820
825.642
831.441
836.943
833.081
831.184
781
791.815
796.946
803.262
883
868.9
765
776.255
867
867
854.092
823.398
811.986
789
828
836.002
826.96
803.856
821
835.9
843.481
824.276
801.093
790
807.385
946
908.646
870.248
781
785.668
810.526
834.482
833.587
774
767.25
785.93
819.941
868
832.95
793.376
785.813
985
969.335
905.747
832.981
836
878.026
844
819.072
802.702
819.536
849.502
850.324
820.251
800.428
820.056
851.56
857.165
825.779
801.484
817.746
838.528
844.702
825.942
765
773.37
793.729
810.294
806.011
786.475
777.717
788.785
802.837
807.186
795.122
779.779
782.335
860
866.917
852.655
789
784.463
803.29
867
857.247
821
796.708
800.566
823.516
836.386
825.652
799.951
784.511
798.122
819.226
827.353
810.885
789.927
820
844
848.742
832.121
808.361
805.386
819.059
828.352
824.466
808.656
797.677
805.797
815.831
819.981
811.541
798.583
797.217
805.872
813.038
813.495
781
783.817
793.26
802.466
802.15
797.095
794.048
798.454
804.481
805.552
801.843
782
786.358
791.878
796.163
859
841.807
831.499
824.328
822.329
819.615
814.086
808.274
804.705
804.115
803.378
914
896.91
881.099
869.241
864.925
857.496
846.455
835.271
830.259
830.115
830.405
827.536
823.774
823.405
823.454
844
844
836.459
829.784
828.866
831.6
833.598
833.325
834.43
836.676
838.63
838.429
837.665
836.079
836.214
836.702
836.049
945
918.224
906.252
789
801.913
851
867
853.448
834.026
833.204
914
923.03
901.701
781
792.799
819.181
849.773
844.712
811.818
801.667
822.968
882
881.936
851.073
843
849.778
869.135
872.041
851.917
824.897
820
839.319
852.203
846.389
828.079
852
859.217
863.081
899
874.682
861.033
861.8
868.951
872.296
812
816.936
823.517
832.578
828.681
823.982
766
776.941
784.307
791.828
791.526
790.506
795.612
806.139
816.602
899
881.316
865.385
851.66
836
890
883.082
870.042
852.067
969
949.169
899
882.666
893.786
805
814.224
818.397
844
838.036
837.075
847.95
854.814
845.189
840.805
843.683
846.2
839.711
837.311
837.906
781
791.725
794.179
799.15
799.058
801.549
805.1
808.505
811.642
812.757
814.095
816.233
818.154
818.983
818.816
820.194
820.823
812
883
864.721
857.279
851.295
847.475
842.767
891
872.509
864.535
797
807.914
810.414
867
930
913.628
894.736
884.678
879.639
881.372
875.143
765
769.936
773.135
784.639
796.252
805.131
820
835.105
843.062
837.612
830.036
828.335
828.891
829.197
826.377
826.72
773
778.951
781.517
784.818
783.135
783.4
785.57
844
846.847
891
881.152
870.725
862.52
853.915
845.701
828
774
773.586
774.769
780.982
786.028
792.523
799.234
804.187
806.186
804.821
802.255
803.684
906
902.392
844
844.806
848.578
848.008
836
827.574
812
815.167
815.725
811.984
806.985
807.292
811.716
815.165
898
937
915.695
774
781.305
784.163
789.91
794.505
795.737
800.618
828
840.133
833.722
819.063
814.329
819.374
890
938
851
832.709
837.128
853.72
854.462
839.574
825.783
829.149
841.295
848.866
867
842.956
829.317
836.076
849.007
853.842
841.574
822.623
828
840.704
847.771
844.396
833.116
829.863
835.526
883
875.619
773
788.4
800.282
814.314
812.86
820
819.241
804
875
868.196
855.24
838.088
840.808
848.966
845.329
828.658
821.178
833.373
842.187
834.604
867
855.465
850.124
805
828
832.63
835.959
825.477
822.322
828.18
832.876
831.188
825.156
824.611
828.016
830.516
829.312
825.608
824.55
826.583
852
847.951
845.067
840.391
839.63
839.579
860
852.712
805
817.026
805
810.076
953
912.199
893.824
888.807
886.712
875.718
861.536
852.065
758
763.613
764.223
769.918
778.551
792.09
809.084
977
952.579
797
802.811
844
854.862
848.724
829.943
825.909
834.773
883
868.057
834.922
789
795.466
816.894
830.893
820.142
781
779.641
930
928.831
895.941
847.398
839.583
867.532
884.998
869.881
789
794.482
823.931
850.386
838.694
851
841.635
839.973
849.912
853.04
841.59
821.434
821.099
832.324
840.163
836
823.691
820.906
828.827
836
813
812.777
815.692
820.924
821.812
781
792.137
820
825.146
819.924
781
792.313
802.616
809.714
804.458
793.56
795.271
836
841.582
831.015
811.993
809.565
821.001
828.387
821.128
807.336
802.282
811.055
818.725
774
777.176
782.928
790.267
792.738
788.142
788.69
794.34
799.686
797.793
794.548
795.55
798.361
898
880.495
865.964
854.221
852.257
850.348
841.535
832.368
827.403
825.099
823.143
819.4
815.117
812.142
811.585
914
900.055
885.129
869.845
868.25
866.638
858.527
867
860.984
805
817.095
818.876
822.957
817.145
813.456
817.01
822.632
825.883
823.994
789
795.675
800.34
890
872.764
857.636
845.19
820
827.287
831.757
827.919
819.267
811.223
809.127
814.31
820.028
816.97
829
820.139
818.622
814.436
811.14
807.733
891
867
859.531
856.731
854.049
797
806.838
820
814.223
809.503
813.72
818.01
816.251
811.747
812.361
814.301
812.809
727
742
711
828
808.843
1055
981.403
882
879.916
873.382
828
804
800.924
898
903.814
878.085
813
813.158
827.933
860
796
785.467
787.823
809.179
818.186
806.661
791.113
798.33
818.253
827.614
875
839.526
816.228
819.486
833.128
938
804
802.35
809.487
824.112
883
852.132
826.684
832.088
850.005
855.631
833.407
809.435
818.186
839.376
848.975
826.209
804.777
809.89
830.172
840.794
828.487
807.868
807.747
821.965
832.714
829.039
813.536
680
703.315
712.035
734.192
746.786
748.13
750.257
762.204
778.429
787.922
784.274
775.613
773.479
618
660.499
663.615
601
613.564
614.306
616.708
619.519
623.554
629.195
635.109
640.584
645.274
586
604.533
604.163
603.258
602.487
594
595.94
595.612
596.346
596.584
718
697.356
750
749.183
742.498
738.687
733.293
727.094
719.802
712.415
921
863.685
827.708
812.778
803.945
792.853
777.478
759.622
745.724
744.019
745.13
747.73
748.24
747.89
747.613
747.079
745.266
740.34
735.412
733.631
734.093
735.186
736.986
739.277
741.98
745.076
748.31
748.67
748.613
748.511
953
886.172
859.657
849.796
840.361
823.391
805.065
791.52
785.503
784.47
784.345
898
893.138
773
780.343
788.002
796.471
836
821.831
818.723
822.544
742
747.913
747.47
748.454
749.639
751.509
755.392
820
825.021
815.757
808.63
852
848.861
945
820
774
776.689
783.609
788.606
946
919.832
885.338
782
782.776
790.692
836
766
750
757.313
773.287
784.491
780.075
770.276
773.623
789.217
801.476
773
758.944
805
1180
1014.65
1015
982.475
813
828
834.937
837.076
851
837.795
832.313
833.187
891
895.041
870.248
837.765
828
930
931.562
903.096
750
756.237
770.61
945
923.438
873.625
797
794.038
812
853.423
855.392
818.602
782.377
719
724.206
747.793
792.203
809.168
696
697.687
707.384
820
831.903
802.919
756.512
741.099
710
718.568
789
805.783
780.604
742.95
672
676.62
690.181
716.964
656
664
668.745
676.881
681.848
683.605
686.81
692.538
697.811
699.566
930
854.522
758
754.658
758.217
757.383
743.765
730.94
729.235
688
689.967
687.994
687.435
1140
928.034
841.457
836.785
835.978
834.366
821.408
828
826.681
824.291
820.829
817.702
734
738.286
737.029
736.571
736.112
735.283
734.825
737.453
742.881
748.008
752.191
756.323
760.292
763.689
875
870.335
861.369
850.778
847.402
840.052
831.853
825.214
797
794.282
812
813.114
808.901
802.772
789
790.843
792.51
791.773
786.238
782.123
750
754.156
754.746
742
744.057
899
1133
1029.8
852
849.7
853.962
852
842.243
821
819.587
830.958
846.746
844.088
774
772.71
784.269
805.091
805.445
867
851.424
846.471
846.013
790
792.726
792.083
793.436
793.131
791.755
794.733
797.763
798.782
797.234
797.721
796.006
795.291
794.042
793.824
794.323
796.704
799.036
801.234
803.783
801.739
930
897.331
883.731
873.569
865.649
855.113
844.429
820
844
843.51
839.712
832.233
831.918
834.483
831.2
825.715
820.35
818.07
816.777
816.954
812
814.779
774
786.048
788.083
791.966
791.393
1297
1040.41
958.263
1062
1048.5
1002.2
999.226
998.515
965.708
930
932.432
932.006
923.833
914.831
915.971
916.255
828
837.664
837.848
875
875.291
836
846.125
855.802
861.881
860.691
857.177
797
802.655
1117
938
886.016
874.822
879.936
887.18
875.032
847.497
843.593
860.069
879.424
875.002
840.461
834.93
855.724
877.679
871.522
837.667
828.142
1023
1024
961.962
907.21
920.693
947.866
945.844
813
824.997
852.853
882.387
859
829.663
850.385
891
903.835
866.041
839.122
854.107
868
875.59
851.069
833.773
847.947
866.544
1024
933.074
883.715
880.803
902.117
916.585
945
899.675
869.788
880.852
909.633
918.091
895.781
862.03
860.845
886.73
758
758
761.134
767.468
777.252
789.281
875
891.299
881.007
882.77
890.042
879.064
866.53
862.861
859.306
851.702
828
828.315
832.691
832.713
827.484
826.011
826.148
825.295
823.014
774
782.268
784.347
789.206
791.119
794.526
800.049
805.585
810.057
867
862.07
805
812.807
815.948
814.081
806.95
805.015
809.024
812.362
808.624
804.7
805.82
806.924
805.152
801.975
800.425
801.162
801.552
800.698
802.386
953
912.271
894.918
868
863.895
854.351
842.476
832.4
844
914
908.267
889.484
875.985
883
887.598
877.071
858.48
845.026
845.457
855.097
857.621
849.032
844.061
847.329
853.946
856.671
849.73
842.503
797
802.803
807.636
814.809
816.925
765
772.573
906
898.766
860
840.838
841.886
853.836
854.483
837.523
781
765
776.896
1140
985.366
859
844.019
891
918.335
896.997
843.46
834.084
860.191
901.091
890
839.747
825.336
848.675
883.962
835
808.032
820
847.605
984
914.377
865.871
858.687
1196
1072.79
906
899
939.927
959.055
908.411
863.842
821
849.154
902.546
902.43
852.468
834.196
858.418
903.131
906.606
867.7
837.894
848.082
872.658
884.625
870.366
930
932.814
918.946
893.464
891.045
953
1024
993.5
947.701
947.823
960.371
963.836
946.61
924.095
924.786
934.785
922
913.801
735
750.033
756.101
775.962
792.463
804.108
823.609
848.567
866.806
871.978
872.909
875.013
875.792
873.42
867.769
862.665
859.858
781
784.375
783.99
779.702
844
850.043
797
805.553
985
828
829.06
840.328
840.781
818.642
818.486
833.908
832.734
1093
966.548
900.031
797
798.522
860
859.54
833.668
822.996
827.842
839.694
846.219
834.478
809.296
807.335
823.865
838.857
834.63
810.459
802.549
810.927
824.842
827.179
817.416
802.491
806.521
815.883
823.13
819.926
906
894.371
881.739
869.784
864.664
860.834
852.997
844.554
841.671
840.348
837.484
833.447
831.943
832.015
829.948
851
844.505
839.938
812
818.314
820.457
823.459
821.296
823.244
827.005
831.072
832.474
831.076
830.112
830.347
830.785
830.836
829.782
829.16
829.139
831.512
831.164
830.771
828.616
828.078
827.629
827.941
827.231
797
810.078
811.481
814.66
812.795
815.872
818.874
898
885.242
875.524
867.192
812
817.741
816.03
906
888.074
820
825.99
836.699
875
862.063
840.666
832.493
1000
965.855
920.76
879.842
895.322
918.852
911.964
873.784
856.611
773
783.088
794.028
810.412
812.194
809.788
813.633
827.82
841.745
845.465
834.895
834.796
841.745
844.535
841.274
837.129
835.569
837.595
844
840.169
836.493
834.259
833.643
833.125
832.038
1023
956.612
931.631
927.755
843
930
913.801
893.256
805
828.729
1101
1009.11
935.842
909.236
936.887
954.228
920.981
868.702
873.534
921.982
940.923
894.432
855.308
812
839.72
878.775
883.145
853.36
789
795.893
824.712
853.209
853.604
831.85
811.402
819.472
883
893.894
878.257
812
806.091
827.239
849.756
782
797
802.431
812.018
789
784.978
790.865
800.366
803.005
791.098
786.339
906
893.813
883
848.971
867
873.799
861.404
839.772
834.409
841.775
883
914
820
825.477
842.052
857.247
845.818
818.535
815.593
813
826.368
826.833
814.69
808.016
836
953
914
820
823.671
867
884.618
865.061
832.996
833.375
857.728
870.281
851.992
824.898
831.17
852.641
863.429
841.686
814.659
820.775
847.063
858.547
842.686
822.771
805
818.519
832.593
836.97
825.468
808.915
810.043
822.402
831.899
1062
958.173
888.455
773
772.826
781.578
800.659
781
875
898.09
946
917.244
885.405
878.93
876.115
890
881.363
890
874.434
871.48
870.044
867.025
860.314
875
869.006
864.315
858.114
855.532
858.06
859.928
861.996
937
925.161
883
805
781
781.525
783.59
789.148
798.316
811.765
823.819
830.292
832.17
833.573
833.96
832.124
828.343
824.253
820.847
836
833.514
821
823.034
821.582
820.096
817.744
815.792
814.995
814.6
815.123
782
794.179
795.364
798.909
797.632
797
800.934
803.906
805.526
922
900.259
887.077
821
825.462
825.17
820.26
811.913
808.201
812.751
818.112
817.228
811.274
808.146
809.151
813.268
814.346
828
820.42
818.282
820.862
789
836
831.215
828.098
823.601
824.462
822.309
819.527
828
822.74
822.572
820.346
819.715
817.938
805
811.076
811.341
812.417
811.686
811.261
810.166
814.422
815.141
816.566
816.787
817.673
818.046
818.259
969
921.46
903.288
894.799
885.85
1055
996.043
797
803.619
977
951.549
898.127
860.795
883.669
917.323
883
846.518
846.926
953
946
895.403
867.854
895.621
920.595
904.224
835
843.206
877.314
1118
996.79
902.418
805
815.039
848.017
874.055
856.319
822.859
821.804
985
998.353
933.244
861.11
859.73
903.476
930.99
805
803.546
832.063
870.358
861.454
820.93
818.468
858.055
886.285
864.752
836
797
820.967
844.263
922
876.427
838.147
829.238
850.986
876.93
878.402
855.503
827.971
823.247
883
896.791
885.104
851.683
832.606
847.364
868.492
873.613
856.159
831.669
827.409
774
784.574
793.785
802.884
804.12
798.256
798.743
804.836
813.397
817.179
814.213
812.311
813.317
813.093
812.456
781
785.719
789.081
794.131
813
781
786.63
789.788
793.583
851
838.427
828
822.626
821.595
953
928.467
797
805.204
860
865.397
844.395
818.658
828.021
984
945.858
890.282
856.157
880.371
905.007
892.093
789
782
807.522
843.562
842.845
809.946
801.801
835.178
866.08
858.405
818.969
806.003
835.264
861.28
853.242
825.898
809.655
825.863
846.104
845.496
826.584
808.972
818.029
834.556
839.705
828.885
810.078
809.135
822.344
1008
851
797
801.829
823.729
841.013
825.922
798.381
800.587
831.482
851
774
742
734
752.263
767.87
766.401
756.372
695
705.105
721.386
726
727.802
766
779.006
784.183
781.403
775.206
768.883
764.823
761.887
758.7
753.959
751.221
750.048
844
839.366
826.402
816.945
812.609
806.276
798.866
790.949
785.763
782.996
1086
914
820
820.584
977
936.836
877.96
845.69
856.55
881.707
879.665
840.689
828.835
853.596
888.384
878.656
843
828.585
838.281
856.008
856.298
828.321
808.074
826.164
875
1078
975.232
898
880.672
875
892.57
1093
1007.9
924.352
880.331
896.846
938.286
947.142
913.602
860.019
856.621
892.002
931.598
928.321
727
703
710.648
727.506
754.246
762.592
766.142
784.096
812.735
726
726.853
731.653
739.664
741.161
740.81
743.242
747.272
747.943
797
793.091
787.614
785.184
784.436
782.27
777.317
772.084
771.349
805
801.821
797.044
794.216
794.818
703
719.863
718.441
687
691.475
692.208
758
742
747.537
754.287
719
726.872
724.755
722.945
720.857
721.824
723.268
723.727
723.329
723.162
720.114
718.829
618
650.725
649.539
650.536
651.295
654
658.543
663.499
667.543
610
629.774
629.474
610
601
604.067
603.971
610
609.722
611.021
613.125
614.033
704
693.062
686.418
685.959
687.979
684.348
679.049
674.116
922
945
1031
1015.59
915
915.51
1055
1018.38
974.009
958.262
972.485
972.089
1054
1022.02
990.057
989.304
999.741
1156
1107.09
836
841.094
742
740.57
742.704
747.515
751.779
762.387
777.864
791.183
906
922.922
920.753
821
820.756
818.393
816.391
813.39
810.686
809.837
812.871
815.805
812.806
806.825
801.928
798.953
898
897.275
781
789.11
1125
1002.74
922.187
919.327
920.83
1071
1008
928.519
926.137
962.766
969.248
924.652
804
789
817.91
885.924
889.783
854.108
841.238
880.499
927.108
928.365
886.745
855.113
874.038
883
889.398
1000
946.511
906.735
900.91
916.791
927.163
919.412
892.649
876.911
888.976
900.904
899.665
782
793.182
802.271
819.81
824.251
815.679
789
803.607
1000
967.486
927.978
886.348
885.374
904.921
1007
973.016
922.601
885.16
773
777.221
969
973.432
931.748
870.406
844.031
1070
915
812
805
945
954.397
886.54
789
806.922
881.729
921.718
859.423
807.065
898
958.05
929.826
840.733
834.733
878.643
909.844
876.499
825.901
827.295
872.833
836
1085
967.997
890.076
813
823.022
930
928.947
878.046
830.488
834.024
879.117
905.649
876.769
827.078
824.545
856.884
888.36
880.397
836.669
820.599
837.082
868.444
874.185
851.977
836
836.705
855.829
865.236
858.045
836
774
789
809.238
826.009
822.169
806.982
795.032
802.509
1000
958.483
916.026
868.845
856.41
871.839
889.283
885.9
860.869
1234
1106.36
996.896
964.634
971.764
971.828
938.813
906
908.423
868
866.838
1094
1048.1
820
836
860.457
889.117
880.945
852
862.219
890
904.869
893.717
871.818
875.463
890.217
893.94
871.215
848.647
849.029
797
799.687
803.373
1031
968.068
924.624
908.865
909.83
906.592
886.139
863.354
857.87
858.615
860.042
857.623
850.212
847.871
781
785.425
787.748
792.17
793.167
800.366
812.501
823.882
831.256
834.951
837.571
930
924.19
882
881.294
884.128
1055
991.586
940.656
773
836
860.449
863.679
839.17
805
811.465
844.523
871.26
860.665
822.609
816.668
781
796.351
810.07
816.256
798.725
1046
983.596
916.2
885.809
886.058
886.795
868.054
841.935
839.924
797
797.062
796.378
797.202
797.744
799.567
802.382
1086
1003.79
944.754
941.356
940.85
925.273
895.63
874.116
870.772
859
945
938.3
912.798
897.685
859
859.866
862.279
860.83
853.049
867
879.273
885.949
883.956
877.983
797
802.653
804.837
945
935.926
916.112
901.355
953
961.058
875
812
750
782
804.728
825.333
830.2
843.783
863.239
945
859
852
856.161
862.886
853.38
841.152
842.784
850.308
848.022
835.166
833.161
838.165
837.82
830.91
827.26
830.25
833.029
832.436
828.588
828
831.848
834.126
835.387
836.039
837.834
813
820.042
1062
963.005
851
855.657
863.702
862.62
844.4
839.368
850.742
836
832.927
829.882
832.381
836.069
835.423
844
839.179
835.848
833.659
831.854
832.173
883
876.03
874.285
871.907
820
914
897.411
885.603
870.64
873.246
873.021
866.679
857.051
853.726
858.428
860.02
856.833
929
903.965
899.93
897.098
896.069
886.327
820
805
828
832.941
834.996
843.143
855.388
844
841.775
977
949.314
923.464
916.87
805
809.993
811.009
813.2
813.828
859
877.484
872.24
899
898.461
884.247
877.433
874.589
865.976
857.399
855.404
857.391
857.431
906
896.484
812
953
919.829
1047
995.459
781
818.264
823.437
828.242
826.776
830.882
845.526
836
834.897
834.025
835.302
835.897
834.654
833.07
832.754
831.556
851
844.744
937
897.87
805
819.425
819.685
817.08
812.516
816.553
822.071
977
984
948.147
934.109
932.26
916.704
895.312
922
921.899
911.287
896.919
953
949.479
934.206
920.013
927.189
924.707
909.523
897.26
911.179
917.139
907.638
899.524
908.51
914.02
908.627
900.961
961
951.122
941.188
934.299
939.596
934.274
925.01
922.172
925.667
921.862
916.666
1015
991.197
973.722
971.968
972.871
867
883.938
889.058
886.566
888.552
984
980.497
958.146
967.837
984
930
941.132
950.98
932.15
929.41
945.462
938.344
924.315
935.504
938.922
926.542
925.363
930.017
924.016
920.769
926.148
927.232
928.154
928.21
930.393
931.326
932.518
932.989
933.52
933.993
851
867.553
873.625
812
824.67
831.774
839.128
844.962
856.337
865.843
829
842.313
890
805
820.234
832.494
826.748
825.467
834.337
834.107
830.14
852
846.478
840.021
842.668
842.178
836.962
773
789
791.307
793.242
790.887
796.103
820
890
922
905.846
893.742
888.192
880.313
869.619
938
925.543
911.636
897.385
895.176
929
921.689
789
802.003
807.59
914
906.652
805
805
829.382
856.35
851.699
823.572
797
883
912.866
892.29
828
824.099
855.176
914
877.966
835.302
829.529
861.419
930
899.48
857.735
842.143
867.41
945
927.418
886.271
852.531
961
972.469
941.588
889.256
797
813.145
845.841
863.302
846.564
821.845
831.776
862.636
879.338
865.212
835.133
830.926
851.223
869.426
868.422
843.032
852
1007
974.274
922.628
886.411
898.977
919.309
916.938
885.235
864.596
883.592
905.785
904.813
876.813
858.947
805
818.005
840.174
851.842
845.248
828.303
828.827
843.748
856.444
858.922
847.883
836.64
839.928
848.799
854.119
850.41
820
821.59
828
837.144
836.947
829.051
826.238
829.956
835.969
727
744.857
747.638
754.357
758.091
764.05
773.897
783.862
790.62
664
695.768
700.244
640
653.221
640
644.935
646.896
651.499
656.996
662.555
667.716
672.466
664
668.766
670.246
671.128
671.597
671.91
672.273
617
625
623.713
621.169
620.439
620.478
622.056
623.901
625.995
628.442
631.247
634.1
636.751
638.257
640.442
641.776
642.394
642.069
641.618
642.8
641.065
640.622
639.89
638.583
637.446
636.704
781
740.189
725.633
719.263
715.34
709.12
701.124
693.782
688.179
683.584
1203
872.909
914
906.987
880.356
875.892
867
860.857
856.142
853.834
852.005
1156
1020.52
972.327
789
796.385
859
858.542
847.274
846.392
859.405
881.036
889.066
797
798.038
734
750
754.339
1015
931.604
869.689
866.393
869.125
868.104
848.495
822.03
815.024
814.538
814.869
813.116
809.651
807.447
806.804
807.143
805.764
798.882
836
833.037
835.315
837.404
840.714
842.723
781
791.561
773
776.248
775.825
778.747
782.42
785.719
788.514
860
852.643
848.148
845.24
841.749
837.169
830.58
825.849
823.107
796
801.318
798.684
796.83
794.748
794.309
795.794
796.243
796.291
794.897
795.939
799.647
802.833
805.877
852
848.283
846.287
842.507
838.456
834.67
829.565
711
729.322
730.119
733.967
738.541
745.047
754.636
764.281
771.36
781
789
789.886
1149
1013.04
1102
1080.38
1027.86
1024.45
1021.02
984.416
979.696
978.742
789
808.419
813.097
812.844
812.77
823.401
834.763
836.007
836.38
891
899.328
902.799
909.431
913.112
851
857.653
859.898
857.597
1008
958.949
934.923
936.6
933.422
1032
996.46
966.723
958.488
960.142
959.445
941.861
924.845
923.519
930.618
931.414
921.449
909.203
906.757
917.424
921.656
1023
989.899
968.772
966.074
922
969
965.817
955.251
940.073
939.357
942.688
938.365
929.906
758
805
811.383
831.018
906
828
836.778
922
941.862
929.536
812
824.283
839.861
856.237
846.939
822.355
820.363
840.75
858.85
852.456
824.672
814.492
832.791
851.513
852.82
830.901
810.341
819.09
837.738
845.599
742
753.128
782
799.475
804
786.11
784.168
799.418
813.072
806.287
788.562
786.711
798.295
806.858
798.26
783.2
797
803.564
807.745
795.544
906
881.138
812
820.075
828.558
819.678
820
820.219
824.463
818.036
922
890.608
867.562
867.707
868.986
855.997
841.656
838.381
841.244
841.114
835.257
835.856
821
824.079
822.647
822.255
819.61
818.549
818.078
937
926.777
915.071
902.443
898.013
888.99
877.548
883
876.157
871.236
866.009
862.036
858.868
855.207
820
828.784
830.267
1016
836
845.899
852.877
853.192
922
914.308
905.255
805
818.694
823.745
825.175
819.855
817.859
825.027
938
909.447
870.87
860.025
863.826
872.48
953
910.248
877.949
875.166
1102
1031.33
954.373
917.603
934.305
957.165
947.197
902.907
881.339
828
841.155
862.7
874.264
861.931
828
829.736
854.943
875.881
876.992
850.275
846.712
857.934
870.451
874.056
863.568
847.473
848.632
860.015
867.126
828
1266
1079.9
970.95
969.523
969.614
952.154
915.842
913.888
919.803
1000
970.528
868
874.416
860
863.62
858.9
849.972
849.351
853.699
856.584
858.753
861.08
869.223
879.198
883.552
881.043
860
860.894
862.67
864.191
862.987
860.608
862.279
863.666
867
864.843
862.265
789
836
835.102
840.031
834.856
835.131
839.998
845.201
953
918.515
904.529
899.027
891
884.918
874.738
867.835
868.111
869.627
867.131
863.867
861.148
860.533
858.167
856.994
854.403
852.059
851.104
851.86
855.202
858.75
862.512
866.498
869.833
871.987
872.45
871.977
871.69
782
797.754
799.41
803.627
806.216
750
726
729.25
734.399
743.468
751.225
687
672
677.054
685.006
695.161
702.109
705.661
709.906
717.465
723.435
953
902.309
855.924
829.566
816.333
799.448
778.515
758.156
744.655
758
765.916
1172
1009.58
918.022
796
792.326
793.536
797.421
922
915.979
878.523
840.283
1179
1082.72
964.255
901.045
902.12
923.086
926.964
896.12
781
779.769
810.798
1031
968.632
805
784.591
808.814
888.791
930
862.316
806.91
805.868
858.462
909.809
902.146
837.061
795.347
810.445
860.627
887.266
852.835
801.714
795.687
1016
983.17
914.881
844.93
839.93
893.306
920.799
888.841
834.032
833.218
880.006
914.595
890.166
839.246
827.007
860.819
900.388
893.8
851.948
825.612
842.688
876.944
884.677
820
806.46
822.632
875
878.622
851.275
822.419
831.909
859.069
868.515
851.6
844
843.011
855.705
861.466
850.186
832.547
826.894
837.537
847.837
846.551
805
742
747.232
756.363
773.292
781.866
784.047
790.697
804.746
828
831.552
822.572
814.979
1164
1049.21
967.31
936.266
821
867
930
882
805
804.614
827.596
858.237
853.421
818.232
815.458
846.01
872.261
860.165
1024
1002.04
820
824.228
914
909.983
870.362
849.545
876.396
889.671
864.696
875
891.273
891.25
858.805
968
958.018
1007
957.042
805
819.269
828.005
837.219
834.253
837.028
820
827.166
835.922
841.17
907
901.539
887.651
875.994
874.602
879.392
873.925
863.643
852
856.24
856.129
854.244
848.888
846.649
851
1227
1073.14
914
913.282
921.561
922.679
1015
868
870.011
836
839.268
838.81
838.352
838.987
845.392
850.448
850.969
848.234
845.581
845.291
797
804.263
804.346
804.491
804.774
805.605
808.787
813.157
816.041
817.525
819.431
821.14
1039
969.339
938.224
781
784.57
860
865.18
847.839
819.305
813.014
826.281
847.654
1016
939.126
864.603
848.582
859.936
875
805
794.188
797.839
817.946
826.274
814.463
802.931
817.756
840.8
842.025
812.783
794.596
803.779
823.477
828.339
812.642
805
810.18
820.267
1101
970.552
891.984
878.2
883.048
886.034
865.477
832.042
828.75
844.445
859
854.581
835
830.207
844.475
860.032
914
866.964
840.353
843.528
862.533
873.673
866.353
846.824
834.222
844.276
856.667
860.978
850.454
883
881.284
879.421
867
859.984
836
841.516
845.893
845.058
841.66
841.497
844.534
847.297
846.533
845.244
820
825.527
1125
1007.81
953.007
947.003
945.699
931.893
945
924.098
859
862.189
869.499
877.41
873.308
865.277
866.089
875.694
879.891
961
936.059
931.412
932.328
953
944.802
931.806
923.487
925.066
928.191
918.887
912.596
912.456
911.756
906.977
985
963.877
953.508
945.549
945.744
930
926.03
922.502
899
905.417
1000
875
897.066
938
923.488
911.135
805
822.948
828.777
831.66
831.699
821
834.185
847.244
890
874.227
863.321
867.095
790
882
876.111
869.017
845.846
836.542
845.821
852.459
812
816.614
822.358
827.388
824.696
818.413
821.648
828.009
830.754
822.364
813.84
817.463
821.55
823.619
819.745
805
810.414
814.659
818.07
814.952
814.246
815.022
816.174
817.169
816.545
816.224
816.577
817.454
818.109
817.812
817.89
852
846.157
953
930.086
917.844
867
867.208
993
958.722
929.26
908.131
1008
997.241
820
834.546
849.004
859.983
848.423
906
932.84
914.794
881.282
899.21
875
862.894
860.451
870.023
873.593
863.815
862.627
922
910.787
882.311
884.05
891.176
885.292
873.502
872.575
805
814.295
816.205
820.051
812
817.52
825.457
831.707
833.437
833.212
834.02
836.951
839.989
841.199
841.845
843.742
845.806
1024
973.507
797
836
841.718
842.234
834.227
833.601
841.757
848.986
868
855.717
851.785
853.621
854.417
850.596
1016
961.253
804
782
789.846
794.7
797.189
800.471
852
873.733
883
865.204
863.322
866.459
856.543
840.813
836.847
838.874
840.214
832.487
829.449
832.118
844
898
890.547
880.212
872.105
789
867
1031
985.319
940.939
907.881
900.86
902.955
906
891.605
871.729
862.464
868.891
882.617
885.337
870.028
853.512
853.598
872.098
880.268
876.958
856.518
835
841.174
854.339
862.563
782
787.193
794.01
808.167
812.31
807.19
808.914
820.922
831.174
867
850.756
839.041
841.172
849.149
1008
952.984
911.2
890.169
922
930.09
913.032
887.085
881.887
892.183
789
798.619
801.82
809.186
1258
1079.99
998.551
997.963
997.365
976.731
945.621
941.614
940.778
936.806
927.09
922.935
907
905.791
904.354
902.493
898.07
984
829
869.339
876.637
876.241
876.118
883.384
886.03
887.776
888.998
889.575
889.96
890.099
889.657
889.377
888.654
887.98
886.654
805
823.58
827.094
830.14
831.129
836.287
929
923.447
916.269
911.995
912.278
902.94
892.275
886.07
885.525
774
785.278
787.221
793.53
798.347
807.095
817.641
825.629
831.404
834.476
836.195
840.474
843.254
844.571
851
851.165
851.04
848.031
844.073
844.379
839.464
859
852.02
850.1
847.311
845.537
844.203
842.34
840.93
840.751
840.769
841.416
842.157
843.022
813
825.141
969
925.852
907.046
900.202
898.525
888.648
875.132
812
820.062
827.548
836.834
834.396
797
806.344
821.752
898
805
803.536
813.433
1054
968.485
898.124
878.301
897.628
910.706
961
891.537
860.701
883.904
898
899.279
812
811.017
837.834
872.795
869.57
826.108
819.04
858.212
886.352
872.871
840.552
841.703
865.413
878.166
861.135
836.119
838.715
1094
1046
844
841.644
866.384
945
908.633
864.067
865.476
898.352
920.59
895.238
854.838
857.503
884.619
897.609
881.141
849.543
847.263
863.794
914
881.294
890
879.419
883.062
889.351
890.781
879.863
828
835.417
848.552
858.831
854.577
841.696
840.882
848.761
867
861.351
852.237
848.701
854.704
861.476
862.951
857.931
853.588
855.636
938
921.634
909.68
893.667
893.392
897.005
891.059
880.307
882
883.756
885.694
880.844
875.239
890
938
925.675
913.321
903.495
903.609
905.832
902.515
896.558
894.97
896.731
898.137
896.375
805
818.692
823.314
834.773
837.769
805
836
898
908.286
894.802
836
844.201
858.711
984
937.656
889.082
865.895
876.127
898.94
903.684
884.665
855.463
851.977
870.621
886.921
885.639
859.114
839.335
850.323
876.314
797
799.404
806.339
816.833
774
780.782
791.908
930
890.485
861.408
862.264
961
939.829
899.87
820
789
797.455
812.704
817.277
812
809.592
823.061
839.053
898
873.723
841.017
969
976.967
883
868.455
883.068
884.489
864.918
850.743
865.039
874.53
862.696
844.482
855.34
868.721
820
819
835.904
844.302
834.948
938
931.829
904.113
904.684
911.042
895.817
880.583
886.213
887.095
875.723
869.696
875.927
877.957
869.945
865.112
867.954
869.192
860
859.609
860.446
865.085
867.444
870.141
872.237
875.297
877.039
877.703
878.252
878.361
877.81
877.351
877.105
876.813
876.2
874.822
873.982
873.794
871.513
867
867.04
867.675
868.409
869.325
870.78
873.427
874.979
844
857.114
860.602
862.499
968
938.44
758
779.099
782.351
787.305
790.405
851
873.999
872.759
868.65
870.751
836
833.842
833.586
836
832.369
831.252
898
888.846
873.819
872.925
872.878
898
884.473
969
949.375
933.502
930.513
928.518
930
914.906
909.395
908.098
976
954.073
939.283
937.119
941.152
932.608
921.379
914.673
867
882.127
887.619
891.304
797
812.103
819.584
833.022
834.014
835.184
847.222
862.136
984
957.852
935.828
932.988
937.257
932.068
912.938
900.912
851
857.132
865.696
869.36
863.177
861.119
882
954
945
924.836
908.907
912.193
852
851.32
851.02
855.655
858.43
859.664
863.283
867.725
773
784.519
875
875.946
789
800.741
817.837
828.366
816.71
805.54
820.524
833.241
851
824.273
814.878
789
803.289
811.532
806.03
790.465
781.274
805
1039
950.08
893.342
869.482
870.768
878.475
870.367
842.546
797
797.257
820.539
846.417
842.552
813.804
797
805.652
929
1063
978.266
852
843.396
869.419
902.377
903.427
781
780.793
800.495
844.407
848.674
922
883.265
845.737
842.453
938
812
802.129
804.702
814.237
815.563
814.089
820.061
826.721
906
880.388
861.019
813
821.729
826.843
818.518
809.107
810.972
817.183
822.745
822.715
816.433
814.174
817.58
820.664
817.738
789
792.44
798.15
945
907.53
884.532
871.182
867
863.802
852.909
839.115
829.593
827.938
831.884
852
781
790.123
875
874.966
855.09
832.223
839.306
856.874
858.568
842.609
820
829.547
844.986
849.491
832.355
815.575
828
843.343
922
881.241
852.408
841.803
853.183
866.269
865.323
828
817.314
827.037
842.458
847.521
834.36
816.906
820.044
835.832
845.112
835.929
816.639
810.92
823.093
883
876.27
858.746
835.971
868
859
862.03
848.224
832.869
953
937.536
915.404
881.986
888.258
900.724
896.592
805
819.877
839.518
853.633
841.028
822.894
839.95
861.78
865.597
1047
813
773
750
752.971
755.523
761.139
797
826.771
836.572
836.688
836.936
835.205
831.45
827.522
824.641
822.475
820.285
817.765
814.922
922
912.631
899.71
887.889
882.371
873.611
863.95
855.309
850.517
849.594
848.842
846.441
843.998
843.404
843.117
840.509
836.339
831.286
827.404
828.171
830.75
812
820.314
875
871.475
869.464
844
848.07
850.028
836
805
810.457
816.66
822.964
819.772
816.824
821.067
826.749
829.211
852
840.494
860
856.15
854.534
851.556
849.725
848.444
847.335
845.756
842.883
841.026
839.774
838.692
837.793
837.613
837.041
836.507
828
852
882
876.646
871.375
868.489
864.893
861.316
856.523
836
852
851.709
852.486
847.371
846.305
846.674
906
896.983
887.957
879.846
859
860.912
859.323
856.769
836
842.155
846.339
851.124
851
846.672
848.151
850.512
852.366
849.236
845.571
845.433
883
881.573
876.296
872.211
870.067
1062
997.78
962.705
947.051
944.564
931.171
911.781
898.797
898.193
901.973
901.329
892.349
887.668
887.989
890.408
889.413
884.899
880.609
878.69
879.339
881.37
883.723
828
840.335
812
819.618
867
820
830.945
837.88
840.52
841.03
842.877
845.373
846.427
846.7
846.685
847.069
847.32
847
845.859
846.535
844.774
844.096
841.944
953
851
862.469
864.083
857.806
914
889.99
885.579
886.106
877.945
874.413
872.587
734
727
719
719.785
723.874
730.428
739.48
688
699.976
701.625
706.184
710.316
715.392
722.197
728.652
633
617
621.452
602
601
599.976
600.832
586
590.047
591.039
592.569
593.845
595.76
597.823
599.878
601.867
625
626.885
629.873
632.637
634.983
637.168
637.567
636.647
636.038
635.464
634.051
631.747
797
743.117
875
851.712
830.824
823.994
815.859
805.552
1109
997.915
891
882.973
884.343
883.487
862.867
835.575
833.537
836.687
838.809
835.939
824.85
824.053
837.144
845.378
839.47
813.913
851
853.272
758
768.315
771.246
773.225
773.09
777.483
784.898
788.824
790.053
792.732
796.11
796.858
796.711
796.992
1172
1006.57
932.841
931.203
930.745
909.607
880.674
875.724
875.299
874.841
870
865.682
864.777
864.337
862.449
859.273
855.955
853.471
821
834.68
838.376
821
1242
1064.44
992.885
995.073
988.903
958.666
945
828
829.851
830.275
1132
1040.69
972.726
844
843.048
854.044
870.538
758
755.28
1196
1042.59
943.216
820
805
830.955
871.568
863.179
820.624
808.024
832.091
884.671
884.463
838.079
802.53
803.829
836.22
855.813
845.126
794.254
789.565
811.213
840.566
841.711
867
837.739
818.774
825.357
839.374
849.379
842.598
836
820.189
823.25
883
914
904.316
875.849
858.539
860.982
871.982
876.99
828
821.978
827.595
838.776
774
779.684
844
855.976
843.044
758
772.917
793.609
808.378
796.394
734
747.687
771.644
792.601
719
722.428
740.876
760.977
754.86
758
755.351
766.172
772.409
763.667
751.302
754.544
761.365
763.675
867
852
831.806
820.708
817.853
814.528
806.293
797.633
792.849
790.184
787.898
784.026
779.947
875
870.981
856.369
843.373
820
813.789
806.539
765
765.386
836
847.55
843.74
830.314
829.667
834.343
831.977
820.614
806.916
799.733
802.95
774
773.861
774.302
777.676
750
781
782.84
773
774
779.392
782.002
782.38
783.737
785.728
812
766
776.351
778.145
750
759.896
758.156
757.328
757.543
757
758.745
760.258
761.136
761.267
789
784.365
784.829
785.377
784.339
783.638
743
750
748.98
748.649
747.776
749.401
797
859
875
861.187
850.352
781
777.164
770.362
765.32
758
758.584
761.972
767.315
771.252
771.536
769.862
768.045
765.304
781
779.125
758
761.718
764.461
774
770.508
769.357
770.236
771.167
771.423
770.266
769.493
769.744
770.208
770.667
770.926
771.064
771.115
771.233
771.591
757
760.463
759.736
760.401
762.772
762.489
764.203
764.59
765.283
765.377
765.209
765.058
765.015
781
891
812
814.25
812.591
852
834.53
820.672
851
843.915
829.338
821.726
825.277
774
783.072
784.616
783.842
781.93
784.421
788.323
789.52
791.224
793.174
794.867
796.371
798.197
799.022
750
761.113
742
743
743.721
891
855.882
840.644
837.966
834.101
822.66
734
740.074
741.544
745.481
747.062
742
711
716.5
719.013
836
781
766.433
763.117
828
844.692
830.882
806.459
793.799
799.443
807.72
798.042
719
728.304
740.584
757.224
755.66
737.793
742
742
758
760.335
751.637
745.171
750.947
760.027
763.344
759.585
755.035
755.427
760.283
763.124
734
737.517
739.77
742
740.662
740.462
741.28
742.391
743.441
743.608
743.524
743.876
743
744.428
744.465
744.866
744.641
744.61
745.1
747.096
744.196
743.956
743.747
744.448
703
711
712.096
714.549
711
715.317
719.725
723.956
726.008
727.129
728.397
728.943
728.342
734
731.549
731.54
730.894
726
726.494
725.252
724.818
724.401
724.253
680
695.396
693.203
695.766
696.493
719
727
729.162
718
720.464
719.851
718.815
716.479
714.642
713.993
743
736.444
731.348
728.256
728.376
728.15
726.402
724.319
723.243
722.931
750
746.822
743.371
740.693
739.7
738.822
736.921
734.47
732.909
732.266
733.03
733.502
733.839
733.508
733.411
733.311
733.198
732.961
732.493
731.897
735.104
737.768
738.377
739.195
739.891
718
726.665
725.089
688
701.289
704
705.431
707.845
711.313
714.789
716.865
716.789
716.627
716.117
715.33
715.107
781
769.395
762.071
765
743
742.155
736.802
732.814
729.622
727.662
726.781
726.019
725.163
724.347
711
715.474
714.892
703
705.922
706.285
750
750.153
751.055
828
868
856.705
847.226
766
764.236
757.097
750.433
746.21
744.489
745.962
747.932
805
809.528
798.691
787.973
781.488
778.322
750
744.869
744.335
789
793.679
765
767.939
772.84
775.819
769.833
763.261
762.204
764.151
763.671
761.522
759.815
761.091
766
766.529
765.384
763.232
761.808
761.571
820
789
790.515
788.073
785.784
782.589
778.365
775.224
773.01
771.195
769.459
767.873
766.709
765.732
764.966
742
757.822
752.914
754.831
753.165
756.211
759.73
765
764.849
766.586
766.96
767.302
766.913
766.233
765.533
765.742
765.727
742
750.226
813
800.691
793.291
789.259
789.427
742
749.591
747.965
750
749.072
750.808
726
733.248
734.499
737.8
738.39
738.583
741.36
743.017
743.971
746.341
748.023
749.438
750.06
726
731.795
730.785
735
732.69
732.354
733.785
719
723.671
774
768.97
764.019
760.71
760.94
760.061
755.892
751.276
749.372
749.393
750
747.184
745.227
744.783
744.905
742
741.328
740.326
739.814
739.229
742
744.998
748.01
749.447
751.019
751.773
752.371
752.523
752.448
752.532
752.537
695
710.933
710.924
713.302
714.743
718.568
703
711.154
712.933
672
684.026
685.282
687.292
688.624
691.329
695.242
698.438
742
737.184
883
945
924.054
906.529
895.781
876.972
856.733
840.12
827.976
742
734.578
731.465
773
792.756
799.24
773
776.045
778.822
783.553
783.979
783.309
784.119
785.871
787.702
788.491
786.393
782.266
778.347
780.255
778.76
776.81
774.545
775.061
776.771
778.295
750
760.276
758.994
762.04
760.72
762.999
765.914
742
749.118
789
786.266
780.902
779.5
781.571
781.445
779.012
774.395
773.264
773.214
772.31
769.333
767.134
766.725
767.042
765.829
763.869
763.3
735
710
719
719.567
723.641
727.628
733.149
695
705.673
706.871
710.113
711.733
758
764.478
764.185
761.402
759.045
757
753.883
750.269
797
789
781.854
777.514
775.896
772.397
750
766
761.851
761.154
757.267
756.682
757.635
757.839
757.471
757.45
757.601
757.78
757.893
734
741.965
743.31
745.662
744.846
746.31
766
750
754.228
753.768
753.776
752.743
751.566
750.994
750.587
750.857
750.741
750.71
750.942
750.567
781
773.577
750
735
738.83
738.993
738.248
737.514
740.068
743.023
781
780.115
773.752
769.587
767.855
766.516
763.227
758.071
754.251
753.028
750
750.39
797
792.492
750
758.197
760.119
760.483
757
750
753.767
755.652
755.127
753.175
753.248
754.507
754.904
754.447
751.796
751.177
750.492
750.372
752.066
753.852
754.166
754.998
755.79
756.543
711
725.748
727
729.056
728.53
731.943
757
757.556
711
719
722.74
723.271
719.895
721.122
725.357
728.855
728.863
727.381
728.666
766
757
751.456
748.364
750.453
749.781
744.948
742.74
741.988
740.925
739.736
738.464
774
768.869
764.136
761.508
734
739.867
736.773
836
822.698
809.55
799.238
792.966
787.502
780.389
789
782.548
777.221
711
721.738
723.479
730.34
734.398
734.57
738.221
789
766
765.215
768.335
772.279
771.785
768.561
766.102
766.623
765.849
764.067
762.063
761.244
759.326
757.422
756.961
756.086
755.108
774
769.206
772.568
742
751.924
751.273
752.916
750.9
750.958
734
740.063
740.739
743.008
741.965
774
750
753.787
765
763.617
761.005
804
796.662
790.617
788.004
784.913
780.864
776.186
773.047
758
797
787.03
781.484
766
770.22
770.472
769.731
765.349
764.793
766.063
727
740.353
740.521
742.995
726
732.005
736.081
734
758
755.009
757.39
759.536
760.307
758.891
756.721
755.989
755.395
754.786
754.011
752.764
703
717.149
715.591
716.626
716.774
719.084
722.445
725.159
729.091
730.999
733.052
734.972
736.451
736.643
735.689
736.128
805
792.477
783.937
779.744
776.843
771.935
765.792
844
825.79
813.267
806.78
806.927
801.006
792.313
786.135
784.692
782.77
778.404
773.967
774.289
776.326
777.261
776.818
775.794
775.116
773.102
773.265
775.513
778.012
797
796.376
798.242
798.145
797.765
796.126
793.856
791.683
789.777
797
792.785
792.068
790.498
789.845
789.223
789.047
757
768.421
767.936
769.355
770.171
773.561
766
771.229
772.345
805
800.43
796.745
734
782
1273
867
841.276
844.333
846.271
840.559
826.344
823.394
827.271
830.439
829.371
718
731.798
739.009
719
718.542
718.191
721.03
720.829
720.371
774
785.626
788.052
791.218
796.54
796.987
794.105
828
891
805
813.369
817.327
812.683
801.865
800.577
802.5
798.428
844
833.432
824.976
827.081
828.27
781
790.607
793.309
750
763.685
767.587
768.181
769.779
774.742
777.814
779.255
780.456
805
800.622
800.114
803.387
802.902
801.744
789
781
782.11
781.902
779.999
778.379
777.967
758
762.368
758
760.954
828
774
780.794
773
775.828
774.064
805
798.774
796.606
795.31
792.423
789.802
785.252
797
789.964
750
769.739
766.786
797
783.397
784.276
784.789
786.274
785.083
781.137
778.121
779.515
719
735.247
736.235
739.885
740.814
758
734
742.361
742.771
744.874
742.863
744.473
746.222
747.776
782
777.587
797
789.54
784.46
773
770.301
766.454
763.033
760.271
759.106
773
771.747
812
766
771.484
770.685
770.328
766.966
763.667
764.99
764.996
765.639
764.648
764.761
764.422
764.21
763.962
820
805.402
799.904
797.286
773
758
756.238
754.609
755.675
789
790.003
788.547
786.34
783.444
779.439
775.669
771.757
768.465
765.623
763.17
764.588
765.552
765.788
766.373
766
766.069
765.991
765.758
750
757.482
758.697
761.629
761.761
764.656
765.647
766.552
766.62
758
761.205
760.069
774
770.615
774
772.958
772.948
772.846
772.402
742
749.424
748.311
748.998
782
765
767.631
767.997
768.3
767.719
764.528
763.515
762.558
727
742
740.772
742.986
741.574
742.888
750
750.308
789
780.648
776.779
765
765.175
763.655
761.198
758.859
757.944
757.921
758.071
757.125
742
744.765
758
757.305
755.386
753.548
774
773.334
773.135
758
761.643
820
813.708
803.335
795.046
795.752
796.617
791.103
782.957
734
742.716
746.831
754.057
695
707.14
711
695
699.647
703.583
709.73
714.738
720.05
719
724.802
728.798
730.658
731.427
732.735
734.283
813
798.241
757
761.909
763.641
759.053
752.047
747.536
746.929
745.549
805
793.739
783.247
812
810.802
899
869.389
847.412
836.301
832.341
735
740.469
758
742
744.829
750.786
758.625
762.778
763.649
766.258
770.242
771.381
770.994
757
766
767.633
768.35
766.711
765.504
767.524
766.612
765.866
764.975
763.691
762.867
762.189
852
838.448
830.79
823.583
726
741.341
737.657
735.724
735.836
738.754
744.796
751.286
755.431
756.279
756.294
757.038
758
750
749.479
749.003
751.09
751.573
751.744
752.747
751.807
752.086
751.052
750.098
774
812
807.533
802.697
798.548
793.772
789.567
784.421
779.946
776.865
774.711
772.765
770.872
769.278
768.301
767.759
758
758.894
759.108
759.486
760.464
763.87
767.273
770.769
774.167
776.226
777.308
777.239
782
780.452
779.894
779.364
778.309
777.576
776.803
775.515
774.155
773.276
772.606
772.085
852
837.316
829.275
750
796
792.21
788.226
774.792
772.169
785.188
750
764.122
761.797
763.151
761.858
762.675
764.672
764.944
764.011
762.651
763.198
763.564
764.326
763.142
765.437
765.85
766.829
766.275
766.137
767.356
765.586
774
770.635
770.357
766
766.888
766.882
766.931
766.77
766.864
758
761.412
761.444
762.293
762.399
762.973
763.877
764.573
859
840.479
829.986
822.05
816.08
809.13
801.173
781
779.881
777.52
776.724
687
702.999
705.409
712.971
717.294
723.035
731.297
739.28
745.168
750.552
755.251
758.862
915
888.238
866.003
875
872.962
858.882
843.859
834.951
830.336
823.382
815.716
809.897
806.34
803.617
799.576
766
771.002
769.316
770.721
770.922
774.026
778.633
783.103
786.82
790.062
793.354
796.74
798.954
758
765.392
765.137
828
817.719
809.428
806.025
804.175
802.21
796.927
791.054
787.436
786.012
786.124
785.22
875
864.103
851.887
840.777
838.646
820
813.539
867
861.89
852.089
750
758
781
793.361
790.101
781.667
786.146
800.881
812.104
803.301
791.632
792.937
804.539
811.706
803.607
914
889.86
870.813
742
755.457
758.817
844
841.129
822.785
815.167
758
763.322
768.306
772.976
771.935
765.963
760.831
852
865.254
820
803.942
802.208
813.829
811.026
797.034
784.695
820
828.482
821.852
802.684
798.134
807.745
813.788
805.763
790.121
784.848
796.829
803.855
800.797
791.696
790.921
796.167
734
745.858
747.477
765
766.098
767.704
772.418
776.715
778.791
777.44
777.055
777.752
776.684
775.411
774.33
775.487
775.288
774.378
773.36
774.122
772.381
771.465
770.147
770.711
771.173
771.746
772.556
773.602
775.182
775.914
750
760.737
759.508
761.553
760.037
797
793.584
790.678
781
781.613
780.147
812
802.103
796.179
793.127
773
844
883
866.665
848.373
838.88
836.865
838.534
832.297
891
879.012
866.819
856.561
851.441
851.761
846.712
860
851.25
859
852.798
849.505
847.062
846.529
845.682
844.543
843.489
875
797
805
806.832
809.384
797
804.85
809.619
813.244
814.798
817.885
820.801
822.406
822.974
836
832.094
832.534
832.578
831.895
829.19
830.025
782
793.745
813
808.508
806.135
808.031
883
874.35
863.677
856.102
859.335
853.754
843.703
781
750
752.776
703
706.601
727
741.122
755.342
768.338
757
763.623
767.889
769.788
805
811.013
1141
1025.8
960.024
945.573
933.137
904.55
828
815.091
815.18
818.765
818.717
817.888
828
821
819.01
812
809.98
852
852.411
850.281
773
780.317
783.388
789.238
789.272
787.587
790.682
828
836.141
832.879
821.837
819.318
825.271
852
845.216
831.9
823.219
827.669
836
832.439
825.367
820.332
821.139
823.952
757
768.888
891
871.772
774
789.882
790
797.938
787.546
783.572
766
779.682
786.409
797
906
881.461
855.807
845.349
750
758.488
761.336
898
852
789
788.836
828
843.732
789
778.852
789.896
867
914
859.001
820.871
831.667
861.803
867.873
831.761
799.739
811.648
843.382
853.551
891
845.245
822.273
832.314
854.858
796
788.45
792.809
789
796.182
813
813.525
813.033
814.865
818.115
816.04
811.435
809.947
811.346
810.915
820
817.203
816.08
815.046
816.617
815.545
814.19
812.633
811.316
810.612
811.537
812.093
812.608
813.292
804
828
822.16
821.881
819.89
828
824.727
823.521
821.153
820.925
820.61
819.97
818.404
818.286
817.407
817.409
815.809
814.297
812.959
812.249
811.82
906
886.057
876.707
869.546
863.731
856.716
848.511
842.205
837.836
834.89
758
771.229
772.1
778.886
783.203
789.477
796.696
802.636
806.581
807.861
811.723
814.894
816.79
817.492
821
821.406
821.233
818.597
816.349
815.521
811.197
808.528
806.727
805.255
782
787.533
787.101
789.526
789.329
792.379
796.044
799.424
802.098
773
781.778
782.968
785.38
766
772.014
776.17
778.632
750
759.712
763.612
764.734
762.179
763.139
767.048
770.118
769.193
768.166
773
773.938
773.294
772.395
771.835
771.844
771.643
771.378
771.244
770.874
769.338
938
884.362
862.389
853.433
844.469
831.728
818.286
808.372
803.325
802.031
800.955
798.943
797.415
891
887.035
812
774
780.961
860
854.485
840.377
824.141
828.249
845.51
848.955
831.4
811.077
812.892
757
750
752.931
812
825.56
819.45
809.034
808.842
811.878
711
719.125
721.032
695
699.495
703.097
709.659
715.452
721.49
728.179
734.409
737.341
738.518
739.542
741.811
743.769
610
617
619.669
617
619.849
622.574
627.879
781
765.748
755.433
743
718
758
757.191
746.516
733.383
723.381
719.721
1172
948.7
854.045
841.736
841.278
1180
1117
914
885.09
900.838
942.459
942.001
898.674
851.352
851.248
887.267
1218
1039
852
839.053
877.643
1172
1046.3
926.813
828
829.692
1149
1101
993
898.039
898.009
968.306
1008.68
976.893
879.497
899
828
835.096
851.083
869.139
864.716
782
780.686
868
910.16
914
879.826
851.248
857.2
877.467
888.642
914
914
868
854.582
867.164
883.971
891.038
879.54
856.211
841.752
844.138
857.288
1078
1003.73
941.27
773
772.067
784.259
820.391
841.222
781
777.371
844
889.975
867
824.169
809.917
821.701
845.95
850.146
827.79
812
813.959
828.355
781
775.783
867
862.714
883
852.955
842.468
846.164
851.399
842.143
826.781
825.681
750
758.632
906
893.649
872.171
842.728
805
810.061
821.003
824.815
781
778.508
784.017
798.001
804
794.692
781.832
780.492
797.057
805.01
800.368
797
797.691
805.612
811.022
807.888
801.435
799.229
801.942
820
816.393
789
792.695
796.593
800.548
781
782.475
785.657
789.336
805
800.595
799.194
800.128
802.27
802.162
799.665
797.549
797.602
797.959
798.294
797.498
797.196
797.258
797.529
797.636
796.655
795.922
795.465
795.313
799.232
799.226
799.766
800.238
800.968
801.458
801.399
800.394
799.998
800.389
851
839.854
833.913
828.782
930
909.391
892.61
880.421
879.004
870.968
773
1211
1009.14
918.193
898
905.771
899.361
873.312
875
889.072
895.882
886.61
875.083
878.206
887.908
758
785.484
793.395
742
747.182
752.756
742
726
733.672
739.143
741.491
726
719
724.494
725.356
725.17
726.651
781
786.326
813
807.95
805.903
806.418
804.333
800.754
796.443
793.452
790.86
787.863
784.364
742
745.794
741.296
741.239
738.796
789
790.356
793.822
796.769
800.237
799.445
796.973
794.307
791.993
789.613
787.439
785.122
735
744.984
743.657
789
758
761.843
764.461
767.503
768.823
726
738.038
740.551
742.475
743
773
773.888
750
753.712
756.967
757.248
751.406
749.318
758
759.416
757.732
756.03
755.697
755.853
734
737.414
738.343
739.359
726
729.614
750
735
738.611
740.013
741.529
741.724
735
737.166
736.853
737.805
737.398
737.18
737.333
737.477
737.621
657
678.08
679.043
681.285
683.349
687.579
693.682
700.236
705.447
708.749
711.178
712.665
713.57
713.565
712.798
851
814.663
789
779.029
774
766.167
757.045
749.447
744.775
741.715
782
780.462
771.233
763.54
760.667
760.389
756.716
749.13
742.047
774
780.032
782.633
777.652
776.362
776.575
776.139
772.067
767.455
843
837.825
805
805.926
810.097
804.761
795.609
790.272
792.423
790.91
786.672
783.537
789
788.777
786.13
782.886
781.996
781.971
779.966
777.924
780.323
782.74
785.766
787.227
790.213
773
778.469
804
800.8
797.203
795.345
795.842
795.802
794.038
790.565
789
789
789.206
875
867
855.32
845.803
841.126
835.784
828.275
820.998
816.557
813.806
811.246
808.116
805.253
803.791
802.842
803.064
801.583
799.099
743
760.959
761.233
765.422
875
789
798.325
803.6
802.889
798.15
795.329
794.52
758
770.764
750
789
776.548
777.187
776.815
777.91
777.15
773.599
769.846
769.87
770.775
770.104
782
778.895
780.65
780.033
780.043
780.274
778.338
777.695
775.445
778.027
777.624
777.982
778.101
778.473
820
812.568
808.518
804.577
801.369
798.346
794.198
790.477
788.474
787.195
786.208
785.192
784.437
765
769.924
771.327
773.143
773.374
773.803
775.186
765
770.125
772.144
775.103
775.411
777.572
778.19
778.78
778.67
778.403
734
746.528
746.666
747.795
746.571
750.149
757
758.18
758.959
758.385
757.97
758.301
757.544
757.305
756.494
757.971
758.661
758.781
758.239
758.988
756.159
755.933
755.671
755.462
755.202
754.999
750
753.971
754.432
755.488
756.234
757.068
742
748.373
782
776.971
772.839
770.859
770.642
769.218
805
796.992
790.456
786.581
773
772.499
768.714
766.202
766
766.218
766.578
766
765.212
764.43
765.8
766.905
767.706
768.213
773
782
797
794.351
793.846
792.901
859
850.392
842.265
834.152
830.041
898
813
773
776.543
780.995
867
850.616
834.393
833.51
796
796.693
794.529
781
779.052
779.994
783.713
786.234
786.813
785.595
783.877
758
781
778.387
778.744
773
776.103
778.894
820
797
798.154
798.477
797.508
794.434
790.169
788.544
735
749.261
748.981
751.252
734
738.899
743.935
703
714.512
715.312
717.356
765
768.679
769.758
735
742.001
741.571
740.61
736.721
734.656
734.212
734.568
734.439
732.873
820
789
779.335
1195
1016.38
929.638
928.354
923.366
892.468
874.964
781
758
756.879
756.714
757.841
797
818.042
818.644
817.821
818.031
817.453
814.213
812.237
813.147
814.31
815.257
815.508
814.961
812.667
812.648
781
784.487
781.405
779.014
750
758.8
761.157
765.125
767.853
750
755.71
759.135
763.117
761.697
656
672
674.437
681.097
657
687
694.214
704.412
708.966
714.284
719
722.576
722.981
722.764
722.926
723.14
704
707.163
707.998
640
653.256
651.486
650.792
650.949
652.12
672
675.197
688
687
691.121
693.972
695.209
695.044
694.101
694.249
693.078
691.947
690.792
734
727.253
722.623
720.716
720.644
718.308
714.592
711.084
709.597
708.307
707.142
706.021
705.135
704.567
704.104
703.997
703.443
702.9
702.293
702.57
705.662
708.342
789
784.783
779.067
773
768.949
762.781
756.126
749.785
744.803
740.875
1227
944.215
864.944
863.825
863.367
859.772
846.299
835.804
805
804.819
804.818
1063
867
856.981
857.226
891
890.542
863.004
789
799.08
954
937.442
882.391
839.739
855.061
899.236
898.938
850.287
817.924
833.067
789
794.211
794.698
794.94
795.135
798.795
805.304
808.627
765
771.202
766
770.381
906
886.001
871.836
868.902
789
793.772
787.8
782.877
781
780.736
782.792
785.183
785.729
784.791
765
766
763.829
764.05
761.771
761.81
765.564
782
783.834
785.345
785.924
786.934
786.483
785.165
783.331
782.298
781.766
742
752.298
711
718.635
716.976
719.421
718
722.507
726.857
731.054
735.252
739.191
742.631
745.088
746.892
748.447
749.588
749.317
748.474
820
810.887
802.222
796.7
813
808.028
799.709
793.454
789.999
786.748
782.297
777.877
776.033
775.183
774.069
773.05
771.121
844
834.329
781
794.603
797.641
793.564
786.593
786.868
789.378
787.617
836
824.055
814.559
813.459
813
808.54
800.547
795.105
794.121
795.178
813
808.185
805.196
804.165
805
804.283
859
846.823
839.123
930
851
856.703
857.149
847.593
844.432
842.604
837.421
789
805.471
803.206
798.92
803.126
742
764.877
765.007
766.733
765.803
766.853
773.595
780.145
784.9
782
783.851
786.76
790.01
791.26
789.884
788.992
750
761.796
762.642
719
728.162
728.459
730.701
732.776
736.547
740.716
744.104
746.768
891
855.36
839.236
835.378
829.543
817.515
804.807
796.263
791.339
726
732.396
1188
977.713
887.688
836
835.542
835.722
833.132
805
800.586
803.999
813.98
815.51
1070
992
901.764
885.853
893.302
895.073
883.529
871.208
869.778
883
882.659
969
943.485
908.159
901.265
906.283
899
885.109
866.729
859
865.042
868.401
781
789.296
891
867
855.241
844
1274
1106.46
898
891
921.764
921.306
877.605
874.662
906
924.306
890.562
866.114
843
875
882.598
870.139
848.495
848.124
855.734
930
882
857.069
945
1000
946
905.9
914.969
933.548
931.54
899.494
758
775.334
820
860.21
851.464
832.779
838.246
863.567
880.659
871.217
844
789
796.293
953
950.907
922
797
797.109
831.172
873.061
869.944
835.842
836
848.765
873.145
876.363
850.081
818.122
882
922
852
828.24
838.253
857.484
863.928
836.61
822.855
782
875
880.404
864.383
765
780.98
809.917
832.617
820.093
790.924
786.393
811.97
835.459
830.762
802.576
787.947
805.974
829.624
830.922
808.325
828
831.323
844
820
809.757
813.147
1008
946.867
774
758
765.82
781.039
786.823
785.153
773
782.664
803.577
816.949
808.467
758
773
788.874
820
813.72
788.558
778.502
780.787
801.098
805.596
796.944
780.985
775.583
784.792
743
789
783.349
780.801
1297
1041.37
922
921.263
920.804
882
869.619
869.161
804
852
854.138
853.019
848.67
848.212
890
886.234
789
803.423
805.89
868
852.763
850.604
856.094
864.838
861.823
847.265
840.671
849.076
853.488
930
908.014
765
829
845.986
854.756
835.69
817.395
829.132
844.769
813
810.318
813.543
825.529
829.862
818.366
814.823
823.98
797
799.453
800.524
802.643
801.277
802.508
804.988
828
824.545
824.052
823.844
824.753
836
830.467
827.348
782
804
803.755
804.558
836
828
813
814.632
898
889.25
876.668
789
802.881
734
738.965
739.558
743.297
748.951
757.074
766.937
774.195
778.682
780.219
781.427
782.572
782.452
781.569
750
755.993
755.923
756.781
742
746.463
746.683
747.364
746.88
746.799
747.579
914
872.055
851.11
840.985
836.976
825.658
711
716.276
717.485
722.155
726.774
733.863
746.568
759.57
828
825.472
809.751
804.005
802.282
793.614
789.756
785.75
783.21
773
758
758.074
754.345
752.708
750.267
750.252
750.688
844
839.934
831.851
804
804.646
812
1024
962.592
911.24
805
798.172
812.181
834.563
834.14
810.508
785.328
781.721
806.422
841.585
843.814
815.821
785.924
783.308
804.885
828.361
829.382
814.982
791.557
790.705
801.762
836
840.416
828.223
805.501
794.688
789
799.207
806.593
805.666
969
942.253
758
727
729.19
735.255
740.816
745.903
755.795
789
804.768
803.488
953
936.778
899.672
766
767.333
773.952
782.897
844
844.194
839.955
703
712.638
716.915
728.499
739.405
741.057
738.541
734.745
734.255
743.831
844
860
842.28
774
882
891.855
945
912.705
875.504
843
846.766
859.992
863.803
789
783.84
787.318
801.841
808.7
798.659
789
797.881
813.549
819.548
843
830.34
825.286
831.062
838.298
836.902
828.837
820.891
818.772
823.715
1109
883
874.257
875.012
874.123
856.542
852.904
856.759
857.559
1008
948.919
907.143
908.589
910.1
875
946
937.012
836
857.394
866.153
865.695
930
933.097
914.636
912.856
913.998
899.756
885.241
890.673
890.289
813
828.648
836.348
837.709
836.923
843.677
851.749
851.881
1304
1106.65
938
937.99
758
755.49
755.885
760.219
763.558
767.499
778.338
788.841
791.448
791.432
791.237
790.906
906
903.37
894.636
891.073
892.28
890.237
938
925.221
914.515
907.376
766
774.769
772.096
774.205
777.612
783.61
791.856
799.956
969
957.064
940
932.451
928.847
912.053
891.25
874.683
843
838.901
828
781
779.161
780.385
784.869
789.428
796.123
804.071
810.211
815.645
820.929
825.35
828.873
831.586
833.109
833.571
833.432
832.991
830.237
828.024
825.987
822.774
819.341
817.32
815.5
814.11
812.984
812.1
812.566
977
928.786
911.152
750
761.082
761.32
763.351
766.147
770.911
780.221
793.698
803.535
875
883
861.876
844.524
840.989
841.739
820
809.644
809.152
813.561
757
763.806
765.104
767.602
766.703
867
1234
1073.22
997.649
996.454
773
852
871.642
843
819.796
819.406
836.119
848.809
843.991
829.427
827.236
832.872
968
945.868
890
890.419
901.899
907.344
885.332
945
852
858.452
865.756
953
1047
998.776
963.312
963.116
962.831
944.377
920.68
1227
1132.82
1056.92
1054.52
1055.5
1022.6
979.47
812
814.981
827.575
868.266
867
878.529
913.741
943.096
943.733
936.777
937.033
938.63
932.882
930.809
930.136
844
828
828.305
859
961
969.309
958.854
952.493
946.926
1156
1121.25
867
868.539
878.929
1289
1144.3
1041.81
1014.27
1028.87
852
848.614
1226
992
943.329
957.037
991.731
989.413
956.408
957.805
975.381
975.453
915
910.243
931.354
936.263
910.883
899.629
918.098
926.863
904.39
891.877
765
772.474
775.674
784.985
790.957
799.653
815.872
834.942
845.209
847.092
848.637
851.921
854.021
853.123
850.775
848.982
848.163
846.403
841.781
841.567
838.066
834.68
832.129
829.813
828.147
826.978
826.365
821
825.939
829.275
832.88
875
870.796
766
789.721
792.043
796.14
1000
942.317
899
897.77
893.773
875.739
855.949
852.728
854.247
854.166
848.618
845.875
846.165
774
780.652
781.579
784.894
785.939
786.488
795.386
804.99
891
892.123
882.754
877.971
852
844.444
835.553
828.902
824.308
820
818.854
818.85
817.351
815.083
797
805
803.163
804.062
899
892.037
888.97
886.005
812
821.8
816.426
811.868
807.024
807.34
811.296
814.643
814.449
813.121
812.716
813.295
688
715.064
716.854
722.428
727.097
734.768
745.521
754.806
762.164
767.333
770.691
772.499
772.969
772.734
772.082
772.203
771.863
769.635
766.833
767
763.862
761.011
758.351
756.949
758
756.77
756.204
756.918
757.819
1093
944.626
894.712
892.306
883.902
857.513
832.956
824.115
822.194
821.277
813
867
872.788
865.803
857.242
856.506
855.028
848.432
838.548
838.762
841.109
1016
987.048
956.181
941.532
939.775
927.327
906.748
890.305
885.06
886.845
887.609
882.683
877.396
877.071
877.876
876.935
870.38
862.126
857.484
858.459
861.591
864.184
867.162
870.786
874.676
879.126
945
935.1
931.235
923.459
917.75
911.549
904.838
883
884.546
882.906
789
799.325
800.313
844
855.412
805
814.981
824.648
835.071
836.938
836.601
828
834.019
841.781
843.712
838.665
833.405
898
894.266
880.558
864.842
866.539
871.198
866.144
855.963
852.181
855.435
856.88
852.394
846.909
804
813.217
818.511
824.903
820.971
836
839.416
845.603
1031
979.09
951.651
940.75
934.475
917.102
897.505
851
850.336
854.726
781
852
862.657
864.052
861.028
867.666
871.5
828
829.049
832.547
831.85
782
835
838.067
833.658
820.011
834.271
758
773.474
812
802.504
798.036
803.428
809.974
810.083
803.419
914
889.096
870.883
867.48
805
809.05
806.161
801.759
800.149
803.228
807.439
807.548
806.97
804
803.824
804.03
803.98
802.561
800.976
800.993
804.068
805.985
875
891
883.412
875.786
805
809.92
805.627
802.275
799.366
703
828
817.003
821.061
803.746
836
839.556
837.535
821.971
814.333
820.094
825.019
819.374
804.72
814.235
815.93
815.156
804.151
796.726
799.151
803.601
914
888.486
835
834.574
840.444
844.562
833.96
822.304
820.761
826.9
830.46
823.264
814.614
820
789
798.341
800.678
802.164
798.6
798.882
803.342
807.653
808.623
808.894
810.789
812.702
813.26
891
804
816.622
818.781
816.389
810.962
811.421
811.294
810.513
809.54
809.087
867
847.104
843.646
843.448
840.658
835.405
829.747
826.362
797
810.829
807.891
808.557
805.581
807.926
809.844
812
810.839
985
932.079
911.368
907.757
899.424
883.941
868.668
859.117
856.713
853.377
847.636
843
843.276
843.668
842.549
841.031
898
887.263
878.461
877.293
882.476
881.857
878.581
876.229
875.929
852
857.183
856.059
854.237
851.241
883
878.603
805
829.269
831.38
844
838.767
842.676
847.606
849.014
847.537
847.469
848.796
848.832
847.695
846.082
845.546
846.491
845.348
843.195
843.157
844.596
842.195
841.713
841.222
842.72
842.959
843.586
907
893.532
887.571
881.661
877.116
872.736
867.15
862.524
859.354
857.345
855.242
853.363
852.423
851.839
850.714
850.387
849.07
847.156
765
844
914
1008
930
922.901
920.441
915.104
900.135
882.812
875.754
878.167
880.565
930
913.251
896.756
893.227
896.962
900.689
888.252
873.684
871.885
797
802.757
803.066
808.772
815.818
826.349
837.686
844.83
848.773
891
891.796
891.056
890.84
889.211
884.949
880.264
877.278
873.445
869.933
868.476
864.344
861.293
858.982
857.192
856.645
856.093
855.525
854.941
856.197
860.8
864.778
869.216
872.627
875.282
877.292
813
830.51
1071
965.217
828
835.732
845.943
851.095
1015
970.458
844
847.367
871.278
889.728
873.616
840.796
841.189
867.384
887.653
878.384
945
942.805
928.852
901.435
899.773
904.062
902.999
881.482
871.83
884.374
891.262
884.783
874.825
877.504
883.193
884.046
877.431
871.194
937
931.171
924.142
910.398
916.43
918.737
875
879.541
781
789.282
790.032
795.145
801.899
814.639
829.546
1117
1029.53
984.076
981.377
975.76
947.246
945
933.706
922.607
911.826
906.374
903.133
901.202
805
810.574
810.865
814.407
816.981
819.26
835.716
850.953
861.167
868.505
874.199
878.341
879.721
879.338
781
789
788.392
797
766
772.614
779.439
787.173
787.221
788.586
774
812
815.406
813.71
843
845.403
841
835.117
946
918.774
900.477
888.998
890.762
880.685
867.931
861.741
862.378
992
949.985
1039
1019.25
986.65
975.551
973.743
956.194
934.855
797
803.524
806.048
814.08
824.522
843.555
864.792
874.464
877.289
878.997
880.241
797
802.967
750
749.396
749.831
969
939.371
907.383
906.695
902.656
881.23
857.507
750
749.948
751.576
759.963
771.327
781.562
794.208
808.947
816.236
852
849.69
833.964
831.349
832.776
831.757
804
803.501
803.527
1063
952.789
904.212
901.304
900.347
883.697
856.609
844.626
846.944
852.429
851.614
828
826.337
831.969
838.918
837.069
825.724
820.873
821.064
825.916
827.63
826.608
827.658
831.282
836.949
840.018
838.489
837.648
875
1023
995.185
972.344
922
1032
1022.04
994.632
964.974
964.045
966.978
962.049
797
807.761
815.907
984
972.553
937.364
935.052
952.88
961.863
946.467
919.871
918.215
796
800.319
992
989.857
959.917
916.577
907.019
781
781.611
785.944
805.014
824.729
833.588
842.604
1172
1097.39
1010.89
974.909
974.626
906
879.285
797
790.083
791.697
1000
996.483
962.858
954.149
951.746
821
818.105
820.242
992
983.502
805
804.399
1093
1028.03
942.979
874.594
884.111
926.813
929.272
883.063
839.518
853.215
910.301
789
766
777.158
808.606
813.98
803.253
802.107
817.092
833.968
826.063
812.134
823.128
834.662
829.85
814.836
815.803
822.999
827.61
818.275
812.022
814.509
818.046
816.867
844
835.762
833.101
831.806
831.734
831.621
829.09
805
810.796
811.552
812.437
810.673
811.032
813.067
1016
945.803
916.076
805
810.795
811.274
812.267
810.293
807.803
809.511
796
798.966
799.968
799.819
798.275
797.872
797.89
798.139
797.962
796.739
799.046
844
838.329
899
893.24
886.615
881.4
874.371
867.344
860.519
969
943.65
925.713
916.78
915.33
905.431
892.938
1094
1023
980.899
781
789.598
1148
1053.43
976.155
941.893
867
870.561
1164
1081.51
986.164
916.232
918.657
974.461
1005.02
991.52
907.284
876.337
910.344
930
922
937
917.016
829
812
875
926.957
926.746
904.761
872.043
866.3
885.786
875
883
869.02
860.535
862.124
836
852
856.18
855.622
846.905
842.64
841.392
828
831.311
832.343
703
729.053
729.498
735.039
739.092
745.545
754.185
762.615
770.543
776.73
781.135
835
834.985
833.872
832.428
930
915.385
896.192
882.21
883.066
876.58
864.494
855.422
853.157
757
875
1165
1044.42
976.805
969.405
968.957
829
827.784
831.567
840.931
820
820.412
843.633
866.072
861.462
852.305
855.69
863.962
861.452
789
797.215
809.711
816.017
812.366
807.722
836
844.295
953
1196
1090.88
1030.53
1026.49
1016.85
984.671
953.71
950.856
805
804.521
809.349
898
928.594
927.579
929.815
932.726
932.46
1140
1107.76
1063.48
1052.7
852
852.315
857.423
871.615
812
808.178
818.95
961
836
830.584
845.434
820
816.614
816.045
821.079
820
819.433
819.895
821.694
822.507
820.439
818.247
766
782.976
781.674
781.432
779.854
781.725
860
861.627
859.616
855.297
796
800.857
797.434
792.989
787.772
844
848.346
841.589
1203
1058.34
982.914
930
926.789
797
844
863.533
862.206
906
916.692
908.525
901.701
900.36
969
906
898.82
896.653
945
911.852
907.235
911.158
915.386
902.205
896.848
899.501
1039
986.266
951.772
959.336
898
985
959.652
936.413
925.442
936.145
898
899.224
895.774
805
821.079
1156
1046.2
982.54
805
808.525
810.313
816.192
816.328
816.836
824.89
844.905
857.432
857.145
850.805
848.851
848.616
849.631
848.185
843.734
841.652
805
806.099
807.563
899
887.592
789
801.639
891
891.068
872.69
937
940.016
921.721
896.632
898.068
900.65
757
775.245
783.847
792.19
789.987
797.269
816.748
827.143
825.129
797
806.714
789
789.762
788.962
790.667
794.157
750
757.47
760.604
763.495
762.127
762.117
1071
958.905
909.869
789
789.466
787.743
786.738
784.366
783.013
859
873.35
848.486
818.605
818.147
813
812.31
806.572
798.784
796.137
798.005
750
750.679
752.302
756.327
759.77
762.155
805
810.905
696
716.069
719.767
722.535
722.741
726.126
732.267
737.605
740.171
741.629
744.669
747.074
746.527
812
800.05
788.561
784.836
969
920.62
836
834.45
836.327
828.973
868
848.23
833.579
832.622
1204
1109
1031
995.548
995.09
990.678
960.191
917.422
912.254
920.479
790
793.717
800.322
807.651
809.82
813.877
826.762
832.771
832.567
834.117
842.177
847.36
849.774
852.2
854.57
906
899.823
892.303
882.1
885.16
880.946
874.429
868.719
836
840.512
839.079
840.227
836.455
781
788.638
791.952
801.063
891
885.053
876.973
873.97
873.915
870.391
861.12
850.936
633
677.204
681.228
696.879
709.896
1015
949.274
900.731
897.026
893.809
880.192
858.872
898
821
750
749.415
751.49
755.279
756.622
762.981
953
919.679
781
783.155
844
855.501
839.22
814.41
815.217
812
813.963
799.463
788.905
791.981
803.133
807.214
789.812
773.797
772.592
784.339
797
794.067
785.82
781.708
875
882.409
871.28
848.827
841.781
847.71
797
793.901
789.653
791.086
793.58
890
885.551
868.873
858.343
858.125
883
871.25
854.083
845.124
847.917
849.26
841.764
832.495
829.916
834.411
837.743
834.415
781
792.149
800.081
810.14
806.871
803.577
807.749
815.424
822.241
819.739
816.537
817.675
852
853.559
845.84
837.743
838.165
842.11
842.69
835.408
830.977
830.759
805
812
811.31
765
776.657
779.365
784.408
786.772
791.083
796.116
801.483
804.512
806.294
807.609
808.559
809.367
808.951
766
776.877
778.015
780.774
777.676
779.985
780.738
781.582
781.271
780.229
779.707
780.533
781.602
782.855
783.547
785.545
906
885.016
869.848
860.942
854.296
851
839.903
830.522
825.254
821.622
817.987
813.601
828
825.643
821.705
818.318
1125
1019.29
965.878
962.106
958.985
931.081
901.896
898.287
898.642
896.329
883.77
880.386
882.426
969
957.727
924.715
914.896
919.813
836
840.667
805
805.478
807.634
813.693
757
765.671
769.091
774.906
777.943
783.973
792.909
799.559
802.89
806.787
810.504
813.25
813.725
814.027
811.998
811.954
929
908.325
893.956
907
992
973.048
875
884.104
891.83
882.402
864.376
865.158
877.115
878.178
875
953
1110
1035.24
979.038
992.943
997.023
1094
1030.86
995.806
797
801.392
812.221
969
966.441
928.692
898.768
898.39
919.448
940.6
939.9
914.468
797
798.052
810.732
851.625
872.015
805
795.819
808.427
954
957.296
912.045
867.188
862.162
886.219
904.783
899.079
865.501
838.81
848.569
876.891
859
842.478
824.524
789
798.095
814.996
827.096
822.376
812.537
811.459
821.271
830.64
867
859.51
846.668
840.403
961
956.989
939.761
812
875
896.423
893.315
863.975
839.199
855.916
879.653
883.238
859.084
837.063
851
876.921
883.589
929
875.988
861.716
877.304
894.751
836
829.195
833.762
781
773
774.598
779.893
787.224
795.596
805.157
812.021
815.869
867
865.259
875
876.047
872.524
868.378
861.467
929
917.847
906.014
867
871.56
869.976
862.885
854.799
789
796.053
801.098
811.302
813.138
815.777
825.531
837.213
843.552
839.594
813
813.996
820.055
930
912.27
892.981
873.035
766
771.358
774.572
782.043
789.001
789.777
790.48
794.931
804.197
812.113
773
772.514
774.66
797
799.56
793.258
793.692
796.895
802.523
801.335
795.919
844
851
875
861.786
853.088
848.293
844.665
899
885.642
883
872.15
868.16
865.598
860.677
854.012
797
867
861.466
864.038
891
874.708
872.982
873.158
871.202
865.507
858.703
858.11
859.251
859.467
858.493
858.108
858.433
857.637
854.696
852.909
992
952.627
836
852.329
856.856
856.737
848.367
850.094
828
836.597
839.498
839.549
804
805
814.709
824.052
822.777
813.802
809.929
817.737
898
852
843.503
840.442
847.016
867
854.875
839.171
834.674
836
841.874
835.97
827.008
821
825.902
830.178
828.633
821.585
844
859
862.373
856.076
977
955.479
828
844.948
852.504
845.916
836.85
845.824
855.183
848.446
839.719
847.858
854.591
845.2
836.864
883
820
825.639
831.851
831.353
829.97
835.517
836.394
844
841.716
841.959
842.487
852
848.236
847.754
847.282
847.863
847.114
845.196
843.649
789
803.559
803.914
806.708
805.643
809.329
814.283
882
875.351
867.079
861.502
860.049
854.915
847.966
841.474
839.891
859
853.876
847.052
844.601
843.188
844
840.257
835.376
937
913.871
903.384
899.703
992
970.14
947.633
937.631
940.213
927.048
984
946
851
866.419
877.055
878.141
867
867
882.401
893.206
859
914
923.281
909.509
898.09
911.109
914.103
836
851.956
868.524
868.569
850.338
861.947
873.964
866.896
853.619
863.991
871.124
861.236
852.338
860.047
899
844
851.267
828
837.672
937
904.482
889.963
890.855
875
869.713
861.925
858.245
867
945
927.84
912.351
909.691
911.123
903.282
890.374
891
889.459
887.887
882.72
881.861
882.407
882.297
805
819.81
823.362
830.026
831.265
922
931.245
924.563
906
914
906.988
895.123
887.437
859
861.88
813
816.926
819.572
825.611
829.517
851
856.668
857.737
857.256
856.652
859.062
859.675
860.064
860.057
961
944.782
843
857.442
875
867.943
854.664
857.016
865.937
813
822.356
832.353
813
813.773
823.964
830.675
953
914.919
893.974
900.815
977
946.222
921.937
918.497
923.726
913.328
875
873.295
882.125
886.048
874.751
828
842.765
858.838
865.916
847.232
840.901
855.701
868.532
867.2
859.541
857.785
844
851.648
929
905.967
888.858
804
815.63
832.25
843.664
837.717
823.161
1071
1014.36
957.744
923.522
929
929.943
976
933.437
900.492
907.279
934.312
936.8
907.445
880.939
888.93
916.906
925.613
896.102
872.074
893.507
914.611
919.163
897.322
820
930
947.641
945.24
901.201
882.183
906.027
923.594
915.672
820
837.079
865.965
882.83
864.515
840.222
860.75
887.863
893.524
862.712
840.377
828
847.492
860.021
968
910.868
870.172
868.183
889.253
903.75
896.039
868.888
851.516
863.568
879.274
883.732
866.535
868
906
912.148
890
866.761
868.41
885.48
892.93
879.722
864.073
870.907
882.398
887.168
874.953
861.74
866.815
876.544
881.615
872.956
860.837
821
828
839.722
847.501
844.432
839.867
812
819.267
867
874.829
812
805
820
833.042
883
859.92
837.303
833.048
847.115
856.429
847.761
828.056
836
937
928.914
901.317
851
857.843
880.625
887.988
868.151
898
844
848.703
858.01
1070
985.638
921.388
902.723
915.383
919.263
911.573
877.259
877.941
868
871.122
929
852
852.523
867.108
886.257
984
922.762
805
804
814.817
830.769
835.114
804
805.573
821.13
839.697
839.542
821.061
810.084
914
926.832
899.218
867
863.416
953
950.319
910.233
877.832
961
967.206
942.255
899.236
907.155
928.814
928.769
901.696
878.053
898.786
920.195
915.906
887.832
877.612
899.563
914.911
910.005
884.275
876.888
896.166
907.047
901.971
881.962
878.541
891.923
900.116
836
842.876
854.42
863.694
859.686
848.687
857.265
867.577
870.652
860.918
857.984
864.786
870.423
866.812
861.18
864.137
906
897.529
888.505
880.253
882.385
884.085
879.349
872.932
871.641
873.006
873.1
828
840.654
844.965
849.207
846.237
847.032
844
906
1054
1008.54
844
852.561
858.559
969
950.389
820
823.269
846.99
884.625
884.334
849.068
852
876.365
900.89
897.065
857.618
766
776.774
799.012
914
896.269
852.462
822.655
1219
1088.8
977.327
911.201
913.695
944.291
977
925.291
867.667
859
902.017
951.483
934.635
867.665
847.65
876.278
922.474
921.806
883.376
856.481
865.301
843
851.767
853.279
1008
964.578
925.992
907.146
912.214
920.302
908.02
887.053
885.072
953
950.819
927.522
902.529
914.546
929.383
926.641
899.854
879.196
898.007
922.251
976
938.359
852
864.218
835
915
917.737
898
828
813
828.084
854.773
868.05
844
824.435
824.694
844.142
861.846
863.596
842.664
821.861
898
860
852.584
835.588
832.992
842.627
848.22
841.656
805
814.871
825.873
833.733
825.931
811.765
883
890
877.483
852.498
853.501
862.358
864.146
883
860.481
855.007
860.581
866.946
805
867
857.977
853.583
842.16
845.063
848.212
847.715
843.853
845.252
849.368
847.586
844.396
875
863.708
867
861.039
860.406
857.384
856.056
852.107
813
825.825
826.017
826.904
825.492
828.788
832.112
834.744
835.682
835.293
836.237
813
819.859
891
881.331
872.032
864.537
866.455
866.235
858.677
851.044
847.924
847.963
845.623
841.723
838.153
838.271
945
923.877
908.549
867
914
916.497
905.691
887.174
882.608
888.984
945
924.293
901.507
892.381
904.352
912.324
903.106
836
848.856
872.348
883.343
871.211
853.12
866.035
884.623
889.634
1023
960.989
921.889
920.868
836
837.722
839.792
846.635
847.538
1094
1035.17
985.964
984.952
860
860.283
861.547
862.449
860.222
858.705
883
891.594
890.176
885.384
836
837.96
839.863
841.154
839.954
838.968
845.377
851.931
855.258
852
851.231
852.404
930
925.74
917.684
904.982
903.195
901.84
953
935.559
922.128
913.999
915.435
913.838
906.191
897.176
938
933.696
926.897
915.928
911.729
913.899
910.324
904.159
902.963
905.398
906.359
904.722
905.438
907.632
909.341
910.243
910.138
909.41
909.047
908.849
913.736
915.959
917.244
916.962
916.035
916.482
915.168
912.932
911.271
910.64
910.288
909.373
909.026
909.684
938
930.383
927.322
923.593
921.561
920.079
917.429
915.31
915.175
915.123
915.228
914.981
913.987
913.539
912.635
910.766
859
805
797
789
792.477
803.457
782
781
851
870.326
879.275
961
971.055
955.801
942.013
938.354
927.166
913.149
900.625
896.111
1024
875
881.322
892.543
886.863
953
947.411
930.58
930.969
930.281
915.899
914.237
915.302
911.472
907.872
907.651
908.637
905.202
903.003
901.208
899
906
900.816
901.868
901.755
906.134
836
854.429
858.279
862.765
862.862
868.082
874.301
878.573
880.041
880.703
882.168
883.166
883.367
860
867.161
871.986
906
893.745
884.688
812
820.803
826.136
834.157
834.097
833.147
837.405
1047
1000.06
859
860.463
872.291
882.833
865.348
867
875.47
890.182
888.769
862.297
860.257
870.976
852
848.288
843.753
843.092
843.22
840.796
840.358
930
918.024
909.939
903.697
904.702
897.059
887.475
977
958.258
940.735
934.996
937.315
925.646
911.556
908.462
1078
1019.8
977.101
975.018
983.488
965.023
937.305
942.556
828
836.61
839.942
848.927
855.853
828
868
953
953.98
859
861.937
875.853
886.928
876.975
922
930.111
921.855
899.747
899.365
907.984
902.142
812
823.331
836.742
890
876.609
857.142
868.146
885.013
954
928.331
828
837.62
867
884.909
872.716
805
814.557
844.947
866.527
851.074
821.694
824.531
851.3
718
730.14
735.455
743.142
747.35
688
699.456
707.178
717.258
720.187
532
659.776
669.279
681.986
676.948
673.228
679.769
692.961
698.782
694.873
690.086
617
651.246
656.922
656.781
578
617.195
620.507
623.697
620.474
616.757
619.515
621.284
621.473
621.187
766
721.569
1023
903.941
1007
982.917
944.662
867
865.174
851.832
833.096
822.613
821.347
820.087
815.13
809.946
774
773.888
771.46
770.274
767.478
767.658
769.532
773.67
776.192
778.233
780.944
937
929.428
918.112
907.896
904.912
895.713
881.367
869.411
863.951
860.63
856.189
850.6
845.772
842.422
838.47
833.998
828.616
822.587
816.723
875
859
864.56
868.036
871.947
872.396
870.919
868.421
866.372
864.074
861.619
859.158
1094
998.824
852
862.902
870.118
921
805
820.411
841.154
856.662
843.982
836.521
858.284
1274
1084.16
958.564
958.419
976.469
966.073
899
898.624
935.193
942.397
906.547
881.156
905.096
935.451
931.796
881.26
914
828
830.109
830.751
836.365
837.723
820
844
855.229
858.14
907
903.909
900.958
1016
882
883
886.345
874.584
873.143
878.154
876.296
874.455
875.735
874.492
872.46
813
831.794
832.187
969
919.191
907.589
898
895.39
891.98
880.112
836
1024
981.596
947.115
820
835.314
1281
1107.49
980.749
968.535
987.499
946
901.85
901.389
933.778
958.283
944.061
905.086
907.637
931.347
941.618
1242
1082.99
821
820.536
842.496
895.588
895.203
876.589
874.216
907
930.35
919.907
882.517
882.059
895.551
901.432
885.954
854.878
828
831.722
842.634
847.23
839.466
1203
1081.52
995.535
986.447
988.008
969.614
961
938.484
938.144
937.696
859
857.856
861.619
864.16
862.007
861.644
863.887
863.609
906
903.57
905.158
911.523
916.033
916.205
915.286
915.2
915.34
1000
989.84
974.518
966.477
964.054
953.682
844
850.875
852.293
854.93
856.074
867.441
881.858
887.598
886.278
890.553
897.223
896.307
892.728
892.074
895.608
897.676
897.939
896.637
896.121
896.618
891.962
889.755
887.428
922
913.6
910.995
1102
1141
1095.4
1077.77
1074.89
1048.98
984
985.09
988.884
976.841
962.933
970.626
1039
1026.45
1000.88
1140
1119.46
1069.29
1069.28
1075.53
1051
1032.92
1047.38
852
864.291
874.65
877.468
880.94
805
817.289
930
942.143
937.865
925.723
936.881
950.43
947.596
932.106
922.157
924.274
929.24
937
914.806
904.76
1140
1071.3
1007.41
982.762
988.144
985.532
957.996
934.708
947.458
965.347
964.083
937.894
934.319
867
873.862
884.035
890.722
887.172
881.947
1110
1072.73
1037.9
1026.08
859
863.084
953
951.687
932.31
903.051
1290
1182.03
883
882.977
936.258
962.994
914.872
904.895
954.664
995.114
967.163
915.499
936.306
966.53
1188
1048.02
962.334
968.955
999.522
998.26
965.016
930.905
958.008
995.043
994.864
1156
1080.66
1009.04
1007.63
1266
1182.03
1075.35
1028.2
899
898.771
867
868.001
876.324
902.661
929.052
940.304
943.938
945.567
945.892
944.717
944.029
836
842.3
1226
1079.26
1003.52
1001.79
1002.91
988.297
1101
1061.09
1014.12
1007.88
1015.28
1012.34
977.774
967.73
981.881
988.135
1102
1035.11
1001.3
1025.93
1029.1
1007.06
979.139
993.711
1012.17
1002.54
980.491
997.483
1011.88
1000.85
977.26
991.341
1003.93
989.778
672
716.685
730.901
768.943
797.424
823.363
867.349
906.694
648
649
657.164
664.446
667.097
672.586
685.255
697.654
705.595
710.74
713.886
715.065
714.087
712.938
711.487
664
667.936
667.134
667.118
703
703.002
705.67
709.442
713.885
716.073
714.784
713.694
712.792
797
781
775.332
769.985
767.725
764.221
757.731
752.189
748.311
745.462
743.072
739.513
736.92
735.002
733.545
732.938
719
723.272
703
710.263
710.239
718
720.526
724.247
728.144
732.234
734.539
735.299
735.125
734.814
734.214
733.596
733.111
733.165
733.123
733.077
703
711.982
703
704.605
704.302
705.469
707.483
709.763
712.42
726
735
734.542
734.635
734.29
733.451
732.85
731.802
731.009
730.542
729.568
729.017
773
852
1250
1050.62
974.494
967.698
952.205
1133
1075.76
997.487
781
1336
1125.51
992.769
983.652
1007.7
1017.68
1004.06
928.168
925.359
949.076
836
834.425
849.185
866.392
863.996
854.533
857.201
861.63
857.178
852.677
856.184
862.855
863.403
862.645
865.254
1125
1042.29
993.247
982.271
820
946
925.766
901.228
872.124
876.108
894.441
899.792
805
820.909
845.046
855.747
842.472
828.193
832.938
853.076
852.533
832.071
828.314
850.397
864.06
858.509
976
959.072
789
803.189
812.592
815.793
914
875
865.89
1226
1094.1
1014.93
773
774.299
773
780.163
780.948
868
885.468
881.364
873.84
872.909
869.208
828
819.948
781
779.545
779.119
778.669
780.761
782.436
786.594
1187
1037.68
1000
989.97
979.211
944.726
912.774
969
968.763
948.538
917.361
906
907.872
1078
1025.59
959.445
936.731
942.098
949.331
929
905.527
908.603
932.924
948.848
932.176
905.607
915.373
941.556
948.007
898
879.348
896.452
922.597
924.255
902.419
891.876
905.227
917.913
945
919.492
899.384
909.446
923.413
928.099
912.312
893.836
900.283
912.3
917.55
908.073
893.537
896.921
905.572
910.549
903.672
891.602
894.593
902.749
914
909.895
900.318
899.13
1125
1047.15
997.719
982.263
852
855.692
857.577
861.842
861.754
863.603
875.578
891.419
892.82
888.83
887.425
889.294
889.912
887.755
885.245
884.062
887.003
888.212
885.111
906
900.158
897.917
894.428
891.904
1156
1039.32
997.34
996.637
989.413
961.879
944.861
943.633
943.129
937.824
930.073
928.633
860
851
851.049
853.284
855.04
856.254
858.001
865.685
1180
1080.04
1027.88
1025.08
1022.08
991.096
958.325
949.372
949.009
948.03
934.723
930.426
931.448
931.119
923.962
919.788
917.726
915.255
912.322
912.365
916.562
922.354
927.118
930.546
934.004
938.007
977
844
864.385
866.497
869.051
868.58
875.205
882.998
886.59
887.689
889.397
890.923
890.84
890.303
889.856
906
898.034
897.528
891
890.759
892.308
813
829.612
832.036
835.568
837.066
843.463
850.822
856.317
922
911.469
844
857.918
862.465
859.077
848.633
851.886
859.702
864.154
853.329
945
923.275
868
1257
1157
1033.99
1043.58
921
1227
1095.98
1011.61
1030.55
1030.09
967.023
970.121
989.353
981.972
934.261
1156
1104.9
1018.34
1017.83
1039.67
996.719
813
812
837.724
875.523
880.894
897.323
937.365
960.221
940.314
937.66
951.051
914
899.12
904.521
912.098
843
847.207
854.909
856.353
849.96
820
883
885.881
877.565
869.295
876.792
882.411
876.384
865.581
703
731.876
734.635
748.204
754.229
804
828.002
837.034
837.431
837.173
835.314
827.492
820.938
816.207
1055
1000.05
957.695
937.406
936.092
916.771
892.251
873.01
865.669
1172
1078.62
820
817.41
946
969.29
914.636
870.936
887.885
1203
1083.7
975.977
955.777
859
861.206
877.519
885.654
872.131
854.582
1016
1017.24
946.105
898.809
923.228
946.482
932.07
884.81
882.119
901.514
913.398
896.067
867.516
888.263
910.907
912.435
881.994
861.131
878.711
902.407
904.743
881.023
867.581
879.017
892.05
883
867.967
860.585
870.854
880.009
880.277
836
841.599
954
944.952
917.662
886.56
899.243
915.68
915.156
891
871.545
884.036
901.301
903.356
882.164
828
842.578
873.337
887.892
870.873
845.418
852.411
873.125
1141
1023.1
931.67
909.569
928.5
948.586
940.98
898.251
868.88
884.488
923.842
867
847.12
945
1180
1064.83
953.22
948.639
980.027
975.606
932.617
898
829
839.317
863.047
884.695
878.318
836
835.556
914
943.715
922.595
870.287
865.536
887.391
908.384
905.426
883.108
860.456
869.695
891.133
897.64
883.857
859.632
1141
1061.79
981.379
940.548
963.021
980.937
960.367
912.025
915.984
950.049
1242
1047
972.767
978.869
1016.45
1016.16
964.551
812
814.955
977
1034.5
970.796
909.054
917.731
977.954
1008
899
872.001
903.034
952.915
952.223
902.491
836
858.883
910.463
931.219
946
886.578
872.704
904.511
931.675
929.752
804
899
921.529
1078
989.901
920.844
919.131
951.276
1047
997.198
937.709
820
834.389
877.453
923.69
909.328
864.691
850.852
898
940.136
940.857
899.301
860.256
870.507
900.998
916.639
900.48
864.624
858.948
880.184
898.274
896.868
874.175
854.577
906
836
838.969
838.3
841.084
844.523
847.614
850.1
852.186
854.579
856.358
856.693
857.16
937
915.049
912.221
910.705
904.73
899.088
890.91
888.181
883.211
879.28
876.131
874.455
873.354
872.072
870.542
870.237
868.472
866.966
865.929
867.28
871.457
875.622
879.726
883.809
886.768
1226
1149
929
937.351
938.255
934.721
921.187
920.44
851
852.312
853.757
1008
995.542
836
835.892
854.64
1000
986.453
920.974
908.622
969
991.588
971.65
917.698
903.795
1063
1048.67
983.799
925.542
914
958.599
974.965
940.125
897.595
918.238
965.617
976.968
820
826.926
852.779
893.405
891.855
865.142
864.028
901.586
914
899.865
953
964.339
949.956
922.17
927.407
890
887.935
1132
1052.36
983.312
844
848.434
992
974.468
930.186
898.209
913.845
954.065
1070
1015.18
936.566
920.919
959.691
993.927
981.91
929.988
1141
1120.07
1046.45
980.333
1007.53
1040.96
930
923.619
971.41
867
1000
1007.89
974.209
971.279
994.518
978.04
938
952.986
962.809
937
969
981.81
954.118
948.281
966.991
955.286
935.321
950.19
954.673
938.514
939.01
949.899
946.21
937.472
944.395
947.563
946
940.173
835
848.377
851.413
856.092
859.074
813
822.41
833.165
848.528
853.236
850.894
855.885
1164
1076.23
1003.49
978.622
979.691
976.98
947.105
914.977
914.37
923.255
922
903.69
896.532
899.893
905.796
969
945.969
914.914
909.548
921.349
930.19
924.613
912.257
909.491
917.416
924.683
918.983
909.329
905.265
976
969.426
955.347
932.478
938.637
947.195
898
900.069
904.917
910.22
1055
1023
922
936.755
953.841
949.372
922.261
953
967.833
962.791
935.745
941.753
938
937.066
917.414
789
801.711
808.57
821.355
827.923
840.429
862.565
1196
1099.15
1032.24
1029.63
844
840.863
1016
1005.57
959.585
912.144
1094
1082.4
996.433
821
823.289
871.475
947.072
931.488
883.851
882.947
899
934.905
930.292
892.971
863.739
914
948.346
947.175
908.244
875.855
885.056
906.828
915.478
898.52
871.724
878.236
1023
1006.6
836
838.203
856.754
886.267
882.011
857.522
859.099
930
952.654
921.096
880.198
895.137
860
860.337
858.004
856.173
854.934
855.962
858.265
859.354
856.026
1171
1059.49
883
885.143
892.456
892.552
930
929.663
928.186
926.616
925.037
920.433
910.813
905.514
903.294
1000
989.546
963.246
940.917
941.939
941.956
930.085
919.749
916.387
946
946.123
836
850.592
858.901
869.129
929
926.778
926.957
928.477
929.641
925.957
919.621
836
938
931.071
926.534
890
904.049
914.281
875
878.189
885.775
887.997
883.587
880.169
889.782
892.477
886.733
977
951.173
926.566
930.172
969
949.712
930.964
914
921.84
918.957
907.66
906.545
912.357
911.632
903.081
899.337
904.789
907.256
992
959.08
828
843.573
847.732
855.251
855.806
860.924
874.599
859
946
937.374
836
1007
1055
987.556
957.064
972.289
969.534
934.292
859
881.729
891
887.758
873.198
888.228
910.336
908.503
879.461
880.125
907.859
912.557
881.855
878.375
901.554
860
855.294
861.786
871.081
867.682
875
968
954.739
1047
1028.3
999.599
999.827
989.772
992
980.5
836
851.526
854.971
861.95
828
838.418
867
879.625
875.553
874.675
930
940.612
921.794
919.311
804
811.134
814.725
968
914
886.928
883.045
892.947
1125
1051.18
978.211
942.178
942.621
951.948
951.168
924.36
887.388
884.255
909.857
934.281
921.209
883.399
877.875
901.402
926.593
924.447
893.589
877.874
888.097
910.924
916.429
905.079
867
867
930
938.969
961
920.372
821
829.685
849.998
875.589
836
824.14
826.847
846.32
862.702
862.013
844.349
836.341
848.718
864.03
867.534
875
851.69
844.536
854.668
864.953
867.398
857.754
845.22
845.543
851.287
856.44
853.501
846.673
977
960.644
812
828.313
835.903
1156
1013.28
940.82
940.547
942.251
929.717
888.381
883
900.89
913.678
904.817
876.019
859
874.118
893.699
836
832.044
899
900.159
873.996
858.552
836
848.95
993
946.485
905.147
889.377
905.569
918.897
908.38
876.175
865.453
881.659
899.273
892.367
867
853.312
868
888.388
886.723
862.053
843.258
883
900.664
922
896.966
873.573
880.226
896.046
901.496
889.506
813
851
871.822
881.312
866.963
843.255
847.521
865.012
937
912.002
880.325
863.922
876.711
894.867
898.293
879.229
855.038
945
891
820
827.107
977
944.373
901.168
828
860.024
888.518
878.367
841.723
848.724
836
1156
1004.07
930
928.956
949.938
948.36
905.401
961
843
855.826
862.76
864.23
1023
983.565
947.933
1133
1070.75
906
924.805
928.962
1164
1064.75
883
892.926
923.703
944.292
910.577
888.509
909.079
953.111
1008
946.767
910.953
932.494
966.349
971.483
932.307
895.449
904.568
924.982
933.019
907.954
887.26
897.583
917.272
923.884
844
846.14
864.709
883.304
881.221
860.787
891
910.757
912.927
875
875.895
890.919
961
929.453
895.018
900.126
917.453
923.76
903.345
880.843
889.786
902.712
945
921.226
895.155
898.367
914.255
922.965
909.343
886.085
886.099
797
805.33
810.439
821.453
828.572
835.063
846.333
856.735
861.772
861.611
861.358
862.95
868
865.274
863.854
864.21
864.859
863.617
860.353
859.887
899
889.111
885.262
880.629
877.218
874.775
871.079
868.255
866.599
866.086
930
918.564
911.46
898
898.356
895.029
852
843
1094
997.816
1039
1027.43
989.486
984.583
982.56
956.102
933.429
935.146
936.594
931.984
920.204
920.52
921.942
921.54
916.706
913.879
911.382
912.569
938
936.448
938.354
942.464
946.423
948.963
948.037
946.557
859
1039
979.98
955.481
820
821
825.584
831.792
833.144
836.315
851.134
871.862
1031
991.211
948.291
812
813.68
914
907
889.341
821
818.35
843.587
873.923
873.154
844.135
817.937
953
969.466
927.386
864.277
863.768
898.565
914.269
883.611
847.134
860.705
892.027
900.577
873.724
945
948.675
927.883
836
860
888.09
896
870.919
852.854
878.261
893.017
880.749
856.703
869.327
885.415
889.017
937
897.483
820
834.012
852.011
864.07
853.529
821
812
826.79
985
950.965
909.873
875.405
875.482
1188
1082.99
980.967
915.391
919.359
977
979.727
939.21
880.321
992
1030.5
999.345
915.34
904.828
959.824
995.447
959.306
893.483
1109
1008
950.611
925.921
974.936
992.947
836
853.486
883
1297
1095.64
898
901.848
963.476
965.358
901.164
894.324
851
866.566
876.899
877.623
868.156
865.594
874.62
885.287
875
855.978
846.769
847.347
850.134
849.676
845.438
845.89
1016
994.22
964.025
942.772
938
930.039
912.592
895.604
889.578
891.271
894.618
890.748
882.359
881.941
883.251
867
862.553
857.22
856.899
858.821
861.593
864.967
868.872
873.144
877.139
880.551
882.881
884.225
885.072
868
873.01
873.458
874.212
872.165
871.89
871.437
890
884.042
882.295
859
863.579
864.881
865.351
863.054
862.466
865.561
868.545
1101
1008
898
875
879.789
1156
899
890.246
903.535
924.271
912.042
879.919
884.096
918.875
934.148
909.017
879.681
1039
1031.55
935.344
916.636
952.645
955.352
915.994
904.061
942.182
906
888.857
894.366
915.28
914.968
890.514
893.226
946
941.273
910.752
905.866
1078
1014.28
859
836
853.038
868.129
864.281
861.428
906
932.105
911.343
883
901.223
906
894.105
875
876.503
890.119
891.806
1156
1051.28
971.263
972.52
977.645
955.905
917.676
922
941.947
943.912
913.685
909.68
932.844
946.77
917.993
894.884
867
884.625
1125
1010.54
890
890.617
976
961
924.884
886.802
977
1005.7
970.739
867
888.159
946.563
960.682
905.653
878.269
821
845.469
872.723
875.402
835
822.713
846.523
879.529
888.377
863.348
833.934
844.221
868.379
877.436
864.37
839.246
836.4
852.884
906
892.421
867
845.568
852.427
869.524
876.633
867.137
846.033
835.943
867
878.617
878.654
1039
975.986
929.476
828
830.493
992
899
866.597
861.169
1242
961
921.63
930
941.849
883
875.119
893.009
929
915.391
922
927.993
927.914
902.363
892.965
898.079
900.294
887.893
883
884.554
890.17
886.831
884.514
884.602
888.663
888.059
887.927
888.052
891.321
1031
1004.74
945
851
856.024
859.178
860.79
855.542
857.565
868.758
879.663
878.559
869.49
875
884.557
844
914
910.756
805
821.946
1071
960.372
906.323
922.988
922.136
906
851
878.254
895.686
874.7
851.563
880.007
906.272
879.946
853.958
876.653
898.949
879.047
854.76
887.538
902.1
883.147
864.012
881.431
891.363
874.995
859.401
922
922
895.639
880.075
900.603
905.407
882.81
844
864.313
937
915
881.741
878.952
904.747
911.777
888.169
851
797
836
854.998
860.435
841.716
833.541
850.152
867.653
869.767
849.242
831.171
841.02
855.829
861.407
850.153
831.935
834.463
1133
1019.59
936.78
906.471
916.939
931.815
867
849.962
854.561
881.004
892.294
868.562
851.952
865.26
894.472
894.939
865.598
845.547
847.514
865.31
874.353
865.395
848.607
849.037
860.428
869.157
863.053
849.044
842.785
850.586
859.009
860.943
852.916
843.877
847.542
854.952
858.602
855.243
890
985
984
966.894
851
857.805
961
951.579
927.254
894.73
859
945
946
820
827.401
843.585
862.312
858.031
839.885
848.423
878.959
891.375
864.689
954
1250
1111.63
1007.07
1008.23
891
878.375
884.258
891.664
889.316
888.737
897.908
900.53
895.599
892.298
891.449
891.183
890.197
836
898
894.672
984
883
887.933
901.247
898.946
1024
975.045
944.576
859
870.84
885.417
888.698
929
909.742
888.968
888.885
836
838.433
838.604
840.439
841.377
842.788
844.434
846.965
849.653
851.889
852.475
853.946
853.963
854.405
855.327
856.651
977
956.214
940.632
934.287
891
888.604
880.384
874.015
930
924.568
914.478
909.638
911.6
905.607
895.08
887.899
930
923.733
914.436
909.401
915.073
938
851
922
913.392
900.649
867
893.294
897.844
884.288
874.86
894.537
899.545
820
845.788
863.255
861
839.965
836
858.71
860.784
840.911
839.368
854.926
858.79
841.791
836.214
850.797
856.337
938
893.333
871.687
882.652
890.78
883.048
899
881.232
877.4
879.821
883.902
877.87
869.58
946
933.837
922.381
813
833.939
843.707
848.639
977
875
874.651
883.629
888.567
875.686
861.811
836
849.449
862.867
862.721
848.132
841.598
946
930.016
901.874
877.659
895.741
906.032
953
908.324
889.462
899.721
913.967
911.89
888.923
874.299
885.409
900.324
930
904.683
881.241
887.894
903.11
909.334
896.273
877.608
859
872.366
885.218
888.959
878.867
883
976
971.801
953.265
875
937
952.284
943.717
908.202
813
875
1008
986.655
937.121
852
922
960.221
957.088
906.322
874.468
912.318
859
862.94
857.315
856.434
863.699
930
922.393
902.076
886.976
904.426
915.526
900.603
881.574
881.254
890.285
889.811
877.685
872.469
879.092
885.183
882.384
873.376
868.115
820
831.346
837.346
843.076
840.881
840.624
845.483
852.489
993
966.405
947.292
932.783
928.904
1023
1003.19
976.394
950.897
948.426
957.337
906
896.092
893.135
898.707
904.025
902.165
844
851.363
843
850.766
850.936
821
890
906.355
1047
1007.52
980.488
975.243
973.268
959.612
939.483
924.933
922.617
923.618
921.065
911.368
821
825.75
828.719
930
940.5
929.867
916.886
918.793
928.812
930.376
919.355
953
1008
1002.92
985.825
970.832
970.948
972.464
963.043
947.072
939.961
942.104
945.629
941.024
935.464
1125
1071.64
1036.35
1031.08
1030.22
1007.94
986.633
984.855
984.769
974.55
963.669
964.699
890
897.719
1062
1041.67
1016.98
1002.45
1005.71
1003.21
985.042
970.41
906
1039
1035.9
1015.02
859
873.635
960
985.733
952.208
908.708
923.473
971.262
953
931.635
905.231
930.987
961.48
959.972
921.579
904.747
930.658
947.873
939.941
906
899.043
922.164
933.651
924.332
901.655
836
848.752
868.335
880.606
873.228
858.119
861.25
877.757
891.308
899
882.545
869.092
873.684
885.228
890.774
836
836.666
846.297
858.705
860.152
906
1063
1046
868
877.519
892.864
894.253
883
878.714
895.361
908.26
896.636
874.359
877.676
892.738
895.57
1023
968.015
882
887.144
901.987
910.067
886.686
869.836
968
976.577
860
867.442
836
844.527
843.626
843.19
852.427
865.908
1000
951.456
918.719
820
825.388
830.476
835.858
833.958
831.22
834.319
842.599
849.009
842.427
828
825.622
832.216
841.204
820
815.464
1039
991.318
942.598
923.688
924.072
909.634
885.788
872.601
874.453
879.016
876.523
863.971
862.13
868.488
870.72
866.955
858.662
855.558
853.953
1008
988.13
968.248
950.035
947.254
867
864.197
863.887
867.42
867.704
867.329
873.02
878.524
877.743
871.996
969
1023
995.654
971.762
970.935
906
896.664
922
927.48
916.835
909.091
916.309
922.715
915.597
903.815
914
919.504
915.83
906.839
902.632
909.383
914.636
977
954.634
942.141
940.344
961
956.187
836
853.705
858.836
865.738
863.056
870.613
885.219
892.626
884.941
851
875
885.819
881.279
864.499
867.449
914
912.825
894.597
873.629
891.677
898.44
891
874.362
877.301
886.942
875
867.588
863.185
870.677
874.531
871.832
865.671
868.122
870.953
873.452
872.43
870.434
872.784
873.604
852
859.183
862.1
863.926
862.991
836
867
864.021
864.805
861.294
862.656
864.557
1031
930
918.042
916.857
851
858.531
857.227
855.538
853.811
1149
1042.04
982.548
985.018
982.67
945.639
891
898.676
904.549
902.149
896.243
904.859
920.612
852
853.391
862.99
864.238
858.278
857.26
876.417
884.206
877.306
879.297
887.161
888.677
890
829
843.572
852
853.879
847.73
843.264
853.021
858.196
856.429
852.472
852.501
844
848.642
849.754
849.156
953
932.54
921.149
909.965
909.185
900.606
890.523
883.392
880.051
876.608
872.766
869.853
869.234
868.739
866.451
865.449
859
858.649
856.374
858.198
861.68
865.319
869.262
873.352
877.341
1000
851
875.105
878.697
872.942
871.364
873.971
873.018
871.592
871.542
870.867
869.576
868.513
867.415
937
907.657
903.369
903.621
961
932.149
926.368
922.892
805
824.747
826.466
827.055
827.872
837.679
847.711
853.682
855.381
856.449
857.232
857.937
867
969
948.523
939.289
976
972.898
952.355
951.207
812
826.686
827.871
827.628
828.988
838.902
850.32
856.222
858.98
862.251
864.198
864.223
863.523
922
914.76
912.331
1047
969
851
864.794
868.684
859.974
860.437
873.437
874.598
864.187
870.693
879.077
868.327
863.326
872.505
873.022
860.708
859.596
859.929
858.174
856.402
1164
1023.02
973.741
977.382
968.482
937.791
928.748
928.179
925.621
917.128
914.358
914.485
913.889
910.816
907.276
905.863
904.889
902.76
1172
1057.86
914
922
930.029
928.866
913.811
914.464
928.907
931.969
917.102
911.985
923.191
929.074
915.359
1188
1089.6
1006.34
1005.46
828
828.987
837.171
914
852
856.045
1305
1142.61
1015
1016.12
875
870.601
879.579
884.835
879.659
880.172
894.17
906
836
838.006
843.164
842.706
833.414
831.173
831.508
830.924
867
867.183
861.65
863.662
984
968.783
947.67
933.33
938.43
937.22
923.058
909.743
908.975
930
925.226
1055
921
920.8
928.997
928.696
1000
970.972
836
857.757
875
875.514
872.273
875
892.004
893.97
884.598
884.711
892.539
895.588
880.959
1055
875
878.837
859
859.06
858.414
906
904.216
899.962
902.645
1172
1051.49
1002.63
1007.64
1008
960.332
958.446
961.099
952.007
961
954
953.124
952.082
947.014
941.619
939.746
938.292
935.734
933.264
931.362
934.623
937.384
941.62
944.876
948.127
950.397
952.183
1062
1031
1025.29
1014.43
1008.71
998.832
968
938
941.45
942.514
938.451
953
958.98
958.795
956.981
958.752
958.087
954.327
844
812
810.931
814.312
825.459
828
843.155
858.945
868.891
875.891
882.266
886.623
887.201
922
921.373
867
874.477
879.627
875.445
869.014
870.241
870.898
946
922.979
852
863.818
874.008
872.552
857.611
853.679
868.278
875.809
865.98
851.639
863.839
872.027
866.935
851.603
855.158
868.146
870.565
855.515
852.661
864.645
929
909.428
890.687
875
883.724
890.262
883.43
868.434
864.736
867
873.903
871.299
883
828
840.447
849.948
984
937.711
904.988
812
816.673
827.232
841.625
843.604
844
839.071
844.031
857.8
865.991
859.681
840.654
829.843
834.864
849.401
855.435
841.5
837.796
976
952.923
1062
1203
1146.06
1098.56
1081.52
1074.82
1049.23
1023.68
1020.26
1020.32
1004.94
988.318
987.771
860
863.335
865.106
870.755
914
844
853.69
937
946
954.847
955.074
959.811
961.182
954.727
942.874
935.417
934.074
906
906.933
883
886.45
885.793
887.752
953
946.43
943.597
941.652
930
930.143
928.342
925.947
924.337
923.601
923.169
922.214
920.415
919.278
916.15
953
944.716
939.169
1055
1026.19
1018.49
1013.03
1001.97
992.586
985.766
976.242
970.638
907
922.421
926.63
919.533
919.296
930.1
936.131
936.37
935.585
935.669
936.191
939.384
941.503
943.312
945.522
948.743
950.311
950.42
947.75
948.541
944.673
942.979
940.995
1000
981.934
828
845.955
849.421
855.222
858.184
865.855
976
980.983
965.179
963.546
891
892.539
892.916
890.476
885.675
887.143
892.482
895.045
893.077
835
842.679
891
898
889.072
877.795
882.008
894.668
899.247
891.457
883.43
884.973
891.208
894.533
828
838.987
850.174
859.208
852.542
829
837.205
848.478
855.34
850.162
820
828.669
840.897
850.016
845.137
829.339
829.687
841.268
850.371
1008
933.191
892.265
884.722
891.614
895.133
880.625
859.145
857.088
869.558
876.708
865.746
849.174
850.311
863.596
1226
1063.2
955.121
947.977
955.551
956.991
930.3
896.76
899
920.501
930.724
914.601
828
828.113
855.886
889.598
907
863.712
847.686
859.839
887.201
922
820
817.393
890
913.471
895.311
852.819
847.019
873.328
890.931
874.64
843.681
849.336
874.121
884.132
864.501
839.016
847.961
868.79
875.912
856.92
977
951.365
925.225
902.707
954
950.235
923.562
902.44
920.715
925.733
907.2
889.105
904.192
1336
1134.71
1015.69
1018.02
1025.4
989.051
948.767
964.412
992.487
991.305
1008
990.298
860
866.322
884.93
907.726
903.247
929
930
928.817
928.099
931.095
931.464
930.868
929.671
928.52
926.893
828
837.1
837.492
842.535
906
805
821.952
826.461
1210
1060.23
986.374
898
1086
1069.98
993.304
933.133
934.984
966.914
967.913
929.189
844
846.438
896.765
946.631
928.508
863.361
855.687
905.721
953
945.144
890.545
863.91
886.015
918.643
924.76
899.033
864.933
871.205
898.975
910.919
897.911
866.706
859.316
1078
1027.23
966.513
836
838.924
874.725
910.438
893.258
828
906
951.462
951.02
897.633
859.873
889.552
930.728
931.825
828
826.613
969
953
968
886.413
888.404
930.194
945.33
911.726
865.894
851
887.263
1266
1091.85
970.468
805
859
934.788
969
875
844
856.124
1109
1047
944.723
862.103
863.832
925.468
963.874
922.693
852
852.023
1094
1054.66
957.728
836
953
953
951.482
874.382
860.191
918.078
967.335
928.603
867.37
874.005
930.337
958.139
859
842.085
873.308
921.891
911.094
860.247
851.95
892.781
920.065
900.968
719
738.473
757.115
799.733
703
708.755
726.357
688
664
669.731
680.117
633
639.454
617
622.204
609
609.807
609.923
610.34
594
586
589.249
601
602
603.267
605.272
607.994
828
761.489
829
826.559
814.603
809.637
802.988
794.656
1094
890
858.087
875
1312
1188
1054.06
1049.57
1297
1176.53
1052.49
1052.04
1074.23
1073.77
1011.78
1000.18
1024.27
1029.16
1005.44
975.956
992.092
1003.67
998.959
1297
1192.8
1104.52
859
858.542
884.201
936.129
935.897
977
996.03
1235
945
942.81
774
770.111
773.287
1101
1022.69
992.122
991.824
991.386
930
918.052
916.771
828
826.347
827.235
827.435
826.925
938
950.271
1367
1203.33
1114.53
1114.22
1106.06
1074.35
1057.75
766
768.856
780.875
831.201
860.78
864.854
874.066
890.442
898.312
852
848.266
848.151
836
835.695
836.687
838.763
840.137
840.351
837.998
837.539
834.635
831.541
830.512
831.188
833.368
835.477
805
812.334
814.598
819.291
818.211
812
860
859.32
861.751
857.263
857.607
853.913
849.414
844.319
766
867
845.802
842.851
826.067
1422
1076.79
1005.68
1014.35
1003.09
969.017
967.568
967.11
960.48
953.725
953.267
953.245
951.894
946.463
930
929.542
929.084
926.293
922.543
921.528
922.376
961
961.438
965.409
965.195
967.33
969.292
968.234
953
954.264
954.295
969
1070
1048.48
1033.7
1028.37
1025.39
1013.13
1000.45
992.871
991.431
797
820
823.233
833.857
843.541
861.311
881.964
894.922
903.221
909.967
859
867.1
869.123
869.821
868.721
869.721
871.894
1304
1137.1
1022.17
1021.13
1020.67
992.067
952.912
950.645
969
968.759
947.569
937.097
789
875
1328
1159.65
1053.29
1043.17
1043.9
1029.82
994.262
982.567
983.445
985.623
883
885.001
893.662
901.993
976
875
875.08
884.018
885.065
880.806
878.985
889.396
901.589
905.326
902.539
890
893.812
900.243
899.586
887.443
888.952
781
805
805.397
811.392
812.362
816.677
823.485
831.398
837.473
840.097
842.636
845.582
847.83
848.771
848.726
849.305
849.846
883
876.693
873.684
868.139
864.534
805
812.693
811.315
860
853.212
850.301
852.163
854.461
852.226
846.918
842.602
828
829.782
828.975
829.487
812
816.37
819.31
938
910.331
894.822
1211
1099.45
820
825.345
838.359
843.104
839.683
844.764
862.415
865.399
850.37
1039
1086
953
946.775
915
907.155
899.702
896.959
896.501
1000
976.075
1149
960
959.188
962.766
940.945
926.119
927.546
927.8
920.017
742
891
867
870.275
853.762
877.55
882.82
880.293
750
805.269
822.273
832.488
812.726
812.415
834.8
750
773.194
726
737.366
737.034
737.746
739.41
742.667
805
803.273
804.478
804.272
804.167
802.663
801.329
800.039
798.567
891
875.972
862.182
854.158
853.372
1008
959.815
920.48
899.842
900.413
901.817
888.737
870.266
860.132
866.423
1118
1034.51
964.675
844
843.993
874.25
910.465
984
936.329
882.395
870.312
899.818
942.318
947.472
821
818.564
839.427
881.436
884.983
922
899.977
867
869.682
886.68
900.036
890.244
866.673
1031
1020
980.542
939.714
948.924
956.689
937.987
891
898.903
920.211
774
784.793
792.266
798.339
875
900.135
820
830.277
838.307
839.141
836.767
840.395
848.215
849.591
846.539
845.437
845.376
843.461
839.522
837.424
833.003
830.329
828.323
828.704
938
805
829.064
834.125
831.428
929
901.713
892.623
892.828
884.813
876.227
873.982
805
825.968
1203
1017.75
945.5
950.621
891
881.244
877.636
876.898
875.754
874.465
1000
998.811
966.286
954.054
957.255
956.947
934.398
914.568
912.101
909.418
930
1023
1005.2
867
879.264
891.714
907.176
993
828
843.346
860.357
881.041
878.778
855.79
858.972
885.49
907.057
888.548
856.927
862.32
881.623
891.117
871.265
844
854.195
872.934
880.501
859.268
845.341
766
772.936
758
765.401
771.277
776.207
1133
1024.6
796
794.937
803.529
818.744
818.388
815.337
816.524
824.367
830.157
828.107
816.404
828
829.049
976
934.006
812
782
786.619
843
853.996
839.568
822.233
821.718
837.047
850.352
842.618
818.13
803.155
812.33
832.365
839.79
823.444
797.339
796.263
953
992
953
887.581
805
813.4
843.06
863.285
891
860.256
826.462
822.951
843.239
875
880.057
859.649
824.792
812.716
890
915.557
912.531
883.185
850.272
847.562
864.207
877.646
875.432
858.045
797
804.002
867
888.942
879.476
789
790.225
813
844.332
850.46
832.608
806.747
789
805.154
829.825
839.647
825.574
799.338
789.187
898
961
927.473
820
808.538
765
774
788.802
798.351
719
722.532
922
914.705
1140
1021.21
918.975
886.356
891.052
875
844.764
828.133
1008
987.511
916.359
888.202
908.164
920.884
894.597
857.027
856.709
836
840.077
836.65
834.415
839.194
851.272
859.436
855.679
844.079
1196
1076.3
1002.65
999.918
996.556
967.069
934.071
931.414
931.49
927.66
1133
945
940.532
805
805.022
805.786
807.128
867
886.608
888.237
899.549
1219
1124.64
1058.11
1057.58
1050.67
1011.97
984.229
980.036
976.265
672
693.035
656
656.103
656.981
658.485
661.068
665.814
648
652.41
653.19
657.939
661.639
665.583
669.494
673.2
675.85
677.173
676.936
676.478
678.468
680.28
678.823
677.612
676.911
676.959
946
849.068
822.489
814.803
930
913.498
890.03
867.75
865.83
865.844
855.119
1258
1089.23
996.03
988.633
989.855
984.141
914
898.957
911.353
1188
1084.51
992.567
985.108
1012.67
1014.58
1016
948.746
943.167
961.589
914
898.543
897.427
812
813.898
820.776
831.66
833.254
836
854.499
1023
1012.65
993.205
989.299
937
920.237
908.034
896.187
885.301
805
820
830.159
843.257
845.679
813
819.884
828.589
835.998
834.019
826.535
906
921.489
914.36
897.851
992
985.15
956.308
931.389
943.18
941.534
899
895.785
789
795.165
796.541
802.811
808.409
789
797.109
807.892
818.67
1375
1112.27
1003.14
828
825.992
938
940.414
1008
828
820.328
846.402
895.447
894.521
849.256
812
812.148
833.215
851.867
846.216
812.951
799.16
808.582
1188
1049.48
936.399
897.061
901.948
926.37
953
920.479
867.38
853.556
876.898
875
813
797.777
798.44
1046
973.96
898.58
863.04
882.275
992
971.611
912.158
864.324
885.192
934.949
943.374
901.993
813
815.8
861.13
910.547
893.755
843.562
829.628
858.4
895.349
899.283
868.452
834.608
844.144
899
912.071
892.661
853.134
1257
1116.55
991.153
813
812.188
841.047
890.837
977
919.816
828
827.648
871.088
931.922
930.946
874.657
832.611
831.699
863.563
1164
1027.87
924.608
876.022
891.952
941.008
948.008
903.833
849.411
848.162
894.2
941.377
1000
921.458
860.43
862.374
904.644
844
830.135
992
997.064
954.024
859
867.542
901.557
912.493
882.152
851.703
875.46
907.129
905.715
906
877.944
884.156
905.689
915.886
894.396
864.145
867.548
883.27
893.012
880.464
864.115
1265
1114.48
1003.68
999.385
1004.42
750
756.776
772.599
805.878
922
923.424
921.176
1094
1060.43
994.023
989.263
990.502
980.735
820
820.756
1219
1156
1057.21
844
846.218
883.635
1024
1047
843
838.511
908.377
1006.05
984.77
885.24
852.376
881.404
952.078
952.407
894.807
842.044
851.357
895.743
1000
860
830.462
846.185
902.337
928.987
890.246
837.65
883
929.85
939.261
892.038
846.549
865.838
905.051
915.854
1156
929
889.305
906.652
1141
1045
944.273
934.307
975.338
981.754
929.961
894.369
927.324
973.539
968.626
907.502
896.68
933.561
957.297
940.989
891.284
894.643
927.111
940.357
918.553
820
829.986
859.061
885.267
876.073
852
858.114
885.513
902.954
891.299
864.784
863.43
880.671
892.401
884.179
861.894
853.734
865.467
876.897
876.932
863.473
938
932.907
920.944
900.518
900.612
906.465
901.204
888.469
953
941.3
925.994
913.86
922.427
985
953.63
930.116
937.286
945
935.334
1156
1066.91
1007.78
797
1375
1149
1028.69
968
996.433
1005.73
982.199
950.519
851
868.13
1109
1125
922
900.995
949.901
1001.43
988.8
906.809
894.191
932.928
973.084
959.578
1132
930
913.947
948.319
1179
1062.97
961.118
971.778
1062
1029.03
969
961.907
1006.18
1012.29
969.52
929.764
965.904
1008.13
991.945
934.393
936.347
975.806
1211
1070.96
981.123
999.509
1045.02
1043.91
898
836
1016
1057.57
1011.97
937.581
966.394
1030.6
1032.44
963.98
935.249
980.298
1014.17
975.291
928.679
953.44
992.985
995.832
953.027
930.528
960.397
983.828
972.783
936.731
942.05
965.018
974.66
956.401
931.138
948.092
964.117
965.943
943.228
883
897.335
919.997
930.62
918.323
899.261
909.933
922
929.584
918.475
901.906
906.924
920.347
927.272
920.922
903.556
904.928
915.743
922.288
917.319
905.457
902.861
908.884
914.484
906
883
888.965
896.202
902.724
899.636
895.731
896.734
1055
1164
930
935.032
1266
1120.58
1005.77
1017.35
1023.35
973.735
951.192
986.759
1000.21
959.322
950.481
996.121
1001.94
949.542
820
847.327
892.516
910.807
889.952
888.079
921.269
943.917
953
924.772
927.75
944.685
952.77
859
860.088
876.145
891.653
881.912
922
936.254
927.974
908.599
913.926
921.243
911.189
897.507
1109
1041.65
979.11
984.408
993.539
966.115
938.476
953.115
958.566
940.79
922.013
961
971.537
1023
980.902
1078
875
867
872.72
871.379
1063
1050.87
929
943.795
1148
1069.96
1004.55
1004.63
1005.42
978.888
944.739
948.769
965.191
966.508
940.34
935.183
960.046
969.015
1172
930
867
881.44
1140
1045.77
985.759
992.231
1012.53
1011.02
961.984
957.302
982.406
988.097
954.094
1133
1112.48
914
921.033
955.469
1040
981.316
972.078
1008.17
1018.57
1164
1141
1090.39
1084.47
953
1016
1024.96
1011.04
975.996
983.433
997.814
999.727
1070
1045.35
922
942.642
961.951
971.97
956.171
945.856
964.836
983.769
973.958
867
877.87
938
951.792
930.335
907.535
934.677
958.646
914
893.361
911.925
859
862.09
866.818
871.381
872.353
875.205
880.876
914
1188
1081.35
1028.03
1030.73
1020.33
987.672
967.398
966.691
965.853
958.133
941.244
940.997
944.253
942.636
930.72
928.625
961
957.972
1039
1011.14
1001.43
1004.04
1003.26
938
944.59
947.687
943.425
937.199
941.197
945.817
942.191
939.63
941.775
941.18
867
881.966
886.608
887.172
888.506
898.769
909.213
913.757
851
867.359
874.955
1102
937
875
885.634
902.628
899.689
870.454
863.716
887.865
911.649
1071
972.138
905.963
913.344
948.167
954.991
915.016
880.94
889.019
914.048
925.907
900.377
870.513
1070
1038.28
859
860.268
888.367
914.705
886.74
871.816
875
898.607
901.019
876.022
872.684
893.694
908.335
890.307
862.827
865.396
879.194
1187
1047.45
935.118
932.862
883
880.578
877.483
876.771
876.312
878.599
1171
1089.35
1003.51
836
992
1010.91
978.888
867
865.273
915.302
956.924
925.764
869.252
885.714
944.11
965.986
915.119
860.469
869.052
917.885
1125
1002.96
904.333
901.31
951.778
981.727
947.175
889.603
891.598
938.918
969.577
828
867
946
961.52
900.857
875
905.677
945
920.8
876.761
868
843
861.005
864.526
853.611
850.404
863.981
878.747
877.693
859.175
849.533
858.754
868.976
870.178
859.761
853.137
857.902
864.889
938
914.992
897.794
887.049
889.307
895.618
891.499
880.241
871.71
914
918.017
910.627
894.971
892.252
898.021
993
956.959
930
836
847.449
864.864
880.743
874.922
857.993
855.798
1055
1021.93
971.883
924.752
934.603
914
911.622
891.212
859
863.906
968
968.298
938.477
905.789
910.202
936.858
1140
1065.63
986.434
950.754
958.798
981.318
981.02
955.076
917.599
890
914.52
943.186
947.291
919.533
892.121
897.118
924.243
875
870.301
869.797
881.284
893.596
891.411
885.453
888.994
897.777
890
885.836
851
1063
1132
1063.43
1019.86
1019.44
1014.43
990.218
964.499
963.061
966.507
966.179
952.557
939.709
940.134
944.762
944.031
898
897.458
898.106
913.631
1180
906
907.426
920.65
921.959
905.833
909.161
930.608
1055
1172
1000
998.495
1013.76
1005.09
1078
1041.53
1010.59
1010.04
984
976.321
972.74
969.099
968.359
967.668
966.137
922
927.858
932.299
929.713
844
854.584
860.541
1008
995.626
987.703
990.972
994.644
981.919
963.932
956.098
956.486
954.833
944.603
933.269
932.487
933.799
933.587
927.48
1078
1044.02
914
933.11
940.834
933.658
921.52
935.098
948.706
938.361
703
735.735
687
690.044
691.631
688
694.642
680
695
701.272
709.71
716.532
722.707
728.569
732.988
736.333
742
742.719
741.878
741.702
742.577
741.266
711
715.564
713.423
711.76
789
781.422
778.314
778.116
779.601
777.481
772.665
768.038
764.518
761.24
1171
914
899
895.528
892.088
872.566
853.28
850.357
849.525
848.324
845.371
883
882.797
879.163
874.837
922
913.858
895.239
891.038
891.164
890.493
882.288
877.503
879.939
879.649
873.457
868.481
868.146
868.388
859
860.651
862.184
969
851
867.668
871.56
869.414
867.261
869.709
869.873
868.563
1164
930
929.807
940.458
911.636
1015
969.577
933.312
946.889
1203
1040.24
996.437
859
859.947
1250
1094.45
996.386
996.39
1009.49
991.84
944.592
942.255
969.116
988.72
974.907
937.696
939.804
955.822
958.245
937.33
909.735
852
858.107
866.849
877.881
877.42
874.943
883.443
1164
1093.31
1031.44
1005.3
1005.41
1001.44
973.015
891
887.51
901.563
992
983.318
950.64
947.57
963.627
977.502
965.595
927.056
916.517
939.72
956.465
950.922
1109
1074.98
860
865.842
879.712
888.091
884.84
892.554
914.962
920.598
913.117
914.507
921.892
918.587
867
871.37
881.167
1383
1157.86
1040.56
1039.78
1042.24
1022.63
986.933
860
861.544
876.68
1203
1039
959.736
955.53
977.959
988.95
970.763
921.352
916.739
928.605
1117
1057.64
977.155
939.796
1328
1194.09
1063.47
1000.7
1026.8
1036.64
914
910.103
955.5
1010.69
985.907
931.505
950.308
766
766
773
793.9
801.851
802.225
818.706
846.972
862.536
865.634
865.427
867.794
868.038
883
878.712
875.972
875.114
874.517
883
876.262
871.409
868.251
866.219
863.764
860.416
857.678
856.751
844
849.537
851.238
853.908
855.194
857.04
860.866
821
833.083
804
811.89
812.847
815.307
818.92
822.677
696
722.782
724.948
730.302
734.028
648
641
645.745
648.258
654.908
659.625
665.332
672.629
681.185
689.145
694.731
1180
938.913
836.423
875
874.542
853.797
835.003
830.543
830.085
825.389
818.122
814.432
812.735
810.507
806.768
1149
1005.01
1015
1007.66
969.96
956.835
954.383
941.361
920.158
917.276
916.765
915.246
868
804
803.302
803.928
804.839
804.876
835
863.024
877.398
1226
1121.8
1060.66
1351
1269.62
1172.99
844
843.254
859.025
908.301
907.843
898.39
897.995
908.182
914.874
829
898
908.714
907.507
884.522
885.729
883
882.542
875
871.205
877.805
877.782
875.357
914
906.288
1273
1119.62
1047.33
1047.18
1211
1153.43
1087.24
1071.7
1073.39
1070.51
1039.24
1007.91
1008.6
946
1031
1035.7
844
863.086
881.305
888.161
859
869.791
894.75
903.875
902.372
915.636
867
868.557
874.411
874.502
843
847.736
854.953
1109
1007.62
938.019
936.318
1234
1119.8
1019.49
1000.04
1012.3
1011.84
1047
989.74
958.792
981.491
1016.33
1011.2
821
827.865
856.937
918.891
923.168
914
913.332
939.233
959.107
1000
975.877
957.428
964.891
975.75
1054
1029.96
921
922.079
943.622
962.735
952.137
929.318
928.242
1047
1044.39
1011.42
969.318
988.602
774
786.29
792.999
806.883
817.573
829.139
849.199
869.402
876.8
877.71
880.387
1258
1146.84
1075.69
1072.82
1149
1109
1059.3
1052.88
1059.29
1048.45
1219
1160.94
1097.95
1096.81
1105.6
1328
1230.42
1130.11
867
866.991
906.44
986.487
989.27
967.019
965.27
1179
1175.74
1108.86
1035.65
1056.95
1084.1
1063
1015.95
991.567
1001.55
1009.93
1006.17
972.746
965.491
883
886.558
897.357
908.202
907.611
907.88
922.602
940.549
942.167
938.659
828
834.285
835.65
839.951
841.821
1351
1173.86
1059.84
1057.16
797
796.351
800.509
1110
1008.08
1344
1237.86
1104.71
1096.54
1100.44
1064.44
1133
1125.93
1099.31
1088.14
1087.7
1062.5
1044.08
1043.62
1043.17
1011.69
953
958.535
968.134
1078
1070.1
1066.65
1075.26
1076.71
1062.96
1048.13
1046.94
1046.94
1039
1028.63
1026.57
1029.02
1028.85
1023.49
1019.05
1016.4
765
790.334
792.346
803.309
814.423
829.681
849.426
865.531
875.134
882.556
889.28
893.656
895.685
896.354
896.052
895.583
894.471
1140
1079.35
1017.01
1015.88
1004
797
801.817
810.428
757
758.557
852
881.294
874.635
884.317
860
857.753
969
952.621
926.934
927.789
935.675
921.736
902.38
900.916
902.865
902.951
922
1336
1166.6
1067.75
1070.23
1188
914
920.164
936.279
932.143
1258
1141.76
1068.18
1080.59
1077.54
1030.43
1025.04
914
1141
1104.33
930
935.343
983.567
993.186
958.323
944.968
977.08
1003.53
1093
875
886.159
926.828
972.191
931.989
930
962.995
988.315
961.518
1281
1179.88
1083.08
1081.95
1081.53
1029.63
1025.7
820
831.987
843.907
930
939.297
875
891
910.374
923.059
921.15
910.748
910.289
913.412
921.25
921.315
867
867.258
874.539
884.533
879.752
865.093
861.967
872.167
882.315
879.551
871.906
870.062
945
946.774
936.339
913.074
915.676
1117
914
911.08
1336
1133.18
1002.38
1009.43
1014.81
1297
1116.1
1015.52
969
1004.22
1227
1087.12
1002.63
1027.14
1058.32
1058.21
987.438
958.113
1211
1086
1010.8
999.934
930
942.197
948.157
993
979.265
969.662
977.819
985.863
983.042
958.547
955.283
965.51
968.818
947.366
789
801.404
805
819.575
828.72
837.025
851.862
789
794.54
797.265
801.354
803.368
805.466
804
809.257
813.505
815.04
814.145
811.783
812.219
811.751
811.007
809.768
810.192
811.125
811.851
814.008
811.323
890
876.488
871.586
866.455
863.142
857.393
1398
1063.74
988.496
988.367
986.487
1367
1149
1046.93
875
873.935
896.337
934.718
934.26
913.485
900.932
901.558
917.815
928.773
928.211
918.944
916.824
918.058
919.887
919.428
910.565
907.873
907.264
937
936.554
1273
1139.98
1071.15
1070.25
914
1375
1201.39
1086.7
1086.25
1092.21
1073.31
1234
1178.89
929
946.164
1055
1149
960
954.372
1049.78
1053.76
980.574
979.326
961
958.322
944.18
891
905.413
1180
1242
1102.06
1061.4
1094.64
1093.43
1036.88
984.837
1023.3
1057.77
1039.38
986.017
990.725
1125
1111.5
766
774.396
803.614
812
818.258
821.742
855.763
852
853.923
859
875.459
877.012
866.465
868.226
1227
1093.1
1187
1176.09
1123.35
1117.29
1111.3
1069.54
1078
1077.35
1041.08
1040.96
789
809.698
819.506
1133
1049.79
1023.75
1025.94
1025.48
1022.46
1008.64
1004.92
1003.7
1001.7
997.946
992.662
988.981
986.209
983.537
978.011
974.756
958.639
954.304
958.14
963.729
968.549
973.096
979.122
985.171
989.817
992.68
993.978
994.386
993.744
992.131
990.19
820
835.165
836.933
842.385
846.451
854.175
1375
1219.82
1131.4
1137.57
1130.53
1083.94
1219
1164.05
852
866.153
905.976
925.322
1110
1107.01
1080.05
1031
1034.41
1029.11
891
895.847
915.79
916.556
913.726
922.642
936.49
936.236
925.551
925.223
929.801
926.197
913.617
906
910.416
911.76
1227
1111.37
1034.09
1037.06
1034.63
1218
1142.01
1071.09
1063.72
1072.71
1067.67
1022.93
996.26
1020.21
1042.69
1026.55
1047
1037.58
1033.21
1023.58
1133
1105.34
1071.08
1351
1254.49
1170.28
1200.74
1183.32
1257
1217.79
1166.69
1185.72
1184.23
1135.04
1149.59
1159.16
867
891.003
910.617
925.705
891
904.215
941.531
954.82
954.168
975.339
985.409
979.332
922
932.619
804
806.315
844
857.024
856.214
864.422
876.088
882.046
789
797.604
799.411
799.09
797.32
800.26
808.173
867
865.413
854.508
849.951
859.109
