836.787
834.319
836.401
808.665
296
564.35
575.942
563.116
487.417
312
431.188
480.697
480.078
396.99
449.542
497.927
533.222
523.954
531.343
493.266
518.548
452.609
535.76
324
446.321
444.838
427.523
463.328
444.257
470.082
474.765
476.357
476.465
477.643
477.422
477.937
476.922
475.656
475.102
474.271
474.415
474.634
356
432.335
421.558
419.899
423.583
426.315
428.333
429.29
430.907
431.649
433.895
433.287
435.847
436.856
438.279
439.882
441.479
443.483
445.397
447.346
449.293
451.229
453.334
455.576
458.161
292
350.544
394.561
384.169
387.118
393.066
397.614
400.406
404.023
292
356.046
352.436
350.2
355.364
288
313.12
317.079
315.824
288
302.61
280
289.997
291.37
291.707
293.242
294.823
296.785
298.518
299.522
301.055
301.869
304.03
272
287.426
288.89
272
278.768
280.929
282.95
284.424
287.244
280
272
284
284.042
284
280
284.746
286.398
280
276
288
284.691
280.107
283.025
286.36
280
282.052
285.23
282.39
276.86
287.405
281.896
272.75
290.422
279.922
273.466
288
280
273.622
284
279.333
272.973
288.971
296
292
285.005
290.198
292
279.355
284.232
290.683
284
278.649
292.423
287.291
276.708
286.623
289.748
277.37
283.686
284
274.882
280.619
289.827
278.111
276
290.688
283.205
274.075
288.86
289.437
273.971
286.497
293.158
275.473
287.928
294.776
274.189
288.328
294.687
273.284
300
292.108
275.84
293.204
289.722
292
281.689
293.377
288
276.679
290.335
289.01
273.962
289.138
280
292
288
286.224
290.063
284.932
284.612
292
282.522
285.493
291.372
280.32
286.843
288.23
279.968
288.419
284.557
283.427
288.293
283.023
287.031
287.122
281.958
292.178
281.043
289.092
281.384
284
285.129
280.368
288.614
280.397
288.919
279.215
284
284.527
279.954
288.666
278.22
290.007
277.552
284
284.34
280.834
284.804
288
279.918
288
284
288
281.266
289.33
292
282.615
288
285.734
284.999
286.502
284.285
286.526
284.285
286.318
284.229
286.202
284.183
286.392
300
282.746
289.609
287.703
287.763
292
286.084
291.202
286.434
290.449
287.015
304
296
300
297.136
297.67
297.387
297.034
296.68
296.555
300
297.984
297.901
308
304
303.011
303.065
303.215
303.23
303.115
303.182
288
299.985
294.349
294.515
294.995
295.065
295.192
295.541
295.579
296
295.845
296.696
296.612
297.059
297.001
297.703
297.681
298.037
298
304
299.854
300.982
296
302.66
297.977
292
300.058
300
296.673
304
297.426
308
294.198
302.736
296.402
299.977
297.89
298.744
298.713
298.448
299.081
300
297.682
301.737
296.531
296
299.811
296
292
300
292
301.431
292.274
303.244
291.806
304
292.573
303.754
293.595
300.864
295.571
300
296.413
297.713
297.739
297.612
297.599
298.158
298.08
298.094
298.632
288
313.799
290.344
300.929
292
296
295.941
295.748
296.521
296.346
297.432
297.026
298.424
297.766
299.375
297.542
301.221
297.455
301.839
297.327
301.75
297.34
301.218
297.724
300.473
297.966
300.183
297.916
299.879
297.815
298.997
297.787
298.419
298.448
298.381
298.414
298.449
308
275.032
328.812
308
264.07
346.302
286.395
292.399
296.656
293.751
295.516
296.655
295.469
298.836
312
312
304
306.237
308.797
305.254
303.206
304.819
301.533
296
300.034
296.054
298.091
296
298.592
300
297.94
299.926
296
300
308
304
302.678
304
303.699
301.725
308
305.453
304.165
305.35
305.355
303.759
304.505
304.8
303.722
304.007
304.153
303.912
292
296
299.963
298.439
299.639
302.741
300.505
301.582
288
299.617
295.596
292
288
292.801
291.852
292.613
293.685
294.163
295.126
295.62
296.533
297.1
300
299.353
299.924
300.045
300
299.791
299.645
299.295
298.928
298.803
298.675
300
298.804
299.347
299.374
299.451
299.485
299.526
296
302.25
296.597
298.542
298.593
298.636
298.695
298.765
298.813
298.825
298.856
299.757
300
298.19
304
278.047
364.01
238.294
306.532
301.158
298.943
297.486
304
292
299.353
296
299.809
300.748
301.799
303.25
305.007
306.655
308.283
309.806
311.24
300
307.527
296
301.408
299.545
301.177
300.205
302.422
300.479
303.331
301.623
302.957
296
305.493
297.168
301.832
299.756
300
300.552
300.523
300.486
301.218
296
300
298.283
298.925
298.912
299.507
299.465
300.106
299.069
302.089
297.91
306.357
308
298.221
309.303
308
304.481
304
304
303.802
302.905
303.637
304
302.575
303.839
302.7
303.541
302.925
303.546
300
296
301.265
297.954
304
299.307
304
300.677
302.928
301.677
302.738
302.317
302.915
302.305
303.385
302.151
304.482
300.906
309.083
292
288
288
289.442
208
344
310.331
301.173
295.323
297.494
297.919
298.214
298.986
299.75
288
292
292
293.087
296
295.617
300
299.995
300.362
300.946
301.561
302.028
302.475
300
301.818
302.356
302.529
301.901
302.737
302.319
296
299.486
297.788
297.573
296
297.324
297.347
297.346
298.075
298.146
298.202
298.264
298.328
304
298.855
301.313
301.239
301.103
301.034
301.168
301.296
301.324
301.392
301.466
304
300
304.2
300.253
302.718
300
302.099
300.77
301.041
301.095
301.151
301.214
301.284
308
287.66
327.914
277.653
338.295
285.636
299.066
308
304
302.608
304
302.691
304.915
304
304.592
304
305.987
304.212
312
307.238
308.463
308.97
308.177
309.027
307.832
308.981
306.985
308.648
300
307.891
303.286
304.398
303.674
292
322.656
291.121
314.159
296
300
300
300.201
300.414
301.02
292
300
299.328
299.058
298.792
299.629
299.438
300.385
300.202
301.079
300.947
301.743
301.636
302.371
302.278
302.994
302.927
303.449
308
305.214
305.179
305.993
305.684
306.018
305.722
305.875
300
306.525
299.988
303.918
304
303.975
304.04
304.115
304.221
304
304.871
304.417
304.48
312
296.671
318.301
283.07
312
300.473
301.74
301.896
301.333
302.777
302.214
304
303.509
304.104
303.772
305.254
304.682
296
300
299.673
297.671
300
298.984
299.859
299.615
300.54
300.355
301.2
300.954
304
301.476
302.43
304
302.653
303.794
303.023
308
301.049
307.435
300.752
307.27
304
296
309.405
295.323
300
300.664
300.721
300.644
300.448
301.693
301.627
301.5
302.369
312
295.13
312
308
316
305.703
308.96
307.781
307.454
307.391
307.215
288
309.253
298.391
296
298.322
300
296
298.729
298.506
298.259
312
302.349
304.242
304.651
304.341
304.63
304.615
304.657
304.701
304.912
304.891
304
305.002
304
296
296
288
294.069
291.499
293.204
293.586
300
299.756
308
307.35
312
310.533
311.174
310.197
310.203
310.144
310.209
310.25
310.297
310.685
310.745
311.119
311.187
311.538
300
296
308
301.781
301.751
302.436
302.398
303.025
303.014
304
304.018
304.048
304.672
304.62
300
305.986
302.752
288
307.296
298.449
299.264
300.057
284
311.416
299.651
299.428
300.348
299.946
280
332.871
290.305
298.109
300.195
297.784
298.83
300.236
298.529
276
312.051
294.759
276
299.179
276
272
279.232
278.432
277.18
268
276
275.135
284
278.868
281.503
282.625
300
293.481
292.673
294.369
312
305.844
303.62
303.481
304.76
303.939
301.592
301.073
301.011
299.371
298.513
298.055
297.694
297.286
297.006
296.823
296
296.278
296.151
296.117
296.103
312
307.025
305.213
303.879
302.331
299.595
297.878
296.688
296.162
296.517
297.702
301.553
308.723
309.48
305.371
301.065
297.39
294.155
292.758
292.23
292.74
294.672
299.022
306.843
328
322.414
317.976
313.94
310.134
306.312
302.932
301.028
300.372
316
320.176
318.646
312.767
307.463
304.944
312
312
312.555
309.643
305.598
304.252
312
315.292
315.826
308
312
312.279
308
308.066
307.722
308
308.916
308.819
307.068
316
316
320
309.782
320
318.979
317.272
311.748
313.535
320
318.262
312.704
320
320
317.127
320
319.744
317.769
324
320.883
320
320.35
324
319.987
316
321.304
316
316.687
317.479
315.779
315.44
320.06
316.653
316.151
322.182
308
323.886
312.941
319.898
315.302
324
313.961
322.532
315.482
320.075
317.156
318.166
318.171
317.857
318.503
318.063
318.757
296
325.556
310.239
312.611
313.234
304
318.645
309.868
311.797
312
308
312
300
314.012
307.31
308.74
309.444
309.174
310.505
300
314.874
307.255
308.655
309.521
309.074
310.732
292
320.404
288
317.519
306.191
307.523
307.556
307.751
308.551
307.917
304
310.475
304
308.453
306.562
307.904
304
309.433
306.504
307.95
304
309.336
306.127
307.378
307.024
307.53
307.168
308.06
306.253
307.901
305.802
307.944
306.015
307.971
303.762
325.268
265.252
341.122
297.106
292
298.019
288
306.011
299.855
298.684
300.967
296
300.244
308
320
312.576
311.952
313.98
314.857
313.592
313.903
304
296
299.8
297.046
296
297.396
296.814
297.818
297.528
296
296.931
297.036
297.29
297.747
298.021
298.469
298.902
299.294
299.704
300.058
300.286
300.769
301.252
302.204
302.708
303.343
304.005
304.602
304.6
304.622
304.781
304.711
304.65
320
304.897
306.155
306.196
306.242
324
306.57
308.051
308.055
308.037
307.813
308
307.727
307.473
307.215
306.96
306.694
306.423
306.15
305.961
305.876
305.843
296
292
295.21
295.157
292
296.203
296.249
304
304.421
306.163
307.053
296
301.871
299.317
296
296
296.551
296.834
297.599
298.314
299.03
304
303.975
303.712
303.393
302.361
308
305.488
303.814
303.743
304
302.872
302.644
296
299.842
298.714
298.709
298.883
299.504
299.518
340
267.881
326.69
298.811
301.071
316
298.557
312
306.74
305.224
304
296
302.342
301.319
299.607
299.733
301.273
300.169
301.174
304
304
302.603
303.765
304
304
303.952
304.633
304
300
302.518
300.336
304
304
303.479
303.781
304.432
303.4
304.162
303.318
303.182
303.242
302.173
303.055
301.854
302.83
301.388
305.719
295.271
320
234.608
300
294.156
290.894
291.916
294.095
295.419
296.461
297.912
304
301.912
312
308.505
310.261
311.403
360
327.717
324.787
324.373
325.278
352
339.132
335.881
336.398
332
333.319
330.97
330.019
328.581
328.541
327.429
326.064
325.616
325.212
312
318.178
315.778
315.061
312
313.845
313.592
314.241
314.508
314.915
315.426
316.136
316
316.96
316
317.331
318.328
318.937
319.829
320.939
321.969
323.074
323.911
324.583
304
317.127
312.617
313.705
313.427
300
329.447
303.427
319.689
300
326.431
314.429
314.071
313.758
328
320
324
321.391
321.277
322.248
321.858
321.585
308
304
307.694
306.122
296
303.97
304
303.828
304.748
305.54
304
300
308
305.671
300
292
296.81
296.948
296.56
296
298.159
292
295.867
295.459
296.499
296.332
284
293.999
293.515
292.29
292.888
294.093
292
304
304
301.846
300.938
300
301.414
304
300.67
288
295.655
295.384
294.112
293.802
295.005
295.827
284
294.029
292.262
292.064
291.845
292.661
293.345
293.105
293.009
293.826
293.792
293.727
293.732
294.425
294.405
295.144
294.821
295.666
295.499
295.997
294.904
295.952
295.171
295.397
295.439
294.688
295.502
293.992
292
294.371
292.361
296.015
289.588
288
294.088
288.717
299.235
296
294.398
296
296
294.582
297.388
293.748
298.373
291.336
308.179
283.902
307.235
284
300.907
291.456
293.912
293.882
288
295.423
293.156
296
296
292
294.798
294.801
294.806
294.797
295.491
276
299.832
289.955
289.844
290.517
292
290.377
291.738
291.624
292.309
292.169
292.918
292.363
294.149
284
308.812
280
308.107
287.378
294.099
293.838
284
300.424
292
291.757
296
296
292.94
294.599
294.459
294.232
294.711
294.441
295.097
294.235
284
313.736
285.121
293.824
293.752
292.973
292.884
296
293.498
294.608
294.822
294.466
288
303.119
286.115
288
291.019
284
291.764
288.484
289.293
289.106
290.18
289.875
290.863
290.613
291.586
291.401
292.091
292.023
292.741
316
283.53
291.792
291.868
291.802
291.472
293.242
292.425
293.709
292.884
294.238
293.016
294.855
293.485
296
294.105
295.872
294.489
296.409
294.837
312
320
288.725
292.961
294.03
293.716
293.838
294.234
294.148
295.641
295.112
296.108
295.592
297.106
296.371
297.725
296.964
304
297.853
299.986
299.353
298.621
299.579
308
298.875
301.734
301.212
300.369
300.268
300.874
300.82
301.301
301.245
301.328
301.549
308
300.087
303.27
302.103
302.16
304
301.64
303.599
301.556
303.289
300.753
304
292
296
297.796
295.975
298.354
298.285
288
305.831
294.124
298.855
298.707
298.7
298.656
299.401
312
301.477
302.929
303.279
336
300.802
303.677
304.711
320
309.629
308.604
308.486
308.575
308.209
307.745
307.417
307.245
307.125
292
303.817
308
303.047
302.804
303.666
303.41
303.633
308
305.515
305.932
305.723
306.426
305.876
306.424
306.28
306.89
305.948
308
306.522
308.2
306.65
308.687
306.842
309.089
306.627
308.692
306.633
308.088
306.429
307.525
306.041
308.291
304.015
317.834
273.893
348.86
308
320
309.105
311.664
311.996
310.136
311.889
310.706
312
310.921
312.896
311.714
313.617
312.496
314.499
313.439
292
351.932
303.735
308.293
312
310.639
312
311.143
313.322
312.225
314.175
312.753
314.419
300
326.731
303.272
310.508
311.88
292
292
296.977
294.095
294.888
316
305.943
304.986
307.197
307.217
312
309.117
310.715
310.3
300
306.239
304.551
304.058
292
300.227
299.751
298.259
299.662
292
296.326
296.289
295.412
296.414
296.693
296.594
297.343
297.305
297.968
297.922
298.595
298.746
299.501
299.433
304
304
303.683
304.436
304.396
296
305.405
300
300.391
300.651
300.471
300.767
300.828
300.913
312
301.323
303.357
303.42
303.359
303.257
303.233
303.208
303.173
303.126
304
300
300
300
299.815
304
297.301
306.851
296.22
308.234
293.849
296
292
298.442
297.688
297.645
297.614
298.27
298.276
298.958
298.947
299.591
299.643
300.215
300.275
300.819
300.876
301.293
324
324
307.743
324
318.775
317.615
317.358
316.341
324
320
332
329.115
327.766
324
320
320
312
312.801
312.244
311.81
300
305.067
304.894
304.7
305.536
305.946
306.71
307.272
388
376
345.098
356
352.282
346.324
339.632
334.073
328
325.066
322.463
316
316.788
316.081
316.465
316.957
317.237
317.668
300
307.77
306.069
305.162
306.556
306.201
307.648
307.576
308.142
308.514
312
304
311.473
310.042
311.567
312.839
313.33
314.785
315.516
316.312
316.998
317.291
317.872
317.836
318.397
318.391
318.762
319.2
319.645
320.143
320.201
320.27
320.334
320.395
320.452
320.507
320.556
320.6
324
322.516
324
323.949
323.473
323.239
323.112
322.91
322.792
322.83
322.871
322.915
322.95
322.983
304
331.752
306.907
341.37
292.617
362.409
310.376
316.779
319.354
296
350.067
312.42
316.732
318.276
316.787
292
317.548
312.01
309.782
308.583
292
306.04
288
292
295.019
292.836
294.684
295.659
296.401
297.469
298.105
298.887
299.296
280
294.152
290.482
289.279
290.049
290.318
290.741
292.268
291.558
293.344
292.86
272
291.68
284.566
284.949
285.434
292
286.561
290.134
289.735
289.432
290.776
296
292.185
294.106
293.643
294.103
296
293.374
296.027
293.638
295.279
293.416
294.792
293.09
294.679
292
296
293.003
292
292.737
292.786
292.84
292.893
292.988
293.047
312
225.442
308.922
295.676
292.9
292.741
352
352
314.083
317.604
320.105
317.986
315.311
308
310.644
309.238
307.408
305.739
305.27
304.965
304.561
304.008
303.661
292
297.79
295.72
295.315
284
289.907
287.799
300
297.248
298.85
296
298.453
299.228
300.096
301.019
292
297.798
288
292.601
284
288
287.838
287.826
288
288.866
289.203
284
280
283.648
282.31
280
272
278.395
276.327
276.519
268
274.345
272.812
273.428
264
270.982
270.185
292
286.099
285.939
286.921
287.295
285.85
316
308.135
305.074
296
296.968
298.116
295.326
292.661
291.874
291.327
290.657
289.755
289.112
288.698
288.276
287.869
287.459
280
283.542
276
278.744
278.528
278.281
279.084
296
293.169
294.137
294.931
304
304.423
304.765
304.541
305.607
305.745
305.538
305.424
305.331
305.254
305.153
305.03
304.906
308
307.875
307.705
307.721
307.655
307.553
307.497
307.394
308
307.659
307.531
304
305.233
304.065
303.085
303.102
303.026
296
338.465
226.186
319.9
306.736
300
301.862
301.962
292
299.846
298.358
284
294.361
293.14
291.236
292.719
294.237
276
272
278.735
272
274.582
276.662
277.228
280
284
282.046
284.73
283.888
308
297.886
298.513
298.714
304
300
300.242
300.684
299.914
299.211
298.785
292
293.724
292.93
292.405
292.077
304
299.883
299.631
299.98
299.801
300
299.77
299.619
299.468
299.405
292
296.968
294.883
300
297.688
298.935
298.842
298.624
299.239
298.52
308
299.879
300.621
300.843
300
300.078
300.142
299.185
292
296
293.394
294.701
294.702
308
298.768
300.645
300.719
300.787
300.229
300.849
300.07
300.75
300.03
300.671
300.107
300.766
300.234
301.041
300.324
301.384
300.531
301.841
300.704
302.244
300
302.996
298.701
304
296.462
312.715
283.267
344.512
263.402
342.11
270.087
336.624
308
301.986
300
302.241
300.825
301.449
301.282
302.479
301.604
303.181
302.122
308
308
305.582
304
306.761
304.058
306.141
303.743
305.837
303.627
308
304.162
306.82
304
307.05
300
306.47
300
304.355
301.768
303.282
303.335
303.389
303.449
303.842
292
288
291.765
292.23
293.29
294.859
295.655
304
304.287
305.339
305.459
305.33
308
307.027
306.704
306.671
300
302.766
300.783
296
298.152
296.946
296.901
300
299.441
304
303.125
302.909
302.619
301.388
301.396
300.391
300.345
299.759
299.804
316
304
305.26
305.295
308
305.915
305.913
306.473
306.326
306.163
306.159
306.166
306.189
306.172
306.194
284
318.643
292
292
296.898
296.631
295.773
296.932
296.416
298.574
297.968
299.624
299.064
300.627
300.094
301.791
288
300.216
294.732
288
294.483
284
292.289
288
289.606
289.773
292
290.79
308
299.128
299.619
300.467
300.537
300.374
300.431
300.372
300.378
300.343
316
307.091
304
305.007
300
302.344
301.733
301.538
301.455
301.458
301.484
301.518
320
316
312.848
311.232
310.654
310.338
308.776
307.333
306.1
305.171
304.904
304.601
304.331
316
311.725
310.489
310.12
309.397
308.195
307.138
306.531
306.299
306.042
305.804
305.594
305.414
305.303
305.2
305.043
305.27
305.977
324
320
316
316
312.844
308.736
312
310.812
310.429
309.927
312
312.909
312.81
310.576
310.676
311.104
311.42
310.878
300
316.939
309.541
310.007
344
301.462
306.71
307.752
307.582
307.023
309.015
310.131
311.215
312.116
312.894
313.805
314.674
315.278
315.811
316.269
316.701
317.17
292
307.46
303.239
305.009
306.238
305.027
307.644
306.588
332
320.046
318.649
318.876
319.36
318.475
317.645
317.199
300
309.504
305.574
300
304.681
304
304.241
305.361
305.247
306.302
288
301.246
297.229
297.773
298.553
298.236
299.27
298.965
299.949
299.695
300.695
300.562
301.796
301.53
302.639
302.446
303.377
303.357
304.063
303.629
304.33
303.804
304.867
303.955
305.282
304.367
304.959
304.211
316
312
308
307.198
307.53
308.487
308.28
316
308.652
309.497
309.487
309.433
309.36
304
308.771
305.766
306.66
306.697
304
320
298.368
314.571
302.705
308.922
308.634
307.552
307.463
307.956
307.794
308.436
308.148
308.916
308.506
348
352
332
331.125
330.508
330.218
328
327.115
326.023
325.543
325.091
344
339.148
337.28
348
346.243
345.321
343.357
341.08
339.701
338.056
336.269
334.966
334.366
352
348.582
346.247
344.743
343.428
343.957
342.601
341.065
328
334.075
333.26
333.321
333.919
334.45
334.957
335.083
335.52
335.474
335.832
328
333.307
324
328.065
328
327.816
328.635
328.515
329.383
329.607
304
300
300
300.991
303.201
305.675
308.177
296
308.528
305.7
308.2
309.911
310.09
332
328.878
329.819
332
336
335.155
334.477
334.752
334.435
333.834
333.388
333.037
332.667
356
351.235
348
345.93
328
330.434
330.291
329.631
328.845
328.216
324
325.114
324.818
324.666
324.536
328
327.994
329.948
331.328
336
337.672
332
333.736
333.801
333.731
333.038
332.147
332.36
332.234
332.611
324
332.084
329.575
329.923
329.99
330.263
330.437
330.471
330.502
332
331.834
331.891
331.944
331.952
331.955
331.927
331.866
331.733
332.38
331.942
300
296
339.865
330.411
330.17
331.614
331.128
330.161
329.413
328.551
327.649
326.77
325.992
326.671
325.891
326.889
326.111
327.196
326.39
327.452
326.668
327.555
326.804
327.553
326.844
327.675
326.911
308
351.859
325.681
326.159
327.041
326.836
327.931
328
329.029
327.478
330.857
328.594
331.216
329.508
331.513
330.055
332.021
330.687
336
331.543
320
308
314.455
315.22
316.159
317.65
318.773
319.671
320.471
321.444
322.168
323.387
324.462
325.587
292
304.912
306.494
292
301.996
300.719
299.778
302.246
303.69
305.159
288
298.079
284
288.144
289.584
288.396
291.039
308
312
311.348
312.684
313.116
312.514
311.943
311.33
310.757
310.222
308.971
308.673
308.03
307.476
307.331
307.261
307.217
312
310.73
310.559
310.962
310.982
310.986
310.973
311.035
310.622
310.487
310.029
309.482
309.488
324
280.478
320
307.56
307.468
308.443
307.465
309.279
324
304.949
311.767
311.201
310.759
310.73
311.431
310.606
311.58
310.826
311.544
328
309.821
314.325
314.262
313.428
313.548
304
311.821
309.001
324
312
313.8
313.844
313.362
312.959
312.905
312.664
312.369
312.108
312.289
312
311.666
312.585
308
315.342
308.021
313.531
296
292
297.231
296.132
296.984
298.021
298.912
299.75
300.496
301.277
302.14
302.965
304.292
305.163
296
303.055
302.07
301.786
302.396
292
301.247
296
297.503
297.168
298.16
297.818
298.877
298.544
299.656
298.341
300.435
299.232
292
308.41
292
292
292
293.81
293.719
296
295.252
296.392
296.214
297.48
297.338
298.335
297.743
298.959
298.081
299.375
298.491
299.663
292
300
291.058
300.143
291.511
299.417
292.724
298.09
295.185
295.979
280
311.399
280.488
284
288.877
288.129
287.801
288
289.654
288
289.976
289.632
290.698
290.374
291.518
291.252
292.302
276
295.129
285.355
286.831
287.386
287.045
288.529
288.043
289.786
289.123
290.8
288.939
291.347
289.543
296
292
291.047
292.796
291.025
288
292.708
286.865
292.274
286.253
292.658
285.432
292.626
285.875
291.22
287.392
276
305.65
267.927
317.729
262.614
299.547
284
276
281.75
281.484
281.192
281.793
282.512
283.171
283.752
284.399
285.036
280
284.927
284.608
284.257
288
285.944
286.896
287.589
287.441
288.256
287.873
288.642
288.197
288.932
288.65
296
292.782
291.567
292.018
296
294.406
293.41
293.577
293.762
300
295.888
295.799
295.998
295.96
296
296.062
296.129
296.198
308
301.809
316
309.342
308.135
308.18
307.897
307.744
307.581
307.627
307.643
307.597
307.475
324
318.388
317.155
380
334.801
333.377
332.078
372
352.343
346.77
352
350.41
349.803
348.49
346.841
324
330.101
328.987
327.274
326.123
326.187
327.181
327.442
327.379
348
344
342.032
341.778
341.502
340.708
338.594
336.814
336.779
336.543
336.179
336.614
337.06
338.007
338.518
336
328
331.812
320
324
323.662
323.603
324.928
324.98
326.012
326.123
326.857
327.298
327.917
328.501
329.811
330.769
332.083
320
328.937
340
348
344.24
341.738
339.708
338.867
336
335.833
335.653
312
325.464
322.865
322.584
322.448
323.181
323.794
312
319.805
319.347
319.033
318.942
319.894
320.365
321.145
321.647
322.303
360
350.036
348.047
347.527
347.382
352
350.554
349.596
349.062
348.836
348.424
347.896
347.201
346.562
345.914
345.317
344.74
344.176
343.614
292
305.9
322.643
319.841
320
323.014
328
326.984
328.886
329.379
330.9
331.596
332.672
333.321
334.678
334.898
337.041
304
321.74
317.835
300
311.683
352
341.627
338.274
340.163
339.155
334.037
335.588
336.79
331.818
329.485
330.726
328.98
324.857
326.54
327.776
325.439
326.068
327.478
326.082
328
326.747
327.352
325.823
326.535
325.474
324.9
324.865
324.861
324.921
325.299
336
344
341.89
338.862
328
326.922
326.45
326.228
324
325.98
326.761
328.048
336
332
330.697
330.229
330.291
330.327
329.075
327.213
326.622
340
338.468
335.809
332.804
330.68
330.638
330.641
329.967
328.429
328.036
328
328.958
329.369
329.232
336
333.854
331.126
327.821
327.687
328.725
332
316
341.492
321.467
329.435
328.961
328.937
328.073
327.804
304
344.773
312
312
317.716
317.473
316.659
308
314.365
313.837
300
307.921
307.348
306.645
307.171
307.885
368
345.09
340.019
338.069
337.905
338.142
335.343
333.33
368
354.683
349.08
346.109
340
339.972
337.069
333.926
331.244
329.797
328.434
327.63
326.986
327.249
327.406
327.288
327.857
364
356
360
355.048
351.455
347.76
343.605
339.806
337.192
335.531
334.681
334.128
334.414
335.344
336.452
337.861
339.44
344
345.26
345.326
344.875
336
332
331.226
330.649
331.49
332.325
304
332.749
327.335
328.75
329.629
330.779
332.247
333.042
333.61
333.864
334.984
334.35
334.33
333.949
333.425
332.989
332.625
332.321
332.028
312
325.891
320.359
321.541
304
304
305.988
305.71
306.165
312
311.682
313.139
314.925
315.483
317.166
317.761
352
345.443
340
340.249
340.504
324
327.158
326.63
323.964
322.868
323.025
316
318.135
317.248
316.254
317.333
316.294
316.498
316.193
316.402
316.026
316
316.582
316.291
317.406
316.883
318.036
318.33
319.069
319.744
321.526
322.648
324.048
325.252
326.437
326.859
327.267
327.621
336
328
329.109
332
328
328.138
328.281
328.318
324
325.34
320
321.156
321.02
320.991
321.431
321.443
328
336
334.4
332.737
331.479
336
336.143
333.386
331.988
332.945
333.039
331.653
330.061
330.089
330.721
330.706
329.683
329.518
330.22
330.728
330.694
329.563
329.506
330.192
324
327.822
327.845
328.272
327.166
327.85
329.555
331.019
324
328
327.86
336
329.105
330.183
340
330.98
332
328
333.271
329.291
331.586
329.783
331.521
329.192
304
342.82
316.474
300
310.671
300
300
302.725
303.474
304.905
306.592
308.253
309.904
311.5
313.097
314.739
316.364
318.018
319.66
321.268
322.959
324.401
325.637
326.746
327.818
328.656
316
321.4
319.305
318.859
324
321.085
320.964
320.942
320.885
320.731
320.276
320.184
320.145
328
323.642
324.095
324.064
323.669
323.375
323.174
323.093
323.077
323.058
316
331.568
316
316
308
345.08
289.317
370.455
304
312.868
314.403
313.689
314.142
324
328
323.861
323.769
326.089
325.299
327.175
325.525
327.122
340
331.454
329.998
332
330.926
330.789
328
329.402
328.172
328.462
327.457
327.958
327.192
327.993
328.228
328.866
328.898
316
335.068
323.99
316
316
319.611
319.456
318.99
320.747
320.638
322.624
322.347
324.227
323.897
312
327.111
319.536
316
320.269
319.941
300
347.098
323.295
316
320.861
312
319.717
317.815
318.541
319.03
319.063
320.555
320.595
321.175
321.776
322.274
322.696
323.165
323.625
320
316
325.208
314.284
325.333
315.747
322.016
319.327
320.646
320.21
340
324.744
324.518
325.205
325
324.145
323.681
320
324.521
320.53
322.479
321.723
321.4
322.364
321.659
322.771
321.957
323.18
304
339.325
310.776
326.061
321.532
320
336
318.915
324.07
323.763
323.446
323.178
324.544
323.759
324.951
324.133
336
324.282
327.437
327.321
326.948
326.748
327.42
325.981
327.15
325.489
326.653
325.048
326.204
324.582
336
325.323
324
326.239
326.059
325.858
326.455
326.312
326.136
340
276.728
359.254
327.462
323.316
324.95
322.649
325.885
322.921
325.904
323.261
326.312
323.829
326.647
324.265
327.03
324.639
332
326.86
329.324
332
328.861
331.104
329.075
331.129
328.344
331.227
327.427
332
332
330.084
330.835
330.907
330.729
330.64
330.702
330.67
330.663
330.619
328
333.047
324.583
340.348
332
332.025
328
328
332.135
324.457
350.827
292.919
362.949
352
319.166
330.898
331.948
340
324.157
332
333.287
324
331.968
329.369
330.015
330.994
331.361
316
338.697
327.976
328.891
316
334.478
326.991
327.573
329.387
329.802
308
334.445
323.991
308
317.386
319.249
314.524
317.747
320.388
317.494
320.015
321.458
316
321.537
322.172
321.109
322.671
323.521
323.841
323.16
316
324.044
324
324
320.88
325.679
323.811
320.913
324.152
322.139
318.983
323.025
320.856
318.596
320
320.855
316.377
325.007
317.32
324.48
315.739
330.52
312.433
337.494
332
323.032
327.461
325.951
312
320
318.934
328
315.064
326.077
320.155
321.933
320.682
321.975
320.458
322.127
320.605
322.3
320.754
322.597
320.843
322.867
321.045
323.253
321.226
323.322
321.437
323.892
336
325.45
326.932
326.275
352
352
348
345.291
343.897
343.721
342.737
340.909
339.009
337.776
337.353
336.892
336.449
335.994
335.633
335.285
335.002
334.692
334.452
334.2
320
343.122
333.705
332
332.992
333.642
356
346.039
344.629
344.7
345.272
346.274
345.688
345.914
345.717
346.008
345.646
345.346
345.097
344.854
344.59
344.333
344.115
343.964
343.88
343.824
343.824
340
332
342.864
337.614
339.881
339.953
340.461
340.564
341.43
341.13
343.169
343.032
343.944
343.863
324
339.351
312
379.682
320
320
325.662
324.818
324.647
326.422
348
337.295
360
350.632
349.203
350.64
352
349.598
349.971
348.761
348.829
332
338.765
335.052
333.739
333.457
333.897
334.264
334.641
335.141
335.6
336.098
344
352
351.259
350.555
360
358.887
352
352.807
353.447
352.12
350.936
352
351.924
352
351.773
351.635
348
348.476
348.275
348.158
347.951
348
347.969
347.946
347.929
347.963
332
344
340
340
348
344.589
346.636
346.659
347.994
347.696
348.977
340
354.491
343.283
347.268
347.133
347.009
346.886
324
346.575
337.453
338.142
344
338.952
341.804
341.472
340
342.486
341.862
356
360
360
360
358.746
359.49
359.072
357.942
356.752
356.124
355.737
355.371
355.053
355.058
355.113
355.189
355.253
355.318
355.463
355.36
355.318
355.275
355.208
355.15
355.111
336
332
348.542
346.646
332
336
337.331
337.685
340.081
341.562
328
332
328
329.159
328.981
329.87
331.142
332.467
333.89
335.329
320
328
327.238
326.991
328.411
328.328
329.738
330.659
331.296
356
356
350.929
368
364.695
361.067
359.415
357.436
355.636
354.327
352.801
352.391
351.903
328
324
323.302
323.316
324.956
326.74
348
352.058
360
361.254
352
351.361
349.445
345.098
343.14
341.493
340.887
341.36
342.202
316
332.647
329.066
330.945
332.788
344
343.932
344.873
348
346.32
345.678
348
346.069
345.33
344.342
343.438
343.241
342.974
343.414
343.613
344.357
344.324
345.158
344.977
345.744
345.441
332
332
332.757
332.814
333.999
334.86
335.628
336.194
337.019
324
345.333
336.453
332
335.316
335.276
335.29
335.978
335.837
336.938
336.846
337.598
337.342
312
316
312
313.815
314.947
336
336.836
337.496
338.912
338.81
337.983
337.183
320
320
320.394
320.227
322.204
323.387
324.846
325.902
392
356.726
354.897
354.116
351.018
346.608
343.725
372
365.217
368
361.53
359.241
340
340.274
339.159
320
316
316.717
317.783
319.68
336
341.119
348
348.895
348.786
347.472
344.569
341.459
338.68
337.183
336.977
336
332
331.896
332.076
332.14
348
349.823
351.292
349.545
348
346.252
343.199
340.995
338.996
337.629
332
332.056
331.294
331.62
328
329.16
329.086
328
329.309
336
336
328
332.05
332.113
332.851
333.36
333.281
333.968
344
344.481
344.263
343.831
352
352.386
340
341.783
336
335.912
334.644
334.309
334.312
334.85
334.887
334.904
335.294
335.173
335.546
335.439
336.015
320
334.867
328.986
329.8
329.766
330.552
330.351
331.259
356
344
352
348
348.03
344
345.112
328
336.592
333.482
333.242
333.823
333.625
324
331.055
328.694
329.342
329.949
329.831
348
339.421
340.014
348
345.221
344.71
344.499
344.283
352
348.571
348.659
349.404
349.157
356
353.295
353.08
353.694
353.726
353.709
353.664
353.643
348
350.335
349.071
349.047
349.026
349.092
360
355.542
354.817
354.984
354.885
354.514
353.554
348
352.036
349.869
350.567
350.768
350.658
351.24
351.047
351.713
351.507
352.171
340
340
343.186
344
344.993
346.186
347.08
347.852
348.281
336
346.715
341.727
343.475
343.812
320
351.835
341.456
341.185
340.902
342.015
341.237
343.016
341.988
343.881
342.742
344.561
343.148
344.978
316
320
312
315.843
316.366
308
314.05
313.465
314.439
315.536
316.244
317.204
317.884
319.322
319.521
348
344.778
345.206
343.877
342.758
342.018
336
335.197
334.517
316
319.692
318.998
318.321
320.183
320.16
321.572
332
331.873
332.361
331.818
348
347.134
343.767
340.394
338.43
335.856
333.562
331.679
330.477
320
324.052
322.877
340
336
337.02
338.07
352
350.068
347.079
343.54
342.586
340.957
337.907
344
342.455
340.56
339.381
339.382
338.887
338.265
338.203
338.239
338.204
328
324
324.481
324.521
325.576
326.43
327.293
328.243
329.258
324
324
324.007
323.673
324.514
328
330.368
332.893
335.072
336.775
337.834
338.679
338.908
338.904
338.971
339.037
339.09
339.114
320
325.958
326.757
327.88
328.965
329.176
330.103
330.1
329.986
329.876
329.798
320
316
317.214
304
310.863
296
304
301.706
303.193
304
305.688
307.177
308.838
310.496
312.279
314.155
356
368
365.63
376
373.204
367.59
362.624
358.044
353.743
350.529
347.72
345.593
332
330.9
329.334
329.097
329.708
330.27
330.49
330.745
344
343.97
344.806
344.232
343.011
342.058
341.383
340
339.35
339.252
339.823
340.777
341.874
332
336.819
336.32
337.564
338.604
338.46
338.435
338.452
338.475
338.55
348
343.99
342.689
342.385
342.194
341.296
341.358
341.356
352
347.363
345.48
345.04
345.1
345.217
345.118
344.247
344.29
344.309
344.279
344.208
344.171
344.176
344.198
344.128
344.049
343.995
343.985
360
356
338.808
364
342.918
345.064
347.104
360
340.336
346.639
345.899
345.368
345.963
345.315
346.207
345.681
346.523
346.07
345.882
346.823
346.454
346.046
346.878
376
372
342.204
344.959
352
350.807
350.336
349.925
350.785
350.863
350.104
349.694
349.343
349.127
349.062
348.6
336
336
336.72
337.522
328
333.541
333.336
334.603
335.208
336.563
338.231
339.365
332
340
340
340.266
340.089
341.073
341.805
341.749
324
332
328
344
338.131
337.599
352
346.786
342.495
344.317
345.605
341.138
340.244
343.877
341.6
337.684
341.255
341.666
337.55
336.555
336
336
334.686
336.441
337.87
336.033
335.429
339.534
328
336.43
336.334
333.969
335.233
332
333.861
334.061
334.141
324
338.603
332.141
332.846
333.519
333.254
333.4
334.207
333.903
324
324
327.68
326.577
327.405
332
330.615
331.581
328
332.816
331.239
330.969
331.728
331.751
330.909
331.901
331.382
331.931
330.554
332.113
340
336
334.202
334.349
334.359
334.005
333.248
344
332.997
344
344
339.735
340.844
340.703
339.801
339.625
339.631
339.618
368
346.27
346.964
346.791
346.67
346.12
345.76
345.603
345.454
345.303
345.166
345.09
344.957
352
348
347.685
348.553
348.026
347.857
347.919
347.448
344
347.318
345.087
345.684
346.119
332
344
338.435
339.571
340.358
340.172
341.142
341.05
342.023
341.985
332
344.753
337.044
338.97
339.357
339.307
340.009
339.973
340.785
340.762
341.54
341.41
342.257
341.866
342.938
341.607
343.466
340.987
316
351.949
329.437
336.708
336.011
335.109
336.367
335.588
337.103
336.443
337.865
337.299
324
341.68
332.475
333.958
333.395
334.999
334.38
335.448
335.039
332
336.258
334.286
335.213
334.882
335.719
340
335.585
337.647
337.485
344
344
348
344.962
344.899
348
346.198
345.828
345.677
345.539
345.556
345.571
345.565
345.589
345.595
345.616
345.621
345.641
345.625
345.614
352
349.254
348.98
349.037
349.084
356
360
354.411
353.154
353.147
353.545
353.609
353.516
352.301
352.103
352.469
353.019
352.856
348
349.387
349.202
350.122
350.143
350.025
349.913
340
351.63
347.346
348.03
348.012
347.84
348.593
348.535
349.432
344
351.241
346.926
348.513
364
350.071
351.514
352.496
352.149
350.763
351.949
351.191
350.743
351.373
349.667
351.685
349.209
351.569
349.042
351.69
348.139
352.215
346.834
354.602
343.115
363.271
332.087
379.771
333.27
349.397
324
373.609
348.775
348.867
350.004
349.54
350.812
356
352.849
356
355.23
354.763
355.815
355.289
354.898
354.869
354.977
344
352.191
348.603
348
344
347.312
345.429
346.654
346.502
332
358.219
346.555
346.536
347.043
347.649
347.465
344
348.301
346.955
347.224
344
348.143
346.811
336
355.956
344.122
316
312
316.085
316.831
324
325.207
336
337.29
339.328
340.855
342.045
342.549
348
348
347.906
347.797
347.077
346.447
345.665
344.717
344.299
343.929
343.581
343.236
342.916
342.641
342.402
341.937
341.559
332
336.494
334.673
334.716
334.736
335.121
335.122
335.586
324
353.326
335.354
328
334.588
340
338.266
337.95
338.27
339.84
339.59
341.008
348
344.849
343.72
344.031
344.992
344.612
344.223
344.146
344.415
332
341.131
336.84
336.634
337.346
337.171
337.76
337.716
336
336.952
336.872
336.888
336.905
336.969
337.384
352
342.132
343.017
343.078
344
340
343.578
342.187
342.182
342.158
342.166
342.23
316
357.114
331.778
336.334
336
352
338.187
340.172
340.363
339.643
341.28
340.447
340.44
341.693
324
342.778
334.482
320
316
321.254
320.256
320.913
321.995
323.02
324.051
325.01
326.022
326.735
340
337.356
336.906
338.331
338.203
337.726
312
325.494
322.539
322.091
323.442
324.086
324.678
324.951
325.365
325.869
325.486
326.514
312
312
313.205
312.865
314.35
314.409
315.851
315.499
316.977
332
330.592
330.204
331.101
331.505
331.146
329.881
329.387
329.121
327.853
327.425
326.991
326.963
326.88
332
331.758
331.772
331.765
331.813
312
335.341
325.693
325.674
325.67
325.858
364
322.627
325.985
327.689
327.104
328.356
329.02
329.721
330.499
308
328.617
321.179
322.489
323.692
312
323.282
320.635
319.493
321.358
320.379
324
322.555
324.304
323.445
324.779
323.9
325.133
324.762
325.663
325.249
326.161
324.664
326.715
324.954
348
325.406
327.521
320
327.923
325.736
325.202
324.986
325.957
325.283
325.866
325.317
326.679
325.628
327.243
326.002
328.118
326.353
328.831
326.615
329.358
326.782
329.701
326.952
329.861
327.124
329.623
327.136
329.188
327.478
328.394
326.997
328.747
326.595
329.914
312
365.843
244.231
338.162
325.877
322.798
322.221
324.239
325.384
326.231
327.236
328.73
330.159
331.461
328
332.791
333.257
334.042
335.206
336.345
337.53
304
330.031
312
317.425
319.342
317.325
340
330.956
408
358.857
357.654
355.901
355.292
353.191
388
369.07
368
366.852
365.865
365.244
324
341.327
336.6
334.33
334.881
335.191
356
348.797
349.578
351.163
388
375.434
376
373.289
368
366.205
352
344
344
336
337.981
340
340.582
341.607
343.593
344.186
344.888
345.121
345.228
345.379
344.324
343.208
342.21
341.393
340.456
340.452
340.35
340.356
340.461
341.068
342.588
343.618
345.137
347.099
348.494
349.296
349.133
396
322.708
338.552
340.185
339.33
342.247
344.741
346.929
349.125
350.852
352.115
353.455
354.654
355.575
372
360.319
358.933
360.903
358.997
357.242
357.248
344
350.151
347.167
340
343.958
342.303
343.221
352
349.228
350.958
350.872
348
349.295
344
344
340
340.923
332
336.758
334.868
335.593
336.428
337.13
338.152
339.05
339.994
340.934
341.906
342.797
343.782
344.514
345.235
345.905
346.047
346.179
346.119
346.189
346.216
346.267
356
351.683
350.609
350.187
350.127
350.308
350.375
368
359.142
357.148
356.203
355.979
355.959
355.898
355.63
355.534
355.452
355.373
355.28
355.169
355.046
354.926
354.807
354.701
354.661
354.638
354.618
354.84
354.79
355.594
355.331
356.372
344
397.563
268.092
340
336.986
333.866
335.345
337.728
339.614
341.436
344
345.466
347.526
349.357
351.094
352.73
368
362.268
363.975
366.643
332
355.967
332
339.023
340.976
338.837
352
348
350.123
351.194
351.964
352.833
352.359
351.597
350.992
336
343.804
340.188
339.686
340.57
340.081
341.263
340.846
342.11
341.735
342.985
342.722
328
328
332
330.442
333.257
333.361
334.705
334.939
335.915
336.578
337.443
320
334.361
328.593
340
340
339.747
340.635
340.161
340.754
340.323
340.029
339.855
339.654
339.53
339.403
339.356
339.299
339.269
339.299
339.206
339.306
339.175
328
342.514
340
337.359
338.19
338.359
338.211
338.751
338.607
338.515
339.337
337.828
341.773
333.907
359.894
288.102
380.886
348
334.254
337.724
356
337.524
341.343
343.212
341.181
324
353.376
340.608
338.153
340.395
339.062
312
304
311.539
310.967
312
314.445
316.422
317.735
319.39
320.115
321.918
321.756
322
322.79
321.935
323.922
308
314.51
313.693
312.371
314.119
313.752
315.425
312
313.708
313.519
324
321.133
319.624
319.871
319.938
319.264
318.662
356
305.092
312.212
313.849
313.553
328
317.705
319.951
321.849
312
319.622
317.992
316.362
324
318.95
340
314.393
319.48
321.442
319.103
320.003
320.826
321.002
321.688
322.189
322.807
352
328.093
327.73
326.734
327.115
328
326.074
325.994
325.878
325.658
325.4
325.251
324.995
324.744
324.498
348
315.956
323.199
323.427
344
320.126
325.347
326.264
326.127
325.632
325.8
326.048
325.718
326.438
326.114
332
326.699
329.494
328.663
328.209
344
314.007
326.934
344
312.262
328.597
327.437
336
326.713
356
372
368
363.119
360.937
360.586
360
352
351.229
340
332
328
327.331
326.603
336
335.177
337.079
356
344
346.22
347.042
344.592
342.793
341.889
341.216
368
363.951
360.65
357.944
357.478
357.652
355.764
353.773
340
341.804
341.496
341.588
360
352
344
344.522
344.616
344.55
356
352
350.777
340
342.986
344
344.689
344.527
344.18
336
339.293
348
348.854
347.065
344.48
344.207
347.034
360
349.399
344.365
345.058
349.695
351.588
345.975
342.174
344.889
350.252
349.351
352
340.281
343.618
349.795
353.279
346.283
339.905
343.524
324
330.109
332.937
335.244
335.203
332.564
334.221
337.683
340.991
339.51
335.003
336.542
340.171
343.012
338.843
334.791
308
316
319.724
322.994
322.401
312
312
315.997
312
316
320
319.468
320.987
323.114
325.153
325.138
323.342
323.415
324.866
326.056
324.935
324.064
325.467
326.589
325.817
324.783
325.366
326.074
326.018
325.04
332
329.946
328.42
348
336.552
334.951
334.846
332.714
336
333.845
333.521
333.184
332.888
328
324
325.202
325.328
326.477
327.843
329.508
330.814
331.872
332.441
332.519
332.245
331.57
330.543
330.395
329.785
329.495
312
354.369
322.704
329.443
330.94
330.225
329.275
296
300
315.018
310.736
311.032
314.148
314.54
315.504
316.114
316.942
317.296
317.823
318.051
318.437
318.679
318.993
344
334.159
332.421
331.732
331.281
331.046
330.493
329.984
329.226
328.793
288
313.14
308.64
308
309.404
309.518
310.158
309.983
311.516
310.711
320
316.961
316
318.041
316
317.819
328
324.496
328
327.002
328
328.549
328.668
328.969
329.069
328
328.829
328.784
328.747
329.364
329.356
329.306
329.316
329.345
329.347
329.362
404
305.951
380
323.202
328.162
372
300.787
340.092
336.754
333.613
332.543
334.374
334.198
334.675
335.106
335.562
335.923
336.232
336
337.641
336.131
337.906
336.524
338.337
336.919
338.859
360
348.222
346.446
372
361.972
368
376
364
368
367.606
365.88
363.889
363.213
362.652
361.828
332
347.831
344.956
344.293
345.883
346.073
347.244
347.242
348.185
348.249
348.962
348.698
349.505
349.226
350.004
349.887
350.73
350.903
352.098
352.009
353.37
354.424
355.108
356.17
357.191
358.074
358.661
359.267
359.936
360.476
360.501
360.417
340
347.267
349.135
349.423
320
391.27
326.932
348.976
349.953
348.527
347.354
320
354.175
324
332
335.423
334.25
336.403
336.603
339.126
339.36
341.923
341.959
344.474
344.359
346.263
346
352
347.698
349.973
349.205
336
344.669
328
336.152
332.582
333.529
333.379
334.11
334.027
334.799
335.03
335.889
335.87
336.633
336.572
328
336
332.191
333.019
332.959
333.637
333.574
334.421
334.361
335.268
348
340.977
336
338.339
338.485
338.094
337.802
337.545
337.644
337.552
337.431
337.376
337.361
337.363
337.37
337.387
337.4
337.397
337.446
337.369
337.284
337.054
337.045
336.864
337.69
337.059
337.828
337.211
332
332
342.329
312.111
398.834
332
324
327.325
328.421
329.782
331.973
332.896
334.977
336.788
338.099
336
332
338.38
338.891
328
338.063
328
334.158
335.035
335.652
336.755
320
343.076
332.173
333.964
335.353
332.959
335.131
348
356
347.815
345.172
344.473
344.882
343.658
341.963
340.364
340.26
340.003
339.272
339.14
339.159
332
336.344
334.925
334.916
334.944
328
333.598
332.279
348
348
356
352.972
352
351.842
350.38
349.674
349.081
312
316
335.762
334.424
324
332.084
332.6
332.561
334.857
324
328.924
328.892
327.092
328.848
324
326.943
320
323.144
322.67
348
342.165
340.464
339.576
372
364.266
358.753
356
354.863
352.311
349.107
328
331.323
330.647
330.726
332.052
333.381
348
349.312
347.782
348
346.532
342.526
339.023
336.401
334.62
333.722
320
328
328.003
329.6
331.536
333.23
344
346.443
347.652
346.491
348
346.429
343.216
341.326
338.185
335.337
333.903
333.025
333.07
333.672
334.521
335.583
336.735
337.928
338.958
339.685
339.696
339.657
339.658
339.699
338.907
336
324
329.146
329.134
330.67
332.691
334.92
337.014
338.715
340.187
340.785
339.73
337.55
337.505
335.151
333.976
332.759
328
329.464
328.126
328.931
329.554
330.468
331.503
332.698
312
347.328
329.05
330.205
331.108
312
343.208
329.872
329.563
329.212
330.231
329.756
330.337
329.864
331.25
330.668
300
386.194
333.206
330.017
332.282
331.69
329.962
304
354.949
304
338.613
326.75
324.607
326.271
324.759
327.003
325.2
327.963
326.216
296
296
300.502
297.384
316
308
310.802
313.212
313.52
313.948
314.627
314.986
315.67
316.143
316.68
317.112
316.863
317.669
317.247
317.928
312
315.547
314.855
314.317
315.322
304
317.457
311.898
311.742
311.786
311.848
311.972
311.985
311.977
312.89
312.718
312.507
313.562
313.275
313.867
313.652
314.55
314.164
315.087
314.559
315.653
314.694
316.413
313.592
308
328.358
293.668
362.73
300.43
306.331
309.662
308.664
309.942
308
312.47
310.904
313.419
311.828
314.636
313.069
328
315.782
318.58
320.225
312
317.508
315.168
316.183
315.205
296
324.574
308.795
310.368
311.254
320
314.616
340
330.527
327.909
336
333.427
332.325
331.98
331.633
331.139
330.155
330.007
308
321.806
317.82
304
313.78
304
307.849
308.34
328
321.632
322.52
336
332.518
331.621
332.5
330.904
330.736
330.208
329.696
329.48
329.258
296
315.448
311.269
311.958
313.488
296
308.131
300
301.914
302.959
302.461
303.712
303.561
304.683
304.14
324
317.86
340
335.065
335.174
336.173
336.364
312
319.779
317.807
315.746
316.642
312
313.807
313.479
304
308.686
307.161
316
313.294
312
313.738
313.356
313.741
313.402
314.062
313.765
314.418
314.115
314.951
314.649
315.629
316.089
328
325.475
352
343.318
340.203
339.113
338.102
337.655
336.053
334.731
334.31
308
326.58
322.51
322.811
323.667
308
315.711
315.302
314.762
315.182
315.575
316.239
316.515
332
328
327.665
328.785
328.492
328.374
328.671
340
337.091
336.181
324
329.661
329.741
329.393
328.248
312
312
312.408
313.106
313.748
314.459
300
306.11
308
308.824
308.542
309.499
310.954
364
350.551
352
348.658
347.391
345.734
342.398
338.16
320
318.55
317.1
312
313.675
313.702
308
310.169
308.703
308.804
308.746
308.791
308.995
309.104
360
348.871
343.783
339.573
335.25
330.653
352
351.291
349.779
345.995
343.005
324
324.795
323.833
324.463
324.494
323.013
321.533
320.061
320.995
324
332
331.036
336
334.681
333.525
332.328
348
347.388
345.953
343.163
340
328
329.236
328.794
324
325.805
326.041
327.547
328.857
329.906
330.215
330.344
330.112
324
316
317.136
316.722
317.832
319.21
320.78
324
336
340.65
341.216
338.999
340
339.924
337.377
335.582
333.658
330.343
326.849
325.266
324.428
324.333
324.882
325.658
326.639
327.741
328.913
330.009
330.846
330.952
330.927
330.982
330.543
329.457
328.38
327.385
326.592
326.286
326.342
326.725
327.639
329.235
331.896
344
340
292
358.259
288
358.589
304
359.684
315.069
327.332
308
342.187
327.441
325.788
325.447
326.611
325.705
326.388
326.346
326.975
296
284
290.681
289.638
289.535
291.251
292.143
293.15
294.169
292
293.824
294.147
284
289.66
288.195
304
302.279
304.439
305.691
316
316.495
316.906
315.316
314.26
313.499
312.857
312.268
311.819
311.336
311.084
310.855
310.685
310.503
310.367
310.267
310.187
308
308.741
308.696
308.675
308.635
316
314.068
313.567
313.805
312.555
311.344
310.317
309.928
309.491
310.178
312.015
315.49
314.61
312.054
312.129
340
324
328
324
322.684
322.003
321.43
320.592
312
312
311.587
311.167
292
312.923
307.747
308.441
308.806
288
302.526
300.81
300.368
280
288
289.237
287.011
287.532
289.065
372
345.693
340.583
339.361
338.033
340
335.877
332.519
312
314.693
312.358
309.345
307.46
306.184
306.076
304.975
304.713
304.563
304.593
304.572
304.473
304.678
304.6
304.41
304.337
304.431
304.688
304.933
305.177
306.124
308.512
340
343.539
332
329.53
327.844
316
312.835
311.044
300
301.2
300.293
302.676
305.695
308.971
296
300.357
300.466
302.31
303.787
304.33
344
341.914
335.951
331.69
320
314.149
309.414
305.508
303.649
300
296
296
296.87
298.468
296
308
311.357
313.239
313.098
311.562
309.049
306.447
304.48
303.119
308
308
309.575
304
304.242
304.707
305.673
306.824
292
301.174
300.207
301.464
301.404
301.081
301.863
302.546
302.54
302.373
302.416
302.828
303.115
308
307.085
305.944
304.334
312
310.815
308.926
306.832
308.448
310.739
316
316
312.422
310.41
324
320.952
319.377
315.399
356
336.519
328.44
327.626
328.662
326.783
322.955
321.217
321.184
320.325
317.527
316.035
316.787
316.376
315.535
314.692
315.779
315.928
344
327.502
324.425
324.308
336
332.68
328
312
324
323.794
325.193
324
319.608
321.646
327.462
329.654
325.8
320.529
321.057
316
320.691
316
315.509
314.688
316.32
336
330.517
324.701
332
333.077
334.437
328.092
325.027
328.965
316
319.029
319.876
304
311.906
313.125
313.192
312.895
314.599
316.073
315.794
316.361
312
312
313.003
312.721
312.391
313.154
312.971
313.938
313.737
312
313.752
313.547
314.571
320
318.477
317.91
318.453
312
317.407
312
320
324
314.386
318.126
317.516
316.779
336
317.292
319.547
320.126
320
318.403
319.296
300
300
302.997
303.359
304.834
306.526
307.562
308.577
309.498
310.387
311.265
312.081
312.805
313.545
313.99
314.613
314.613
276
289.27
297.749
294.875
304
303.336
305.753
307.025
308.178
308.733
304
308.589
306.678
306.681
307.926
306.141
308.741
307.008
309.313
307.793
310.073
308.778
310.809
309.844
311.595
310.831
311.748
311.712
312.671
312.737
312.586
312.734
312.705
312.733
312.598
312.68
312.7
288
321.847
288
341.342
292
311.709
310.348
309.743
308.624
310.553
309.419
311.197
310.147
312.038
311.113
312.819
311.983
313.413
284
328.666
311.545
309.919
280
328.863
312.888
309.443
308.671
309.818
309.015
272
327.634
307.804
303.511
303.986
276
336.225
310.403
306.31
307.33
307.5
284
316.178
305.587
300.701
300.89
304
301.017
301.042
302.831
303.407
301.344
303.007
303.915
284
321.261
301.786
299.289
301.93
301.543
301.573
303.791
300
308
303.789
304.798
305.903
303.849
306.115
308
304.733
304
306.578
303.485
305.24
303.735
305.092
303.317
305.856
303.27
305.998
303.481
300
304.686
302.064
302.743
303.208
302.973
303.659
303.479
304.217
304
304.635
303.263
312
320
324
317.405
328
325.981
325.711
325.373
324.169
324.216
324.198
324.141
324.039
323.956
323.82
323.697
308
312.082
311.302
311.947
312.862
313.63
304
309.875
308.924
308.942
309.959
316
315.879
316
312
315.143
315.141
315.054
316.095
316.145
332
327.836
326.438
320
320.862
321.171
319.874
318.262
318.091
318.04
318.006
317.942
317.882
317.859
317.87
317.841
317.797
328
321.195
316
318.081
318.424
318.452
318.241
312
324.591
318.156
318.784
318.754
319.155
318.92
318.587
328
332
314.348
320.039
320
319.972
319.663
318.957
320.618
320.046
319.619
319.852
300
323.849
311.569
313.414
313.423
313.275
314.225
320
315.64
317.465
320
318.95
319.53
324
328
320
323.435
332
328
326.519
326.319
326.977
320
332
324.717
325.037
325.266
324.473
324.512
324.568
328
324.639
324
325.197
324.806
323.033
323.901
324.064
322.907
322.719
304
340.158
306.88
312
315.93
315.657
314.912
316.314
316.534
324
320.063
322.18
332
327.437
327.482
328.923
328.546
328.297
328.623
308
320.336
315.286
315.226
316.243
315.956
316.94
316.761
317.59
317.556
318.32
318.597
319.182
319.128
319.793
319.728
320.353
320.28
320.937
320
321.336
312
326.238
316.048
319.309
300
300
316.536
300
319.427
311.07
312.908
312.256
312
314.025
313.437
324
316.212
318.676
318.356
318.088
319.05
318.338
319.198
318.468
319.476
318.683
319.704
318.888
319.865
319.064
319.784
318.795
319.554
318.635
319.042
318.735
319.219
319.277
319.317
319.291
319.982
319.085
316
334.672
246.538
354.159
328.92
320.512
316.271
318.795
318.079
318.697
292
353.67
297.757
300
305.748
300
301.938
303.761
304.653
305.531
306.694
340
336
331.009
328
329.765
329.455
320
324
320.407
316.657
316.043
314.223
313.483
312.539
312.297
312.438
312.292
312.772
312.599
320
319.319
319.507
319.459
319.135
308
312.527
311.396
311.385
311.894
312.499
312
313.895
320
316
318.322
319.06
317.177
317.082
317.392
315.974
315.86
315.952
315.722
315.589
315.508
315.477
315.44
308
322.463
309.457
320.031
312.833
316.239
315.389
288
304
300
299.935
300.119
301.862
301.391
303.052
302.644
348
344
340
328
329.085
330.63
308
312
311.469
309.219
308.317
284
294.163
293.567
292.73
280
287.051
287.349
286.741
287.903
289.015
289.986
290.243
290.435
290.485
290.647
290.675
290.782
291.018
292.35
340
332.795
336
332.254
330.101
328.739
327.532
325.161
320
318.421
316.949
315.456
313.983
312.512
311.041
308
306.617
305.372
304.231
324
323.268
323.887
322.996
321.849
320
318.947
317.4
315.883
314.662
314.345
314.663
315.171
316.403
328
333.184
332.916
330.164
326.71
323.4
319.985
316.993
315.378
314.736
314.559
315.044
315.427
315.867
312
313.235
312.835
313.961
315.337
317.104
336
337.485
334.467
330.622
327.061
323.163
296
305.664
305.399
309.309
304
308.182
310.188
312.274
313.724
315.431
316.895
316.731
300
305.607
305.164
305.513
284
291.986
293.138
292.918
294.545
297.01
298.832
298.516
288
293.4
294.574
293.847
291.474
294.378
294.952
272
284.367
272
274.244
275.336
268
276
268
271.202
276
273.42
275.767
276.43
264
268
268.776
264
266.888
256
260
261.133
260
261.799
261.37
263.455
262.986
264.654
264.794
265.911
266.04
266.858
267.394
256
266.379
259.847
262.227
262.01
261.83
262.993
262.802
260
265.024
260.625
256
265.659
256
248
258.555
254.17
255.339
256.096
255.995
256.869
256.857
257.714
257.654
258.509
252
261.163
255.05
257.292
257.274
257.024
257.863
252
264.841
253.513
260.017
256.009
258.43
256.31
258.2
256.45
257.83
256.043
258.33
252
272.049
232.546
284.352
240.917
260
258.126
256.263
256.777
257.152
257.045
257.763
257.069
258.457
258.062
259.035
258.694
259.656
258.828
260.151
258.349
260.45
258.165
260.172
257.895
259.717
257.505
276
268
265.37
272
270.042
269.32
270.303
272
271.202
271.032
271.774
271.79
271.747
284
278.943
277.743
277.844
278.315
278.341
296
288
286.503
286.195
296
293.483
292.19
291.936
300
298.036
312
307.794
316
308
308.703
309.031
308.737
308.29
307.931
307.641
307.422
307.218
307.044
306.882
306.664
306.55
306.507
306.471
306.447
306.492
306.643
312
320
316.884
315.259
314.117
332
325.956
328
324
322.005
322.843
324.513
308
311.454
310.934
312.302
312.555
312.303
313.969
304
308.153
307.926
308.765
308.536
308.366
309.593
309.994
309.772
309.501
312
311.886
312.349
312.383
313.09
324
340
334.84
348
344.617
340.906
338.835
338.427
337.629
336.292
335.246
320
321.708
321.109
322.267
323.479
324.095
324.716
325.756
326.203
325.773
325.333
324.949
324.605
324.289
324
323.786
323.854
323.794
324.04
324.304
324.935
325.45
327.108
328.788
330.899
332.672
333.723
334.229
334.795
336
336.016
335.916
328
327.946
327.652
327.734
324
325.979
325.901
327.177
328.174
328.775
329.122
329.2
329.271
329.342
329.412
329.485
300
300
323.976
320.049
321.733
324.278
328
326.766
328.69
328.007
327.296
326.661
340
332.694
331.75
332.251
330.395
329.661
328.338
327.537
327.105
328
327.365
327.021
340
332
331.953
331.898
332
330.601
330.116
330.184
330.09
329.423
329.363
329.236
329.008
329.418
329.358
329.299
330.005
329.893
331.406
330.725
331.069
330.711
330.784
330.438
331.199
330.212
331.28
324
320
312
341.439
314.157
351.029
310.081
344.657
326.275
329.136
328
332
329.446
329.673
330.546
330.204
330.947
330.616
331.323
331.027
308
308
310.173
309.098
296
296
304
301.356
316
312.712
314.062
332
328.385
329.364
329.74
320
322.021
321.813
319.176
318.987
319.789
319.401
304
316
314.249
312.908
314.223
308
316
308
310.192
310.686
309.275
310.118
310.053
310.665
310.604
311.231
311.159
311.931
311.895
312.877
312.749
313.72
313.612
314.463
304
325.77
316
314.107
315.014
314.408
313.852
315.081
313.126
312
314.814
310.779
315.734
309.426
321.072
303.414
363.419
240.499
324.149
313.238
310.84
310.267
308
312.328
310.526
312.518
300
292
307.027
305.167
302.916
304.19
305.907
306.999
307.928
308.986
310.106
376
324.195
324.453
323.983
324.838
322.85
321.717
320.014
317.529
317.711
316.389
314.832
313.61
314.007
312.842
314.028
312.705
314.071
312.766
314.434
313.385
320
316
317.955
324
336
328
328.236
328.158
328.782
329.104
328.693
328.602
296
308
314.57
315.309
316.49
324
325.577
324.56
323.693
344
338.732
332
332.681
333.404
327.862
325.53
320
319.161
317.434
316.744
316
317.316
312
315.042
314.854
316
312
314.453
315.202
314.974
315.601
315.332
316.341
304
316.654
312.469
313.422
314.219
314.258
315.773
315.532
316.677
316.586
317.463
317.084
317.596
316.613
318.53
315.437
292
311.458
303.471
305.098
306.026
316
310.04
313.52
324
317.79
320.025
304
318.055
310.787
312.622
312.621
328
332
328.227
327.158
326.972
326.394
324.689
322.976
321.846
320.775
319.56
318.595
318.542
304
313.293
310.467
310.772
311.435
311.504
312.222
312.285
328
323.274
323.275
324
324.033
324.012
323.552
323.587
300
317.039
300
308.624
307.688
296
305.251
302.948
302.975
292
299.933
308
300
304
308
307.227
307.281
308.416
308.389
308.996
308.921
309.737
309.508
310.331
312
311.455
304
309.254
307.253
306.573
306.555
308
306.411
307.022
307.124
306.764
306.907
312
309.086
309.566
309.631
308.113
296
333.853
244.296
329.334
313.888
310.076
306.061
280
336.615
292
299.759
302.329
316
303.051
305.786
307.778
336
315.18
313.225
315.301
313.916
311.844
300
305.955
304.246
301.079
302.201
288
295.794
294.192
292.368
293.99
294.031
304
300.542
301.423
302.384
303.092
302.47
301.955
302.497
308
306.191
305.847
306
306.694
306.95
306.771
307.325
307.238
307.42
307.495
304
306.24
304.865
304.92
292
299.47
297.167
297.212
284
301.776
295.224
284
293.317
292.836
292.634
293.965
294.586
295.371
296.055
296.794
297.471
324
315.983
314.846
314.86
314.9
314.517
296
301.713
301.558
299.365
299.052
299.985
299.694
312
308.322
307.721
307.363
306.72
305.739
305.398
304.712
304.47
328
315.099
313.084
312.692
311.641
310.123
308.884
308.776
308.529
320
316.379
314.759
314.274
314.194
344
360
331.316
329.988
329.11
329.128
328.943
352
345.823
341.045
338.017
340
340.847
339.227
336.298
333.93
333.232
332.964
332.143
331.279
330.557
330.037
329.598
329.182
328.793
328.298
328.032
328.074
327.795
328.28
296
370.801
298.318
344.901
333.914
333.189
332.745
333.426
308
385.467
316.605
324
325.372
323.822
324.303
325.468
325.748
312
322.677
321.17
300
296
301.635
299.584
299.405
300.055
301.619
302.007
302.58
288
297.754
295.869
296
297.248
300
299.201
300.941
301.195
301.735
303.986
303.054
304.938
296
301
300.469
300.151
300.137
300.711
300.7
300.455
301.186
300.425
301.695
300.251
302.632
272
320.357
284.945
296.814
296.253
295.496
295.458
297.043
296.182
284
294.12
291.336
272
291.388
285.311
272
279.77
278.988
277.793
278.609
279.509
279.962
280.748
281.392
282.184
282.923
283.698
284.287
284.164
276
284
284
282.933
283.372
284.252
288
284
286.706
286.833
284.846
286.587
284
284.479
284.996
282.662
283.968
282.84
282.48
288
279.072
293.573
272.994
299.223
263.393
308.432
270.402
284.928
284.513
304
308
297.261
295.705
296.362
296.357
296.13
295.811
295.383
295.127
294.924
294.763
294.641
294.575
294.541
294.534
294.769
316
304
302.345
302.403
304
303.82
308
305.92
304
304.796
308
316
313.913
320
318.128
315.432
314.93
315.937
316.733
316.467
315.075
314.516
314.35
314.277
324
321.133
319.963
318.706
318.517
319.432
319.823
318.969
317.589
316
324
320
319.667
318.672
318.855
319.327
318.877
316.348
316.154
317.434
318.171
324
315.102
316.943
318.331
318.514
317.324
317.201
304
324.719
304
322.309
313.535
315.361
304
332.835
312
312
312
313.379
313.087
316
314.074
315.323
314.998
316.003
315.44
316.52
315.584
316.949
315.299
320
315.669
318.029
316.199
317.293
315.446
317.569
314.785
318.612
314.87
318.36
315.207
317.372
315.745
316.716
316.305
316.337
312
328.067
290.632
354.171
324
273.363
360.671
288.947
325.683
324
317.656
316
308
316.407
313.381
300
304
306.511
302.825
304.258
305.625
305.01
306.75
306.173
308.031
307.37
309.24
316
311.089
312.945
308
312.681
308.843
310.534
309.002
309.843
309.983
309.994
300
313.163
302.833
307.906
305.961
306.75
306.723
312
305.483
312
306.641
309.958
308.818
308.865
308.913
308.967
304
313.996
308
300
316.282
301.489
300
304
303.438
303.261
304.488
292
296
297.66
312
303.232
304.639
305.596
305.799
305.401
306.091
305.94
306.473
305.983
320
320
316.232
314.715
314.432
314.511
312.791
311.16
310.578
310.448
309.759
309.094
309.065
309.022
308.984
308.909
308.922
308.96
308.986
308.886
309.287
309.179
309.256
309.421
309.285
309.793
309.582
309.981
324
308.014
312.35
312.411
324
292.305
360.399
265.061
342.763
308
296
301.777
296
303.985
302.583
312
307.019
307.906
310.342
309.044
311.647
328
318.816
317.836
319.699
318.638
319.462
320
318.218
319.72
318.087
319.679
317.543
319.027
316.966
324
328
326.147
325.763
332
330.659
329.915
332
320
323.348
322.097
320.813
320.839
320.865
320.911
320.924
321.484
321.47
322.016
322.017
322.596
322.615
322.984
323.021
323.052
323.332
323.346
323.406
323.434
316
328.683
317.979
324.744
321.62
324
323.044
322.987
323.041
322.711
323.74
322.896
324
322.161
326.003
318.053
338.892
295.476
355.509
308
318.793
321.221
320.673
319.932
320
321.847
320.896
322.271
321.577
322.876
322.42
292
316.812
309.89
309.204
309.489
310.306
328
318.691
320
320.628
316
319.193
318.839
318.289
318.178
318.587
318.253
318.84
318.039
319.113
318.399
319.387
318.657
319.717
319.055
320.092
319.912
319.63
319.528
304
326.484
308.631
323.378
315.854
317.507
317.292
317.399
317.426
304
369.249
268.075
339.511
292
292
297.31
298.694
297.231
280
289.652
291.321
296
312
304.262
303.905
312
310.861
312.188
312
312.501
312.174
312.567
311.967
312.031
288
302.994
298.072
295.878
295.988
294.97
295.74
320
313.134
312.088
311.71
311.748
300
292
293.035
293.055
293.53
294.508
295.851
284
289.108
288.821
300
299.581
308
312
304
305.357
305.71
302.794
300.92
324
320.645
315.432
316
313.62
309.053
307.543
307.289
304.833
302.389
304
303.705
303.091
302.9
303.277
303.055
302.808
302.614
304
303.905
303.696
304.541
304.287
305.423
288
342.402
284
306.303
304.046
303.424
303.807
303.516
305.605
304.408
306.888
308
306.471
309.03
307.922
310.02
308.62
328
307.689
310.57
308
310.608
308.397
309.948
308.241
308
308.832
307.279
308.286
307.087
308.25
324
324
308.487
320
314.956
324
316.509
316
328
318.322
319.139
318.936
318.231
317.937
296
313.189
307.548
276
310.313
302.778
302.406
302.27
292
299.24
299.325
298.116
298.69
272
272
274.431
273.459
275.493
277.401
296
294.951
296.662
298.702
299.814
292
292
293.299
291.232
290.255
291.162
290.993
290.303
296
295.222
308
305.032
303.378
300
297.71
296.957
295.418
294.539
293.908
293.897
293.939
293.863
293.695
300
298.735
298.477
292
294.974
294.499
296
295.529
304
301.379
299.874
299.053
296
294.711
294.165
293.921
294.154
295.051
296.35
297.694
297.699
295.4
295.237
296
296.541
296.134
294.513
308
308
296.474
296.469
297.186
296.299
293.617
295.765
297.394
295.79
296
299.394
300.635
291.285
301.146
288
296
294.937
292
295.127
292
294.692
294.438
294.177
294.977
300
300
298.007
299.312
299.586
298.235
292
288
291.616
293.366
292
288
293.669
294.015
291.791
294.151
292
288
300
294.687
308
301.869
300.016
301.428
301.108
316
308.349
306.571
307.277
300
302.234
296
296.996
296.74
295.903
296.299
296.19
296.874
296.799
332
332
319.423
318.188
316.804
314.971
296
297.614
296.874
308
310.783
310.421
316
315.823
310.759
307.872
306.712
324
322.54
332
324.131
318.096
336
336.2
316
314.732
316.523
317.665
296
300.633
303.261
306.96
316
310.127
311.059
316
317.687
312.953
308.472
312
324
322.44
312.626
308.823
314.535
319.612
315.515
306.41
308.636
315.524
319.677
310.995
328
325.129
316.819
311.867
320.472
324.374
313.427
312
321.6
322.887
309.017
311.324
322.865
352
344
321.899
322.807
328.668
327.223
314.725
332
336.452
326.559
317.578
326.798
331.488
316
308
316.512
324.803
320.061
310.889
317.645
308
309.469
310.676
312.561
314.165
311.796
313.058
315.036
315.122
311.331
308
312.073
314.004
311.151
308.466
300
296
300
301.97
300
300.381
302.949
306.626
307.967
304
306.38
309.51
311.303
306.126
304.682
308.76
312.939
309.319
303.546
305.444
312.278
314.358
304.838
303.272
310.14
315.441
306.982
348
344
299.258
336
328
314.488
309.99
317.886
316
306.899
308.039
317.003
317.837
312
308.119
317.754
320.819
312
316
324.04
318.592
306.551
316.256
323.808
328
304.132
316.986
323.572
318.005
316
317.836
322.705
312
309.054
322.445
320.948
307.014
314.866
325.45
328
305.068
316.26
324.833
314.498
320
328.081
318.545
316
330.452
323.374
310.774
321.545
300
305.653
316.174
311.72
309.39
332
322.466
313.705
325.143
320.453
308.925
328
322.475
324
304
317.44
318.985
304
314.956
319.483
307.16
314.271
320.117
307.061
314.893
320.375
307.51
296
292
295.362
300
298.261
304.564
308.664
304.047
307.096
312.04
306.401
307.391
312.126
307.215
304.662
310.806
308.774
302.988
309.284
311.064
316
307.89
313.548
315.35
307.825
308.758
288
294.342
296.33
296.357
297.219
301.128
301.476
300.601
303.32
304.476
303.132
304.103
305.649
316
310.183
308.55
310.545
309.843
306.651
308.007
307.851
296
304.609
303.844
301.667
303.09
304.058
302.522
303.553
304.402
303.042
302.923
304.068
303.255
302.89
304
303.773
303.26
304.219
320
324
312.879
312.691
313.294
312.916
316
313.511
316
314.967
314.695
314.717
314.677
314.618
314.533
314.48
314.406
314.311
314.231
314.12
332
320.883
319.788
319.183
318.969
318.242
317.17
304
327.583
307.04
321.265
313.909
315.819
315.755
316
315.826
336
314.989
317.227
332
317.409
319.544
319.756
319.326
319.156
296
323.826
313.494
313.265
308
314.387
312.458
312.243
313.276
313.139
336
322.238
321.07
322.457
321.748
304
316.85
313.53
312.668
312.281
313.619
313.361
300
314.991
309.493
309.28
310.142
310.224
310.399
311.17
310.819
312.209
311.689
308
312
311.463
312
300
315.402
309.777
300
308
304
305.717
305.417
306.181
306.007
307.517
306.958
308.516
307.761
309.589
300
318.261
302.506
308
307.683
307.343
307.128
308.123
324
308.404
310.613
311.099
310.567
308
311.59
308.927
309.688
309.585
309.317
309.633
309.384
308
312
307.537
311.006
316
306.538
313.343
308.347
310.851
308.997
310.578
308.598
311.314
300
296
300.422
300.5
301.461
296
284
296
294.346
295.559
297.037
297.816
298.854
299.723
336
323.233
321.469
321.284
321.059
320.196
319.249
317.99
316.602
315.506
314.111
313.458
312.928
312.328
304
306.586
305.821
305.36
304.857
305.297
304
305.134
304.757
305.327
304.964
305.749
305.582
296
303.904
302.007
303.136
303.769
304.526
305.573
306.463
307.595
308.631
309.577
310.26
310.761
310.983
311.456
312.015
312.615
300
300
301.678
301.817
316
308
312
311.872
311.717
311.09
310.32
309.35
308.281
316
310.733
316
312.027
312.947
312.365
300
308.695
305.065
305.857
306.564
306.356
288
302.293
297.663
292
300
297.409
298.346
308
303.792
328
319.84
319.594
320.677
320.231
319.592
312
315.603
313.457
313.156
313.133
313.03
313.328
313.12
313.813
313.594
314.286
314.172
314.753
314.72
315.385
315.389
315.359
315.385
315.491
315.467
315.516
315.565
315.723
315.788
332
288.287
354.245
288.075
337.506
314.974
336
321.765
321.885
321.48
321.09
336
327.105
340
332
336
335.42
334.975
334.655
334.332
340
336.767
336.779
336
336.847
332
333.802
332.068
332.883
331.001
331.884
330.689
331.499
331.56
331.661
331.732
332.248
332.3
348
334.78
335.997
336.366
336.407
335.777
335.581
335.386
335.205
348
332.414
336.826
336.761
336.8
336.718
336.596
336.427
336.48
336.309
336.187
340
336.028
337.991
337.57
337.319
337.079
337.468
337.145
348
307.011
387.601
329.108
332.889
335.229
334.555
336
344
337.86
340.351
341.728
340.002
342.378
340.615
342.697
340.922
343.016
341.265
343.283
341.632
340
342.52
340.836
342.2
342.478
343.409
343.645
352
347.439
347.076
348.341
348.275
344
340
348
340.466
344.628
348
343.342
345.897
345.476
344.876
345.048
345.213
344.848
344
345.247
343.957
344.796
344.377
344.248
344.41
344.228
344.891
320
373.953
308.159
397.328
336
340.14
343.1
340
342.028
336
342.457
340.668
342.259
340.818
343.932
364
349.764
349.262
351.585
350.407
351.314
350.139
351.117
349.984
351.219
344
349.612
356
351.127
350.638
356
353.11
353.794
353.552
352.987
352.806
360
355.174
355.564
355.336
356
353.857
353.884
353.942
353.79
353.169
353.737
353.669
353.671
353.652
353.767
353.815
353.848
353.74
353.935
348
344
354.302
348.77
352.716
350.58
344
340
343.836
344.197
352
352.152
344
344
345.572
346.348
346.281
347.644
352
353.022
351.601
350.931
352.236
348
344
345.467
347.353
347.752
343.178
346.379
349.54
347.589
341.657
345.807
350.623
346.929
341.305
348.625
353.629
343.429
336
344.502
354.547
336
346.706
352.72
344.204
352
357.274
352
346.164
360.652
353.658
341.89
356.219
354.148
339.551
352.677
356.939
341.109
351.942
358.152
341.671
351.519
358.827
341.584
352.09
359.516
340.655
353.024
359.839
338.242
352
360.272
336.79
356.345
359.115
338.959
358.869
348
336.493
363.227
352
336.88
363.465
348
337.669
344
348.4
332.032
347.313
353.826
336.266
348.232
356.118
337.566
348.941
348
332.302
346.197
352
335.06
346.927
354.308
336.87
348.209
355.584
340
351.302
340
333.528
344
343.847
329.54
345.17
352
334.298
352
352.347
360
341.302
358.112
353.217
348
353.673
344
341.856
349.802
340
341.045
347.36
342.354
340.111
348
343.958
340.732
347.635
345.22
339.861
346.696
345.155
339.584
346.282
346.024
332
346.931
324
336.998
337.478
332
336.495
337.648
333.275
337.915
338.974
334.095
360
351.245
364
358.56
356.901
352
353.341
352.157
350.501
350.774
344
346.944
345.05
352
348.055
348.738
349.328
352
344
348.454
346.711
346.657
352
352
351.062
351.159
356
353.475
352.676
360
356.741
355.608
356.704
355.576
354.244
368
362.004
364
360
360.906
360.878
359.528
359.443
359.484
359.468
359.381
359.446
348
365.219
348
357.241
356
355.957
355.945
355.897
360
356.948
360
358.597
359.518
359.523
359.563
360.044
360.062
352
362.612
352.829
352
356.405
353.91
354.927
354.855
355.68
355.629
356.293
356.295
356.812
356.768
357.548
357.478
357.758
357.724
358.401
360
358.196
360.72
358.257
361.298
357.789
361.585
357.067
361.664
355.877
361.77
354.437
362.875
352.195
370.189
348.171
380.082
338.31
387.667
334.203
368.406
344
355.227
354.565
348
351.763
351.706
351.357
352.217
348
344
348.345
348.201
347.865
348.324
356
352
348
350.824
350.727
350.616
351.291
351.305
340
350.416
328
349.683
342.718
342.617
343.005
343.85
343.641
344.553
344.344
345.284
345.152
346.033
345.904
346.693
346.467
344
347.744
345.365
346.379
346.282
346.713
346.331
347.416
356
346.339
349.159
348.963
348.884
348.104
348.976
347.949
348.741
347.279
349.153
346.421
350.304
343.128
358.709
324.247
388.326
321.651
367.101
348.306
349.338
349.353
348.567
349.337
352
349.225
352
348
344
349.584
346.775
347.625
348
347.957
348.829
348.184
349.597
352
349.496
351.379
350.687
351.898
350.109
351.929
349.814
350.944
350.449
350.605
350.637
352
349.284
354.823
356
356
356
354.915
355.732
355.607
336
352
344.624
346.494
346.371
347.268
346.749
344
348.797
347.102
346.834
352
347.644
356
348
348
350.55
350.046
349.464
350.126
350.161
348
350.681
350.069
349.574
350.529
349.909
350.462
349.185
344
352.137
340.632
361.603
335.217
370.827
333.179
352.182
349.883
349.596
349.328
348.902
350.194
328
345.654
328
335.838
335.572
335.274
335.437
336.325
336.503
337.23
337.626
338.223
338.502
339.151
364
352.846
351.91
351.94
352.713
352.711
352.544
352.254
352
351.997
348
349.756
349.73
349.646
349.605
344
346.386
352
351.529
360
357.463
356.159
355.721
355.958
355.692
354.197
352.627
351.343
350.014
349.468
349.358
349.727
360
358.837
340
353.202
350.278
350.901
350.86
350.448
351.393
352.111
351.701
351.156
351.016
352.067
351.675
320
351.569
320
312
319.207
319.672
318.831
320.549
356
346.776
345.791
347.66
349.052
380
372.142
369.962
368.854
360
361.815
359.924
356.649
344
347.2
348
344.727
344.352
344.459
344.716
344.423
343.588
342.327
352
349.549
348.581
348.068
347.732
360
358.271
356.596
354.836
355.103
364
363.577
362.617
360.405
364
365.161
364.701
362.305
361.441
362.56
363.269
356
357.214
357.377
357.454
357.131
356.178
356.058
356.961
356.915
360
358.771
358.575
358.648
359.481
359.532
358.229
358.187
358.606
359.46
359.404
358.718
356
360
360.007
359.87
355.859
358.98
344
344
370.081
337.227
418.025
302.003
377.946
362.115
360.495
348
352
354.724
348
350.685
352.143
350.708
352.509
351.252
354.007
352.377
354.83
360
356.014
358.183
357.81
358.93
357.803
359.251
357.112
348
352
349.292
351.052
347.888
349.642
349.821
350.644
364
360.38
360.4
360.459
359.162
358.567
364
361.694
361.324
361.346
360.351
360.23
356
357.533
356.279
356.343
356.387
356.426
356.518
356.54
356.558
356
356
355.962
355.93
355.867
355.829
348
352
350.298
350.925
351.261
351.239
356
354.385
356.189
356.178
357.322
357.362
364
360
361.119
361.143
352
361.264
352.729
348
353.163
351.85
352.426
353.066
353.108
353.892
340
357.097
347.885
349.645
349.693
349.539
324
364.725
350.588
350.01
340
352.204
346.945
340
346.76
348
344.161
346.631
348.075
345.437
347.576
348.282
340
355.995
345.921
348.085
349.119
345.882
349.284
336
328
346.136
332
339.837
339.865
339.401
340.433
341.578
340.316
343.221
352
352
344
348.972
348.824
347.785
347.228
348.192
347.734
340
346.3
344.123
343.52
344.17
344.135
344.253
344.207
328
346.683
337.886
332
338.066
337.923
337.741
338.322
339.152
339.011
339.979
339.842
304
312
335.379
329.837
331.202
340
336.737
335.886
339.789
338.327
334.802
339.294
372
356.084
352.279
353.44
351.512
346.592
343.695
344.1
341.346
360
360
355.164
352.869
353.247
351.741
360
355.732
354.628
354.172
353.805
352.397
350.449
349.36
349.008
348.659
348.331
348.134
348.1
348.178
348.692
349.339
350.124
372
350.849
351.957
352.009
352.059
351.786
351.335
352.574
353.44
368
349.132
352.385
353.409
353.222
352.839
352.275
351.948
360
354.908
364
356.64
357.898
357.426
356.535
355.976
355.444
355.259
355.144
364
355.975
358.359
357.542
357.267
357.083
356.947
356.929
356.969
357.028
357.43
357.459
357.533
357.614
357.699
357.784
357.84
357.74
358.445
357.712
359.276
357.199
361.414
343.91
395.324
285.519
374.678
361.531
358.663
356
358.225
359.293
359.362
360.109
361.222
362.477
360
352
360.031
356
358.027
358.879
359.716
360.713
361.6
362.42
363.167
364
368
365.248
366.971
365.84
367.066
360
362.245
362.225
340
355.232
332
361.832
324
375.009
359.549
358.969
328
385.789
361.813
358.938
359.367
359.605
358.324
358.577
358.767
358.011
358.445
357.939
358.5
357.831
358.765
357.956
359.173
358.316
359.441
380
366.647
363.412
363.347
364.239
363.241
362.579
362.831
362.502
362.204
352
367.004
359.514
360.164
359.8
360
360.502
360.145
364
361.72
362.524
380
354.732
363.357
380
354.499
363.449
363.17
368
363.193
365.175
364
365.961
365.303
365.635
368
365.503
364
366.781
364.554
365.249
356
365.869
359.231
361.881
364
360.738
364.392
361.6
364.873
362.292
364.92
363.044
372
363.298
366.643
366.204
365.897
366.467
366.171
356
373.949
360
356
352
362.531
357.529
356
360
359.472
359.319
360.303
360.188
361.364
361.161
352
368.288
357.657
360.337
360.217
360.034
344
377.112
359.599
360.525
344
348
354.191
349.685
360
353.623
356.308
368
358.829
364
362.04
361.685
361.511
360.962
360.431
360.078
352
360.023
354.982
356.37
356.468
355.736
357.082
355.406
357.256
360
358.613
359.309
359.016
359.063
358.798
358.966
358.86
358.911
358.974
336
377.775
328
336
341.743
341.473
340.668
342.603
344.318
345.679
347.027
348.403
349.764
351.136
352.466
353.757
355.019
356.206
357.438
360
359.301
360.782
361.369
362.272
362.857
363.661
364.567
344
353.734
348
348.699
349.726
349.513
349.236
348.969
348.852
348.719
348.498
348.242
348.104
348.355
347.968
348.863
348.451
349.557
356
348
352.423
352.308
352.186
352.787
352.505
353.549
353.588
353.721
353.791
344
363.836
344.443
354.477
360
347.109
356.165
351.557
352.506
352.35
352.133
360
349.036
356
352.369
353.506
353.302
360
348.37
362.009
347.271
358.904
349.588
355.853
351.906
354.122
368
347.569
360.048
351.376
355.307
354.232
353.819
354.749
353.978
354.728
354.211
355.006
354.056
355.283
353.559
356.291
353.369
372
339.356
367.567
347.232
358.571
354.955
354.82
354.663
355.502
355.121
355.395
355.17
355.966
355.617
356.34
368
348.881
364.783
353.153
357.108
357.059
356.66
356.541
357.257
357.031
372
358.148
360.227
360.276
359.563
359.673
359.741
359.673
359.64
359.489
359.429
359.371
359.324
359.283
359.252
359.231
359.554
352
372.467
337.234
406.62
364
358.002
360.528
360.341
359.521
361.273
359.867
372
362.464
365.513
365.74
364.501
368
366.026
368
366.706
368.181
367.029
368.712
367.435
369.014
367.8
369.285
368.357
369.732
360
371.009
365.572
366.196
364
367.19
365.772
366.026
366.12
366.179
366.301
366.269
367.29
365.562
370.437
359.518
390.529
364
366.906
368.302
368.033
367.145
360
378.715
354.67
383.454
354.056
374.091
365.603
366.211
365.896
332
380.157
365.148
363.794
363.346
362.698
364.089
363.122
363.598
364.072
363.809
376
368.246
367.786
364
367.432
365.792
365.756
365.73
365.625
365.589
365.315
365.927
348
408.66
341.719
363.802
362.031
361.736
361.337
362.601
362.984
364.535
363.176
365.965
365.015
367.484
366.324
368.551
367.375
369.559
368.211
370.355
368.943
370.969
369.055
371.149
368.971
370.929
368.573
370.661
368.145
369.833
368.743
369.711
368.685
369.548
368.618
369.591
368.268
368
368.392
367.714
364
376.397
338.146
364
360.847
376
364.565
367.558
368.706
367.811
370.101
368
370.844
369.511
371.318
370.078
372.146
360
377.266
364.507
368
367.634
366.689
368.228
368
368.723
368.408
370.044
364
370.581
366.843
367.595
367.659
367.604
368.341
366.977
370.06
364
378.754
360.737
381.569
360.012
377.613
363.453
370.712
368.419
368.422
368.422
368.598
368.482
368.663
368.564
369.165
369.131
369.103
369.66
369.693
364
377.069
365.761
369.873
369.869
372
369.004
370.43
368
370.79
369.271
369.831
369.836
369.807
356
404.412
290.379
374.523
365.36
362.585
361.766
364.271
324
355.053
328
336.545
338.973
337.539
339.066
340.737
342.279
343.74
356
351.733
353.405
355.094
354.995
356.394
354.95
357.03
355.197
357.276
355.024
352
353.399
352.346
352.441
352.156
352.858
352.839
352.852
353.441
353.696
344
344
344.222
348
348
344
347.294
347.357
348
348.627
349.287
349.998
350.655
351.143
351.818
352.049
351.986
351.866
351.869
351.766
368
355.765
364
360.621
359.387
332
328
346.449
347.429
324
345.108
341.574
341.005
343.77
360
360
357.093
358.928
359.458
356.614
368
364.914
361.84
372
368.578
364.279
365.825
366.013
361.01
360
361.374
358.855
356.243
357.424
357.009
356.247
356.181
356.302
356.26
352
353.337
348
348.99
340
347.551
346.36
347.53
348.645
368
372
370.91
371.112
396
394.417
396
392.084
392
392.372
390.442
387.863
385.185
383.669
356
361.649
359.848
359.418
360.776
361.98
363.185
363.49
363.709
380
379.976
380.084
379.178
368
369.121
368
367.547
367.868
367.948
368.896
370.121
371.235
372.681
373.736
374.988
375.947
376.538
360
367.641
365.657
365.597
368
367.931
367.878
380
375.782
374.75
374.636
360
364
364.971
364.746
352
363.06
352
357.494
357.233
357.017
357.955
358.607
359.32
360
360.666
361.349
361.977
362.241
363.025
362.945
363.745
363.631
364.374
364.302
365.006
364.952
365.712
352
356
360
368
362.029
363.603
364.398
363.892
362.238
363.205
360
361.464
360.9
359.537
362.171
361.246
356
368.871
354.942
368.863
354.997
365.843
358.013
362.14
359.702
360.56
364
359.689
362.066
361.579
361.487
352
378.662
355.247
356
359.525
357.775
364
356.97
361.708
360.03
360.986
360.06
361.942
359.966
362.605
359.999
363.306
356
370.715
349.291
379.214
364
364
363.159
364.094
363.488
363.302
364.031
362.974
363.866
363.562
364.224
363.86
316
372.062
358.316
324
381.653
349.855
320
340.786
339.39
337.111
337.96
340.249
360
344
348.59
351.424
349.785
350.182
332
344.321
342.097
339.181
340.605
342.841
340.857
342.772
344.145
342.447
344.053
300
347.381
334.823
333.007
320
328.278
327.714
326.466
326.058
327.825
326.934
328.608
327.751
329.534
316
326.238
325.265
308
321.395
319.285
317.99
319.379
319.162
320.831
320.242
322.001
344
335.531
332.754
334.131
334.36
380
352.7
349.714
372
363.867
360.722
359.484
359.18
358.065
356.618
355.346
360
357.014
355.667
356.091
354.829
354.302
368
363.256
368
366.522
365.617
365.868
364.988
364.118
363.343
362.319
361.327
360.123
364
361.791
361.85
362.177
376
369.169
368.245
376
373.969
373.255
373.026
376
374.482
374.237
374.268
374.289
374.19
374.241
368
370.973
371.021
360
374.698
369.071
369.092
369.117
369.098
344
369.187
361.811
361.641
361.399
340
352
351.023
349.741
351.212
364
359.1
368
366.571
367.474
368.063
367.849
368.426
367.96
368.27
367.77
367.734
376
371.411
371.528
372.275
360
366.747
364.201
363.916
380
372.498
372.523
372.77
372.719
372.558
384
378.129
377.283
377.541
376.466
384
380.141
379.938
368
374.515
372.847
372.791
372.809
372.893
373.232
373.262
373.66
373.663
373.678
374.176
374.209
374.197
374.18
374.571
374.291
375.049
356
391.872
368
373.359
373.117
372.809
372.949
374.222
364
391.016
353.415
376
372.675
371.735
370.79
368
372.797
371.483
364
364
367.449
367.139
364
366.008
366.775
366.48
372
369.188
368
369.796
369.787
369.582
369.659
370.365
370.1
372
364
371.821
368.753
368.611
368.665
369.403
368.594
376
367.577
371.728
369.753
370.048
370.113
368
372.846
364.646
381.278
350.266
398.073
356
366.838
368.382
368.128
367.71
364
368.159
367.369
366.594
364
367.453
366.875
366.186
367.187
376
376
376
375.211
372
374.453
374.441
374.146
373.849
373.745
373.944
373.835
373.763
373.831
364
376
369.999
370.65
370.715
376
372.27
373.105
373.219
373.249
373.186
373.133
373.208
372
380
369.045
376
371.296
375.187
376
373.068
372
375.614
371.746
372
373.397
371.563
373.436
371.046
374.557
371.244
375.346
367.973
376
365.063
384.108
359.15
387.153
360.133
379.175
368.88
372
371.873
371.676
380
372.02
374.2
374.136
374.094
374.321
374.234
374.282
374.217
374.179
374.246
374.249
374.273
374.313
374.374
374.44
374.501
374.56
374.616
374.677
374.737
384
373.826
377.118
376.817
376.775
384
363.926
415.705
315.597
397.579
376
375.115
373.827
388
384
379.877
382.003
382.712
381.142
383.567
381.596
383.337
381.58
383.23
381.53
382.93
388
383.803
385.346
384.515
385.482
383.423
384
382.949
380
381.291
380
380.434
380.5
380.812
380.869
381.439
381.506
382.153
382.225
388
383.456
385.324
384.702
384
388
383.267
386.38
384.169
385.22
384.732
385.103
384.836
385.342
396
385.066
386.904
386.939
386.978
396
385.162
388.281
388.355
388.172
392
387.027
390.256
388.437
388.825
388.888
388.711
388.759
388.785
388.801
376
380
381.773
380.098
383.052
380
384.096
382.945
383.941
383.968
384.777
384.733
385.447
385.343
380
387.56
380.915
356
405.446
377.32
380.601
381.643
388
381.166
383.95
385.086
383.724
385.308
392
385.161
387.338
386.596
392
387.229
388.599
387.904
384
387.354
384.091
385.257
380
384.874
381.269
388
383.987
384.862
396
390.916
389.909
390.58
396
390.295
391.665
392.17
391.353
391.022
391.286
391.085
390.981
390.917
390.986
388
390.979
389.076
389.29
389.369
389.449
389.495
389.537
389.556
389.524
389.458
389.528
388
390.944
387.552
384
391.902
382.06
409.999
320.796
421.817
398.811
392.012
386.794
396
392
396
390.191
393.651
393.1
392.897
388
376
386.973
384.025
381.417
383.103
383.732
383.897
384.727
385.465
386.183
384
376
384
380.305
380.647
379.401
380.343
384
383.644
383.325
384.584
384.684
385.599
385.003
386.186
380
380
381.976
384
381.234
382.284
388
383.865
384.528
385.554
384.821
383.012
385.308
384.1
400
379.935
383.049
383.025
382.997
382.702
384.016
384.452
383.356
385.661
383.678
385.995
383.813
386.067
383.75
386.506
383.374
387.636
379.908
380
380
381.462
380.397
388
379.529
384
383.372
384
392
396
392
390.718
390.811
390.708
389.942
389.301
389.292
389.066
389.008
389.048
404
398.381
397.015
396.764
396.682
396
395.717
394.977
394.671
394.396
394.238
394.255
408
403.118
400.572
399.731
399.242
398.273
388
398.359
394.796
380
409.356
384
394.197
372
376
379.762
379.53
379.019
380.57
360
372.81
370.61
370.018
370.797
371.54
372.2
360
366.79
365.824
364.807
368
366.865
368.51
368.939
369.896
370.513
371.389
376
375.48
375.812
384
380.825
380.141
380.677
380.35
388
384.356
383.597
384.269
376
379.721
372
373.614
373.398
373.369
384
381.229
368
374.013
374.067
368
373.201
376
373.725
375.921
377.183
375.088
376.733
384
380.612
380.141
376
377.272
376.853
374.996
376
376.675
380
374.742
372
376.513
375.605
368
376.609
384
374.256
380
380
371.934
381.597
376.429
388
378.576
380.065
381.121
378.365
379.045
380.504
376.315
379.652
377.869
376.354
378.853
388
376.211
400
385.916
388
386.443
385.198
384.782
384.397
383.823
384
383.616
383.403
383.479
383.473
383.421
383.26
380
383.888
381.293
382.286
382.115
381.98
388
382.163
384.978
384.341
384.229
384.37
384.492
384.556
384.613
385.178
384
388.085
384
388.183
380.297
396.345
370.898
417.375
404
391.375
392.645
396
393.884
396
394.726
394.27
376
407.208
391.71
384
388.3
384
387.064
386.405
387.593
386.957
396
391.264
392
393.212
392.533
392.973
392.724
393.401
392
393.316
392.807
393.677
392.542
394.161
392.656
394.724
392.601
396
393.012
396
393.873
394.468
380
419.333
357.528
428.75
378.359
372
380.946
372
382.104
380.794
379.449
381.678
381.159
383.519
382.312
412
397.318
432
415.056
412.795
414.682
413.01
412.903
410.121
410.964
408.226
409.196
406.699
407.789
405.627
406.449
406.225
406.511
406.49
406.943
407.233
407.034
407.78
407.436
408.169
407.954
408.596
408.485
408.875
409.382
392
433.567
382.094
459.252
374.518
422.633
411.536
408
412
409.684
408.725
396
410.646
407.637
405.555
404
406.373
405.66
406.729
406.463
407.597
407.196
408.329
404
406.932
412
407.932
409.094
409.779
396
404.145
400.769
400.06
400.813
400.845
402.028
401.763
402.711
402.633
403.386
392
407.087
397.874
400.766
400.701
400.647
401.321
401.261
388
406.517
396.967
398.04
404
398.276
401.244
400
396
403.16
395.918
402.166
400
399.406
400.838
398.274
402.71
388
420.44
384
380
393.892
388
389.208
404
394.997
397.294
398.803
398.189
399.739
398.628
400.611
399.371
401.173
399.868
401.672
400.365
388
399.44
392.556
394.586
395.625
394.422
396.645
395.449
397.177
396.176
397.179
395.938
396.887
404
395.988
399.019
398.764
398.488
398.774
398.773
398.852
398.912
398.955
396
401.578
394.13
401.317
393.791
400.864
388
407.105
385.211
406.067
390.474
400
396
396.563
396.508
396.624
396.5
397.135
397.071
397.026
397.773
397.712
397.657
416
404
403.764
403.804
404.064
404
403.94
396
403.482
399.892
396
396
396.502
380
384
384.958
383.426
386.553
386.715
388.345
389.061
390.188
390.92
400
399.503
399.95
400.049
400.087
399.877
399.764
396
397.631
397.225
397.125
397.029
397.071
397.642
397.57
398.107
408
400
401.028
401.093
401.068
412
407.06
405.943
405.823
405.48
405.258
404.519
404.389
404.439
396
407.008
398.136
401.644
396
402.024
399.696
399.675
400.118
392
403.775
396.418
416
400.556
401.703
402.941
400
404
402.083
402.343
403.012
402.641
403.453
400
405.712
408
408
405.101
406.447
400
404
403.501
402.691
392
408.635
396.909
380
384
386.532
386.48
387.781
389.217
390.781
391.936
393.175
394.526
388
392.397
392.075
391.717
392.381
392.44
393.599
393.327
394.582
394.158
395.559
392
395.199
393.595
404
396.463
404
399.707
399.329
399.207
398.206
388
401.056
388.472
396.458
392.834
393.563
393.582
393.594
394.192
412
400
400.211
400.271
404
401.126
401.141
401.315
401.087
400.964
388
401.38
392.669
394.412
394.997
394.939
395.331
395.472
396.05
396.047
396.443
396.426
397.058
388
397.777
392.548
393.25
392
393.657
393.619
396
394.326
395.694
395.63
396.374
396.168
397.022
392
402.688
387.594
415.145
385.795
398.999
395.483
395.267
394.98
388
406.467
389.255
397.064
394.719
394.43
394.476
395.02
394.307
395.405
394.912
395.722
395.221
396.532
395.45
400
396.278
398.338
397.477
398.225
397.291
398.21
392
401.065
393.209
397.589
400
394.72
400.507
394.91
398.79
395.931
397.414
392
408.028
392
401.263
388
411.861
381.826
411.696
384.374
401.643
394.975
395.81
395.594
396.259
400
400
396
399.153
398.919
398.526
399.186
398.956
399.582
399.137
388
400.83
393.932
388
395.008
392.307
392.298
408
395.959
404
400.509
404
401.335
402.444
396
396
397.704
395.643
396.55
396.334
397.022
396.553
397.476
396
398.184
396.509
397.906
396.659
397.734
392
399.908
391.53
398.108
394.654
395.498
395.954
388
396
390.585
393.639
393.354
393.38
393.643
393.621
394.366
394.393
394.42
395.054
388
403.283
389.189
388
393.71
390.486
392.202
391.977
391.891
392
393.587
392.906
394.689
392.752
396.773
391.701
398.895
384
408.717
378.798
420.645
388
392.895
394.346
392
393.26
392.497
393.797
392
393.809
388
394.269
391.313
391.923
391.403
392.639
392.088
393.085
392.616
400
394.384
395.762
396.165
395.638
396.371
396
396.687
395.637
396.692
395.795
396
395.969
396.021
396.023
396.105
396.154
396.201
396.251
396.311
396.407
396.493
396.518
396.559
396.532
397.21
396.071
396
396
396.061
396.075
396.134
396.204
396.279
396.352
396.432
396.422
397.225
390.654
473.911
326.115
391.516
390.691
389.214
420
412
410.856
412.379
415.759
417.995
400
396
401.892
403.051
400.636
401.7
403.847
405.891
407.365
408.671
392
400
402.117
403.229
403.604
404.4
406.138
406.401
424
421.264
418.688
414.229
412.82
413.973
413.538
409.842
407.231
408.528
409.197
408.166
406.292
405.741
406.818
407.058
406.743
406.213
406.034
406.999
406.809
406.604
406.439
406.166
406.778
406.555
406.48
406.355
406.86
407.218
396
432.368
404
400
405.613
405.294
404.478
406.48
412
401.988
410.782
407.333
408.332
409.078
406.962
409.965
407.787
392
388
392.377
392.839
394.214
388
393.974
408
405.527
404
405.612
406.727
404.438
402.953
404.161
402.967
400.911
401.69
401.804
404
401.924
402.796
403.491
408
408
405.591
405.223
405.185
404.28
402.413
402.063
402.098
402.147
401.131
396
398.795
399.603
401.118
408
408
405.596
405.553
406.392
405.792
402.316
396
396
396.641
398.194
400.878
405.617
412.421
400
400
401.504
403.231
402.104
400.289
401.852
403.486
402.301
397.599
392
404
405.638
400.604
396.776
401.011
396
397.217
392
396.019
399.07
398.342
392.687
400
402.071
416
396
398.722
403.937
402.678
394.951
416
405.176
416
406.828
404.413
405.532
412
403.412
402.131
388
399.3
398.098
384
393.472
394.144
392.785
392.614
388
392.783
392.817
392.192
392.855
393.953
394.173
404
400.272
400.309
401.242
396
398.782
398.665
398.124
397.623
398.323
398.332
398.186
398.15
398.208
416
412
406.728
400
400.36
400.854
400.828
388
398.857
396.197
395.933
400
397.906
398.868
412
404
402.747
404
403.84
416
409.282
404
404.524
405.732
405.381
396
392
396
398.131
398.038
395.817
398.262
400.86
408
403.275
401.524
403.954
406.18
384
391.112
388
390.425
388
389.556
392.58
395.143
393.163
404
404
400.733
399.498
403.438
404.583
398.268
398.129
402.372
401.799
408
412
407.676
404.863
406.168
406.45
412
408.079
406.62
407.672
408.292
408
406.071
405.204
405.369
405.391
404.257
402.946
403.061
392
401.392
400.605
400.603
400.561
400.415
400
401.452
404
403.895
404
403.635
404.935
405.647
404
400
403.104
388
411.48
396.324
392
396
395.883
395.584
396.919
396.434
408
400.203
401.989
400
402.394
402.013
401.614
401.465
401.648
401.29
401.074
401.826
412
403.293
424
410.156
404
405.456
406.222
405.135
404.693
404.463
404.201
403.984
412
405.605
405.302
400
404.941
404.55
403.986
403.629
403.253
404.653
396
413.328
397.373
404
403.399
403.061
400
403.373
403.321
402.869
402.68
403.594
403.434
404.126
384
417.607
396.671
401.147
400.913
392
408.125
397.523
399.953
399.452
400.176
399.667
400.811
400.281
401.34
400.73
384
417.926
395.383
392
397.123
396.196
392
400
396.269
397.561
397.764
398.275
396
399.763
398.055
399.808
397.848
400.503
398.293
388
384
389.206
387.473
404
396
396
398.21
397.982
396.589
380
392.855
389.712
389.945
390.862
372
387.655
382.48
382.328
383.128
383.992
384.016
385.172
385.255
386.326
386.165
387.297
387.108
387.874
388
387.857
388.608
388.205
389.307
388.707
389.917
389.146
390.452
389.09
391.534
389.117
384
390.482
383.326
388
386.298
386.728
386.804
386.858
388
386.902
388.811
386.255
392.242
380.022
401.161
374.172
416.914
379.081
396
390.008
389.92
389.67
389.735
389.539
389.92
389.599
390.326
390.047
390.647
390.433
391.118
390.895
391.414
391.146
391.871
392
391.869
392.595
396
393.599
394.299
396
394.603
395.214
395.294
395.405
395.777
395.813
395.874
395.936
395.974
396.002
396.028
396.069
396.098
396.152
388
394.148
388.863
394.458
389.923
404
404
392.377
397.104
400
394.149
400.556
393.939
399.894
392
400.787
391.588
384
393.042
388.863
392
391.694
391.631
392.939
392.699
393.674
393.274
394.406
393.846
394.76
394.089
394.951
393.857
395.344
393.897
395.628
393.502
396.45
392.966
384
407.628
378.777
388
388
387.933
388.773
388.057
390.165
389.486
391.766
420
387.662
400
398.165
397.603
388
392
391.743
390.799
392
388
391.651
391.168
390.692
391.525
391.093
392
391.651
392.384
391.822
393.115
392.392
392
393.272
392.445
393.454
392
393.065
392.927
393.548
393.52
393.395
380
424.115
338.085
419.272
397.768
393.063
388.736
391.549
392
389.404
391.987
389.736
393.341
390.715
393.423
380
411.83
394.664
380
388.73
387.551
384
386.266
386.31
386.894
387.256
392
396
392.338
394.095
393.011
394.275
393.813
392.937
393.965
384
397.484
386.648
391.017
390.132
389.486
390.91
416
408
403.87
400
400.225
400.4
398.688
397.614
397.183
388
392.577
390.692
390.44
408
400.076
399.009
399.018
399.011
398.129
400
408
404.809
403.33
402.619
401.629
400.186
398.431
397.106
404
402.71
402.22
401.345
401.493
402.068
401.898
416
408
406.736
406.582
406.214
384
414.945
393.063
399.411
398.559
398.02
397.405
398.061
398.494
397.889
399.358
398.892
400.026
399.582
400.767
408
404
403.684
405.181
384
423.927
402.207
402.101
402.939
402.854
402.606
403.514
403
403.752
403.306
403.924
403.39
403.032
404
402.608
403.703
403.214
402.922
403.966
403.196
404.401
403.123
405.44
403.252
407.125
403.635
406.068
403.586
405.196
403.641
400
430.472
308.564
400
392.941
392
391.088
394.545
396.271
397.638
399.365
401.149
402.833
404.364
405.827
428
415.805
417.898
428
424.419
425.262
426.313
427.091
427.849
388
409.331
404.832
402.837
403.335
403.667
404.993
400
401.467
400.991
399.815
398.772
400
399.009
400.394
399.452
401.037
400.189
401.831
396
400.12
396
396
397.865
397.688
399.354
399.103
396
400.013
398.232
420
387.729
410.209
395.971
401.392
420
385.654
427.186
377.453
420.991
416
407.115
404.897
406.348
405.407
404.235
404.063
404.236
403.925
403.62
416
407.808
407.726
408.361
408.082
404
406.042
405.558
405.124
405.095
405.792
392
405.785
400.944
400.72
400.72
400.709
428
420
412
412.245
412.858
412.134
410.304
409.852
392
408.252
402.212
401.908
400
402.372
402.124
402.701
392
401.676
399.939
399.673
399.429
400.119
400.368
401.057
400.817
401.669
401.563
402.255
402.155
402.942
403.251
403.872
403.758
404.672
404.687
404.433
404.386
404.482
404.172
404.272
412
416
409.698
420
414.426
414.578
413.633
411.812
411.844
408
396
400
399.868
401.812
403.53
396
402.338
402.077
403.156
404.128
404.593
405.284
405.266
436
421.019
419.535
419.351
396
404.487
404.191
403.297
403.946
404.797
392
399.989
420
413.265
409.4
408.61
400
403.418
403.332
402.681
402.142
402.536
402.232
401.949
401.415
408
405.917
405.748
406.271
392
402.693
399.994
396
399.584
399.442
399.177
404
401.553
402.516
403.107
402.338
403.218
403.164
403.07
400
406.758
398.55
406.721
397.643
400
401.078
399.337
400.526
400.414
400.269
401.069
412
391.772
413.52
389.213
411.198
404
401.431
402.691
401.461
412
399.598
404.801
403.491
402.741
403.44
403.245
403.141
403.71
403.255
403.897
402.943
403.922
402.658
403.798
402.323
403.627
412
401.012
406.061
403.912
404.427
404.252
388
434.553
357.284
434.503
404.9
401.513
402.411
401.633
403.056
401.693
404.008
380
456.155
384
395.357
397.853
396.392
395.742
397.635
397.444
396
399.23
397.38
399.927
398.024
400.749
398.775
401.422
398.746
401.422
398.617
402.046
399.917
402.526
400.687
403.305
402.828
396
403.672
404
401.73
402.681
403.318
402.663
402.385
402.747
412
400.558
404.871
404.35
408
404
405.662
405.443
400
410.333
398.527
407.906
404
404.032
404.028
403.912
403.848
404.143
403.854
404.267
404.039
404.385
404.224
404.869
403.401
406.498
402.149
409.637
397.149
425.257
395.745
407.984
406.79
406.043
405.78
406.321
405.97
406.669
396
440.517
356.771
424.778
408.666
406.552
402.959
405.346
404.113
403.298
403.534
404.081
403.521
405.066
403.759
405.538
404.35
406.069
404.895
406.5
405.025
400
404.899
401.835
403.428
402.301
404.156
401.727
408
404
404.755
405.463
405.382
405.402
405.211
406.279
404.303
409.599
397.972
423.276
396
410.273
401.598
406.232
408
404.772
406.63
406.331
405.987
406.725
406.465
406.725
408
406.208
408.206
406.382
408.144
406.1
408.717
400
392
404.071
412
403.321
412
408.874
408.94
409.207
408.366
408.858
407.582
404
408.146
404.736
407.993
405.217
384
402.421
404
405.128
406.179
406.149
396
396
397.549
408
404.644
404
407.036
403.735
402.127
412
409.135
420
414.908
412.45
413.616
413.809
408.815
409.627
410.619
392
401.282
401.16
398.786
396
399.302
399.968
398.195
399.782
401.181
400.696
400.443
402.007
401.932
401.529
402.379
402.352
402.054
402.656
402.451
403.218
402.892
404.138
403.775
404.736
404.115
388
412.215
391.513
415.123
393.958
408
397.782
402.421
401.479
401.09
400.78
412
399.097
404
404
403.219
403.17
404.209
402.859
404.347
402.595
404.149
402.398
403.694
402.148
403.312
401.907
402.908
400
403.645
400.929
402.208
416
389.077
425.266
382.301
412
400.275
401.134
401.59
408
401.994
403.894
403.542
404.593
404.158
404.148
405.002
392
420.04
400.083
402.883
400
402.256
402.035
401.72
402.669
402.385
403.321
402.537
403.724
402.233
403.91
401.734
404.224
401.975
404.928
428
378.33
442.384
386.175
412
405.822
405.247
404.803
404.896
396
403.503
401.592
400.475
380
424.752
403.382
402.594
401.851
392
398.769
398.029
395.133
396.057
412
403.693
402.713
404.396
404.855
402.854
404.285
403.603
402.992
403.364
408
404.245
403.643
405.59
403.871
404.269
403.862
403.703
412
407.494
407.223
408.057
400
408.337
408
405.052
404
405.738
403.907
403.642
408
401.277
410.727
398.076
415.661
392.155
417.766
390.467
400
400.979
400.966
400.885
400
401.503
412
403.077
404.866
405.527
405.527
405.638
405.671
405.964
405.933
405.91
406.104
406.094
406.21
406.243
424
409.326
404
406.479
406.585
406.626
406.442
407.066
406.785
404
407.418
404.896
405.715
405.246
406.346
405.38
407.635
406.31
408.318
406.946
388
440.016
392
392
392
394.872
394.409
396.1
404
402.004
403.477
416
412.484
411.668
412
411.768
411.106
410.242
409.48
408.86
408.308
407.782
407.328
406.927
407.038
406.696
407.185
406.744
407.365
407.275
407.679
408.344
408.254
408.321
408.39
408.462
408.436
407.824
407.868
407.837
407.661
412
410.5
409.918
400
445.79
400
403.081
406.114
405.597
404.583
407.861
408.774
392
422.957
390.147
407.805
406.486
405.295
404.187
406.271
405.26
406.968
406.017
407.841
400
406.659
405.058
404.188
405.463
404.691
406.005
392
405.611
401.351
392
402.625
398.35
398.941
399.51
399.328
400.092
424
408.404
409.875
410.306
410.322
404
408.989
406.879
406.124
400
405.731
400
402.132
401.805
388
388
390.053
389.762
390.819
416
408
432
420
418.462
419.323
424
419.761
419.237
400
404.287
403.974
400
401.964
404
403.66
403.759
404.493
404
403.593
403.242
396
398.373
408
412
412
410.088
409.47
410.029
410.258
409.917
396
400.531
400.848
402.308
402.071
400
400
408
408
405.332
402.211
403.709
404
408
402.992
400.213
401.907
406.515
406.576
399.736
399.318
402.902
407.96
404.195
396.743
400.498
406.765
408.267
396
399.51
406.734
407.721
440
377.584
406.403
404.906
344
332
332
335.994
336
341.233
345.975
336
342.847
344.914
347.547
349.661
351.878
354.27
356.602
358.698
360.677
362.625
364.517
366.427
368.271
369.97
371.621
373.165
374.76
340
351.701
350.108
348.676
350.701
349.332
348.635
348.163
347.507
400
371.504
368.492
367.109
366.456
363.683
361.826
360.6
384
384
377.223
370.762
367.7
368.764
370.271
388
383.092
378.288
374.109
372.757
374.893
376.957
376.382
372.73
368.785
367.632
369.209
370.421
370.41
368.142
380
380.38
378.094
372.343
370.086
370.873
380
380.37
374.508
367.284
376
379.599
376
369.694
367.373
372
382.07
376.829
368
376
380.719
379.594
367.987
369.988
377.135
380.638
367.457
372
381.845
379.641
365.468
372
384.466
376.113
359.65
376
386.429
374.842
359.268
380
385.54
372.011
360.855
378.628
384.815
384
364.061
376.763
388
376.244
361.627
382.374
384
384
384
370.728
388
387.714
388
371.359
378.56
386.547
383.158
369.992
375.495
384.519
382.316
368.554
374.516
383.807
380.996
366.977
375.503
384.554
378.663
365.401
396
386.796
373.682
383.85
389.185
376.815
372.731
392.672
384.55
366.689
380.714
390.319
372.282
376.342
395.168
396
412
397.597
389.909
394.678
393.717
380.814
396
399.351
392
400
392
396
390.64
391.404
392
388.012
392
390.657
388
396
392.388
400
396
395.401
392
393.675
391.933
392.605
392.751
391.914
393.447
384
401.534
383.97
400.052
387.258
397.633
389.559
384
395.098
386.915
390.648
392
390.198
392
388
393.112
384
388
388.009
376
393.852
380
380
384
382.358
392
400
393.831
394.528
395.407
395.292
394.371
400
396.719
396.271
396.634
395.491
395.629
395.437
395.395
408
401.768
401.447
401.514
401.493
396
384
389.036
388.832
389.458
384
388.053
388.491
388.431
389.646
384
388.055
387.982
388.129
389.161
388
389.566
389.495
390.194
390.058
390.856
390.781
391.508
392
388
391.088
392
391.083
390.649
390.823
391.239
390.063
391.779
388.86
394.132
384.159
388
388.214
388.261
388.294
388.187
392
384.742
396.826
396
384.952
398.602
381.726
401.461
378.347
398.366
388
389.79
389.649
389.476
389.268
389.976
389.81
389.648
390.425
390.216
390.372
390.32
390.589
390.539
388
391.553
388.838
408
383.954
408
391.458
393.535
394.148
393.873
393.715
393.713
393.697
393.747
393.728
393.585
393.53
393.672
393.558
388
388
388.813
384
388
386.142
386.807
376
395.937
376
387.627
385.907
385.862
385.868
386.845
386.855
387.644
412
398.756
398.324
400
400.029
399.978
399.931
399.975
392
397.375
388
392.129
390.137
388
396
400
397.598
397.658
398.34
400
399.493
398.935
398.655
398.488
398.246
397.773
396.995
396
396.066
396.126
396.111
396.188
404
399.665
399.724
399.784
396
398.979
397.194
396
396.488
396.551
396.591
408
373.904
408
394.287
395.243
396.186
395.881
395.602
396.907
396.471
396.677
396.203
397.778
397.051
396.963
397.626
396
397.951
396.308
397.894
395.995
398.388
392
400.239
393.124
397.742
394.098
384
392
388.583
389.548
392
390.498
392.516
392.421
392.836
393.285
393.343
394.108
394.063
394.793
394.589
392
396.741
384
403.642
387.887
396.244
392.9
393.467
393.422
392
394.069
393.109
396
392.452
395.622
393.696
394.48
394.435
394.29
394.619
393.722
404
384.12
404
381.767
412.885
385.005
396.899
396.099
394.261
394.301
395.034
394.78
416
391.826
397.408
397.639
397.612
397.417
397.637
397.408
397.907
408
420
412
410.067
410.131
404
406.245
406.182
404.631
404.355
404.259
404.229
400
401.514
401.39
400
399.758
399.667
399.604
399.613
399.98
400.532
400.414
388
415.713
398.828
400.522
401.248
401.245
401.051
401.958
401.634
403.159
402.615
403.92
403.064
404.68
403.469
405.146
392
388
395.971
393.401
395.161
395.323
396.366
400
399.843
400.704
392
399.496
392
396.487
395.185
395.91
395.865
396.582
396.57
400
398.14
398.974
400
399.283
399.708
392
403.496
392.257
399.326
394.326
397.338
396.142
396.124
396.735
396.702
396.678
397.422
396.638
397.968
396.389
398.615
395.71
400.895
391.581
415.039
382.542
426.243
389.79
396.799
398.295
397.956
397.652
408
400
401.279
400
401.921
401.236
400.868
401.372
401.005
401.317
404
396
404
399.844
400.027
399.862
400.164
399.814
400.818
404
401.663
402.606
402.53
404
403.258
403.018
403.519
402.086
403.967
401.258
404.848
376
368
407.64
380
384
388.128
392
384
388
389.477
388.616
390.514
389.736
391.612
390.929
392.226
391.648
348
401.723
385.498
340
344
350.041
347.778
350.045
364
368
367.826
370.533
373.555
388
382.76
383.944
386.089
408
399.881
396.259
400
399.496
392
388
389.612
384
382.397
388
384.341
383.964
382.43
388
385.57
384.446
383.994
384
376
384
382.286
380
381.215
382.025
381.763
381.912
382.687
382.517
383.311
392
389.699
389.343
389.397
389.23
387.707
386.658
386.726
380
385.411
382.653
383.452
383.71
383.689
384.268
384.333
384.396
384.462
384.52
384.598
384.632
384.669
384.735
384.801
384.866
384.93
384.998
385.065
385.134
392
384.173
387.669
380
405.233
338.297
416.652
382.217
381.985
383.235
382.232
384.06
392
385.538
380
387.073
385.365
380
384.782
383.367
384.127
376
368
375.287
373.873
372.595
374.23
372
374.351
374.667
375.273
376
376
376.365
377.196
377.116
377.852
380
379.901
380.484
380.651
381.25
381.386
380
380.946
380.836
380.587
380.605
380.669
380.722
380.772
380.812
380.84
380.878
380.909
380.931
380.958
384
382.125
382.309
382.345
382.374
382.299
382.333
382.38
382.329
382.395
376
408.957
287.656
385.086
380
375.176
384
381.846
383.449
385.675
404
394.268
396.476
399.303
400.463
401.38
402.367
403.419
404.543
372
384.149
376
377.427
376
377.892
379.296
380.847
380
384
380.988
384
380
381.106
380.71
384
383.404
383.679
384.872
384.319
385.855
386.681
386.745
388.115
389.107
368
392.31
381.918
381.815
382.128
376
386.378
384
381.681
383.281
382.199
383.556
381.861
384
382.376
384.435
380
384
382.21
383.266
381.569
392
378.57
390.491
379.895
396
382.308
385.973
385.27
384.546
384.961
384.959
396
396
389.354
390.587
391.143
391.002
390.398
390.28
392
396
392.826
392.707
392.964
392
392.476
392.415
396
393.27
393.319
393.735
393.74
393.727
393.493
393.446
393.471
393.35
392.124
392.187
384
396
381.87
421.594
334.219
417.084
399.494
395.076
390.44
392.915
391.813
392.386
388
392.533
390.397
391.721
392
392.449
393.203
392
394.148
392.312
394.238
392.589
394.326
392.828
394.492
392.753
394.814
392
394.38
400
396.478
397.041
397.68
396.924
397.211
396.763
396.57
396.319
396
396.015
396.045
395.988
396.058
396.129
396.201
404
404
400.573
400.651
400.608
400.659
400.377
392
401.977
393.756
398.119
396.891
396.829
396.673
396.261
400
397.14
398.872
398.865
398.901
398.9
398.882
398.876
398.931
398.937
416
387.839
407.024
416
394.654
424
400.601
403.544
412
403.134
404.699
405.053
403.963
403.605
403.494
388
400
396
404
398.692
399.723
400.662
400.362
401.085
400.88
401.719
412
404
405.448
405.927
400
404.426
402.318
400
401.53
400.094
400.918
400.566
401.54
400.492
402.125
400.558
401.82
400.149
402.275
400.16
402.868
399.885
404.227
396.995
414.553
400
403.092
403.106
403.084
402.962
403.741
403.054
404.061
403.217
404.228
403.499
404.513
403.437
405.168
402.855
406.316
401.315
388
433.889
332.512
400
393.476
391.234
390.416
393.322
391.93
395.092
393.775
392
396.883
395.756
398.374
396.853
400.133
398.775
401.385
400.059
402.435
401.126
403.152
401.957
412
407.147
408.357
400
404.683
402.607
400.79
396
398
397.594
397.531
397.557
398.097
398.141
398.727
398.732
408
401.875
402.992
403.055
403.046
402.997
400
402.868
401.285
420
403.339
404
404.568
404.625
404.148
403.79
403.883
403.671
403.415
403.155
402.89
402.667
402.437
402.207
401.98
402.798
400
404.857
399.56
404
400
404.623
392
459.038
321.511
407.789
400.07
397.483
397.086
399.587
400.938
401.962
403.355
405.227
406.752
408.181
409.589
410.976
412.262
396
406.524
404.828
408
412
409.337
412.137
408
416
412.821
414.564
413.258
414.972
413.27
414.685
396
392
393.354
393.396
394.73
412
413.558
413.561
414.398
412.305
409.58
407.855
408
407.111
407.245
407.159
400
402.203
401.857
401.689
402.862
403.236
403.902
404.23
403.986
412
411.476
410.998
412
410.943
408
407.736
406.33
405.094
405.002
388
421.163
384
440.288
404.159
404.459
406.706
406.185
405.136
406.707
405.802
407.158
406.226
407.701
406.733
408.329
407.304
408.889
404
404
408
404.748
406.541
405.688
407.418
406.316
408.314
406.747
409.117
407.06
408.426
407.046
407.838
407.347
407.103
407.96
404.657
419.55
350.018
447.94
398.922
400.769
402.797
401.235
403.386
403.436
404
412
407.865
409.713
404
408.633
407.017
408.295
406.836
408.701
407.293
409.043
407.661
400
405.844
404
408
404.016
406.825
404.93
406.738
412
410.576
410.58
409.59
410.279
409.45
404
400
400
404
406.646
406.802
408.69
392
405.211
400.586
401.318
392
403.005
396
398.091
398.355
398.225
399.093
398.996
399.868
399.753
400.562
400.483
401.27
401.217
401.975
401.844
404
402.418
403.012
402.859
396
414.076
398.646
401.988
401.983
401.686
400
402.828
400.635
401.992
400.785
401.918
401.392
401.606
401.436
400
404.342
396.796
422.185
345.455
433.442
407.148
401.772
398.992
401.343
400
401.44
399.061
402.226
399.318
402.307
404
401.13
404.23
412
408
408.106
409.591
407.967
409.497
407.467
409.123
406.81
408.852
405.829
400
396
400
397.01
397.888
412
408.822
409.222
404
405.075
405.144
403.405
404.219
404.5
403.13
403.864
403.984
403.727
403.784
403.587
403.41
403.244
403.05
402.889
402.711
402.55
402.378
402.222
408
399.706
405.744
402.974
403.033
403.081
403.462
403.492
403.46
396
432.888
314.156
410.946
404
399.275
404
401.711
408
405.871
404
400
404
405.884
404
412
408.457
410.043
411.015
411.556
412.257
413.083
413.806
414.652
415.415
416.034
416.695
400
407.89
404.217
403.033
403.124
403.265
392
402.654
396
396
397.186
396.991
397.832
397.609
398.615
398.407
399.409
404
403.76
408
407.885
408.702
409.481
404
407.175
406.333
408
408
407.523
408.191
408.321
408.392
408.444
408.494
408.54
408.595
396
403.381
400.708
400.81
401.319
401.341
401.757
401.771
402.335
400
403.899
401.888
402.827
402.714
403.47
403.371
404.285
412
408
408.061
408.233
408.325
408.271
408.281
408.319
408.37
408.412
408.469
408.527
412
411.41
404
412
407.992
408.252
408.313
408.375
408.444
408.492
408.525
408.492
408.49
408.438
408.415
408.286
407.933
409.769
404.207
438.878
323.897
412.17
404
408
406.417
406.232
409.018
410.529
411.41
412.563
414.015
415.338
416.675
418.118
419.565
420.991
422.39
423.748
425.048
426.279
427.443
428.636
429.924
431.439
433.151
435.067
436.529
437.354
404
431.87
404
400
406.091
405.563
406.795
408.708
408.686
410.839
412.206
413.649
415.01
416.367
412
416
408
412.129
411.026
412.054
410.919
412.761
412
413.93
413.067
414.898
414.326
415.523
414.586
415.362
415.254
415.204
415.036
415.103
414.971
414.92
414.768
400
437.931
378.041
459.393
399.179
407.394
410.068
408.764
412
410.32
408
416
413.108
413.992
414.724
396
410.63
406.794
405.628
405.903
406.806
406.68
407.636
407.953
408.623
409.094
409.757
410.161
410.491
410.667
411.534
411.525
412.287
412.068
411.455
412.92
411.81
412.461
396
392
417.99
400
409.188
406.797
406.258
412
406.623
404
409.193
416
405.534
410.821
409.69
416
412
408
412.079
411.242
409.463
410.609
410.074
410.526
409.364
410.385
409.524
400
411.85
400
405.795
405.555
405.241
405.131
405.947
405.787
406.498
406.362
407.157
407.151
407.782
407.777
396
411.438
402.007
412
403.465
409.447
406.225
407.329
407.24
406.991
408
407.29
408.089
406.52
416
404
400
406.985
404
404.649
404.392
405.846
405.294
406.191
405.767
406.772
404
409.322
402.248
411.12
401.029
408
403.232
407.941
396
416.805
397.351
411.6
400.941
407.74
408
405.452
406.545
406.502
406.187
406.371
406.238
400
411.877
400.787
407.308
403.79
404.942
404.896
408
404.327
407.438
405.219
406.609
405.548
420
404.092
416
406.281
409.151
412
408.904
410.1
410.009
409.66
410.017
396
416.901
401.728
407.244
407.172
406.812
406.751
407.567
407.431
407.989
407.847
408.656
408
409.136
408.328
409.284
408.008
392
422.413
401.966
407.781
407.488
406.853
416
406.413
420
408.8
411.426
411.217
410.15
410.81
412
409.715
412.08
409.84
408
411.188
408.081
409.89
408
409.529
407.776
409.617
407.761
409.218
396
430.13
386.793
432.984
397.178
411.331
410.875
408.929
428
428
419.152
420.181
421.202
421.057
420.746
420.529
408
414.256
412.69
411.122
410.87
410.697
411.386
411.25
416
413.869
414.493
415.039
415.089
415.187
415.22
415.539
415.55
416.111
416.176
416.236
416.251
416.827
416.661
396
417.016
404
404
406.764
408
407.181
408.467
424
413.218
415.222
424
419.588
420
420.348
408
415.29
412.606
412.297
411.993
400
404
404.791
402.768
404.348
412
409.446
410.203
411.194
409.45
409.097
404
405.28
405.251
405.133
420
418.61
417.109
417.842
414.959
413.5
413.572
412
410.687
410.756
409.237
416
414.047
424
420
419.283
419.235
417.087
416.409
415.098
413.843
412.981
412.72
412.633
372
423.598
409.682
408.328
352
449.211
414.986
372
389.757
390.752
388.17
389.037
390.21
391.668
392.435
372
364
369.108
369.288
356
361.535
363.331
363.89
368
376
375.877
377.881
379.6
381.605
383.041
384.268
385.77
385.445
408
412
408.914
405.316
401.652
399.247
396.778
393.867
391.1
389.43
388.334
387.215
386.382
385.838
385.352
384.889
384.593
384.373
384.222
384.103
384.442
400
399.357
408
407.996
404.352
396
392.957
391.106
390.513
390.869
400
406.084
407.058
404.586
401.24
398.623
396
394.551
393.677
393.327
392.997
392.709
408
409.583
408.232
412
408.768
403.698
398.878
394.717
391.845
390.677
390.923
392.234
395.933
400.246
404.566
407.301
407.544
404.372
401.049
398.001
394.8
392.798
391.906
391.827
392.243
392.916
394
395.562
397.482
399.946
403.143
406.297
408.228
404
401.737
399.823
397.067
394.945
393.458
392.733
392.723
393.251
393.957
400
410.981
415.95
400
397.592
397.561
398.673
400.799
402.069
399.813
395.949
395.248
392
392.945
393.87
396.367
412
412.11
406.348
412
411.469
409.629
404.457
399.348
396.67
400
402.83
403.906
401.548
400
399.927
401.028
402.251
400.769
408
409.18
405.906
402.205
401.883
401.939
401.892
400.029
397.89
397.811
408
409.285
406.236
402.361
400.902
403.486
408.904
406.83
397.707
397.883
401.892
411.095
405.135
396.797
398.562
406.14
416
395.283
412
404.545
405.27
403.946
401.498
404
406.868
404
397.897
400
406.723
407.807
396.95
400.769
404
406.703
393.562
399.317
404.892
400
395.464
400
406.576
401.447
393.248
401.431
405.219
399.759
393.08
404.612
408
396.373
400.276
411.881
402.092
391.065
408.386
408.977
400
412
412.321
396.408
406.173
413.663
396.744
404.175
413.905
397.858
376
380
388.685
386.133
382.416
408
411.698
397.7
405.538
412.516
408
400.036
409.876
412.404
416
404.614
411.904
414.692
416
403.569
410.157
414.544
407.446
400
407.81
396
391.943
394.141
397.241
394.045
390.723
395.775
397.846
393.312
393.467
399.599
401.666
395.428
397.468
408
406.915
398.717
402.102
409.073
412
400.716
403.981
412.109
412
398.72
402.032
411.297
409.104
395.951
416
408
404
402.093
408
408.31
396.878
400
408.499
404.056
392.615
402.667
411.743
400.045
396.343
408
410.192
394.374
403.183
412.696
400.481
395.57
414.825
406.639
408
405.279
409.241
401.749
402.735
412.094
404.406
396.222
409.47
409.689
394.431
405.741
412.344
397.179
405.124
413.29
397.512
405.948
413.964
396.453
416
407.117
397.656
404
404
391.022
406.32
409.065
393.668
409.072
410.62
428
420
428
420.864
412.445
420.375
424
410.877
404
412.36
396
400.224
404.994
400.212
400.49
405.39
402.761
400.815
405.441
404.389
401.861
403.931
404.341
402.326
403.497
404.37
403.84
403.238
404.592
412
408.657
428
421.698
419.683
419.436
418.853
417.662
416.394
416.154
415.314
408
410.246
409.099
408.998
404
412
410.08
410.71
411.135
408
409.921
409.91
409.852
409.795
409.789
408
409.22
409.115
409.209
409.786
400
424.846
408.835
408
400
412
405.573
407.918
406.729
408.62
406.797
409.509
407.554
410.109
408.259
410.807
408.539
411.378
408.473
411.839
408
412.39
407.532
412.937
404
422.784
395.722
440.805
408.186
408.026
392
436.231
398.814
408
409.572
408.035
407.413
409.391
408.329
409.818
408.763
410.486
409.422
410.962
409.93
411.385
412
411.049
412.484
411.564
396
428.077
406.273
408
404
408.623
407.143
416
408.509
410.504
411.408
410.66
409.987
412.379
404
423.21
393.112
452.89
407.41
405.769
409.186
408.884
407.624
409.414
416
408
411.531
412.654
408
411.875
410.24
404
411.08
408
409.065
410.127
410.576
411.453
412.152
412.985
413.629
414.263
414.799
414.522
415.228
414.915
415.614
415.578
414.482
415.128
408
417.868
404.771
417.986
406.381
416.05
409.038
412
412
412.059
412.078
412.094
412.053
404
428.236
420
415.387
416.763
416.808
416.223
415.829
400
421.356
408.971
410.526
410.935
410.721
420
408
414.586
413.994
412
408
414.406
396
415.504
406.951
407.867
408.521
416
409.6
420
413.688
414.832
415.608
415.127
415.477
415.2
415.056
404
418.331
406.9
411.809
411.125
410.729
411.458
411.221
412.174
411.685
412.488
411.556
420
410.363
415.228
413.412
408
417.233
407.308
418.463
407.352
404
412.814
400
415.824
405.825
410.351
416
406.726
413.633
424
409.738
414.575
414.487
413.09
413.993
413.694
413.38
414.07
413.319
413.985
413.499
414.192
408
418.468
408.964
388
384
384
400
402.335
408
409.43
408
409.719
409.712
408.768
416
414.129
414.293
420
417.604
417.73
408
410.918
409.128
407.248
407.126
406.681
406.519
406.319
406.174
406.078
406.009
406.283
406.243
400
403.435
402.087
402.15
402.643
402.558
412
409.036
409.939
410.636
410.72
411.453
411.481
411.975
412.38
412.454
400
413.154
403.531
406.883
406.893
404
407.008
416
406.629
409.1
409.135
409.123
408.989
408.938
428
404.075
408
408.994
408.811
408.281
409.817
408.811
410.429
409.363
410.88
409.83
411.416
428
428
419.243
418.329
418.039
418.105
417.424
415.822
400
408.422
406.394
406.185
406.864
406.954
408
408.338
409.125
409.485
409.488
410.302
410.172
410.497
410.287
410.593
410.367
410.542
410.404
412
411.922
412.22
413.392
413.323
414.236
415.001
415.074
415.138
415.815
416
416.017
415.934
415.876
415.839
400
410.747
404
409.414
407.432
409.032
412
411.629
416
415.534
408
417.893
410.022
413.974
413.559
413.539
413.447
396
408
403.095
412
408
408.786
409.629
409.383
410.148
410.029
410.588
410.114
410.915
410.333
408
411.554
400
417.695
400
415.771
404.973
410.963
408.816
408.778
409.521
409.298
409.942
428
407.682
420
412.301
416
414.635
414.702
414.732
414.749
414.755
414.772
414.814
392
411.765
404.465
404.39
405.015
396
405
402.719
402.598
403.022
403.379
403.16
404.07
403.88
404.679
404.531
405.421
405.257
406.419
406.181
407.436
407.045
408.308
407.769
409.048
408.221
409.259
392
429.485
401.14
400
404.605
400
404.956
384
380
413.89
399.322
398.237
400.256
399.316
401.266
400.349
402.331
376
399.681
391.291
391.152
392.053
392.71
408
400.169
399.835
401.381
400
401.158
400.664
400.227
400.721
399.498
404
400
400.825
400
399.98
412
402.518
403.77
403.695
403.509
403.442
403.174
402.91
403.009
403.057
403.037
403.108
403.191
403.204
403.127
403.991
403.218
404.454
403.223
405.167
402.088
408.397
390.907
376
421.403
386.886
400.661
372
372
378.75
380
378.954
388
386.72
388.206
390.147
388
391.958
390.968
392.814
391.66
393.384
392.389
394.175
393.048
394.683
393.679
395.107
394.158
395.46
380
414.258
395.384
384
389.278
389.652
400
393.915
393.199
392
393.829
388
396.291
396
392.783
394.252
395.306
392.925
395.365
393.487
395.037
404
388.281
399.001
408
390.638
416
399.229
399.169
399.992
397.875
397.022
397.93
416
401.721
402.738
403.026
400
401.272
401.039
396
399.1
397.808
397.426
397.196
397.87
397.607
398.059
397.863
398.723
398.358
408
400.748
402.276
420
420
410.421
410.352
410.508
410.291
408.77
407.106
407.03
406.763
406.51
406.163
405.862
405.692
405.51
408
407.762
407.714
407.691
412
412
410.748
410.153
409.733
409.124
407.547
412
410.687
409.229
410.143
411.566
412.105
392
443.448
355.603
455.849
397.44
403.152
412
403.326
405.891
406.865
406.118
407.475
404
404
406.911
403.703
406.433
403.897
396
405.089
384
422.868
407.619
404.983
405.717
406.544
405.564
407.433
404.562
364
428.832
405.183
368
372
377.023
375.657
377.813
379.791
392
390.268
396
394.759
397.916
397.841
399.575
384
395.339
391.512
392
396
393.016
396.241
395.117
396.878
397.585
398.345
424
411.669
408.955
407.757
406.948
406.596
405.03
403.897
403.265
403.029
402.846
402.789
404
403.778
403.721
400
402.409
401.013
401.292
401.123
400.911
401.565
401.408
401.896
401.836
402.716
408
408
408.205
408.81
410.251
410.767
410.574
409.956
410.01
409.974
409.889
409.74
409.615
409.493
409.368
409.21
409.017
408.801
408.577
408.281
407.997
407.711
407.457
352
448.273
388.779
396.694
399.91
340
447.153
396.284
397.751
399.204
328
440.337
407.653
401.928
320
316
332.871
332.507
316
316
316
322.811
321.485
320
323.726
325.022
320
323.041
323.663
324.387
360
354.215
353.185
353.696
355.7
432
412.812
399.415
392.755
391.094
436
429.857
432
420
412.497
416.696
422.03
419.849
414.075
409.156
410.16
411.675
410.572
407.53
405.345
404.02
403.039
401.623
399.947
398.49
397.213
396.134
395.36
394.681
395.181
395.332
395.866
396.168
396.619
397.027
432
431.282
420
417.596
416.402
415.217
411.761
408.236
406.515
405.801
396
396.625
395.327
396.442
404
407.656
409.336
409.632
409.288
416
416.505
414.869
411.979
410.175
416
415.528
413.759
411.769
410.878
411.857
412.61
412.419
410.84
416
416.24
416
413.853
416
416.19
415.93
400
404
409.657
410.956
405.847
410.316
416.026
416.28
406.223
415.65
384
407.758
403.328
396
392
397.659
397.003
395.898
397.666
399.203
398.704
400.279
400.255
401.857
401.414
402.823
402.373
403.711
360
400.55
389.42
388.843
388.3
389.919
492
451.39
468
456
453.11
448.526
442.336
439.154
435.799
432.62
429.764
427.885
426.123
436
432.223
430.537
431.214
430.843
404
415.789
412.238
410.657
410.244
410.729
411.075
411.122
411.519
411.668
411.706
412.258
413.83
413.905
415.978
417.318
419.171
421.182
423.123
424.852
426.23
427.377
428.26
429.012
428.9
429.299
429.22
429.257
408
414.686
414.485
415.989
417.295
404
410.517
411.603
416
415.406
414.86
416.509
416.515
420
418.92
419.197
420.142
419.494
420.347
392
396
399.196
400.241
401.97
384
399.793
399.085
392
397.227
398.885
397.564
399.929
401.568
401.417
403.132
402.336
400
396
398.844
397.982
399.203
404
402.772
404.279
405.081
404.917
396
404.75
399.768
400.045
400.709
398.813
400.365
398.864
399.473
399.369
398.934
380
422.928
379.839
413.944
398.161
399.872
399.563
404
396
401.714
400.886
400.035
400.125
401.257
392
407.904
396
399.328
398.828
398.208
399.035
398.396
384
414.01
397.52
397.536
398.312
398.101
398.052
398.471
398.294
399.434
392
404.312
393.577
396
397.434
400
404
412
412
409.666
410.088
410.641
420
416.766
414.595
413.862
413.939
414.054
413.845
413.253
413.21
413.046
413.001
412.968
412.951
412.968
400
405.763
404.362
404.393
400
402.283
402.345
402.394
402.663
402.617
392
404.964
399.532
400.412
401.112
401.041
402.043
401.988
392
402.946
398.477
399.201
399.868
399.694
400.587
400.465
401.481
401.325
402.342
401.104
403.977
388
426.034
392.462
396
398.908
397.876
400
398.125
401.113
399.912
376
426.718
384.419
398.824
397.454
396.731
397.211
396.988
398.861
396.948
399.276
392
398.69
395.692
396.623
408
399.773
400.099
401.047
400.507
396
399.622
396.553
397.783
396.934
397.932
396.512
398.045
395.984
397.818
396.428
397.471
428
331.943
408.27
397.257
424
424
413.561
412.511
415.599
416.692
413.638
413.52
414.76
413.316
414.277
412.618
413.898
412.507
413.767
404
408.949
407.446
406.2
407.396
407.741
408.593
409.363
410.113
392
406.142
402.177
376
410.186
400.917
384
395.584
388
388
384
387.799
386.968
388.419
384
380
383.598
382.747
383.181
383.674
384.115
385.447
364
352
357.208
348
351.349
353.322
352
355.253
356
358.34
359.388
361.308
364.027
366.961
369.77
373.441
384
386.957
388.898
389.516
389.925
368
370.655
369.675
368.322
367.152
365.967
384
388
380
380
380.843
379.813
376.129
373.886
404
397.939
389.557
386.947
387.604
382.857
377.273
375.377
375.112
384
382.493
379.567
379.259
380.969
380.674
377.28
374.249
375.235
376.2
375.949
373.659
404
389.415
404
400.551
396.509
394.86
384
383.751
383.602
383.274
383.01
383.695
383.858
383.817
383.494
383.375
383.132
383.408
382.979
383.716
400
395.439
393.929
393.063
388
389.187
389.243
387.919
387.87
387.722
388.336
396
396.336
394.483
391.502
390.29
390.766
391.762
391.743
400
404
404
399.055
395.962
395.722
404
403.414
400.379
396.463
394.538
388
389.806
390.823
388
390.057
389.986
389.812
390.128
390.921
392.105
393.088
393.111
392.814
392.61
392.494
392.463
392.416
392.323
392.148
408
403.085
400
399.188
397.993
396.769
396.368
395.173
394.869
376
414.24
388
391.657
393.133
392.897
392.453
392.324
393.734
393.395
393.208
394.497
393.133
394.806
393.108
394.773
393.219
400
395.966
408
401.084
401.022
402.016
401.728
401.35
401.383
401.142
401.159
400.831
432
432
415.928
415.302
414.042
428
425.685
428
424.496
421.965
422.139
424
423.685
422.61
420.683
420.109
419.648
419.374
418.855
418.268
392
405.179
392
394.773
394.473
396
396.074
396.945
397.811
398.6
399.282
384
391.968
390.53
389.383
390.795
390.131
392.031
391.939
393.682
393.99
395.564
408
406.586
407.299
400
402.722
403.422
392
397.566
395.827
395.395
395.28
380
392.953
387.944
388.86
389.705
389.464
390.322
390.201
391.023
390.827
391.61
391.47
392.165
392.059
392.784
392.719
393.494
392
393.728
393.489
394.452
393.964
394.966
394.273
395.788
396
395.32
395.778
396
396.042
396.065
396.334
396.362
396.394
396.425
396.457
396.488
396.521
396.553
396.585
396.617
396.649
396.681
396.709
400
400
392
392
396
393.115
399.371
389.293
396
392.731
396.746
391.713
392
395.849
391.885
396.389
392.649
396.617
393.617
396.138
395.639
395.589
395.569
440
357.247
417.211
424
420
409.758
407.424
410.595
424
416
411.602
413.187
414.064
411.27
420
414.648
413.675
413.722
428
420.586
417.941
418.677
420
417.69
416.004
416.818
415.758
414.344
416
412
408
408
409.272
410.228
410.693
411.482
412.685
413.643
413.903
413.903
413.902
413.855
413.77
413.693
413.527
408
410.645
409.898
411.022
411.305
412.131
396
435.659
392
440.266
404.712
410.536
412.137
411.178
410.232
411.571
410.77
412.272
411.511
380
376
381.089
380.876
376
380.523
381.055
381.659
382.445
382.908
383.572
383.979
384.135
384.387
384.601
384.844
385.02
385.064
386.594
385.899
364
380.416
377.26
375.85
352
348
348
349.632
344
349.061
350.683
352.726
355.099
357.305
359.923
362.656
365.448
368.199
370.844
373.274
375.415
376.958
378.174
378.232
378.068
400
396.397
392.796
389.636
388.668
388.13
387.001
384.993
382.955
381.825
381.039
380.436
424
406.674
408
404.752
403.036
402.04
399.654
397.223
412
407.214
404.24
428
422.784
420.133
440
434.469
430.29
429.413
428.3
425.472
422.403
420.37
424
420.973
420.508
420.441
420.391
419.925
400
414.624
411.482
411.28
392
406.302
405.154
404.951
388
397.394
392
404
412
410.16
428
432
431.808
430.991
440
438.057
435.91
432
433.221
431.509
428
427.669
426.369
420
421.373
419.404
418.724
418.692
418.915
419.233
419.524
396
414.599
409.063
409.819
410.808
410.678
411.529
411.276
412.356
412.56
413.534
413.922
414.843
415.645
416.532
417.379
418.339
419.276
420.19
420.867
421.386
421.905
412
419.321
415.33
416.343
416.289
416.318
417.234
417.255
417.321
404
411.023
408.263
408.203
404
410.059
407.034
408.307
408.25
408.912
408.769
384
424.205
372
436.844
418.638
416.592
392
453.298
421.092
415.367
424
420
417.139
418.022
417.772
415.63
415.679
415.678
414.582
414.551
414.301
414.349
413.864
414.332
413.962
414.778
414.117
415.049
416
415.382
404
421.229
414.552
414.088
413.861
415.495
415.412
416.377
415.253
417.289
404
490.591
359.05
431.194
420.918
418.817
417.352
417.858
419.676
417.902
419.669
418.362
421.487
412
418.651
400
413.119
411.493
409.499
408
411.169
409.8
411.906
410.649
412.79
411.759
413.571
412
413.572
408
416
412.757
412
408
404
409.95
407.282
408.092
408.289
408.714
409.194
409.148
409.87
409.28
410.433
410.283
404
419.457
400.394
408
407.486
407.431
407.263
404
410.663
400
412.398
403.637
380
428.975
368
436.773
409.604
376
411.608
401.462
399.466
380
418.715
372
409.749
398.376
368
401.25
368
383.156
384.153
381.077
382.395
384.434
384.311
385.322
380
385.562
396
389.095
404
416
409.149
408.186
408.509
408.858
407.57
406.761
406.093
405.576
400
401.182
400.793
399.899
399.654
399.986
412
424
421.823
419.413
412
411.798
411.729
410.195
408.384
406.505
405.374
404.891
404.62
408
409.657
411.144
411.685
411.136
410.015
396
403.917
403.316
400
401.659
402.27
402.864
402.891
403.057
403.414
404
404.588
405.39
406.19
407.154
408
408
396
404.459
400.348
401.744
401.476
402.39
402.079
400
404.208
402.207
403.091
402.568
404.011
403.162
404.491
403.51
404.864
436
364.987
430.345
400.193
402.741
412
416
406.786
410.26
409.716
409.986
409.104
396
404
403.002
400.426
399.877
401.612
400.555
402.41
396
400.346
399.551
399.764
412
405.012
405.646
406.65
405.734
405.412
404.978
405.004
404.849
404.712
404.68
404.827
412
407.372
407.875
404
407.139
406.461
406.236
406.303
406.371
406.456
388
416.105
397.933
402.925
402.694
400
402.578
404
401.279
403.624
402.885
403.475
402.868
404.229
408
404.238
406.441
406.124
405.877
406.739
406.304
406.999
406.351
407.116
406.584
420
407.103
407.956
424
411.51
412.037
420
416
414.894
415.508
415.17
414.932
408
412.535
408
409.358
409.323
409.209
420
412.368
420
416.173
428
412
417.138
417.046
415.632
400
415.882
392
414.43
388
412.003
405.56
405.464
405.711
428
415.992
415.846
416.441
417.051
416.848
416.752
420
417.827
418.453
418.486
418.446
418.712
416
417.562
408
415.654
412.573
388
380
383.587
383.6
388
376
384
383.777
385.229
386.397
392
392.293
395.86
412
413.808
415.458
415.959
416.613
416.652
415.415
414.223
413.26
412.389
411.54
410.682
409.969
409.287
392
396
392
391.572
391.746
392.268
408
408.046
420
420.89
420.312
418.025
415.09
420
418.183
418.18
418.122
388
402.578
399.827
384
380
381.822
381.897
383.139
384.734
386.325
387.939
388.629
389.539
389.844
389.943
460
431.967
427.778
425.34
423.816
420
418.134
416.298
414.464
412.717
411.062
428
424.195
421.461
420.527
419.368
418.139
416.512
414.888
413.351
412.035
411.239
411.082
411.122
411.362
411.522
411.942
412.273
412.6
412.977
414.298
412
414.417
415.04
416.298
416.341
416.102
416.132
408
416.296
413.801
408
414.82
412.661
412.567
412.63
413.622
412.274
414.471
412.128
415.595
409.719
423.423
394.804
449.785
384.047
448.704
408
412.707
414.728
411.947
413.22
413.108
392
445.471
407.514
411.232
388
429.566
392
407.455
406.025
388
404.551
401.118
398.456
400.295
401.216
401.31
402.72
402.804
403.839
403.822
404.486
404.978
404.878
406.454
388
407.058
400.166
399.537
400.356
400.35
401.208
400.967
402.321
400.93
402.507
404
401.232
405.282
400.667
404.552
400.203
405.653
397.494
411.405
404
402.726
404.598
402.756
404.174
402.621
408
401.755
406.194
408
404.793
406.222
405.91
405.118
405.915
404.971
405.609
396
416.939
393.312
419.527
393.395
415.714
392
420.171
408
405.395
424
416
413.1
412
413.167
416
413.689
408
411.794
411.603
410.124
410.022
410.412
410.363
410.406
410.483
410.592
410.66
410.744
410.817
404
412.225
408.706
408.567
408.368
409.315
409.161
409.565
409.459
410.133
400
429.724
366.291
408
404.749
403.046
402.635
405.237
428
424
415.958
412
416.693
418.082
416.659
420
416.88
418.695
416
417.921
420
417.939
418.517
418.334
418.991
418.418
419.203
418.667
419.426
419.036
418.496
419.292
419.314
418.88
418.812
418.106
418.182
418.248
418.251
412
427.876
384.766
464.961
400
396
406.598
406.155
405.009
407.555
408.553
409.85
411.168
412.405
376
372
376
374.555
376.301
377.763
392
390.053
400
399.903
402.793
404.062
405.152
405.569
405.8
405.734
404.952
404.529
403.642
384
380
380.421
380.722
382.867
384.513
386.391
396
397.893
412
414.096
412.959
409.697
406.128
412
410.068
407.526
405.702
405.035
404.386
403.44
392
394.308
388
388.586
388.936
389.922
391.162
392.55
393.927
416
420
418.686
412
409.087
406.012
401.913
424
428
425.457
421.634
419.279
420
420.307
420
417.422
414.698
413.596
413.005
412.357
411.483
410.809
410.193
400
402.143
401.844
402.418
403.044
403.65
404.375
405.368
420
422.476
422.027
420.122
418.309
418.356
418.138
404
407.388
407.078
408.252
408
409.355
416
417.843
416.292
424
424
418.966
432
431.248
423.45
424.242
420
416.185
415.014
414.952
412.796
411.961
413.351
413.122
412.252
414.635
415.218
412
412
412.982
412.94
412.786
413.864
413.894
413.764
404
404
404.197
404.439
405.926
408
409.776
412.189
414.609
416.359
417.136
416.619
414.807
413.415
408
412
408
411.229
411.331
411.387
384
426.352
388
406.526
388
400.889
399.052
398.245
399.677
416
406.92
428
418.821
418.688
420
420
419.512
412
416.223
413.864
413.618
413.323
413.417
413.295
413.83
413.663
404
409.545
406.999
407.061
407.05
407.683
407.696
408.355
408.296
408.927
408.952
376
433.696
409.299
409.028
409.875
409.439
416
411.934
413.8
412.808
414.699
413.338
415.187
413.765
415.592
414.234
415.813
414.568
416.485
415.304
416.653
415.592
416.863
415.642
416.762
415.106
416.412
414.484
415.775
414.156
414.828
424
428
406.392
420
413.439
416.078
415.718
416.348
416.291
400
456.748
396
411.224
413.292
412.593
411.313
408
414.281
412.656
404
413.505
412
410.258
411.905
413.102
404
411.895
410.532
409.252
380
380
385.194
383.099
383.606
385.664
386.326
368
382.18
378.632
378.345
381.223
381.466
383.145
383.921
408
412
409.009
408.81
410.277
409.157
407.038
405.497
404.796
400
399.505
404
402.71
402.2
401.774
401.581
401.443
401.263
416
412.813
411.707
411.379
424
432
427.587
423.006
420.671
420.678
419.896
418.361
416.329
416
415.93
416.143
415.608
414.64
414.408
414.308
414.044
413.827
413.596
392
420.985
412.477
412.306
412.277
484
403.427
464
416.937
460
430.065
427.659
444
433.137
431.12
432.976
431.8
432.094
432
432.106
432.117
431.989
432.335
416
425.42
421.868
420.805
421.079
421.58
421.329
422.212
372
428.248
413.647
410.774
411.084
411.635
412
412.089
413.95
412.545
414.633
413.286
415.527
414.298
416.476
415.192
417.525
416.135
418.474
416.899
420
417.471
419.557
400
433.714
376
431.33
376
436.287
384
392
399.256
392
395.666
395.574
396.43
397.072
428
440
428.287
425.376
426.75
428.374
427.24
426.475
408
408
408.267
405.171
404.245
404.333
404.682
404.684
404.772
405.069
404.527
404.844
404.937
406.061
405.532
405.606
400
401.618
400.934
400.503
400.923
392
399.128
400
400
402.32
402.086
404.466
404.193
405.605
405.431
405.924
405.815
405.781
405.837
396
408.162
396.344
432
428
416.927
415.661
428
424.722
421.381
420
420.011
400
408.206
396
397.863
397.28
396.999
397.985
398.39
399.107
399.629
400.135
400.651
401.151
401.64
402.155
402.621
403.139
403.679
404.207
416
415.895
417.473
417.874
417.364
417.255
417.64
417.34
417.004
404
406.943
406.675
407.223
407.121
404
404.563
396
400
396
396.899
392
396
395.904
396.137
397.231
404
403.966
405.372
406.433
407.407
408
408.911
412
412.624
413.224
413.518
413.703
404
400
399.812
399.611
400.455
401.341
402.378
403.195
403.96
404.484
380
408.256
399.173
398.99
398.771
399.331
398.954
399.914
399.472
444
421.186
440
434.547
433.221
424
408
410.652
410.053
408.237
406.961
406.702
412
409.835
409.337
409.898
409.683
410.416
409.925
410.814
410.23
410.971
410.224
410.915
410.434
436
427.472
432
429.531
429.331
424
412
412
411.497
411.533
412.792
400
416.926
396
413.563
409.491
409.115
408
404
407.507
407.386
407.05
407.584
407.725
408.412
408.341
409.15
409.023
409.853
410.026
410.822
411.108
411.823
411.827
404
416.604
405.007
412.315
408.213
409.276
409.311
392
442.363
404
408.494
410.101
408.918
410.04
424
394.144
432.053
389.308
417.303
410.428
409.338
408.274
420
428
416.453
417.721
418.952
417.996
417.995
417.883
417.516
417.529
417.188
417.021
416.904
416.862
416.858
417.466
417.437
412
412
408
396
403.834
401.576
401.704
403.074
403.323
404.425
405.048
405.996
406.84
408.083
409.695
416
418.185
420.451
408
411.269
411.325
411.346
411.071
410.633
411.294
411.597
411.54
411.416
411.354
411.384
411.4
411.404
411.411
411.46
411.438
411.449
411.449
411.422
392
404
401.256
401.15
401.951
428
409.2
440
413.197
415.306
436
421.425
421.176
421.187
428
424.087
423.579
423.756
416
419.926
418.449
417.873
417.387
404
411.389
396
401.319
401.183
400.915
401.68
380
392.432
389.96
389.558
390.764
391.466
392.171
392.902
393.356
393.901
395.255
408
406.947
408.443
410.03
411.127
392
398.912
398.561
398.255
398.1
398.218
388
394.365
392.898
396
394.879
395.055
404
401.17
400.537
399.953
400.416
400.011
399.42
399.023
398.835
398.693
398.553
400
400
399.894
400.556
400.576
408
403.73
408
405.987
405.984
405.785
405.391
405.325
408
406.337
404
405.295
404
404.342
404.349
404.416
404.453
404
404.505
404.499
400
404
400.718
402.898
401.821
402.467
404
402.647
404.372
403.221
405.17
403.05
407.162
392
442.72
396
399.29
402.65
402.041
400.838
404.479
405.23
405.747
432
369.055
442.273
368.198
428
402.123
403.37
403.409
400
403.397
401.718
402.564
402.576
403.076
372
410.092
424
508
460.633
451.579
446.673
444.745
464
456.597
451.071
436
439.34
439.282
435.545
431.943
430.831
429.94
372
403.522
400.507
399.609
400.361
400.95
344
372.072
344
336
337.913
336.854
337.8
339.431
341.283
336
340.305
332
336.691
332
335.857
324
330.922
332.097
334.067
335.85
337.737
339.976
342.063
344.287
356
355.947
392
387.585
440
432.448
423.996
417.019
412.198
408.111
404.643
401.502
399.4
412
411.767
410.955
410.548
410.943
411.009
388
390.996
388.412
385.609
385.458
385.545
386.166
386.471
386.824
386.97
387.494
387.779
388.182
388.358
388.871
390.541
392.208
394.631
397.521
400.455
402.865
404.597
405.719
406.406
407.315
407.468
407.244
406.93
406.525
406.193
405.924
424
422.903
400
399.317
398.815
384
392
391.556
392.29
393.039
420
414.747
413.145
412.445
412.245
380
380
381.511
381.01
372
377.07
364
366.368
365.435
365.878
380
380
383.659
385.945
387.703
389.407
390.51
368
377.259
374.558
373.385
375.143
374.055
372
373.821
373.851
374.518
375.206
375.717
376.421
376.268
376.988
376.874
384
381.035
380.819
380.734
380.51
380.227
380.045
379.796
379.556
379.29
379.61
379.577
379.892
379.934
379.985
380.057
380.127
380.194
380.271
380.353
380.436
380.531
424
297.436
375.296
432
384.014
385.753
424
372.887
388.154
428
420
398.628
405.365
409.694
402.646
408
409.508
409.596
388
397.229
402.115
396.76
395.599
399.438
401.24
396.141
397.008
400.317
399.417
392.688
395.244
394.616
395.808
391.727
394.149
432
414.068
404.963
406.309
412
405.617
404
407.532
409.908
403.209
400.516
406.767
409.543
401.936
399.916
406.591
408
400.46
398.725
406.691
411.212
400.328
398.565
407.711
410.633
420
401.354
403.099
412.27
412.343
400.039
404
412
408.843
395.183
403.848
404
406.182
384
393.423
364
360
362.516
356
358.303
361.06
376
380
382.495
385.668
388.735
380
376
378.555
377.493
377.462
378.475
344
359.427
357.463
357.143
359.928
361.748
363.789
364.987
366.796
367.069
368.169
367.613
367.479
324
338.793
340.647
339.725
342.569
344.657
346.596
348.636
350.543
352.562
354.503
356.141
357.98
359.699
361.41
363.154
348
354.199
356
352.642
354.736
355.365
356.651
357.892
358.982
360.283
361.073
362.037
363.513
364.138
363.27
363.587
363.237
362.482
361.915
361.17
360.705
360.135
359.78
359.646
359.603
359.586
359.651
372
359.56
361.986
362.018
362.044
361.918
361.908
361.799
392
282.485
370.426
388
368.82
368.812
370.91
371.173
384
384
378.201
381.407
383.018
380.43
381.552
382.444
380.604
381.893
382.658
383.173
384.131
385.087
396
392.687
393.627
395.362
396.276
397.532
397.067
398.051
398.965
398.711
398.528
398.457
398.52
398.582
398.604
398.614
396
396.369
396.366
396.301
396.218
396.24
388
392.923
391.296
391.344
391.518
391.583
372
407.802
386.472
390.04
390.409
348
356
385.729
377.143
375.848
378.82
380.681
379.189
381.929
381.232
383.87
412
402.717
400.35
401.169
401.144
398.102
396.36
396.378
394.596
393.37
392.348
391.526
390.892
390.145
389.827
389.826
392
390.653
391.36
391.372
391.247
390.969
390.785
372
372
373.073
373.04
374.993
376.186
377.949
380.332
382.798
385.493
388
390.483
392.372
396
397.033
397.45
397.249
397.252
397.065
396.819
396.604
396.479
396.342
396.173
388
390.782
404
400.619
399.553
398.794
412
409.766
407.224
405.363
404.06
401.774
416
410.245
407.287
400
401.412
402.591
402.423
399.96
398.426
396
397.752
398.352
398.221
396.534
396.252
416
409.155
404.957
402.434
403.604
406.593
404.74
400.259
412
410.469
408
403.789
404.539
408.606
407.398
401.228
400.24
405.777
408.155
403.326
399.739
402.911
409.859
405.763
398.669
401.12
411.005
407.604
396.831
401.954
400
403.126
396.627
400.596
384
391.171
392.761
393.314
391.741
393.302
416
410.761
406.129
406.598
408.97
407.769
402.132
401.959
404.308
403.726
399.56
398.733
400.958
401.683
398.642
397.051
399.254
400.313
398.323
395.569
397.418
404
400.4
408
403.605
412
409.312
405.238
412
412.382
408.73
407.002
400
403.643
396
399.394
399.524
399.417
399.224
400.21
400.475
400.439
401.091
401.03
401.668
401.651
402.224
402.233
402.598
402.631
403.235
403.241
403.846
403.812
404.5
404.443
388
413.571
397.359
402.447
402.389
400.815
420
389.781
420
381.544
440
395.08
400.292
402.345
401.753
400.709
402.203
401.2
412
408
406.985
406.864
408.285
407.19
407.724
407.276
407.813
406.736
407.434
400
405.755
402.224
403.256
402.948
403.813
403.3
404.696
408
406.117
404
405.938
405.763
408
405.616
407.032
408
406.846
408
407.07
408.063
396
416.359
393.764
423.697
394.882
413.33
402.32
406.077
428
412
410.487
411.268
420
413.898
413.687
413.699
413.513
413.301
413.107
412.952
412.83
412.754
412.683
412.68
408
412
409.751
410.345
410.38
410.505
410.625
410.613
410.579
411.548
410.909
411.639
411.168
412.032
411.172
412.484
411.039
413.109
410.454
416.973
404.174
452.214
420
404.056
409.927
410.251
409.478
411.772
413.021
413.88
392
396
408.429
402.21
404.562
406.177
405.108
407.549
406.631
428
416.05
414.779
414.453
413.616
408
410.352
409.151
396
402.139
400.533
399.793
401.013
402.422
402.04
436
444
440
436.099
433.643
429.113
424.238
420.103
416.858
414.554
428
426.569
425.909
424.176
416
416
414.941
413.941
413.857
413.548
413.935
414.174
414.28
413.806
413.347
412
411.919
411.642
411.424
411.545
404
409.988
428
427.16
424
422.023
420.248
418.725
416.28
415.248
414.614
414.25
413.925
413.695
413.431
412
411.778
411.356
411.016
410.679
410.339
409.993
412
411.824
408
404
396
396
388
391.45
390.594
391.534
420
420
416
424
424.833
424.964
424.026
420
419.837
418.087
412
412.209
410.649
409.344
408.953
408.653
408.654
408.675
432
429.678
428.331
426.687
425.697
424.657
423.112
412
411.982
410.784
410.487
410.989
411.948
413.032
414.073
416
417.209
418.041
416
408
410.206
420
420.5
412
413.107
414.192
414.3
412
411.814
412.812
408
410.379
411.32
412.245
409.414
412.402
415.017
415.247
406.756
411.928
415.47
410.908
396
412
416
408.161
404.261
415.659
415.741
404.167
412.955
418.667
405.432
413.333
419.856
405.642
428
420
406.092
428
418.887
412
416
420
403.391
417.121
420.405
404.399
415.63
421.577
404.092
415.862
412
399.697
416
417.652
401.214
424
419.812
404.576
421.416
419.281
403.531
432
422.576
408.517
426.303
418.768
404.812
427.303
404
408.888
421.279
405.196
410.814
420.773
403.811
424
416.779
403.799
422.59
408
392
418.534
412
401.231
417.779
412.32
401.486
444
429.75
417.198
425.53
420.945
408.967
420.856
418.226
404.465
417.39
420
404.597
420
422.714
407.538
404
419.871
404
404
408
404.761
432
425.871
416.381
424.442
421.951
409.546
419.296
422.29
408
408
417.587
410.13
424
425.492
412.398
412
419.793
410.393
412.012
420.349
412.587
410.83
420.819
414.061
408.778
420.174
417.513
406.138
418.299
421.485
405.738
400
414.408
416
416
413.158
418.892
413.266
407.733
416
419.406
405.39
416.724
422.607
406.198
416.969
408
404.848
417.74
412.373
404.94
408
415.085
424
407.178
418.445
419.596
409.778
404
417.494
412.2
402.937
404
415.514
409.125
400.723
412.985
416.29
436
414.287
424
416
412.553
436
426.471
415.517
420.287
423.694
414.134
413.873
421.646
417.875
409.706
417.848
421.305
413.569
411.686
421.015
418.939
404
396
405.979
410.135
404.654
407.7
417.646
415.207
407.05
415.314
422.62
428
413.02
418.427
426.45
418.631
408.427
417.945
425.631
415.462
407.831
419.428
425.228
413.476
416
427.195
423.271
409.09
424
420
408.545
413.756
408
408.926
410.549
408
410.124
412.336
410.673
411.301
414.791
413.326
410.077
414.18
415.301
409.585
412.608
415.558
409.188
412.6
416.193
428
414.26
417.433
420.3
413.657
416.286
420
410.346
424
417.033
412.016
421.741
414.352
414.239
420.434
410.791
416.913
400
400
404.621
402.47
424
418.831
419.003
420.249
415.947
420
417.77
416.259
418.092
415.063
416.422
415.999
428
424
423.141
423.301
422.156
420
412
414.986
413.113
413.099
413.274
413.716
420
418.922
419.197
419.25
418.456
392
429.461
413.164
413.046
414.178
413.482
413.043
414.374
413.786
414.485
413.907
415.125
432
422.922
420.888
420.536
420.273
419.908
416
417.878
415.887
415.522
415.18
414.95
415.657
415.465
416.218
415.3
416.101
416.047
416.196
416.435
416.252
416.451
416.262
416.364
416.177
416.71
416.672
416.905
417.336
417.63
418.542
419.025
419.462
419.688
419.681
419.931
419.954
419.986
419.948
419.905
419.838
419.72
419.506
412
412
421.769
413.914
429.362
400
463.034
408
412.486
415.528
408
415.174
416.21
414.132
416.676
424
419.384
448
415.429
432
427.617
425.791
424.923
424.984
423.947
423.259
423.199
422.508
422.597
421.967
422.539
421.932
422.936
412
420.721
417.257
417.689
417.55
420
418.754
419.625
428
422.729
423.846
423.894
424
424
424.022
424.097
424.259
424.302
424.358
424.419
424
424.693
424.66
424.745
424.827
424.906
424.966
425.024
424
425.148
425.235
425.065
425.039
424.976
425.019
420
447.111
331.998
437.327
426.311
421.737
420.719
423.503
425.433
426.123
427.124
428.632
430.046
431.131
408
420.114
416
417.776
419.231
420.055
421.039
422.097
423.034
424.088
424.938
425.728
424
426.415
426.315
416
419.669
418.141
418.212
419.876
419.648
408
421.347
400
396
402.243
402.022
401.738
403.547
404.625
405.33
406.701
406.363
408.309
407.612
409.519
408.973
410.586
428
423.105
422.173
421.447
421.258
421.723
421.194
420.008
419.801
419.654
419.503
419.383
419.229
419.103
419.009
420
416
417.245
417.262
417.214
417.134
417.129
417.154
417.19
417.194
417.198
417.241
417.283
417.29
416
421.097
416.53
420.562
416.375
423.088
411.665
420
413.551
424.156
406.891
450.372
420
418.88
420.541
420.278
419.297
420.999
419.821
421.419
424
421.982
423.181
416
424.947
416
420.92
419.401
420.189
420.46
420.829
421.394
421.611
422.255
422.242
423.308
422.877
423.789
422.493
423.8
423.055
423.689
421.949
412
427.834
408.394
412
418.097
412
417.208
416.493
428
417.821
428
422.04
423.736
423.718
423.57
423.417
423.432
416
425.359
416
421.97
418.914
419.711
419.814
420
420.017
420.698
424
424
424
424
424.505
424.181
424.123
424
423.429
423.576
423.622
423.684
423.741
412
424.156
415.154
421.724
418.436
419.947
419.934
419.951
408
426.178
412
404
411.937
411.796
411.691
411.743
412.97
412.658
414.098
413.847
414.858
428
420.812
420
421.308
420
421.211
420.242
420.71
420.445
404
418.199
410.541
412.096
412.591
412.359
413.073
412.969
413.577
413.417
414.138
408
414.424
411.403
411.58
424
413.292
415.455
415.548
412
415.634
414.637
414.46
414.977
414.728
415.621
415.314
415.595
415.202
416.151
414.61
417.716
424
406.832
425.183
400.449
429.373
412
414.855
414.728
414.62
414.404
415.135
414.839
415.573
415.211
424
414.11
418.728
428
414.676
419.56
419.485
418.666
418.568
420
418.293
419.196
418.972
418.939
419.125
419.141
419.224
419.211
419.513
419.573
419.86
419.756
420.416
420.067
440
371.446
444.679
420
432
421.225
422.682
421.552
421.642
428
421.056
423.483
423.256
420.992
422.608
421.013
422.051
421.821
422.171
422.43
422.68
424
421.285
423.505
412
420.856
416.805
418.419
416.981
417.981
417.722
418.293
418.209
418.872
418.856
419.473
419.52
420.137
420
420.961
420.679
420
422.243
419.131
423.659
416.029
431.995
414.38
420
420.03
440
408.566
443.175
411.884
420.765
422.257
420.53
419.951
421.806
421.034
420.218
422.169
421.276
421.982
421.319
422.834
416
424.509
420
412
420
416.211
417.384
420
416
432
421.675
422.463
422.651
416
422.475
419.635
419.265
420.357
416
416
419.343
414.643
420.03
415.511
420.067
416.243
420.608
416.474
421.135
416.352
404
429.567
408.184
422.08
416.2
448
419.513
452
433.389
440
444
436
437.9
424
430.65
428.66
427.967
427.612
427.471
428.073
427.833
428.275
428.085
428.781
420
440
430.498
430.277
430.243
430.461
430.536
430.758
430.789
431.036
431.049
431.781
404
447.792
428.018
427.966
428.721
428.215
428
429.663
424
430.541
427.54
428.751
427.847
429.503
428.353
430.252
444
436
433.62
436
435.429
434.801
424
434.192
428.895
436
428
430.825
430.992
430.47
430.464
430.853
424
433.099
427.214
428.592
428.525
428.415
429.128
420
432.458
425.504
426.562
426.991
436
432
432
424
416
428
424
424.217
424.909
416
428
421.846
423.385
423.409
416
427.32
421.009
422.629
422.565
423.567
423.075
424.251
423.913
425.039
424.658
425.391
396
396
408
406.186
407.624
410.404
411.128
412.337
432
432
424
426.975
427.786
436
430.85
430.156
430.553
428.001
425.816
424.663
423.53
422.459
421.76
421.399
421.049
420.814
420.601
420.601
420.938
420.623
420.576
408
424.69
418.818
418.991
419.005
408
428.664
420
420.3
416
432
424.463
424
424.078
428
425.412
424.29
424.303
420
422.279
421.722
420.676
420.524
421.289
420.36
421.095
436
426.278
416
422.76
422.627
422.435
428
424.416
412
425.969
419.126
420.457
420.616
420.478
421.695
420.36
422.376
421.462
422.657
421.031
412
425.909
415.579
420.045
419.372
368
461.384
420.74
417.447
419.189
352
452.964
409.666
407.975
410.64
408.49
410.895
396
404
405.501
402.514
404.315
405.745
406.921
448
429.087
440
434.47
432.214
430.175
425.815
423.022
420.405
417.955
417.198
416.863
417.31
415.475
416.516
415.982
416.574
416.464
416.299
420
419.426
419.067
420.199
419.878
419.755
419.469
464
417.839
419.854
421.344
421.095
420.518
464
456
464
451.95
449.538
448.824
452
448.553
445.589
436
448
444.87
436
437.525
436.678
435.658
434.585
433.573
433.074
432.848
424
427.116
426.507
436
452
450.269
436
436.701
437.438
438.774
432
433.635
435.173
436.932
435.056
434.483
437.05
438.809
436.638
432.71
434.326
428
429.009
429.202
430.36
431.083
432
432.057
431.951
431.804
431.701
431.606
431.53
432.094
432.308
433.074
433.71
434.363
434.815
420
436.574
427.624
430.545
460
434.56
435.646
436.003
435.468
452
433.407
437.03
437.058
436.667
436.108
435.682
416
435.46
427.384
420
425.83
416
422.115
421.75
421.426
422.541
422.639
424
423.702
424.787
424.576
425.633
440
436
435.595
436.211
436.8
420
429.831
428
427.428
428.032
460
445.823
443.16
442.841
441.91
440.809
439.723
439.022
438.353
437.662
437.129
436.737
436.399
436.079
435.804
435.563
435.366
435.273
464
468
455.575
453.663
451.095
448.324
445.87
443.772
441.912
440.362
439.366
439.242
439.59
440.303
441.258
442.462
443.655
444.699
445.205
432
442.495
440.543
441.024
440.792
440.516
432
436.735
435.602
436
436.197
436.978
437.717
428
440.476
434.319
435.564
432
437.708
435.103
435.808
435.685
416
441.065
431.07
431.197
428
433.144
430.917
431.709
431.6
444
433.704
436.196
436.293
435.853
435.553
436.405
435.607
436.118
435.459
424
416
421.444
412
428
425.65
456
450.568
449.341
480
472.139
469.475
467.925
465.346
463.366
460.538
458.53
456.347
454.234
453.133
451.736
451.019
432
438.974
435.911
424
429.286
428.064
424
426.065
426.308
424
425.524
425.665
426.044
426.478
426.895
427.39
427.94
428
430.119
420
429.572
428.236
420
425.731
424.942
440
436.134
432
433.948
434.232
432.152
431.018
432.962
431.391
430.065
448
440
448
443.522
442.423
442.154
441.281
440.388
439.586
439.117
438.696
438.056
437.993
437.93
437.948
438.022
438.061
438.114
436
437.714
436.686
437.339
437.295
437.564
437.504
432
454.311
410.39
472.189
383.91
412
416.878
416.259
416.142
418.977
420.569
422.336
424.016
425.732
427.369
428.932
430.455
432.045
433.439
434.819
436.095
437.262
438.368
439.502
440.598
441.754
442.91
444.262
445.582
447.122
448.296
449.992
451.402
453.366
448
448.011
447.921
447.529
447.084
446.629
446.299
446.091
445.898
445.667
445.227
445.067
445.111
445.155
445.198
445.243
436
447.403
439.786
443.397
443.32
443.183
443.81
443.76
440
448
442.479
444.849
444.757
444.653
445.088
445.026
445.872
445.678
448
445.188
448.847
445.127
436
454.237
434.391
428
439.149
436.024
435.948
437.191
437.018
432
439.938
436
437.747
437.476
438.323
438.155
424
440.727
432.623
433.85
434.589
420
438.508
430.424
431.245
432.165
432.007
428
428
431.191
429.348
430.433
430.233
431.225
430.793
432.062
431.469
432.653
432.048
436
432.817
432
436
432.625
434.199
432.547
433.785
432.311
433.32
431.326
433.681
431.593
448
413.848
465.147
410.144
448
430.153
432.857
433.198
432.527
432.876
448
435.374
437.121
437.343
437.007
437.069
420
420
422.537
420.156
421.087
440
431.564
448
442.311
442.367
443.367
441.931
448
444.356
444.953
443.716
432
444
439.884
439.334
436
437.158
436.873
436.385
437.093
436.825
437.553
437.358
437.942
437.824
437.985
438.055
438.122
424
451.751
428
440.953
437.901
437.661
428
446.364
435.862
437.185
436.875
436.406
437.787
435.856
438.611
435.912
439.199
435.965
439.253
436.114
439.359
436.045
439.564
428
452.776
425.788
449.33
432.978
439.008
437.598
436.245
437.674
437.388
437.239
438.038
437.744
438.464
438.226
439.093
438.17
439.52
437.877
440
437.718
439.979
448
448
444.457
444.517
445.529
445.586
432
448.706
437.609
432
437.546
437.446
428
449.013
435.722
438.937
438.616
438.252
432
440.854
436.344
436.48
437.508
437.054
437.811
437.244
438.572
438.08
439.179
440
439.255
440.798
439.873
441.317
439.386
442.386
438.934
442.354
437.766
442.633
435.511
446.665
434.194
448.947
431.126
454.259
427.99
449.299
433.428
452
433.259
441.267
441.042
439.175
448
439.357
441.617
440
448
441.509
442.625
443.205
442.667
442.685
443.271
442.34
443.058
442.479
443.031
442.168
442.937
441.716
440
441.619
424
459.972
432
444.754
441.22
440.954
440.317
442.073
441.068
442.473
441.528
443.362
440
445.632
441.764
444.187
443.079
444.113
412
482.449
425.333
435.743
438.144
437.154
448
441.298
443.006
460
445.068
436
442.584
441.749
440.127
432
428
433.252
431.452
431.574
431.68
433.271
444
439.226
439.302
440.842
441.102
420
434.587
468
450.006
445.958
447.564
448.451
442.439
439.48
443.379
445.444
439.791
436.097
440.704
448
442.217
432
435.97
441.312
441.323
432.47
434.204
424
430.934
433.424
428
429.208
424
429.248
430.626
429.024
440
439.751
437.968
435.974
438.741
440.926
444
437.322
436.916
432
435.179
435.29
434.145
431.881
424
428.95
424
425.906
425.791
426.052
426.786
428
428.678
429.402
416
422.379
422.053
421.951
422.782
424
424.177
425.399
426.009
444
440.523
439.381
438.916
438.555
438.187
436.954
424
436
432
431.797
431.799
431.69
431.641
431.603
431.584
431.585
428
429.746
429.144
429.129
429.082
429.077
429.271
429.277
429.748
429.754
430.195
430.203
430.765
431.293
440
434.999
435.687
424
443.414
422.472
440
424.86
440.116
426.102
432
431.788
431.636
431.488
420
450.631
420.912
429.777
429.959
429.85
429.541
432
431.413
424
432
430.369
429.896
429.691
430.695
430.686
431.432
428
424
429.455
427.06
426.969
427.702
427.215
428.554
427.295
428.947
427.441
428.723
427.956
428.723
432
427.951
431.589
428.461
431.526
428.257
424
435.101
418.527
420
430.399
419.804
434.361
432
440
440
436.778
438.053
438.196
436
436.907
435.951
435.545
436
434.733
435.048
434.945
434.884
434.807
434.931
434.966
435.069
435.128
435.224
435.338
432
435.439
433.138
433.591
433.642
436
434.396
436.274
435.37
436.898
440
435.091
440.984
432
444
424.073
473.649
384.546
471.167
438.928
433.8
432
433.987
432.776
452
444
440
441.915
442.417
464
449.965
449.593
450.845
449.798
440
445.005
442.081
436
438.659
436.571
432
434.484
432.897
434.024
440
435.93
438.046
438.349
437.787
438.176
438.014
444
442.467
442.004
440
441.609
441.543
440
440.862
424
447.605
435.324
436.514
437.211
436.79
436.786
437.67
437.414
438.008
376
481.336
436.155
433.898
372
384
380
386.342
385.147
387.313
389.324
391.416
393.37
395.145
396.872
398.559
400.158
360
368
368.97
356
348
351.704
353.139
354.619
404
395.655
396.753
398.981
436
429.477
436
430.587
427.428
408
406.523
402.82
376
379.21
376.811
375.723
377.737
378.554
380.467
381.03
381.615
381.934
381.995
381.918
420
432
429.043
422.975
415.672
476
475.933
464.491
451.923
445.639
447.828
450.361
456
449.124
443.296
428
428.903
430.654
431.198
428.733
425.603
424.196
425.1
425.944
424.894
423.27
421.822
420
412
424
422.83
423.945
424.084
424.112
425.367
427.508
428.938
429.267
436
436
436.27
440
439.802
438.971
438.22
438.058
438.102
420
428
425.658
425.612
426.309
440
436.432
436.374
436
435.719
435.184
434.177
433.752
433.3
432.834
424
432
429.318
429.62
430.465
424
430.949
444
437.774
436.752
436.817
436.742
452
443.294
432
433.847
434.613
456
446.116
443.775
443.782
452
450.035
447.471
412
425.791
427.242
428.394
426.936
425.51
427.984
431.709
431.702
427.422
426.054
429.294
432.508
464
454.289
446.99
444.37
446.474
449.153
436
434.63
436.049
440
438.88
432
430.976
433.586
436.366
435.03
436
433.363
433.703
448
446.434
424
426.992
430.485
435.254
456
441.919
435.961
437.722
444.764
460
446.343
448
446.175
447.863
440
436.599
440
443.938
442.631
435.181
434.039
438.704
443.806
441.09
432.724
436
444
447.199
437.677
432
437.218
445.649
445.515
432.446
436
428
433.129
435.215
430.992
416
422.229
428.452
433.389
432
422.858
425.94
434.479
440.309
434.861
452
446.37
441.121
437.65
443.573
448.006
444.234
434.509
433.015
439.528
443.913
439.604
436
437.695
441.626
442.498
434.38
430.41
436.545
440.907
437.866
427.389
429.749
440
452
437.548
432.901
440.226
449.265
444.749
431.158
434.675
446.503
416
423.722
400
406.144
409.909
424
422.622
421.355
425.878
430.976
464
456.745
447.826
444.692
445.927
446.338
440.286
433.897
430.509
424
422.717
421.463
421
421.23
421.631
421.964
422.1
440
442.017
441.318
436.414
433.293
432.057
430.857
428.754
426.301
424.148
423.571
423.637
424.226
425.638
427.261
429.267
431.051
432.175
404
400
417.971
420.518
421.939
404
410.4
412.168
412.848
412.157
484
439.519
464
460.554
455.471
450.845
448.875
447.166
444.055
440.995
452
452
448.111
440
442.453
441.245
439.139
437.174
435.864
435.021
433.718
433.246
460
460
455.814
453.758
453.483
453.45
452
450.123
436
437.561
437.133
438.988
440.969
420
426.786
427.499
424
426.605
427.921
429.252
430.594
431.405
432.281
433.02
433.347
433.154
456
452.648
450.848
449.113
448.533
448.192
447.181
445.579
444.627
444
443.703
443.392
443.225
448
447.249
446.942
448
447.967
447.879
447.752
447.578
436
445.125
442.035
442.009
442.321
436
441.918
448
444.812
445.753
446.647
446.337
446.546
446.534
428
447.902
437.318
439.2
439.886
439.387
460
456
453.386
454.13
454.187
453.384
452.645
451.911
451.469
451.026
450.149
450.031
449.912
449.817
449.753
449.77
440
450.521
444.42
445.303
445.431
445.442
445.66
445.709
446.205
444
445.536
445.563
445.531
445.837
440
448
442.769
444.89
444.872
444.867
445.544
445.531
446.212
446.179
446.903
452
444.885
448
440
459.202
427.556
460
440
446.456
446.151
440
447.515
444.189
440
445.028
443.75
428
461.399
441.22
444
440
432
442.84
432
437.365
437.097
436.811
437.715
438.376
438.807
439.573
439.503
440
440.035
448
442.611
444.718
444.106
443.762
444.483
443.554
444.519
443.332
444.202
443.273
444.124
443.495
444
443.557
432
447.658
434.421
442.248
439.314
416
464.732
421.225
434.585
436.181
435.858
435.127
456
443.723
436
441.563
441.261
440.552
440.978
441.408
452
445.771
445.738
446.947
446.337
446.735
446.349
446.546
446.151
428
441.156
436.803
444
439.583
440.87
442.078
441.506
441.052
441.842
416
442.522
433.657
380
458.77
434.493
431.565
430.65
368
388
396.502
392.806
394.96
398.609
400.802
402.522
456
460
451.736
452.045
476
466.2
457.985
460.026
476
472
460.991
463.331
472
464
456.189
457.427
456
451.955
448.972
448.396
448.33
446.081
444.331
444.085
443.448
442.178
441.002
441.302
440.94
408
440.115
433.906
433.983
434.566
436.778
437.169
472
465.288
464.565
452
455.346
460
459.592
456
454.991
456.623
456.441
455.569
454.117
453.845
448
428
435.083
434.736
434.666
435.786
436.507
437.553
440
439.704
440.68
440.792
441.051
441.149
441.119
441.618
442.703
443.357
444.68
445.569
446.817
448.112
449.113
449.776
450.252
450.769
451.247
451.503
452.02
452.507
453.011
456
455.969
455.819
448
448.72
448.577
448.627
452
452.071
448
436
437.164
437.43
444
447.39
449.203
450.508
451.496
444
445.625
446.332
447.152
446.722
444
445.826
447.207
446.954
456
456.189
452.554
449.801
449.592
447.432
443.884
443.333
443.971
428
436.81
428
440
437.179
437.954
424
434.763
432.66
432.429
433.492
440
438.286
439.509
436
438.944
438.817
438.744
439.486
439.426
440.215
440.739
441.248
441.222
441.914
441.883
442.323
441.955
442.141
442.125
441.861
441.952
441.812
464
472
450.918
450.968
449.934
444
444.752
444.608
444.2
443.798
443.344
436
432
433.133
432.679
433.802
434.933
436.418
438.231
448
451.815
448
448.559
449.841
449.58
456
455.296
453.116
451.749
451.737
451.393
450.85
436
442.303
441.466
442.307
442.975
442.975
436
439.029
436
436.299
436.173
436.097
436.648
436.597
437.168
437.313
437.844
438.386
439.04
439.771
440
441.076
441.979
443.236
460
457.04
454.082
451.59
450.579
450.466
449.199
447.389
445.815
445.463
445.172
428
445.996
441.803
442.204
441.994
442.914
442.74
424
440.368
434.899
434.7
435.193
432
434.473
434.307
434.808
434.979
435.78
436.403
444
441.43
442.191
442.979
443.566
432
443.348
438.205
438.044
438.214
438.283
440
439.182
439.95
439.725
439.663
439.845
439.858
439.92
439.84
439.796
439.742
439.624
439.498
439.304
439.311
439.92
432
448
456
423.645
488.067
428.051
434.699
437.913
448
438.662
444
442.18
443.827
444.797
442.918
444.999
444.088
445.306
445.86
424
451.701
435.361
437.959
439.549
437.586
440.174
440.793
441.801
442.648
443.608
444.791
445.386
446.538
447.022
436
443.293
439.333
432
440.347
435.195
437.686
437.753
438.176
428
441.784
434.725
436.609
440
437.24
438.692
439.757
432
436
437.266
434.368
437.69
436.903
438.113
438.026
438.871
439.264
436
442.05
435.088
442.602
428
454.22
421.244
440
434.07
420
446.289
430.16
434.103
433.869
433.413
434.606
434.196
436
435.376
436.528
436.13
437.224
436.759
437.771
436
438.348
436
438.254
436.083
438.187
435.95
438.255
435.695
438.146
435.498
437.799
435.366
436.977
435.235
436.291
435.123
436
436.023
436.034
436.07
436.109
432
446.113
398.549
472.701
373.655
462.844
443.864
439.779
435.425
424
436.203
434.237
431.675
432
436
434.227
436.172
434.614
436.992
432
436
434.554
435.946
434.537
436.224
435.048
436.412
435.46
436.65
435.544
436.587
436
434.769
435.625
435.686
448
432.987
437.57
444
431.66
444.019
452
413.09
476.785
428.154
433.802
436.169
435.049
433.874
435.817
434.614
436.513
435.189
437.116
435.876
437.818
436.544
438.409
437.073
448
452
447.467
432
441.311
444
440.877
440.44
441.606
441.072
441.567
436
428
431.467
432.132
433.863
432
434.831
436.705
437.607
436
437.284
439.16
438.49
440
438.274
438.135
438.045
437.665
435.929
436.554
456
448.003
456
444
444.196
448
446.552
444.442
432
439.399
432
428
430.165
430.234
430.216
431.137
436
435.986
440
452
448
447.403
432
436.353
436.448
436.403
436.166
436.937
448
447.766
445.502
443.631
444.417
443.742
440.568
439.226
439.114
438.708
436.877
476
450.917
449.279
449.83
447.915
443.087
442.384
442.052
441.623
440
441.255
442.424
442.08
442.278
452
436
448.019
446.112
440
444.618
444.12
428
456.541
440.137
441.726
441.678
436
440.016
439.963
438.421
439.685
432
441.377
440
440
439.085
440.635
439.859
440.531
440.211
441.344
440.337
441.59
448
441.323
443.808
443.657
442.784
443.396
432
455.623
435.325
443.345
444
441.116
442.565
456
440.769
443.366
448
444
432
451.96
437.615
441.982
472
434.347
442.103
444.039
443.375
442.381
488
436.829
442.263
445.215
442.61
443.914
445.084
444.786
444.683
449.308
444.343
447.165
447.108
446.553
446.747
447.573
447.71
448.1
448.454
448.968
449.317
450.235
450.303
451.047
452.074
444
452.777
448.817
448.649
449.414
449.173
449.061
449.225
460
445.796
440
449.778
444.278
448.078
447.335
440
460.141
433.56
454.682
443.005
447.588
447.305
447.116
446.926
447.875
447.736
448
448.674
448.404
449.211
448.614
449.47
448.782
449.615
436
464.413
443.938
447.525
447.504
447.396
447.416
448.404
446.876
468
449.944
451.51
448
450.835
448
449.843
440
458.296
442.399
448.461
444
440
445.79
443.879
443.621
444.605
444.381
445.225
452
447.31
448.318
449.083
448.74
448.642
444
449.16
446.354
448
446.664
447.526
440
454.468
441.33
449.374
444.784
446.28
446.335
446.067
446.058
446.638
446.644
446.653
446.611
447.247
446.663
447.448
436
461.975
444
447.721
447.615
420
440
435.129
434.796
434.407
432
435.684
435.143
434.833
436.175
435.512
452
443.594
444.817
445.321
445.463
445.59
445.379
446.12
445.869
445.913
445.889
446.137
446.072
446.348
446.345
446.972
447.029
447.099
447.677
447.736
447.719
468
440
443.19
444.217
456
445.551
446.453
447.699
452
446.17
449.412
448.393
456
441.254
451.027
448.165
447.346
448.564
436
451.78
442.98
445.197
445.861
444.636
446.651
440
447.313
444.902
445.545
445.323
446.303
445.629
447.111
445.953
447.865
446.023
448.44
452
446.278
450.761
428
432
445.599
444
442.899
444.907
444.606
444.726
445.357
436
451.671
438.709
445.679
442.567
436
436
438.701
437.07
438.466
438.233
439.453
438.963
440.432
436
441.064
432
439.64
436.485
437.224
437.196
437.264
460
443.622
444.659
444.923
444.873
444.273
444.012
443.842
443.486
443.351
440
443.558
440.352
441.835
444
432
450.259
436.068
440.942
440.689
440.548
440.41
441.133
440.855
441.369
441.05
448
441.752
443.643
443.705
440
446.324
440
444.66
441.599
432
461.222
427.233
452.138
436.333
442.646
442.398
440.767
441.642
441.417
441.998
441.688
442.627
442.175
443.166
442.093
444
442.05
444.033
448
444.174
456
446.793
447.95
448.08
447.844
447.725
447.489
447.607
447.667
447.672
440
449.339
440.443
446.271
443.454
444.339
444.371
436
453.904
438.376
440
442.319
442.302
440
442.541
442.472
442.339
443.016
442.911
443.717
443.604
444.434
444.332
445.08
436
453.626
437.585
436
436
439.001
438.912
460
422.108
476.511
436
440.442
448
442.581
441.688
443.725
452
444.598
432
442.219
441.203
440
439.063
440.616
440.085
441.433
440.554
441.879
441.177
442.258
441.444
442.637
441.913
444
441.783
443.116
442.296
443.25
432
448.303
431.932
449.346
436
444.205
440
436
442.35
437.584
439.9
439.6
468
427.077
446.564
442.038
444
442.203
443.599
442.606
444.172
436
446.227
440.869
441.999
442.93
440.987
443.095
441.359
442.952
441.245
443.724
441.458
444.4
448
456
447.21
456
452.645
452.503
452.72
451.657
452.173
450.905
451.392
450.458
450.896
450.386
388
473.965
450.669
447.224
446.042
452
446.784
449.195
449.11
449.114
449.509
449.613
449.829
450.005
450.164
450.497
450.808
451.344
451.55
452.261
452.473
453.001
448
444
448.964
448
448.071
447.708
448.607
448.394
448.898
448.67
449.636
449.583
449.604
450.518
450.264
450.068
450.06
468
484
472
461.068
459.438
458.048
456.945
460
459.892
458.43
456.66
456.134
455.895
455.738
455.367
454.077
453.375
452.975
453.041
448
450.622
450.362
450.64
451.22
450.908
451.727
451.722
452.269
452.118
444
457.164
452.73
453.172
453.225
440
489.278
428.525
470.839
452.117
453.98
453.653
452.84
453.19
428
498.654
452
453.712
454.819
453.569
472
458.58
464
461.886
461.041
456
459.357
440
436
439.38
438.047
438.586
439.491
440.191
440.913
441.251
442.859
442.509
444.172
443.751
456
452.85
452.423
454.025
453.732
454.775
448
450.542
450.379
450.079
450.343
450.038
450.837
450.709
451.232
440
444
443.822
443.799
440
443.126
443.184
443.226
443.798
436
443.7
442.071
442.108
442.719
436
442.809
441.703
441.64
442.24
442.23
460
451.627
450.462
450.519
444
448.035
447.55
416
448.672
437.768
437.247
436.965
438.124
388
451.192
433.784
431.571
430.355
432.591
431.181
432.782
431.61
433.778
432.495
434.434
433.287
435.206
433.996
435.819
344
406.903
398.639
395.273
396.266
399.107
336
377.356
371.639
364
366.758
396
385.945
388.048
391.312
392.811
394.138
395.688
397.311
398.776
400.201
401.55
403.073
404.414
456
435.167
430.315
427.953
432
429.89
420
428
423.831
420.693
404
408.895
407.068
404.932
403.498
402.461
402.673
396
398.121
396.779
396.825
396.732
396.744
396.884
388
392.842
391.595
391.824
392.335
388
408
420
420.006
419.298
419.599
420.818
420.532
420.018
419.682
436
436.397
434.589
432.301
431.899
432
431.399
430.095
429.185
428.482
484
468.758
492
480.488
473.097
452
432
432
429.605
427.919
428.255
428.734
429.544
430.271
430.545
430.571
380
372
372.369
371.601
374.637
368
372.308
373.661
400
424
432.569
432
435.852
440.099
443.068
443.584
443.579
443.542
442.919
432
429.852
427.053
392
396.088
408
410.404
413.998
464
484
456
454.911
450.825
440.481
433.458
426.347
417.486
411.273
440
447.735
444.019
439.765
433.229
425.782
419.731
416.05
413.28
412.753
413.583
432
428
427.424
432
431.985
404
408.632
392
396
388
390.97
392.499
380
385.288
384.875
385.661
387.016
387.792
388.859
390.772
392.68
394.784
397.536
400.403
420
423.847
425.17
423.437
421.677
420.426
419.048
416.676
414.681
413.161
396
397.774
396.287
395.82
397.224
397.93
399.299
400.146
401.057
401.636
401.531
401.19
400.875
400.596
400.336
400.088
376
396.173
390.769
368
383.767
379.82
381.381
382.813
383.139
385
384.821
386.975
386.117
388.563
387.959
389.635
389.131
390.739
390.192
391.738
391.25
392.647
392.244
393.453
393.094
394.148
394.024
394.39
460
402.965
401.905
401.518
401.63
399.96
398.447
397.057
398.368
396.878
397.501
398.152
398.906
398.741
444
377.375
389.084
391.899
428
428
407.981
408.484
408.87
408.255
407.261
405.1
432
420.851
416.099
428
440
433.401
427.538
425.855
427.732
426.231
422.699
419.969
418.576
417.331
414.597
412.468
452
452
445.898
441.545
439.396
435.939
430.779
426.788
424.224
422.423
421.077
420.634
420.287
420.599
420.784
440
441.523
438.501
434.18
428
424.418
456
452.384
428
436
435.704
437.493
437.021
433.937
431.911
432.661
434.085
433.795
431.394
428.479
456
448.862
443.72
440.584
440.057
441.503
439.503
434.796
431.687
433.505
435.273
433.193
440
424
431.994
431.833
433.447
432.908
432.224
433.119
434.437
434.39
433.792
433.575
434.229
434.082
434.065
434.036
434.451
434.658
435.416
435.328
436.092
435.93
436.921
372
439.442
427.358
432
428.902
428.86
464
426.089
434.469
437.737
434.508
436.472
437.151
432
436.233
433.496
434.249
434.759
434.677
388
421.452
413.204
411.736
414.433
415.751
416.434
418.516
418.353
420.26
419.341
420.655
420.307
416
408
413.554
412.457
452
438.293
436.557
436.406
436.486
436.461
435.589
434.769
434.165
460
464
456.663
453.773
450.689
450.347
449.758
447.146
436
434.978
468
468
463.703
458.51
428
429.963
431.368
433.092
434.278
433.874
432.048
433.049
435.883
444
443.509
464
462.648
457.493
452.172
451.49
452.441
452.022
412
420.869
422.827
427.145
427.136
425.67
428.237
430.824
431.946
429.489
464
459.988
453.267
456
457.277
424
433.14
434.435
431.361
428.025
428
440
438.586
433.785
440
442.269
436.919
433.368
432
433.959
431.051
429.176
431.706
432.99
430.802
429.227
456
449.601
440.36
464
461.152
451.289
449.552
453.102
448.258
442.394
445.196
436
433.621
434.834
436.355
433.397
434.746
438.151
438.026
435.069
437.225
438.865
436.424
434.82
436.837
436.709
434.078
435.371
436.749
428
428
429.757
440
438.326
438.889
441.55
432
434.91
438.412
456
427.266
432.409
416
422.515
408
413.526
414.446
414.037
415.804
417.158
418.577
419.978
421.389
422.766
424.119
425.494
426.862
428.097
429.32
429.456
429.132
436
435.823
434.733
433.777
436
436
435.472
435.51
435.694
435.723
444
442.408
448
446.86
436
436.844
437.233
437.25
456
436
437.855
428
432.832
432.787
432.604
432.317
432.933
432.568
433.606
433.285
436
435.639
435.334
436.64
436.431
436.734
436.46
437.303
437.062
437.805
437.5
438.64
424
428
443.545
429.871
436.275
435.308
432
437.365
432.741
435.941
434.962
434.582
435.978
434.625
448
418.087
438.401
430.402
444
431.014
437.058
435.948
434.884
468
432.988
438.194
439.283
438.007
437.464
460
437.263
441.037
441.349
439.908
440.543
440.076
439.726
439.993
439.401
440.079
439.228
440.265
444
448
445.099
444.38
446
445.948
445.384
445.47
445.697
420
464.414
426.746
442.374
441.295
440.907
440.365
380
463.499
441.289
392
467.26
435.677
432.763
432.659
436
484
451.024
472
462.878
459.221
459.104
456.966
453.423
451.807
450.128
436
443.446
438.441
436.891
436.982
436.677
437.195
437.249
437.549
437.741
438.34
438.244
438.335
452
428
438.066
437.673
420
429.212
428.843
428.1
429.223
429.916
430.645
431.33
431.985
432.628
433.194
433.115
434.658
434.35
435.563
435.155
436.444
435.916
468
434.666
437.88
438.635
438.604
438.105
437.794
437.754
438.808
437.925
437.662
438.713
438.195
437.828
437.438
438.399
437.759
438.459
437.741
439.087
437.969
439.549
438.12
528
389.269
472
453.61
447.549
441.716
444.843
443.741
442.386
444.002
456
448.848
452
450.157
452.049
450.87
452.141
450.954
452.079
450.94
452.742
432
440.284
441.504
437.977
440.178
439.139
440
440
441.133
441.57
441.72
448
446.723
447.223
447.455
447.384
447.511
447.413
452
448
468
464
461.524
448
451.04
451.289
452
432
444.038
441.902
441.593
441.161
441.741
442.853
442.357
443.402
442.927
444.068
443.73
444.48
444.139
445.297
444.965
445.897
445.596
446.554
446.334
447.195
447.002
447.858
448.459
448.181
449.433
449.492
449.549
449.656
450.038
450.052
449.992
450.052
450.049
450.056
450.015
449.951
449.919
449.851
464
423.357
483.122
460
413.986
497.422
439.935
444.776
448.427
445.585
446.921
448.139
446.844
449.491
440
448.886
445.584
447.118
445.826
448.131
445.237
449.064
445.353
448.675
445.385
448.775
445.246
448.914
445.59
449.013
446.036
448.783
445.667
464
454.762
472
468
436
455.447
449.458
449.22
450.001
449.574
450.734
449.899
451.476
448
451.931
450.354
451.322
450.614
451.945
451.097
452.569
451.631
453.175
452.174
453.752
520
416.657
449.011
484
458.13
459.492
461.38
459.065
461.524
460.037
456
460
458.312
472
463.866
466.174
468.375
466.617
468.494
467.028
467.61
466.272
392
429.099
424.886
422.966
426.278
404
417.437
416.034
448
440.318
443.224
446.215
484
475.541
474.208
475.299
475.186
473.887
471.973
444
452.03
448.702
445.582
445.624
445.687
446.118
446.433
452
448.887
450.709
449.487
448.938
384
461.463
443.587
440.374
404
429.561
468
516
495.58
490.155
520
516.258
516
510.422
476
485.665
485.296
480.807
475.736
473.122
474.303
473.651
471.151
468.933
460
462.637
462.244
460.598
459.711
420
441.619
438.559
438.83
440.903
441.414
476
473.511
475.942
477.795
479.821
481.726
436
452.46
432
432.646
431.363
431.584
433.672
404
416.615
414.484
413.644
416.248
417.555
419.639
421.554
423.491
524
493.669
488
485.169
482.554
479.491
472
469.276
466.907
464.737
462.796
461.117
459.833
459.653
440
443.058
440.707
439.289
439.44
439.716
440.244
440.649
441.019
441.089
460
457.58
456.889
457.424
456.655
457.958
448
451.061
449.972
449.821
450.585
450.851
451.914
412
453.579
444.204
443.862
443.771
443.839
445.117
392
440.075
430.388
429.114
427.79
429.86
429.454
460
447.189
500
484.449
481.429
482.383
482.63
479.882
456
448
440
438.905
436.622
436.807
437.317
437.952
438.492
439.269
439.968
440.68
436
452
447.09
484
464
463.64
462.898
460.801
457.468
444
445.594
444.104
444.259
444.47
444.54
446.176
446.233
446.446
396
456.721
440.836
439.381
438.001
364
445.087
431.518
427.312
376
411.543
408.589
404.452
403.591
372
390.845
392.764
390.13
388.449
389.803
392.609
394.571
395.208
396.097
416
428
421.562
417.097
417.498
422.143
420.745
417.011
432
426.776
408
412.947
414.691
396
396
397.508
396.748
395.451
397.128
399.076
398.829
397.569
464
429.399
426.23
427.756
424.987
418.867
417.169
436
431.348
425.419
408
413.328
417.728
424
416.83
413.049
416.189
420.56
418.317
420
416.912
416.761
417.573
428
423.792
419.279
417.395
419.183
421.165
428
422.573
415.686
417.449
424.058
426.851
428
416.357
415.547
412
417.623
428
436
416.817
413.85
417.251
429.533
428.353
418.322
460
444
444
433.599
432.716
434.898
434.869
427.759
421.664
424
426.527
426.097
420.751
418.445
421.16
424
422.759
417.859
424
427.77
440
428.511
452
448.814
438.354
433.308
436.645
438.039
431.043
428.148
433.455
428
423.613
424.97
430.301
431.266
424.021
426.578
432
424
421.315
424
426.509
422.674
421.328
426.76
412
416
432
429.418
423.192
426.91
492
416.821
420.438
424.603
468
425.29
448
443.416
438.557
435.347
437.1
436.177
432.713
431.238
432.85
431.305
429.638
428.944
430.296
428.793
428.855
429.668
428.331
429.786
420
425.467
423.86
423.828
425.087
396
453.829
428.664
428.278
428.149
476
428.513
434.557
435.481
434.653
433.564
488
460
452.126
450.45
449.466
448.511
445.869
443.605
441.874
440.381
439.031
428
432.782
429.769
430.087
429.977
430.773
431.292
431.779
432.336
433.701
433.263
435.029
420
437.659
432.315
431.438
432.21
432.642
433.458
434.277
434.867
408
450.169
435.452
434.405
434.382
434.174
434.806
432.608
436.119
424
452.459
424.687
433.04
433.581
431.918
380
449.062
408
413.97
416.386
414.932
456
437.097
444
439.901
440.671
456
449.23
446.266
448
448
445.559
445.422
444.453
444.007
400
428.126
400
407.515
408.94
405.694
408.143
408.402
409.845
409.917
410.364
410.835
410.88
411.085
411.188
411.419
412.952
412.39
414.189
415.354
416.641
418.152
419.626
440
448
446.289
428
428.216
440
440.847
439.259
436.008
432.901
431.675
432.254
432.75
416
417.189
417.865
440
452
444.988
437.986
436.235
468
469.352
461.078
450.157
444.794
446.202
448.974
446.129
438.763
434.441
436.375
440.326
420
423.205
424.879
420
421.374
421.752
423.579
412
415.607
416.847
417.584
416.196
416.353
418.537
420.756
421.022
421.379
423.29
456
432
432.639
433.321
432.815
430.752
429.315
430.567
429.846
460
445.158
442.323
441.347
440.917
440.327
439.31
408
425.439
422.43
424
423.429
423.394
424.819
424.482
425.285
424.943
425.686
425.354
426.107
425.68
412
422.121
419.349
418.845
419.613
419.596
420.683
472
445.535
443.627
468
459.884
456.749
455.388
455.466
455.003
453.357
451.791
450.928
460
457.205
455.555
444
447.499
446.737
445.135
443.613
443.114
443.637
442.822
443.472
442.871
443.61
443.867
444.218
444.35
444.654
445.17
445.412
460
462.061
460.96
458.843
440
441.976
441.533
443.472
445.525
447.057
432
441.027
432
428
430.601
444
443.734
443.926
424
428.844
431.438
444
432
432.947
434.282
437.989
439.684
452
445.982
442.091
442.136
436
437.859
437.464
436.091
436
434.701
435.717
435.684
435.452
433.817
432.558
432.431
452
440
428
432.38
433.206
433.686
433.372
440
439.937
438.075
436.984
437.839
437.688
435.854
437.222
439.601
433.978
440
441.326
431.469
441.928
438.01
430.889
440.879
400
468.328
428.746
388
415.682
414.989
413.919
418.151
420.001
422.251
432
430.093
488
467.48
460
476
471.516
468.032
452
457.114
453.934
444
446.079
436
437.927
435.841
435.223
435.48
436
436.413
436.499
444
442.094
442.473
443.538
442.399
442.795
436
440
438.705
439.002
432
436.941
436.155
452
449.151
449.306
449.666
448.884
448.694
428
441.845
437.416
437.298
428
437.004
424
431.878
431.237
430.986
431.807
432.526
432.761
433.69
433.823
372
368
411.213
406.552
372
394.393
393.78
396
399.325
401.988
403.913
406.055
408.036
409.696
411.284
411.373
413.499
413.283
480
451.748
452
448.615
446.151
444.222
441.196
437.836
434.472
431.298
428.675
426.153
408
400
401.387
399.613
399.902
416
415.127
417.836
408
411.823
410.434
409.092
408.952
408.469
428
425.287
426.715
428.726
448
449.505
448.719
446.224
445.535
444.999
442.839
440.195
437.603
435.523
428
426.788
425.614
425.075
424.804
424.985
425.587
384
432.083
421.794
372
430.146
376
372
381.464
381.777
372
376.16
372
375.548
376.605
377.624
378.65
379.691
381.136
352
356
357.587
356.28
357.39
358.751
360.321
362.008
363.731
365.502
367.177
368.849
370.4
370.469
372.802
373.288
424
397.762
395.122
393.629
448
423.135
413.788
410.628
412
408
406.104
403.778
402.084
400.582
398.868
397.31
395.96
468
426.93
421.774
418.235
416.279
413.285
409.658
408
404.85
402.692
402.137
484
423.349
421.3
419.791
417.377
414.854
412.916
460
432.407
426.646
424.066
423.402
423.116
420.992
419.276
418.086
418.014
444
434.142
430.207
427.913
427.559
428.233
427.187
425.645
424.343
423.735
422.63
422.131
422.789
422.542
422.395
423.196
422.825
423.686
423.072
424.071
456
456
425.605
425.64
424.507
424.281
425.028
424.592
424.414
424
425.523
424.937
426.285
425.841
427.246
426.808
427.874
427.438
427.384
427.349
426.969
426.826
426.552
426.48
444
433.465
431.489
431.524
444
440.621
438.931
437.714
452
456
449.855
446.843
447.972
449.45
447.873
445.35
444.202
445.605
445.911
443.974
441.744
442.194
443.548
443.322
441.749
441.285
441.667
404
404
423.223
426.18
427.25
429.753
432.378
433.689
433.182
434.206
434.67
434.902
434.876
435.013
434.702
380
395.413
414.47
376
376
380.839
379.831
382.925
386.148
388.469
391.109
388
392.31
394.615
396.709
398.505
400.56
403.123
405.522
407.824
410.043
412.181
414.168
416.129
448
439.672
434.02
429.822
428.389
436
433.986
431.192
429.073
427.568
426.489
425.029
423.25
421.151
419.699
418.512
417.444
416.658
416.124
416.013
368
421.252
328
328
366.743
359.582
358.639
336
336
344.485
345.658
346.468
348.28
332
341.371
343.267
343.64
344.913
346.18
347.838
349.587
351.274
352.887
354.52
356.187
357.856
359.519
361.269
362.525
364.097
362.995
361.793
361.012
360.813
360.578
360.204
408
384.419
379.367
377.149
376.09
374.874
408
392.585
385.543
382.751
381.975
396
392.758
388.796
385.429
384.045
384.976
385.27
384.01
376
375.65
375.521
375.434
374.772
374.096
412
394.029
390.625
389.063
389.03
387.498
384.25
381.25
384
384.727
385.479
384.497
383.303
384.448
385.979
385.38
432
388.529
389.796
424
407.706
403.94
401.796
400.912
400.604
398.579
396.369
412
406.193
403.906
402.529
403.056
403.042
401.836
424
414.054
411.142
392
396.064
392
393.567
393.018
392.862
420
413.424
409.852
408.653
408.242
420
416.711
413.113
410.917
410.956
409.786
407.344
404.929
404.561
404.183
403.756
403.33
403.614
404.093
404.51
404.951
405.583
405.743
406.163
405.924
405.696
405.674
405.678
405.634
420
416.911
414.127
412.558
411.079
409.941
408.869
407.754
407.369
406.986
406.666
406.308
405.938
405.647
405.357
405.076
404.82
404.594
404.863
404.558
405.121
404
412
409.563
409.496
409.559
409.487
408.749
407.788
407.556
407.474
388
392
429.115
376
372
374.632
376.314
377.079
378.981
380.582
382.217
383.846
385.362
386.927
380
385.664
384.581
386.203
386.082
387.757
389.088
390.488
391.98
393.419
394.719
395.848
396.813
397.618
398.463
397.888
397.523
398.438
398.091
397.76
397.431
397.306
397.188
444
383.572
388.096
389.852
389.37
390.566
392.036
393.339
394.595
395.693
396
384
392.283
404
391.439
395.006
420
444
415.535
448
435.491
431.682
428.991
425.506
432
426.802
424.338
423.178
416
416.102
414.658
413.226
408
408.339
408
406.686
406.652
406.618
407.061
407.357
407.588
408.129
408.574
409.016
409.468
412
412.146
414.278
415.744
418.691
421.439
423.666
425.239
444
444.966
444
440.287
436.645
434.599
456
448
445.705
441.061
438.79
439.682
441.719
424
420
420.697
422.085
422.946
436
437.525
432
430.997
431.304
424
422.822
422.338
422.473
422.883
384
408.516
406.544
405.931
384
397.451
396.343
395.27
398.183
400.109
401.268
403.322
404.827
406.614
407.538
408.69
408.896
444
436.041
433.82
432.37
431.998
432.554
431.178
429.713
428.743
428.036
427.06
420
421.661
421.052
420.347
419.65
419.527
428
427.308
427.201
427.069
426.881
432
428
428
427.689
426.377
425.46
424
424.15
424.408
424.782
440
434.334
433.044
433.07
432.066
430.59
429.202
424
424.38
423.979
423.928
424.79
425.283
432
432.889
431.61
430.942
429.103
440
436.622
433.354
432.278
432.324
432.33
430.538
428.396
428.062
436
434.431
432.892
431.257
444
432
431.729
432.972
433.275
431.246
429.083
424
428.51
429.501
429.412
426.265
427.434
431.455
431.549
436
430.227
430.133
434.558
435.509
431.296
428.5
432.448
434.48
431.347
427.577
430.535
424
412
417.596
422.018
408
416
417.896
418.822
417.258
420.285
422.485
421.936
420.532
422.727
423.875
421.882
424
425.014
424.494
432
452
447.36
442.614
441.224
452
449.262
445.838
436
440
441.286
439.264
435.928
435.214
416
422.799
422.314
424.191
424.411
424.003
426.066
380
418.303
411.881
411.099
364
393.476
391.736
360
372.118
372
388
381.855
384.64
387.63
389.597
380
385.841
386.366
386.508
388.076
389.517
391.222
392.78
393.817
408
403.664
408
405.274
405.994
406.723
405.128
403.808
403.844
403.268
402.709
402.556
402.382
376
384.299
384.022
392
396
397.422
398.498
398.748
398.311
397.919
397.544
397.085
396.918
396.85
397.178
397.072
397.97
398.015
399.231
399.505
400.669
401.458
402.21
403.121
403.972
428
420.832
408
408.131
408
408
400
392
395.8
397.605
402.529
405.049
406.593
407.442
407.072
404.545
402.115
400.038
398.002
428
416
411.02
409.916
409.565
405.686
400.972
392
393.005
393.829
396
399.514
403.92
404
402.047
428
419.772
415.71
420
415.906
410.363
408.918
407.527
404.483
408
412
409.401
412
411.806
409.545
408.664
408.382
406.704
444
426.023
423.925
422.771
420.681
418.288
416.183
414.403
413.022
412.501
412.212
411.857
412.389
412.399
412.915
412.721
413.635
408
413.687
411.863
411.582
412.551
412.246
413.475
413.198
436
444
429.09
428.067
428.024
428.097
416
418.062
417.38
408
413.431
412.253
413.768
414.783
415.108
416.221
415.954
416.485
416.225
416.004
460
456
440.115
436
433.269
428.849
424.715
421.815
419.971
419.297
419.334
419.65
404
400
401.171
400.395
402.189
403.007
412
413.858
416
417.831
419.276
420.06
408
396
397.685
396.917
399.322
401.988
380
393.097
392.19
393.727
395.748
397.848
399.536
400.802
401.981
403.109
403.275
403.64
403.215
402.805
402.317
404
403.475
403.087
404.076
403.782
404.356
448
460
442.068
437.242
440
438.72
440
437.13
434.105
431.479
429.733
427.911
425.937
444
446.084
442.171
428
426.567
425.972
425.338
424.098
422.465
421.268
421.573
421.848
421.408
412
414.464
413.956
414.759
416.039
417.704
419.765
421.981
424.387
426.651
428.757
430.303
431.136
392
400.945
392
394.315
395.831
398.665
401.42
404.157
416
419.495
428
429.521
428.4
428
425.023
424.659
440
437.751
436
430.142
428.552
427.858
424
422.56
421.182
420.23
416
417.124
417.07
412
408
408.736
404
404.906
404.971
405.054
405.532
405.998
406.671
407.442
408.694
410.37
412.559
424
430.862
434.36
437.443
416
417.627
417.944
419.08
420.034
419.522
418.829
418.514
418.206
417.89
417.452
404
406.813
406.709
408.686
409.995
410.992
412.175
413.208
413.292
413.082
412.889
412.752
412.643
412.492
412
412.665
413.22
413.953
414.904
412
415.362
415.266
415.019
404
404
417.045
410.208
411.882
412.079
411.637
410.91
412.483
408
408
411.306
416
416
409.772
416
413.363
411.447
410.319
415.602
411.099
408.767
414.816
411.305
407.947
392
392
395.23
396.324
397.089
376
376
377.192
368
372.302
374.039
376.339
378.786
381.244
383.998
386.927
436
433.686
428.706
424.456
421.109
415.327
408.451
402.692
392
388.781
392
394.836
398.093
399.863
399.09
396.874
394.343
416
420
415.869
408.153
401.115
398.143
396.969
395.737
393.511
390.769
388.794
420
424
422.803
416.51
410.701
407.642
406.498
460
446.672
433.704
422.288
415.887
440
442.713
440.416
428.669
420.103
419.133
426.127
432.251
424
415.294
410.365
412.927
421.399
428
421.477
413.539
409.786
415.416
431.219
432.078
422.532
414.264
413.184
421.258
431.177
428
417.633
412.32
415.128
426.935
431.768
425.092
408
409.516
415.656
430.121
430.089
417.426
409.095
411.794
423.827
432.868
426.858
412.335
408.614
432
435.255
431.441
428
424
420.928
424
416
410.805
406.242
408.883
404
406.292
404.475
400.977
402.506
404.682
396
397.453
388
390.484
390.882
391.658
392.116
392.519
394.307
396.005
398.164
399.855
402.012
428
424
416
415.47
415.52
413.64
410.751
388
392.739
393.151
395.803
397.792
399.965
402.01
401.773
400.788
399.899
416
416.677
410.733
405.155
404.887
420
418.194
424
412.871
407.513
409.061
412.234
413.531
410.191
406.181
405.015
420
416
413.662
407.875
405.33
408.813
416
414.263
405.76
401.689
405.145
415.097
415.711
408.285
403.122
405.754
418.443
417.635
410.378
464
408.78
406.351
408.787
412.548
414.87
448
398.348
403.492
448
410.299
411.432
415.038
412.55
410.395
436
415.161
414.06
416.217
413.872
414.52
415.695
415.589
416.519
408
413.896
411.505
412.688
428
417.026
419.34
419.321
417.65
418.877
412
416.115
408
411.074
411.689
428
413.337
415.584
416.04
415.817
415.361
415.49
452
386.656
424.629
415.712
464
426.259
452
437.407
435.733
436.401
433.956
432.295
432.548
431.246
436
431.882
432.307
432
436
436
432
434.096
433.541
434.015
433.321
434.27
433.81
434.888
424
428
427.024
436
431.614
444
440
438.545
439.323
438.864
440
444
441.2
441.301
436
438.68
428
436.042
432.332
433.358
433.859
433.813
434.476
434.472
435.172
435.094
435.762
435.68
420
428
420
428
416
425.686
422.928
423.699
424.449
416
423.462
421.487
421.858
422.594
422.467
423.345
423.283
424.112
424.088
424.883
424.857
425.599
425.593
426.298
426.309
420
424
422.224
428
424
424.513
424.795
423.972
425.483
408
441.812
400
453.739
411.68
428
427.287
428
425.264
425.848
412
433.303
424.789
392
450.811
421.154
420.849
421.211
421.321
420.46
422.001
420.68
422.326
421.106
422.774
421.679
448
434.291
432.214
432.889
433.122
444
438.043
436.559
436.121
435.2
434.448
433.491
448
441.094
448
444.948
444.914
444.849
444.678
444.491
424
439.736
424
429.424
429.444
429.407
436
432
433.375
434.067
434.108
434.717
434.684
436
435.918
432
435.601
434.343
434.646
434.593
428
434.553
432.192
432.031
412
445.673
429.934
429.892
430.514
430.238
429.837
380
457.727
430.693
427.921
427.382
440
452
436.615
436.014
439.113
440
436.719
435.099
437.161
435.275
433.88
434.832
433.673
392
392
402.215
400.193
402.694
406.205
408.086
410.061
411.662
412.154
484
464.757
456.257
454.129
451.387
445.198
440.435
437.134
434.088
431.181
428.767
427.185
425.69
444
439.882
437.803
436.45
434.981
416
412
410.628
396
399.364
398.074
428
427.538
424
426.446
428.058
429.552
431.657
440
442.181
442.911
436
436.638
424
422.81
421.103
420.041
420.753
421.519
428
428
429.298
429.021
432
428
427.566
427.374
425.967
425.249
436
434.619
436
433.893
436
444
442.89
440.363
438.308
438.598
438.89
438.412
436.964
436.123
436.058
435.985
435.891
416
420
416
417.219
417.666
419.143
420.153
421.579
422.77
423.99
425.1
426.29
427.426
428.929
430.244
408
416.562
415.895
415.42
417.321
417.378
419.205
419.752
421.028
421.446
422.631
412
412
414.662
408
414.331
413.623
412
415.27
420
424
422.464
422.705
423.975
432
428
426.574
426.944
426.876
425.43
424.269
416
417.968
417.697
420
420.004
412
415.828
415.886
415.859
416.109
416.09
416.782
417.107
396
412.168
408.522
408.325
364
428.493
412.299
409.32
408.43
409.088
410.726
472
438.212
433.531
432.439
431.612
456
440
438.312
439.449
438.225
435.979
396
415.367
380
376
376.829
376.905
378.38
379.804
381.368
382.75
383.704
384.487
384.992
386.224
386.496
387.717
388.701
389.905
391.144
392.936
394.553
396.231
397.979
399.709
401.7
403.491
480
442.197
435.893
433.468
431.065
468
452
445.148
442.061
441.581
442.645
441.077
439.079
437.208
435.867
434.72
400
412.438
410.96
409.684
410.065
410.073
410.821
488
457.347
451.218
448.831
446.164
441.084
456
444
443.398
436
435.244
434.006
432.452
432.041
431.783
431.89
431.909
460
453.227
450.065
447.824
446.516
445.443
444.098
440
438.97
437.88
432
433.031
432.536
420
420
424
423.912
426.789
440
445.81
436
438.27
444
428
432.806
433.382
430.837
432.245
440
444
441.469
442.982
432
433.645
434.438
431.53
431.335
433.025
431.133
429.778
431.012
430.848
416
424.903
425.059
422.98
424.951
426.406
448
443.029
441.257
464
458.346
448
449.195
449.873
445.11
448
449.391
446.052
436
439.647
440.021
437.138
436.504
476
467.506
461.578
461.59
459.264
452.832
449.584
447.965
444.249
440.73
440.669
440.319
439.704
439.998
472
463.219
456
455.874
452.955
446.761
464
461.409
455.936
455.877
455.358
476
470.282
466.272
464.218
464.429
452
453.877
453.799
412
437.717
435.545
396
408
416
412.054
414.206
452
447.078
444.905
451.1
451.89
456
448
450.553
450.525
446.849
444.92
444.562
420
428.121
426.851
416
421.691
424.05
420.62
423.397
425.846
422.861
423.214
423.671
422.315
421.579
421.889
424
423.635
424.727
425.39
426.83
427.35
460
454.695
484
478.914
472
469.054
467.885
464
461.167
458.287
456.324
456
454.538
468
467.228
466.024
476
474.724
473.462
472.325
470.532
469.236
467.738
476
473.483
472.254
472.314
452
459.2
457.981
458.149
459.424
460.939
462.016
462.896
463.598
464.24
464.718
464.733
464.754
420
446.786
396
452.653
439.233
392
452.51
437.577
412
423.418
425.556
423.895
425.946
484
467.848
464.581
448
454.335
436
441.37
436
436.853
436.762
436.524
437.65
437.442
438.437
436
452
442.983
484
465.657
448
449.228
449.251
446.143
443.713
442.482
441.428
440.546
439.858
444
436
440.668
439.965
440.354
441.443
440.611
442.344
441.636
442.502
441.868
443.278
442.672
443.812
443.261
444.215
444.307
445.102
445.694
446.37
444
446.753
445.19
464
452
450.547
450.29
450.197
449.795
449.451
449.224
449.065
448.906
452
449.985
449.919
450.868
450.657
450.396
452
451.42
451.089
451.895
451.406
451.399
451.328
451.493
451.009
452.065
450.094
460
437.934
496.27
396.036
486.296
457.287
450.083
448.722
450.416
448.962
450.392
449.054
452.006
432
499.084
441.352
447.912
449.423
447.144
447.597
448.7
448.471
464
454.779
456.186
457.639
455.328
457.723
454.796
457.099
453.996
455.952
454.214
455.029
456.096
456.345
452
456.505
453.985
456.042
453.905
455.66
454.019
452
453.366
444
464.674
441.124
467.007
444.586
461.478
451.133
476
468
463.29
463.301
464.042
463.942
463.579
463.379
463.268
463.207
463.164
463.15
463.172
463.203
452
459.949
457.33
452
455.385
456
455.202
452
452
452.841
452.812
452.843
453.507
453.539
454.415
454.346
455.823
388
527.077
420.05
439.005
447.517
444.472
443.19
445.135
447.022
448.564
472
461.463
459.656
452
457.666
457.466
455.358
448
440
444
448
443.817
443.589
448
444.929
447.155
447.425
447.435
448.48
447.242
464
461.153
456.464
454.921
456.046
455.376
451.985
450.039
468
464.081
461.065
459.602
460.455
459.529
456.796
455.191
455.084
454.929
453.313
452.915
452.754
452.663
452.477
452.227
468
458.057
454.568
455.387
455.953
454.624
453.195
454.868
455.531
455.129
453.168
454.609
455.496
456.281
452
456.393
458.811
455.143
452.005
459.697
455.74
432
495.951
387.202
483.721
465.272
459.12
453.427
455.824
456.74
432
468.343
456.918
453.071
450.748
464
457.276
454.227
456.965
455.008
455.802
455.575
456.178
454.373
455.54
454.25
455.04
454.004
454.433
