750
781
750
703
696
726
860
937
805
734
719
734
758
836
852
859
766
773
789
836
805
789
703
719
711
726
735
703
734
797
852
773
750
781
789
813
734
727
765
805
785.369
751.683
747.196
768.953
773
759.016
736.064
738.484
760.174
770.095
755.093
719
711
727.159
742.284
742
729.387
718.803
804
817.71
813
750
758
774.671
785.659
771.832
671
690.983
708.165
656
680
695
719
797
787.173
771.966
789
813
802.647
786.386
703
712.996
695
711
695
719
723.316
727.056
750
749.188
805
796.48
788.037
786.345
782.527
688
700.895
699.856
656
662.901
661.835
710
716.073
766
750
750
750
743.754
711
711.788
672
675.695
664
663.969
773
769.725
750
734
729.616
723.018
656
661.599
617
617
615.505
618
619.28
621.939
625.657
629.54
672
678.536
681.392
683.99
689.218
692.41
797
851
774
742
737.11
672
656
641
634.237
633.86
635.51
704
722.305
720.85
719.47
718.887
735
718
750
745.253
773
782
828
823.611
813.939
807.336
802.139
796.457
789.602
727
731.053
718
716.577
714.367
750
756.623
761.038
763.945
767.033
767.019
765.643
764.386
765.37
765.726
766.032
765.779
696
707.404
688
690.446
696
698.826
718
704
750
753.297
755.487
695
705.743
664
669.126
656
656
657.112
659.518
662.616
727
750
789
804
794.614
783.855
771.81
750
741.193
733.65
727.999
723.309
719.303
844
758
756.487
760.11
763.811
789
765
797
795.042
805
793.935
789.947
788.248
804
791.2
782.504
796
790.373
750
768.638
789
781.785
777.31
758
765.332
766.753
765.912
763.282
797
773
775.045
776.206
777.11
734
746.467
789
742
805
883
852
838.929
839.87
831.223
817.898
734
745.969
749.204
753.124
695
706.08
716.802
790
750
747.605
758.6
772.475
770.363
758.087
679
694.326
701.457
710.697
709.5
695
688
765
774.865
763.007
774
726
730.611
735.523
703
704.388
702.958
705.399
708.047
708.15
707.552
710
704
679
683.021
680.955
682.33
683.519
685.614
688.342
691.551
640
625
610
617
609
611.882
613.936
617.904
622.086
626.354
648
653.254
657.134
660.006
662.127
696
695.403
687
695
688
672
669.987
679
680
677.413
676.628
632
640.818
617
619.867
618.89
601
605.003
601
604.205
606.004
608.318
611.165
614.076
617.048
619.8
618
625
617
640
635.632
633
633.732
610
609
609
608.186
608.017
594
601
578
584.545
584.212
586
578
580.659
582.164
584.029
585.409
594
594.542
596.795
598.48
594
595.836
578
584.078
583.819
586
585.241
585.993
586.966
587.774
588.539
589.091
578
580.285
579
580.214
581.123
582.172
583.342
584.498
585.386
570
575.592
555
563.62
555
562
560.956
547
562
563
547
562
571
568.95
569.687
579
578
578.707
579.199
579.683
579.96
580.135
586
584.301
571
562
564.503
564.262
578
594
593.271
610
625
656
656.634
655.909
656.276
680
678.854
649
664
672
668.092
664.417
664
680
672
648
650.7
649.414
648.101
646.249
646.09
647.361
648.426
649.321
734
729.405
758
754.672
750.235
745.385
672
703
719
715.099
706.842
701.075
711
765
954
889.326
843.607
750
774
828
827.905
907
856.264
812.939
798.524
802.173
828.067
841.36
782
820
781
735
737.34
930
805
734
742.307
750
756.415
748.983
747.918
762.61
774.552
765.401
757.534
762.204
769.655
768.766
883
839.952
805.553
774
779.066
786.765
780.689
836
820
808.881
711
720.717
750
765.444
766.401
711
715.197
727
746.917
805
786.371
750
742.389
843
758
746.933
744.602
734
743.945
744.233
735
735.08
738.823
742.512
680
696.532
680
686.794
671
673.701
727
724.008
723.496
727
731.665
732.153
729.638
727
726.495
725.261
696
703.017
702.108
735
728.821
723.959
718
750
747.049
741.968
703
711.324
713.524
715.245
712.098
743
740.337
773
765.123
757.512
734
733.993
758
734
731.285
727
728.835
711
679
683.679
711
715.703
716.844
716.686
720.028
750
751.789
711
696
679
682.149
684.676
641
633
640
644.167
665
669.887
673.913
704
711.468
687
688
688.748
687.494
684.397
657
640
641.868
688
690.966
689.426
685.997
686.055
805
795.637
774.723
756.801
750.952
751.659
695
693.284
711
703
758
797
784.387
703
709.126
712.785
717.431
714.376
843
789
735
736.818
744.26
750.114
739.486
728.07
781
787.346
770.263
748.356
781
790.674
772.909
711
719
739.087
747.882
727.982
724.081
738.08
747.933
741.339
727.636
731.085
625
657.185
661.363
648
650.671
652.577
664
670.047
680
664
679
672
675.23
664
657
659.38
659.339
625
634.236
618
609
594
596.536
594
594
595.264
586
589.08
593
594.881
578
583.353
586
586.7
587.927
589.248
591.211
633
634.561
649
656
657.636
658.321
657.68
656.003
653.285
633
617
615.443
617
613.785
609
609.158
609.227
609.202
617
618.017
649
652.732
655.854
656.962
649
649.457
656
653.646
652.061
649.721
648.833
647.82
633
633.464
631.664
602
608.59
594
597.819
597.922
600.653
603.508
609
618
617
633
625
640
638.529
617
622.027
620.871
593
594
602
599.608
600.156
601.105
602.218
603.258
594
585
602
598.773
617
614.892
615.633
616.82
617.588
625
623.298
622.786
621.898
621.499
617
617
616.803
610
617
609
609.359
617
616.467
610
640
635.77
680
679.164
676.93
672
688
687
682.39
678.587
657
657.512
653.383
650.522
647.247
645.588
645.334
644.687
644.039
643.79
696
703
703.846
672
672
669.754
668.946
667.246
664
663.787
664.164
665.033
664.534
663.334
662.343
633
633
617
602
617
617.085
602
606.714
617
620.661
618
609
613.396
615.69
617.121
618.106
619.692
621.078
621.578
680
675.622
670.466
668.181
669.416
668.372
664.277
774
750.429
735.231
758
755.765
750
741.648
737.149
733.275
727.182
742
758
748.906
743.359
805
750
752.994
796
780.883
769.026
789
783.595
774.618
750
760.3
756.785
758
753.189
750
773
765.75
759.38
781
776.462
867
844.058
830.697
825.203
781
782.1
836
827.709
789
790.447
781
828
819.162
805.066
795.836
803.172
810.017
807.081
797
787.924
797.09
805.077
803.339
791.764
813
813.447
821
812.037
812
809.965
789
820
781
788.353
788.394
1211
999.815
919.171
919.45
917.369
821
820.075
820.042
819.585
818.588
819.28
821.876
821.87
820.561
818.615
817.543
781
774
953
873.319
883
883.199
882.183
876.389
862.621
854.209
914
781
807.963
875
853.862
834.666
844.12
855.923
1047
953.449
907.757
911.854
703
710.722
945
844
843
839.215
1218
938
812
813.036
836.448
841.439
824.201
819.948
840.346
852.207
820
809.81
820.995
830.379
789
750
789
758
750
749.334
727
734.72
742
782
782.052
804
808.677
810.813
790
791.325
774
773.141
769.227
767.486
766
765.447
758
758.233
756.294
828
750
765
766.813
767.064
765.837
774
773.662
758
764.83
763.514
860
831.494
819.516
817.679
813.825
806.381
796.667
791.106
820
813.881
807.116
801.965
851
766
780.646
786.805
781.372
774
820
1250
906
790
820
797
781
836
847.09
835.799
830.467
839.772
781
805
750
750.503
750.216
749.758
749.3
748.842
766
765.897
765
727
737.832
734.382
733.37
732.521
733.362
735.682
737.956
719
726
727.236
730.044
711
734
731.501
781
777.863
775.881
727
742
740.336
711
713.354
712.505
726
696
702.121
703.729
705.888
765
755.78
749.497
765
735
734
774
750
742
750
750
726
727
758
742
738.027
740.335
742.679
738.843
742
743.169
743.683
742.445
742.777
742.055
741.848
742.692
742.492
742
742.328
742.569
757
752.666
726
734.453
750
747.65
797
789.098
782.347
778.043
773.647
769.47
750
747.653
758
734
738.15
738.669
844
830.084
816.229
810.201
789
782.962
775.032
758
754.67
753.162
765
782
828
825.901
774
773
772.735
774.137
734
737.889
740.115
744.56
746.613
747.567
751.018
828
826.905
773
750
766
726
729.508
730.519
733.906
736.504
739.501
742.421
711
703
703.066
704.475
696
698.248
703
706.8
672
680
687
711
750
750.638
718
719.56
711
710.869
704
726
727
724.013
719.856
688
690.782
689.123
689.63
562
571
575.473
555
562.164
563.159
547
553.752
555.536
539
546.562
547
548.712
578
594
598.777
603
607.123
726
711
701.483
697.678
711
710.497
711
706.901
711
709.592
672
672
665.426
664
657.74
633
635.628
631.262
629.298
629.109
630.835
711
719
734
736.535
738.275
733.819
726.954
719.682
719
714.566
709.727
705.147
664
667.611
662.119
659.033
656.876
656.904
658.976
662.049
665.871
930
841.436
809.22
802.813
792.183
771.28
748.333
680
674.867
680
683.259
685.879
633
639.98
642.89
645.646
646.322
646.591
609
628.614
629.832
664
671.594
656
649
648
652.479
652.712
633
635.767
609
614.305
593
596.105
595.063
596.083
596.716
594
609
610.047
613.242
633
633
625
632
631.681
618
621.328
620.566
620.625
619.944
570
570
572.167
570.655
570.838
571.708
573.77
576.6
570
563
570
578
602
603.614
605.615
610
610.241
610.073
609.182
594
586
586.245
584.236
570
571.302
571.917
547
562
563
547
552.512
553.703
555
557.247
559.645
562.193
564.576
566.543
570
579
577.296
577.861
578.315
578.771
578.942
570
570.372
571
601
594
633
648
647.795
648.205
649.523
648
672
667.505
671
668.933
695
691.052
688.803
686.917
735
725.506
711
711
750
695
700.148
701.002
656
649
648
644.429
648
641
644.387
646.911
649.879
656
688
690.291
693.409
696.553
697.722
703
700.877
698.54
696.264
694.322
691.888
750
741.15
719
703
703.663
702.335
699.513
695.509
726
727.13
725.774
672
685.842
649
656.009
654.239
703
696
695.29
695.433
688
690.211
688.041
686.364
684.52
683.154
687
684.95
685.506
685.226
633
651.484
625
629.546
627.622
586
570
570
569.383
569.416
569.805
579
601
607.629
664
648
641
656
680
678.696
673.939
625
641
636.446
633.202
696
687
678.55
673.328
672.237
671.674
667.906
662.457
718
719
711.58
704.397
649
662.103
633
664
657.406
664
680
734
737.57
730.427
711
758
754.415
746.874
711
727
725.294
721.263
703
702.715
706.075
707.865
703
699.216
696
664
676.445
677.924
789
775.196
766
734
719
713.755
709.874
705.743
696
757
765.751
760.241
747.201
766
767.93
765
752.532
750
735
734.781
732.683
656
674.877
676.044
695
696.846
687
691.53
696.822
703
687
691.077
692.485
694.836
695.384
695.679
697.033
698.319
711
750
739.75
735.139
804
914
889.891
805
851
821
806.688
793.153
791.213
758
758.534
753.743
719
723.47
720.822
722.262
722.744
695
700.626
700.574
687
688.302
719
724.095
726
742
747.538
719
724.756
723.369
721.289
718.077
717.14
717.186
696
699.69
703
743
804
800.591
793.316
785.977
777.975
770.33
762.583
727
724.053
680
682.188
687
693.248
711
679
686.19
690.201
694.342
697.018
698.814
703
706.478
709.016
680
656
658.075
664
666.788
680
680.023
680.898
679
672
641
672
640
646.657
648
665
664.071
664.945
657
660.4
703
687
684.87
683.533
687
688
683.64
672
673.15
672.299
672.266
680
677.931
677.565
677.512
677.618
750
750
740.198
733.319
742
739.128
733.299
727.133
703
719
714.852
672
678.142
656
664
661.955
664.335
641
641
656
658.25
648
651.967
655.365
658.214
659.919
648
656
655.982
657.405
656
656.582
688
687.053
664
648
641
640
639.666
633
625
627.318
629.744
632.898
635.483
637.544
639.025
640.489
641.598
640
649
664
663.63
663.169
663.198
662.586
727
719.372
712.659
672
675.041
671.254
668.596
664.951
662.574
648
633
635.207
635.065
638.353
641.152
643.921
672
675.737
675.187
680
682.704
683.215
633
644.13
617
620.651
619.117
619.803
621.41
623.388
625.372
627.21
628.51
629.579
630.216
630.381
632.481
633.977
625
628.914
628.805
648
657
648
633
634.296
634.501
617
618.923
619.336
620.412
621.383
622.373
610
632
641
648
649
648.11
648.443
648.255
647.558
646.72
645.999
644.933
625
610
609
608.599
609.75
617
617
618.745
619.838
609
613.179
615.116
617.748
619.06
609
625
609
613.223
625
622.731
594
603.152
586
601
586
578
581.825
594
591.56
592.579
617
617.284
618
617
617.702
617
625
621.643
609
555
633
608.584
617
608.341
607.706
820
733.701
734
750
766
750.109
680
694.041
692.696
686.215
675.36
640
657.503
641
641.901
640.449
735
711.789
700.462
735
742.802
735.868
703
707.254
709.437
703.578
697.007
688
689.752
689.353
685.958
735
729.325
680
680
685.358
672
673.47
673.741
675.907
677.97
672
664
667.294
687
680
679
680.167
664
667.776
667.607
668.818
680
679.445
679.988
664
667.084
664
664
664.493
665.303
666.342
667.219
668.103
668.951
669.411
669.724
665
666.208
640
648.518
647.155
649.881
651.303
641
646.882
648.098
649.887
650.094
650.788
651.646
703
703
696
693.824
692.789
691.042
687.311
683.106
656
659.084
657.55
657.464
656.172
656.165
656.768
657.327
657.702
657.908
657.911
658.624
672
673.237
675.13
675.823
676.487
676.474
672
703
680
688
687
685.771
683.62
681.402
656
641
617
620.289
594
594
594.595
596.783
599.595
602.811
765
703
700.986
750
749.74
736.975
734
672
677.418
641
641.258
635.441
633.041
632.115
631.773
664
663.215
680
678.614
680.043
680
679.601
677.466
711
726
721.723
695
696.5
688
685.504
681.421
680
678.256
677.702
678.907
679.964
681.3
682.52
656
660.113
660.519
661.775
687
688.423
691.515
656
664
662.86
663.234
661.44
649
641
644.604
646.786
648.764
633
632
635.204
633
635.026
635.748
637.299
648
648.145
650.643
656
657
657.06
656.798
656
656.091
655.355
654.871
664
661.258
664
662.901
662.352
625
618
618.341
617
586
594
586
588.99
586
588.706
591.323
562
563
566.494
570
570.783
547
555.839
547
550.169
547
554
563
547
562
559.854
560.963
562.015
562.917
570
568.632
569.294
570.019
570.771
571.444
571.842
554
558.448
558.93
547
548.824
550.035
563
585
579
579.018
593
591.116
602
599.063
598.031
586
586
584.73
583.567
581.918
539
539
555
549.435
550.027
547
549.093
524
535.016
536.303
539
539.239
547
546.533
586
581.681
633
640
602
607.476
603.744
586
585.901
582.199
580.156
578.427
576.491
571
570
569.313
568.018
571
568.778
568.225
569.077
569.549
586
562
578
576.079
577.678
578.638
570
563
565.867
566.427
567.065
578
586
594
592.402
602
600.365
599.976
599.209
598.577
597.485
594
593.76
593.519
602
599.599
599.512
602
601
594
594
593.76
593.519
602
609
610
610.457
610.297
625
621.569
621.354
625
624.541
624.313
624.142
617
625
617
616.778
618
625
623.763
623.559
623.474
664
649
640
641
617
621.161
619.524
672
625
631.665
633.528
634.252
656
680
673.246
668.882
672
669.7
666.917
663.099
660.403
658.351
657.507
648
625
630.206
618
620.818
621.427
622.835
624.557
626.286
629.57
563
570
573.007
572.666
586
593
610
614.571
618.831
621.566
657
656.815
654.855
617
625
623.002
602
609
607.584
607.375
633
629.908
664
662.735
658.966
656.822
654.724
641
641
637.91
637.19
635.685
617
619.702
625
618
609
610.046
610.438
611.378
618
620.037
622.882
625.603
628.227
617
602
606.5
606.643
656
653.052
651.497
726
724.489
688
690.25
689.722
684.553
678.635
674.337
671.98
656
648
646.537
643.751
656
695
691.198
685.83
684.842
682.824
681.064
680.042
678.743
625
609
610
608.476
602
664
671.524
617
627.257
631.174
633.727
631.898
632.225
634.158
750
728.424
711.95
735
718
709.771
711
704.245
698.185
692.984
690.135
686.837
609
610
609.764
602
603.977
604.872
607.083
594
594
596.24
597.986
610
612.725
640
646.33
651.282
711
703
688
703
672
674.495
669.295
665.248
661.805
659.043
625
630.739
656
672
648
650.711
652.531
654.335
653.877
657
658.132
641
644.436
645.068
625
628.89
630.081
664
659.989
659.203
658.968
641
644.416
642.513
642.215
641.513
602
617
615.991
617.659
616.898
617.695
619.331
656
655.207
711
708.577
702.243
672
670.312
671
666.212
662.059
658.553
665
662.726
661.506
656
654.957
649
633
634.131
633.634
617
602
617
617.245
617
602
607.189
641
644.658
647.785
648.759
696
700.27
694.078
690.082
657
659.301
654.757
610
617.359
615.887
615.711
615.944
617.348
619.624
621.619
649
650.211
649
649.502
672
649
653.471
640
643.514
641.826
641.165
640.371
639.654
639.263
638.871
638.788
687
682.605
678.364
672
672.474
671.498
668.78
656
657.155
641
643.466
625
625
633
634.744
672
656
658.85
659.108
659.423
659.926
671
680
677.923
676.935
656
641
640
638.303
638.585
609
616.587
625
627.48
648
641
633
636.457
637.855
679
680.13
676.029
673.318
664
656
654.236
651.005
625
627.899
627.581
628.324
628.718
633
648
649.833
650.011
649
648.941
664
662.81
662.799
662.577
672
669.923
656
656.934
657
625
631.36
630.417
630.54
631.258
632.438
617
623.201
696
690.209
684.011
681.984
688
672
669.541
656
657
654.669
653.21
651.272
594
615.529
613.953
610
664
672
669.154
680
683.023
781
771.078
755.749
744.478
738.317
703
697.612
689.508
672
668.905
664.345
661.754
658.309
625
631.032
630.798
632.185
632
618
622.802
649
632
635.277
641
664
667.493
668.139
669.633
670.427
656
648
649
664
659.881
658.799
658.472
658.505
658.363
703
701.886
699.141
696.517
696.048
694.165
690.646
711
727
722.934
695
711
708.956
773
760.628
747.48
739.182
737.625
820
727
734
766
757.184
744.623
739.36
758
797
774.212
756.831
750
758
719
725.902
731.911
734.797
730.018
680
672
664
666.276
670.395
674.256
656
660.857
640
625
626.422
593
601.293
578
582.648
578
562
566.252
564.491
564.351
571
593
596.534
601.997
606.402
610.768
613.679
680
719
714.974
742
744.569
679
684.085
677.244
670.183
680
674.929
672.01
641
633
628.65
624.03
621.281
619.044
618.822
619.949
656
662.029
656
659.295
633
637.566
635.673
633
632.552
632.737
633.516
625
626.363
633
625
626.083
626.829
627.608
609
613.063
614.581
615.877
616.839
618.839
586
598.9
578
570
571
578
586
586.107
578
593
594
595.367
595.742
596.835
597.44
597.819
597.972
641
648
657
664
663.52
663.904
661.695
625
618
614.063
609.804
607.264
632
664
649
656
655.6
655.108
656
665
661.66
659.598
726
758
750.529
727
721.451
750
750.371
741.537
672
677.281
672
676.088
674.074
649
664
669.187
675.405
680
675.523
677.128
672
676.541
677.649
677.946
677.26
641
656
654.736
655.055
653.922
654.542
687
703
702.504
699.128
664
672
656
655.939
633
641
641.185
644.08
648
664
680
727
726.58
696
703
699.361
711
704.797
699.427
680
680.327
672
672
668.744
667.641
758
754.65
743.52
688
703
695
694.292
689.108
672
680
682.164
657
672
670.817
688
711
710
704.103
700.496
700.038
656
663.674
661.991
662.014
633
640.394
641.341
643.843
644.69
646.784
649.66
650.894
750
695
697.138
699.442
699.71
695.254
688
686.777
683.688
657
671
665.676
687
678.504
665
669.016
867
799.521
767.264
761.268
594
578
563
561.855
562.406
563.766
564.961
571
601
615.216
626.203
630.413
680
687.821
687.98
688.406
695
695.111
641
648.752
643.529
586
596.201
593.082
588.199
585.594
584.361
584.113
583.786
583.834
584.393
609
617
621.747
632
633
637.292
641
640.259
639.63
638.26
639.296
639.594
638.637
633
632.559
631.211
625
633
630.021
629.937
648
646.282
672
664
688
688.525
688
656
664
633
636.054
641
638.699
638.23
638.851
639.966
640.89
641.73
642.356
642.863
643.291
641
643.068
642.947
644.575
645.646
688
683.929
681.062
648
652.622
609
602
600.749
599.819
602.464
605.464
609.79
664
696
765
762.61
719
757
748.873
773
711
714.131
718
712.491
706.629
700.549
696.535
672
640
642.955
636.639
636.117
636.304
680
691.379
688
692.609
697.844
700.964
702.288
700.121
698.333
696.494
694.422
692.042
689.854
679
678.06
687
657
640
633
632.781
634.642
640
643.718
618
625.777
627.3
625
640
642.266
656
658.915
661.274
661.929
718
704
698.798
695.783
694.423
820
836
813.892
867
750
755.548
718
708.125
700.056
697.085
696.723
698.382
701.337
704.308
707.382
758
761.335
711
750
744.302
745.798
744.195
742.03
742.716
739.849
820
801.814
789
734
741.456
718
727
789
1000
924.359
876.474
781
771.274
770.001
727
781
805
803.851
779.946
758
756.478
726
719
717.66
717.272
717.284
679
685.726
686.202
688.363
689.184
690.572
693.014
695.774
766
772.537
771.58
789
726
730.317
726.227
720.649
716.332
797
795.397
812
804.059
796.771
788.351
779.014
770.172
762.176
755.96
752.483
1211
1109
844
840.849
773
770.713
769.896
797
802.599
922
938
914.276
758
789
875
877.084
758
859
875
867
832.016
826.574
849.497
861.892
843.185
750
758
781.342
836
836
750
774
773
793.576
776.237
734
739.486
762.124
781.957
772.14
750.706
747.214
765.26
779.599
772.856
753.103
745.422
758.906
770.937
772.902
760.716
749.47
754.931
764.204
743
765
758
945
1071
998.067
954.402
938.676
924.672
900.556
874.837
858.238
937
1141
1082.62
1020.27
867
857.104
1023
907
861.676
1250
1164
1051.25
883
828
864.377
961.791
959.765
894.961
899
917.131
958.123
949.479
891.124
851
836
930
952.229
899
843
813
836.061
984
805
781
821
874.059
879.917
839.497
813.567
838.428
885.226
1047
940.726
812
815.821
850.551
885.556
858.924
797
796.616
1172
1038.1
789
776.929
891
936.89
863.288
946
1265
1085.45
851
849.492
923.887
883
820
819.756
873.372
917.566
872.105
922
960.223
949.803
877.66
843
867.953
1195
914
813
828
945
938.302
954
909.782
907.246
1211
1107.71
805
796
831.033
851
850.542
838.274
1079
875
859.584
883
902.02
1070
907
902.974
929.481
928.695
885.479
885.021
900.195
899.737
863.923
864.324
892.161
789
813
828.109
1196
1023.13
958.259
765
765.437
828
850.398
1007
957.845
820
811.163
829.724
891.297
901.683
873.019
804.912
792.458
806.306
797
799.515
796.797
787.718
786.164
898
906.09
878.195
852
841.342
797
742
741.176
742.55
774
773
779.914
788.62
797.112
836
774
750
750.857
813
820.851
815.74
797
795.976
804.012
810.543
828
810.232
797.753
852
858.97
850.258
825.574
1086
1006.21
929.918
820
829
842.773
781
778.974
851
852
816.876
812.867
843.867
858.278
822.346
810.674
836
781
774
781
789.958
781
779.655
766
774.832
758
750
751.752
782
780.132
779.969
750
755.914
758.821
828
822.128
766
770.73
776.755
765
761.797
781
797
789.879
765
805
828
844
820.491
807.826
750
758.763
763.233
765.827
762.747
758
760.835
805
811.776
804.324
791.763
787.369
792.294
795.872
976
920.118
781
844
860.145
845.028
816.746
812.144
883
883.326
1102
988.473
923.329
922.689
923.004
895.945
820
1047
986.536
916.511
893.924
931.956
939.221
961
1187
1108.01
828
834.736
867.315
881.832
867
883
922.589
929.623
889.497
886.193
901.613
766
770.638
726
726.269
695
696.716
697.92
701.276
625
641
638.533
625
626.057
641
641.966
641
645.419
649.04
651.4
652.692
654.899
657.065
659.787
661.836
663.726
665.442
773
797
788.579
782.589
766
742
750
742
738.445
734.059
726
723.238
758
762.487
758.718
751.253
745.561
741.243
735.577
731.25
730.547
711
714.051
727
730.895
734.057
735
736.005
736.987
758
756.77
753.045
752.594
752.877
711
718.941
717.065
716.941
687
688
718
718.069
716.889
750
753.897
749.492
687
699.769
664
668.447
668.446
656
659.023
640
645.301
625
629.222
629.973
631.928
634.32
594
609.272
607.307
607.253
606.85
657
659.42
680
683.011
685.169
773
758
747.357
741.371
757
752.678
744.636
738.082
734.835
729.849
725.018
711
688
687
682.36
688
686.79
704
705.734
710.208
680
685.291
688
689.908
696
696.487
697.772
703
703.092
702.404
700.97
700.105
700.138
699.804
734
789
783.516
775.831
769.598
763.293
757.76
751.498
745.814
741.611
738.434
735.648
733.375
731.715
789
789.177
783.514
961
926.827
899.619
894.878
821
815.021
801.769
793.761
789.111
788.484
992
950.2
911.326
903.912
859
1125
930
893.613
889.835
898
897.793
885.243
812
817.018
906
812
810.004
815.224
898
969
890.054
865.637
888.4
789
766
726
758
906
906.189
873.544
852
1172
1074.49
984.954
797
828
859.176
961
923.084
843
813.951
1039
868
829.671
828.81
750
755.602
1039
1094
958.266
901.405
1148
1066.87
952.284
875
899.338
947.186
852
838.681
871.02
1008
960.092
946
938.736
946.576
946.993
903.377
885.762
1008
1005.05
938.376
910.393
950.038
965.668
939.55
900.3
926.538
953.435
947.01
904.318
1125
1076.31
852
773
780.478
793.625
930
928.193
765
770.179
788.173
898
805
793.806
798.666
1047
976.902
813
799.416
821.642
867.485
857.833
804.075
799.514
836.153
875.47
848.808
801.589
798.093
930
930.566
868.609
819.189
860
922
918.221
855.023
805
836
820
789
777.67
836
844
789
786.193
758
773
778.804
776.761
771.151
778.476
828
828
811.728
802.361
906
1070
953
821
823.964
842.475
961
821
802.806
1172
1039
867
844.858
883.717
934.962
886.635
836
848.215
904.381
908.494
852
838.951
922
941.33
883.289
906
913.11
910.88
860
858.67
892.077
895.495
914
881.393
888.556
1062
1001.94
938.272
919.31
947.386
951.14
867
869.267
789
793.396
798.156
804.403
828
782
791.589
843
789
805
953
977
820
938
1000
941.728
813
843.707
797
794.345
795.608
808.23
742
844
845.112
852
805
819.622
985
914.158
856.941
855.274
870.781
891
855.853
875
886.368
953
899.331
984
980.023
937.627
797
867
902.417
893.523
883
1234
1116.98
891
914
961
882
875
920.569
961
968
875
900.527
934.767
924.445
874.701
873.897
899.444
903.967
875.609
1008
1007.08
938.011
925.676
952.22
949.175
911.129
914.93
1156
938
925.083
953
1258
1250
1123.04
1123.07
1108.59
1035.85
1035.52
851
1297
1125
1039.22
1045.2
867
883
902.8
851
953
955.124
883
867
877.486
1031
929
829
820
844
906
890.252
812
811.941
1227
1054
941.179
836
828
1024
985.197
892.115
968
987.075
1117
990.061
915.743
932.077
991.471
1039
875
861.571
896.069
968.326
875
883
920.377
1007
875
862.275
904.692
944.666
898.572
852.15
885.477
867
865.374
859
836
883
867
853.279
812
790
800.857
868
865.069
848.108
840.714
851.33
828
824.508
818.307
774
780.047
783.203
790.178
791.46
787.448
789.461
794.816
891
880.085
866.66
855.562
854.228
875
866.862
828
891
875
865.42
851.48
853.518
851
844.458
797
813.831
914
914
882.355
789
811.774
834.126
840.718
821.965
813
828.885
853.934
859
836.106
851
906
904.31
820
789
801.357
825.635
831.372
828
781
792.69
810.102
820.55
809.919
844
852.157
851.092
953
1008
975.589
836
836.726
850.282
857.04
846.56
835.784
868
882
829
822.361
832.318
805
805.05
806.979
812.254
815.619
816.623
1102
875
873.287
884.029
869.691
1133
995.735
943.724
946.359
943.141
1203
1056.08
975.261
978.29
984.642
1016
952.719
923.871
934.03
956.495
958.135
836
838.329
1032
1023.27
948.029
900.916
1242
914
812
819.644
846.095
862.705
858.415
866.689
903.498
1172
968
924.017
945.217
950.545
921.804
895.462
904.062
1109
1014.41
844
843.783
877.075
929
888.76
961
1211
1088.79
966.158
828
835.786
1211
1089.52
980.612
930
977
992
867
859.869
901.581
956.047
945.693
828
830.139
882.432
944.986
844
822.655
853.67
1086
955.331
869.049
871.003
914.839
829
812.243
829.323
1125
990.536
867
914
959.11
922.155
859
870.527
915.938
914.78
891
844
906
947.166
925.486
866.009
867.882
901.86
946
879.244
836
1273
1105.21
973.607
852
863.6
890.435
875
849.427
849.583
890.99
953
921.069
866.957
869.995
901.686
813
808.656
914
913.271
864.612
860.724
836
842
837.506
875
873.605
862.184
859.825
865.493
862.042
742
764.644
768.681
778.237
777.676
780.364
750
750
742
744.021
742
773
828
844
840.314
837.834
836.25
831.132
821.124
811.666
765
735
732.631
727
730.85
836
852.329
758
860
1172
1045.05
844
890
938
922.787
953
844
789
828
1000
1180
898
820
829.54
883.501
916.058
860
890
928.853
943.593
908.962
836
843
882.456
905.359
871.57
844
851
870.331
876.227
852.184
812
930
945
923.263
789
800.066
813
812
797
930
936.823
820
1242
1080.7
1078
852
773
772.93
776.697
782.175
784.094
875
889.854
961
960.133
935.905
820
867
869.341
867.416
836
831.306
835.453
842.626
1023
956.638
789
792.289
867
977
1000
859
838.895
882.225
923.663
911.507
804
802.678
930
954.693
804
795.117
1211
1008
906
875
910.367
969
886.447
828
867
946.663
883
828.468
774
808.4
844
844.874
803.579
797
805.848
837.713
841.103
804.905
867
889.035
884.484
841.733
833.051
773
779.655
758
757.497
757.292
761.679
750
753.787
735
750
726
730.814
781
789
790.645
765
750
750.104
750.283
748.677
745.95
744.692
859
854.808
839.659
828
914
946
915.366
880.709
876.33
883.49
953
820
821.954
831.946
843.002
831.454
814.815
823.178
843
883
859.924
834.666
821
838.818
850.436
890
922
946
937
915.309
908.242
984
984.212
971.303
899
893.901
938
947.949
934.158
908.395
922
934.553
939.848
924.05
902.596
912.594
929.123
933.507
916.597
907
992
1015
922
917.783
937.475
945.496
923.89
903.799
925.662
939.274
927.532
903.223
918.723
936.744
934.132
906.976
905.606
933.656
939.692
907
893.118
918.354
928.041
916.167
945
945.942
914
913.307
922.243
925.026
912.566
907.341
917.294
921.742
1000
968.736
954.362
956.384
898
904.977
905.576
905.561
903.975
1093
1050.81
1018.63
1017.31
1014.79
991.662
973.659
972.139
968.48
955.481
891
859
906
875
878.183
887.731
900.392
902.988
969
972.068
965.803
969.295
914
919.499
851
797
797.643
801.061
766
773.581
758
773
780.279
788.849
679
719
722.394
728.748
728.94
680
689.946
648
657.114
654.999
654.046
653.48
653.991
656.253
658.547
660.179
661.826
663.358
664.605
750
746.509
745.738
747.041
758
781
805
798.544
797
773
768.973
781
778.447
742
740.076
735
735.762
733.384
730.696
730.961
718
719
719.278
774
797
795.608
791.526
791.104
789
783.283
776.724
930
804
803.18
803.553
899
858.618
832.361
830.597
837.397
825.726
859
837.935
831.493
832.451
836
827.545
814.605
811.245
812.648
891
871.492
961
937.273
829
851
851.263
843.079
805
906
899.833
876.994
875
888.087
876.101
852.729
864.154
871.582
853.199
839.891
1242
977
932.36
1016
963.935
926.938
945.068
943.539
898.59
904.561
917.593
1289
1195
1075.44
1079.87
1078.65
1234
1116.34
821
823.728
937
1029.98
984
922
933.108
1039
1117
1016.38
944.858
953
992.87
1008.3
971.089
924.832
929.773
977
867
875
1203
1105.53
1014.68
812
814.425
838.927
884.515
882.385
872.649
876.618
898.674
915.327
828
826.152
838.254
1148
1040.85
844
831.496
992
992.464
867
851
922
960.134
918.687
856.06
938
1156
1049.37
860
789
811.411
1281
1072.28
915
910.029
976.893
990.857
910.744
859
895.171
938
945.634
876.524
855.668
880.382
1000
988.53
887.293
828
891
942.156
941.602
907
864.484
890.984
933.011
976
933.061
867
875.974
1227
992
875
906
964.125
965.425
902.557
885.868
1093
1008
933.101
828
844.164
900.662
914.121
906
878.595
886.228
1133
1036.69
942.538
836
976
1021.72
980.332
892.594
890.787
1258
1195
1046.43
970.139
1011.7
922
821
830.348
877.891
941.445
923.443
898.683
927.014
805
899
976
977
836
797
812
844
848.439
843
816.089
818.547
726
735.292
774
898
1188
1054.37
939.798
901.117
860
859
1125
1053.53
1109
1055
989.324
964.085
851
846.126
856.586
882.391
812
803.891
1320
1165
1048.58
797
898
938.787
1094
867
844
897.167
1234
945
870.256
888.9
975.624
1242
998.206
904.91
914.871
977
979.661
875
836
867.884
949.591
948.017
857.191
844.977
859
953
945
813
828
1008
998.639
905.094
851.693
884.784
941.467
1062
957.831
883
910.024
970.363
975.919
1219
1080.09
959.154
957.138
1021.33
1038.41
938
898.245
940.829
1005.73
1117
1007.93
958.026
1002.15
1039.4
1029.55
960.516
805
860
1304
1163.11
1058.78
844
969
1053.26
1029.33
938.371
836
871.061
974.938
1024
939.079
861.648
870.887
1039
1041.92
937
866.08
922
868
890
868.804
845.682
922
959.786
836
837.291
863.785
884.111
854.944
891
1289
1118.04
914
914.634
922
915.592
891.341
898.344
882
881.886
878.863
878.405
844
875
882.511
882.053
868.937
867
1133
976
867
874.404
884.463
1296
1102
1003.79
859
858.646
879.783
945
927.55
984
973.005
953.178
941.113
940.655
943.731
1258
1161.55
1053.28
988.821
828
1047
1242
1162.85
1077.19
1036.27
882
1289
1185.07
969
906
967.494
1099.72
1023
947.869
933.334
990.554
1057
1034.58
820
818.26
878.903
1004.17
976
878.362
828
1063
1073.23
981.84
898.719
1000
1234
1008
930.947
971.166
1043.25
1211
1042.57
906
929.65
1020.65
1027.5
899
888.022
943.749
1018.28
983.724
899.094
900.222
1258
1123.57
860
773
836
950.029
945.871
954
882
881.161
1062
1060.36
964.745
893.836
902.543
867
851
993
977.717
939.399
910.807
925.622
947.682
1063
1008.84
953.602
942.441
977
1007
891
885.413
916.243
939.68
914
881.62
868
902.461
921.875
908.411
876.822
1157
984
930.279
820
831.837
850.924
969
926.389
888.187
889.276
906
917.656
900.14
865.188
891
969
965.873
1015
922
938
1023
1019.98
973.219
930.379
948.74
953
899
888.309
984
987.702
930
919.629
946
954.782
921.966
904.823
937.538
898
852
890
909.437
961
860
828
1304
1108.47
1141
898
899.33
914.411
913.953
1211
1085.92
1004.83
1003.98
1219
969
867
873.471
1211
1078
975.425
980.812
899
893.627
828
813
820.578
1235
1125
937
1055
1226
1118.84
1014.58
844
1266
1134.48
987.1
956.792
1070
1203
1054.61
944.606
994.319
1083.76
1082.39
914
913.236
1001.32
1068.15
974.586
953
998.985
1040.61
1011.18
945.453
964.172
1062
1149
945
844
862.783
905.057
1335
1161.93
1053.65
1044.05
1071.99
1072.91
1017.09
1047
1066.75
1064.98
1013.08
828
851
894.802
1265
1039
852
836
1281
1118.62
1013.61
1002.95
1266
1185.15
914
908.426
1009.73
1085.55
960.928
932.479
999.005
1069.7
1046.63
925.982
927.592
993.947
1258
1089.52
929
933.191
1290
1226
1080.85
1033.01
1091.3
1000
1242
1086
906
844
877.511
997.34
1132
1018.47
959.744
867
922
964.181
899
881.338
891.105
927.439
859
841.898
914
948.393
930.589
878.699
844
930
938.372
897.049
863.711
895.716
923.567
913.296
874.967
812
831.932
1219
914
867.856
882
914.153
993
911.877
1102
1140
1021.54
956.14
844
847.925
1164
945
906.447
924.342
942.656
931.209
1149
1104.13
851
868
906.192
1039
967.067
944.653
966.812
1305
1144.66
930
927.703
961
1109
1156
1029.27
821
828.321
890.232
1179
1068.2
828
817.734
906
937
933.822
852
961
1234
1120.65
981.793
925.965
973.684
922
820
860
918.014
921.533
863.405
829
873.668
924.222
929
864.066
1086
930
880.237
1039
998.173
908.592
919.888
961.045
944.855
891
907.736
946.004
927.406
882
1258
1105.84
987.833
812
819.516
837.991
1234
985
945
1148
1115.78
1008.51
997.249
1021.36
1101
1203
1064.52
1019.88
1057.88
1250
1164.33
1052.04
804
844
902.908
981.285
992
945.86
914
943.208
993.212
867
851.453
883
924.355
953
918.679
836
839.957
875
895.658
878.275
849.96
1179
1100.37
1078
1180
1140
1071.04
1033.98
937
915
921.125
927.475
927.699
927.635
932.99
931.708
928.284
875
875.969
891
867
868.14
875.178
883.28
886.219
1156
1064.43
844
851.679
937
935.934
908.393
900.705
914.434
1227
1095.91
992.12
989.712
851
899
916.842
820
819.487
834.475
1164
969
919.855
1289
1135.92
1022.97
1026.67
1028.42
981.675
883
907.664
969
963.672
859
992
1047.58
1039
875
851
901.644
949.608
1023
988.396
983.765
1002.93
883
877.733
902.434
913.05
766
785.251
800.568
815.928
815.579
824.488
847.986
1242
922
883
894.161
894.761
1008
939.089
1328
1187
930
930
1062
1016.77
928.463
844
1258
1093.31
950.874
949.771
991.391
992.274
916.862
912.248
957.018
1094
979.822
1187
891
875
992
988.283
932.684
875
907.894
911.096
902.478
898.684
919.496
926.046
907.244
902.673
909.595
844
930
1219
929
926.589
944.33
939.718
904.85
836
854.597
1305
1250
1094.94
1091.6
1242
1266
1097.55
1090.06
828
828.65
1266
1150.33
812
812.658
1289
1118.53
981.829
980.008
1040.93
1043.86
987.43
1125
1149
937
813
826.051
914
1258
1101
961
961.326
1007.58
1008.4
953.894
932.874
789
790.891
1226
1102
883
812
875
979.854
976.811
889.419
848.054
868.369
1274
1123.92
988.496
953
979.431
1019.84
945
886.507
887.602
1133
1117
1015
1000
1204
1156.18
1043.65
985.599
1027.14
1065.93
1025.27
965.854
994.916
1050.64
1289
1166.47
1047.48
1048.25
1111.3
1117
1060.2
805
820
862.346
974.782
829
804
852
943.591
867
844
856.078
901.217
1102
989.452
921
1024
1078
1007.6
921.304
952.761
995.477
983.724
916.121
1102
1088.24
820
828.929
875.782
929.663
890
1250
1071
981.195
1242
1226
1067.07
1070.4
1071.92
999.785
1000.48
1047
1039.77
983.414
914
1266
1140.87
1037.98
860
873.049
918.105
939.541
923.962
953
1172
1137.34
1037.64
1004.75
1043.48
1047
1047
883
891
976
1002.59
844
843.352
885.01
932.242
913.641
869.821
860
1289
1171
1039.82
984
1006.22
1172
1125
992.291
984.716
1042.11
1179
1083.91
973.645
972.958
922
938.564
1164
1076.99
988.234
980.976
1266
1197.11
937
875
1289
1118
906
789
799.325
863.455
951.953
976
927.11
916.63
958.152
1005.89
937
914
913.049
928.459
933.076
911.721
876.358
875.9
859
883
867
855.424
1195
1093.73
828
1157
1079.15
1094
1064.13
1000
999.738
1188
1104.84
820
856.64
939.5
1289
1096.6
930
943.318
1250
1115.06
883
1296
1237.81
976
959.905
1081.5
1104.37
976.611
906
1289
1196
1039
929
1001.4
1250
1093.44
938
969
1076.31
969
851
862.501
946.8
1022.46
1187
1029.89
980.794
1019.13
1172
1092.17
985.307
867
877.659
911.335
962.943
937.068
1234
1173.17
1078
875
872.589
924.54
1219
1105.79
875
869.589
993
1054
883
820
849.12
947.886
976.406
893.508
854.35
914
1002.85
1055
936.163
961
977.997
978.647
930.429
898.517
1000
1009.36
1156
1039.56
991.442
1022.18
945
875
880.215
1148
1093.73
1019.15
851
821
836.569
877.121
887.767
929
954
1273
1193.8
977
959.401
1006.01
1048.87
1014.34
949.006
945.131
987.072
1011.5
987.274
935.614
828
875
931.618
1250
1098.98
961
946.447
986.101
1030.66
1016.33
882
977
1027.41
922
889.745
1243
1234
1062
860
868.827
797
1312
1129.56
1023.43
1040
1055.4
1086
961
1016
1179
1149.54
1063
1048.75
1061.8
1059.8
976
967.439
875
899
1093
1047
1012.43
860
1031
1053.46
1016.35
954.609
953.378
851
1055
1055
867
872.369
923.858
1266
1086
969.689
969.494
1030.58
1031.98
906
905.225
1078
1072.36
1117
890
899.45
1179
1095.91
979.275
946.701
797
1289
1047
1023
1242
1235
992
990.765
1072.26
1073.25
1047
1030.65
875
903.814
1188
1031
969.592
859
873.697
1204
1098.59
989.947
949.936
986.881
1033.87
1164
1064.6
962.98
844
850.076
914.172
1004.89
906
857.187
859.199
918.174
979.304
975.507
900.445
880.011
961
997.605
982.41
1329
1189.45
836
833.83
872.436
941.677
921.097
750
742
763.693
719
703
702.134
695
680
680
679.896
681.101
681.196
680.847
682.748
735
745.108
746.552
828
851
977
963.837
992
986.08
821
836
1171
1157
1074.28
851
850.542
868.994
984
961.18
906.481
1157
1132.46
1051.12
970.088
937
969.221
976.857
944.592
1187
1137.8
1050.92
1289
1231.48
1122.72
875
1250
1169.64
953
951.171
1180
992
970.429
1059.07
969
956.73
992
977
1250
1195
1057.34
1073.52
1125
1063
1028.68
906
1243
1023
1078
1083.11
1039
992
1017.21
1000
981.959
977.034
984.894
813
781
844
891.788
894.289
897.968
921.98
1133
953
951.287
963.486
1164
1068.34
1007.35
984
1024
984
941.669
914
1008
1008.02
962.004
929.328
969.655
1001.96
961
914.878
943.107
982.119
975.538
921.75
923.036
959.304
961
937.157
875
897.445
931.548
1132
1022.58
952.199
1172
1118.77
1023.79
966.397
1250
1047
906
926.448
1289
1137.16
995.765
922
997.438
1125
1019.67
954.695
992
1072.46
1070.2
883
880.446
955.02
891
868.148
898
1368
1257
938
906
965.989
1000.23
1023
930
1289
1211
1172
1008
1011.68
1053.33
1052.57
977.709
962.821
984
883
879.11
886.416
902.724
945
944.945
945.885
1094
1117
1047.73
1057.1
1071
1045.08
993
929
1039
1037.89
1012.37
981.721
921
930.383
1102
1073.55
1026.71
988.595
1008.88
1125
922
925.57
1148
1094.28
1023.27
1004.38
1048.61
1070
1018.25
836
851.554
894.009
969.4
959.46
891
992
1039.25
1029.94
950.778
943.124
1313
1189.63
1110
1078.99
1242
1187
1085.93
899
906.213
969.559
930
867
868.073
928.557
996.476
974.409
915.594
916.946
957.587
1148
930
906.751
984
1024
992
910.313
932.54
985.942
1243
1093.9
972.727
976.465
860
890
910.881
1172
1289
1154.15
1078.63
1047
1211
1178.12
954
944.325
1196
1174.05
1072.05
860
865.175
971.306
1069.46
992
1203
1200.47
1140
946
955.354
1219
1203
1083.58
1022.43
1076.11
1132.96
1250
1138.32
1000
1025.15
1094
929
899
939.316
1036.15
1035.21
859
922
1188
1015
852
860.814
1000
1242
1037.16
945.857
989.048
1048.69
1020.34
917.698
927.905
997.522
1017.26
883
876.244
933.561
1227
984
917.306
952.273
1011.11
974.268
891.423
910.592
978.17
1188
1032.45
938.007
1000
1059.19
1156
1031
973.708
1133
1125
1071
971.092
1000
1065.86
1157
1052.19
984.851
1045.37
984
1071
1000
965.618
1002.29
1149
1110.04
1037.14
1001.71
1053.97
1073.55
1040.92
930
953.658
1014.64
1101
1042.94
988.284
1218
1203
1118.23
1036.47
1089.75
953
954.099
1054
914
925.296
977.284
985.125
949.586
976.335
998.186
1180
1094.96
1076.22
1084.01
1052.68
1047
1093
922
942.423
962.939
961.38
952.025
907
927.972
977
867
882.407
829
833.055
1172
883
883.564
901.958
897.071
1196
1052.48
1243
1187.18
1075.34
1086.74
1008
1101
1141
1066.77
953
844
847.418
1094
1018.89
898
836
856.365
937
1234
1107.71
999.815
986.706
1179
1094
1002.31
934.015
969
1034.63
1029.25
836
833.352
885.881
992.767
954
879.228
871.823
925.381
984.522
883
853.468
953
1001.59
959.772
884.33
902.809
949.578
1016
1062
960.979
937.514
980.161
836
922
925.51
915.314
887.08
852
866.882
889.372
969
950.226
890
1024
1021.76
985.103
951.774
969.014
967.198
944.835
899
875
1125
1148
1054.88
859
866.228
1235
1138
1040.49
852
812
938
1028.2
1054
922
868.432
914.752
1063
937
877.065
1000
1051.57
1026.46
899
906
971.634
1164
1051.23
852
891
974.128
999.011
924.219
888.231
992
1180
1078.27
954.199
948.751
1218
1172
1041.46
966.567
1017.37
1164
1095.49
996.956
852
1250
1175.63
820
819.241
901.597
820
814.79
821.444
894.144
937.751
893.993
1132
907
875
897.447
909.273
884.735
813
836.403
774
773.48
777.019
727
731.38
727
695
680
679.031
677.939
676.937
617
639.815
609
615.133
602
570
585.873
586
584.164
578
578.006
577.753
594
594
625
629.539
672
797
883
805
802.125
797.403
790.811
1125
1015.7
1000
1102
1083.58
898
907.376
908.398
899
1219
1102.25
1273
1241.41
1151.64
1031
1195
1154.03
1077.1
1093.59
1100.13
1060.87
1039.19
1149
1211
1115.39
1108.73
1142.89
1122.51
1046.76
1082.76
1118.4
1097.34
1042.91
1090.55
961
953
1375
1265
985
992.647
1056.33
1052.52
929
954.397
1336
1070
1026.31
1080.72
1084.9
1017.49
1017.29
1211
1163.48
1041.44
836
844.4
888.565
1250
1106.59
836
821
876.758
981.748
1023
943.31
1313
1259.22
859
852.321
1336
1129.55
922
921.542
1227
1091.47
928.98
934.377
1036.09
1040.2
1133
953
952.018
1156
1016
1266
1234.08
969
968.117
929
1235
1086
997.074
1028.55
1054
1036.71
999.657
1002.59
1013.63
1011.32
979.361
970.695
977.099
1234
938
935.454
973.421
1250
1039
1019.24
828
829.176
837.183
852.047
851.974
852.207
1281
1152.85
1043.04
1042.59
1044.19
1015.21
981.836
981.534
982.874
978.812
868
872.494
897.974
907.869
1086
1053.42
1013.64
1265
1219
1122.73
1120.57
1121.32
1081.54
1053.94
945
946.783
1227
1170.62
1099.46
1099.08
1104.25
1172
1118.84
836
841.85
1195
1055
1010.35
1010.26
1312
1274
1156.39
1130.25
1146.34
1031
867
797
812
846.86
945
968.577
969.374
1086
1095.34
1064.75
1060.47
1061.86
1049.09
1020.33
883
883.335
875
914
1266
1148
1087.73
883
881.083
887.498
902.781
904.371
914
920.921
937.556
961
964.348
959.75
906
904.955
844
843.667
946
950.675
843
846.255
1242
1100.35
1039
1034.28
1032.65
990.952
939.731
1204
1123.03
938
939.475
1018.78
1018.99
1203
961
961.517
1030.73
1024.9
922
956.9
1054
1118
1005.66
930
1289
1078
992.852
1014.46
1039.38
988.624
958.603
1009.93
867
878.678
911.585
985
953.109
1171
1140.37
922
938
1062
997.535
985.304
1014.49
996.217
959.425
836
1296
1128.7
1047
1063.35
1061.41
1234
1109.5
1007
1046.96
1070.45
1022.57
961
998.915
1046.62
1040.48
1015
995.604
1014.08
1017.21
983.867
966.62
995.914
1109
930
828
833.824
1258
1172
1085.11
1082.21
1086.29
1060.27
946
953.033
907
906.542
1101
1000
1219
1212.63
1137.03
1128.47
1131.76
1068.78
1062.91
1062.27
1026.29
867
1086
1188
1096.42
860
914
1266
1101
1010.33
898
985
1070
1023
940.918
946.505
1017.87
946
1015
883
1039
1050.2
998.774
1297
1178.39
1067.75
985
922
923.599
867
836
868
905.285
1274
1242
1179.81
1179.22
1172.35
1179
1047
1000
1211
1117
1060.85
883
884.476
937.39
1109
1052.64
972.729
957.83
921
938.454
907
1336
1289
1101
1024.86
1243
1187
1079.5
1009.5
1054.66
1226
1203
1047
1031.34
1141
1153.06
1117
1007.29
1022.85
1095.26
890
789
799.793
817.445
851.519
864.9
893.649
1367
1336
1221.4
1220.08
914
912.874
914
938
1273
1154.38
1072.26
906
905.542
918.983
926.096
921.07
1085
1063
961
957.776
1218
1157
1054.09
1047.35
805
898
1313
1141.32
1025.02
1025.09
1063.24
1062
1013.39
844
851.858
926.842
922
916.418
901.278
926.602
977
978.615
992
875
852
859.548
883.465
889.734
877.479
858.664
859.967
1141
1069.88
789
785.381
799.838
842.124
846.449
830.52
828.843
853.772
886.51
859
832.262
832.07
1281
1119.79
992
968.206
1219
1149
937
875
906.778
1242
1095.01
953
944.495
1023.16
1064.33
996.841
902.019
789
800.694
857.922
960.087
949.561
884.784
864.558
892.086
949.497
875
1203
1087.88
906
895.384
926.737
959.46
1086
883
877.272
1304
1219
1062.52
907
913.59
1188
1092.63
972.437
949.984
1009.27
1049.3
1031.93
938.381
851
930
1227
945
930
937
1031
1024.61
938.182
931.557
977.327
1013.36
844
847.103
893.678
899
879.776
865.033
1258
1164
1020.46
1016.34
1044.44
1195
1060.04
1017.22
1062.5
1069.73
1013.8
967.364
995.945
1027.99
1016.39
951.339
952.134
991.196
996.658
922
918.896
1250
1015
969.187
1219
1112.5
1063
1065.95
1072.13
1023.09
1164
1137.81
1053.57
1058.42
1080.43
1037.36
1157
1146
1066.23
1078.55
1196
1121.25
891
851
906
977
867
869.472
911.453
961.863
875
873.787
898
946
917.785
890.404
859
1016
996.569
882
797
828
871.395
1211
1053.15
953.418
948.089
984.003
987.925
938.637
930
952.696
1031
946
1210
1188
992
986.55
1032.84
1015
1156
1101.2
1026.63
1034.84
1040.07
992.977
995.1
1204
1132.16
1051.32
1074.1
1000
991.616
1015.41
797
824.589
836.898
842.905
953
860
866.708
879.29
1093
1054.9
1015.05
969
966.534
1016
1012.83
985.745
959.652
956.835
843
846.541
850.44
1211
891
878.952
789
813
828.312
1024
859
854.275
872.273
898.46
893.922
1055
1086
937
919.856
947.365
938.342
1180
1065.07
984.217
852
856.112
865.91
868.056
866.33
878.535
903.907
922.443
922.632
913.814
915.086
919.235
918.151
903.217
859
875
881.473
898
828
840.042
848.536
856.429
961
929
911.63
1141
898
899.434
773
797
800.87
789
790.865
1328
1219
1082.1
1087.83
1211
1091.59
969
1226
1157
1000.83
1000.37
851
851.669
874.587
888.913
883.5
992
1003.22
984.044
985.198
883
828
828.909
832.067
832.795
834.152
821
826.579
1227
1095.66
1016.33
1002.4
1000.06
991.351
867
789
821
868.126
902.101
891.867
889.017
1219
1203
968
868
898
944.374
1156
1048.39
875
871.973
1000
984
922
878.062
898.963
959.92
970.129
883
855.594
889.647
946.212
867
839.162
850.272
890.202
852
830.265
836.089
865.321
879.556
829
820.303
846.398
1179
953
889.205
953
969.273
918.48
869.446
953
970.834
992
891.635
1164
1067.37
1016
991.553
1258
1188
1000
1011.97
953
948.15
947.942
960.001
829
852.268
868.282
1133
1109
945
938.549
961.076
992.477
980.241
883
883.762
906.158
1062
1018.4
898
884.513
929.262
930
926.302
874.519
1367
1250
1094
1048.93
1078.23
1195
1089.35
906
910.322
821
1320
1148.57
1023
1063
1082.91
1082.08
1035.39
1001.96
898
898.971
891
894.098
893.173
892.648
893.022
898
897.542
1024
1010.35
899
1289
1195
1111.91
1114.09
789
801.671
834.579
1102
906
903.296
958.656
968.793
961
821
836.769
877.571
889.987
867.374
844.485
821
929
948.151
945
844
841.433
1258
1086
964.393
928.94
1156
1064.06
952.861
875
910.923
988.758
985
820
766
781.291
852.577
911.342
1024
925.42
1250
1181.94
1148
1029.36
1024.52
1035.85
1257
1125
1036.73
1033.12
1062.21
1195
1078
1000
1012.41
883
881.545
1101
1055
961
955.161
1011.28
1141
1093
1007.63
805
797
819.936
897.781
931.619
1141
1102.34
1019.89
969.193
969.65
1015
1015.39
898
891
1250
1164.41
922
910.765
975.392
1211
1084.16
867
868.118
960.022
1041.53
959.605
883
953
1053.46
1051.12
934.498
904.998
947.349
1003.53
996.995
875
1031
1172
1074.11
965.349
985.142
898
907
913.959
916.855
908.252
1086
945
859
844
961
956.886
953
950.006
956.789
953.273
936.66
930
932.407
930.131
914.902
1023
1004.24
966.469
952.458
963.867
958.543
935.347
929.344
939.794
938.39
984
971.205
961.714
1188
1114.83
1053.33
844
848.802
742
774
1304
1141.47
946
943.105
974.756
1321
1166.91
1273
1238.97
1139.06
1098.53
1110.5
914
912.838
956.007
922
820
835.319
1289
1203
1016
1028.48
1041.36
988.599
987.362
1032.44
1029.42
969
1078
1109
891
813
882
958.021
946.764
922.83
937.074
957.954
946.54
930.611
1125
1099.83
914
923.436
966.441
965.983
921.138
924.248
959.626
1070
875
860
1187
1080.11
980.931
867
883
930.082
1141
1011.38
891
836
859
992
988.881
911.118
868.813
882.541
1156
1086.74
976.563
813
898
992.332
992.769
911.806
961
980.992
978.085
923.404
828
839.416
1063
1044.46
867
846.526
879.461
1101
1016.5
914
905.271
1040
1038.81
961.035
897.959
936.447
1004.72
1000.64
925.098
893.388
844
872.633
915.812
915.192
872.736
1273
1148.82
875
870.681
912.448
953.888
919.442
905.291
937.275
966.512
953.062
910.624
836
847.85
1000
990.712
926.937
828
875
916.075
926.913
887.472
849.196
871.569
915.948
931.341
922
872.178
867.603
900.073
1102
1023.62
820
883
938.46
950.665
903.643
856.73
880.256
1164
969
844
844.828
895.334
1171
1013.25
836
922
1000.91
922
847.169
867
938.235
1000
875
851.567
899.427
960.185
930.896
860
861.115
903.669
1094
929
878.537
912.729
969.373
922
866.55
836
804
825.291
857.375
857.706
828.193
820
914
1196
1132
930
908.224
1148
1078.5
985.229
906.845
917.991
981.383
1149
1040.4
931.06
928.93
1008.07
976
942.361
880.049
852
1047
1051.54
993
910.36
844
881.149
1140
992
860
883
950.099
1109
977
888.932
828
891
1195
1078.45
867
847.214
903.337
1008.24
977
872.236
853.982
1078
1102
980.333
878.471
888.426
965.33
1102
994.242
805
804.07
863.213
967.026
938
865.755
836
875.322
950.448
957.454
906
847.24
852.114
1102
1042.36
953.016
883.823
885.342
931.056
1094
1018.59
919.126
1039
1059.88
945
813
818.194
861.287
936.668
928.484
882
880.416
1039
1211
960
836
875
1180
1133
937
860
892.393
988.785
987.482
907.821
812
827.002
1242
1008
903.499
773
775.22
1289
1081.1
925.101
881.44
910.238
973.026
970.156
890.416
860.298
922
991.332
1110
945.58
789
788.997
845.279
1016
965.442
864.864
846.63
1164
969
901.426
881.816
977
1004.5
828
825.97
883.567
949.608
885.291
831.406
866.046
961
1094
933.556
877.863
859
898.275
900.231
862.987
805
875
969
1046
933.261
874.576
898.568
952.63
962.487
930
866.671
875.86
919.301
941.421
883
813
859
909.574
921.195
914
856.39
868
906.794
925.817
903.568
805
816.217
849.374
876.456
864.965
831.974
827.233
853.391
876.01
874.293
820
813.015
834.212
969
860
882
875.786
1086
999.498
913.103
889.695
917.408
969
844
842.933
880.434
913.895
977
894.564
875.821
913.118
944.897
919.659
871.429
813
1265
1084.47
963.923
955.145
975.555
975.207
924.852
913.852
940.754
959.789
1031
951.706
933.452
963.277
990.937
1047
956.352
929.32
907
918.358
925.881
916.189
812
816.999
832.586
862.484
868.75
797
820
850.381
1094
1002.77
923.951
903.997
922.115
939.57
820
805
859
893.74
876.889
899
910.77
911.377
922
895.114
883
884.022
961
1188
1062
996.37
996.723
1008.74
1007.54
1023
984.097
972.829
979.342
985.608
981.414
955.597
940.934
948.717
963.648
962.123
937.816
836
845.111
855.334
1039
867
820
961
993.094
956.466
903.774
805
822.768
861.004
1133
906
857.357
836
922
1195
1029.21
917.755
913.733
959.381
990.746
883
854.262
852
905.674
930.083
883.775
868
876.436
1156
1052.82
836
830.681
862.689
1101
930
877.718
885.541
943.194
967.382
908.991
861.728
875.023
1258
1195
961
917.209
957.288
1000
989.64
906
828
845.811
908.076
1133
1021.93
904.346
891
941.67
969
959.941
813
811.335
846.982
1078
1007.78
910.102
864.785
899.93
1148
1060.67
949.292
883.165
908.195
981.395
988.333
813
809.731
875
965.371
992
844
891
1125
1053.69
940.204
805
807.167
882
941.073
914
851.49
850.853
906.112
957.83
932.352
863.329
914
952.522
1109
995.223
900.691
852
884.33
934.55
851
823.611
836.206
953
867
838.162
838.971
1078
1006.63
852
846.38
887.26
925.459
872.405
836
821
861.626
1094
975.226
882
875.703
920.525
1079
1070
891
882
941.897
994.433
954.009
820
823.499
1086
977
905.494
805
811.951
875.316
942.439
890.345
829.211
804
883
950.558
919.577
842.477
899
938.091
934.711
863.894
836
870.769
908.16
954
888.175
851.726
880.376
918.776
920.432
876.743
847.178
870.519
901.453
875
820
823.665
848.871
867.174
820
938
1172
1078
875
875.566
860
992
948.216
902.663
812
907
1031
906
836
839.606
921
868
820
812
832.443
1125
984.299
873.21
789
803.943
847.642
984
899.276
828
859
1078
1001.93
875
819.881
820
891
1070
945.4
842.68
842.3
882
942.895
908.43
839.429
826.868
871.288
933.433
927.206
861.57
789
797.59
850.526
890.455
852
851
849.695
1032
995.991
933.545
860
867.204
911.807
925.736
796
797.501
822.91
862.924
858.193
820.913
814.795
850.062
781
779.324
743
746.217
719
719
720.961
726.127
680
680
681.031
682.133
682.489
684.593
688.285
692.088
695.205
697.725
699.977
702.463
664
671.706
688
684.669
682.245
681.148
852
816.366
796.784
787.494
785.791
778.816
765.425
750
746.012
745.565
742.835
736.174
961
897.994
854.673
1164
1061.65
987.789
980.107
977.532
953
922.57
920.923
920.963
915.497
1187
1105.26
1030.13
1029.68
1030.37
1007.88
829
773
775.408
1414
1289
1266
1233.55
1320
1195
1135.79
1141.07
945
946
991.972
1219
1125.69
890
896.851
952.833
982.523
957.598
935.322
951.373
1219
1170.85
875
843
899
1125
1038.87
844
828
874.65
977.685
968.868
898.373
885.104
925.653
984
982.559
912.797
875.73
897.169
933.256
934.039
890.534
853.186
864.48
938
961
928.193
1359
1208.65
1054
1025.51
1203
1135.54
1026.04
1018.4
1069.92
1227
1132
1019.59
867
871.453
923.852
1008.54
995.748
939.746
928.192
972.433
1039
1040.46
995.45
946.197
959.703
988.728
999.178
974.862
1109
1087.25
930
804
821
1203
1086
1019.68
1018.62
976
968.072
959.838
957.221
956.763
955.705
953.326
875
873.732
1273
1158.49
898
883
918.843
969.221
949.756
931.948
937.055
975.262
988.822
969.569
931.494
1250
1172
1055.47
1013.13
1039.86
1046.99
1004.55
969.463
1007.48
914
915.057
921.94
1055
992
852
789
793.16
828
856.571
858.103
872.318
883
1258
1031
970.836
1204
1125
961
954.854
996.702
1023
1070
1006.86
1001.05
1005.44
836
851
861.517
866.14
836
1266
1125.78
1052.05
844
773
772.621
1281
1107.62
1055
1052.65
1051.38
1034.76
1005.24
982.356
981.347
890
1227
1153.74
961
828
820
828
891
891.381
805
1258
1289
1125
906
905.815
973.286
989.46
938.023
904.887
844
854.747
886.63
898
880.799
867.351
866.893
879.723
867
861.349
843.97
845.794
875
851
883
874.081
1117
875
812
816.042
1242
1227
1195
969
968.136
979.646
977.445
941.156
938.876
960.061
967.02
1007
969.815
957.212
1312
1192.21
1250
1177.13
1133.31
1132.83
1130.49
1099.83
1008
1029.67
1266
1197.73
1116.78
914
789
789.021
867
949.578
950.453
836
828
855.527
1305
1164
1046
1243
1228.52
1115.52
859
857.229
921.136
1023.01
1070
988.982
844
898
1000.52
1021.81
914
953
968.317
970.006
942.415
913.37
859
866.219
1109
1039.12
969.925
918.532
944.542
978.209
975.478
1000
946.417
1016
1031.84
915
835
842.517
859.069
867
836
843.984
869.591
879.719
871.746
878.712
894.101
829
830.793
1102
976
912.493
913.305
926.657
910.191
873.919
880.418
900.11
820
823.466
840.981
846.22
831.416
831.404
1187
969
836
839.933
853.711
853.267
820
906
938.326
938
812
825.66
864.1
1164
906
865.128
889.444
921.07
922
857.785
782
765
782
836
835
875
868.593
867.068
735
773
790.345
796.429
851
847.826
834.508
817.394
945
836
805
805.804
809.324
808.095
945
906.201
874.463
836
844
1281
1076.7
955.76
789
758
763.383
844
849.826
832.579
805.424
800.522
812.148
1109
1016.12
905.243
843.446
842.988
873.146
821
799.602
813
1164
1032.75
882
914
993
986.886
906.298
879.727
913.192
951.719
919.508
865.314
878.838
928.303
938
884.007
851.393
781
794.285
810.018
819.527
1227
1066.19
964.039
948.119
953.034
952.346
812
811.088
961
960.542
918.675
976
989.617
914
804
828
860.676
860.107
835.133
850.296
892.248
893.724
862.015
862.003
890.522
797
906
1016
967.001
835
766
774
765
765.633
789
804
816.996
1250
1109
914
875
884.833
960
868
797
835
915
812
789
798.426
833.692
838.099
806.059
793.31
758
766.083
774
773.544
768.672
773.604
788.039
711
743
820
781
767
763.975
771.994
775.056
765.99
758.861
774
778.078
770.906
844
774
777.055
804
794.981
778.976
781.502
784.988
843
914
907
888.528
781
797
797.124
1109
980.689
902.588
867.966
774
771.669
781.171
875
878.619
781
766.274
961
1000
905.681
815.196
805
851.036
888.111
789
758
773.784
829.377
828
787.459
764.508
786.479
833.634
844.01
800.302
773
789
821.943
831.842
799.16
797
782
798.214
806.582
797.531
780.845
773.246
782.677
792.675
774
767.469
767.56
758
764.348
764.505
875
875
861.61
766
775.015
780.46
785.496
781
743
749.379
759.883
726
728.817
781
758
742
745.976
755.561
761.025
875
847.639
750
763.589
719
718
716.952
727
731.038
735.255
739.009
703
709.125
707.131
774
773.066
711
703
706.531
710.592
712.834
750
742
736.805
732.451
731.568
731.028
726.594
721.37
851
868
843.912
822.898
817.948
811.425
805
793.545
785.145
780.389
820
774
789
820
818.284
807.855
766
789
791.541
907
812
809.24
816.398
824.086
836
810.445
799.778
781
799.17
805
803.993
786.35
777.625
789.126
797
797.18
781.289
771.716
778.335
788.056
875
852.368
832.807
758
765.614
852
797
785.65
776.367
789
801.525
802.323
785.476
773.777
782.33
797.583
801.229
782.416
750
762.241
719
729.624
730.859
789
774
773.122
743
745.952
749.889
753.677
751.534
748.051
743
734
735.413
711
695
694.985
696.862
718
721.218
711
714.224
804
809.801
799.782
758
758
757.142
875
856.485
829.483
803.351
792.541
802.006
810.795
805.507
788.244
772.967
758
767.738
781.562
787.934
779.221
764.304
743
750
757
765.401
742
734
711
727
765
836
831.365
758
774
781.129
796
792.657
777.84
758
781
813
817.439
742
743.352
755.031
769.991
812
758
747.359
764.09
774
779.852
762.059
766
757
767.085
769.922
761.429
751.12
753.404
759.889
764.754
759.074
753.387
755.012
758.039
813
804.844
758
1242
1022.59
919.184
851
860
857.792
844.889
844
843.542
843
841.114
1102
836
781
785.087
795.321
961
867
836
848.026
883
882.542
855.924
848.814
857.978
844
833.056
1187
1041.16
942.487
940.596
758
757.32
758.91
764.669
765.13
771.727
789.549
804.523
844
845.61
844.507
773
772.863
772.368
771.91
742
727
727.549
731.616
781
813
813.399
750
752.058
797
811.507
809.907
792.181
777.063
774
789
805
802.987
786.731
750
773
786.834
804
795.247
735
742
757.673
771.83
789
750
743
752.108
727
734.829
797
781.622
771.938
762.637
765.179
771.672
804
790.971
777.666
776.047
750
752.294
743
741.952
758
734
738.286
740.287
743.361
743.185
852
820
789
791.663
790.48
789
779.624
907
890
865.066
854.02
854.137
836
820.89
813.799
813
867
853.488
836.59
835.478
851
848.472
835.422
789
803.262
813.736
817.859
883
873.943
782
804
817.295
823.943
812.964
795.655
792.3
805.134
815.358
814.433
781
784.004
805
851
834.345
813
773
787.904
898
892.298
805
792.366
804
830.747
834.841
781
771.926
790.806
819.83
822.218
797
773.321
804
860
854.469
816.324
785.903
802.767
829.495
812
794.783
789
773
786.967
1250
1010.99
828
805
818.802
843.167
813
773
758
767.858
794.78
799.883
791.828
784.816
750
753.253
774
765
757.845
747.904
747.446
758.219
765.111
766.924
763.175
760.554
763.886
805
809.729
805.47
797.973
829
773
758
789
786.09
781.124
778.732
750
758
781
820
806.171
773
776.959
782.972
774
769.174
765
742
751.642
759.057
764.005
759.759
755.184
754.802
727
733.97
734.675
688
698.032
699.338
701.312
703.751
707.335
711.828
716.281
719.434
641
661.873
662.189
632
639.508
640.268
609
618.66
619.783
609
610
617
656
656.02
659.142
718
717.05
898
844.46
1110
1026.2
983.839
813
811.156
1117
1047
882
858.135
821
976
975.542
919.072
843.298
841.461
828
862.803
1085
982.717
812
813
836
882
884.866
839.921
815.115
831.181
871.876
890.883
858.656
823.308
824.118
848.105
864.193
850.045
815.457
806.482
814.605
766
768.113
914
902.694
880.022
797
883
895.551
1047
899
859
879.99
750
757.916
758.805
762.486
764.302
767.768
777.676
804
808.375
805.91
806.746
820
820
891
878.297
930
926.962
912.334
781
735
736.406
774
851
863.741
789
758
759.49
766.475
775.822
836
781
789
790.066
1000
860
820.002
806.07
804
815.995
814.225
781
812
827.519
829.949
828
798.703
750
758.283
773.375
783.241
930
863.58
830.518
828
1055
994.966
933.471
889.399
888.776
930
922
867
837.401
849.135
885.275
797
828
847.659
852.333
789
794.43
1195
961
880.131
758
773
852
851.542
836
822.178
834.024
854.057
853.599
906
875.13
838.442
837.218
891
894.854
880.056
789
773
813
844.118
846.268
836
789
797.03
1141
1026.74
931.336
874.57
812
829
921
920.203
866.879
828
827.066
870.65
911.909
904.828
820
781
795.922
843.772
867.755
813
792.951
801.333
840.453
820
797
779.517
787.221
812.744
946
894.562
840.23
819.167
834.556
861.576
898
867.938
827.986
814.094
833.698
857.01
862.432
1125
977
844
867
895.077
911.634
874.907
844.226
858.001
828
1281
1083.93
976.199
970.877
976.245
975.116
941.812
1024
1020.95
996.585
962.125
966.087
966.69
959.835
934.855
851
860.049
1094
1045.61
968
957.89
773
820
1250
1126.53
1032.14
963.778
805
801.746
837.061
906
851
969
967.136
945.718
904.216
904.134
907.842
911.685
896.567
976
970.115
843
1024
994.955
940.162
939.809
804
829.681
835.753
1188
937
928.128
821
824.961
1203
976
852
854.233
887.936
910.076
820
815.352
1219
1042.18
910.968
903.375
789
812
1032
970.2
945
906
836
835.542
860
859
851.09
825.351
816.299
898
911.332
896.096
862.308
781
805
841.479
860.991
840.374
818.337
809.758
813
992
898
859.328
829.112
843
992
969.602
782
836
881.322
860
822.388
781
809.835
862.742
875.957
929
836
826.657
850.324
871.677
915
868.159
836
781
791.469
819.445
841.82
914
877.247
839.759
961
970.142
946.512
901.717
882.454
893.636
898.391
884.807
864.61
773
778.365
788.732
1086
995.146
766
763.372
775.869
821.872
837.91
859
852.419
1258
1078
967.026
1015
1019.82
999.146
926.716
926.437
906
905.542
914
859
862.663
865.895
865.756
859.307
859
859.549
859.785
858.796
858.338
861.075
930
932.64
930.792
929.547
789
804.217
803.548
805.302
805.923
836
930
1031
1007.54
980.821
774
776.025
914
924.921
900.688
844
828
843.653
874.697
742
735
718
722.824
730.331
738.229
704
734
750
762.233
761.458
759.714
764.895
773.226
776.923
868
860.201
766
769.467
774.627
776.161
1031
924.605
813
811.832
875
1188
1094
961
828
826.593
856.386
901.816
895.947
843.593
813.892
817.917
1140
1036.85
933.977
860.878
860.936
908.971
945.945
919.818
1023
992.11
936.81
898
1172
1108.71
1008.75
938.025
929
938
943.74
925.231
923.562
951.167
992
964.081
920.719
928.45
1008
1009.31
963.757
923.743
943.814
969
972.998
944.785
923.153
851
906
927.544
929
907.411
828
804
930
1195
1088.35
980.615
828
828
898
943.091
812
805
830.106
896.63
1023
867
828.152
855.214
781
891
883.472
855.502
843.597
828
1211
1056.5
956.195
940.319
942.159
805
803.766
808.239
890
889.538
877.347
876.954
890.448
894.248
796
797.635
805
1359
1211
1064.65
1044.52
1125
1098.54
844
848.355
797
796.919
843
860
862.092
875
892.531
894.112
726
688
687.542
640
641.097
641.505
642.514
617
620.621
621.775
623.152
624.43
626.023
625
610
613.157
613.098
617
616.83
609
611.291
625
626.53
640
644.112
641
648
650.653
652.44
652.667
653.757
655.341
656.712
727
719.541
715.728
714.148
717.053
715.236
710.585
706.126
945
851.56
813.696
735
898
1227
1086
976.846
964.616
964.677
1101
875
875.893
883
884.374
1187
945
918.676
1187
1048.48
953.688
797
799.394
1336
1110.98
972.473
969.398
993.498
993.809
946.977
774
757
789.6
1273
1062.24
925.072
909.826
947.479
1133
960
893.119
896.758
1039
898
870.933
1289
1109
860
854.258
922.478
951.01
1352
1086.47
961.955
1258
1144.76
1070
1070.87
1076.63
1031.02
875
886.457
821
820.409
822.912
835.722
845.754
849.887
852.977
853.847
853.539
1164
914
911.357
914.69
913.204
901.44
828
782
781.666
782.514
783.997
786.157
851
813
811.77
1227
1049.07
967.298
966.839
859
1234
1055
959.598
953.645
959.352
954.895
912.449
907.42
916.734
922.962
1094
922
910.389
920.271
923.061
1125
914
906
938.676
931.226
899.696
905.473
934.545
781
828
849.351
846.489
773
798.978
818.08
817.722
807.171
1031
969
899.802
916.21
916.505
874.16
945
939.946
894.504
892.961
805
812
867
1118
1011
957.144
820
819.655
827.763
832.686
832.515
830.875
1203
1070
980.024
953.927
958.226
960.178
1156
1051.24
930
924.658
970.358
985.997
939.152
922.425
805
813.215
1227
890
859.697
1227
1072.93
968.341
966.002
907
1125
1005.25
932.918
936.413
965.639
968.555
923.592
904.646
1243
1164
1007
1005.5
977
977.225
952.737
951.506
971.587
953
941.17
941.962
961.287
962.358
820
837.389
851.418
858.921
836
836
1320
1144.19
1038.37
977
977.306
967.643
943.634
941.934
1047
1109
1001.59
859
865.999
913.007
1164
1140
1022.98
982.03
995.347
1001.17
1188
1120.05
1040.44
875
870.42
926.796
1031.44
1070
1002.58
1211
1189.72
1120.33
992
1005.88
1037.61
914
912.698
1015
1033.87
972.516
967.198
1118
890
896.769
1203
1073.41
914
944.783
984.432
924.574
1226
1079
981.955
812
1125
1109
1047
1014.16
797
823.147
905.583
954.984
875
861.627
1281
1151.3
1011.02
967.136
1171
1144.81
1019.7
945
844
855.896
1141
1065.57
972.373
851
828
882.002
981.881
980.23
921.701
885.017
887.705
938.559
883
851.857
969
992.557
1093
1001.63
930.394
942.403
1227
1094
993.786
952.255
992.237
1027.49
993
929.701
935.9
969
1187
1008
867
868.09
922
996.42
1164
1028.55
947.022
828
832.514
1219
992
906
896.072
969
805
803.444
820
828
826.294
782
792.64
819.046
822.883
812.22
805
819.306
1203
1036.06
891
889.547
901.709
901.251
851
845.614
774
836
859
858.542
797
875
907.228
901.373
843
831.512
1179
1063
836
837.159
874.575
883.869
841.436
860
906.414
1039
1157
1039
945
828
829.077
843.373
1109
1063
914
903.023
976
999.761
985.711
922.191
914
938.504
967.732
1133
1102
996.232
875
828
875
1148
1090.39
1009.67
1109
1106.92
1071.6
1008.36
1004.03
1024.63
1047
1007.27
959.603
965.071
996.259
1101
1044.8
883
886.178
925.011
953
843
774
781.07
789
815.697
821.009
844
874.27
900.507
867
821
828.465
846.067
846.065
844
758
726
727.525
737.632
688
687
688
679
664
665
671
675.918
679.866
683.89
689.099
693.965
697.804
700.645
664
670.989
669.002
667.679
680
687
688.531
687
687.389
688
695
692.832
688
687.355
711
709.154
707.328
758
757.404
752.919
751.214
750.324
821
803.887
789.909
784.633
875
858.356
758
767.787
1156
1110
942.421
939.093
943.745
1109
979.946
916.543
946.942
989.608
983.637
883
820
836
898.344
1204
1038.13
867
797
828
908.529
882
844.488
828.138
1187
914
871.067
870.837
820
820.748
824.01
825.346
883
881.834
1031
1007.2
944.174
961
960.542
921.686
901.343
781
786.697
786.402
1086
1013.87
960.914
959.713
875
865.236
861.421
858.598
854.568
938
955.071
951.223
922.234
913.104
961
859
883
880.29
953
922.177
919.22
920.008
1055
1017.12
774
835
853.661
1093
907
898
927.693
938.263
902.794
882.02
727
749.76
762.233
704
704.944
709.161
717.731
722.543
727.519
735.348
740.993
743.179
744.273
648
666.925
640
657
672
679
681.159
685.82
691.316
696.151
698.065
698.934
649
632
632.056
629.314
594
593
586
585.942
578
579.294
586
587.938
590.606
593.065
595.865
598.722
601.231
603.528
605.323
594
597.867
597.682
648
644.028
643.57
679
682.193
680.496
703
701.064
698.982
695
672
670.601
640
641
633
656
680
680.461
688
687.434
789
875
937
875
855.393
839.513
821.099
802.023
781
836
843.708
837.72
797
788.848
789.594
726
719.581
714.257
625
625
594
593
589.989
586
585.214
586
554
569.291
565.729
565.67
565.374
565.374
565.73
566.119
566.534
567.059
567.623
633
641
647.382
687
695.24
697.049
699.624
702.255
702.994
702.327
701.103
672
670.277
665.389
659.707
617
633
627.028
623.207
622.197
622.966
624.277
625.913
742
731.494
703
703
705.313
701.818
703
696.124
691.004
711
707.656
701.805
688
685.532
682.622
633
643.458
641.095
641.961
602
614.338
615.122
578
590.913
590.48
594
594.376
596.548
601
610
612.05
593
598.931
578
554
563.155
555
554
563
539
544.94
546.127
547
554
552.866
554.234
555.597
556.912
558.106
559.153
560.401
561.247
562.191
562.921
688
640
649
646.115
644.672
642.191
594
609
586
586.078
594
609
603
640
634.668
633.384
632.096
696
734
719.948
712.566
945
881.057
844.965
830.424
825.543
816.995
801.314
787.574
785.07
785.538
784.161
797
805
844
838.823
930
828
824.813
765
765.989
764.693
765.793
769.277
679
672
671.133
680
684.036
828
837.921
822.768
781
776.41
743
733.244
679
676.968
676.759
678.89
682.386
664
665
666.734
680
688
695
695.578
698.034
664
648
646.766
610
586
586.226
583.794
562
540
548.22
546.23
545.359
532
536.25
535.534
535.372
535.522
632
623.637
625.896
695
774
762.197
843
841.187
824.843
734
734.065
721.181
649
646.386
639.001
629.992
664
664.917
665.469
750
759.167
773
770.736
768.451
649
633
632.348
630.704
641
644.919
649.274
704
716.686
717.434
715.434
712.938
705.096
695.62
686.467
610
620.186
610
609.707
610
610.24
594
594
594.219
595.039
625
628.443
617
622.14
625.436
633
641
671
641
649
648
647.354
644.266
641.397
640.019
638.982
562
592.237
563
568.367
571
568.713
569.298
570.413
602
600.058
601
605.88
609.123
611.684
696
679.7
703
699.512
734
727.268
721.928
679
680
673.614
667.402
661.894
672
669.294
667.79
617
602
601
596.908
597.856
727
723.499
836
820
828
774
718
711
699.568
689.287
695
694.148
692.422
672
672.019
667.697
664.672
661.707
664
664.08
665.534
667.792
586
562
574.713
539
549.804
547.891
563
562.89
566.286
569.34
572.706
664
664
664.887
665.42
666.793
625
629.6
623.154
593
586
586
571
570.646
570
567.37
571
570
570.059
570.994
586
587.375
590.411
593.223
595.891
609
608.028
617
615.976
641
638.556
641
625
626.551
625.833
623.626
621.142
619.855
619.138
610
610.218
648
680
680
742
745
734
730.356
687
672
665.067
658.146
655.497
654.251
654.421
656
656.468
672
674.052
727
729.98
724.191
718.936
719
695
680
676.893
656
656.838
617
626.437
623.931
625.842
593
603.071
602
604.318
625
627.769
625
629.457
618
621.443
620.463
620.796
620.202
620.165
593
601.066
617
614.66
601
604.074
601
578
578
579.199
580.178
578
580.114
582.27
586
633
634.431
656
695
695.362
691.935
695
692.666
688.261
683.376
907
827.907
794.577
703
699.174
781
777.167
756.004
730.744
727
738.677
664
680.073
617
629.214
586
594
592.575
586
586.384
586
601
625
664
672.423
678.804
688
692.015
719
717.508
719
719
672
675.226
668.89
719
715.41
804
766
753.272
744.605
1047
945.016
886.183
696
687
687.934
698.02
708.006
820
789
755.431
820
829.947
822.037
703
703
714.896
727.062
726.675
720.513
721.658
632
659.857
656
665
662.583
664
711
731.249
735.674
729.255
729.615
731.699
732.085
726.891
721.822
664
672.61
671.276
672.095
672
670.836
703
742
745.541
738.81
733.713
731.716
729.774
725.492
720.137
680
684.742
684.062
686.49
686.691
687.156
687.652
680
680.668
680.686
617
610
612.252
633
637.549
618
623.991
628.616
633.511
636.521
727
722.841
672
676.642
679.431
678.035
672.586
667.991
664
665.45
662.398
659.309
664
661.528
657
656.477
655.177
653.718
648
649.38
650.378
665
667.023
669.307
670.56
671.823
688
685.601
684.729
664
666.914
672
670.855
668.931
664
665.085
665.954
664
663.89
664.428
656
658.052
659.231
679
675.215
674.756
675.742
676.711
677.081
675.955
675.069
617
637.182
634.72
634.812
634.863
637.338
852
859
830.817
813.164
821
797
775.684
756.323
744.47
696
695
691.215
703
705.142
680
664
633
634.444
634.19
639.236
594
578
602
600.588
604.432
633
656
664.711
781
782
770.517
750
742.709
742
734.075
725.806
664
666.477
662.102
658.596
653.126
648.605
711
717.982
715.26
672
676.021
680.355
682.824
682.452
664
666.239
648
650.689
651.474
652.716
703
706.57
702.43
697.073
719
720.828
716.994
711.839
710.19
703
700.266
664
668.255
641
644.141
642.771
625
629.228
631.221
635.237
638.512
642.076
648
652.175
656.096
659.573
662.316
664.272
664.439
663.793
648
651.157
649.288
593
612.483
578
547
554
555
539
539
516
539
531
532.984
533.897
535.305
578
574.711
641
656
679
678.957
678.614
676.069
670.828
804
781.438
679
682.018
679.808
675.685
668.936
633
656
672
668.951
661.321
625
639.149
687
691.731
678.109
663.223
704
712.732
712.975
696.802
641
654.786
664.389
672.895
667.115
601
610
618.442
625
627.92
609
602
617
622.489
625.62
656
656.651
657.675
659.052
661.046
648
647.375
646.013
645.352
643.885
643.021
656
696
695.755
691.422
689.853
689.962
688.305
684.178
680.328
664
664.257
649
650.077
649.103
650.766
665
667.065
667.812
667.877
667.967
703
704.975
704.386
702.382
702.149
700.264
680
680
678.083
680
677.744
677.19
677.101
677.018
676.856
676.871
676.89
676.925
680
679.699
682.475
633
617
620.341
619.991
622.134
633
633
638.079
642.42
647.058
650.41
703
726
688
690.483
704
700.73
703
648
658.2
657.344
655.523
652.11
650.488
651.353
652.744
703
693.977
687.705
684.076
686.595
687.456
664
664
665.244
648
650.902
648
656
649
664
663.016
664
641
646.191
645.97
647.435
656
654.957
641
644.793
645.826
836
778.501
752.226
781
779.259
766.578
753.104
743.331
672
678.631
633
664
711
716.681
656
703
742
740.902
725.512
774
779.366
768.432
640
675.772
680.48
625
636.304
601
611.73
611.42
812
737.894
717.94
773
771.121
753.503
688
695.172
664
640
640.135
639.222
638.511
638.074
664
665.168
665.711
688
686.803
686.595
689.615
691.28
691.578
692.528
664
669.048
687
683.716
680.446
679.615
680.258
696
691.514
690.233
735
695
698.812
699.035
726
716.914
696
700.22
702.402
734
722.269
716.783
716.168
641
659.923
658.41
658.229
658.554
660.211
663.346
843
802.23
805
773
711
705.169
699.196
694.448
693.336
693.075
693.173
711
713.831
961
1078
1005.82
947.374
911.668
882.705
719
703
695
672
670.117
726
766
695
711
722.842
734.198
734
680
684.644
687.857
690.469
689.985
689.008
689.529
693.224
696.602
688
680
679.472
664
667.693
667.075
742
744.367
703
707.304
703
704.929
727
725.072
721.739
719
717.987
714.83
710.217
705.522
702.139
672
680.663
664
667.43
667.658
656
648
649
640
719
716.202
717.457
680
703
701.675
719
687
687.482
680
664
665.989
657
687
664
667.733
695
690.889
686.375
684.677
649
659.679
657.25
656.488
655.515
656.236
658.213
828
786.972
743
789
787.263
772.773
679
695.076
697.002
695.486
710
696
698.36
700.831
649
662.883
594
593
579
578.888
579.052
562
567.067
567.193
568.206
555
560.726
560.419
602
602.07
680
695
694.867
695.448
711
710.262
709.004
664
666.02
633
629.264
621.652
615.528
610.983
625
622.189
622.253
622.655
623.209
703
704.439
703.071
702.68
703.692
711
703
664
649
633
629.419
601
610
607.606
679
683.012
704
687
688
680.781
696
694.338
690.652
640
633
625
623.607
623.116
622.919
622.926
624.832
625.95
627.172
627.911
820
774.701
752.028
740.606
730.225
716.428
702.681
690.614
633
635.278
633.084
633.052
633.883
695
710.615
719
715.329
711.628
672
671.404
668.834
666.398
695
700.195
701.649
633
645.568
649
650.031
649.219
645.807
633
648
650.285
653.903
750
744.588
732.104
723.312
687
688
682.225
677.508
673.889
671.568
669.587
667.751
665.642
734
758
748.631
750
726
717.075
708.532
702.139
698.947
703
704.05
705.193
680
688
695
750
742
733.768
726.844
719
719.213
758
718
727
725.234
742
750
742.187
736.708
734.543
734.646
733.047
774
726
733.087
734.03
735
731.827
730.269
641
648
649.641
650.872
654.022
657.973
663.882
648
654.507
656.741
660.326
662.353
664.405
667.513
669.919
672.023
679
688
684.945
641
649.45
648.082
646.891
645.94
680
681.106
681.59
680.517
680.419
782
768.42
754.086
711
710.387
707.669
703.71
697.546
695
688
687
686.352
695
719
695
695.71
694.603
695.945
843
782
742
739.92
711
709.977
704.221
699.869
758
762.917
930
906
868.944
846.6
828.117
808.69
805
891
881.552
797
796.212
807.36
818.75
808.656
727
750
773.364
791.042
776.291
953
797
789
800.91
810.026
788.623
781.521
799.504
680
687
690.931
691.048
691.834
930
843.806
804
805.878
805.559
765
977
1047
976.599
813
811.151
819.569
830.69
735
750
765
735
733.203
734.133
748.698
763.772
763.257
760.278
891
885.371
945
938.914
916.3
913.395
844
838.762
834.232
750
789
794.744
797.207
794.785
797.013
800.133
800.549
758
726
743
742.639
743.732
744.825
742
703
710.533
687
689.843
648
654.721
652.697
648
664
667.248
672.291
676.247
680.355
672
648
672
666.431
665.911
726
883
852.372
831.525
868
864.094
849.689
834.576
826.37
820.592
810.744
687
698.791
699.507
711
664
649
653.719
655.804
695
695
706.748
720.674
664
633
636.243
609
611.064
586
578
578.186
577.37
578.038
547
539
542.212
547
544.321
586
593
618
625.436
632.579
836
793.946
891
781
688
679
667.519
659.647
657.401
649
647.206
671
657
656.963
656
688
689.958
688.152
656
641
641.605
758
760.423
750
737.05
731.329
765
772.179
765.608
747.111
671
665
648
664
633
636.486
633
634.93
633
635.94
633
636.403
617
621.608
609
610
610.127
610.313
610.619
611.462
613.655
615.338
616.254
860
767.93
744.92
735.867
703
680
633
625.316
620.726
619.565
619.525
672
680.781
678.036
672
734
735.65
961
895.783
854.664
840.964
824.351
781
742
725.344
750
898
859
805
734
728.312
738.375
763.23
772.658
755.534
648
664.192
680.323
722.055
649
648.615
641
651.952
660.394
664
656
657
672
682.323
743
711
718
721.902
696
697.127
692.474
690.171
687.773
686.313
649
648
645.559
644.147
643.437
643.039
633
635.908
625
628.317
628.507
630.319
632.051
648
649
625
609
612.878
578
587.367
578
601
598.372
601.893
609
618
625
672
673.64
852
813.362
758
781
781
758
747.275
703
697.991
687.529
677.991
672.323
668.368
666.267
664.664
664.344
664.139
664.081
663.882
789
791.415
785.552
779.522
777.201
768.37
649
661.765
640
638.855
638.585
609
613.517
612.966
614.305
615.465
617.965
617
619.982
632
635.462
672
677.041
680.674
664
672
664
662.804
633
636.19
625
594
599.223
585
585.936
585.09
585.524
586.279
587.38
554
567.834
586
640
642.616
711
716.03
709.954
704.45
695.578
789
719
726
718.917
713.92
707.971
687
683.861
677.067
758
740.887
758
747.912
757
753.178
742
679
692.024
688.727
687.306
686.84
687.072
690.276
693.485
695.668
696.341
696
695.357
680
687
685.251
687.363
688
688.921
648
625
628.069
617
619.009
625
628.347
632.676
609
616.417
648
688
679
665
664.693
665.884
687
633
640.654
617
620.043
619.805
619.735
620.022
620.869
687
711
672
675.019
677.757
675.875
671.799
668.44
641
632
641
656
656.124
652.996
625
630.289
633
635.652
656
649
625
609
612.594
615.126
602
604.685
649
652.997
653.692
651.437
651.816
651.988
648
646.163
644.007
643.086
642.167
641.256
640.886
641.042
640.653
562
571
573.603
572.68
575.32
576.72
579.952
782
724.822
705.173
701.336
695.16
682.753
669.676
658.406
650.087
719
719.182
688
686.633
686.489
656
664
672
669.633
672
672
674.433
676.173
688
686.113
684.494
683.574
683.017
680.271
678.17
687
719
696
697.899
664
672
669.812
669.877
669.204
669.703
670.781
671.909
727
672
679.656
681.508
682.027
680.072
594
628.549
629.353
602
586
592.62
593.689
594.344
596.367
593
598.035
586
601
598.022
641
634.993
633
635.791
637.683
638.174
635.484
641
637.733
636.319
635.455
601
610
617
609
609.288
609.289
609.559
610.472
611.172
613.28
614.389
615.424
703
693.944
686.497
681.816
680.796
677.191
601
615.805
617
641
641
638.226
638.209
639.511
638.982
633
625
625.69
617
619.322
619.567
602
606.801
608.008
609.337
610.517
611.255
612.497
593
599.943
600.694
601.848
570
594
586
587.999
587.877
609
606.248
610
610.625
611.34
632
627.123
633
630.435
641
636.913
633
632.06
630.995
629.11
640
635.706
635.484
635.304
625
617
617.454
616.859
616.619
617.357
601
609
609.447
612.126
617
602
607.113
608.461
601
603.587
605.211
606.537
586
592.665
570
570
572.983
573.312
563
567.191
568.74
570
572.057
573.639
576.245
577.197
578.684
555
564.664
563
564.045
570
568.648
569.638
570.504
562
564.528
570
569.372
562
578
575.396
579
570
578
570
571.522
586
586
584.953
584.849
585.043
585.075
584.778
584.457
563
578
570
570
578
577.21
585
583.847
583.919
584.231
584.297
584.248
585.009
585.563
586.067
594
592.175
594
593.367
593.86
594
602
597.135
594
593.81
578
582.352
582.25
618
578
586.302
586
570
539
556.297
554.295
554.388
554.941
556.732
559.129
560.992
625
615.957
613.779
640
636.208
632.778
631.373
649
640
637.033
635.066
632
630.668
627.204
624.487
610
601
602
593
594
625
625.524
594
601
617
618.874
609
610
612.318
613.677
609
610.185
611.124
617
602
605.074
605.912
606.58
633
680
675.386
625
631.69
687
684.735
641
644.412
641
643.522
639.929
610
593
597.65
600.295
602.515
603.021
571
583
570
573.516
574.48
576.551
602
604.166
608.293
610.535
612.948
613.035
612.424
611.706
610.634
609.727
609.135
608.873
608.279
608.337
617
614.731
578
587.636
585.916
584.794
617
633
636.01
625
626.209
625.456
624.171
621.246
618.705
617.054
616.166
615.832
615.323
633
628.605
628.174
609
610.865
610.624
610.384
611.395
612.802
615.021
632
633.86
635.105
634.563
634.35
633
640
641
639.63
638.849
649
656
648
649
648
664
658.481
657.633
657.093
656.864
672
666.349
665.996
665.727
665.577
665.406
665.205
641
645.658
645.072
646.42
640
641
609
617
617.496
619.973
622.024
624.84
601
602
609
610.508
594
598.918
601.386
593
586
589.741
664
641
656
656.359
727
719.453
707.832
672
656
641
635.715
625
623.328
620.991
586
593.614
586
588.58
578
581.804
594
617
622.523
688
695.289
656
661.144
664
660.356
655.671
687
681.579
676.64
656
664
660.096
656
651.658
650.104
687
681.135
672
664
666.866
664
663.602
633
641.788
617
594
597.206
602
594
609
609
613.426
616.433
619.293
633
634.992
638.024
641
632
618
617
616.313
616.054
615.749
616.234
616.122
615.941
664
663.183
680
679.238
678.954
677.156
664
660.448
655.992
652.481
633
633.404
630.119
630.729
594
604.931
604.479
617
615.56
618.05
621.331
624.963
628.062
630.443
633
633.971
641
639.591
639.067
638.592
594
609
606.36
641
633.053
625
625.096
641
617
594
599.729
578
583.095
582.723
583.602
585.578
587.691
589.901
578
582.538
583.582
625
609
612.015
648
645.147
641.469
641.057
640
638.213
634.946
601
606.961
603.689
601.578
600.227
600.292
600.63
600.958
609
609
618
617
617.336
619.994
620.996
621.651
621.832
602
625
619.923
619.506
633
629.391
628.87
628.433
617
618
617
609
633
626.784
626.83
641
656
651.455
649.747
649.409
648
657
652.549
649
648
647.566
647.143
641
640.921
640.698
640.171
649
647.888
647.79
647.631
648
648
641
642.859
641
642.264
643.52
617
627.549
626.642
628.91
602
585
590.941
591.973
594.708
563
562
566.816
555
558.973
560.561
562.914
565.341
516
523
528.477
508
500
506.225
504.967
504.975
484
493.187
484
486.976
487.519
500
495.58
524
518.885
521.428
523.045
525.471
547
541.328
578
572.209
573.003
573.69
574.695
573.322
573.705
572.399
571.478
570.2
569.368
568.059
568.03
566.575
531
543.003
542.115
531
539
537.188
555
555
557.366
558.568
560.018
602
599.355
625
623.244
602
601
598.021
609
602
600.927
599.427
598.726
598.212
597.214
594
578
578.833
578.593
577.344
576.303
577.649
735
697.805
685.312
680
676.128
670.839
594
608.683
578
579.457
563
564.164
562.685
562.088
578
593
625
672
671.21
671.334
674.953
675.772
675.545
719
714.36
709.005
711
671
672.939
666.453
648
680
687
766
742
732.036
725.833
899
872.554
695
680
687
692.789
696.645
696.04
773
789.63
766
747.963
748.664
750.7
679
682.091
686.235
689.988
750
748.423
746.692
747.065
745.935
680
679
675.73
758
679
689.832
726
729.304
722.378
719.924
723.653
721.81
679
758
711
713.299
718.019
717.593
1070
984
961
868
860.204
757
743.203
836
836.969
820.332
766
766.326
734
734.623
733.853
733.395
695
694.542
695.248
719
729.382
733.758
664
670.264
674.504
678.065
681.003
829
822.23
750
745
745.123
680
680.19
696
698.258
697.308
696.608
701.419
750
781
844
829.581
743
740.737
737.074
731.47
729.137
727.563
724.765
725.214
727.038
724.524
720.654
735
734.937
731.483
726.722
722.634
722.791
723.3
648
648
657
657.643
774
773.08
774
773
767.703
789
781.649
770.382
759.298
751.038
688
692.884
689.573
695
750
758.14
751.876
797
797.092
787.256
797
828
890
874.829
860.34
851.602
842.243
719
703
711
758
771.586
772.598
777.624
774
812
821.398
813.801
802.209
794.057
789.706
783.61
780.884
777.83
775.116
703
713.23
797
774
770.225
768.51
851
855.269
734
766
782.657
777.021
756.062
763.041
783.797
782.49
757.182
757.829
742
750
744.993
740.932
703
720.361
703
758
695
709.702
742
750
695
696
702.668
702.761
699.906
699.539
680
719
711.554
709.5
705.897
710.328
710.491
758
740.935
733.027
695
703.403
711
742
734
704
742
745.299
746.905
736.431
727.994
687
697.752
701.974
706.414
664
673.714
678.544
685.121
686.318
684.639
687.072
691.009
694.675
694.398
692.891
694.534
696.243
696.861
695.391
727
720.418
696
699.874
726
727
679
688.88
692.918
692.778
680
682.543
641
640
618
621.347
622.666
648
688
694.499
726
731.524
703
711
706.611
695
688
683.41
680.24
828
804.217
783.638
770.021
760.791
751.388
734
725.263
687
689.64
689.076
692.351
632
643.636
645.461
647.564
648.65
649.687
652.25
727
739.814
664
640
633
656
657.962
656.21
711
714.797
875
834.501
802.851
820
781
762.471
734
722.796
715.692
711.568
742
747.594
750
746.676
703
704.995
727
731.173
696
679
681.685
684.039
687
687.944
689.004
692.292
696.704
699.757
703
758
773
735
703
758
750
743.62
703
710.17
715.738
719.207
734
719.991
718.718
722.475
695
700.206
699.017
700.25
664
656
680
680.486
683.893
765
766.183
789
783.279
774.846
766.454
757.357
749.015
741.868
617
644.542
646.039
601
613.784
615.393
656
648
633
625
631.063
594
605.093
604.303
603.613
603.68
604.067
546
576.867
573.971
571.933
569.638
568.991
568.5
567.985
567.067
696
656
672
672.163
843
797.281
771.699
762.204
758.249
718
710.466
664
655.73
773
766.47
745.811
730.439
729.445
732.959
726
716.384
705.905
702.362
702.992
735
741.787
735
725.465
722.183
632
625
625.46
624.485
594
601
601.422
604.275
607.248
610.992
615.34
641
647.369
652.76
641
617
625
625
624.007
680
671
680
677.249
789
779.212
765.932
755.76
751.739
766
760.374
750.111
703
758
969
859
758
754.089
772.164
791.05
776.617
703
714.34
687
705.242
707.944
706.745
774
783.944
765.24
687
695.512
672
672.926
735
746.23
744.478
741.593
727
742
742
735.875
726.906
719
716.265
716.049
714.363
688
691.202
695
695
711
680
711
719
742
742
727
727.435
672
687
684.241
703
700.518
698.772
789
875
857.125
835.282
820.801
807.94
793.973
780.534
768.81
761.347
756.364
752.592
719
687
683.721
682.263
685.318
711
734
812
735
741.361
758
763.412
762.369
755.875
734
743
739.182
687
711
709.287
688
691.604
711
688
692.091
727
758
672
703
708.285
702.175
696.841
704.14
705.986
699.483
698.391
703.46
703.095
700.002
700.253
701.017
701.322
625
654.238
633
636.93
633
617
633
648
650.711
654.624
695
698.704
743
740.018
735.487
735.155
735
730.046
724.424
727
727
723.041
720.248
717.72
680
679
664
663.327
632
641
639.775
643.689
672
750
773
907
899.432
879.956
765
753.937
738.59
724.62
718.372
716.001
715.942
716.087
715.921
641
648
647.993
647.747
648.566
649.436
703
672
672
664
667.728
679
766
761.256
752.543
695
742
719
715.37
707.115
702.176
700.292
672
664
660.022
632
657
650.985
652.756
651.132
653.059
655.566
719
715.542
715.527
715.41
633
625
624.975
726
828
817.325
790.922
770.346
672
633
625
625.936
586
601
601.168
625
633
648
651.875
680
672
671.501
688
689.893
693.722
648
654.24
652.013
648.978
641
617
620.725
617.795
617.459
625
641
633
601
608.994
610.761
578
587.098
586
593
591.72
593.538
595.758
597.826
578
602
601
610
608.642
671
663.878
659.522
648
647.995
644.886
640.914
637.451
632
630.906
628.694
627.144
625.641
624.445
622.646
625
641
672
695
694.722
693.511
691.171
687.14
682.317
677.373
664
661.573
632
649
645.704
750
744.322
732.82
723.488
714.765
758
759.797
751.425
688
694.645
680
681.55
678.277
674.794
672.537
695
697.752
710
735
687
693.73
695.45
696.216
694.195
719
716.945
715.963
716.129
687
672
656
696
693.641
694.917
773
771.394
883
1024
987.597
957.356
942.555
750
821
833.877
773
762.186
760.078
734
750
749.948
750.503
719
757
763.907
767.455
750
755.666
836
834.628
750
767.492
782.212
727
742
752.527
751.388
735
743.163
751.206
672
690.74
640
649.151
586
562
566.938
547
550.151
547.226
545.449
544.821
555
554
555.591
556.99
558.588
559.956
617
610
614.451
618.629
623.1
626.725
664
641
641
644.018
680
674.453
669.929
670.808
609
609
606.098
600.057
596.846
625
625.97
628.975
629.699
610
617
648
625
627.386
626.9
727
713.465
657
660.353
665.456
665.16
658.401
653.334
652.413
654.496
593
615.039
614.188
613.264
611.151
611.383
612.339
613.34
613.663
664
663.494
703
687
641
646.245
642.794
639.889
636.962
634.758
711
707.661
698.176
679
680
703
700.463
692.063
664
641
646.315
649.055
653.786
653.986
641
642.585
645.883
609
618
625
671
675.792
674.96
673.557
673.579
673.355
711
709.02
702.426
696.549
664
680
676.14
719
672
674.413
696
726
717.746
708.143
750
789
777.244
760.907
754.699
760.089
755.384
745.476
671
682.541
685.988
718
727
718.496
714.817
718.484
719
695
695
694.846
697.835
699.456
700.127
701.629
703.141
703.953
695
734
758
922
884.777
862.055
742
758
754.596
695
789
1078
964.996
893.831
861.732
856.875
735
724.13
723.624
765
788.155
711
735
695
700.199
699.867
699.801
797
727
725.529
728.379
731.864
773
763.205
750.835
688
687
688
679
696
696.364
765
727
766
766.243
766
718
723.105
719.635
715.505
710.268
719
726
727
725.715
723.387
722.471
781
767.61
758.306
754.366
742
742.425
765
758.334
719
735
738.047
774
760.199
797
792.573
785.523
779.252
773.995
769.301
764.494
852
838.944
703
711
719
750
753.274
752.028
753.437
789
797.401
786.328
781
782.94
786.113
719
750
755.748
755.42
745.996
672
695.354
907
832.46
793.878
778.925
780.581
783.564
777.22
688
680
687.616
695
705.566
705.637
705.014
710.418
720.705
750
747.978
736.319
734.323
739.623
711
727
724.526
723.416
742
738.132
736.754
735.332
733.865
732.166
703
735
781
772.418
764.909
764.488
743
797
787.076
777.063
742
742
735
738.41
734.584
703
714.344
688
700.765
700.134
702.715
789
790.131
781.158
775.363
750
744.495
736.942
731.107
781
711
703
706.514
708.596
710.888
710.957
714.394
797
792.376
779.625
750
711
711
709.872
709.659
710.324
711.782
714.052
716.351
718.846
797
735
703
687
690.065
782
779.031
867
858.488
838.358
773
760.563
703
696.919
696.42
679
680.136
680
683.711
727
742
750
750.415
749.712
719
715.979
726
725.769
725.317
723.517
695
699.068
672
703
703.135
706.168
702.611
701.604
702.445
704.252
704.655
703.676
703.124
703
711
711
734
734
731.594
774
769.338
763.377
759.983
757.586
711
719
719
715.185
713.803
713.938
714.672
714.874
695
688
690.607
758
755.117
789
787.377
782.36
775.572
766.847
758.456
765
735
711
707.297
706
709.609
713.271
718
721.417
724.035
725.102
742
703
711.412
711.776
712.863
805
795.791
784.984
776.508
771.673
766
758.648
751.928
679
688.469
688
718
724.373
774
781
777.783
750
741.04
875
869.705
765
766.542
758
761.344
757.568
719
723.571
732.39
758
752.24
695
704.981
727
741.869
695
694.748
687
698.428
702.67
701.83
700.725
711
716.145
718.519
765
719
719
734
711
713.353
710.731
735
728.961
726.229
726.463
679
680
678.435
789
821
836
820.589
773
758.931
748.238
740.684
719
712.113
680
695
711
726.726
733.248
804
816.167
803.876
742
734.924
742
741.327
739.029
757
758.375
711
715.057
715.092
757
758.17
749.703
739.497
733.732
750
754.697
758
727
687
672
674.471
711
723.279
725.899
805
805
820
807.72
750
742.674
711
705.46
703.778
766
782.639
844
839.699
825.185
781
766.434
755.572
747.15
719
714.447
714.222
719
723.427
805
906
897.797
874.316
857.661
841.421
825.388
809.393
795.673
784.713
777.956
774.9
828
838.505
834.032
821.999
813.91
758
753.589
751.601
752.967
756.253
820
797
794.123
796.346
718
725.756
724.531
805
813.612
807.858
726
730.592
750
774
777.93
765.022
742
735.245
797
726
719
711
715.672
734
737.067
732.766
719
725.06
719
721.665
718.289
717.173
859
839.02
766
758
762.847
758
750.349
711
719.351
726.101
781
789
767.75
750
749.393
766
774.466
761.872
735
730.164
737.576
664
676.335
676.377
679
682.008
696
703
707.764
711.187
715.401
867
834.999
875
871.374
757
769.559
763.924
805
790.368
890
1032
989.405
946.788
927.752
774
771.497
772.695
777.605
780.055
758
789
773
775.658
776.608
778.049
797
765
765.105
763.972
764.942
765.571
821
789
790.239
734
744.562
757
753.632
782
778.749
779.404
779.088
860
820
809.258
765
771.457
726
729.428
725.465
734
736.91
741.113
746.165
718
724.886
743
812
805.211
773
789
867
866.331
849.929
719
711
715.949
711
716.962
719.396
851
875
836
811.618
742
703
688
688.204
696
695
698.667
797
883
868.076
774
742
742
746.05
813
818.586
805
742
730.525
737.236
757.202
758
748.709
729.917
714.973
734
750
759.803
726
727
731.063
740.507
735
728.318
725.404
718
696
711
734
773
770.076
726
711
719
724.662
729.157
726.777
703
680
683.677
689.632
758
914
969
875
841.299
822.492
809.997
798.344
719
727
731.155
742.288
748.124
727
728.157
734.026
742.316
744.052
741.079
738.178
741.89
734
734.806
719
720.586
727
730.019
730.275
695
703.924
705.314
688
691.239
691.378
773
703
709.94
715.078
715.833
712.678
710
711.689
672
684.943
683.127
682.277
681.39
672
679
680.335
680.981
680.776
680.748
703
687
690.533
664
672.144
670.975
671.513
670.611
1023
867
812.875
809.476
703
680
674.09
711
758
757.251
735
730.373
813
821.126
798.722
766
726
695
688
695
699.114
701.681
703
696
698.368
774
784.771
789
774.641
852
858.669
743
751.726
727
725.666
723.098
711
713.942
750
812
800.405
788.176
765
757.61
781
780.56
771.874
759.052
752.622
752.866
757.921
758.971
883
861.783
821
789
782.826
788.566
680
672
674.062
676.447
681.706
689.215
758
750
751.237
756.278
761.316
759.108
695
703.661
703.454
703.34
757
743
737.094
737.94
736.672
695
695
691.497
774
766.904
759.325
755.141
742
739.738
733.871
727.991
722.712
718.755
715.974
715.332
727
765
767.147
759.199
797
795.247
787.815
766
750
789
773
766.711
703
715.559
719.649
725.321
721.165
717.792
758
765
760.543
875
898
797
799.945
808.583
750
752.613
805
795.455
797
797.388
802.147
789
780.031
781.487
711
722.751
724.684
725.672
657
671
704
734
726
729.148
736.712
744.126
746.41
743.672
789
791.339
782.126
868
859.766
781
788.53
774
767.358
761.939
759.553
757.209
679
695.402
789
780.962
767.984
767.891
776.355
780.02
771.64
743
757
763.646
764.558
711
695
704.528
713.33
717.425
707.948
774
789
781
805
809.561
726
688
691.482
694.562
697.179
1000
820
789.459
773
772.711
770.387
763.643
757.405
754.833
754.107
844
844.578
820.411
797.139
794.653
758
750
750
748.993
748.768
750.73
754.485
758.946
761.895
761.928
759.485
756.329
752.402
747.694
743.989
744.671
745.365
836
834.722
828.373
823.004
758
758
765
763.457
762.101
750
743
745.217
749.039
751.604
797
795.467
787.086
779.497
772.892
750
789
787.691
805
758
750
781
784.788
780.607
770.24
773
766
769.862
766.907
761.96
762.805
750
756.542
757.845
774
767.749
789
743
754.498
753.466
753.791
782
778.242
703
703
695
697.559
700.346
875
845.465
765
767.516
750
742
782
783.131
859
845.172
711
731.009
736.963
747.374
747.254
740.238
735.928
737.385
774
797
788.371
774
742
745.768
753.736
762.377
735
750
789
796.573
789.083
836
765
767.487
766.029
764.386
719
742
744.931
746.348
703
716.977
703
708.242
707.458
797
743
747.483
734
738.537
805
779.998
768.454
766.312
679
699.019
695
693.084
703
679
687.366
726
766
754.109
742.8
741.687
843
813
794.621
778.8
778.779
750
748.279
765
760.61
734
734.906
738.436
743.218
739.355
733.183
734.745
738.937
781
774.531
734
711
715.139
742
747.593
743.264
733.946
804
813.911
875
789
742
747.053
760.54
769.216
726
727
738.259
719
719.562
719.962
742
748.201
747.072
742.187
743.625
750.345
750.143
743.004
743.639
758
756.023
752.241
750.564
751.141
750.707
750.257
748.459
747.827
747.408
805
820
814.435
750
756.409
756.13
672
684.064
684.895
688.084
692.777
699.081
758
769.882
764.857
764.645
765.661
760.503
753.551
687
688
688.458
688.906
691.385
693.897
781
783.04
789
812
809.265
734
740.623
738.266
734.976
730.547
805
803.316
788.067
786.886
790.135
774
766.011
761.453
757.828
755.048
753.991
755.111
757.313
758.638
759.402
758.591
757.66
756.073
1250
973.773
894.85
758
757.523
755.858
727
725.081
724.622
805
875
865.726
838.351
831.568
727
710
711.681
758
773
770.944
768.897
767.154
768.546
719
750
754.467
750
739.781
718
720.294
721.886
711
710.301
709.67
742
742
742.048
734
737.612
740.921
711
687
689.664
689.818
680
703
706.719
710.991
712.813
711
718
735
731.207
688
672
674.798
675.77
678.424
695
696.373
719
727
724.514
721.236
711
709.543
703
695
680
681.75
695
672
677.063
678.058
679.295
664
667.506
668.844
711
711.232
710.768
712.125
713.944
742
737.447
731.04
727.369
719
703
701.135
698.86
697.431
696.483
719
718
716.779
714.886
714.194
715.1
704
705.057
705.042
706.154
707.424
695
698.356
718
727
724.152
722.108
721.953
721.723
720.186
665
679.638
679.521
682.162
680
682.873
687
672
664
664
688
685.944
685.879
687.952
688
690.765
648
660.21
633
641
703
757
751.949
742
733.821
735
727.851
720.038
703
656
659.636
609
614.788
586
554
560.21
555
555.952
556.081
557.159
559.335
562.093
523
541.934
539.22
538.236
531
531
531
547
543.172
563
586
591.306
595.423
610
613.099
615.495
750
720.505
695
711
712.11
709.662
704.968
700.549
697.437
656
703
703
711
700.841
688
703
699.7
633
656.749
594
601
594
592.131
590.789
589.934
589.985
664
672
640
633
637.284
638.535
578
602
600.424
641
628.066
626.724
627.847
629.599
628.102
625.032
622.469
665
654.825
649.703
650.073
651.599
650.115
647.489
742
720.768
1109
917.88
1094
1032.24
973.099
711
679
672.822
679
678.928
678.7
696
699.979
700.553
700.293
648
649.968
617
615.177
593
593.913
592.798
570
578
577.542
578
578.699
586
601
605.512
611.551
616.837
622.106
626.47
630.275
633.196
635.704
610
593
610
605.679
609
601
625
625
623.989
664
679
680
664
663.625
661.064
640
639.684
636.835
635.783
634.906
633.443
641
617
656
648.658
649.411
625
629.407
602
602
602.665
570
580.638
554
560.953
563
562
563.691
601
633
633
635.42
637.452
639.203
638.804
636.66
633.174
648
643.623
641.719
617
618.887
614.967
613.112
617
618
632
631.986
633.122
625
626.849
609
612.71
612.113
612.913
570
589.415
588.125
570
594
578
581.679
583.243
578
580.94
581.789
594
591.908
593
594.001
593
593.808
593.952
593.874
594
610
606.057
625
621.478
620.888
621.737
672
672
667.197
640
641.779
638.38
635.698
632
630.029
629.529
629.4
628.865
641
648
648.078
656
653.971
652.995
625
629.661
628.92
629.054
629.115
594
607.674
606.814
586
586
588.655
590.403
592.616
595.21
598.222
601.115
570
580.446
571
573.765
586
601
602
601.954
609
618
616.794
616.156
614.778
586
592.007
578
586
583.971
584.855
585.509
578
579.284
580.282
581.247
582.293
585
594
586
589.248
590.717
591.634
680
663.992
657.867
654.776
655.58
653.563
649.323
625
625
625
594
599.772
555
563
562
586
641
656
654.48
653.24
654.281
652.7
648.327
594
602.404
599.452
570
576.752
555
559.387
558.159
558.253
594
591.069
609
601
606.237
609.314
641
633
633.267
632.907
633.045
631.182
628.49
625.534
609
609.465
594
594.327
592.476
593
610
625
625
625
625.35
625.663
703
700.095
711
705.927
702.742
698.427
692.841
686.95
682.203
677.763
680
734
680
695
694.274
692.819
679
672
670.951
641
651.558
625
630.504
628.963
609
613.542
612.865
625
632
641
664
669.84
679
704
704.511
704.585
742
737.599
732.789
729.799
725.783
703
700.515
664
664.666
617
623.625
620.936
620.849
696
711
714.157
716.731
718.763
774
726
766
758
753.275
748.48
741.736
891
789
780.887
779.086
648
625
627.378
626.613
628.978
632.639
836
797
775.528
773.979
727
726
717.671
709.051
703.019
699.971
648
672
711
722.645
716.057
704.089
625
643.754
602
585
584.001
581.59
594
609
616.687
623.195
609
610
625
656
661.645
661.938
663.684
665.504
665.754
680
677.829
674.435
672.574
609
617.902
614.663
610.788
610.186
610.141
610.9
611.862
613.006
614.323
781
740.76
695
692.641
688.319
681.518
673.837
666.766
661.999
659.392
719
717.431
704.395
782
726
719.222
715.638
710.767
672
695
680
681.394
687
685.023
680
681.673
680.751
679.123
695
688.653
691.015
690.906
648
625
627.434
633
634.438
636.427
656
665
670.06
688
695
695.147
693.811
625
625
624.135
664
667.097
666.856
665.08
695
699.342
695.601
689.471
685.033
682.253
859
814.372
783.139
758
749.179
745.776
740.418
730.717
721.771
716.593
687
689.597
625
625
623.481
622.857
664
675.781
813
815.688
711
716.342
758
759.342
906
872.981
835.853
813.314
796.241
789
777.09
762.862
749.067
738.931
734
805
1031
899
844.56
789
773
772.193
774.882
773.676
805
789
765
762.444
797
821.619
828
836
803.422
789
1031
965.352
836
818.46
827.291
820
743
743.707
782
811.602
758
756.469
789
818.954
789.965
867
877.435
859
883
889.312
873.614
773
786.952
799.257
750
753.692
765.716
797
786.926
812
797
773
777.694
781.08
976
867
790
792.357
802.537
807.401
792.727
773.005
789
867
922
866.036
828
781
796.954
766
768.377
767.423
765
767.628
775.569
758
759.001
758.848
762.167
764.504
764.086
1063
963.31
919.358
917.201
758
759.544
757.484
828
831.434
818.777
711
714.901
724.427
752.129
719
789
791.368
898
894.182
863.424
773
771.301
777.808
787.458
781.936
766.573
758.31
761.763
1101
976.071
789
777.955
785.653
809.938
891
922
812
795.417
814.959
855.597
858.719
727
728.197
744.635
778.015
778.675
805
799.126
799.691
809.66
789
776.28
922
910.437
766
771.972
750
751.84
751.67
753.246
758.693
765.208
769.578
770.524
734
739.14
739.749
765
762.537
891
758
742
744.127
746.645
766
761.851
761.037
859
852.261
829.621
797
765
764.041
761.742
759.169
859
843.998
819.786
815.324
820.342
814.781
828
814.395
984
953.74
918.05
899.701
898.354
797
859
858.048
1109
1004.09
945.1
943.67
943.508
921.39
888.285
1000
843
856.144
861.029
859.839
857.719
1023
989.003
797
828.996
906
1016
934.975
934.796
939.816
922.582
789
810.918
969
906
863.774
860.225
898.252
875
859.07
857.195
881.022
860
836.424
841.041
864.863
864.763
841.562
781
804.619
836
839.32
765
743
755.366
775.355
1102
828
836
867
881.8
797
792.985
1156
981.245
865.237
703
688
695.771
707.445
709.148
708.832
714.211
828
852
781
777.001
782.016
790.788
719
718.334
695
694.614
695.089
695.512
649
656.66
656.388
656.693
654.488
649
649.911
651.631
653.305
654.205
655.96
657.813
659.439
661.047
663.187
665.124
671
669.219
670.424
670.685
672
671.53
671.153
703
750
746.562
742.556
766
1101
969
909.316
773
763.398
852
781
766
820
822.339
808.779
781
780.542
785.468
785.201
772.085
762.555
762.097
750
747.869
747.243
747.843
789
914
896.235
871.056
797
791.391
790.466
791.65
789.93
785.342
779.868
859
872.222
758
764.125
766
773.585
765.009
759.672
767.909
785.886
792.962
875
875
836
833.373
837.479
830.162
820
807.674
774
836
914
897.735
871.135
856.696
857.341
863.889
860
844.366
827.414
828
836.673
797
795.986
795.413
800.068
804.19
829
825.1
851
853.898
805
813.084
815.249
812.296
773
781.094
787.48
820
829
817.985
818.509
822.55
789
781
780.905
742
782
781.121
1109
965.912
906.572
903.499
821
813.02
807.827
805.598
765
763.921
891
894.806
869.372
773
774.39
727
726.917
781
820
914
918.209
897.053
813
801.008
711
709.492
711.517
717.307
725.067
733.722
743.782
852
871.47
853.696
703
705.766
708.618
714.908
805
825.918
810.751
953
969
805
805.623
734
732.614
733.041
734.024
736.303
797
821
816.448
711
672
672.679
672.854
640
664
669.373
633
664
670.607
678.438
641
649.471
672
674.369
695
688.584
695
700.038
688
727
703
718
713.91
757
750.281
743.975
740.371
739.788
852
906
881.892
861.023
735
738.286
735
733.158
750
752.998
1032
966.423
903.767
869.104
758
765
766.163
769.39
718
711
688
687.499
680
726
750
753.826
774
777.154
805
804.499
781
780.249
781.267
750
747.512
744.266
758
820
818.412
810.064
805.424
801.375
796.042
766
763.459
760.927
761.695
820
824.379
820.845
930
927.25
905.808
781
859
813
808.138
796.815
803.328
808.546
808.689
800.732
801.004
806.288
807.858
805.578
800.401
820
782
789
812
807.492
703
728.276
732.005
737.929
738.967
744.415
688
695
696.918
699.282
700.348
719
724.861
730.558
733.611
742
789
785.428
750
688
692.275
692.565
694.144
694.575
696.078
701.39
705.039
707.057
813
805.474
836
825.543
812.007
891
884.791
750
782
788.904
781.446
757
761.443
768.007
767.648
883
853.671
830.575
828.847
828.554
815.351
803.071
803.212
742
875
961
917.239
879.812
866.491
865.793
858.696
841.95
823.654
814.044
813
818.824
818.653
811.124
806.093
807.143
735
740.443
773
836
849.762
855.008
861.246
863.613
852
883
878.835
774
787.409
788.756
790.435
787.203
790.209
1132
891
881.786
883.646
877.24
836
1211
1026.44
937.569
949.161
948.703
905.274
901.155
913.08
757
797
899
883
864.287
871.779
907
904.028
875.342
820
829.387
828.929
734
744.02
711
712.694
703
703.875
828
898
820
822.821
831.424
831.248
818.558
810.716
810.38
809.585
803.07
696
711.712
1219
974.889
828
825.095
838.005
839.131
813.805
806.917
758
742
744.029
748.038
727
804
1157
1054
940.013
925.681
925.25
867
842.055
812
810.116
809.841
809.733
808.848
781
758
755.633
755.057
805
750
747.48
753.659
906
820
808.239
808.896
781
758
754.019
753.698
755.344
755.695
754.865
1000
805
781
785.888
758
742
741.35
741.802
765
770.091
770.396
875
1164
1011.2
940.16
820
815.444
815.207
814.749
765
914
977
932.086
790
812
844.704
898
858.74
810.175
805.512
804
823.117
812
789.94
785.637
930
906
862.935
789
794.981
831.369
773
820
819.077
814.964
820
797
797.719
796.958
1117
992.666
765
782
794.273
810.938
809.802
812
969
963.153
797
781
813
837.445
822.222
805.494
811.63
832.736
832.278
803.864
750
719
724.556
733.509
696
695
698.987
708.215
715.946
720.934
703
727
734.389
739.549
737.319
805
812.346
807.045
798.017
801.602
798.591
792.542
742
719
716.68
735
765
765.894
875
812
758
789
805
797.725
735
745.621
755.948
759.252
781
1055
951.922
1008
789
703
688
672
664
663.555
711
797
808.025
804.039
801.903
719
716.682
715.059
713.624
712.181
773
727
703
703.677
671
665
660.214
703
711
714.185
716.816
722.084
789
794.429
785.871
778.143
774.493
769.494
761.572
754.237
977
1015
993
1031
945
919.935
905.942
735
734
734
739.26
727
805
843
844.426
828
830.067
828.771
820.773
808.445
808.1
809.07
809.126
679
697.562
648
625
624.149
621.939
621.929
623.321
626.46
631.314
637.121
633
638.262
601
613.167
610.736
610.133
609.474
609.224
890
860
826.087
734
720.8
704.493
930
781
744.768
1000
938
852
757
797
821.853
821.214
771.67
992
1102
952.008
797
802.744
854.42
976
887.666
823.744
1047
1044.27
932.342
844
868.726
1024
988.546
895.014
1007
852
849.599
876.185
889.329
860.976
852.929
880.983
898.791
880.202
854.847
880.003
851
848.417
1039
968.664
911.214
927.126
934.509
905.707
877.353
893.333
836
796
801.394
808.687
812.612
875
902.163
895.148
893.31
894.848
889.032
882.17
881.009
880.01
876.097
867
867.386
866.474
835
839.534
838.245
805
750
752.81
711
714.709
714.233
719.536
728.329
740.587
753.667
765
773.437
774
820
824.449
824.125
758
789
785.83
782.35
789
782.139
821
817.129
810.278
781
784.918
789.294
742
749.172
749.429
752.096
734
740.623
820
922
889.633
868.978
828
820.164
811.302
726
725.586
758
778.613
784.143
773.746
805
789
766
760.918
761.221
761.334
758.554
757.301
759.85
763.144
617
671.255
609
622.095
621.383
621.098
649
656
664
672.066
679.321
685.832
690.487
693.474
672
680
678.117
812
769.803
753.989
746.357
742.895
739.365
781
772.743
781
768.064
774
770.405
719
721.831
765
761.525
797
781
735
758
718
722.546
860
953
922.319
797
859
790
828
813.419
867
843.423
953
924.943
904.547
894.336
887.853
873.797
820
735
737.4
737.19
797
821.553
835.884
847.662
855.394
734
744.583
812
827.91
824.421
758
836
930
773
774.346
790.989
793.847
771.519
771.849
758
769.984
768.174
782
781.224
781
779.078
777.42
776.194
735
711
714.175
714.556
718.812
722.244
727.754
766
774.022
775.994
776.664
789
852
843
831.626
734
740.264
743.32
719
720.039
703
707.897
797
781
769.932
1156
1054
1000
985.483
922
883.787
871.906
711
726
836
864.401
855.543
847.811
849.783
851.884
797
790.562
787.903
785.92
784.566
785.003
868
885.445
870.456
812
1117
907
886.198
884.475
851
846.037
735
748.191
749.728
750
930
797
796.861
799.705
800.115
789
758
760.736
760.437
766
765.63
695
680
681.269
649
672
671.47
673.359
674.028
678.474
685.232
690.307
694.241
697.631
700.866
703.835
656
656
654.244
652.09
651.559
641
644.422
644.794
646.778
688
742
781
875
872.011
867
844
830.542
815.2
695
689.608
687.475
1101
946.637
851
821
819.885
819.576
875
750
766
771.47
844
842.287
765
765.949
784.791
813.665
797
727
710
723.38
735
750
739.161
726.652
734.416
719
725.02
725.607
722.699
720.59
723.316
727.494
729.049
728.473
711
718
727
726.969
725.28
724.929
726.266
781
777.972
836
831.196
823.482
782
774.764
768.005
762.142
757.204
1063
956.517
820
898
901.62
874.479
839.653
840.29
845.333
843.069
743
766.811
797
810.938
781
750
773
774
773.542
727
731.946
749.768
765.872
762.779
727
742
757.779
828
792.247
763.903
760.045
773
783.817
812
787.061
766.183
764.896
766
776.192
775.429
763.699
890
877.051
853.849
830.031
827.898
813
804.763
795.396
792.109
793.448
793.594
789.758
786.442
786.517
789
726
737.779
719
721.458
722.258
725.551
730.317
735.789
774
779.644
782.251
812
789
750
750
742
740.197
738.261
738.984
741.371
741.401
703
726
723.735
723.697
722.061
722.664
898
858.02
835.278
773
743
757
782
778.818
762.505
742
742.716
756.214
769.157
796
774.608
750.836
742.324
703
710.4
718
724.027
742
744.568
743.167
740.965
739.572
750
750.765
742
727
726.128
725.401
725.288
724.475
688
695.59
696.567
699.294
813
773
762.597
758.612
758.069
752.9
744.764
735
730.155
672
711
706.063
709.807
704.29
703.261
706.123
930
856.781
968
844
836.128
711
719
773
773.889
764.012
758
758.022
813
814.105
786.835
767.639
768.111
836
834.141
794.352
726
719
703
680
681.814
681.753
757
766
711
734
746.068
752.446
703
706.682
713.933
716.301
664
679
684.616
773
727
712.616
781
780.398
782
750.919
750.692
734
734.475
750
695
719
735
703
705.783
696
699.43
697.97
735
727.98
797
851
743
765
774
762.361
754.037
756.309
750
750
744.976
812
796.16
781.95
765
797
787.916
789
771.56
781
784.855
782.474
773.839
770.829
812
807.46
789
742
758.492
766.444
735
687
693.193
680
685.304
687.865
692.226
699.905
828
817.621
883
836
820.528
711
710.867
813
844
824.371
781
766
766.08
836
842.109
819.967
735
726
740.903
784.335
800.487
774.905
746.743
969
943.818
881.304
817.336
750
764.866
742
742.657
741.137
745.116
703
851
841.345
812.462
797
828
836
821.498
703
742
753.634
764.374
828
797.869
765
767.82
750
758.8
754.852
749.225
743.815
745.303
751.152
679
694.363
694.393
696.657
696.84
698.682
702.288
706.014
708.97
828
797
787.154
898
766
775.414
777.586
766.947
763.061
764.517
763.724
760.962
1046
909.863
863.018
864.928
857.337
797
797.282
867
1118
898
874.162
742
719
703
701.598
701.14
702.017
704.785
812
875
871.212
855.155
789
828
830.627
823.219
803.718
793.849
791.65
782
718
719.139
836
834.914
818.6
726
734.953
805
836
811.265
726
734.525
770.594
742
711
696
711
738.472
745.419
723.055
742
764.032
774.942
703
707.437
765
772.493
748.18
766
812
868
822.833
795.606
803.38
907
864.181
773
776.47
797.966
813.511
792.499
766.102
776.676
796.349
734
734.162
744.304
1008
961
789
820
836
835.379
781
735
718
703
705.08
766
794.289
791.913
785.661
784.965
719
718.772
718.433
717.638
953
1062
1016
957.353
765
758
781
817.141
819.993
798.365
771.695
734
733.09
844
789
766
789
794.331
795.395
785.718
779.055
758
758.935
711
715.566
781
788.65
782.275
768.332
770.285
776.014
821
808.051
758
759.291
765.628
774.546
771.321
759.971
751.229
758.145
767.222
770.337
762.064
753.1
756.693
763.596
767.046
761.482
754.551
735
740.77
782
785.321
851
797
750
797
804.288
805.968
782
770.802
772.699
734
743.481
727
729.551
711
711
695
688
690.517
692.456
695.349
698.911
702.937
836
822.58
812.353
809.713
805.228
793.948
782.117
727
750
757
756.523
766
759.495
757.338
753.789
750.723
745.845
739.719
734.09
750
789
793.606
789.612
797
796.892
794.323
788.68
711
743
741.356
742
734
742
745.422
836
822.7
813
1047
974.189
929.862
925.187
742
750.26
750.788
938
895.872
856.715
849.834
849.961
850.08
840.054
797
791.596
792.482
719
719
718.527
758
758
760.209
843
854.916
774
786.023
793.817
812
800.728
875
805
803.452
808.609
1055
929.446
874.701
797
797.748
719
714.463
714.52
717.372
721.906
728.951
738.152
745.804
748.431
734
733.351
733.436
672
676.352
633
637.615
635.121
635.493
636.909
640.126
644.464
648.92
653.184
657.489
661.461
859
797
784.984
805
803.374
1055
966.565
750
748.719
836
1055
935.319
891
750
747.887
772.052
727
695
690.558
765
814.559
757
766
775.695
781
750
743.54
703
705.522
664
632
625
623.527
625
625.535
626.866
629.427
719
711
715.272
656
662.042
659.779
657.534
726
734.574
730.702
719.926
713.532
711.355
709.866
750
735
680
682.131
688
742
738.323
766
754.045
745.217
738.817
929
894.396
844
814.68
804.915
806.878
695
702.031
702.206
704.384
706.499
708.397
713.816
781
789
945
915.304
880.761
864.757
734
732.2
727
734
740.59
742.96
746.466
1007
985
932.72
774
711
718
727.93
743.782
773
776.445
774.684
766
765.424
844
853.957
833.163
735
732.423
738.135
755.515
763.467
759.533
696
702.328
821
828
742
711
717.861
745.506
761.132
740.513
714.508
718.247
742.564
688
686.945
664
670.639
675.958
679.351
781
765.816
749.297
746.158
758
773
719
711
714.151
797
742
711
594
609.387
612.69
562
579
581.315
584.541
588.466
578
584.381
593
610
615.648
743
726.54
715.217
713.681
953
953
914.814
945
945.103
928.199
937
928.763
835
837.204
827.469
814.905
719
723.219
720.882
742
745.205
748.189
754.881
765.79
796
797
782
710
782
789.76
1008
925.361
867.779
797
787.343
773
704
694.572
633
628.625
627.307
626.893
797
890
886.194
853.241
929
932.337
727
711
726
732.991
736.471
945
901.359
858.127
735
735.101
750
751.849
727
725.011
732.732
746.006
688
703
687
703
696
695.023
694.084
914
898
805
795.62
798.211
790.89
773.939
762.268
766
767.65
766.581
782
742
734
781
789.042
710
717.084
938
856.87
812.403
807.924
859
847.095
808.569
793.35
820.701
758
758.324
727
758
1070
924.855
758
759.985
776.927
726
723.903
725.675
726
729.384
688
691.176
692.63
1110
924.979
838.059
830.484
830.026
750
745.024
743.776
743.318
742.86
758
758.682
757.905
756.203
753.957
782
851
842.913
824.862
824.619
828
992
945
774
777.87
781
907
921
868.806
831.498
833.156
861.673
877.464
734
766
766
783.953
780.766
718
758
785.316
719
719
726
696
700.612
656
656
664
663.257
663.798
665.21
668.807
758
751.597
747.185
747.432
749.71
883
864.019
840.884
825.25
765
757.061
860
851.882
830.033
743
726
766
781
805
781.014
755.993
749.989
771.922
800.27
883
845.484
782
762.631
776.687
807.106
821.628
811.033
781.376
762.848
767.693
786.17
800.175
820
781
761.978
762.221
773
797
734
711
766
775.719
789
770.902
735
687
664
667.77
672.966
682.919
687
696
734
749.832
735
729.216
724.698
725.013
721.847
715.824
711
708.984
707.874
706.696
705.754
750
750.008
766
836
834.306
825.13
818.927
814.254
806.765
750
751.687
782
779.849
771.856
771.63
781
779.845
772.48
766.893
767.228
768.589
821
814.412
734
727
732.041
734
737.394
711
695
700.793
664
670.638
671.455
674.564
678.088
682.508
687.634
692.424
696.004
698.832
773
852
841.827
829.318
819.131
806.398
793.755
782.277
945
925.653
894.797
867.447
855.678
860
858.852
845.655
812
798.885
836
855.4
789
821
836.476
734
747.535
766
789
775.64
779.352
719
728.974
820
1039
943.618
758
710
711.067
664
662.764
661.895
664
668.554
675.949
672
674.436
676.337
677.726
678.122
677.986
676.746
675.108
674.191
674.366
674.226
675.167
710
711.048
710.742
687
690.459
711
797
788.669
797
781
775.568
695
735
736.975
757
748.766
680
695
701.378
714.026
717.139
707.89
711
712.075
781
776.87
766.004
747.577
687
700.092
707.357
714.523
712.112
705.93
702.608
844
834.669
812.559
788.064
778.756
779.78
778.888
750
820
815.278
875
847.788
826.148
805
798.454
797.787
883
750
761.552
770.853
777.021
772.99
726
741.987
753.82
828
875
954
939.972
813
718
718.613
720.523
781
797
727
742
758.058
775.871
774.813
757.558
753.694
759.57
750
747.259
727
727.389
732.71
738.689
736.944
789
758
756.506
756.566
758.667
755.266
828
820.853
812.386
808.905
805.949
799.606
734
820
798.601
788.166
852
832.641
816.182
818.907
718
747.511
747.081
743.816
742.539
648
691.153
690.121
694.781
742
718
724.114
727.451
703
709.73
790
851
828.859
727
741.876
664
680
679.158
679.505
805
796.6
774.773
1000
945.132
896.446
875.07
869.323
845.492
726
725.546
728.934
734
828
838.475
827.299
797
793.944
758
812
836
758
703
706.611
804
823.017
812
777.059
769.411
836
848.913
826.317
787.073
780.009
867
773
759.949
764.644
780.883
828
801.018
789
1062
1086
973.103
916.157
927.227
813
808.056
814.494
820.034
914
911.114
742
760.009
769.486
779.611
778.715
776.232
778.001
785.039
788.794
791.511
781
781.377
797
802.828
793.868
695
711.512
715.897
728.155
730.354
719
781
792.576
794.224
783.529
743
748.622
755.027
672
681.798
649
651.728
651.348
653.167
656.346
883
817.745
794.144
792.199
773
754.382
765
735
781
805
794.225
773.379
763.099
789
891
1008
941.877
880.608
855.384
855.113
865.809
865.77
813
789
789.648
735
737.78
740.805
747.304
752.672
757.764
766
773.468
719
727.51
729.424
758
756.925
758.14
761.737
844
781
780.444
781.149
773
821
734
749.627
735
750
734
735
737.633
737.965
737.578
726
731.934
731.833
672
694.499
693.214
773
754.937
753.885
1086
958.441
904.401
899.466
888.099
828
757
753.801
754.947
756.7
758
759.303
719
720.665
719.434
696
694.993
758
767.921
767.855
734
727
729.962
734.42
734.445
730.594
729.045
731.203
734.307
733.843
750
747.944
804
766
734
758
766
843
825.306
766
770.105
773.983
758
752.77
703
719
724.894
719
735
718
750
719
723.736
724.48
726.04
726.18
726.036
727.528
773
774
769.073
767.498
765.937
763.592
742
743.532
711
716.461
1015
883.582
758
758.845
762.454
766.869
617
625
633
642.517
742
746.146
741.194
953
902.918
1023
995.962
812
875
872.169
758
781
890
875
797
814.993
805
836
820
742
767.162
767.892
868
796
794.277
828
867
840.834
799.415
711
726.423
740.459
844
750
742
756.905
906
867
811.962
782.367
794.916
789
789.41
766.554
753.819
765.973
719
724.022
724.33
725.127
725.771
727.174
727
728.956
729.509
1078
1016
946.435
942.322
925.538
719
742
751.188
774.111
993
927.255
821
859
877.139
774
771.348
921
911.311
867.537
742
797
875
805
734
748.522
828
836
750
749.97
750
781.586
695
699.713
726.511
711
695.314
687
710.043
720.284
704.08
696.932
711
720.346
711.012
727
732.455
734.083
726.959
727.192
730.602
730.899
632
656.385
610
616.741
614.803
613.768
614.743
617.135
620.737
570
579
579.709
578.186
610
609
602
606.247
609
610.527
632
672
703
703
657
658.805
653.686
688
688.054
682.331
676.648
703
704.257
700.507
727
722.382
805
844
734
739.309
789
779.691
867
838.197
817.127
809.635
809.116
804.847
793.253
780.816
776.448
777.045
778.889
774.624
767.242
766.12
820
823.479
852
836.913
826.722
797
795.243
907
789
742
773
781.917
961
901.482
796
758
828
805
796.396
711
724.447
754.97
765
759.218
742.307
741.047
764.477
783.742
772.067
741.835
719
738.037
758.845
763.875
750.17
730.343
844
859
838.844
802.932
788.889
801.016
805
796.282
777.911
769.317
779.7
828
818.67
798.334
719
729.296
750.667
775.307
778.174
757.16
664
679.168
691.603
695
664
666.238
719
742
727
711
712.379
724.852
733.523
695
703
711.187
765
727
726
730.549
1117
937
831.489
825.072
805
961
976
766
734
727
739.904
758
757.732
755.024
797
820
734
732.207
758
761.297
844
828.983
703
717.695
725.095
680
664
665.19
667.113
669.884
711
726.518
696
700.738
706.453
709.161
702.916
742
744.598
740.112
738.195
739.302
736.513
731.589
867
1000
945.308
909.918
898.034
884.443
820
758
748.127
749.327
756.993
758
759.515
766.747
776.886
789
790.512
784.165
805
809.407
808.329
809.461
811.943
813.373
810.209
805.97
804.258
664
695
693.902
697.491
700.244
704.864
711.575
718.819
725.395
781
786.183
786.575
1032
843
841.258
840.215
844
821.747
819.929
820.074
808.981
802.167
801.765
726
774
770.458
768.26
859
837.237
826.672
824.902
750
765.725
761.044
758.398
711
725.186
812
807.463
791.816
773
785.718
793.122
726
732.898
742
744.147
727
711
750
812
836
821
726
739.39
750.779
922
858.637
807.68
711
713.03
735.016
770.536
719
708.002
708.559
907
860.471
742
719
729.789
680
648
649.185
652.647
660.275
666.665
851
813.265
906
852
821.664
811.832
844
906
875
848.531
841.43
841.154
842.313
719
730.135
758
764.417
759.997
719
733.378
752.56
770.395
764.291
754.354
797
814.701
810.443
793.486
790.65
799.715
806.592
795.118
773
774.45
782.493
787.399
711
726
731.773
739.214
735.772
734.093
738.964
745.925
749.778
757
743
789
791.349
852
742
759.393
727
732.372
732.307
733.074
711
717.548
875
781
778.413
779.619
782.41
775.588
763.659
812
796.863
783.146
781.447
785.37
780.616
969
797
799.967
843
821.075
796.641
813.943
826.694
922
857.888
842.469
855.198
796
805
711
727.198
728.869
731.668
732.369
736.258
745.924
754.857
760.236
763.955
767.322
768.421
768.978
769.003
773
773.848
773.625
758
711
718.802
716.204
715.919
984
859
824.771
822.893
821.076
806.236
786.805
776.209
789
836
835.452
811.755
802.752
757
743
744.732
680
633
634.63
648
660.995
852
836
930
812
727
724.769
723.251
723.502
665
670.663
696
708.952
710.477
708.563
687
672
664
661.789
618
625
626.349
626.429
626.779
627.507
640
664
670.63
672
674.174
676.194
640
646.914
643.257
641.234
602
593
593.866
633
632.005
734
774
797
789.326
777.176
758
741.282
725.745
680
687
727
738.603
687
689.722
789
790.975
711
695
695
706.004
704.226
656
664.403
677.791
640
625
633
638.213
656
651.544
633
638.502
642.115
644.494
644.382
680
682.813
682.585
682.814
648
653.866
651.661
679
677.246
673.115
670.027
710
696
734
727.913
720.385
715.249
773
768.239
757.57
747.887
696
700.205
734
730.873
711
734
736.563
711
688
692.72
696.258
698.484
656
666.317
648
653.841
633
636.773
609
616.582
616.846
594
599.931
600.381
602.099
695
689.029
689.316
690.782
692.411
691.329
686.677
922
839.652
802.157
750
738.313
725.475
712.7
700.934
693.782
690.746
689.155
687.565
774
788.981
813
750
745.563
742.154
1078
965.502
892.692
850.713
839.548
838.603
838.249
826.849
804.444
1070
977
898.735
869.418
765
763.688
772.05
860
859.336
750
805
820
830.659
711
736.504
703
710.527
680
680.914
681.266
773
844
890
758
768.647
766
764.663
758
797
726
731.938
731.556
732.222
731.762
728.808
726.36
725.665
724.757
721.401
719.202
720.022
720.507
721.13
757
752.885
754.833
755.376
754.626
735
703
707.763
705.409
707.248
708.574
742
746.636
875
862.007
846.22
834.985
805
922
906.321
881.385
856.212
843.447
842.23
743
718
716.614
717.244
722.947
729.622
738.592
743
753.682
679
689.577
691.14
691.81
656
663.997
680
684.681
687.043
688.393
688
656
649
640
641
640
641
642.017
643.613
641
643.209
644.098
664
679
719
725.626
718
716.738
712.85
708.619
703.614
742
797
791.584
687
696.083
697.515
700.605
672
675.244
695
700.319
700.244
697.369
701.387
828
807.316
778.573
760.758
762.473
767.37
756.365
742.349
750
755.023
757.772
750.122
742.595
641
663.785
666.79
633
695
688
694.784
700.22
852
825.571
734
758
759.285
906
766
762.409
768.152
770.771
750.262
742.418
752.08
761.506
757.44
680
703.022
657
673.104
672.42
673.005
703
704.529
706.29
648
662.875
662.802
662.811
661.188
660.941
663.013
665.144
649
679
673.427
711
706.347
702.79
700.614
727
828
813
794.52
784.209
750
742
742
735.536
711
707.98
820
820
735
750
762.896
828
804.137
775.576
764.859
765
781
719
723.022
734.843
742.673
736.04
688
695
702.909
714.694
714.892
712.254
852
828
802.413
703
711.863
716.791
723.474
716.813
743
752.224
753.245
743.755
737.637
736.829
899
863.219
828.067
797.383
828
838.947
830.252
796
786.476
891
886.91
743
754.546
867
820
719
730.173
763.756
783.87
753.353
746.699
774
734
731.764
914
852.603
796.803
793.204
758
763.73
976
961
890.852
856.248
953
906
867.876
841.369
742
755.695
768.081
780.437
758
805
837.587
839.185
814.549
774
776.098
758
757.545
696
700.405
734
742
744.953
735
740.25
747.204
751.743
711
714.465
718.576
722.319
720.39
718.458
721.099
914
869.494
830.153
816.434
797
785.85
772.546
760.7
753.653
752.389
753.303
753.881
743
740.421
738.301
844
734
738.502
727
789
758
718
728.632
737.264
738.131
742
719
789
785.328
758
751.548
703
766
843
860
781
778.934
786.784
1054
933.738
829
806.406
711
735
750.44
760.353
742
733.343
737.619
851
719
716.068
742
719
695
699.464
706.778
706.575
706.022
707.364
719
722.607
735
732.347
688
687
734
726.146
713.542
712.55
715.305
734
914
945
911.284
885.119
874
863.105
649
656.082
660.827
673.939
689.713
696.951
701.509
708.903
804
827.036
816.164
703
702.685
703
705.018
707.752
708.67
708.72
709.365
672
734
736.471
711
703.493
699.809
703.55
618
601
606.734
606.193
607.138
607.834
610.499
614.428
618.443
622.204
617
641
642.98
646.069
649.411
652.436
654.813
654.678
652.602
652.974
765
740.146
729.664
725.244
724.234
721.12
715.224
709.46
705.657
702.45
930
851.159
811.352
796.463
791.336
786.451
766
746.95
735.688
891
886.359
856.056
821.583
812
821.452
703
711.615
712.169
712.621
714.363
718.795
727.63
737.499
742.76
750
751.925
773
734
739.989
740.089
727
797
785.059
797
794.113
789.347
784.332
778.615
773.168
768.345
764.672
761.909
759.851
789
828
822.922
815.37
797
791.687
703
672
648
646.256
647.952
610
616.073
601
603.667
625
632.644
642.3
734
742
711
703
704.836
703.814
699.7
688
684.341
681.437
678.957
675.102
670.965
750
750
739.507
731.056
766
766.235
812
801.747
791.55
742
739.508
736.541
734.42
730.492
930
977
812
798.51
800.738
807.385
798.229
672
692.416
703.499
726
728.761
727.551
737.888
761.632
758
766
760.351
759.508
648
633
635.944
735
757.921
758.268
746.964
758
756.571
703
702.145
680
677.666
625
630.18
593
596.211
594.303
593.452
593.226
625
626.91
640
647.004
654.379
680
684.617
696
742
740.746
738.764
882
856.361
842.271
703
709.231
700.71
750
750.969
750
740.209
836
789
767.776
898
874.814
750
760.678
797
796.237
760.044
761.729
844
833.194
789.976
786.719
727
735.932
737.249
735.378
719
724.675
733.666
740.412
718
720.281
724.776
730.093
730.892
729.624
729.841
797
828
815.903
805
803.49
803.297
821
810.424
727
703
705.316
711.463
721.215
725.854
729.014
734.881
742.9
748.834
748.55
744.237
745.533
748.173
749.476
748.969
747.653
746.425
633
656
655.9
657.615
660.036
664.002
669.831
852
816.494
898
782
780.243
763.929
748.914
789
765
762.587
984
914
864.841
855.907
820
899
1023
967.714
907.439
710
718.502
729.742
776.656
797.402
734
750
778.846
797
796.639
766.721
763.771
780.95
801.077
800.615
719
721.492
733.106
748.032
747.281
731.254
724.189
664
678.37
683.426
690.233
617
633
637.444
618
622.078
621.296
648
687
692.817
672
676.755
681.438
683.028
648
653.918
680
656
657.096
679
675.197
695
690.423
687.984
687.355
685.411
682.523
773
766
813
984
844
835.412
832.738
938
895.653
750
703
706.159
766
786.812
764.563
656
669.195
692.348
820
790.182
782
756.395
852
851
782
758.59
764.463
786.518
742
789
788.98
776.233
797
828
807.605
765
775.253
787.851
781.154
763.524
907
1000
929
860
757
759.997
764.485
769.176
766.306
805
828.19
828
811.999
806.579
703
706.869
765
782.15
784.089
797
799.77
836
773
774.084
727
773
797
795.85
782.183
777.552
781.073
787.216
784.899
789
780.658
781
780.577
781.661
687
707.972
709.599
715.208
717.492
720.821
725.996
733.495
1000
903.585
864.456
856.864
789
813
820
810.089
711
718.246
805
891
849.637
773
768.102
792.293
750
734
758
774.651
786.319
768.995
758.185
766
779.489
711
789
784.768
851
817.126
804.335
807.534
808.059
782
774.818
773.633
829
937
897.332
734
766
776.441
791.572
719
765
836
836.552
750
752.128
776.782
797.171
773.334
747.198
758.081
781.415
742
696
706.771
719
730.145
716.348
709.567
721.314
680
687.205
687
689.76
691.008
692.547
695.551
710
711.731
851
867
848.562
836.939
828.384
814.384
758
749.68
744.158
742.44
742.184
741.679
946
916.869
879.548
719
719.827
722.104
728.702
743
753.052
773
758
758.209
719
703
672
625
625.128
625
672
702.143
750
767.345
773.418
771.91
734
722.786
711.526
664
662.429
672
675.687
680.014
681.075
682.238
735
851
836
814.187
799.494
787.141
711
703.736
701.637
700.23
922
879.823
837.258
719
714.317
717.204
729.139
737.735
734.524
722.414
719.853
703
703.94
828
875
836
788.555
759.89
756.818
762.226
734
688
687.839
719
741.989
746.571
736.536
732.565
773
787.717
742
687
691.569
698.911
706.683
695
694.14
695
680
719
721.871
718
712.895
715.082
719.626
727
723.147
797
812
766
711
714.651
713.314
710.721
706.997
708.607
758
828
875
781
775.322
766
771.113
906
774
758
765.572
780.68
785.413
766.27
755.563
781
799.169
805
771.243
812
826.605
822.221
883
773
750
757.957
764.126
656
625
649
653.963
663.856
670.945
954
869.666
832.845
832.355
851
750
750.875
750.259
748.637
746.598
745.383
745.129
704
708.1
687
686.477
685.316
672
672.603
673.291
675.316
677.178
703
709.319
695
734
719
758
756.957
812
809.227
803.725
800.958
797.497
793.834
788.839
726
730.751
914
851.819
822.643
750
759.514
766.65
805
791.602
766
820
844
841.781
806.693
797
812.808
832.578
815.541
784.176
696
713.18
723.396
740.955
672
680
648
657.971
663.678
672
688
699.32
875
849.233
773
771.764
772.696
820
800.771
711
718.862
727.875
718
712.832
703
706.709
715.481
664
664
680
682.291
680.782
681.436
687.519
692.883
695.481
696.55
698.585
701.371
610
601
603.847
601.998
579
584.588
570
574.607
563
567.032
570
563
562
563.774
564.647
571
571.406
586
585.602
578
571
574.589
555
570
566.436
567.028
567.42
593
591.118
593.044
594.033
595.485
656
649.838
647.097
647.162
672
669.989
664
661.284
661.14
659.217
657.812
654.901
653.31
651.647
726
716.498
656
664.218
625
632.601
627.673
624.61
623.081
570
600.601
596.821
596.68
594.414
554
563
564.841
547
551.774
555
554.066
554.043
555.081
556.328
558.025
559.553
561.206
562.712
564.1
564.851
566.687
719
789
773.457
821
765
696
685.49
672
633
648
610
615.68
607.873
578
584.493
579
577.928
576.294
575.163
657
695
656
688
693.775
695.737
693.74
691.374
689.11
735
680
685.396
703
696.273
672
672
641
645.124
639.513
636.913
635.412
633
635.005
636.845
638.897
641
643.088
645.107
646.399
648.54
625
630.69
719
742
733.415
765
758
751.99
671
676.311
727
726
716.024
705.691
703.094
708.181
711.148
695
689.131
773
766.977
752.359
719
728.829
745.015
748.342
727
716.211
766
766
703
708.563
721.601
711
704.315
702.043
711.25
665
677.507
681.672
656
662.555
641
647.905
649.302
650.37
750
828
809.976
781
743
729.942
687
672
667.935
667.384
797
726
715.056
734
703
703
711
750
749.647
735.778
732.659
732.078
719
695
694.419
695.534
781
760.468
711
725.066
820
813.168
742
738.958
766
771.564
719
722.038
744.236
752.019
730.089
715.939
766
875
808.195
766.607
734
757.614
774.739
758.261
733.812
757
828
821.347
780.985
797
809.468
811.884
784.375
763.493
779.086
792.539
781.092
711
710
722.608
737.219
737.388
724.644
797
808.301
792.784
774.794
765
772.783
774.473
764.223
755.604
735
742.381
747.534
750.368
750
789
734
719
721.925
703
707.263
708.177
750
757.423
820
823.252
813.66
810.343
801.922
793.325
727
731.574
797
795.236
785.058
805
938
945
907.129
885.658
883.368
872.558
852.794
812
809.127
836
914
896.792
865.927
856.026
704
709.825
713.066
656
734
758.262
788.833
804.817
812.926
814.8
814.444
809.868
798.606
765
757.885
735
733.894
732.814
732.886
758
761.372
762.578
762.629
760.2
758.879
695
701.552
699.407
700.208
701.836
704.228
707.864
711.947
664
688
685.128
648
648
649.304
679
696
687
690.586
695.505
698.717
696.225
693.658
687
664
667.819
665.656
665.663
664.501
570
610.845
612.001
615.746
586
595.213
597.786
599.007
600.432
602.504
605.672
555
547
515
531
524
515
517.876
517.83
517.569
500
507.533
515
512.02
531
526.426
529.564
578
610
611.288
612.956
656
658.008
657.446
657.776
703
700.127
672
674.427
641
639.744
625
609
594
592.031
588.306
617
618.196
711
938
877.926
679
618
616.251
615.207
616.269
618.697
620.024
594
586
570
562
555
554.477
553.639
552.891
649
672
672.3
828
819.797
802.696
795.772
789.718
718
727
720.355
713.262
688
683.67
820
750
733.592
731.319
739.393
711
687
686.349
711
696
671
677.065
689.519
774
750.867
711
695
688
693.67
680
664
664.117
667.579
673.556
675.771
703
705.525
758
759.16
749.273
750
743.995
737.352
733.204
729.647
725.539
721.853
718.79
715.957
713.453
656
665.612
663.267
663.821
665.81
669.236
674.467
679.851
684.69
688.994
692.979
696.638
699.128
774
769.365
760.922
812
836
824.2
711
758
752.693
743.697
731.993
766
769.693
759.256
748.361
754.432
773
761.968
891
848.387
822.919
821.034
822.315
808.975
794.357
794.609
798.474
796.896
789.223
784.414
785.791
785.659
780.995
776.552
774.919
773.849
772.625
771.855
758
762.846
696
711.287
711.163
713.809
716.758
721.37
726.948
680
703
695
664
670.846
670.359
670.333
670.969
734
731.665
730.857
732.818
735.261
730.403
725.23
721.357
718.095
714.888
672
682.894
679.043
750
743.205
696
700.765
703
735
732.442
724.825
719.468
719.843
711
709.953
687
690.968
750
746.67
695
680
692.86
700.886
766
758
687
688
703
715.507
664
625
637.279
646.765
656.185
654.027
651.514
640
647.291
656
658.902
656.164
654.284
657.476
661.573
663.055
601
619.414
621.073
571
578
570
571.731
586
582.846
593
586
586
589.563
591.268
578
562
571
568.886
568.844
568.775
569.872
562
565.064
609
606.632
608.609
657
687
711
719
717.014
695
689.921
682.371
675.537
726
703
665
667.297
649
647.632
643.034
640.298
638.241
637.472
638.321
640.028
642.37
644.942
633
656
653.658
655.842
656
687
743
765
759.591
755.506
753.038
703
699.951
693.225
672
695
694.231
664
668.685
648
651.343
649.578
617
602
605.961
604.618
586
590.328
591.019
593
594.255
596.531
598.939
594
596.936
598.51
600.092
601
602.908
603.898
604.817
531
564.824
532
538.923
532
508
520.605
500
506.841
506.855
524
518.845
520.841
523.057
585
572.678
574.993
617
614.835
614.978
615.723
615.168
613.151
610.358
633
626.479
624.498
624.816
648
641.399
638.243
637.248
602
609.029
605.707
602.328
609
594
617
614.959
617.544
617.572
618.351
618.539
619.324
619.556
555
584.653
581.946
579.718
578.297
578.918
618
611.01
611.497
625
617
633
628.138
625
633
629.091
626.709
625
617
617.754
616.518
602
609
625
625
624.742
625.035
625.408
656
653.512
651.642
640
664
641
643.432
641.501
633
633.666
633.255
633.266
632.973
625
625.772
626.854
563
562
565.626
555
562
561.963
564.241
571
573.816
547
555
562
547
552.35
555
554
563
555
557.633
570
563
570
562
570
570
547
553.914
554.885
531
538.445
524
516
520.591
523
531
516
521.394
522.859
508
515.483
516.471
500
493
499.606
484
493
493.001
469
480.513
461
469
469.607
461
464.451
465.165
461
469
465.846
467.213
468.011
468.431
477
473.933
474.743
475.588
476.209
476.688
477.202
477.67
477.539
477.394
516
508
516
514.375
516.249
517.274
517.012
515
516
515.962
515.298
523
539
516
531
528.73
528.409
528.193
492
510.112
510.671
493
498.748
499.914
500.208
500.861
501.616
502.521
453
485.535
454
445
454.101
453.403
437
438
440.517
438.944
438.871
446
442.802
444.225
445.132
429
415
423.721
423.369
421.301
414
414
422
399
414
409.528
406
408.537
399
403.198
402.773
402.302
399
401.239
407
403.072
398
414
408.807
406
406
406.305
406.015
406
406.006
405.889
405.802
405.494
422
413.557
413.048
412.543
411.673
437
424.285
438
437
433.612
432.886
431.601
430.301
445
435.846
435.086
434.509
469
454.275
500
493
489.438
488.495
487.759
487.284
476
478.098
469
469.388
467.622
465.46
492
480.587
479.51
479.587
479.205
500
485
486.976
484
469
475.329
476.107
476.172
477
477.188
500
492
500
497.776
497.855
498.564
498.186
497.831
523
516
514.599
514.33
514.024
513.625
513.384
570
553.561
549.801
539
540.745
539.796
538.887
537.265
531
531.137
530.277
570
562.682
586
584.499
601
594
594
592.626
546
539
540.011
537.531
535.542
534.04
533.08
533.127
533.256
533.37
533.627
534.082
523
547
542.057
544.12
545.779
547.481
719
664
734
726.865
717.266
715.254
710.212
705.146
698.771
680
673.693
666.402
658.77
650.203
643.758
781
969
906.325
866.894
861.997
848.439
827.242
804.443
785.727
774.366
768.847
767.371
696
693.753
692.517
691.693
711
713.33
713.486
717.351
680
656
679
743
764.234
768.412
687
691.162
693.78
672
673.513
805
672
675.38
679.243
686.179
685.371
679.86
703
709.749
719
706.167
706.532
709.565
708.376
704.697
699.719
867
820
719
730.943
633
637.489
635.727
634.834
636.99
601
930
797
763.421
760.501
758.318
617
639.638
601
600.225
609
608.542
586
588.75
570
572.119
586
584.745
617
586
586
590.085
590.867
618
585
590.768
592.783
562
570.487
569.858
594
602
603.34
562
573.204
573.81
539
549.946
549.447
547.666
547
547.129
547.818
555
547
549.827
550.982
579
571.958
571.611
586
583.557
584.611
583.828
583.372
586
585.662
578
586
583.441
563
562
539
545.997
546.578
578
570
571.901
547
555.372
555.807
594
592.062
591.654
589.724
589.01
578
577.84
576.007
562
578
573.607
656
644.105
636.303
631.842
629.856
627.061
623.378
619.562
539
583.365
576.912
575.673
547
560.457
556.549
556.74
556.38
556.88
555
557.115
558.122
559.314
560.573
561.902
570
568.987
563
562
562.474
563.842
547
555
578
573.259
572.656
572.602
555
570
555
557.321
570
566.007
566.743
567.585
562
563.495
564.505
547
554
554.684
555.276
555.849
609
586
588.041
571
575.672
570
570.652
569.284
569.427
562
564.724
565.091
565.363
565.368
565.463
547
547
550.539
531
547
539
541.952
543.478
544.51
546.52
563
554
563
562.296
531
523
530.284
524
526.062
525.874
526.934
527.931
532
539
547
554
547
548.491
516
530.562
516
520.59
520.622
507
516
515.172
515.708
539
532
532.457
533.094
534.036
534.771
535.387
535.981
536.518
547
544.146
531
547
508
539
524
524.614
516
531
525.937
516
523
524
523.95
524
523
523
524
524.994
532
539
534.975
536.15
539
539.558
539.48
539.27
555
539
539.704
532
539
537.501
537.183
536.943
515
523.843
524.858
525.513
526.078
526.847
527.877
554
555
539
543.352
532
539
538.574
562
554.401
553.683
553.531
553.667
553.237
552.77
531
537.255
523
524
531
529.078
529.877
530.759
531.813
547
542.857
543.222
544.259
555
553.289
570
571
569.37
555
558.574
558.06
557.067
556.575
556.271
547
547.447
539
540.073
531
534.34
535.385
523
532
532.443
531
555
551.056
531
538.404
540
540.894
531
534.822
539
539
539.537
523
524
523
531
529.809
529.581
530.575
531.588
532.541
508
518.837
519.858
519.974
516
518.945
519.948
523
523.103
524.034
524.917
532
531.005
531.494
532.323
533.268
534.059
507
520.765
520.363
520.581
520.666
521.178
521.992
522.682
484
485
468
477.251
477.75
477.567
500
494.001
496.145
497.423
498.324
508
504.909
500
502.882
500
500
500.848
501.135
501.642
501.449
501.273
501.145
508
505.733
508
515
513.214
500
508
507.742
492
498.085
493
492
493.257
494.251
495.122
496.007
496.917
497.817
498.698
499.559
500.495
501.382
492
496.87
498.206
498.702
499.347
469
486.677
492
485
500
492
492.97
493.844
516
516
512.936
516
515.166
514.958
500
505.623
492
497.127
496.521
496.816
496.576
496.25
497.114
500
500.187
499.926
500.013
492
500
499.806
500.441
500
485
492.054
492.972
492.995
500
498.283
508
504.886
504.881
505.765
524
523
523
516
516
515.889
515.649
515.408
515.168
514.928
514.687
508
507.989
516
512.657
512.417
531
516
516.691
516
517.23
523
516
500
515
512.715
513.054
508
508
509.175
510.068
500
524
515
515.282
523
521.477
522.096
524
515
518.498
519.356
519.816
519.294
520.078
523
522.289
515
517.119
517.263
547
523
547
542.239
541.954
541.688
523
529.208
532
529.924
529.46
529.323
529.551
539
535.7
535.934
539
531
516
523.379
524.075
531
529.824
530.593
516
539
533.185
533.616
534.189
539
524
529.15
524
526.435
531
530.235
530.744
508
517.971
518.909
519.358
523
508
516
516.705
516
517.314
518.154
519.039
508
513.773
523
516
517.89
518.921
519.787
520.536
521.223
522.197
531
528.539
539
523
526.728
523
524.104
524.966
525.354
526.043
525.902
525.913
526.899
500
485
499.131
497.699
492
495.516
496.145
497.649
498.393
484
491.895
500
496.736
497.501
498.452
499.663
500.808
484
491.219
492.355
492
492.677
508
503.962
500
508
515
516
523
524
523.2
522.915
531
539
539
538.103
538.01
539.216
539.249
546
541.915
542.089
541.933
531
530.807
530.566
530.326
530.086
529.845
529.605
529.364
529.124
530.132
555
550.385
551.523
555
554.871
554.63
554.39
617
649
646.902
644.268
645.187
646.636
734
719
625
630.508
625
622.119
601
600.64
609
604.695
632
629.217
630.204
625
628.237
586
601.345
599.919
598.607
596.937
597.002
547
576.633
524
548.626
515
525.137
523.272
521.881
500
500
500
499.511
523
517.282
517.79
484
508
504.145
492
495.838
496.728
496.476
497.292
485
489.515
477
481.183
482.119
482.24
492
492
492
493.24
494.365
495.394
500
492
500
500
500.426
501.109
501.729
508
505.7
492
495.268
495.861
495.575
495.265
496.098
496.885
516
508.975
508.821
523
518.555
518.429
518.065
516
515
508
508.64
509.569
492
497.575
516
508.474
508
539
529.346
555
549.125
554
563
539
543.903
543.215
541.561
540.445
539.617
570
570
555
547
547
547.021
546.781
555
555
554.82
555.232
555.602
555.864
556.732
556.647
556.486
556.317
586
578.617
577.984
594
592.082
593.31
594.5
595.7
596.211
595.993
596.103
563
539
548.188
555
570
566.612
566.183
566.578
633
617
614.129
612.331
578
585.09
570
555
558.846
539
543.856
544.933
544.954
546.018
547.12
548.957
550.852
532
539
562
558.122
559.423
560.674
562.832
602
594
601
599.975
599.873
571
575.658
572.572
571
569.554
570
569.922
569.858
570
555
570
578
575.85
586
578
578
579.593
609
603.808
586
594
594
609
603.239
586
594
602
601
599.569
594
609
641
636.089
664
648
646.809
601
607.501
586
586.74
585.246
585.881
539
555
556.017
547
550.244
531
539.202
541.023
542.167
543.796
545.586
547.121
548.464
550.059
551.364
546
549.488
549.947
550.254
550.807
551.407
555
555.031
555.421
555.845
531
540.436
540.531
540.405
540.679
570
562.799
562.572
563.313
564.194
578
574.022
572.994
572.419
578
576.428
575.744
571
571.24
570.414
570.308
586
579.88
579.761
578
562
565.122
565.886
563
563.967
563
564.275
565.468
562
564.009
565.268
566.486
555
559.081
560.356
561.409
531
547
539
542.104
547
545.479
562
547
551.459
563
560.62
561.009
571
570
570.078
547
555.076
539
543.176
542.773
543.255
544.092
544.95
545.863
578
571.982
563
564.125
578
570
563
570
571
586
580.834
580.148
579.927
579.85
579.702
579.536
579.385
578
577.787
577.616
577.547
594
594
593.852
593.761
593.604
578
579
579
579.956
580.86
571
573.716
574.905
576.31
577.35
547
539
546
540
531
539
547
546.682
546
540
546
546.891
547.982
548.937
549.989
551.275
562
539
546.658
539
540
541.015
541.881
542.744
543.434
544.328
545.389
546.286
547.109
547.78
548.474
549.173
549.977
547
548.34
546
548.332
539
555
550.73
554
563
560.731
560.548
560.458
560.273
570
567.342
567.219
567.055
554
556.242
556.098
555.858
555.617
555.377
570
565.75
594
570
573.43
573.9
554
555
556.057
556.337
556.828
557.608
558.493
559.377
560.147
560.862
561.519
562.203
562.311
609
602
617
614.098
613.974
612.558
610.247
608.431
606.228
604.553
603.475
602.605
562
563
562.894
554
555.336
554.307
555.364
556.351
562
564.777
547
554.399
556.07
557.595
558.934
578
575.518
640
633.533
632.801
640
641.096
640.518
638.472
636.41
601
594
591.069
586.162
570
570.878
569.007
567.72
555
554
578
577.034
586
589.651
593.87
594
602
602.258
602.734
603.114
603.458
562
576.147
547
547
531
535.167
539
538.132
539.002
540.344
563
560.926
563.817
566.341
568.626
570.258
570.77
571.159
571.163
555
559.347
559.506
558.964
559.112
558.824
558.721
558.658
558.59
563
586
584.009
584.007
584.251
584.182
584.046
583.864
583.618
554
571
566.401
565.537
562
547
578
555
558.215
563
562.666
563.092
564.303
565.403
566.262
567.293
555
560.415
563
578
555
586
576.953
576.303
576.06
575.988
576.51
570
571.137
571.796
562
564.097
565.155
565.917
566.526
539
524
531
516
520.769
522.239
522.927
547
544.052
578
578.218
580.825
581.698
555
555
554.717
553.857
553.336
523
534.813
534.344
531
531.611
531.37
531.366
531.501
547
570
555
563
563.662
564.701
554
556.358
555
546
563
570
566.656
566.408
586
581.013
602
596.491
596.064
595.903
571
554
557.088
547
548.195
548.602
549.388
550.342
551.371
552.362
553.543
554.788
555.982
557.099
555
539
547
547
547.629
548.732
539
543.941
544.763
545.524
546.293
547.136
548.079
539
531
537.102
537.675
538.29
539.056
540.069
562
556.672
557.251
558.052
558.911
559.441
523
539.198
538.564
537.811
537.745
537.941
538.487
539.071
531
534.517
524
523
526.46
523
539
534.959
536.978
570
594
593.156
593.528
601
594
593.059
586
586
583.398
581.52
562
563
554
563
547
547.914
547.827
547
547
548.304
550.527
552.61
554.701
555
554
547
550.904
532
538.868
563
570
569.754
568.985
570.009
546
552.056
552.073
552.092
552.013
508
508
515.209
514.12
515.119
515.275
516.204
531
527.861
578
571.433
547
532
538.611
538.241
531
533.318
533.454
508
515
516.03
508
508
516
513.235
513.543
531
525.317
532
531.947
533.762
534.747
535.594
536.493
537.227
531
532.234
533.244
540
523
526.224
526.159
525.919
477
492
497.493
495.717
492
494.439
516
508
509.723
510.802
511.833
562
549.062
546.364
563
570
570
566.431
565.772
565.264
565.146
672
703
692.759
685.354
682.698
594
600.884
602
609
608.023
604.117
599.888
695
692.713
681.597
671.292
665.655
649
695
693.106
695
686.956
682.748
633
646.242
641.565
637.87
633.954
664
663.172
661.317
742
741.596
733.225
728.991
664
671.422
625
627.196
625.413
624.714
672
680.02
681.558
682.153
682.219
678.69
648
664
658.864
657.244
656.827
656.768
750
695
680
648
618
619.938
615.329
610
611.818
613.993
617.28
620.541
687
693.368
685.827
649
650.77
648.115
644.98
742
740.065
632
644.606
617
641
609
615.768
615.751
618.044
619.859
625
602
608.631
625
624.265
625
609
613.261
613.869
614.031
613.845
633
630.278
629.828
601
607.22
607.654
608.187
608.081
608.575
609
609.827
570
586
584.642
584.304
594
592.198
610
601
603.538
604.378
695
688
678.231
649
648.895
609
609
625
621.349
620.365
617.932
617.197
616.433
625
622.443
621.287
648
656
688
682.954
742
727
720.383
717.191
713.299
709.63
704.714
699.901
695.802
695
703
698.178
696.215
693.731
691.787
690.659
593
635.438
633.308
635.405
635.449
637.584
585
615.45
586
592.498
593
641
672
675.549
640
644.463
617
602
601
599.544
600.166
599.98
600.018
600.452
586
578
578
577.842
571
572.087
573.109
574.779
575.726
578
579.469
581.227
570
594
578
581.696
582.99
583.984
584.671
585.211
594
578
586
586
570
586
582.402
582.972
583.648
584.399
585.177
578
579.33
580.307
580.898
581.324
581.972
571
570
547
547
539
542.495
531
536.031
539
540.67
531
547
544.334
562
559.876
561.251
562.543
563.755
564.618
565.108
565.406
565.815
523
542.673
500
500
504.376
500
500
500.883
501.795
500
503.32
504.662
506.284
507.832
509.292
485
484
490.246
489.523
489.879
490.343
491.632
469
479.63
480.296
480.011
480.624
437
462.694
462.106
460.271
460.1
437
446
447.655
445.501
445.795
438
441.756
442.361
441.901
437
453
447.925
453
451.937
452.281
452.172
452.894
453.333
453.574
461
456.703
456.477
469
462.923
462.585
462.355
462.114
461.874
461.516
461.296
468
454
453
461
461
460
454
455.296
461
453
454.483
455.247
455.63
456.094
461
459.72
460.17
469
464.933
464.842
469
453
458.219
469
476
469
485
492
487.183
486.737
484
493
489.568
484
484.445
484.415
484
483.684
483.444
477
477.459
477.218
476.767
476.527
477.047
476.806
523
532
539
515
518.722
517.931
523
520.149
518.616
517.394
516.661
516.011
515.276
514.555
513.673
578
562
557.466
556.205
558.164
557.997
507
537.252
531.943
625
595.732
586.152
602
609
606.24
601.304
586
578
577.151
573.695
547
555.154
547
547.164
547
547
545.835
594
601
605.214
606.696
608.576
610
609.688
607.247
604.836
633
625
623.227
633
632.589
632.303
631.265
617
616.76
614.5
613.012
611.681
610.97
571
593.198
589.716
625
621.536
625
625
626.777
626.603
625.414
687
742
774
648
658.131
617
625
601
603.789
602.966
604.461
571
554
559.904
559.949
560.591
560.855
561.776
563.26
565.024
566.886
586
617
619.83
656
659.46
610
578
555
554.323
552.126
523
532.134
523
524.621
539
539
539.451
540.241
541.414
586
586
554
579
578
578.506
577.717
578
593
719
797
779.951
766.97
759.498
750.924
739.604
729.044
719.064
632
727
719
718.467
708.222
898
750
747.391
648
664
662.252
660.999
660.205
661.784
891
808.627
763.356
761.894
727
867
808.15
768.284
752.272
753.52
703
765
758.186
688
708.533
696
703.42
633
671.553
669.191
609
642.812
609
579
625
607.707
606.078
641
631.852
633.701
633
635.181
703
683.989
681.678
664
703
693.301
685.062
719
713.325
704.855
699.906
701.34
697.989
664
656
633
601
617
611.486
613.773
615.147
602
593
586
588.306
587.881
562
571
586
586.74
588.991
640
664
664.818
664.942
667.106
640
640.225
634.836
601
604.594
586
594
591.681
586
586.394
587.056
586
587.097
588.035
589.036
539
563.209
561.033
559.651
559.168
559.929
547
546
548.855
549.597
550.127
594
588.421
617
618.465
593
579
580.741
617
594
594.138
592.975
593.418
594
586
586.063
585.855
585.746
585.347
656
644.975
638.746
617
619.849
619.265
641
625
601
604.911
605.606
605.827
604.2
603.105
664
664
633
649
617
622.558
621.068
620.042
593
600.883
601.177
601.504
601.14
640
635.37
633.081
711
695
685.868
672
673.947
670.03
665.048
661.03
658.68
680
687
679.743
656
625
628.542
610
609
609.536
611.202
615.429
618.814
594
586
609
625
630.176
630.732
631.069
632.56
633.474
633.007
687
719
714.4
706.223
702.175
700.124
657
640
641
636.633
672
673.724
674.389
672
671.603
672
669.497
665.696
649
648.664
625
628.078
626.733
628.446
629.74
617
620.47
621.828
623.148
624.516
627.013
629.647
632.267
617
621.859
622.937
640
665
665.598
672
672.49
633
625
622.758
586
586
571
574.173
574.923
577.41
580.064
583.343
609
612.422
616.185
641
642.111
695
689.218
687.323
618
625.838
620.81
616.887
613.134
586
591.069
563
569.714
586
584.631
587.096
656
656.329
633
636.757
639.394
656
651.097
648.635
646.099
644.664
642.33
639.016
665
658.371
654.695
653.332
652.969
652.02
671
663.903
663.542
663.615
663.52
663.25
662.569
661.783
661.246
661.085
660.764
664
662.919
663.133
664.042
663.884
663.761
657
648
649.619
651.162
649
651.795
653.474
609
630.115
641
639.71
638.916
640.141
649
649.15
649.048
648.682
648.771
610
624.257
593
600.498
570
577.516
578.09
579.318
580.902
582.921
563
593
618
618.764
695
703
697.358
695.979
640
641
634.161
627.76
623.277
625
618
616.735
614.742
641
641.714
640.708
625
625
624.064
624.057
648
648
648.308
650.249
594
614.484
601
601.785
601
600.858
601.554
696
671
657
657.785
659.397
593
594
571
573.652
573.425
617
613.567
617
617
610
612.091
601
602.033
600.523
599.419
600.475
601.221
601.857
602
593
578
580.927
570
571.433
571.81
573.374
703
750
742.385
680
671.32
659.387
649.701
570
578.239
562
555
617
664
665.264
653.119
643.31
633
601
625
626.457
601
604.471
604.273
602
601.574
601.041
600.967
600.201
602
601
600.826
610
625
626.602
627.814
656
657.386
658.43
659.264
660.235
586
605.713
603.147
599.502
598.137
570
579.96
704
742
727.636
712.887
701.265
656
648.483
641
617
616.885
594
595.107
593.797
680
688.782
726
717.378
705.976
692.522
678.254
656
651.762
648.268
647.728
640
638.836
664
670.087
672.523
669.277
672
668.386
617
609
610
608.38
594
596.177
597.342
601
610
609
648
657
659.853
632
637.131
625
625.892
623.491
622.619
622.308
622.426
621.982
665
665.093
625
631.134
602
593
586
587.188
588.179
589.838
641
642.845
696
679
677.583
679
656
653.411
647.368
643.835
640.427
638.853
636.403
634.626
632.464
631.229
630.026
628.384
664
660.528
641
645.076
647.661
610
625
617
617
617.475
602
617
617
633
631.268
631.586
632.601
633.247
602
594
578
580.622
580.415
581.039
696
680.195
671.206
625
627.096
648
648.575
644.341
664
658.029
687
680.955
672.764
665.689
711
703
694.399
684.928
681.144
684.083
681.583
601
629.545
625
610
633
627.812
648
656
657.46
696
694.628
648
641
633
632.985
631.91
631.472
633
632
633
633.324
633.714
633.456
633.505
695
672
641
664
656
656.272
654.15
652.158
641
642.999
617
617
616.719
664
672
641
656
658.392
632
625
627.239
601
594
596.595
578
581.905
617
633
633
632
641
640.824
639.808
625
633
631.294
631.139
680
676.935
671.102
667.784
666.743
665.795
662.543
617
626.755
623.897
623.688
622.668
623.361
625.533
632
657
648
656
654.771
654.594
654.687
653.672
640
642.901
618
609
610.433
609.326
585
586
588.588
625
626.8
630.411
633.156
637.289
688
690.622
685.581
681.774
679.837
676.625
672.459
667.944
664
661.136
734
726.998
716.342
710.386
680
681.361
679
664
680
687
691.029
690.903
664
668.016
667.352
726
724.293
688
688.263
695
698.473
640
653.241
656.422
656.877
655.743
633
609
617.213
619.382
610
612.731
614.958
672
670.938
670.436
656
659.32
632
649
664
663.624
659.219
656.467
633
648
641
641.189
633
633.158
633.352
633.587
633.711
635.215
602
612.94
617
609
610.497
633
664
633
638.46
641.798
727
711.6
699.337
692.714
693.491
690.574
625
610
613.856
613.149
615.563
609
612.834
672
656
656
659.416
617
627.881
624.593
602
609
609.563
633
617
620.111
621.234
622.13
621.869
621.032
680
640
643.972
633
636.267
680
667.39
765
703
702.67
699.518
694.834
735
679
672
703
694.551
687.418
684.61
695
691.29
680
681.271
680.082
648
641
656
654.927
654.849
664
648
641
643.857
644.474
645.962
647.574
649.778
617
626.306
671
672
641
644.29
648.851
650.182
648.777
647.527
647.987
648.793
664
660.709
658.106
657.434
680
673.605
648
654.268
654.562
609
602
601
601.585
625
593
602.135
609
625
624.864
626.754
629.852
632.159
632.489
664
633
638.6
638.183
637.67
633
649
643.501
642.492
641.98
641.737
641.353
640.628
640.063
679
672.08
668.31
667.912
667.765
632
644.434
639.646
664
658.103
657.065
656.873
664
703
699.67
648
660.097
661.604
661.015
656.568
654.474
655.579
656.79
625
635.835
632
657
650.944
711
703.518
697.336
694.598
610
633.037
631.561
627.229
625.242
664
665.593
666.214
665.886
665.953
665.294
571
609.811
578
583.594
583.624
583.685
562
547
555.119
554.02
554.201
609
604.969
609.463
614.224
619.331
622.078
578
591.795
589.887
586.563
601
595.332
578
581.226
581.266
570
570.707
586
581.631
581.668
656
647.024
641.442
609
613.67
612.254
610.05
617
625
621.88
620.38
649
646.267
773
748.943
729
717.24
649
656
648.877
641.819
637.421
610
601
598.163
595.743
595.753
595.633
596.668
656
663.149
663.877
711
719.834
719.163
717.982
716.998
610
593
597.063
595.278
597.174
597.978
625
631.076
609
614.762
615.506
617.245
617.641
664
667.834
680
680.896
681.345
679.734
677.718
609
625
633
602
608.019
610
610.039
610.513
611.421
612.856
614.015
618
618.182
620.69
622.503
624.785
626.507
570
594
591.826
649
648
617
619.594
620.697
621.671
594
600.367
599.45
598.961
602
609
625
657
649.413
617
617
616.929
616.506
615.019
614.48
648
664
661.186
656.163
711
710.358
703.176
696.17
618
609
608.94
604.151
606.294
608.017
611.248
617
620.506
695
696.924
688.616
685.462
683.259
633
638.367
636.691
634.941
634.122
634.051
633.216
602
608.594
604.788
578
584.464
583.657
602
625
631.514
637.029
633
625
602
593
591.825
590.506
591.577
555
566.062
566.346
687
673.165
661.666
652.74
645.974
639.675
664
663.687
658.423
651.283
609
618.78
641
640.81
672
659.348
688
687
672
667.951
664.611
662.063
659.079
625
630.786
628.863
695
690.747
684.344
681.094
679.56
678.182
674.338
750
746.755
648
668.506
703
696
684.992
677.645
685.896
640
655.641
601
602
603.13
602.118
609
609.468
648
648.709
695
695
672
674.791
625
632.907
629.401
627.16
586
610
607.112
695
685.418
676.048
668.991
656
617
625
620.487
602
601
600.211
599.873
594
595.009
594.504
595.515
633
631.722
631.656
633.432
703
701.226
693.604
640
646.547
610
611.924
606.773
603.312
601.603
600.467
600.838
601.466
828
828
797.793
776.93
756.632
688
670.099
664.107
659.798
617
618.619
586
586.549
586
602
609
633
636.866
639.787
648
653.901
658.63
648
650.015
632
618
617.686
615.408
617
641
641.175
633
633.361
617
617
616.023
616.599
664
633
636.648
602
610.442
609.587
609.787
609.02
609.33
610.015
610.793
611.238
612.031
586
594.248
594.335
734
697.943
734
742
688
688.987
679.198
671.877
665.396
660.385
562
570
570.832
570.387
633
656
696
695.254
789
787.492
734
732.959
722.957
648
651.266
645.248
639.601
594
604.968
602.564
601
597.866
687
681.483
680.518
664
668.148
668.467
625
618
625
609
609
607.196
607.263
606.411
664
661.429
617
624.486
626.452
625.697
624.648
624.431
640
633
634.309
634.946
634.429
633.515
631.665
578
570
573.179
572.402
573.332
648
680
726
726.641
680
671.154
671
662.548
655.517
648.863
643.62
586
578
578.472
576.972
578.926
579.74
581.986
585.282
594
601
605.564
610.016
614.185
742
725.921
781
779.243
769.179
719
710.645
699.921
664
658.267
651.027
594
602.729
596.727
578
581.248
579.927
579.782
579.395
580.576
582.148
583.968
586.158
679
657
660.206
625
630.348
626.664
594
598.54
595.35
625
664
688
684.825
678.64
671.626
610
625
620.745
648
647.266
672
670.745
666.725
660.384
654.822
649.984
645.27
640.69
637.155
625
648
664
641
644.673
647.192
647.398
633
634.51
618
621.542
621.913
623.485
624.313
625.917
627.51
640
639.526
640.141
593
609.709
607.624
571
570
573.124
573.154
574.718
576.804
579.321
582.527
585.368
587.607
672
659.168
649
649.014
625
626.767
623.441
619.623
616.369
578
570
571.565
569.101
569.699
569.814
572.334
574.814
577.249
664
657.009
656
664
633
635.637
629.594
624.791
570
586
578
575.72
572.791
640
631.544
695
704
703
718
774
768.728
758.646
695
657
648
640.218
633.985
629.746
625.274
578
590.211
610
613.633
618.756
672
688
692.38
718
719
711
709.093
705.333
699.95
694.366
689.437
685.189
681.547
678.777
674.668
671.838
669.236
666.879
742
740.014
737.989
734.676
625
655.696
641
640.694
639.089
639.465
594
617.354
615.828
617.898
617.383
563
586
585.866
617
610
633
634.179
635.919
637.471
636.002
635.229
632.162
629.316
626.53
570
592.569
588.765
609
601.555
602.032
617
616.257
610
612.193
578
586
594
610
632
625
633
631.473
630.332
664
633
635.341
633.402
602
608.044
604.904
604.58
604.294
604.303
605.43
605.722
606.07
606.947
607.917
609.299
610.116
609
594
599.632
600.407
601.939
602.464
604.44
605.004
605.971
606.597
578
589.342
587.738
587.913
587.707
588.655
589.899
591.056
592.017
592.804
593.438
625
625
622.573
621.566
621.177
620.39
618.894
617.437
615.732
625
621.041
620.759
620.411
620.204
704
691.451
742
738.601
711
696
726
721.941
715.078
707.115
702.211
700.943
697.49
692.302
686.961
682.809
680.304
678.004
675.465
673.302
688
703
707.585
710.18
656
641
642.672
641.467
610
615.883
617.059
620.162
623.221
626.74
630.635
640
643.007
664
664.482
665.372
617
628.601
627.112
625.198
622.866
617
609
611.215
594
593
578
579
578
579.131
555
563.167
564.655
565.567
566.506
567.515
586
587.755
591.636
594.22
625
624.333
622.95
656
625
628.766
633
609
612.362
608.864
586
589.933
587.535
578
594
589.813
590.89
591.915
594
578
578
563
568.807
547
563
560.085
561.392
562.63
564.225
565.915
567.091
570
586
584.139
585.109
585.932
554
566.056
564.739
555
556.741
557.341
557.887
558.629
559.617
560.525
649
632.712
627.05
624.77
649
646.342
625
626.254
672
661.855
680
672.842
711
703
695.264
690.397
688.209
684.254
679.385
676.619
618
634.323
629.628
628.484
625.46
624.372
664
665.165
633
640.453
679
750
740.891
696
695.871
758
758.322
741.549
633
654.221
609
619.277
618.846
619.544
621.207
680
687.005
685.533
683.595
684.947
686.093
686.253
586
620.141
570
570
571
569.593
569.758
594
578
584.801
587.755
591.215
593.337
601
594
597.995
571
579.362
672
641.606
648
645.082
750
719
672
711
707.138
697.782
726
714.306
705.492
702.917
700.681
694.433
688.105
609
641.272
635.969
635.729
578
613.388
607.54
579
591.381
589.042
594
592.961
593.353
594.53
595.446
688
695
686.281
684.808
686.127
682.935
677.508
672.302
672
669.514
734
728.57
719.613
714.08
712.681
679
679.576
673.065
668.084
666.215
711
714.344
695
698.163
700.993
700.958
696.222
692.249
688
687.859
688.009
687.437
687.363
688.137
689.016
688.928
688.819
703
695
694.927
696.054
697.425
697.955
698.064
698.578
699.103
699.489
698.969
698.405
697.903
750
742.563
688
695
696.674
696.325
693.137
781
883
854.991
832.912
823.742
814.706
800.871
785.462
695
699.091
656
656.991
609
612.716
611.645
611.962
613.805
616.789
621.3
627.682
641
648.834
664
670.725
676.727
680.985
683.422
685.015
682.684
680.495
719
726
722.445
711
679
678.735
674.243
656
672
671.916
675.087
676.322
625
617
618.029
617.516
672
812
806.252
785.144
771.064
829
833.38
818.006
799.422
680
685.792
688.082
693.471
617
629.613
641
649.305
651.695
617
627.341
637.721
646.797
650.673
656
641
640
643.816
625
627.826
602
609
617
616.19
617.072
617
618.187
619.263
594
600.041
599.161
599.391
599.262
695
688.846
684.764
684.346
686.274
684.543
678.749
625
631.982
627.537
623.56
620.361
618.486
618.889
619.009
619.694
656
665
660.456
660.174
663.754
665.346
703
699.043
693.716
632
610
612.038
610.179
611.688
648
652.243
653.259
651.023
656
655.168
640
657
654.968
695
703
696.057
664
665.534
663.943
641
703
992
868.464
815.859
795.878
779.746
759.772
736.653
717.595
706.928
648
646.325
644.273
643.462
643.832
643.451
625
617
594
617
594
617
625
630.834
635.076
638.895
625
628.694
602
578
594
594
625
625
629.28
632.298
633
634.28
634.244
633
632.503
625
601
604.994
603.664
625
622.698
656
657
655.426
653.469
651.488
649
609
617.481
615.069
614.327
633
625
625.522
625
625.667
625.709
625.206
633
631.348
630.928
609
615.66
633
664
660.023
656.15
654.601
654.34
657
653.973
633
633.895
625
602
605.613
605.593
608.122
610.31
612.317
615.07
616.338
617.647
679
696
692.667
657
659.261
657.095
641
639.366
636.115
634.661
665
632
636.226
617
641
637.467
640
637.759
637.02
594
586
588.292
570
573.453
573.357
574.692
576.654
578
580.505
570
578
578.054
579
585
585.925
609
607.162
608.871
610.534
610.24
609.968
608.728
608.375
649
641.153
638.331
639.199
640.932
640.462
633
632.494
631.624
630.611
629.287
628.408
679
675.644
673.167
671.553
641
645.437
617
618.871
617.171
617
618.681
695
703
698.39
692.218
687.405
681.991
675.875
656
653.35
641
640.797
639
639.821
640.581
641.648
641.967
594
601
602.206
603.169
604.528
605.856
578
578
580.953
581.372
582.224
625
687
687.952
682.292
677.42
672.142
666.647
660.854
654.887
649.981
645.733
641.866
638.24
634.986
570
590.694
617
617.55
836
779.546
859
856.957
833.35
823.663
742
733.667
716.158
701.983
695.463
692.602
691.139
689.647
688.551
719
695
688
703
704.497
706.98
708.895
711.75
703
704.424
704.372
695
696.577
687
689.159
688.56
688.868
689.206
689.745
688
690.947
690.633
690.998
691.609
692.253
693.089
679
683.622
683.325
640
617
621.374
620.141
641
644.447
640
617
610
633
635.979
618
622.355
625
671
672.72
664
625
625
628.562
631.279
602
609
610.773
633
632.416
630.488
711
705.746
695.274
773
763.375
747.278
744.198
648
661.028
657
640
641.133
639.18
750
797
775.857
760.077
749.096
735.287
722.049
710.512
701.309
695.359
693.438
692.484
691.571
727
773
774.722
762.087
711
702.992
700.53
671
688
691.627
641
640
641.939
643.945
646.619
664
711
782
757
747.208
746.087
743.634
736.238
719
713.534
710.145
706.602
820
813.711
766
758.105
754.519
752.248
711
703
703.926
707.243
695
719
728.964
726
696
701.92
664
668.696
648
680
695
664
670.203
656
659.397
719
713.819
708.493
706.432
708.044
705.972
701.865
664
633
635.614
635.342
586
586
587.611
587.486
588.412
610
614.681
620.599
625.609
640
633
637.955
633
635.514
633.492
633.432
631.975
657
651.468
649.937
650.799
651.84
651.574
649.765
649.03
648.366
656
653.396
649
648.951
648.421
664
659.817
625
633
633.08
634.242
610
601
604.625
606.406
609.02
664
765
703
699.595
699.2
695
688.404
734
726.017
714.41
706.95
601
627.449
609
610.293
608.241
609.119
758
729.856
734
732.096
695
641
640.56
656
657
656
656.061
679
682.208
681.334
664
672
668.068
664.012
657.784
695
698.019
719
688
690.773
726
724.071
717.011
710.526
710.614
711.459
708.91
704.526
703
702.581
766
761.388
751.316
726
727.915
731.383
731.56
648
666.329
670.448
677.009
678.302
679.74
750
757.178
745.832
737.258
739.791
739.63
731.253
594
640.017
645.917
640
641.737
711
724.057
713.109
711.877
716.006
714.572
706.82
702.514
702.834
641
656.892
656.912
657.023
656.965
657.49
657.93
658.825
703
711
706.359
718
719.939
719.228
656
664
641
648
646.711
648.135
648.434
650.736
652.814
679
679.468
679.896
672
673.482
664
666.123
688
684.494
750
744.53
664
675.596
641
644.908
625
632
657
659.942
672
656
688
688.099
672
641
648.223
633
635.251
632
618
621.471
622.759
586
597.821
597.741
598.1
641
641.518
643.966
672
674.86
664
649
632
631.979
629.197
627.518
626.734
679
781
771.846
755.478
744.965
734.996
718
708.047
699.453
691.907
686.525
683.08
680.037
617
609
618
617.407
679
693.521
697.534
701.2
719
725.643
727.505
703
695
691.401
657
679
704
704.303
697.989
695
696
695.928
703
680
632
640.306
656
672
674.643
672.73
657
660.622
664.652
667.64
667.066
665.613
695
696
695.368
691.732
689.681
689.031
688.434
685.499
683.687
664
680
679
641
649
648.696
649.083
680
677.199
633
625
640
664
696
693.699
719
720.331
718
711.818
704.773
698.657
693.041
664
640
625
633
636.605
610
617
648
672
676.471
679.159
687
727
731.9
726.152
726
724.685
720.938
715.797
671
696
691.365
690.295
686.316
664
680
678.386
678.873
677.774
678.474
679.774
681.05
682.722
683.712
685.122
686.268
656
656
649
617
624.429
623.146
633
634.556
638.67
642.882
633
638.064
638.064
743
731.053
750
744.08
711
703.997
766
763.474
752.868
688
690.115
693.982
700.407
711
701.304
693.467
691.864
695
699.334
664
670.127
726
680
664
669.427
675.229
665
648
654.721
658.061
688
681.692
680.263
683.176
686.574
686.257
682.432
679.586
679
719
656
668.893
680
687
680.892
680
672
674.085
672.64
671.37
687
703
688
687
688.314
688.669
625
648.957
649
649.191
648.309
641
664
656
659.021
659.91
641
646.981
646.396
646.251
645.74
687
664
666.239
667.087
633
641.368
639.523
638.716
638.291
638.866
648
648.16
648.66
648.988
649.221
680
674.229
671.287
669.794
669.023
664
663.78
672
669.371
668.805
668.412
703
758
752.647
745.526
727
734
664
669.492
680
672
673.009
671.636
673.842
703
703
699.766
664
696
692.978
719
709.61
695
734
735.966
711
708.479
703
704.54
742
728.758
721.076
671
686.243
656
661.845
659.558
661.485
680
682.624
686.058
688.099
750
751.275
744.608
696
700.599
672
674.083
672.281
673.397
675.085
676.357
656
660.167
789
774.257
735
726.545
725.267
725.668
680
664
664.668
665.839
610
601
604.385
601
602.7
625
628.998
634.494
639.51
617
623.747
624.145
586
578
594
590.603
648
646.017
727
728.911
773
770.485
762.484
754.899
744.974
852
836.468
820.461
806.021
798.605
742
742
750
711
709.884
703
703
672
676.196
673.536
674.245
704
726
727
731.531
688
679
680
641
645.904
644.01
645.831
647.504
650.257
653.662
695
703
696
773
771.416
695
696
679
672
670.39
680
703
766
761.415
750.734
746.301
719
711
703.033
697.361
695
695.049
695.977
696.618
697.686
697.864
695
694.129
692.638
691.011
711
712.633
716.11
687
692.176
692.945
693.649
719
716.408
713.717
712.37
711.944
711.17
708.371
743
739.902
703
695
703
703.252
701.552
688
664
670.332
672.869
676.946
687
657
664.4
669.189
674.292
675.977
674.168
675.032
677.577
633
645.05
664
703
699.683
695
696
687
686.727
682.639
679.174
648
652.336
640
642.088
625
627.981
629.616
610
614.345
610
609
611.481
613.276
687
782
775.174
757
746.448
734.126
721.706
710.32
701.458
672
666.857
660.661
658.045
688
695.344
687
703
742
696
697.952
700.347
700.253
698.063
680
695
692.964
691.824
689.333
689.946
649
659.484
657.465
657.03
656.938
658.394
660.119
662.008
640
664
659.875
610
628.327
627.187
625.506
626.506
628.076
630.026
631.848
633.717
634.604
711
703
695.118
688
688.681
685.697
680.541
672
669.731
688
683.202
695
689.454
664
680
703
698.408
691.363
685.728
686.686
688.588
688.786
672
625
641
642.653
679
677.622
673.869
673.174
648
652.722
652.087
652.578
656
641
643.756
644.367
646.668
648
647.467
633
636.884
625
627.76
627.974
601
609.364
610.048
611.722
641
642.431
632
625
628.652
629.135
625
625.136
680
677.891
672.608
648
648
646.972
617
620.929
620.387
620.804
621.411
622.187
624.71
626.621
627.403
627.954
628.499
628.66
727
712.144
703.106
766
760.621
711
716.071
713.256
706.736
703
657
664
659.738
655.877
652.424
672
670.674
671.527
711
708.466
789
779.563
767.98
734
729.564
722.392
715.703
664
672
670.024
687
696
734
711
710.949
679
680.179
676.373
675.599
665
665.22
695
727
664
673.235
677.986
687
682.751
679.829
680.6
682.879
680
718
711
672
681.26
684.531
685.315
680.077
677.977
633
649
649.092
656
679
678.231
672
695
694.251
640
653.331
653.963
652.444
651.279
650.961
695
687.728
682.616
703
699.008
711
679
683.831
683.326
680.977
641
617
620.887
867
867
826.629
802.018
695
689.743
594
592.127
590.694
590.749
592.48
593.377
594.16
595.096
596.336
598.072
599.643
600.438
600.391
735
734
732.46
730.445
729.6
723.952
716.105
711.959
709.063
706.502
703.717
700.712
697.71
694.585
649
657.777
625
617
613.04
617
617.78
696
708.19
715.031
695
698.247
679
676.071
669.489
666.779
664.569
641
643.19
641.69
642.568
703
664
667.033
667.276
667.52
664
663.676
663.716
641
646.665
625
629.46
617
619.628
610
612.901
614.63
616.77
618.867
620.394
623.671
626.398
695
727
722.296
664
667.291
664.313
660.332
656.062
652.195
648
646.246
644.276
656
655.341
653.45
651.269
649.728
648.277
646.056
644.121
645.615
646.168
656
656
672
633
647.745
646.402
646.982
640
641.138
641.975
642.957
640
657
654.525
656
640
643.705
641
641
641.217
641.433
642.319
649
648.649
883
898
870.914
766
805
798.617
727
695
689.591
688.382
688.088
687.147
687.545
689.657
734
695
766
764.424
759.238
756.907
719
758
726
696
664
666.038
727
722.273
719
687
692.455
695.699
719
714.072
773
813
808.356
680
697.076
700.753
710.965
734
719.235
709.568
711
743
695
664
703
750
727
687
694.186
709.538
714.304
702.669
672
680
688.844
693.127
696
684.471
685.359
691.443
664
668.474
668.853
671.332
671.752
664
667.018
667.951
668.865
669.066
669.673
671.003
671.407
602
625.073
578
589.853
594
592.65
617
633
633
638.281
642.283
645.106
645.664
645.09
680
688
640
641
641.783
641
625
601
605.123
604.836
586
589.901
591.199
593.815
596.383
599.49
719
656
672
703
734
720.123
710.131
708.843
672
671.97
648
625
618
612.957
610.853
611.72
695
691.023
680
681.045
685.578
781
703
704.911
705.759
705.761
672
664
662.99
660.668
656.93
654.108
609
594
597.424
594.313
570
578
578.445
633
687
699.138
699.932
695
665
648
640.383
641
636.844
633.514
640
638.237
633
625
622.456
619.458
617.114
672
672
672
633
640.528
640.964
641.893
640.494
638.32
637.977
638.296
638.257
637.441
671
671.546
666.696
662.546
660.756
659.375
656.803
617
625
640
638.024
638.696
633
635.113
636.464
703
697.303
689.474
684.105
682.314
680.699
676.535
672.02
585
618.45
578
578
577.887
576.771
577.642
579.434
657
781
764.793
751
765
760.081
747.466
735.11
724.257
656
659.203
625
621.185
613.939
657
663.401
680
682.93
836
820.665
807.139
726
721.698
680
617
615.337
586
570
571
632
727
758
747.933
739.533
727.525
710.813
695.599
765
719
710.442
701.284
696.35
692.313
617
625
617
610.945
607.884
606.045
607.053
607.987
609.163
695
694.817
694.905
697.112
700.417
702.187
742
739.96
732.044
725.755
722.167
720.518
717.016
712.648
709.153
687
758
745.824
738.402
731.077
732.868
731.984
703
709.33
703
672
683.451
681.122
672
805
765
696
773
761.286
719
729.214
730.541
796
764.545
719
736.597
740.448
733.619
718.992
721.905
732.708
719
716.477
717.431
724.176
726
680
692.484
697.78
700.864
640
659.522
665.381
668.604
667.721
601
628.978
632.975
636.913
635.277
633.947
672
673.467
672.449
711
710.283
633
602
578
579.278
578.022
578.829
580.156
883
762.355
875
853.136
817.426
789
750
734
715.402
711
708.574
707.211
705.957
735
742
739.14
735.84
732.551
728.035
725.319
727
723.964
724.15
851
719
732.931
743
757
741.685
742.275
748.06
672
688
718
709.893
707.509
713.269
648
672.988
671.906
670.996
664
665.634
672
641
650.427
650.381
586
613.43
612.031
611.046
609.466
555
591.475
586.702
585.654
584.604
583.787
584.611
584.771
584.91
585.237
585.702
617
608.312
578
555
555
539
541.473
542.001
541.586
542.903
543.987
545.751
547.27
609
625
625.039
718
766
753.391
750
679
625
618.432
554
555
586
588.679
805
746.287
844
839.968
807.714
993
960.484
914
897.305
892.364
873.313
719
672
671.064
640
664
664.534
666.978
679
686.67
695.299
617
637.23
637.598
632
641
641.79
633
641
641.163
641.702
642.088
643.047
644.106
649
647.743
648.949
727
656
663.099
667.895
664.359
661.087
659.772
659.578
658.837
657.58
664
633
648
766
728.837
713.1
709.18
709.793
706.325
672
678.566
676.496
674.739
703
696.999
692.033
773
761.972
969
895.637
750
748.13
746.058
746.642
745.487
742.727
742.068
743.486
750
748.01
852
845.377
836
797
734
703
703.671
704.211
708.697
715.321
722.682
730.079
609
609
618
593
598.162
599.228
601.576
604.903
601
649
661.975
664
668.953
674.492
665
666.82
641
644.698
642.63
642.029
640
639.142
637.976
638.26
609
613.712
610.081
608.894
609.001
656
659.641
672
674.619
782
776.133
828
875
865.058
852
845.969
839.375
750
679
675.033
649
671
674.094
813
859
843.009
831.232
757
797
798.82
787.123
773.336
703
704.178
703.484
688
687.868
734
727
725.869
724.871
725.703
804
799.461
787.95
774
774.965
742
738.477
765
765.597
759.209
752.984
752.724
753.651
751.877
746.305
743.011
742.702
742.595
740.474
737.703
640
672
673.508
680.404
640
654.799
658.537
586
619.527
562
586.383
583.387
582.216
581.391
594
625
623.862
628.063
641
643.242
645.188
646.026
695
656
662.097
633
638.638
634.556
640
635.299
703
696.043
691.057
688.255
688.891
711
704.263
698.04
693.98
692.259
844
843
790
695
711
716.06
695
672
670.409
664
669.633
687
693.523
694.674
695.651
700.234
680
687
657
661.269
661.421
662.206
662.214
662.864
656
703
702.96
702.421
700.902
700.567
698.772
664
669.852
633
638.281
648
672
673.077
648
656
727
730.182
720.074
710.312
706.253
706.495
718
711.275
656
633
637.855
643.72
651.386
750
687
711
716.313
717.685
710.525
703.113
699.135
632
647.191
610
614.684
648
633
637.657
641.8
646.404
766
738.461
730.586
729.329
633
645.621
642.695
609
617
616.126
633
641
680
703
687
685.949
679.498
672.757
657
648
633
633.319
632.831
633.157
696
702.091
700.947
696.697
692.998
688.373
703
699.45
773
789
781.539
719
703
672
695
695
699.789
688
664
666.806
664
667.998
670.287
703
707.024
704.082
699.795
695.987
711
688
711
707.795
706.26
703.211
702.61
701.09
672
677.573
742
695
698.898
701.224
702.116
735
723.994
734
758
781
769.045
680
696.729
672
676.028
632
649
640
644.607
664
703
711
713.162
714.985
715.451
715.029
711.139
707.882
687
688.245
656
660.332
657.243
726
688
672
675.41
677.614
678.055
675.661
675.362
676.934
678.188
678.288
677.719
680
679.178
678.946
672
673.188
672.257
719
710.217
708.991
707.553
707.6
705.118
672
688
683.548
682.269
649
659.626
659.502
719
711.966
705.344
664
672.683
671
673.332
671.148
668.719
668.397
669.714
671.055
656
672
695
691.216
685.997
681.753
681.7
681.253
681.002
680.115
679.969
679.907
648
658.042
657.127
658.882
659.497
664
664.872
688
687.211
686.785
632
657
654.321
653.423
656
688
684.356
680.69
672
664
663.662
679
664
663.908
663.109
664.872
641
649.918
625
632.583
632.473
633.958
632
633
625
628.395
630.313
632.516
634.03
635.188
636.301
638.529
617
623.315
623.257
664
659.705
656
654.92
654.837
703
704
697.528
691.277
719
742
680
685.297
687.41
684.674
641
649.31
651.034
750
766
748.345
737.291
711
705.595
699.598
664
666.128
664.911
695
664
695
698.002
703
657
664
664.117
663.364
660.277
656
648
664
662.657
703
688
688.483
672
674.548
641
646.744
644.974
703
702.511
701.347
696.524
693.428
703
698.803
688
664
665.566
664
680
679.09
657
679
679.187
680.976
625
644.046
632
649
644.975
664
662.859
648
651.73
648
649.313
647.914
647.609
647.879
633
637.669
637.836
638.907
638.736
640.148
797
774
711
671
670.804
667.532
625
649
648
664
662.639
662.008
661.905
661.662
659.385
633
641
640.052
639.92
633
617
621.838
622.401
624.344
625.525
627.382
628.629
630.217
631.596
711
687
672
673.112
674.537
648
650.644
647.523
633
634.317
719
704.031
693.05
696
698.987
711
701.752
694.476
687
680
688
683.47
680.588
678.687
649
640
640.643
639.858
641.677
617
622.645
624.657
617
641
625
625
627.911
630.363
632.299
578
599.483
570
547
555
553.439
562
610
609.727
719
680
678.687
727
851
827.584
803.673
742
725.78
711.302
697.965
687.597
641
639.535
625
672
719
725.196
712.612
707.384
704.761
700.116
703
697.092
695.454
693.383
633
642.094
640.849
586
600.62
602
600.163
727
710.958
708.275
750
773
764.156
711
712.004
705.076
697.207
689.479
684.455
718
664
671.69
672.917
672
669.158
667.817
672
674.235
649
640
649
633
636.024
636.857
638.428
640.43
642.541
644.83
646.444
617
609
611.106
610.38
611.242
612.258
680
680
680
680.779
625
625
622.133
619.134
594
570
578
547
554
553.757
554.331
555
557.222
578
578.569
582.762
617
620.173
617
620.914
621.513
621.425
620.444
619.369
594
597.159
578
578.296
555
559.523
559.044
559.26
559.98
555
586
585.294
590.124
593.186
672
667.594
662.364
688
687.722
683.114
664
648
633
617
594
593.066
588.629
585.465
578
579.915
580.338
586
587.029
617
649
656.334
633
664
711
695
689.142
686.01
781
735
723.56
680
684.323
656
657
651.446
797
763.982
740.952
703
719
719
711
700.15
703
758
766
750.783
719
717.696
735
741.464
731.177
714.001
804
803.851
727
730.628
744.481
748.201
732.063
722.585
735.217
741.455
730.558
721.297
719
729
729.187
719.318
750
747.828
703
672
687
691.446
694.869
679
719
766
843
821.056
805.423
726
721.595
719.261
688
679
678.134
681.546
686.372
680
682.387
684.666
687.332
689.088
875
867
812
802.629
797.565
719
717.028
712
711
766
774.856
763.718
750
805
811.641
796.368
781
769.867
695
656
625
623.908
623.234
626.384
630.566
914
840.323
875
873.894
812
766
751.378
719
687
680.861
679.395
726
727
687
690.364
696.627
699.504
698.15
750
695
702.202
705.749
688
688.9
687.186
688
727
720.902
766
762.265
726
742
737.554
731.254
657
672
671.138
669.825
669.473
695
703
705.719
718
680
687.924
664
687
735
732.916
726.299
720.131
717.858
717.382
713.589
708.664
688
688.566
641
632
641
641.491
645.647
648
651.923
656
649
652.794
654.78
657.196
656
657.959
633
632
665
661.963
660.433
659.777
659.973
656
655.927
654.771
672
670.516
696
695.503
692.9
664
666.964
664.756
602
625
621.647
622.156
657
648
652.222
664
672
687
681.729
680.256
664
648
648.193
646.866
625
628.879
629.931
625
625.599
626.734
628.123
930
807.469
766.811
760.555
753.788
739.693
722.59
617
633
632.999
635.708
636.435
719
725.446
727
680
679.329
677.451
675.771
673.698
673.737
673.585
673.623
617
617
609
610
608.306
602
602.658
641
695
704.219
648
653.641
654.902
657
648
633
633.38
633.328
617
594
601
600.272
578
571
586
584.284
586
587.89
594
596.742
599.518
602.305
604.615
703
758
746.87
736.079
729.569
720.952
712.432
704.089
679
673.167
666.598
660.892
655.624
650.616
646.133
642.738
639.731
687
704
656
665.782
632
633
631.678
631.576
632.561
609
613.262
633
634.573
636.619
637.192
639.338
672
670.441
742
734.363
725.679
722.092
641
648.616
642.987
636.845
634.426
633.489
664
665
667.347
782
718
805
789.849
836
797
773
768.667
759.164
641
666.203
663.326
663.374
663.017
665.895
860
809.357
781.085
778.667
775.331
767.002
751.477
648
633
633.651
625
641
632
625
627.935
631.551
635.037
695
708.759
672
678.335
682.465
685.604
696
703
719
716.513
713.987
695
672
669.981
665.543
727
711
705.737
701.777
703.62
687
686.548
683.301
683.102
672
672.957
673.211
675.526
789
718
750
836
814.856
719
733.125
906
835.847
781
776.847
726
727.646
724.863
723.2
721.765
721.855
859
820.973
786.795
852
852.962
703
729.998
740.527
739.421
734
739.21
747.102
746.909
745.907
746.871
746.802
745.113
735
735.022
735.459
736.581
736.747
736.156
736.498
737.608
852
833.372
867
861.259
851.776
883
875
742
695
698.36
698.871
702.641
781
773
782
788.249
743
742
737.98
711
734
736.476
740.045
741.22
734
733.441
733.105
696
699.934
697.774
757
752.877
753.373
711
679
681.14
682.734
687.281
690.564
692.177
711
716.325
719.828
718.071
715.166
712.768
719
680
685.281
683.743
684.673
683.841
684.982
686.636
687.573
688.437
689.186
750
744.642
688
687
690.563
711
703.695
698.751
938
852.732
808.806
800.433
799.787
787.119
764.143
757.044
760.108
761.003
753.95
748.701
747.933
594
666.686
670.138
682.43
578
631.249
586
608.128
606.969
607.744
608.856
610.347
612.032
613.027
750
702.826
735
734.491
664
656
653.101
646.428
703
691.64
860
750
735.254
867
832.707
836
814.115
805.452
766
695
711
712.314
743
711
712.092
717.85
722.137
680
685.232
686.915
665
667.112
667.122
668.978
670.507
672.594
675.405
672
649
655.524
654.083
653.413
653.986
655.316
657.655
586
611.789
610.798
602
603.323
603.787
679
675.644
675.793
679
688
687.947
656
649
664
658.554
680
671.158
667.568
657
657.306
711
703.121
695.181
704
711
710.11
695
692.76
692.269
691.957
689.209
641
654.214
828
776.544
906
877.449
844.559
875
860
839.476
821.281
811.737
805.781
797.815
617
681.896
610
630.934
687
688.855
693.783
699.253
707.955
717.096
724.973
731.925
736.925
739.765
740.653
740.893
740.414
758
748.562
820
806.172
742
749.261
749.17
719
750
789
851
835.556
825.189
822.121
815.959
805.784
794.844
688
702.402
703.671
709.849
672
672
676.713
684.903
641
656
633
639.711
639.56
641.078
617
624.219
625.043
625.889
625.905
891
786.264
756.95
754.393
751.903
739.212
679
677.63
675.745
674.596
673.508
821
799.56
764.156
804
804.718
773
844
906
855.964
842.248
843.803
742
749.581
751.446
746.992
757
719
729.668
729.17
729.224
728.434
729.416
733.274
737.484
739.626
740.117
742.454
665
679.176
680.427
727
695
699.764
703.799
709.139
711.815
709.739
680
742
731.58
728.483
695
680
688.151
691.928
693.534
688.429
773
829
906
851
831.956
727
758
761.222
756.576
743.694
731.725
725.862
914
885.85
849.853
813
799.491
801.721
805.807
798.267
776.606
767.218
735
743.859
656
633
633.134
632.548
635.105
672
672
690.617
656
648
665
665.907
680
683.11
685.764
688.003
689.525
726
860
844.163
742
821
818.917
804.176
785.15
679
657
657.541
641
680
689.36
697.475
701.191
706.357
710.172
711.441
710.671
710.213
710.625
710.583
706.523
706.512
705.135
703.61
649
659.765
657.17
654.833
765
753.297
746.463
743.973
741.995
735.065
758
718
720.748
716.361
713.574
709.221
705.066
702.812
700.739
641
662.781
617
625
620.963
620.833
641
642.476
647.872
664
668.999
640
648.46
646.459
646.164
735
717.081
710.541
708.394
750
695
698.378
695.333
757
743
679
703
706.108
711
679
711
735
721.817
774
726
704
714.347
742
758
742
729.108
680
680
742
746.248
738.304
721.484
710.366
703
695
688
679
677.235
680
684.175
695
711
713.338
789
788.911
766
759.085
703
703
698.543
695.812
695.655
696.483
758
763.853
711
717.108
758
726
711
713.439
718.708
716.737
711.831
712.327
716.742
711
708.811
812
875
841.363
797
726
727
727.634
729.984
730.177
728.394
728.833
757
767.191
726
723.396
680
683.619
686.611
633
642.253
644.957
648.323
602
601
604.621
604.939
601
602.978
605.499
586
592.521
586
601
598.141
625
626.339
629.581
609
613.645
612.947
612.204
594
596.817
596.539
597.252
597.568
598.029
598.873
599.67
593
586
587.225
588.107
586
588.15
589.974
609
609.083
609.874
781
732.075
813
804
836
829.811
820.859
816.519
810.322
802.664
648
617
620.219
618.538
619.239
620.298
623.46
628.162
828
790.116
784.198
783.955
836
774
734
695
688
687
686.636
820
809.813
844
953
932.399
901.004
887.753
735
736.101
735.842
703
711
713.918
696
726
734.393
738.898
741.183
750
774
777.922
735
741.523
742.891
742.713
727
728.544
813
806.441
789.484
836
852
765
711
717.945
820
875
789
786.266
813
821.863
799.125
703
720.398
804
782
752.466
742
758
711
712.901
718.436
703
705.008
688
694.45
698.624
750
747.765
743.849
750
751.517
746.717
703
707.343
789
797
735
703
734
742.662
739.294
723.357
773
813
795.792
766.912
760.998
775.508
781.115
762.663
703
719.236
734.883
719
711.75
714.156
721.782
728.514
727.381
868
839.061
758
762.184
774.358
773
719
695
735
820
788.81
758
742
727
742.221
695
697.254
700.392
704.269
706.761
836
813.234
791.45
779.531
779.322
711
713.169
711.508
664
695
695.231
699.094
700.699
704.464
844
773
763.159
757
755.972
746.178
688
695.72
695.758
696.297
812
786.221
764.682
762.193
812
805.256
785.022
767.062
765.693
766.612
763.468
727
758
781
780.069
734
736.02
750.918
921
840.066
797.03
773
773
787.862
695
703.895
750
719
717.655
721.652
773
704
726
734.528
733.761
725.63
695
727
734
724.08
703
735
758
765
727
734.39
746.532
747.73
731.923
649
676.235
684.837
602
623.583
627.904
630.199
632
625
631.913
637.356
641.45
645.202
618
627.524
628.426
594
609
625
641
617
620.901
625.276
765
725.86
672
671.744
674.488
675.135
668.846
662.349
660.906
625
649
645.55
757
726.494
705.435
694.485
691.03
689.94
686.986
679.046
675.968
673.593
774
770.309
742
727
725.274
729.749
724.104
680
734
729.144
728.951
718.884
719
722.824
721.637
715.086
672
689.533
703
704.425
672
682.332
689.248
692.831
689.132
685.273
688.041
690.786
648
660.188
662.333
663.779
663.16
672
674.395
676.612
676.303
676.405
758
746.641
737.413
731.626
729.691
649
662.48
660.263
656.94
625
632.567
634.497
637.749
639.744
643.516
719
717.609
710.072
750
749.748
672
686.262
687.942
681.961
679.365
687
684.684
682.117
789
761.096
745.198
704
708.385
704.5
695
691.947
691.235
694.204
727
727.935
720.759
715.662
789
785.57
770.764
755.17
711
695
711
714.229
717.171
714.008
712.624
714.334
716.582
727
723.261
695
672
672
688
694.979
726
727.488
724.067
722.824
721.501
680
750
735
730.643
734
728.368
687
695.508
680
681.591
726
718.559
714.603
714.513
758
752.306
758
749.525
746.258
664
680.301
679.508
679.654
680.22
682.063
686.858
828
807.458
787.018
789
766
734
725.743
625
630.631
630.744
625
628.141
727
743.449
738.162
736.63
735.942
730.357
672
673.738
672.483
671.487
671.54
711
717.73
648
664.079
640
643.812
639.326
636.937
637.406
641
642.787
645.086
773
813
797.652
786.933
780.159
767.686
742
703
719
719.524
720.786
715
710.333
707.28
704.079
700.912
696.561
691.447
851
727
732.228
736.362
739.092
797
774.243
759.737
759.708
759.213
750
739.829
664
656
656.19
655.739
657.262
796
778.418
695
700.342
705.153
709.997
719
696
679
672
673.2
640
643.477
643.567
644.615
742
734
719.466
713.587
714.694
633
645.099
643.662
642.199
649
664
668.521
680
680
679.545
678.354
625
635.802
719
701.85
680
687
689.88
692.124
686.94
681.502
679.106
678.019
676.349
673.433
664
666.376
667.18
667.243
664.657
664.741
664.148
632
641.785
632
634.448
635.468
664
667.72
671.859
703
706.135
703.558
672
675.726
617
594
597.477
595.626
597.706
672
677.742
678.029
678.23
860
828.723
805
786.013
782
734
717.614
657
664
671
676.943
805
801.127
775.816
711
711
711
710.345
719
718.141
717.543
743
750
781
776.972
761.523
695
695.412
697.839
656
660.389
659.237
661.739
665.061
664
668.658
664
667.687
669.111
671.016
671.714
711
713.512
715.821
717.324
718.941
715.702
633
609
641
637.309
640.813
680
686.073
688.606
680
656
687
684.767
682.567
719
781
775.132
758
711
672
648
656
641
672
648
688
695
699.441
698.735
696.142
695
690.546
685.091
719
758
757.416
748.597
743.152
758
753.612
748.328
680
672
640
640.508
639.497
625
627.873
719
843
743
757
760.364
820
781
743
741.024
744.088
664
673.341
648
649
647.446
647.384
664
665.743
668.455
804
772.942
769.367
688
692.136
686.36
683.381
703
703.564
656
664.488
666.797
670.117
618
640
641.063
642.886
641.538
649
651.547
875
795.516
867
860
797
797.533
787.927
656
671.917
640
639.625
638.023
711
695
649
656
658.903
680
679.74
695
680
664
656
655.785
719
750
740.736
687
683.692
686.718
694.251
697.522
691.617
727
729.589
727
719.522
713.221
710.291
708.362
695
691.615
688.679
640
641
640.227
726
725.992
723.405
711
707.767
703.296
698.319
692.909
656
661.343
660.562
663.094
758
757.607
743.032
718
680
641
642.012
594
593
591.797
592.474
703
714.014
688
742
747.831
737.193
725.809
713.996
844
825.087
803.228
784.693
727
723.355
717.98
672
648
647.67
646.333
650.506
653.51
727
781
780.041
797
796.994
786.288
703
703.126
750
719
718.248
713.75
714.332
715.313
711.544
617
633
634.606
687
695.784
703
688
703
711.597
719
766
761.016
711
671
673.355
676.169
680.989
617
629.427
632.892
672
673.717
670.614
672.04
851
816.521
758
743.48
743.953
744.531
732.863
609
635.916
642.436
734
821
898
870.188
835.573
914
844
781
703
700.719
702.658
706.41
709.373
773
794.629
788.656
786.252
783.918
772.485
758.437
750.152
748.376
774
922
914
984
938
911.983
896.189
881.974
711
710.525
713.584
722.553
731.83
758
781.563
664
683.434
687.05
690.497
641
648
656
696
706.779
695
680
648
653.963
633
632
633
633
641
648
650.157
652.263
653.608
653.803
633
640
618
621.976
620.046
672
672.24
648
656
672
673.612
766
789
727
711
705.246
700.875
703
696.628
695
680
678.552
656
657.604
654.202
656.178
657.973
660.707
766
844
826.619
809.436
798.155
783.785
769.006
703
695.684
656
664
648
633
680
711
723.276
724.312
725.644
726.048
672
677.255
674.638
672.458
671.276
670.376
670.377
671.161
670.944
670.733
688
688.556
641
649.782
649.91
651.085
651.224
696
699.375
696
697.452
699.145
697.492
648
656.349
654.918
653.705
653.157
654.2
610
624.454
656
711
719
709.238
701.257
694.767
692.59
688.908
683.805
664
641
642.179
640.857
644.393
789
777.003
742
696
640
641
641
642.421
645.518
765
727
758
754.717
742.469
734
719.109
705.723
649
671
673.011
677.045
676.934
677.648
743
743.177
820
813
718
719
715.497
711.644
707.646
703.815
758
766.897
755.567
746.201
743.693
741.08
735.162
726.975
718
716.977
640
664
665.157
668.182
670.22
734
745.516
797
795.607
786.199
782.649
625
617
619.547
619.81
672
742
687
766
775.812
765.748
756.769
774
766.446
752.692
741.305
736.804
657
656
655.887
654.666
688
690.162
679
672
676.313
678.546
805
799.378
734
733.77
726
723.811
717.967
710.203
704.018
672
675.96
672.32
672.983
695
699.76
701.109
701.163
700.124
852
823.157
804.523
791.503
783.68
680
695
693.59
693.221
693.317
726
737.444
672
683.729
686.977
688.926
688.263
687.454
688.148
781
777.261
766.361
727
711
711.549
709.435
705.772
625
641
644.557
651.996
655.144
655.982
672
678.553
727
728.186
719.954
716.508
718.694
719.267
648
659.933
659.721
820
769.451
695
680
682.18
641
644.881
643.321
687
699.268
656
661.529
665.519
711
711.227
694.443
688.708
687.805
688.421
683.562
681.036
679.815
679.819
679.81
679.424
678.237
625
641.01
641.637
643.305
643.092
643.979
645.94
649.065
651.736
664
703
743
740.869
742
738.003
731.928
726.195
720.055
714.841
709.795
625
633
630.55
631.116
648
727
828
844
804
788.417
727
671
657
655.032
654.707
625
641
679
750
758.043
734
723.805
695
684.11
676.437
671.172
669.752
633
635.53
634.832
636.166
638.29
703
714.275
713.054
706.569
726
728.85
726.103
664
669.904
687
684.296
678.865
719
720.84
718
711.909
710.108
708.252
703
688
664
668.93
670.487
673.512
674.54
675.898
679.323
680.239
750
750.548
868
857.088
841.235
829.654
664
670.486
670.447
671.565
664
666.78
671.374
649
640
672
680
640
647.084
651.034
625
648
625
629.151
703
680.094
781
727
724.19
723.152
664
664
664
695
735
734
703
700.997
694.879
687
680
673.29
667.942
671
669.99
670.642
671.427
625
633.097
634.268
696
698.286
695.208
758
773
789
779.88
703
705.457
648
647.152
632
672
680.508
685.477
686.827
690.641
692.12
690.026
633
641.668
641.526
641.418
642.333
820
844
843
805
787.969
769.306
750.577
734.725
750
750
747.617
738.978
679
680.719
672
672.803
673.483
640
688
700.049
712.641
750
759.693
672
682.747
648
649.523
647.839
657
658.992
660.988
781
758
726
688
641
632
628.653
627.532
629.139
631.354
953
834.273
993
976
920.54
781
775.793
758
750.586
748.839
748.673
749.376
748.885
747.769
745.649
743.257
687
689.001
686.02
684.257
742
767.808
781.246
784.365
786.74
664
683.623
632
610
625
624.522
680
734
748.888
711
712.483
704.01
695.515
679
671.291
668.2
666.724
703
735
781
774.073
760.516
748.79
737.227
726.894
641
646.434
617
616.154
616.203
618.998
578
587.759
588.668
590.12
591.566
593.595
596.919
600.369
604.22
608.108
611.272
613.538
614.974
616.23
688
680.535
676.935
675.778
765
754.931
743.974
739.139
726
688
682.549
726
721.878
713.873
707.508
719
722.413
716.403
708.233
656
664
665.811
667.315
687
703
707.752
709.268
710.942
711.822
625
642.452
641.624
664
664.537
665.954
668.169
671.642
734
733.563
724.503
726
781
777.13
764.843
754.579
755.184
754.92
656
674.537
674.183
673.436
617
578
590.505
578
581.709
594
595.87
601.283
607.798
836
828
803.464
734
734
782
782.07
766.041
688
672
673.899
633
636.265
631.379
641
640.84
641.718
642.256
805
778.505
773
764.754
763.284
687
688.522
684.874
625
630.71
617
614.481
648
651.144
695
726
726.926
724.618
718
680
682.154
633
635.833
610
632
632.039
636.939
638.986
781
766.607
750.246
739.451
696
687.195
836
820.064
703
711
713.911
719.708
713.972
700.837
672
682.527
692.514
700.935
696.76
742
758.054
758
844
797
778.172
775.547
776.94
769.269
761.241
756.483
754.619
743
739.812
735.956
733.012
730.11
727.822
726.578
726.773
728.032
695
709.274
773
772.039
769.457
672
664
666.661
680
691.407
641
648
649
632
636.633
625
625
627.896
630.929
656
711
712.711
773
773.82
763.878
719
703
680
672
668.072
719
680
672
656
625
648
649
687
691.082
687.283
687
649
664
663.416
664.047
660.332
657.003
655.347
654.967
640
641.468
641
642.096
642.426
642.41
648
648.652
648
656
656.225
672
671.76
671.523
671.356
672
671.267
648
633
633
633
633.647
634.739
636.387
638.031
726
722.272
680
656
659.377
658.818
617
586
591.434
592.701
602
594
664
820
766
742
731.479
719.98
704.85
734
730.749
750
736.274
695
689.04
688
687
684.839
671
665.515
662.652
664.299
665.656
667.502
670.059
633
632
632.775
640
649
652.201
654.917
658.111
625
631.96
630.912
594
602.58
601.868
602.1
585
589.522
590.931
617
633
636.072
609
641
637.813
656
650.049
646.625
645.946
644.834
656
650.974
641
640.374
640.121
639.812
639.089
638.24
672
666.349
633
644.794
593
610
578
583.431
711
677.772
667.98
665.038
679
675.428
742
727.36
656
656
658.099
657.151
654.25
571
609.866
611.847
687
659.144
703
701.101
679
641
648
648.264
672
680
687
703
680
679.191
727
721.684
712.954
704.478
617
601
618
632
641.259
646.012
647.706
650.03
653.273
655.558
758
752.859
727
716.692
710.024
704.854
711
704.649
656
662.853
594
593
586
563
586
584.316
587.819
625
633.056
641.85
649.355
655.991
820
788.693
953
906
773
771.897
703
687.174
726
730.379
728.198
782
812
798.16
734
733.661
730.285
724.54
718.414
712.822
712.793
713.616
714.241
714.312
649
663.626
663.871
695
698.006
758
769.055
695
700.593
711
696
687
719
734
742
732.247
730.898
732.571
728.585
722.146
742
735.692
730.473
726.599
728.794
728.707
828
781
770.861
695
703.733
711
695
711
713.12
711
688
672
673.642
675.307
678.288
828
828
803.856
695
696.706
698.131
702.357
734
711
742
747.962
743
731.816
774
776.794
764.716
748.407
664
674.944
656
656.482
657.475
660.444
665.365
844
809.785
787.551
780.428
776.473
764.887
750.109
735.834
734
729.924
727.16
723.633
680
684.365
682.082
683.331
683.593
680
680.761
742
703
664
669.584
703
703.884
700.143
657
669.562
674.596
678.447
674.68
664
666.844
671.28
674.493
703
690.967
695
696
699.726
699.06
695.214
688
688.229
657
664.693
662.501
649
640
641
643.588
625
631.297
633.767
637.598
672
641
633
638.009
641
641.191
640.508
617
623.309
624.056
594
601.828
602.055
570
581.607
554
563.561
563.836
564.178
564.826
566.291
578
577.137
625
625
627.265
629.548
656
703
696
689.162
640
664
659.219
656
664
658.978
640
640.585
680
672
666.865
672
696
696.455
690.245
687
687.624
687.994
684.924
682.711
681.952
664
666.085
665.678
664
734
728.61
724.035
720.126
719.263
715.154
813
844
960
860
840.08
826.134
814.218
800.498
750
739.381
734.971
765
777.46
828
734
742.13
747.357
648
658.383
659.049
659.55
664
665
670.857
703
717.136
735
738.021
738.88
738.812
737.13
735.77
679
704
703
701.536
698.315
696.443
696.355
695.133
693.074
750
687
657
664.144
664.939
665.064
664.878
666.74
669.896
743
738.892
729.474
687
691.772
691.074
689.314
684.304
750
781
767.018
711
781
779.952
768.936
750.725
750
754.626
750
726
664
679.383
726
774
703
701.765
688
709.032
758
867
819.266
781.125
765.643
742
741.953
648
652.024
652.579
750
852
835.642
805.59
785.034
770.048
773
765.863
752.416
737.72
672
671.972
672.257
674.369
678.174
734
754.85
754.524
748.719
743.9
740.52
657
662.905
632
630.814
648
625
629.031
631.57
635.794
639.14
642.187
645.434
648.195
650.474
727
804
813
773
764.072
773
770.117
762.341
704
702.276
703
701.866
698.106
693.791
691.613
692.308
693.022
691.283
601
629.288
633.266
593
606.294
606.546
607.445
609.007
611.885
615.627
586
596.051
595.969
595.432
595.252
595.747
601
601.122
602.41
603.472
586
578
581.209
580.244
578
578.68
562
567.096
578
609
612.932
616
616.932
633
609
612.237
610.989
610.414
608.213
586
601
597.14
597.287
596.447
596.524
594
601
600.34
600.342
601.418
602.524
603.46
594
597.46
586
570
579
585
586
586.479
587.78
555
570
568.708
568.877
568.416
569.138
570.807
571.662
572.468
573.271
574.04
562
567.152
539
551.076
550.861
551.438
551.877
552.49
554.458
555.296
556.464
557.381
558.284
555
556.881
557.701
558.379
539
516
531
524
526.746
526.52
527.357
528.688
570
564.545
571
570.096
570.642
633
632
649
644.051
641.607
638.624
625
620.745
616.112
611.43
602
578
578.532
575.138
573.783
578
575.718
575.083
574.758
664
661.333
660.45
665
656
633
629.832
624.381
619.617
615.376
612.052
609.237
606.402
603.705
601.068
599.49
597.542
641
638.297
640.043
602
615.934
615.395
616.117
614.597
586
596.292
596.505
598.267
597.838
598.019
598.873
599.753
600.367
649
656
650.068
648.889
647.865
657
652.886
688
681.972
711
706.177
687
684.893
681.131
677.247
726
727
719.291
713.991
984
892.124
847.918
829.649
823.002
812
793.253
719
717.6
718.01
723.047
723.726
727
729.327
731.743
828
830.706
805.193
812
812.82
814.367
809.192
800.521
793.934
791.92
790.72
785.22
780.853
734
738.053
735.71
737.332
735.729
734.987
738.036
743.149
747.329
625
664.465
665.431
670.555
671.944
675.118
672
678.083
718
722.495
722.985
735
736.941
736.255
732.693
648
657
657.179
658.392
671
711
711
711.759
711.316
708.353
704.673
699.306
694.623
692.356
690.657
690.674
625
609
611.452
602
601
602
604.689
608.223
612.818
618.114
563
584.976
547
557.655
555.769
554.975
508
508
514.268
484
492
492.147
490.082
485
487.478
487.216
487.372
532
522.038
524
507
532
523
525.893
532
546
540
541.061
540.97
542.324
507
524
522.829
521.398
521.026
492
506.679
507.323
506.911
476
492.079
492.568
491.722
492.333
492.767
494.577
495.926
469
476
461
468.063
469
468.251
468.562
461
446
437
443.444
438
453
447.293
448.439
449.84
437
422
430
422
424.222
430
426.306
422
425.044
424.696
424.785
424.975
422
423.246
423.401
422
414
418.003
418.34
398
406.003
406.014
414
429
422
422
422.506
422.654
422.6
422.15
421.868
421.639
421.361
421.169
453
437.87
437.023
436.673
445
439.889
438.952
453
444.788
430
434.198
433.922
431.027
430.074
446
445
437
454
446.812
446.705
447.13
446.501
446.161
445.698
430
436.4
436.766
435.933
435.662
421
426.697
422
423.084
423.277
422
414
414
414
415.366
416.162
417.17
418.321
407
412.24
412.307
412.774
413.51
413.642
414.116
413.704
398
405.628
404.736
403.767
398
406
402.485
406
404.518
404.462
404.615
404.243
404.162
404.069
430
418.013
417.379
445
432.119
431.424
430
429.239
428.129
445
434.959
434.406
437
453
438
439.791
445
441.157
461
450.549
450.392
450.624
477
476
485
469
492
476
478.667
478.525
492
485.597
500
493.492
493.509
516
507.116
506.959
539
527.568
527.199
527.714
527.786
554
544.078
555
546
547.114
546.86
594
570
569.705
571.029
572.07
586
586
594
570
555
557.594
556.164
554.805
553.75
553.301
563
562
579
576.817
577.795
579.008
579.208
579.354
579.29
579.213
580.07
625
695
692.085
789
711
709.523
702.484
586
595.077
588.627
610
612.698
719
672
742
740.781
875
854.773
719
723.999
844
734
734.978
766
759.94
743.538
741.839
742.115
738.813
688
701.902
701.911
701.902
698.021
697.062
734
742
729.662
723.606
729.369
1110
935.924
855.278
797
734
680
672.404
640
636.224
672
695.94
701.103
703
703.023
702.898
702.64
702.051
1141
1039
932.172
908.184
892.484
876.851
855.369
832.242
815.821
812.63
718
715.185
714.591
714.458
1118
982.714
805
1156
1073.07
1002.33
998.078
1039
1028.13
1219
773
815.582
871.562
696
712.357
740.392
746.536
969
941.834
932.552
936.739
935.759
926.787
925.57
828
750
749.065
749.371
749.344
758
820
857.04
766
773
1070
891
758
758.397
1063
954.737
870.161
852.478
868.016
870.265
812
844
875.111
1141
969.998
882.351
886.402
921.216
920.841
861.613
868
1000
991.679
897.972
914
951.386
951.727
851
821
851.999
889.548
878.793
841.249
857.941
897.011
904.897
864.049
844.874
873.368
893.746
871.421
843.096
687
707.397
717.181
750
704
711
1078
963.633
888.597
882.373
884.546
711
712.67
717.934
727.62
773
820
823.552
822.887
822.041
817.843
811.612
898
896.455
877.593
898
901.97
789
798.082
798.26
734
789
734
727
742
740.482
719
703
708.003
765
704
717.68
679
688.519
687.384
686.229
685.467
578
633.945
632.359
555
596.006
590.799
547
578.697
570.152
578
574.786
664
643.484
644.049
649.953
719
672
674.821
727
1000
841.215
797.071
687
711
710.324
890
782
882
861.653
734
738.469
1102
935.883
734
969
844
792.205
791.747
1031
893.353
703
732.225
680
680.212
679.754
774
773.542
759.495
759.545
763.257
760.788
756.939
753.69
789
828
818.915
800.857
797.909
773
772.113
767.938
762.083
828
825.567
820.653
813.943
814.365
984
956.708
924
782
718
711
713.203
720.986
730.859
741.564
754.657
769.882
758
756.59
755.249
756.407
756.531
755.006
753.156
751.327
752.291
743
789
786.066
783.581
718
727.903
695
711
709.059
937
743
746.483
789
773
719
732.469
743.455
741.473
742
741.219
743.345
741.986
695
696
718
717.375
710.758
709.34
714.454
720.388
711
719
721.392
766
703
711.761
718
719
715.698
714.865
717.076
718.545
716.319
715.13
719
789
777.633
719
742
742
737.291
703
715.609
722.012
718.848
742
687
680
686.388
690.673
691.604
742
711
712.13
716.303
721.433
721.6
672
734
680
664
687
742
721.02
715.99
718
735
726.274
718.274
716.86
717.082
715.594
710.363
708.742
709.241
707.838
705.449
701.967
797
779.539
828
735
746.763
859
868
843.261
1079
1013.89
758
734
719
711
710.858
713.405
812
829.138
914
836
743
741.804
742.751
743.997
743.593
758
750
766
769.038
812
812.798
1102
1018.81
804
782
787.018
799.254
801.853
805
805.067
851
703
712.699
712.228
712.762
1125
967.795
892.353
874.149
870.888
866.161
855.588
846.21
842.343
840.538
812
809.067
695
699.839
699.029
698.772
742
749.651
750.252
757.151
797
812.953
818.624
680
697.109
719
725.324
929
876.098
829.999
810.207
743
732.972
711
704.125
914
905.035
863.372
789
773
875
894.292
781
765.934
781
803.381
800.818
859
854.649
742
758
784.553
703
750
829
827.253
727
750
742
719
687
719
781
774
703
720.651
727
732.61
687
735
851
797
758.107
875
868
804
719
750.056
771.393
755.303
735
750.351
852
811.252
769.129
768.08
765
727
726.676
739.158
828
758
748.359
759.877
777.947
726
729.515
680
672
648
641
640.413
640.715
642.453
645.759
601
616.038
614.511
614.056
602
601
601.919
602.163
617
617.567
620.171
622.611
601
606.468
605.51
664
672
695
734
738.529
735.585
732.177
728.487
617
628.094
593
591.552
570
563
563.884
540
545.808
546.302
547.176
548.704
550.613
547
562
609
578
584.903
587.294
562
563
570
567.12
610
603.254
610
625
609
602
602.339
601.058
599.273
597.48
586
586
602
585
586
587.026
602
598.729
598.584
586
589.649
578
580.939
581.253
562
539
551.494
551.326
552.21
547
532
540.265
540.816
541.884
542.996
544.334
578
571
573.579
574.336
586
625
648
641
638.442
639.053
656
654.025
650.47
640
610
601
594
590.758
588.388
588.242
547
555
555.78
562
563
578
580.992
585.722
632
636.082
638.732
695
641
641
648
633
625
622.678
649
632
632.759
632.285
656
649
648
647.031
672
664.502
672
667.546
668.176
668.056
640
641
617
619.564
618.089
586
563
570
568.924
571
572.287
574.754
577.752
581.079
594
617
622.02
671
672.734
672.77
680
677.104
688
648
653.592
648.17
643.437
649
644.839
643.39
642.013
625
625.734
624.063
623.523
623.92
625
627.16
656
658.902
661.81
663.54
657
640
641.584
656
654.588
656
664
664
664
633
637.508
636.462
625
626.22
609
649
645.692
647.751
647.88
664
663.446
648
650.196
640
642.018
641.103
641.07
571
603.927
600.999
547
575.843
571.829
570.662
570.923
571.815
594
590.66
593.895
597.165
586
578
578
578.982
578.371
578.046
578.121
578.297
579.239
580.011
579.804
580.61
580.544
580.449
580.292
580.109
582.063
602
600.507
609
610
610.203
610.368
609.979
648
640.72
637.516
638.671
586
598.518
594.163
590.056
539
547
610
595.353
593.92
750
750
727.765
718.083
680
668.263
654.706
643.618
672
672.108
667.997
660.893
655.885
652.807
648.008
649
648
644.488
641.577
639.435
640.263
640.89
642.153
643.965
645.483
688
690.898
679
681.1
682.104
680.997
677.854
674.978
797
750
735.947
732.213
733.128
728.532
720.373
714.077
711.304
708.948
705.592
702.005
699.707
680
679
678.805
641
656.271
648
650.562
651.21
742
741.291
739.524
740.735
741.346
641
663.609
662.075
658.106
655.959
656.202
586
617.944
616.235
648
680
680.523
671
668.266
665.295
680
680.262
672
666.493
649
664
660.259
659.752
656.622
655.058
727
723.353
715.048
708.153
617
639.546
617
617
615.303
656
665.27
672
672.348
673.203
671.61
668.54
664.251
659.833
655.853
654.685
718
712.223
704.321
702.183
704
701.536
697.068
696
692.34
690.961
689.242
703
699.582
697.14
671
664
665
648
650.453
650.693
695
734
737.136
734.521
731.128
725.499
704
697.7
691.292
686.837
684.678
684.065
602
626.176
626.708
631.738
562
563
570
563
586
609
633
645.707
653.182
641
644.57
643.786
643.097
640.574
610
615.726
586
590.512
588.541
587.324
649
647.611
649.685
649.21
650.968
687
689.175
685.234
680.751
687
683.193
679.371
664
661.559
658.604
655.914
652.902
650.215
680
664
665.187
665.53
665.934
666.005
687
680
681.049
681.692
695
691.635
689.661
672
679
676.754
676.13
674.705
773
759.668
750
688
687
684.746
682.197
766
762.296
758
744.014
735.711
687
735
737.26
733.998
720.343
735
730.142
730.761
704
706.635
709.073
695
696
693.204
648
641
642.726
643.535
645.926
625
688
690.615
696.037
789
783.986
771.577
718
696
656
625
624.128
623.049
734
740.424
726.793
719.062
727
725.389
716.401
704.605
693.661
641
644.924
644.438
644.755
645.92
601
610
612.03
613.294
614.455
616.265
619.829
623.649
627.075
773
752.306
750
741.77
750
743.905
734.415
725.146
718.933
713.921
828
804
782.501
789
788.784
781.959
770.889
687
680
679.579
696
708.983
687
695
688
694.673
697.277
633
648
650.338
652.15
652.354
633
640
664
704
679
679.217
649
654.79
655.48
655.344
656
654.534
649
650.326
651.536
651.958
651.725
651.565
652.084
652.706
652.209
703
702.177
700.675
697.635
696.681
695.268
691.678
711
704.532
701.062
698.035
697.075
695.128
691.753
688.929
687.752
686.531
664
670.612
703
702.105
703.821
703.801
828
703
717.793
718
714.639
709.234
625
658.431
658.425
648
649.57
671
674.328
673.462
674.11
676.783
676.659
687
688
685.609
687.252
687.399
625
632
633.57
648
696
698.795
742
745.397
739.93
732.556
727
718.95
711.947
696
687
682.906
680
677.793
676.097
677.302
735
718
715.308
726
727
724.031
722.361
640
665.83
664.953
773
757.105
741.847
731.514
766
771.338
719
687
693.563
648
654.562
633
636.307
636.641
860
787.677
719
719.212
719.34
875
833.159
791.993
766.778
758
757.484
703
699.837
696.887
680
680.44
680.317
781
742
736.87
737.431
742.666
741.637
733.699
730.009
719
734
680
693.02
691.248
690.75
758
750.173
743
741.183
738.336
736.843
733.96
729.37
641
609
649
647.103
654.708
658.398
662.901
669.034
805
758
711
711.068
713.806
688
687
685.354
685.301
685.025
684.431
684.85
681.672
680
676.638
675.676
664
664.766
718
709.181
680
672
656
659.332
659.37
820
791.06
859
719
711
742
742.912
733.378
717.495
703
750
759.758
756.278
703
705.347
719.305
773
727
716.236
664
695
717.225
728.812
715.677
719
703
712.567
664
656
655.304
655.744
658.48
660.021
662.194
641
646.112
647.126
649.089
649.397
656
641
645.294
646.364
648.189
648.367
695
672
674.053
674.56
674.739
673.068
670.787
688
682.558
680.637
679.169
633
645.192
602
611.932
625
617
620.317
593
618
617
620.421
621.421
688
683.875
680.758
680.451
681.14
678.53
673.64
669.802
666.996
594
594
594.59
591.464
601
618
621.183
625.621
629.134
632.197
649
652.349
641
609
609
609.339
594
601
600.552
688
680.129
672.873
667.401
665.668
688
685.372
678.883
625
617
617.877
672
656
650.947
640
641.695
664
663.837
633
636.969
641.388
644.514
643.484
640.169
618
609
612.53
609
610.249
610.792
679
682.455
677.695
674.909
673.777
671.963
726
723.466
714.404
664
667.242
665.832
641
617
619.242
602
640
638.182
641.742
703
734
726.853
719.967
717.552
711.566
703
688
683.531
703
702.147
698.068
694.839
671
671.742
668.252
667.61
665.813
665.139
666.122
711
719.868
722.781
719.81
718.397
717.12
713.342
708.522
688
688.957
687.682
688.468
688.082
687.874
703
704.523
969
906
891
836
812.366
711
742
750.206
754.534
750.031
737.421
734.166
711
709.989
703
704
679
678.657
789
781
780.707
775.863
775.728
778.073
742
735
730.747
728.869
726.998
723.847
722.066
723.107
722.99
868
849.975
826.502
812.474
672
664
663.88
664.213
669.635
758
711
687
691.449
625
631.782
632.096
632.332
578
609
594
597.694
597.254
610
610.055
612.387
614.543
616.307
680
669.329
672.26
675.284
805
758
742.596
664
668.786
664.081
659.599
609
615.467
617
602
603.849
603.552
605.419
742
789
742
730.281
724.715
714.8
727
812
805.306
836
821.862
805.162
790.354
777.809
680
678.418
679.923
681.826
711
719
812
836.265
828.774
765
756.413
745.789
696
703
702.965
705.651
672
695
664
719
719.151
720.627
716.175
714.272
713.71
712.836
712.086
648
667.275
666.117
680
675.68
676.726
679.157
681.696
617
638.858
609
641
634.371
636.311
680
680.01
682.471
684.468
685.96
570
571
575.369
633
631.775
680
683.565
682.863
680.215
726
836
758
719
708.738
695
691.002
735
804
782
781
766.564
757.796
751.75
657
662.737
664.536
617
622.65
633
648
664
676.304
687
688
672
633
638.585
635.955
625
624.974
624.715
656
658.365
660.71
687
691.93
692.127
664
666.245
656
655.31
652.988
617
624.347
623.326
624.854
625.404
625.972
627.115
578
594.689
563
547
552.765
551.578
531
538.415
538.979
539.637
540.767
541.942
543.645
545.578
547.434
586
582.358
585.455
617
618.227
619.307
620.1
609
617
614.98
613.147
657
656
641
593
617
602
570
576.506
575.067
574.576
555
560.748
547
554
553.563
554.279
578
574.669
539
531
537.712
538.172
537.824
538.334
523
524
531
530.213
516
523
524.094
515
518.356
519.733
520.962
547
542.437
543.577
563
562.853
563.148
563.1
563.183
594
586.309
601
598.05
570
574.706
572.078
570.163
641
547
1000
734
695
693.383
641
640.719
631.64
649
646.262
644.805
695
692.077
686.749
685.033
684.178
664
664.089
648
680
667.471
667.673
668.322
670.434
648
657
656
653.879
651.188
650.212
650.199
641
643.964
643.643
610
620.905
618.532
601
657
648.701
652.196
654.618
734
734
722.447
717.187
609
633.74
563
570.657
547
548.986
548.432
548.218
571
571.636
570
563
568.306
554
559.452
532
531
547
543.282
542.692
543.295
594
594
625
629.104
633
635.024
636.391
664
662.141
660.394
743
733.932
680
672
664
648
641
634.807
629.848
626.751
679
679.056
679
703
672
675.576
671.72
610
627.842
623.634
622.728
621.828
621.411
623.287
672
625
633.77
636.064
635.065
633.741
634.15
634.866
610
625
640
680
672.091
667.061
665.442
649
649.727
632
618
618.062
618.051
620.115
622.13
624.166
633
594
586
586
586.487
588.357
590.37
578
582.807
584.921
547
547
550.981
523
534.12
516
522.384
522.827
522.778
492
506.391
506.653
506.044
506.37
485
494.401
495.909
495.087
495.457
496.724
497.562
461
476
477
484
477
478.894
485
482.482
483.526
484.763
476
477
500
490.976
491.573
492.469
493
515
485
493.314
484
485
485.979
484
484.748
484
484.671
492
489.093
492
493
492.2
500
500
499.224
499.432
499.565
500.406
500.242
499.871
499.659
499.418
499.178
498.938
508
502.976
523
516
515
514.76
516
515.76
500
504.388
500
501
515
492
500
500
500.604
500.426
500.56
501.523
531
522.234
522.321
522.738
516
518.578
500
507.777
508.318
508.374
508.677
562
571
568.034
567.156
567.731
567.803
566.4
564.616
640
624.151
617.656
615.324
633
631.982
688
641
640
695
683.305
672.633
668.338
670.009
667.923
734
716.38
703.48
734
688
693.204
689.26
657
664
664
660.107
750
672
683.836
703
697.125
691.579
691.563
797
763.267
747.259
747.24
749.831
711
713.941
797
768.832
703
727
741.589
821
770.123
742
753.788
742
738.984
726
725.029
735.078
758
664
688.87
734
732.172
714.02
707.186
898
838.221
793.729
787.996
703
712.874
712.705
711.745
765
750
758
695
703
680
681.008
680.391
680.958
774
774.016
768.948
768.952
782
779.72
1047
945.493
726
726.252
773
711
710.242
1132
941.96
1125
789
794.524
794.503
794.045
790.168
790.163
812
815.052
1148
836
833.832
930
913.248
845.502
845.043
1187
990.585
891.185
896.369
919.872
892.864
836
1086
773
778.966
734
727
726.161
844
852.649
648
685.392
697.279
586
609
641
641.391
687
696.763
699.993
648
641
640.227
638.757
638.075
637.207
636.523
636.759
726
797
711
706.159
882
782
756.45
750.087
759.345
735
724.668
961
863.403
807.688
806.351
815.925
758
755.432
759.16
761.484
754.421
727
805
1125
750
751.891
768.21
781
782
781
785.789
1039
917.28
831.032
829.823
711
710.331
710.165
709.988
709.53
709.475
726
730.82
734.625
734.618
672
679
678.674
766
769.295
765.933
765.551
765.04
766.519
703
707.576
703.161
758
781
789
778.083
914
907.423
743
756.216
761.985
760.495
749.803
836
838.659
811.749
735
695
698.622
701.224
702.791
704.757
680
686.45
693.598
930
875
765
753.117
797
814.855
734
730.201
734.355
744.052
743.594
731.229
852
757
741.959
748.304
734
805
906
781
821
804
727
742.575
765
753.275
820
813
792.923
793.848
791.906
688
716.947
610
628.978
628.404
627.936
628.606
631.152
636.61
642.501
648.463
654.689
660.5
562
563
578
617
616.161
617
617.676
620.864
672
664
649
649.379
653.1
654.93
586
602.849
605.088
594
609
594
593
593.118
571
577.664
576.657
575.669
575.783
576.901
578.699
580.598
582.477
594
625
625
656
664
664.036
641
641.224
636.687
586
610
757
907
855.675
819.975
800.839
500
535.846
500
531
537.76
551.284
553.093
554.277
555.758
557.634
559.028
560.225
852
770.692
743.577
741.558
688
682.128
674.046
667.367
657.588
647.734
638.609
630.241
750
703
687.112
914
703
703.595
704.951
688
686.969
773
766.285
743
742.793
751.499
742
725.86
726.916
727.364
722.946
1148
922.793
845.145
711
664
766
772.927
875
813
789
742
740.962
752.178
772.309
772.485
752.911
703
698.916
774
1039
929.939
837.717
787.944
784.029
810.573
834.744
821.806
906
876.519
836.543
814.084
810.851
790
765
757.103
1000
957.555
750
754.782
703
702.207
702.461
705.198
711.938
724.785
741.435
899
734
734.953
738.456
746.238
744.723
789
788.942
820
914
892.376
782
792.964
898
858.974
789
792.3
818.047
859
821.192
890
782
742
746.246
754.002
759.676
1164
990.503
812
810.914
844
854.814
838.082
817.191
818.601
789
984
781
781.22
785.007
656
641
640.643
640.185
586
578
579.719
579.105
562
564.257
563.344
562.712
562.166
561.553
561.172
560.708
561.633
586
586.55
588.579
592.708
679
774
734
729.435
729.763
731.343
729.906
727.29
724.874
723.26
680
679.801
673.065
666.963
659.579
664
672
669.285
666.916
688
690.031
680
684.257
687.097
680
682.554
681.904
682.277
682.175
682.41
618
601
603.645
601.386
601
696
696.043
672
664
711
718.334
766
754.242
696
693.168
690.003
688.399
688
681.638
676.269
673.284
726
726.93
718.263
706.318
702.802
705.381
704.377
719
712.306
708.692
687
664
666.254
640
642.706
633
635.366
648
652.683
658.137
633
649
648.783
617
625.788
586
598.988
562
571.619
555
557.857
557.185
556.649
557.263
524
540.035
537.996
508
500
507.184
504.994
532
527.735
516
516
519.712
520.605
508
508
511.252
511.662
512.465
513.56
492
500
501.187
501.654
502.411
503.145
469
477
481.352
480.399
480.686
437
461.762
438
437
438
437.987
437.182
438
437.808
438.717
439.57
430
429
431.277
421
424.818
425.765
424.782
430
427.351
438
422
426.85
437
430
430
430.972
430
437
433.827
434.277
434.637
437
435.707
430
437
445
440.086
439.58
439.41
439.708
429
430
430.804
430.866
430.716
430
414
430
425.8
425.453
425.683
438
431.884
432.121
432.436
432.707
432.787
432.705
468
446
461
453
452.946
461
455.929
455.046
469
469
465.196
446
453
452.15
446
446.543
445.978
444.799
461
453.236
453.779
469
462.263
462.367
462.431
462.911
462.504
462.238
500
477
476
469
470.21
469.832
468.778
524
504.865
501.796
500.651
500.177
499.738
498.001
496.903
496.051
531
539
533.194
532.097
493
492
484
477
478.309
477.487
477.172
477.714
524
518.116
507
516
516
515
514.158
513.898
514.508
514.814
508
511.036
510.236
509.739
656
649
672
669.022
667.198
641
635.29
648
641
679
677.125
735
731.719
720.934
633
642.307
639.028
632.492
618
615.213
593
727
711
699.233
852
830.726
664
683.751
689.486
688.632
594
624.162
695
657
672
674.242
789
664
649
640
641
672
734
703
697.191
699.913
649
539
574.321
578.645
547
560.178
560.489
562.162
804
852
812.565
786.903
766.968
739.599
711.16
836
830.389
735
726.98
731.429
736.253
1031
912.185
968
946.103
899.178
868.944
866.206
860.899
844.247
825.913
824.962
922
961
961
919.236
912.182
851
836
827.482
765
899
922.105
1055
1034.08
995.516
750
748.227
757.926
790.969
820.993
789
789.583
985
988.726
934.829
879.69
617
628.012
637.409
667.367
1040
906.86
828.018
672
670.047
1102
930
830.564
783.606
859
894.833
890.586
817.245
781
734
774
826.837
828.442
787.927
805
836
843.214
805
726
696
702.643
716.696
680
677.968
711
736.768
640
649
660.078
667.765
659.97
659.777
666.744
674.318
675.019
675.235
679.366
684.064
781
762.993
726
828
815.069
793.105
773
777.131
771.447
760.522
656
676.94
711
766
765
746.096
742.74
749.545
757.491
748.879
733.349
726.392
695
698.987
701.071
704.285
718
844
832.49
811.79
797.933
789.403
780.845
770.183
759.925
750
844
844.444
726
829
823.866
803.367
789
795.13
793.55
778.837
750
771.257
778.087
633
641
649.244
653.722
656.868
899
843
809.217
809.892
641
646.897
609
602
600.839
600.893
601.652
656
711
720.317
719.304
953
906.762
852.114
832.967
820.445
797
774.622
756.86
745.958
664
657
653.438
650.241
649.305
922
864.483
823.988
817.942
773
760.422
1016
976.836
828
802.043
802.296
680
781
766
764.473
703
703.846
709.508
720.163
719.794
718.922
718.864
680
687.903
687.604
686.631
685.969
685.543
922
851.765
810.163
687
688.303
679
711
725.151
742
782
773
734
723.372
649
648.268
648.718
650.232
651.45
651.355
654.062
766
742
733.859
688
688.798
757
763.884
752.104
735.225
725.205
727.586
625
594
598.542
598.682
633
646.618
654.484
648
653.541
609
616.445
578
585.355
584.128
583.932
584.043
584.185
641
648
656
656.66
657.806
654.781
656
651.415
594
578
601
657
711
708.984
711
703.03
656
633
625
625
624.032
617
617
615.262
571
586
586
587.053
585.156
578
580.908
582.89
584.227
585.292
765
742
672
670.826
594
562
561.169
556.694
555.481
554.957
836
728.354
689.742
684.564
677.318
680
679
668.88
812
784.558
754.99
696
694.968
672
669.719
899
832.535
782.421
742
766
844
1046
945.686
858.359
817.163
817.103
727
716.654
1007
1000
1000
915.398
813
810.651
831.371
874.296
873.726
859
809.29
788.362
794.999
826.475
858.522
856.255
812
735
733.345
757.581
985
984
915.237
842.306
807.343
914
781
860
844.672
819.687
803.011
801.915
797
797.31
793.587
790.683
742
750.836
789
793.511
774
773.712
782.191
785.823
779.825
776.288
772.658
890
882.512
789
795.15
811.271
734
719
723.466
727.672
728.203
742
754.348
760.938
761.844
763.582
765.592
765.129
763.516
761.699
761.541
762.686
762.949
760.773
594
664.162
665.694
555
602.24
602.592
539
571
569.182
610
610.173
618.33
704
703.427
757
750
748.11
695
656
652.408
642.268
636.751
633.013
586
586
581.003
575.135
570.493
566.108
578
571
578
562
563
562
579
593
596.708
600.717
604.105
601
610
608.177
602
586
586
583.979
582.054
571
572.171
572.389
586
585.182
586.72
586.664
587.712
588.868
590.033
591.169
592.179
592.964
593.678
734
696.266
680
674.497
671.66
672
666.907
661.203
656.82
653.55
586
602
601
598.378
656
648
646.759
664
663.731
641
645.24
641
640.345
638.16
726
715.574
671
676.388
679.956
586
602
601.636
562
555
557.879
557.008
556.874
648
638.62
639.043
642.11
672
649
650.964
687
680.665
674.451
673.006
671.994
668.002
663.471
658.908
766
740.7
724.499
718.427
586
578
582.122
571
573.491
594
600.875
602
594
598.646
656
669.239
670.495
668.114
727
729.94
844
804
783.17
766
757.944
820
815.129
800.898
784.457
609
634.862
640.784
657.518
671.989
675.61
609
610
620.303
633.833
650.607
661.65
667.988
672.225
676.374
680.359
750
757.9
746.405
730.614
773
777.568
772.491
762.457
883
866.822
842.684
830.038
834.536
832.259
816.473
806.282
820
821.18
727
740.578
748.417
753.575
746.709
781
868
856.131
804
766
773.5
777.23
770.439
704
713.109
711
687
688.739
692.191
698.603
703.833
708.381
713.322
797
796.092
782.883
734
739.46
738.744
868
839.959
811.983
946
934.12
901.187
874.037
873.104
868.936
850.861
832.773
830.587
836
834.428
823.064
710
729.379
733.75
746.673
751.086
753.385
762.99
836
758
762.083
767.185
852
836
817.286
816.347
789
787.574
780.27
766
766.604
765.401
765.697
764.268
625
594
570
586
587.215
641
664
684.945
703.263
718.81
728.735
718
719
714.212
709.23
701.498
696
691.904
689.107
617
617
614.406
632
631.011
634.208
638.019
765
762.671
750
711
709.052
664
661.254
656.558
654.254
653.984
653.372
652.412
867
820.058
711
708.033
664
661.185
659.536
659.068
789
791.273
764.467
743.909
765
767.61
755.975
736.485
671
674.547
675.827
678.65
648
680
656
661.252
687
689.219
688.585
689.654
694.864
698.835
699.019
697.902
699.021
698.846
697.476
696.582
694.127
633
648.855
625
632
630.032
617
618
609
633
640
645.058
649.048
625
632.49
631.092
594
604.318
603.84
586
590.095
590.569
591.753
570
578
578.38
664
652.005
774
773
759.007
680
673.001
641
656
653.38
758
751.454
703
694.037
649
649.263
648.773
648.276
647.467
656
655.481
727
711
687
686.628
688.18
664
662.888
658.568
656
641
625
641
632
649
648.154
650.185
651.885
652.531
652.51
652.284
640
643.085
633
632
632.894
618
621.194
641
640.345
641.676
633
635.949
637.009
609
617.308
616.881
617.712
602
606.048
608.044
609.512
602
604.975
610
610.743
611.552
641
640.185
687
703
672
674.505
671.273
667.773
663.281
659.253
672
640
645.151
642.258
640.846
639.66
639.581
639.836
734
720.565
711.07
734
782
775.565
719
719
720.221
773
680
689.45
695.737
696.039
688.622
686.871
734
731.563
715.142
711
742
742.446
724.834
720.854
733.039
734.328
641
669.998
680.719
617
648
650.956
650.72
651.177
655.345
659.311
765
735.597
726.308
719
695
695.871
734
718.886
680
689.277
694.089
697.733
680
677.902
680.307
684.056
683.599
678.659
765
754.812
744.487
782
785.507
711
720.563
742
735
687
711
716.719
711.167
704.317
711
719
711.613
719
718.092
656
641
644.235
646.81
602
614.299
672
703
701.672
703.063
705.797
758
760.722
749.751
704
703.521
633
617
616.948
601
603.302
603.855
609
612.33
615.855
620.286
625.591
630.639
757
745.592
736.595
735.193
732.744
724.192
714.874
758
754.328
748.055
741.002
738.514
758
781
813
796.391
742
774
779.708
797
727
742
750.266
766
755.6
745.144
749.519
758.305
727
731.398
750
742
719
688
698.931
702.92
680
683.953
688.058
695
758
883
857.285
836.23
1078
1011.11
953.429
933.953
930.542
910.943
867
848.218
1125
1055.25
828
825.44
726
774
703
680
742
773.217
778.584
783.726
805
750
752.009
751.829
766
764.926
930
899.998
884.985
883.334
880.437
891
878.372
861.707
727
734
733.995
738.245
735
739.695
748.164
758.692
742
742.719
743.828
747.341
750.308
752.513
754.856
883
890
969
952.097
929.977
921.346
719
729.48
730.846
736.271
852
864.931
845.548
838.697
734
733.974
789
703
782
783.476
742
744.293
745.954
749.538
749.289
703
679
766
755.299
820
797.172
961
852
837.283
832.463
821.033
922
872.192
844.99
813
815.413
813.585
801.257
787.88
787.519
828
766
977
1093
1005.49
930
928.199
927.377
903.684
872.452
865.573
871.789
992
970.038
929.95
905.201
914.339
934.757
932.079
750
761.618
703
695
695.932
703
766
929
949.008
984
983.32
961.759
944.883
937.431
917.948
938
930.092
915.268
901.346
1141
1095.36
1049.21
1023.69
1021.56
997.599
967.615
929
930.69
836
835.149
840.194
687
688
656
654.429
653.319
654.168
890
870.069
888.096
911.268
911.371
909.045
906.511
899.001
789
789.956
788.181
773
771.722
844
847.683
831.61
773
797
774
770.098
769.306
771.736
664
690.898
640
644.347
641.946
640.903
640.799
758
820
734
742.661
836
826.053
808.414
969
933.599
758
780.55
828
806.4
875
869.221
945
906
758
758
773
777.412
775.669
726
735.738
749.387
761.349
760.06
758.445
851
1086
1031
955.868
933.46
934.088
921.437
892.582
871.502
1008
999.247
961.152
750
750.492
766
811.553
832.803
829.139
907
941.384
937.548
910.042
908.039
917.592
919.571
805
742
743.656
752.375
1094
987.312
931.768
926.35
925.51
919.082
765
763.891
772.415
803.681
821.97
821.232
852
874.994
813
809.46
811.607
811.148
804.834
804.29
811.792
814.852
836
831.373
695
726.854
625
602
586
583.868
582.426
582.284
582.836
584.631
587.278
590.224
593.137
595.739
598.159
726
742
742.89
766
768.395
763.41
687
680
673.234
688
686.587
682.439
679.289
852
827.921
742
736.751
736.747
734.777
633
647.284
650.592
654.397
593
610.678
617
656
649
649.04
648
655.058
657.102
656.409
658.201
660.512
662.254
662.756
661.916
571
594
594.722
594.039
593.205
591.11
593.175
595.067
945
993
899.11
914
906.414
881.159
851.977
832.885
922
912.405
890.059
828
827.845
859
865.634
1062
982.253
844
832.96
1078
805
804.77
961
859
828
837.02
1149
922
884.7
765
773.99
781.92
782.201
777.654
727
739.655
734
734.856
731.192
1172
984.975
888.501
782
804
815.101
814.643
807.022
793.515
793.573
799.146
801.707
688
698.187
700.725
703.324
702.866
699.95
699.492
906
1070
883
867.86
867.573
844
817.262
803.034
802.618
805.092
804.633
828
828.279
1024
969
828
827.754
883
883.042
930
902.29
812
875
902.815
902.854
866.344
832.193
838.93
868.414
881.806
851.026
819.501
830.102
855.453
828
812
743
750.951
763.027
780.015
783.214
774.391
742
860
877.077
750
797
807.264
742
813
806.053
844
766
788.034
797.361
774
770.313
789
758
734
751.79
753.52
748.863
746.048
754.21
719
733.367
649
673.285
672.594
671.999
586
622.243
571
590.102
547
562.967
559.484
557.41
554
547
549.273
548.185
547.317
546.718
546.049
726
695
691.315
690.706
689.931
766
760.586
711
711.277
711.929
680
679.596
672.501
666.545
735
726
758
746.101
750
746.565
739.807
719
727
711
742
740.033
738.538
711
714.445
712.818
672
664
660.345
657.889
687
691.298
687
691.406
656
672
695
697.387
694.821
704
704.658
705.283
703.641
701.122
625
645.401
625
633
630.147
632.344
635.037
638.589
703
680
682.459
684.783
625
601
605.126
603.587
604.125
605.034
719
705.594
693.054
688.82
750
695
692.719
688.091
684.493
679.834
675.212
672.072
668.968
667.613
649
641
671
821
961
911.416
757
758
711
698.242
692.929
692.442
664
663.557
663.834
665.8
666.98
667.56
672
672.565
671.84
633
625
625.014
624.313
609
625
625.796
629.505
632.633
636.01
639.549
641.488
642.33
796
764.939
820
817.855
914
902.106
887.986
882.109
876.875
867.753
856.184
680
693.864
693.275
694.939
696.901
702.324
688
695
664
668.714
668.411
670.102
641
647.099
647.634
625
628.644
628.508
628.624
687
688.155
679
657
661.816
661.468
659.901
664
661.284
625
633.457
594
600.415
597.731
570
574.325
573.123
572.172
571.968
579
546
558.162
558.281
558.268
558.833
578
570
563
566.582
568.198
569.466
586
582.952
617
616.999
602
586
601
594
593.188
592.029
591.487
591.247
641
625
633
640
639.631
648
643.257
648
645.199
672
703
742
750
745.337
741.844
664
667.297
661.404
654.575
641
639.036
617
602
601.629
600.663
602.58
554
555
558.237
557.565
558.34
562
563.015
570
571.562
574.221
593
595.592
599.571
602.202
604.813
586
586
562
567.638
546
547
555
552.687
547
548.308
549.329
562
560.99
562
563.151
564.866
566.202
547
553.768
578
579
570
586
583.365
583.036
582.577
582.322
582.166
582.014
581.895
581.804
581.7
581.598
581.465
581.317
601
579
581.144
581.283
581.43
581.378
758
699.64
683.497
677.845
750
743.316
711
702.867
680
679
673.745
632
640.094
633
609
613.268
593
596.138
595.292
595.295
595.492
596.537
602
603.578
641
646.044
656
688
691.972
692.491
692.764
691.828
711
707.397
695
680
679.761
677.213
672.69
805
775.066
756.652
747.577
744.268
875
852.104
758
820
774
742
745.201
748.943
748.461
742.52
740.903
742
703
742
733.545
726
728.102
729.163
728.155
726.521
726.654
828
828
875
867.683
856.732
849.654
840.894
831.136
750
992
969
923.71
893.275
719
727
730.749
742.408
752.998
754.626
656
677.278
774
711
711
695
695
704.255
711.063
710.701
602
586
596.645
586
570
573.935
572.962
570
570.202
578
577.42
578.289
554
547
547
547.231
532
531
532.147
531.955
516
521.389
539
555
557.407
594
609
615.575
641
645.319
647.827
648.772
672
671.659
641
625
622.347
617.565
594
601
596.766
578
578
578.222
618
619.302
609
594
598.854
617
617
617.583
602
605.911
601
602
601.581
601.552
562
576.107
577.017
539
554
554.67
554.347
562
560.285
570
569.967
572.673
574.399
593
589.724
590.582
590.618
590.732
578
581.781
578
578.707
578.396
562
564.49
547
551.977
539
532
536.653
563
560.206
593
610
614.391
617
617.089
615.389
612.965
625
621.109
610
608.581
606.189
603.845
602.693
570
579
576.651
575.355
574.556
574.585
594
594.841
597.74
594
601
601.801
602.55
603.034
603.427
604.004
604.305
604.361
586
593
664
735
725.82
716.696
710.905
706.078
700.196
625
625
620.503
614.651
614.021
612.013
611.7
611.406
586
591.284
656
659.387
657.693
648
652.146
617
656
664
657
651.652
617
633
601
618
617
615.369
609
609.809
610.124
610.437
610
611.354
641
617
621.325
617
619.637
619.415
619.358
619.89
703
691.338
684.734
681.805
682.462
679.444
640
644.527
617
619.988
609
610.474
610.285
664
663.121
661.384
719
750
737.926
732.092
703
698.67
672
679
673.987
625
632.162
630.047
627.919
625.606
602
625
622.306
649
650.481
653.191
657.555
664
666.675
667.473
648
651.553
617
623.491
620.664
619.854
625
625.061
672
680
679.699
677.776
664
663.606
617
624.389
621.498
625
617
618.897
641
643.608
645.017
644.283
625
627.982
626.544
625.666
625.473
626.648
618
620.219
621.377
622.897
623.575
624.419
594
594
595.391
578
583.407
584.824
570
575.649
577.781
580.138
617
618.315
633
634.174
635.6
635.278
634.393
632.929
630.226
628.665
626.429
624.945
623.052
602
603.32
602
601
600.095
586
588.788
601
641
644.867
647.389
647.699
647.727
646.525
617
625
622.516
621.6
672
668.764
656
680
678.62
703
680
679
711
704.03
697.275
692.668
742
733.615
656
641
645.205
645.644
644.946
571
604.241
547
570.92
569.839
569.482
569.623
570.628
572.674
574.377
500
548.408
500
517.383
493
500
476
486.488
485.235
500
489.899
491.835
493.49
493.398
494.384
531
516
515
518.623
519.33
520.759
520.508
520.915
520.214
520.715
519.902
521.221
507
524
518.682
516
531
525.805
525.734
525.862
526.991
526.751
523
508
516
508
509.606
510.745
508
509.225
510.309
511.383
512.118
513.293
514.369
500
507.196
507.852
508.245
492
499.778
500.748
500.611
501.303
501.854
502.775
503.602
504.368
507
506.908
524
515
516.161
517.004
517.687
517.397
516
516.035
516.682
516.568
516.37
516.13
515.889
492
503.293
492
495.712
476
493
489.909
484
487.824
488.38
489.122
489.92
490.7
492
493
493.717
494.453
495.052
500
500
500.147
500.757
492
500
498.964
499.522
492
500
508
504.145
504.07
500
500
492
493.602
493
476
483.963
484
484.22
484.678
492
508
492
495.713
515
524
519.464
531
523
524.116
524.057
531
531
530.045
523
524
523.76
539
533.485
539
532
532.384
539
538.313
531
555
554
555
570
571
562
562.394
562.153
561.913
561.632
561.366
561.185
560.945
560.735
560.495
532
539
515
523.193
523.753
524.296
525.365
526.434
523
531
547
539
541.902
546
524
533.412
534.055
539
531
539
538.242
539
538.915
538.977
539.057
539.128
562
555.019
531
539.017
540.274
515
525.29
525.502
526.01
547
539.495
539
540.036
541.038
541.584
541.97
508
526.779
523
524.015
524.446
532
523
531
516
531
528.916
539
535.493
555
547
547.449
555
552.143
551.871
551.429
555
578
555
557.881
558.312
531
524
527.583
547
539.892
539.504
562
578
578.741
594
593.047
592.633
562
568.123
571
562
562.604
602
593.516
590.546
594
593.71
593.441
592.46
591.797
664
703
695.65
688.426
672
666.927
660.732
655.204
649.768
828
711
699.929
699.054
632
644.889
617
648
645.244
640
640.294
687
633
649
649.105
656
652.978
651.459
650.273
648.972
586
615.915
601
601.567
598.173
597.046
596.989
597.471
598.104
598.9
679
669.326
668.113
633
637.835
680
633
609
614.496
617
614.516
679
666.978
750
740.529
725.097
716.95
708.411
699.885
691.386
609
602
603.453
633
648
789
787.028
766.113
649
647.918
648
648.896
711
742.02
969
913.358
854.898
703
648
646.642
593
610
656
685.461
685.998
684.323
683.319
682.786
680.573
765
777.289
703
766
984
917.966
871.106
852
850.572
842.401
711
687
687.66
689.995
692.278
693.64
699.455
711.353
720.786
742
746.566
747.445
746.391
746.139
747.773
688
693.709
692.403
695
695.195
695.648
697.372
742
745.554
743.091
740.999
742.342
765
852
842.623
828.345
734
736.826
740.858
914
875.087
835.548
679
758
797.018
922
828
773.42
704
708.212
742
796.112
793.732
744.092
715.666
718.84
757.29
792.309
742
742
739.225
753.511
735
724.568
716.502
718.582
641
660.257
661.763
664.442
961
855.986
808.186
805.56
800.863
726
789
781
750
745.541
743.487
789
786.486
767.783
758.662
703
718.948
742
741.519
736.197
797
805.51
796.929
780.666
735
695
695.686
687
688.804
691.692
766
711
716.579
722.372
828
818.227
766
789
793.514
784.844
772.44
764.692
765.311
828
806.607
719
781
786.888
783.087
756.825
804
804.081
828
883
758
787.101
796.03
711
703
797
875
823.903
806.247
743
748.285
748.145
746.499
743.285
695
649
652.87
654.684
660.442
664.787
757
769.712
760.32
735
695
695
695.259
694.9
694.577
711
714.424
713.266
707.388
664
666.796
656
654.343
625
627.821
687
711
719
718.526
720.977
721.373
695
690.794
657
658.267
656.053
656
641
642.997
643.767
625
628.129
609
613.184
612.461
601
604.274
594
585
587.888
587.793
570
575.824
562
555
558.454
554
555.582
547
549.813
539
547
546.007
546
555
554.449
547
570
566.398
563
565.199
566.219
567.275
567.852
567.76
567.558
567.352
547
551.389
551.865
539
541.556
539
540.141
524
531
555
551.363
563
562.344
563.499
564.515
609
603.934
599.819
594
578
578.691
575.511
572.998
570
569.76
593
587.545
625
624.197
680
678.588
674.171
671.38
625
630.577
624.165
618.078
613.419
609.439
606.527
586
625
619.481
620.878
620.287
620.689
657
656.192
652.384
654.369
655.985
655.709
593
612.661
594
595.958
594.361
586
586
586.539
586
588.485
563
562
565.357
564.516
547
547
531
547
543.854
543.928
545.226
547.004
641
656
651.155
625
623.075
609
570
574.405
610
609.805
608.698
603.711
601.389
599.322
688
703
688.956
675.388
666.97
662.061
812
805
797
769.067
752.622
749.495
754.355
672
674.663
668.185
663.736
659.876
687
697.358
735
718
717.062
649
655.263
651.23
593
603.214
602.041
601.703
601.944
695
701.271
699.547
687
685.555
679.331
672.955
680
674.873
673.459
669.952
610
617
613.259
602
609
604.569
604.319
618
640
641
640
602
613.674
609
641
638.872
637.302
636.037
635.874
636.357
634.938
640
636.842
635.821
634.733
594
607.893
605.783
604.752
578
586
585.86
586
563
570.62
547
555.198
555.676
556.394
557.784
570
563
566.122
567.926
569.925
555
547
551.079
551.275
551.874
554
554.536
555.535
593
589.204
589.207
590.386
591.749
555
564.789
563.736
562.567
561.934
561.78
562.241
562.755
562.676
562.617
562.746
562.778
562.74
562.795
562.792
564.855
566.793
568.396
569.6
571.481
571.069
570.98
571.954
562
563.354
555
557.951
558.597
563
562
563.065
563
564.119
554
563
609
633
632.884
617
610
625
622.941
601
601.17
599.082
586
586.334
584.745
583.861
583.408
583.397
583.495
583.513
583.282
594
594.332
596.512
680
672
633
637.415
636.737
672
665.042
657.5
664
664.258
695
686.756
688
682.35
680.419
678.239
657
656.846
654.491
654.524
633
636.989
617
625
624.125
626.687
628.095
586
605.384
602.624
603.619
570
580.995
582.001
617
578
610
606.725
586
592.324
555
570
569.241
566.93
566.543
566.485
547
553.57
547
547
547.716
547.953
548.993
549.862
551.373
531
555
554
553.683
578
609
610.706
609.764
610.254
570
578
573.559
569.641
566.638
564.675
555
555
554.937
554.564
586
583.575
584.717
579
570
572.593
573.623
574.382
602
594
593.645
593.388
593.279
592.754
591.691
610
585
579
570
570.621
571.09
539
547
548.799
523
533.71
534.812
539
538.866
541.278
539
542.067
555
547
550.225
546
539
547
545.833
547
547.629
548.21
549.014
539
547
546.327
546.14
546.622
547
554
540
543.147
547
547.528
548.186
549.038
549.724
546
547.287
539
542.333
543.3
555
551.844
555
555.403
556.078
547
549.424
547
547.99
548.734
547
539
542.616
543.729
544.629
545.505
546.469
594
586.234
585.233
625
623.467
622.095
664
625
628.891
627.694
570
594
587.627
610
600.296
648
641
639.473
638.141
636.969
634.303
630.732
628.094
625.49
617
619.153
617.235
562
555
539
540.91
540.876
540.44
540.958
601
605.079
612.774
617.105
621.383
623.771
624.246
622.74
579
546
557.282
539
542.046
523
528.366
523
492
508.401
500
502.811
502.509
469
486.671
485
483.729
492
488.824
508
502.653
504.627
507.054
507.99
554
555
553.53
562
563.274
563.957
564.195
570
555
554
539
539
539
536.653
535.733
535.493
535.226
534.964
534.724
534.484
536.349
555
555
556.712
557.852
562
562.831
563.881
563.74
563.517
564.738
564.894
539
532
534.226
531
532.033
516
539
554
554.366
562
562.061
586
609
608.427
605.818
604.55
602.87
600.996
598.249
610
605.903
605.719
605.512
605.4
604.367
649
643.735
937
822.899
788.685
672
711
648
647.943
637.455
742
727.504
688
828
792.577
758.861
756.982
648
670.966
668.091
672
669.57
640
649.962
672
633
664
660.444
660.243
641
646.347
743
781
765.295
750.817
836
804
787.164
776.525
780.504
777.46
765.426
756.159
757.993
757.87
753.009
745.611
740.899
829
815.573
798.407
781
794.267
828
816.585
801.719
821
726
744.495
744.183
742.038
737.743
736.918
740.893
745.951
748.056
746.818
711
718.658
672
679.209
677.469
677.909
679.961
734
743.917
656
633
610
609.051
607.755
609.18
611.231
614.499
640
696
711
710.046
710.142
711
704.879
697.515
671
688
672
672.472
664
680
676.412
675.308
674.548
674.156
673.487
672.799
672.238
625
609
611.145
680
679.611
681.989
680
681.362
682.906
680.385
675.819
633
640.49
639.39
618
620.978
617
619.122
620.498
622.77
649
648.248
719
719.387
714.09
713.184
709.244
704.568
698.707
693.539
688.637
684.675
633
640.928
635.206
631.157
656
654.582
664
665.47
668.217
670.039
673.31
586
578
581.813
578
571
573.429
575.126
577.824
594
597.857
656
661.154
662.843
664.426
665.297
640
641.825
672
666.629
661.59
658.004
658.404
657.434
654.564
651.845
650.956
650.352
649.943
695
693.082
691.253
703
758
757.015
748.739
745.332
703
705.103
698.732
672
671.296
667.087
757
758
746.77
738.151
733.351
729.978
724.368
695
692.891
703
706.152
672
664
679
683.951
685.236
578
578
571
574.369
576.853
578.605
581.685
586.567
633
647.181
649
652.882
657.464
633
636.109
632.927
630.856
629.173
628.004
617
615.945
613.346
611.276
609.471
607.887
571
582.548
580.871
581.779
672
664
663.166
663.007
663.76
617
617
611.752
617
614.231
633
630.939
633
630.292
625
633
609
602
602.155
602
578
584.322
625
703
701.581
694.854
797
734
766
760.509
828
811.336
796.475
791.463
789
781
771.002
836
820.286
807.414
805.157
807.807
750
750
766
758.509
756.297
687
672
633
632.021
629.5
629.335
630.534
633.335
773
780.316
859
812
798.298
783.163
766.327
875
828
806.517
790.477
782.511
780.252
773.411
763.386
687
696
697.24
701.435
707.149
707.548
712.718
868
857.818
773
774
766
765.835
757.544
748.496
746.281
748.039
781
777.197
764.873
757.153
757.4
758
867
841.559
816.258
750
752.097
680
681.94
681.238
683.94
789
719
696
701.837
664
649
633
672
742
755.29
751.052
758
759.487
719
664
663.885
663.12
662.962
663.153
665.076
667.792
670.828
672.351
673.295
672.005
719
723.916
829
825.25
703
710.857
664
662.615
719
789
773
754.089
703
687
687.309
664
664.233
663.893
680
683.432
648
649
617
625
626.342
628.192
629.181
594
605.635
586
578
609
605.741
617
617
633
635.216
578
592.933
578
580.262
578.499
577.406
695
665.512
658.266
625
602
599.555
594.345
590.981
588.512
588.514
588.872
523
484
521.362
492
500.882
501.256
563
549.526
550.708
553.038
664
647.547
735
758
745.913
737.623
726.685
687
664
680
673.239
668.258
660.989
562
595.673
593
602
586
586.776
586
593
592.408
586
588.493
589.687
590.759
591.433
592.234
593.794
595.159
596.23
597.118
648
643.926
644.529
617
620.628
620.358
619.348
616.976
615.129
617
617
616.708
615.694
594
597.178
593
602
599.785
599.907
563
570
572.123
572.663
573.863
547
556.824
559.006
554
578
574.447
576.575
577.881
579.8
750
698.555
678.978
671.7
664
656.856
648.835
641.574
635.582
630.365
625.21
620.42
615.764
611.46
607.897
703
691.842
696
685.384
684.723
649
653.873
617
620.109
609
609.016
607.934
609
609.662
610.613
611.741
602
604.342
601
610
625
625.885
628.629
631.04
633.454
633.285
704
696.976
691.828
689.094
689.686
688.178
684.478
711
704.801
699.91
697.548
696.793
695.188
695
703
698.114
696.253
640
658.886
654.513
656.068
654.975
656.544
687
690.127
692.828
693.772
727
728.556
723.276
648
625
641
672
676.713
673.361
672.918
673.429
677.533
679.7
677.303
673.3
586
578
625
629.088
641
641.129
625
601
606.128
607.625
555
575.512
576.35
576.87
617
656
656.616
687
686.896
684.7
678.701
610
617
594
609
617
616.502
614.857
614.136
614.767
614.135
836
769.611
739.633
725.061
712.46
657
653.332
647.471
743
746.846
726.877
706.947
695.575
694
688
684.298
678.422
673.737
641
652.705
640
640.628
640
640.165
640.865
641.605
696
702.951
707.705
719
805
802.709
793.844
787.916
696
700.196
693.42
640
641
656
658.695
663.279
667.762
673.51
678.585
682.178
726
730.114
672
682.254
632
639.671
637.994
637.243
637.563
639.041
642.208
766
745.485
731.89
727.352
742
736.413
726.953
718.054
713.087
711
711
742
736.2
860
845.484
822.036
727
687
686.991
665
664
656
664
669.268
677.29
685.959
694.371
648
654.939
655.152
640
640.484
625
627.05
626.799
641
642.528
645.932
648.604
650.51
651.342
651.161
651.237
617
625.944
624.47
623.896
623.271
687
687.003
686.975
687.459
690.129
664
664.943
660.195
656.992
654.022
657
655.655
655.146
654.336
653.315
653.133
711
688
684.912
664
668.192
667.466
664
662.768
662.551
781
743
728.47
828
813.356
790.457
781.37
781.917
770.116
633
670.07
674.94
683.277
681.834
821
801.135
770.947
773
696
701.361
700.029
648
641
648
647.987
750
753.493
711
758
759.329
773
719
656
657
664
664.752
664.688
665.329
668.984
673.793
711
718
719
711
695
688
686.705
609
617
633
636.824
641.158
1031
862.672
799.41
859
813
780.398
773.853
770.678
609
618
632
633.579
906
805
786.373
785.112
784.107
657
664.556
662.542
662.084
664
664.356
664.342
664.379
664.166
663.614
641
633
617
617
614.898
614.964
664
633
648
703
710.106
766
769.601
766.097
762.354
711
706.243
656
680
734
805
742
737.469
734
750
753.269
742
696
696.753
701.491
679
680.741
687
687.459
851
813
782.785
769.967
774
770.346
703
706.315
706.66
708.272
707.631
707.541
709.71
711.643
711.896
664
672.295
673.336
674.258
742
753.51
718
723.143
695
697.71
656
704
699.136
711
704.683
758
755.107
742
737.776
726
722.557
716.092
710.634
707.757
687
692.59
690.039
691.214
625
649.515
649
651.026
652.658
654.96
659.392
663.679
667.326
860
883
858.824
687
688
672
669.323
670.056
734
747.246
736.788
722.001
750
680
681.201
640
610
609
609.684
641
649
655.153
664
669.526
673.372
641
645.674
680
679.038
678.653
676.243
860
820
792.983
779.591
775.349
768.89
757.353
680
672
671.507
773
776.931
754.769
740.554
750
766.691
727
750
747.364
703
707.023
672
664
662.284
661.465
662.33
750
688
664
672.263
675.196
674.757
673.598
675.096
711
687
689.161
679
681.858
679.493
676.6
674.212
673.963
673.445
671.945
671.213
602
630.276
626.858
649
645.688
664
666.234
704
703
679
682.373
641
617
618.154
616.053
656
655.578
656.786
657.382
703
719
713.327
695
690.85
672
648
641
633
632.763
634.021
637.098
640.324
642.677
644.225
645.183
648
664
680
681.728
664
667.638
688
679
677.162
695
750
744.206
703
706.325
710.528
707.67
742
729.691
723.151
721.222
722.595
766
755.998
734
729.831
733.18
737.085
679
719
716.083
715.547
710.511
672
689.322
641
654.851
652.651
652.437
602
624.946
621.591
578
617
617
615.263
664
661.578
661.94
665.755
734
718.88
708.586
708.646
711
703.831
696
692.15
750
737.462
726.135
773
767.224
753.967
746.876
750.56
744.092
735.844
649
673.902
672
674.494
742
746.184
742.517
828
822.549
807.075
703
672
656
654.446
655.166
659.434
703
725.117
729.912
750
813
811.82
742
740.712
740.637
737.021
729.485
726.671
726.324
727.002
723.836
719.506
716.981
797
792.482
779.316
688
706.198
664
648
610
611.64
602
593
593.628
602
604.633
608.938
805
781
763.328
758.992
752.536
742
727.745
711
664
661.155
648
644.896
642.036
633
632
631.557
631.537
671
688
697.762
706.29
712.97
717.789
687
657
656.782
654.718
655.235
656.281
648
618
617
615.887
616.687
625
609
641
640
645.19
656
659.103
633
617
619.598
618.267
618.277
618.009
618.948
601
594
602
601
602.448
609
609.796
633
635.679
636.768
657
664
663.119
661.336
641
617
617
614.721
601
602.816
602.704
603.956
610
610.875
612.051
594
602
593
602
600.415
602.658
593
596.029
602
601.59
602.375
594
596.855
597.931
598.789
593
594.432
594
594
595.258
578
586
579
570
573.564
573.997
575.014
576.107
578.013
563
569.501
570.016
571.096
562
547
554.53
555.149
555
556.101
547
551.99
553.035
562
563
563.451
609
633
631.883
610
610.539
602
599.98
596.149
592.946
591.049
589.532
547
561.36
559.699
547
563
558.507
559.607
547
551.656
553.895
554.996
556.153
557.889
563
562
563.941
563
562
563.179
570
568.95
568.84
563
554
556.612
557.456
557.952
557.795
558.392
559.259
601
597.016
598.645
599.592
601.15
578
578
575.894
578
575.641
574.962
586
602
600.902
599.391
598.99
609
633
627.466
624.723
624.146
609
609.64
593
594.23
592.095
610
586
617
609
602
603.008
603.979
604.299
604.786
605.249
602
617
602
605.353
605.821
606.339
606.489
656
645.059
641.651
609
615.463
614.027
612.738
578
588.74
586
571
575.204
576.603
578.588
580.314
582.945
585.579
570
576.284
576.904
594
590.389
592.036
617
614.103
612.822
612.874
594
596.9
595.65
617
610.447
609.308
609.052
609.182
602
632
625.002
618
601
603.545
603.537
603.877
604.065
563
562
565.216
562
555
563
578
579.768
586
570
575.932
576.642
578.669
578.136
578.264
579.01
579.651
563
570
570
570.768
610
604.276
602.499
602.006
578
570
571.018
593
589.521
586
586
578
579.504
579.762
580.018
570
571
571.354
572.254
594
592.257
592.741
586
571
570
571.042
571.471
571.674
572.366
573.347
574.438
575.31
576.016
618
656
655.473
652.344
651.227
651.391
617
618.617
613.401
625
641
638.332
610
613.077
611.883
611.509
610.756
610.048
758
728.243
710.176
702.45
680
673.536
625
626.181
601
600.5
586
586.531
578
578.412
577.691
578.629
579.356
580.16
580.963
648
651.276
640
644.266
647.584
648.777
640
637.443
641
638.845
635.851
634.636
633.648
632.541
630.708
602
601
586
586.496
584.077
585.668
632
636.004
641.494
644.957
648.231
647.907
703
702.809
697.397
691.899
688.392
734
729.871
721.638
714.524
727
680
703
696.699
726
715.954
711.177
633
680
726
721.074
836
818.279
797.662
781.671
766.861
657
662.099
661.64
663.889
711
733.57
734.46
729.578
726.58
696
693.32
686.849
684.067
683.105
683.372
765
750
758
703
711
711
727
703
699.271
698.886
701.909
773
767.912
1039
943.964
852
726
721.518
721.903
726.001
728.934
727.976
804
823.747
807.95
664
668.36
657
661.699
665.547
666.333
727
703
707.414
782
976
907
859.559
844.198
837.57
823.043
633
625
628.288
664
690.054
693.372
693.835
672
648
649.478
649
650.34
650.866
652.056
672
648
650.517
650.243
766
762.927
672
656
659.589
663.254
766
753.154
899
742
726
723.193
722.579
750
796
735
851
846.709
813.292
803.521
813
801.861
779.11
851
829.205
801.068
801.513
804
799.106
784.165
882
857.048
828.339
812
828
727
773
776.662
695
719.769
725.117
724.937
724.404
732.665
738.622
739.778
740.984
743.084
743.517
805
790.298
788.475
711
781
805
687
708.476
718.432
715.081
710.493
714.906
679
694.998
672
656
657
656.126
655.948
656.076
695
694.385
688
692.597
695.565
703
698.827
698.254
680
683.765
681.777
640
648.93
647.756
647.884
727
722.577
716.838
713.979
713.471
805
726
735
732.219
789
750
741.653
741.026
741.277
695
706.177
664
648
649
645.921
633
636.036
637.074
703
702.84
706.976
695
699.134
695
711
708.082
705.446
701.776
700.28
860
765
805
792.636
742
746.333
738.45
836
796.65
813
801.287
794.253
734
719
713.948
672
676.412
664
648
650.608
650.654
654.2
657.766
662.307
667.238
671.74
672
676.686
679.835
682.596
750
797
820
812.382
703
706.963
702.202
640
644.045
641.171
640
672
703
712.001
712.404
711.883
707.814
699.868
649
625
625
593
633
641
649.072
743
750.252
672
677.521
674.35
670.276
665.676
661.307
658.73
656.799
586
578
586
583.551
610
672
678.512
805
801.645
780.301
771.329
757.875
742.772
711
700.175
691.051
664
679
676.969
678.187
673.296
671.554
679
679.266
678.372
675.411
675.843
609
578
594
578
580.304
578
586
587.554
590.883
594.328
597.744
617
620.76
624.873
727
718.102
712.847
680
679.169
672.967
667.655
727
723.873
714.64
707.041
704.311
726
735
836
811.448
711
711.05
714.137
721.883
804
792.989
770.427
755.629
751.779
804
811.852
800.921
772.996
755.47
758.627
914
890.582
853.561
808.258
688
679
688
711.777
744.886
752.234
797
807.824
804.926
794.234
774
750
743.916
741.135
739.606
738.486
750
751.452
750.873
749.613
671
665
664.621
672
750
875
820
802.076
750
739.256
730.627
723.209
716.358
734
750
751.909
727
719.105
713.998
714.519
714.793
711.12
707.507
726
730.261
733.538
679
688.686
692.221
703
726
720.503
782
787.981
782.499
727
730.826
729.375
703
718
716.518
717.743
716.203
719
719.92
742
736.789
703
664
656
657.501
659.975
680
656
695
700.639
706.051
706.554
789
785.409
773.505
765.599
761.35
618
601
605.665
607.37
611.536
656
726
836
832.916
813.356
795.414
774.106
752.371
732.249
715.419
656
654.961
727
752.428
789
779.132
765.299
828
839.288
826.527
688
698.124
609
609.159
608.153
607.701
679
680
686.287
692.276
698.15
700.807
701.636
700.792
687
685.401
632
639.101
637.484
636.756
632
632.57
631.14
630.271
628.776
628.117
625
627.266
628.775
630.625
632.359
634.45
797
1031
805
790.679
710
657
646.608
642.222
641.005
727
730.935
718.14
750
753.026
749.959
765
762.117
750
737.692
734
680
682.849
680.843
656
649
645.758
642.264
639.744
639.838
642.469
645.129
735
711
715.277
688
703
702.109
699.469
693.435
711
765
750
680
695
699.675
700.508
692.439
686.813
688.599
691.603
691.108
680
687
703
703.424
672
680.55
696
696.788
773
756.037
746.576
742
738.964
734.519
679
684.019
672
673.292
673.327
675.791
679.01
682.7
640
664
688
688.522
686.343
686.866
640
650.518
648
648.394
641
641.781
643.098
672
672.998
648
652.324
655.684
658.055
664
648
651.147
640
657
653.845
633
632
634.017
633
634.004
634.698
625
628.088
630.195
631.978
640
639.669
640.772
656
654.818
654.333
625
632.142
631.228
630.712
630.017
630.709
672
670.948
641
641
640
633
617
625
625
626.732
627.352
629.567
631.478
703
711
701.134
664
633
632
628.853
628.908
602
609
602
605.676
607.079
609.517
611.965
614.77
617.129
687
680
672.966
649
625
625
622.582
621.258
625
633
641
641.33
657
640
639.348
637.051
635.861
625
624.212
623.308
602
605.708
606.362
578
578
578
579.422
580.963
578
586
588.38
591.256
610
612.176
601
605.441
594
597.727
578
562
567.351
566.684
566.781
594
592.444
586
601
600.745
594
586
587.487
588.262
588.65
589.203
589.818
590.547
591.057
586
593
592.293
593
594
593.697
594.691
609
625
609
610.779
611.421
611.201
633
626.44
617
609
609.599
610
609
609
608.945
602
602.614
602.877
603.71
604.42
605.333
606.783
664
661.166
657.238
655.646
633
635.062
630.563
617
625
648
646.842
644.457
625
610
601
601.964
586
589.798
602
594
625
628.62
633.391
635.341
635.791
601
602
633
656
654.845
657
648
656
653.513
651.251
610
609
608.12
507
562.448
562.57
565.981
565.237
617
615.447
601
602
604.82
602
609
602
603.077
602
601
602
601
599.088
597.226
578
580.697
579.832
578.346
577.993
580.018
582.332
584.141
570
574.824
570
572.316
573.314
574.688
576.186
577.673
571
586
583.846
609
606.994
606.191
602
602.197
602
617
625
620.462
617
616.756
616.556
602
602.344
586
586.928
586.687
586.139
587.031
588.658
570
576.491
562
563
565.701
566.579
568.854
571.055
573.524
539
531
537.835
536.896
537.162
523
524
527.461
523
525.508
526.764
516
521.436
507
513.498
515.075
500
506.364
500
502.556
503.546
484
492.564
485
469
477.884
477.719
477.939
492
487.044
500
524
519.864
531
528.712
516
539
531.837
531.305
530.445
529.889
531
530.223
529.54
529.006
528.256
527.433
526.621
525.839
531
529.24
531
530.751
530.664
530.574
530.333
532.097
532.771
532.53
532.29
532.049
524
527.334
515
519.936
516
517.345
507
508
500
500
500
492
493
495.806
496.326
497.979
499.611
500
502.399
500
502.741
516
512.931
513.622
514.559
555
586
583.837
582.585
594
596.067
578
562
561.76
558.638
556.158
578
571.524
578
576.706
594
590.24
617
613.008
578
563
570
578
575.974
575.35
602
600.452
601.595
601.15
601.18
672
664
656.716
652.018
641
639.164
633
629.169
626.204
781
741.889
718.47
734
733.489
727.597
717.19
1031
903.042
719
711
984
878.404
811.164
795.942
805
811.756
793.522
768.503
773.505
802.646
812
1196
990.522
887.637
883.08
894.107
893.677
861.158
832.161
834.165
742
742.386
741.664
742.003
742.928
719
719.491
719.455
688
687
664
664.98
664.304
664.642
665.643
641
646.267
618
625
622.801
623.122
623.707
625.29
627.537
629.818
632.427
656
661.32
667.332
671.991
675.976
680
695
734
733.179
731.355
731.245
828
758
734
732.485
731.846
725.093
718.215
649
656
654.352
654.879
655.533
657.633
662.415
625
639.499
641
633
633.693
633
633
634.884
636.71
638.437
625
594
617
612.01
611.677
611.279
612.683
617
617.7
619.335
619.999
620.946
648
664
680
679.799
664
663.675
660.549
657.74
653.704
651.549
649.822
735
729.337
720.191
713.28
710.824
707.329
701.914
695.675
690.952
726
725.08
720.874
773
771.553
762.814
625
625
617
616.953
633
687
703
672
696
704.124
633
645.787
646.426
633
634.569
625
627.909
628.62
633
633.342
609
615.751
614.326
613.644
612.949
614.383
615.866
531
524
507
508
508.206
507.743
507.68
508.195
509.504
510.982
484
500
499.117
499.517
500.18
477
486.945
488.318
469
476.024
476.773
476.415
476.815
477.263
477.99
478.769
461
468.58
469.313
468.655
469.325
469.884
470.63
471.524
469
477
460
477
484
480.452
480.659
481.235
481.857
508
496.931
508
524
517.417
516.918
516.451
516.101
515.825
547
532
531.834
531.66
531.42
515
517.917
517.677
516.904
515
514.67
524
521.232
508
512.633
513.607
513.21
513.189
523
519.857
521.545
539
533.848
534.144
535.148
539
563
562
560.188
560.088
560.051
559.81
578
554
586
594
588.452
587.568
578
578.366
577.43
576.54
575.583
574.715
574.046
573.45
625
619.529
618.484
618.554
609
609.401
1055
969
867.44
843.912
820
726
706.266
704.315
703.857
882
930
789
852
859.953
804
805
859
858.542
831.317
938
932.545
888.44
742
797
820.846
750
749.775
774.342
788.625
766.627
766.297
793.315
802.075
775.879
772.653
795.829
899
734
742.062
762.159
742
738.945
765
785.955
773.495
759.794
777.146
679
696
664
666.65
666.304
667.162
680
683.051
734
743.27
734
738.2
739.461
738.993
736.493
735.543
696
701.997
699.397
698.832
914
726
728.198
742
743.122
730.137
726.863
730.98
732.98
730.691
728.297
704
742
740.806
734.644
727.098
728.615
730.702
719
719.109
727
726.954
727.336
727.683
728.471
729.062
729.275
729.203
729.271
729.438
728.983
728.136
729.406
729.974
730.378
730.479
695
680
656
657.703
656.999
661.357
758
781
774.365
769.565
764.029
750
672
673.935
898
850.511
711
708.635
711.552
664
664.771
664.077
718
733.322
730.513
727.857
735
736.228
734.363
883
846.721
726
735
737.191
741.148
774
1039
1070
836
734
733.733
774
836
820
867
868.208
946
835
818.028
750
703
701.268
702.158
707.01
708.985
713.725
828
850.045
832.913
703
708.173
687
685.617
685.875
781
808.738
742
736.782
742.773
752.769
828
812.723
780.902
734
729.453
738.717
773
774.194
754.802
735.998
730.618
741.241
828
867
842.938
802.293
875
886.213
881.798
853.535
830.138
765
750
727
725.785
742
757.202
767.918
727
732.933
672
664
663.873
664.117
667.133
671.46
633
609
612.254
610.676
611.423
612.345
613.209
719
723.505
742
821
734
695
691.707
680
675.709
673.068
704
708.33
706.97
706.769
706.392
649
672
664.926
680
687
684.204
683.298
680
681.217
680.682
679.779
633
656
781
891
855.063
711
688
688.641
656
655.634
654.78
656.532
688
703
719
703
719
734
733.104
664
667.507
633
680
678.112
679.445
676.469
677.622
836
774
751.33
741.782
664
671.778
667.998
665.155
663.959
663.56
664.229
742
718
707.34
656
664
665.896
781
757.054
734.336
742
743.261
745.184
711
706.673
656
656
653.932
687
703
702.822
701.854
656
664
680
682.901
683.35
681.154
664
665.762
672
673.663
727
719
671
673.439
676.689
680.864
679.885
677.182
703
687
711
705.603
718
719
734
704
687
688.772
688.23
687.515
686.631
687.353
688.305
689.204
689.968
766
820
808.526
794.694
783.944
773.76
836
833.96
820.599
803.022
793.315
711
774
718
722.85
717.399
836
953
917.041
882.513
719
724.111
734
727
711
711
719
729.257
736.008
657
666.748
711
742
766
750.215
733.461
735.416
727
728.584
641
655.599
672
758
765
747.191
733.999
727.62
743
749.685
742.807
730.715
722.595
721.027
672
676.999
674.712
750
755.245
820
813
735
735.093
729.187
906
878.363
805
783.585
775.924
778.655
742
730.023
695
694.877
697.401
711
703
703.279
707.199
714.071
719.277
641
633
636.434
637.081
639.654
578
598.463
600.866
604.062
570
580.326
594
592.779
593.747
596.091
599.801
602.917
605.231
563
577.345
562
571
566.733
570
568.177
568.981
569.491
569.908
570.22
555
570
565.966
578
547
578
579
577.331
577.553
586
609
602
601.055
600.755
600.552
599.738
598.472
597.757
597.282
597.011
594
594.189
594.091
593.466
610
604.661
604.591
604.509
633
648
633
632.776
633.74
633.893
617
625
622.576
621.87
621.198
641
679
750
745.917
738.161
820
815.974
680
693.369
694.8
691.251
640
648.338
649.318
648.37
647.452
649.588
664
665.977
666.863
633
602
609.686
611.26
657
658.699
660.852
659.314
609
617.561
617.897
657
648
645.759
640.796
639.84
680
695
711
656
658.408
656
648
648.121
609
641
637.641
639.987
637.257
625
628.077
602
608.633
633
628.101
628.303
641
641.897
644.203
643.629
643.389
617
623.05
621.145
621.083
620.769
532
583.01
579.113
516
515
524.516
521.597
521.56
492
500
492
485
484
485.29
484.657
485
484.98
485.209
492
492
477
481.936
483.999
484
492
488.375
489.872
490.941
491.789
492.573
477
482.608
483.456
483.757
484.172
484.844
485.556
484
485.278
485
485.782
486.649
487.255
487.767
515
516
531
532
531.354
531.559
531.734
530.903
508
512.989
524
523
520.365
524
523.258
523.187
547
538.353
538.124
555
550.706
594
588.982
586
609
606.497
578
570
569.917
566.737
563.35
602
601
586
618
609
608.548
608.069
625
618.975
617.484
617
617.106
570
591.296
578
609
597.843
578
586
570
711
664
650.737
644.545
642.829
639.289
634.568
629.682
633
629.439
627.482
624.961
622.468
619.491
616.865
616.425
641
609
633
703
914
813
781
769.953
757.972
711
691.31
677.247
669.863
609
612.156
610.048
608.807
607.941
664
677.708
678.704
678.931
679.73
805
765
766
759.028
727
789
797
786.154
767.611
756.416
805
808.269
969
884.824
953
1055
1019.4
968.085
711
730.114
741.245
768.182
770.227
766.082
719
722.393
731.752
744.157
578
619.63
630.889
643.326
646.957
648.223
655.825
828
891
719
719.268
1125
1078
766
687
687.799
672
670.945
669.399
735
745.837
789
789.051
820
820.429
815.58
807.065
803.269
800.349
792.513
787.627
609
750
742.102
744.208
946
885.186
711
727.975
656
688
690.983
698.188
700.792
743
761.932
762.339
760.909
760.072
758.294
1164
1003.46
907
880.444
873.45
867.17
852.13
830.899
822.588
985
797
796.882
799.443
781
779.2
843
774
775.472
1148
1008
797
805.799
757
954
843
830.262
914
913.542
875.134
719
736.215
742
680
679.744
681.674
684.722
773
772.716
789
792.862
711
715.786
711.223
710.257
709.333
708.834
709.562
860
842.354
821.673
1000
972.954
789
801.04
804.66
797.181
787.875
1063
965.76
896.376
773
777.828
883
867.535
804
796.182
827.382
865.71
758
875
765
766.425
776.349
1086
929.452
856.44
719
719
723.892
725.495
836
835.831
815.254
810.455
688
691.125
690.779
693.017
693.755
693.297
691.665
690.907
1055
976
898.117
869.952
703
797
985
926.014
875
796.488
742
745.572
791.203
837.788
774
740.175
727
773
826.782
825.327
778.908
743.075
745.642
778.829
810.914
799.2
813
859
862.665
797
784.8
790.459
802.045
804.65
742
744.943
756.706
703
672
675.132
695
702.959
704.308
711.272
723.826
733.797
664
675.689
656
649
632
633
625
626.747
641
609
616.676
618.144
618.608
618.644
632
632.754
625
628.801
630.123
633
593
604.568
603.431
593
595.111
563
575.75
574.581
539
539
542.673
541.519
541.449
542.015
516
526.805
528.17
527.196
508
515.791
507
510.108
531
526.124
527.73
531
555
552.267
546
548.079
549.121
549.418
539
523
527.747
528.453
528.634
531
530.86
515
524
523
516
523
523.384
524.274
525.135
526.23
531
523
527.25
528.061
528.799
529.6
532
532.558
533.384
534.244
535.038
534.895
534.728
534.514
534.402
492
518.66
492
501.42
508
504.328
504.946
508
532
523.726
524.066
524.657
539
555
549.361
547.656
547.868
539
541.399
531
539
536.705
539
539
538.907
538.74
538.499
538.259
538.091
539
555
549.88
549.794
550.943
551.872
617
606.747
664
661.848
659.903
659.9
659.828
659.595
658.251
656.674
654.998
653.112
650.786
647.997
657
703
698.015
691.613
688.362
688.362
687.572
684.568
681.729
680.403
680.282
680.233
664
665.039
662.268
663.232
662.297
661.557
649
651.101
652.18
654.377
656.457
659.041
661.943
664.956
666.823
695
694.694
692.791
672
675.16
829
788.771
763.828
749.202
744.294
741.429
735.099
726.015
797
836
899
869.1
758
789
807.1
750
774
765.815
759.189
757.591
758.921
760.286
758
756.205
945
813
809.544
809.843
657
678.766
681.491
681.954
683.293
1234
933.9
846.327
845.863
845.627
842.071
832.473
687
701.823
860
836
929
1188
945
916.946
919.267
919.811
897.468
750
761.338
782.972
825.249
824.791
818.381
836
864.111
863.653
766
766.339
805
773
768.263
770.946
781.258
788.026
781.748
778.273
750
742
742.662
742.833
672
680.962
682.92
750
758.949
742
744.436
1125
734
735.638
737.383
737.1
813
812.403
1211
1021.68
828
823.972
835.068
836.051
825.089
818.643
822.766
828.939
727
728.94
797
806.026
1211
1028.81
939.687
1180
1110.21
1004.85
998.917
1000.4
973.384
821
796
803.42
836
845.496
891
919.378
920.946
758
768.694
772.683
773
766
766.869
778.571
791.849
781
781.167
797
805.668
844
837.642
757
743
745.816
719
750
891
881.916
750
781
792.827
734
733.94
1125
955.079
870.003
869.304
984
908.804
850.033
945
945.127
871.444
804
797
825.41
828.942
810.828
808.723
820
844
822.609
816.034
860
773
836
833.213
821.922
816.118
774
780.737
782.384
780.526
1196
1013.99
938.889
789
1188
898
891.382
890.348
750
742
742.057
741.967
743.136
743.779
727
726
725.56
725.102
724.369
723.911
724.037
734
719
719.915
720.856
721.62
722.025
722.489
1016
812
821
819.953
859
781
813
810.897
796.091
843
826.254
812
813
812.542
801.776
798.373
797.987
794.88
792.206
828
1125
990.268
942.703
943.367
750
751.054
781
711
713.119
713.742
1203
978.839
1117
1063
890
742
739.065
738.803
738.901
739.006
746.551
789
914
906.59
884.592
879.764
876.453
866.095
845.768
1203
1111.45
750
746.935
763.378
852
850.539
1179
1086
797
792.204
782
789
788.965
788.871
793.491
953
952.001
797
796.536
805.341
774
812
811.857
810.527
809.978
810.564
811.023
809.562
807.106
805.968
734
719
718.42
717.382
718.068
672
683.566
649
653.44
650.475
651.163
652.442
742
754.757
945
922.487
757
759.244
753.998
749.785
695
735
789
786.768
766
742
742.428
745.701
742
728.278
721.746
805
734
750
750.244
751.851
734
758
754.527
748.835
743.085
746.866
735
738.152
703
716.562
712.975
712.564
696
687
691.879
692.412
693.427
694.914
698.055
701.5
703.497
726
726.132
726.898
726.925
719
719.074
716.438
726
758
875
860.015
828
817.982
1086
804
803.639
803.547
703
708.274
709.506
765
922
891.706
859
856.016
851.372
834.115
726
727.178
812
820
766
765.316
782.292
801.582
648
680.603
648
652.803
687
700.288
714.438
728.211
738.186
805
742
744.903
742.912
740.431
750
745.838
744.948
744.184
796
743
748.63
747.303
742
738.227
968
946
901.427
766
772.594
812
750
749.953
812
773
696
709.668
734
790
772.831
753.909
753.66
768.065
805
750
748.004
890
854.287
811.442
782.457
742
726
730.048
732.491
732.263
731.657
813
797
867
969
943.26
867
856.918
851.391
937
828
822.968
826.126
835.035
825.281
813.522
815.261
824.38
836
822.336
807.729
797
1196
1033.19
813
812.231
797
799.345
797.954
797.555
803.015
813
819.808
820
1242
1077.45
972.702
1250
1109
1014.79
766
781
792.765
812.855
820
1039
1024
957.945
797
796.542
815.084
906
774
820
859.384
985
804
774
812
828
827.312
784.586
891
968
896.668
834.064
742
762.81
805
766
755.662
1023
836
804.836
809.929
797
792.632
786.702
788.48
792.898
726
688
692.694
695.35
664
664
666.169
668.058
669.018
669.931
656
661.282
662.894
665.205
750
711
714.053
717.968
723.216
758
742
736.189
734.413
734.007
719
715.17
688
690.769
742
945
874.47
789
777.925
775.498
773
763.298
750
711
709.466
656
657.303
655.802
656.278
657.501
658.968
672
688
693.194
891
870.877
836
830.848
766
812
809.4
797
883
976
949.273
718
719
711
883
869.812
827.912
984
982.779
925.241
828
789
799.212
806.53
804.243
860
875.392
1000
1015
970.491
951.313
828
818.049
1015
790
793.076
796.227
799.057
828
841.353
781
788.231
922
789
906
1031
953.043
922.406
923.276
844
841.753
867
1141
1013.85
796
799.941
750
813
843.594
843.335
813
811.371
826.167
804
800.193
797
797.862
781
780.542
779.974
882
878.499
766
844
847.433
831.316
810.367
891
977
917.688
883.539
902.158
859
842.038
844.185
849.616
845.434
832.518
835.289
845.931
845.589
742
821
823.01
824.639
953
984
950.451
789
805.436
811.253
813.693
810.242
811.662
823.842
836.964
765
770.61
1117
868
836
837.17
820
758
758
766.469
776.584
813
812.897
812.439
844
844.853
812
758
765.475
765
1102
943.151
867.329
863.249
863.947
863.539
846.72
826.457
823.698
827.545
830.692
883
878.146
853.655
842.207
890
992
944.222
894.698
765
727
703
656
656
664
671.138
758
795.103
811.215
815.536
773
771.12
764.758
719
714.427
891
836
805
1140
1149
875
873.544
878.444
872.146
841.43
840.972
856.605
856.147
829.726
828.73
843
1172
1006.65
750
749.473
778.581
867
766
763.585
1211
1040.43
797
792.723
833.373
859.902
828
804
822.661
866.05
864.407
802.945
799.978
836.907
852.941
820.776
783.634
787.447
803.863
803.676
992
892.357
797
801.892
836
850.787
1117
983.542
895.54
843
1016
1000.7
860
839.068
875.976
923.762
895.066
834.008
836.226
789
799.77
1117
988.339
894.648
804
808.672
846.418
873.391
863.983
824.382
812.516
832.849
873.478
881.822
846.28
852
851.238
856.076
766
773
789
774
773.365
781
788.326
793.305
727
711
715.986
703
704.46
930
875.414
842.892
841.393
843.089
773
770.841
767.349
797
796.118
783.516
781.17
782.874
783.355
777.084
770.469
758
757.128
735
773
750
753.681
755.043
757.61
760.074
641
617
622.565
621.188
718
930
894.183
862.965
985
969.279
934.451
910.88
901.992
750
789
803.605
809.097
796.424
1195
1086
993.173
735
733.609
736.552
1156
1005.66
912.546
894.324
922
820
809.303
809.676
814.935
815.227
821
817.096
758
757.542
757.084
756.626
695
698.321
697.73
698.059
698.345
701.485
664
671.495
648
650.689
664
665.613
718
732.028
739.161
745.132
672
679.414
676.699
672.709
734
743
742.004
736.981
733.745
729.045
859
938
916.557
874.502
847.24
766
992
956.634
910.472
868.559
789
787.724
814.705
849.164
847.23
817.459
783.739
776.686
796.478
765
760.516
1157
789
773
813
823.599
819.607
766
777.273
808.675
808.688
773
772.697
800.83
807.917
882
825.558
758
813
825.452
820.275
768.33
764.518
750
770.14
696
708.385
711.446
716.313
716.072
717.842
724.343
729.784
781
773.038
735
741.34
745.552
804
805
790.481
781.947
781.393
734
737.316
732.322
729.651
1219
1062
941.302
930.918
929.382
922.035
895.1
872.187
869.763
869.305
898
852
797
750
757
743
743.903
781
784.333
790.094
1062
906
893.624
895.693
895.278
735
746.47
747.707
804
806.715
805.494
875
877.807
850.96
847.511
773
772.363
770.252
768.37
767.264
769.774
774.312
859
858.955
765
797
805
805
791.532
787.619
792.961
758
812
773
778.613
805
757
711
703
727
789
783.405
781.814
820
824.972
815.543
810.662
808.673
868
796
813
817.604
844
826.68
815.843
819.604
1203
1015
926.46
925.958
925.99
902.97
1093
797
758
760.148
762.614
813
827.168
734
797
820.085
1015
836
827.659
830.348
836
827.405
811.294
810.835
819.086
875
852.066
811.121
812.209
750
758.67
762.442
742
805
805
710
726.63
789
788.187
775.62
773.815
783.657
784.291
789
780.928
782.804
789
781.741
766
742
820
806.449
794.719
789
758
734
743
734
736.977
737.818
740.814
744.521
797
802.022
794.441
786.703
1086
781
783.656
743
741.681
813
734
741.126
898
838.444
805.469
807.141
808.381
798.705
844
852
837.996
1031
836
840.858
820
836
852
836
835.811
837.196
835.127
734
703
703.733
937
881.61
855.99
860
797
794.393
788.101
785.976
783.596
781.633
773
875
1188
1065.89
963.601
922.165
836
859
862.758
861.695
851.504
836.439
883
907.213
900.98
864.449
855.871
1195
1047
851
845.319
860
892.185
812
811.257
844.114
868
804
758
775.048
817.62
765
756.341
760.264
890
876.886
795.543
792.023
719
773
781.983
828
797.212
773.505
774.516
793.985
851
837.507
898
852.691
820.841
809.853
797
883
887.533
872.549
813
801.11
985
956.82
913.694
863.875
855.192
719
781
812
735
765
777.813
790.94
788.752
782
836
846.34
1062
992
938.544
937.169
766
765.689
768.114
774.754
775.739
734
750
762.407
776.318
776.542
992
954.181
905.132
852
766
762.02
762.105
765.585
766.338
768.014
773.672
779.615
780.174
922
908.65
875.859
850.085
838.935
797
782.004
765
763.386
765.463
768.617
797
808.404
810.022
735
740.05
727
727.039
726
729.302
732.738
742
747.545
766
771.084
771.783
906
804
802.679
801.059
789
726
789
774.3
765
765
769.382
766.568
759.856
867
914
867.665
859
860.123
842.789
825.457
789
796.063
798.245
794.178
787.606
790.116
796.092
798.495
794.302
844
840.667
831.379
826.38
829.507
773
778.773
898
876.08
855.211
828
820
819.925
812.8
804.16
800.783
804.032
808.352
789
805
806.739
807.981
805.014
801.262
797
586
712.534
718.717
961
882.742
858.028
854.919
851.826
734
738.731
914
892.962
856.489
824.987
930
813
812
797
802.236
801.778
799.822
798.767
800.886
801.498
801.313
800.298
799.505
798.896
795.835
735
734
719
703
711
713.985
735
750
742
758
797
802.091
750
755.786
758.028
756.2
742
741.158
765
764.457
852
820
806.239
735
738.542
773
779.835
771.716
758
718
725.325
736.647
749.849
751.061
750
735.332
733.369
773
789
785.68
1024
947.906
892.862
868.767
860.213
846.898
1149
1030.27
947.456
920.379
1032
1117
828
829.137
898
844
835.954
837.098
880.005
852
789
797
831.474
839.864
814.903
814.104
789
791.935
805
801.712
875
873.695
858.613
845.615
850.249
854.422
883
868.797
789
789
792.857
859
813
773
776.589
790.807
804
758
755.231
766.978
783.606
797
779.487
772.968
786.005
750
750.749
752.943
756.396
758.761
758.599
742
746.818
774
775.266
711
725.841
730.147
732.507
729.077
730.537
789
790.617
828
774
776.501
758
757.735
782
772.119
766.317
828
820.46
742
757.514
761.919
844
816.068
798.603
796.709
800.58
812
797
758
768.183
774
734
742
758
760.54
758.105
756.757
762.347
765.139
761.617
758.489
761.869
703
716.277
664
670.982
670.163
671.338
674.663
797
828
814.076
809.505
750
797
805
794.437
778.91
766.367
760.685
859
848.883
829.061
803.598
793.619
804.414
815.994
805
750
758.94
781
797.065
790.004
770.378
762.523
779.395
945
883
838.844
808.415
813.123
867
875
848.464
809.408
799.974
823.775
805
802.31
786.74
779.29
1047
967.227
782
742
820
873.228
860.559
815.082
812
1133
1055
875
766
781
830.611
835
805.889
795.071
1179
1149
973.121
860
863.348
912.134
920.079
734
821
1000
946.892
844.546
836
878.059
919.655
879.911
822.633
827.362
860.117
862.162
825.59
969
974.253
844
843.171
883.992
969
908.062
863.354
890.687
867
847.898
835.136
854.305
852
839.876
828.684
907
907.688
750
768.096
781.271
804
797.88
798.023
819.552
992
930
875
836
750
758
763.445
770.692
773
773.405
778.316
786.901
790.603
785.425
775.147
772.572
772.443
828
830.361
945
936.385
915.021
897.128
789
797
805
806.124
789
787.354
793.176
750
754.426
773
778.375
779.216
797
828
832.96
826.093
875
878.021
862.539
861.894
859.676
851.824
953
1078
1025.33
992.489
781
790
774
775.055
777.09
782.524
883
906
889.783
871.607
805
796
795.605
789
929
1211
922
889.932
820
819.672
819.736
819.278
817.513
914
1093
1009
944.149
899
758
773
781.079
797.535
797.159
792.925
797.357
812.025
826.179
825.356
804
795.922
796.51
801.861
802.166
781
750
751.134
758.85
696
703.622
704.018
703
774
785.231
787.568
790.675
795.822
795.791
703
836
961
930
889.83
881.705
836
820
803.908
792.944
1110
1011.55
942.216
912.993
912.749
912.744
897.074
781
777.865
789.53
1203
1036.87
813
804.329
844
844
842.991
818.926
1039
1039
1008
813
773
766
788.78
734
758
1102
968
852
850.608
873.32
874.793
804
930
937.53
835
829.809
852.304
853.7
820
818.455
847.469
848.865
808.266
803.452
836
840.038
807.749
804.732
834.376
842.566
812.596
797.628
852
953
898.724
843
855.928
719
729.536
868
856.912
828.822
797
742
752.834
767.037
780.22
776.326
758.704
766
750
742
734
733.222
733.309
734.532
1101
992
912.459
781
727
703
700.836
700.438
704.042
708.877
883
882.297
774
820
938
1054
968.011
900.17
893.017
805
785.852
782.983
786.005
788.324
786.943
786.723
789.287
828
836.174
825.004
811.444
750
758
760.649
719
734
735
739.966
766
734
782
835
766
771.364
805
1140
1024
944.424
941.719
867
844
837.642
804
790
781
780.103
779.881
779.743
1273
1078.38
981.266
797
821
828.911
829.14
828.38
825.939
825.481
833.002
841.765
820
1070
961
894.754
885.358
875
874.542
1117
984
766
772.355
726
724.555
1141
898
857.322
857.665
1156
1156
1024
986.323
844
898
913.235
912.777
1000
899
812
883
952.629
952.171
897.606
903.487
812
822.382
993
1039
984.762
820
824.601
857.229
887.085
789
786.525
1062
1000.75
789
844
909.715
910.75
834.836
804
852
907.935
873.783
810.532
891
875
866.892
820.175
828.962
898
894.598
837.186
781
816.82
851.6
848.888
810.951
821
852.732
860.931
829.044
805.111
825.956
813
811.989
796.248
801.98
812.511
817.013
633
694.086
704.856
594
626.557
632.048
636.905
570
603.704
594
595.915
648
641
646.106
655.947
661.723
662.987
664.035
664.807
727
664
671.333
633
617
614.722
609.968
606.087
602.134
648
645.973
656
660.448
625
641
632
649
642.742
641
640
640.652
640.026
638.915
656
650.735
649.617
695
687.571
681.865
671
672.592
695
688
703
711
707.062
703.945
711
707.031
742
732.769
703
705.8
706.085
705.577
701.643
711
710.106
750
727
773
993
835
823.574
719
719.15
715.138
713.674
713.101
714.116
773
785.148
875
813
795.064
790.033
945
766
766.43
836
758
742
753.864
891
829.592
890
1156
1005.79
773
914
860
803.381
1218
1180
935.88
935.422
974.276
928.828
836
875
922
911.158
790
807.761
860.955
742
741.55
766.242
784.458
774.746
770.27
1195
1102
867
866.644
891.51
1062
938.802
1094
1093.54
989.863
973.048
987.986
987.439
932.442
929.328
949.43
891
877.249
805
1039
987.368
938.973
938.448
953.178
947.381
757
792.372
758
758
756.998
759.884
770.958
851
985
959.284
942.619
789
789.325
1133
891
836
834.234
836.543
839.896
837.068
825.885
822.986
836
843.514
842.629
827.722
781
784.515
1016
953.764
885.774
848.379
797
930
932.213
1047
967.898
901.862
781
813
843
889.715
876.052
829.968
793.985
796.271
833.704
872.679
874.403
859
820.44
1093
1043.31
966.213
888.447
804
815.655
847.466
812
828
860
882.26
880.714
1125
1053.34
974.815
970.04
972.637
867
860.711
874.842
876.545
863.558
844
914
984
936.95
765
776.176
1078
1000.2
927.786
894.665
844
857.951
875.69
898
864.487
1062
1054.11
975.138
820
820.697
861.871
895.736
711
766
815.655
875
844
815.046
832.06
907
908.238
789
719
703
715.016
1156
1039
836
836
930
938.611
876.137
815.904
782
814.104
961
938.928
841.777
807.856
819.573
875.019
883.341
834.937
793.519
804
813
1039
951.978
863.963
859
860
888.68
887.672
968
912.375
866.038
867.4
889.684
734
781
790.783
798.534
796.793
795.811
797.934
726
740.744
687
694.682
687
687.369
688.446
726
731.972
737.813
742.942
781
821
734
744.246
744.52
742.857
737.775
737.46
740.404
741.29
867
1195
1035.72
967.451
1024
1023.41
987.911
922
1149
1079.58
914
915.693
952.409
867
1219
1093.19
997.496
1195
1125.28
1024.89
1048.12
992
968.367
971.47
976.311
968.371
959.657
970.878
970.177
710
776.884
809.433
851
850.142
946
929
925.453
940.444
813
820
822.854
821.009
851
861.533
906
875
873.774
797
801.606
805
802.857
801.548
719
727.214
726.931
733.204
930
905.543
877.682
860.992
851
842.196
828.421
812
790
804
797
797.293
735
737.67
740.207
688
693
992
902.055
853.383
1000
977.86
929.835
924.609
924.314
1000
948.848
912.46
1079
890
888.621
909.886
1258
1059.66
981.227
996.113
995.293
945.609
941.108
969.715
971.338
930
928.802
967.625
828
1070
990.66
953.707
969
968.205
936.989
938.523
944.63
927.377
922.133
924.342
924.816
711
775.876
789.357
809.32
811.387
820.159
832.329
843.483
851
855.76
821
827.075
827.478
976
946.727
920.6
909.106
797
799.785
799.88
860
1164
1058.08
975.489
936.338
931.635
931.173
926.242
899.533
872.029
866.437
867.361
805
961
844
842.727
845.613
1164
1041.61
977.803
891
1179
1070.09
973.146
1164
1094
996.086
994.64
836
853.284
867
1250
1090.28
883
887.781
946.623
975.509
789
798.045
838.767
875
870.162
898
923.905
932.97
914.415
945
851
847.928
849.868
849.41
844.477
846.387
851.584
852.068
836
837.851
837.31
859
852
867
866.713
868.069
867
867.556
864.932
866.241
813
824.497
824.513
826.637
781
1203
1008
859
774
774.505
750
718
750
778.392
790.043
789.995
750
752.332
743
742.542
741.783
789
766
760.825
759.007
734
734.271
664
664
664
774
906
773
772.001
781
891
873.159
835.971
811.639
810.532
816.106
812.28
758
844
845.873
750
757.801
773.992
776.357
758.424
760.343
779.557
821
1195
1078
985.52
985.165
820
815.562
977
946.049
895.607
773
770.655
795.114
852.408
853.771
820.802
802.622
805.503
883
899.389
804
868
890.467
887.556
840.621
817.168
838.746
985
1179
1164
1073.81
1043.25
898
977
851
850.453
1211
1105.46
828
843
885.994
939.241
918.24
888.596
890.811
917.675
929.966
828
827.069
836
703
563
875
870.847
805
799.086
930
898
864.374
758
742
844
840.974
808.493
792.374
1071
1047
930.357
881.41
899
915.334
1219
1071
796
766
792.047
797
765
805
969
883
838.209
837.551
858.003
860.2
750
752.216
769.634
784.306
777.538
867
884.744
845.808
826.023
840.077
845.884
1054
961.252
905.356
1133
1065.8
985.69
978.092
990.01
852
854.154
868.402
868.809
858.791
866.133
891.115
889.929
1086
1032
977.156
1007
1005.84
836
789
867
902.614
851
836
1094
937
899.697
919.227
883
758
766
843
847.734
750
762.19
808.447
841.763
797.8
774
726
719
721.472
721.565
1086
942.777
856.877
875
1000
950.68
805
804.397
830.286
852.874
831.032
1133
922
871.376
877.602
888.372
867.965
984
972.383
895.031
922
938.729
1047
820
841.054
873.778
873.319
841.172
766
1211
1132
1078
1051.47
1040.54
859
869.51
904.525
797
805.695
836.128
840.686
833.981
842.457
906
985
836
843.807
853.811
845.823
781
1188
1030.2
883
890.603
915.693
893.796
929
929.939
742
779.26
807.408
808.288
799.029
804
758
781
836
828
750
836
853.626
849.763
875
871.461
863.156
774
785.327
789
1024
924.966
875.905
1008
986.044
929.935
909.664
922.169
898
865.8
868.233
888.182
1086
989.795
925.338
933.284
898
883.809
820
824.839
1195
1086
930
917.703
789
785.468
788.122
803.482
809.573
809.328
811.839
822.705
838.248
797
793.86
794.032
742
742.481
741.619
741.158
1172
1132
1008
1003.99
781
780.534
976
958.547
918.777
877.233
711
766
1148
1015.49
902.215
856.42
861.046
742
741.542
746.131
760.718
774.319
773.893
773.435
773.07
777.32
778.477
777.455
851
1156
1050.08
813
820
826.143
860
849.931
830.646
828.327
836.475
846.447
844.006
914
758
761.893
797
815.201
757
790
1156
1020.19
920.818
812
811.797
774
768.486
768.028
773.408
778.867
781.698
783.264
783.786
783.675
781.891
899
797
793.493
792.51
791.841
812
806.794
1046
967.35
820
828.211
831.541
826.288
789
867
867
839.322
766
792.234
814.77
814.312
784.392
782.066
812
824.827
859
797
766
782.577
766
770.318
762.611
891
843
822.433
814.681
823.326
823.388
1086
976.4
790
792.101
774
774.69
773.765
867
804
719
721.642
703
705.188
742
914
969
925.236
895.625
891.145
1016
997.07
828
826.755
735
732.645
734.222
739.383
805
836
836.708
835.076
719
721.283
720.613
672
695
698.016
704.88
843
789
852
851
891
1109
1079
1036.04
1025.29
743
743.01
749.291
734
750
754.296
844
844
840.002
837.793
742
744.024
734
732.305
732.12
733.405
750
756.605
953
902.845
870.355
946
875
850.163
842.94
840.481
832.651
827.715
827.046
826.439
823.822
821.622
819.821
817.032
836
823.811
821.363
822.591
824.417
860
765
787.774
789.601
1032
929.535
875
875.17
1047
1039
976.036
928.134
928.105
937.574
936.7
905.853
961
906
901.052
901.105
796
807.907
836
844.049
845.157
797
890
909.293
812
823.973
835.297
827.566
945
919.326
891.749
895.294
765
758
759.375
922
914
886.525
884.759
886.295
882.907
863.1
844.328
840.756
839.42
838.186
834.392
829.81
829.155
805
805.62
711
716.595
716.508
720.188
648
617
622.019
586
593.323
590.383
590.451
562
572.237
569.418
569.275
570
594
595.184
601
617
622.873
628.343
665
670.058
758
773
769.364
767.828
768.103
734
729.565
680
664
655.189
647.71
642.473
638.465
625
641
641
644.841
646.3
649.618
586
609.076
602
601.813
600.174
586
588.437
578
580.474
579
579.538
580.303
581.534
583.035
583.952
625
633
609
613.897
616.739
617.858
601
603.33
586
589.376
570
570
570.424
555
559.815
560.917
571
570.803
570
571.81
574.497
576.959
586
585.284
586
587.349
586
586.961
587.182
587.41
586
585.892
585.803
584.271
594
590.225
586
585.76
585.523
585.291
585.051
584.81
585.825
586.733
585
586.148
587.091
602
609
608.984
608.675
602
601.836
585
587.966
578
579.517
579.859
580.723
581.863
583.026
601
599.733
599.714
599.822
625
622.457
610
625
632
628.362
626.505
625.624
711
692.689
682.767
680.298
682.273
679.884
673.897
789
763.005
726
724.17
719
715.866
707.186
700.24
766
760.433
745.733
711
727.66
735.035
730.699
727
717.963
724.463
727.775
724.226
720.874
719.883
742
789
782.281
767.699
759.181
657
673.182
674.138
676.13
601
619.541
622.468
627.965
632.007
636.908
643.812
651.666
658.341
663.114
555
578
582.648
583.369
696
663.311
655.709
653.718
719
711
700.09
690.164
671
670.147
666.756
661.915
672
679
696
688.987
758
789
695
708.196
758
750
733.814
672
680
672
672
668.443
667.668
670.792
674.6
676.843
676.823
676.833
664
668.553
669.934
671.284
656
659.576
660.54
662.147
601
617
610
617
615.849
618.037
617
620.643
623.226
641
640.342
643.395
645.379
647.344
679
696
690.212
686.612
649
654.238
602
608.341
605.478
604.015
602
603.665
610
612.765
615.478
578
563
562
562.891
555
557.436
531
541.059
515
523.759
523.613
523.4
523.64
524.372
492
507.201
507.97
469
484
469
472.93
473.258
472.042
472.173
460
464.839
465.374
453
461
446
461
456.02
456.734
457.945
458.178
458.917
454
456.208
456.772
457.25
457.683
458.08
430
443.331
443.294
441.776
437
438.447
438
438.745
430
434.324
430
430
431.804
431.217
430
437
434.692
445
441.42
445
438
437
437.983
438.208
437
437.353
437.561
437.684
436.735
461
449.071
469
461.268
460.733
460.444
476
453
461
469
461
461.165
477
469.039
468
468.313
468.23
467.874
477
476
477
469
476
477
461
465.715
469
467.714
468
468.539
469
484
477
477.129
469
477
476.265
476.293
476.634
477.041
477.494
477.06
485
484
483.094
482.679
508
496.732
496.523
496.462
496.249
539
525.171
522.767
523.004
522.721
522.249
521.579
602
609
603.303
600.792
664
661.597
656.054
679
688
742
733.835
726.648
750
734
731.033
727.419
723.96
695
664
711
701.958
977
945
900.659
929
925.258
902.06
727
703
703.273
844
854.4
831.613
808.951
750
749.343
755.13
1149
1028.77
936.973
1164
898
969
1148
1040.68
758
1203
1043.79
828
846.554
925.496
919.756
864.969
877.258
976
968.569
879.248
891.618
852
849.917
846.491
843.382
711
736.178
922
900.435
869.535
862.16
875.553
797
795.976
794.681
793.979
1102
968
758
727
729.611
739.868
749.367
748.979
751.065
755.814
763.318
769.544
843
750
672
674.896
727
743.401
740.591
734.508
736.199
747.912
753.411
747.652
740.191
695
672
673.094
750
1031
913.426
833.623
797.42
792.849
906
860
813.867
784.726
1211
1054
922.873
735
703
714.007
759.408
768.629
756.423
747.184
754.929
789.858
807.869
802.057
769.203
758.847
906
1109
868
1140
1070.91
883
976
977.371
942.622
876.198
1195
937
923.79
734
756.36
760.497
1008
750
763.892
792.557
801.944
793.242
793.101
823.531
1180
1141
955.303
949.846
962.152
948.827
886.335
719
729.899
1172
1021.03
929.393
916.496
1195
1101
977.808
773
774.028
831.164
917.777
961
1039
1001.33
922.23
910.789
1117
867
1008
1055
1016.98
828
830.995
858.639
911.253
895.657
869.711
870.715
758
765.854
789
806.166
805.45
1133
1031.27
829
824.42
836.313
765
755.711
757.15
760.852
1101
970.345
912.53
750
789
1117
1109
990.614
895.019
884.662
895.865
1086
1032.3
928.985
766
1062
1075.83
985
863.42
865.414
957.253
820
811.031
1140
914
891
904.108
929.364
904.825
866.183
1109
969
851
852
906
904.199
845.695
836
878.977
868
833.229
829.341
804
766
765.392
813
890
774
797
831.279
781
776.051
784.957
794.361
785.222
782.91
793.263
750
726
696
742
781
766
761.954
768.441
776.144
836
823.423
808.73
891
1109
914
867
870.105
945
930
868.454
867.119
894.996
900.504
782
820
858.997
758
759.008
711
720.581
723.204
723.777
726.311
710
727
688
697.411
698.016
698.36
664
672.45
781
758.427
748.948
747.14
752.854
755.599
859
833.734
805
798.312
859
853.559
832.578
810.108
810.379
822.896
822.893
805.848
930
929
860
765
775.838
790.366
922
820
727
703
711.209
758
797
843
766
719
727.75
797
859
823.956
789
752.568
719
726.864
751.627
656
680
750
764.082
906
866.58
828.192
719
687
688
664
680
686.771
697.293
688
695
742
757.799
751.888
797
797.649
783.747
771.347
656
664
663.709
664.393
667.234
671.296
677.415
683.225
719
726.636
695
672
674.099
674.968
656
664
625
641
641.48
617
641
664
665.816
727
656
664.662
687
682.457
677.561
674.574
675.143
673.28
670.259
666.962
665.152
663.387
662.118
660.413
658.926
719
711
702.415
701.76
704.702
701.705
773
764.765
753.985
805
801.246
790.47
758
742
750
743.416
953
804
788.527
914
820
802.082
797
801.165
787.106
775.729
779.301
703
725.481
725.63
725.213
724.353
725.842
726.88
726.828
726.15
726.874
805
805
804.197
804
750
755.182
812
930
894.699
711
703
706.893
852
851.284
781
756.715
781
820.073
827.955
786.314
755.838
761.964
796.408
727
711
757
797
860
794.026
772.523
781.786
802.823
803.965
777.082
761.795
771.062
860
854.55
820.476
790.224
789
719
742
747.503
751.419
930
859
805
801.373
803.265
804.313
791.814
766
765.217
985
921.966
870.116
840.65
821
833.951
837.547
819.231
790.235
786.761
735
719
679
677.079
676.404
678.663
681.482
685.324
690.399
702.033
713.322
723.37
730.547
736.33
741.114
744.972
747.012
747.267
744.368
1008
916.091
878.352
734
774
773
781
763.765
726
725.027
687
672
672
641
642.381
656
711
725.004
719
720.428
727.5
672
677.604
688
686.209
684.289
681.766
681.381
680.973
680.237
617
631.365
649
646.139
688
691.194
688
679
665
648
647.72
617
602
601.713
586
588.031
588.195
590.376
586
602
664
781
776.092
782
778.949
767.087
789
781
771.09
688
690.043
683.89
676.613
670.245
664.865
703
680
682.798
683.274
686.801
633
647.272
648
647.395
647.016
711
716.588
868
842.817
766
764.67
755.205
743.55
731.315
725.305
721.759
718.787
714.116
708.594
704.012
698.904
687
703
701.599
702.028
701.344
711
713.916
716.432
719.531
722.156
734
820
815.553
808.324
802.54
735
750
744.065
738.314
782
726
688
691.196
692.697
664
670.134
718
704
804
802.515
788.722
789.566
797
787.525
776.522
852
839.232
726
743.1
751.063
746.656
726
789
860
827.292
803.656
809.234
814.598
798.336
785.61
795.745
742
749.429
812
844
818.13
802.988
803.442
810.248
810.534
860
837.655
758
767.901
774.392
719
711
703
705.73
711.697
717.459
723.838
750
760.647
711
711
716.283
718.016
715.87
726
729.689
727
726.773
725.252
725.445
723.917
722.455
720.74
805
796.86
786.477
779.395
735
711
706.537
701.728
695
697.698
701.82
707.927
713.678
703
805
801.184
788.6
777.583
770.382
762.483
754.699
747.221
742.056
739.72
633
662.485
633
637.401
636.193
637.849
641.323
645.725
650.575
773
768.407
766.614
766.772
764.969
757.817
748.204
739.423
732.398
649
662.564
696
698.13
782
785.351
771.288
774
762.67
820
819.908
809.988
734
737.546
739.218
743.893
696
700.4
704.874
712.264
711.248
708.633
710.893
726
719
688
703
708.506
711.682
708.855
742
744.203
758
751.32
781
776.62
770.134
765.23
761.576
757.636
766
734
738.88
737.101
734.841
733.318
733.044
733.458
733.802
687
781
757.829
953
885.351
857.646
907
896.498
742
711
679
649
649.505
649.464
651.824
984
914
866.466
864.48
992
958.6
914.524
890.965
726
725.733
726.399
735.554
812
817.789
953
922
781
775.44
779.607
750
746.915
750
843
883
821
820.459
758
757.202
753.718
804
804.386
766
762.134
768.281
778.594
836
804
781.852
773.462
780.673
797
750
781
783.061
867
774
820
875
797
796.475
727
679
681.635
665
648
656
664
669.863
677.485
734
747.778
748.567
844
835.656
828.98
813
808.213
710
713.013
774
770.394
759.131
774
781.198
775.593
765.625
859
842.933
821.85
813
765
766.483
763.573
760.525
766
836
829.272
816.669
750
759.621
763.326
664
678.195
680.545
682.815
686.434
648
658.082
662.833
668.054
665
668.066
673.578
750
749.849
746.697
745.405
727
725.308
722.093
718.467
742
738.243
733.149
728.526
725.861
711
708.09
672
675.03
670.432
680
648
656.117
657.612
618
630.29
629.11
629.779
631.225
594
609.11
648
646.238
646.664
696
671
673.055
734
724.529
758
703
706.856
704.551
765
743
718
715.409
719.72
664
671.821
667.628
742
727.479
828
867
845.122
735
739.817
727
719
713.719
712.472
715.9
719.556
735
736.222
732.267
728.845
722.715
716.431
709.958
708.654
707.848
703
719
719.097
722.232
723.67
724.793
859
875
906
895.725
883.824
797
804
796.176
788.651
734
733.472
727
812
719
758
820
819.215
797
711
723.264
729.329
732.269
728.697
758
775.499
776.766
758
755.015
761.654
688
687
672
696
718
727
742
680
690.325
689.003
688.558
687.097
685.505
685.689
734
740.462
740.494
733.267
727.303
727.452
725.008
719.66
797
765
756.428
752.057
753.068
813
867
734
742
774
777.373
727
734
703
716.607
718.065
717.364
601
652.427
586
609.874
609.149
608.843
609.698
611.623
614.338
680
678.359
683.098
687.143
690.976
691.87
692.086
691.173
690.685
711
695
727
718.825
719
717.192
695
734
723.26
743
733.812
731.882
679
649
650.146
633
633.979
633.884
636.699
586
664
781
761.995
746.773
739.65
734.55
725.869
743
734.093
723.17
680
711
710.223
710.095
727
695
696.699
696.682
671
727
773
770.176
759.748
753.592
898
797
773
782
914
914
863.306
813
820
831.006
819.272
852
890
872.285
847.516
758
766.399
776.356
703
707.386
709.616
715.04
774
793.403
803.356
695
680
682.808
703
715.351
723.719
735
741.551
746.552
746.986
680
711
781
784.187
758
737.531
734.059
742.098
796
780.173
760.798
746.797
749.714
760.66
767.581
757.18
649
648
655.728
667.575
683.314
688
692.764
695
704.969
713.859
688
789
786.778
820
766
719
679
679.21
679.694
682.475
685.103
758
767.995
821
814.619
799.042
783.975
768.322
754.04
828
831.774
758
758.546
763.893
898
863.329
828.618
808.931
809.056
726
730.758
731.128
734.717
736.919
738.464
743.405
749.491
742
741.261
740.578
741.601
740.876
789
868
862.819
773
777.956
782.056
783.85
777.182
758
742
711
742
750.058
757.268
749.935
750
750.265
734
737.702
773
782
742
745.798
749.976
813
802.724
844
830.161
819.201
810.776
789
783.803
777.889
774.34
771.684
836
836.289
827.976
774
797
781
742
774
774.341
775.016
771.995
664
704
708.121
716.126
734
731.523
734.18
688
701.003
701.748
704.762
680
682.235
683.917
688
690.6
690.809
691.334
711
710.252
656
668.243
671.598
672.104
669.688
670.135
673.625
675.014
675.342
852
797.399
773
781
779.883
768.089
753.734
744.574
953
881.727
813
802.079
813
719
721.369
720.704
750
749.116
746.746
821
742
750
752.422
751.751
750
726
766
753.95
752.949
754.178
755.557
754.509
852
821.596
806.599
821
815.917
803.551
742
773
770.064
914
766
789
802.371
800.737
734
797
890
844
799.449
816.782
840.957
817.808
836
833.789
822.507
781
828
844
816.225
800.576
810.642
823.266
711
739.461
679
687.586
688.571
711
716.586
719
727.714
735.701
742.453
746.041
748.011
750
750.985
695
705.58
703.32
702.662
702.289
719
718.479
742
740.209
738.291
738.22
735.861
733.354
679
690.451
689.222
689.669
689.927
602
672
750
737.19
765
766
757.541
953
903.197
862.632
969
977
867
875
820
813.788
812.032
766
742
789
788.422
785.584
750
734
738.153
680
664
664
640
642.714
664
672.756
703
727
737.671
743.494
750
750.283
748.029
746.823
664
672.651
670.498
668.5
668.741
668.286
672
679
672
673.239
672.384
673.004
609
625
664
661.945
727
750
734
711
696
687
672
703
672
711
773
771.056
755.769
743.479
758
758
751.594
774
734
735.6
732.001
729.19
688
692.389
695
696.137
696.214
836
812
727
735.818
741.061
738.172
729.225
727.555
750
797
778.885
760.151
742
749.386
844
814.86
860
823.057
801.161
680
687.525
690.557
701.948
782
792.579
774.855
756.487
744.892
726
726.354
734
736.018
664
672.233
675.366
679.621
682.808
683.632
687
690.644
693.952
693.962
692.972
695.107
697.479
699.686
700.3
633
632
657
711
709.987
706.209
701.795
701.145
702.066
758
680
686.616
695
743
851
774
796
805
798.435
780.01
750
719
718.134
712.782
711.115
710.664
712.804
716.415
821
816.402
797
785.285
781.839
797
792.469
782.437
750
747.052
749.8
755.116
703
707.509
695
734
736.383
735
730.397
797
734
736.95
740.284
740.188
859
766
867
867
841.132
838.719
688
723.657
725.149
723.452
721.961
796
758
727
703
710.04
710.251
828
797
796
735
695
664
664.322
665.398
670.178
676.62
1070
914
899
869.372
850.545
826.55
743
730.648
728.782
728.323
758
758
844
851.93
883
875
813
801.522
795.539
711
750
695
696
797
851
836
825.917
821.381
809.166
794.655
779.68
768.058
664
670.792
664
663.188
664.93
667.712
672.466
812
860
842.164
899
900.696
828
797
788.698
780.37
703
707.352
766
772.118
797
797.847
798.263
794.568
781
768.145
797
804
799.887
727
703
704.862
680
682.991
684.437
726
736.218
796
813
828
852
718
750
746.418
742
781
779.558
735
740.588
739.498
740.707
735.404
804
795.8
875
820
782
757
756.858
790
953
908.843
870.359
849.867
843.13
842.572
833.328
816.974
799.291
789
742
821
1133
781
742
744.025
755.23
696
696.12
789
817.919
774
773.542
797.323
803.739
777.033
680
702.764
729.9
731.554
715.371
602
649.72
671.271
697.209
586
607.655
609
627.561
610
640
650.562
656.611
655.303
719
719.921
705.231
781
774.686
781
781
779.28
775.069
719
727.566
720.994
657
664.18
734
724.972
867
848.665
812
807.59
711
710.896
703.425
672
673.196
672.308
674.295
719
741.234
742.567
906
887.048
781
779.37
775.863
765.772
758.989
703
706.764
706.831
709.663
708.594
709.117
688
690.998
773
780.794
757
688
703
715.205
723.666
711
702.76
703.191
712.638
656
665.563
633
638.611
672
674.77
675.44
675.221
679.361
664
667.095
666.396
664
663.038
687
685.06
685.883
695
693.393
693.141
690.786
689.175
688
686.306
734
729.222
724.6
722.159
721.557
726
688
692.882
656
661.445
696
693.476
694.606
695.171
742
744.224
737.13
731.465
728.759
724.974
721.911
716.928
714.11
640
649
703
704.894
703.75
698.294
698.986
703.288
705.742
953
891
845.575
821.86
806.443
758
813
914
893.993
984
945.99
883
789
780.136
792.451
828
840.306
819.408
765
727
728.848
740.652
664
668.536
671.278
672
675.864
680.822
688.677
697.149
704.481
657
666.746
667.828
668.356
666.896
922
832.208
799.083
805
813
801.19
781.761
734
805
803.255
742
719
727.993
734.207
750
733.002
781
782.753
769.92
774
782.462
781.785
828
815.369
802.559
802.672
883
860
859
945
821
757
704
711
713.247
717.939
766
790.947
734
744.124
742
750
751.151
789
793.859
710
722.544
726.534
728.209
727.156
734
737.445
740.036
737.664
734.645
938
766
767.57
773.271
843
805
778.511
797
806.721
789.364
757
821
898
953
883
773
795.455
822.001
822.314
828
800.52
799.3
817.865
797
742
719
722.179
733.997
735
718
703
891
883.644
841.839
781
785.421
843
840.961
809.815
758
766.137
797.672
844
813.828
781
750
771.301
828
976
1055
950.23
789
781
805.232
855.837
868.124
843.466
803.563
938
955.684
1000
927.715
868.149
866.423
894.946
916.699
734
766
785.906
758
756.198
762.885
785.122
802.196
735
742.225
754.922
765.113
742
820
852
812
804.422
844
844.534
803.408
766
898
1086
955.96
896.373
859
863.445
855.761
766
768.278
860
879.799
758
758.555
1156
992.448
872.386
859.369
892.016
921
839.82
833.599
881.449
915.704
836
817.444
857.208
843
883
835.429
813
832.868
845.6
830.619
882
892.618
813
882
888.836
868.621
845.603
805
820.926
914
886.26
862.749
867.637
877.737
734
742
745.7
747.055
836
812
813.366
818.382
824.048
822.843
819.044
817.626
742
750.015
749.221
765
774
836
757
764.053
764.629
765.482
812
750
766
781
782.218
735
747.285
859
826.652
797.531
794.891
806.772
803.617
780.908
789
801.088
750
836
810.579
792.721
794.694
696
687
689.472
836
875
855.175
847.072
773
768.844
761.835
754.568
812
823.161
810.309
787.389
773.956
771.615
781.612
794.295
791.992
775.788
875
797
789.78
789.312
792.21
789.588
718
740.006
696
703
702.031
742
727
734.031
739.403
743.127
656
685.853
684.517
681.91
681.351
682.462
685.098
687.33
688.776
690.075
703
664
664
664.924
664.014
663.997
664.757
851
799.018
777.138
750
742.93
711
700.361
773
772.604
757.276
740.983
735.025
773
758
719
687
694.612
705.22
657
668.002
671.52
890
814.285
930
914
876.741
757
757.667
758.52
757.418
751.589
750.733
754.632
757.123
773
727
719
719.703
914
866.54
822.489
774
772.37
812
813
797.925
844
842.264
968
939.555
851
735
736.956
747.276
768.118
771.531
764.672
765.491
778.721
735
750
751.622
753.939
680
688.181
692.475
699.859
701.72
688
692.258
698.36
726
723.399
722.37
711
703
743
836
824.372
802.359
844
828
766
766.776
765.046
760.85
753.81
805
803.017
791.175
875
861.528
851
846.189
837.544
823.958
822.899
796
800.255
750
742
740.827
738.512
739.967
774
781.448
786.178
711
724.415
724.815
726.184
726.65
860
857.098
840.643
828.347
825.429
817.349
804.25
711
711
713.172
719.716
725.972
718
723.83
742
751.752
752.671
664
678.137
684.757
690.611
693.288
695
698.196
704.093
710.462
789
766
742
736.959
740.779
745.013
727
722.561
750
742
781
767.843
760.352
757.02
755.201
750
742
736.978
695
705.523
706.458
695
680
683.338
742
750
735
781
844
804
794.329
797.957
795.243
783.662
775.015
775.393
775.522
813
800.998
790.861
788.645
790.573
688
706.298
708.484
1055
911.125
857.26
726
719
716.831
716.311
703
781
795.089
984
946
882.165
849.398
750
743.821
744.679
746.485
953
923.164
881.456
852.379
758
752.338
781
789
788.908
804
796.89
794.334
793.178
793.326
711
714.114
714.284
714.861
734
695
727
733.801
741.054
741.338
695
719
720.176
805
788.776
867
860.195
812
844
841.774
828
814.332
688
705.67
711
718.28
720.562
859
857.397
834.133
827.418
766
719
719
679
649
664
667.275
675.241
681.699
828
804
784.561
780.495
711
708.05
695
690.672
812
820.81
805
783.92
781
776.873
789
797
773
781
758
711
680
695
699.805
709.494
714.266
672
703
813
818.958
805.422
790.835
783.906
783.013
779.01
769.3
757.451
748.406
747.447
752.29
750.431
744.872
757
755.433
753.4
748.24
781
773
776.147
797
695
725.328
725.006
724.47
720.574
723.546
664
688.311
672
679
677.188
679.387
750
758
753.969
734
736.303
703
705.021
702.179
698.755
696
696.146
696.9
696.938
696.344
914
852.521
818.011
800.883
781
742
729.05
734
727
750
754.661
751.986
746.947
680
683.902
685.137
686.382
687.302
687
689.635
687
689.763
691.574
693.549
727
731.257
696
702.269
705.262
705.511
781
750
743.1
740.705
773
768.629
734
734.433
813
800.002
711
734
836
883
819.96
791.926
808.745
703
704
742
758
745.999
813
824.906
805
820
819.504
803.911
719
729.799
765
727
765
773.713
773.96
828
891
865.749
766
805
765
761.586
757.606
968
969
922
899.346
757
763.9
763.111
763.454
763.166
867
878.557
860
855.91
953
942.683
909.866
820
820.182
829.517
832.022
823.622
814.917
822.909
766
769.02
771.212
774.786
774.245
775.163
780.95
788.307
828
875
872.742
726
758
760.293
765.689
763.073
789
796.225
750
756.791
758.312
761.677
758.246
754.399
754.342
758.711
760.405
757.669
757.902
759.111
844
789
788.693
789.474
789.851
789
782
781.538
778.315
797
788.112
784.602
783.095
781.298
782
777.544
774.742
735
752.819
1039
924.913
877.05
872.915
836
822.754
781
771.942
770.535
750
749.244
734
733.58
733.654
734.611
735.517
828
820
814.77
774
777.358
898
875
855.12
831.683
823.289
829.266
711
722.994
723.492
725.718
728.882
680
688.777
692.44
703.048
601
586
586
587.181
588.897
590.114
625
637.944
703
719.739
721.248
722.015
721.829
718.867
711.279
704.404
697.871
691.702
686.307
766
763.051
750
718
716.72
714.519
828
819.274
796.872
781
781
788.771
790.629
779.876
763.935
753.533
759.688
770.919
774.159
763.701
753.554
852
856.451
937
896.929
864.016
853.776
821
813.921
807.028
726
711
710.932
713.884
727
711
717.551
711
735
742.529
748.707
754.331
760.891
758
710
714.09
868
1015
956.519
906.499
888.803
742
946
916.681
875.383
835.175
817.135
824.063
719
726.575
726.756
765
782
781.791
821
834.477
851
849.227
835
821
814.731
977
1140
1087.34
711
727
711
765
785.46
914
805
800.574
828
891
891.437
856.616
829.014
859
914
911.944
874.681
899
900.523
899.853
874.8
854.761
907
910.082
893.349
812
823.402
843.705
781
779.074
742
747.739
753.808
759.162
762.215
804
824.667
826.765
822.926
766
771.028
773.523
672
687
687.553
690.523
694.441
750
789
820
789
786.962
780.969
976
938.178
1000
983.855
951.803
929.871
916.749
906.091
805
758
718
716.475
717.433
721.966
730.145
743.056
758.778
735
741.922
748.042
820
836.496
841.01
840.446
840.649
703
703
703.267
703.346
969
904.349
813
802.224
800.859
799.829
794.102
711
773
784.082
781
765
821
837.339
825.686
794.127
844
845.164
823.746
802.005
819.668
826.625
808.686
794.952
811.629
766
771.926
735
743.029
1141
812
852
875
828
822.016
860
1000
882.493
877.082
887.613
879.839
843.184
844.469
782
812
812.969
742
759.631
766.566
769.124
766.161
770.547
780.624
783.037
780.438
906
860
856.377
858.728
719
740.04
766
761.806
1031
942.309
893.148
886.045
976
891
1188
1125
1031.14
922
773
742
743.26
754.372
852
860.327
828
765
760.843
945
967.801
929.578
867.869
766
812
969
813
782.619
782.164
734
742.038
774
791.455
783.787
764.142
843
869.125
852
812
809.924
828.259
830.622
802.709
784.428
796
774
775.057
769.932
852
843.875
914
893.448
874.751
835
828.818
703
828
824.293
823.171
883
884.088
820
822.195
820.016
890
872.687
852
830.96
832.583
710
729.062
730.568
733.313
735.442
740.2
749.966
760.499
769.664
774.922
703
714.133
656
660.862
672
726
820
828.675
812.504
804.706
790.396
775.693
761.294
748.986
739.412
733.249
729.068
891
884.538
857.561
831.095
816.313
789
734
719
789
820.503
827.769
852
766
764.032
765.033
772.801
777.344
768.966
755.963
749.781
711
713.01
714.485
719.392
711
711.808
713.783
875
861.523
953
938.624
913.262
896.745
734
737.325
735
738.044
743.28
746.756
753.911
761.61
726
728.72
766
772.46
772.057
764.637
844
853.016
845.052
831.103
830.612
832.092
734
742.096
744.543
746.542
821
826.681
813
810.939
809.887
719
727.347
727.005
726.736
728.773
733.203
739.055
695
702.409
702.524
704.175
719
720.937
757
762.035
765.153
726
730.165
750
789
797
783.089
773.48
703
719
723.246
687
688
686.294
689.855
694.062
852
827.778
806.579
794.246
790.119
750
739.063
731.602
729.983
729.489
728.914
729.333
781
789
766
760.412
759.177
766
890
863.922
1031
953
797
800.23
806.361
859
977
944.76
907.932
892.342
886.903
868
843.586
844
842.469
841.725
839.429
836.097
834.317
832.982
922
921.232
906.492
888.699
836
835.424
835.454
766
820
758
767.166
726
732.493
731.096
732.552
648
618
622.919
620.244
619.746
619.455
562
597.201
570
578
574.698
573.647
572.709
572.703
572.693
572.78
672
719
719
867
930
909.913
899.765
813
757
736.168
703
719
717.752
742
742.488
711
781
790.158
781.343
765.924
759.787
757.803
843
782
775.868
773.778
774
776.206
734
744.823
749.323
851
822.273
794.896
786.569
795.236
802.491
793.962
922
893.733
862.321
890
844
797
820
822.004
766
777.311
786.527
785.608
779.594
758
768.842
765
750
719
727
731.672
733.837
735
726
732.095
737.294
766
763.576
760.273
797
802.103
797.908
790.591
787.378
774
789
883
867
850.113
789
813
819.68
813.765
799.845
790.151
794.711
726
740.062
898
868.547
842.945
875
774
718
720.573
723.288
688
693.81
719
736.688
745.139
752.806
687
719
727
728.698
726
722.583
726.139
730.343
732.139
728.935
725.485
774
770.301
766.586
875
852.997
832.945
829.525
830.132
818.267
808.042
804.237
801.377
914
820
774
781.428
790.062
783.449
773.448
820
834.021
819.417
703
695
698.597
705.371
711.284
716.62
728.956
745.384
696
701.859
708.889
712.9
695
711
703
705.683
705.464
781
775.234
764.331
761.388
695
672
671.821
680
683.492
718
729.304
732.621
852
906
884.805
861.002
844.418
844
734
727.257
727.164
930
976
933.663
899.459
859
842.718
758
748.305
852
898
883.968
961
964.623
939.165
906.268
805
812
817.052
890
766
781
793.753
806.757
800.787
789.969
800.166
782
757
688
691.553
695.035
742
759.047
763.204
781
789.275
890
883.431
863.943
848.878
773
763.828
898
892.689
869.512
711
714.371
722.866
744.788
703
695
700.579
719.189
740.8
1140
957.153
765
761.477
775.19
750
745.095
743.374
734
736.825
804
805.336
727
726.932
729.799
732.178
843
719
718.493
724.757
734.427
733.177
726
727
738.158
743.504
711
765
764.56
797
774.325
771.423
773.641
711
758
742.882
812
791.429
758
781
742
719
781
821
801.027
680
713.115
720.954
731.049
719
711.372
718.004
731.345
766
749.306
732.455
734.471
749.658
757.536
742.994
696
707.404
719.262
729.14
687
711
716.288
720.32
851
806.085
781.444
774.618
776.934
774.084
761.403
751.245
680
689.229
690.585
694.239
766
773.927
762.886
734
730.155
729.416
730.386
735
719
718.535
719
750
754.807
734
727
728.287
732.531
734.242
703
704.919
656
663.301
661.769
663.999
666.805
670.23
711
718.899
721.119
721.404
734
734.204
732.395
729.261
726.653
724.644
703
820
793.59
828
816.802
804.669
836
827.187
816.729
806.414
801.375
797.08
790.969
784.551
779.593
985
922
886.931
875.694
859
845.777
773
711
710.588
774
822.422
742
745.279
771.645
851
846.416
805.35
696
705.8
722.992
749.013
751.643
731.318
716.112
774
805.586
793.823
750
733.235
744.993
851
805
774.541
751.793
760.109
784.301
703
707.582
713.383
721.479
721.787
717.079
719.16
726.891
731.18
774
763.68
753.587
750.991
789
789.836
779.394
772.225
828
757
761.132
719
724.434
723.32
722.038
723.113
726.468
730.596
733.879
735
726
719
680
688.201
688
687
688.31
690.347
694.029
697.285
656
667.063
648
651.83
656
656.604
658.625
664
666.616
669.394
735
742
703
672
688
686.966
735
722.479
712.384
727
730.592
729.278
734
844
824.557
803.219
735
736.397
740.3
740.226
732.894
727.525
730.065
734.709
734.828
703
706.181
789
758
757
797
799.03
773
711
721.127
726.049
724.302
718.756
727
733.781
797
851
824.936
773
771.478
777.395
781.923
820
801.524
742
743.164
752.851
766.495
769.836
633
662.131
673.603
781
773.836
883
862.111
836.163
742
736.312
736.541
773
785.937
775.563
719
812
825.753
828
906
867
837.555
750
743
749.142
891
887.716
854.306
818.574
809.227
875
883.312
863.103
826.357
808.721
836
774
774.506
828
820
809.851
789
788.95
742
672
674.673
696
708.477
721.495
736.975
898
938
907.793
887.958
758
742
740.728
740.772
797
813.602
800.108
781.666
797
803.398
801.945
805
789.775
820
820.638
695
704
705.72
708.92
712.303
717.13
773
783.214
813
813.806
812.711
810.425
802.676
794.645
711
726
725.644
728.024
728.213
731.12
687
694.943
693.544
695.328
781
787.577
781.273
775.855
775.143
773.868
767.611
773
797
791.029
783.256
727
734
789
790.536
780.431
767.414
762.521
767.317
750
758
774
773.076
770.025
767.456
765
766.309
734
740.018
797
726
727
734.113
781
768.367
774
777.054
719
732.935
732.187
730.425
726
727
718
723.574
724.349
724.903
724.187
724.097
726.224
735
732.898
732.056
734.261
773
758
828
820.245
812.579
806.389
799.92
793.965
787.281
766
764.804
852
843
828.112
819.352
758
763.273
726
727.093
726.69
875
867
850.424
734
738.165
742.009
752.175
755.845
752.791
805
734
737.314
737.679
739.75
836
804
781.434
770.712
770.087
727
728.567
750
805
795.359
783.448
781.119
781.46
782
804
792.422
781.638
775.103
695
711
711
714.757
718.21
719.885
797
711
711
716.467
718.806
719.77
721.842
725.905
728.677
843
883
858.005
727
737.577
766
769.838
758
741.328
739.527
750.148
766.066
766.8
749.231
735.67
737.917
752.624
742
737.566
875
861.199
836
811.744
953
929.728
891.705
789
807.377
726
726.479
726.292
728.41
731.776
737.682
746.231
753.414
758
789
791.056
792.313
805
804.309
922
905.013
890.535
812
813
781
758
750.929
749.519
752.499
750
820
859
853.161
766
765
782
791.926
791
777.501
773.05
750
754.449
812
820.318
807.856
789
772.502
781
797.452
803.435
687
711
720.545
758
758.979
812
828
750
789
795.437
765
754.309
781
785.542
768.808
859
835.964
1016
938.291
898.916
758
711
758
804
805.931
734
766
727
718
718.881
720.828
723.928
725.661
727
789
800.235
788.209
786.409
788.981
788.666
779.381
696
710.186
710.276
711.6
709.982
883
859.374
867
750
711
710.644
742
766
769.527
750
743.716
744.217
754.214
759.422
758
740.599
727.404
725.625
703
705.879
706.696
914
852
796
784.332
782.235
1015
985
921.626
765
759.475
789
835.54
834.694
781
758
766
811.461
845.487
823.518
771.683
774
789
844
742
734.879
741.48
761.811
859
1071
961
885.627
758
756.702
766.364
783.752
783.447
768.299
805
830.029
789
860
863.311
841.375
883
930
904.647
789
801.96
875
734
742.314
836
824.409
789
758
782.205
711
716.993
773
789
789
742
753.023
760.645
759.008
953
875.949
758
761.185
767.301
778.702
777.088
735
734.351
773
800.27
784.765
749.825
747.663
768.584
758
747.192
733.271
733.346
719
727
742
750
711
715.941
773
780.898
773.041
727
680
685.545
690.394
699.145
702.038
699.859
700.898
726
735.62
735.248
726.143
720.515
750
756.016
751.233
740.595
738.482
844
835.525
815.369
797.29
711
716.444
695
703
719
750
760.381
758.946
828
883
875
789
785.372
836
840.039
824.378
806.323
797.027
804.404
813.891
805.806
789.407
780.835
891
796
805
800.989
742
759.393
767.238
770.217
764.262
762.579
805
914
828
898
897.436
869.228
861.709
860.301
774
859
789
797.773
898
797
812.603
836
815.958
773
796.705
735
753.761
756.295
755.252
757.259
656
701.885
700.832
700.687
699.056
789
780.983
718
735
739.086
766
746.751
742.74
749.322
671
694.774
694.138
726
711.184
711.098
712.249
715.904
671
684.073
681.822
758
743.558
738.22
736.302
736.196
735.779
729.667
722.52
719.715
716.601
713.877
710.751
708.518
706.826
706.319
789
780.357
875
863.536
846.978
789
727
687
684.603
685.023
680
684.533
692.043
701.696
710.827
717.777
640
657
679
685.694
719
725.53
672
675.887
678.602
683.914
711
703
694.699
688.583
690.309
656
661.538
696
698.488
696.292
691.659
690.996
692.022
691.19
695
692.708
757
755.707
747.367
740.14
734
731.16
726.627
721.206
1008
893.263
844.897
835.304
832.371
844
750
754.577
754.781
754.66
752.81
946
804
800.852
806.069
806.383
795.497
790.212
789.714
711
723.919
672
676.822
675.693
675.629
676.661
672
688
789
782.972
828
837.202
827.97
805
797
757
703
700.524
699.623
703.175
719
725.651
731.311
735.546
737.739
733.815
728.121
727
725.157
711
711.678
710.919
711.51
688
691.492
692.459
693.959
694.188
695.166
696.602
699.369
851
821.97
805.473
795.902
836
831.893
813
798.958
750
751.289
750.585
747.386
758
688
726
732.437
741.174
733.854
723.933
725.781
733.602
688
696.858
696.305
696.816
697.08
782
772.11
797
805
797.252
766
764.354
757.256
711
843
938
897.239
868.035
805
795.867
789.719
783.107
773.92
640
680
789
938
867
742
734.895
812
855.645
834.343
777.964
747.325
696
713.052
749.269
718
705.88
930
976
877.655
836
828
852
852.097
815.626
788.011
781
812
825.68
804.579
777.58
777.466
875
883.256
846.69
765
767.293
805
837.419
797
774.611
781
809.408
824.294
648
649
656
669.398
681.795
686.45
698.075
602
624.985
593
598.362
598.33
766
752.371
740.234
737.537
953
867
824.854
806.028
795.952
664
664.442
662.957
662.378
703
719
716.649
714.452
712.179
709.752
707.283
705.847
797
742
741.193
696
699.93
688
687.526
686.283
684.638
1055
903.094
1032
960
868
734
730.998
726
725.739
725.558
851
851.3
797
804
806.406
803.19
787.061
779.61
922
1024
963.639
915.608
781
804
813
758
745.008
744.105
751.24
719
719.15
722.989
728.601
820
830.93
774
758
762.897
769.825
703
707.133
695
680
679.929
679.872
773
779.713
767.371
764.901
769.476
766.842
756.368
747.605
746.571
746.615
688
694.747
656
658.929
625
617
649
672
680.549
672
679.346
685.49
691.019
693.799
695.197
696.726
697.261
695.789
797
786.318
772.599
760.797
756.971
753.118
746.69
945
880.444
842.28
826.33
821.354
750
750
726
721.772
720.972
722.792
696
700.374
702.07
703
704.21
705.808
707.887
708.827
742
734
820
875
836
829.538
718
721.875
789
788.107
777.21
762.384
755.308
797
807.04
796.054
773
760.861
768.421
784.1
786.375
767.191
766
770.113
783.586
785.635
776.97
763.466
766.786
773.829
778.522
775.554
969
926.22
938
953
941.116
919.136
908.668
843
839.25
899
893.118
1000
805
828.819
831.449
852
849.043
840.977
839.689
850.599
865.675
867.626
854.909
758
766
776.194
703
734
737.212
718
722.522
774
779.916
778.75
782.516
789.608
789.546
786.67
786.983
797
792.726
985
992
828
781
783.587
812
781
750
752.194
765.589
778.784
777.746
772.999
779.178
795.668
799.476
783.613
771.719
771.136
625
653.351
593
598.198
570
570
571
570.693
571.924
573.876
576.728
641
680
692.355
700.637
774
778.607
883
773
774.434
859
845.294
828.381
815.046
766
695
687.353
678.233
774
785.649
742
726
731.242
740.431
745.61
719
715.081
688
656
656.918
656
657.321
648
647.789
633
634.791
634.853
636.782
711
723.884
711
766
859
852.423
711
717.989
711
726
722.705
714.882
712.13
716.437
720.499
727
742
711
773
773.269
764.746
765
755.6
754.164
753.357
797
773
750
753.743
754.723
750.836
687
699.79
773
763.675
750.785
828
750
758
764.14
789
768.46
763.341
768.157
718
782
804
844
819.112
808.603
789
782.453
775.076
836
820.963
808.132
688
705.342
710.983
729.254
738.888
736.961
729.446
731.488
743.472
750
782
742
738.799
703
711
716.063
687
688
703
707.358
708.738
709.138
711.283
758
759.999
812
695
657
742
992
881.803
813.06
781
777.394
695
656
654.687
654.234
657.802
660.129
661.491
663.563
666.74
668.817
669.532
735
742
739.168
734
737.629
738.752
736.622
731.948
843
750
758
759.101
754.63
746.74
743.546
741.773
738.26
734.372
672
692.679
649
657.621
654.683
653.74
664
664.569
667.876
672.712
750
735
742
695
742
782
772.463
757.647
781
781.206
774.89
687
698.497
718
720.705
713.345
711
714.072
720.406
703
703.467
707.831
712.311
712.741
601
602
594
596.138
601
604.617
610
640
665
687
693.746
697.538
750
753.553
797
792.114
783.272
775.645
766.631
680
679
672
665.811
664
680
684.628
689.581
875
845.523
822.301
773
711
705.61
701.396
699.455
657
695
702.509
709.9
961
882.969
832.448
814.184
703
698.123
696.646
680
711
734
774
773.624
762.583
753.591
797
800.801
804
783.517
768.758
763.163
765
764.199
758.26
1024
898
848.101
834.859
750
747.864
766
773.076
772.33
766.316
765.594
767.939
648
678.315
641
643.315
679
683.382
648
657
663.192
641
646.075
646.548
688
687.69
898
840.157
820.897
817.676
809.602
792.012
773.914
727
716.719
711.228
789
922
907.91
869.104
726
727
731.357
774
758
742
735.077
813
773
742
735
743.216
718
716.652
714.823
715.128
750
756.618
748.972
747.192
751.303
751.601
745.662
758
754.133
890
844
826.763
820.436
817.043
805
781
775.888
671
683.721
687
690.627
695.939
703.377
735
906
882.571
859
828
815.164
802.947
786.605
772.192
762.685
757.742
703
702.981
702.693
704.775
758
776.051
719
656
661.191
688
702.834
774
788.283
704
704.267
705.781
680
680
676.19
703
718
718.601
734
797
802.326
787.721
776.047
758
750.508
742.629
736.507
732.446
731.061
797
802.222
793.676
784.458
779.155
703
707.846
706.061
706.846
680
656
658.27
641
642.82
648
651.984
687
672
703
710.554
716.637
773
844
773
775.165
766
820
851
831.345
735
742
746.028
751.537
672
681.934
695
805
937
864.984
818.073
810.523
811.657
718
714.535
859
852.918
797
771.303
773.907
788.894
791.355
769.965
750.416
749.836
762.991
789
804
778.712
734
758
786.956
695
701.152
804
794.259
758
756.771
768.223
771.319
755.58
735
749.738
757.558
797
843
821.433
812
809.509
810.897
807.097
793.316
656
640
641
656
669.557
683.139
697.385
649
640
625
633
635.549
648
656.412
679
687.026
649
651.962
651.511
679
683.536
681.65
719
679
664
661.932
661.171
659.812
633
635.885
635.759
664
665.237
726
732.344
729.845
725.39
719
773
769.251
758.65
742
797
789
766
734
774
828
808.946
785.99
734
751.912
769.615
770.895
753.048
734
745.899
764.191
820
791.087
763.942
753.326
860
866.71
718
735
773
727
725.264
735.609
749.762
781
760.845
754.352
767.023
772.945
755.033
726
737.752
747.001
711
714.111
720.274
724.535
724.283
724.136
649
669.66
664
703
719
720.782
821
750
749.109
812
828
809.369
795.086
792.471
784.448
773.61
734
737.227
736.876
735.866
731.426
687
742
744.15
748.228
907
865.878
758
764.332
719
716.626
804
814.445
882
860.527
953
883
854.697
841.984
828.524
811.508
781
868
866.064
734
755.527
764.891
688
671
665
665.797
666.453
665
670.51
656
662.976
665.853
668.305
670.451
673.382
675.897
687
664
669.258
667.535
667.452
625
625
641
637.685
703
735
773
775.039
771.123
961
851
742
739.464
741.003
727
750
734
733.151
805
804.583
821
820
811.202
758
718
717.433
718.307
765
773.395
773.238
719
722.678
750
742
738.411
727
721.632
722.837
727.661
731.237
729.829
649
668.429
743
867
830.775
804
780.403
769.171
767.771
782
718
716.602
714.945
695
672
687
719
727
718
836
832.998
809.91
807.396
814.384
812
907
781
789.339
796.656
791.431
781
778.932
784.072
781.469
750
758.667
763.349
672
699.766
766
750
747.096
754.257
762.418
759.937
765
763.846
766
820
806.426
794.804
812
812.948
703
728.423
829
1000
920.529
884.226
880.711
867.055
703
672
680
690.081
706.089
711
695
703.172
695
680
703
710.004
713.654
714.299
717.149
723.168
734
758
754.148
813
810.797
806.487
803.029
801.209
798.008
727
732.216
728.725
859
832.476
815.585
765
735
719
715.562
714.472
717.588
722.122
891
890.568
862.89
781
772.66
774.092
930
908.702
718
727
733.293
804
811.736
777.548
757.235
734
750.408
779.037
883
828
773
763.103
797
851
930
859
782
773.453
794.661
828.915
758
805
806.172
800.75
782.649
777.582
727
733.88
719
719.6
750
757.697
759.035
760.865
766.144
664
690.901
687
742
744.169
743.546
836
813
802.795
798.34
795.263
785.535
775.121
768.405
765.235
836
818.601
804.468
906
884.398
890
872.284
863.603
851.644
838.686
828
797
789
844
703
742
734
737.412
737.916
742
711
680
684.78
672
671.865
670.997
671.621
673.171
675.217
677.728
679.76
781
777.54
773.129
969
891
883
882
872.658
797
750
742.553
739.112
737.293
737.567
741.954
821
824.966
743
749.391
758.238
761.761
672
719
742
789
772.295
797
750
750.307
695
656
657.415
656.723
658.609
742
758
766
763.35
760.694
751.918
695
711
708.665
796
798.124
828
875
797
773
762.313
754.73
719
717.106
750
764.418
767.082
767.308
770.837
771.589
703
695
695.404
672
679
681.74
686.521
719
789
961
927.799
742
746.393
744.875
745.503
746.351
746.143
746.657
664
656
672
677.963
742
753.682
773
763.442
751.753
727
721.803
679
678.967
677.205
836
1015
969
916.314
880.738
938
953
933.239
897.186
743
743.304
711
703
702.666
672
671.919
674.855
679.365
641
647.358
664
672.045
678.238
679
685.167
691.367
789
766
757.905
755.516
759.045
734
728.968
711
709.827
707.698
706.502
703.707
688
734
734.342
750
766
781
742
747.009
744.536
742.015
736.851
732.91
688
695.239
693.335
891
953
920.985
888.476
868.029
848.145
695
694.463
697.336
844
836
875
849.505
891
893.645
1015
992.832
943.587
774
750
753.212
750
758.906
763.402
766.104
742
696
695.989
726
739.933
703
695
698.371
687
688.249
688.576
734
749.654
828
836
827.438
844
812
800.514
790.487
785.012
779.59
774.768
921
797
798.581
812
875
849.796
750
766.663
750
750.68
749.324
868
866.659
833.824
827.657
839.211
831.326
687
688
692.325
700.194
705.139
713.039
610
601
578
571
585
586.72
590.227
592.895
598.046
604.125
734
688
773
773.005
764.866
992
938
910.142
789
867
899
929
890.928
856.668
852.456
735
751.601
750.929
1039
992
920.398
879.389
872.1
782
770.254
769.438
772.619
775.977
776.282
695
696.894
699.85
813
812
813
786.079
774.294
859
883
879.191
765
764.136
778.7
727
742
740.159
739.864
726
728.826
732.625
738.267
742
742.664
766
770.239
770.317
768.122
771.027
757
758.769
859
859
883
836
827.95
818.857
875
812
836
868
843
834.419
695
714.099
716.636
724.602
797
813.654
727
711
687
687.603
689.343
743
767.532
773.085
969
955.767
915.781
945
944.936
920.92
895.853
742
789
799.797
807.336
985
952.747
750
760.863
765.266
766
765.745
781
766
771.993
778.254
742
719
718.805
722.165
804
804.286
844
820
781
776.8
727
722.174
720.515
722.804
727.766
750
760.205
763.736
761.523
758
751.927
744.954
758
797
799.967
795.306
766
765.612
765.529
765.13
761.374
820
817.022
810.001
801.694
796.293
1086
938
882.655
860.751
789
938
907.695
865.124
832.193
1054
891
875
836
849.235
860.774
945
891
852.389
890
908.423
890
1032
898
774
765
742
789
875
887.041
781
789
789
796.507
797.1
797
828
841.173
695
716.081
722.782
731.979
797
801.333
798.539
797.399
795.814
773
768.889
727
728.78
727.177
1063
934.504
859
854.285
852.229
848.952
826.308
801.204
793.165
792.549
915
913.975
878.617
843.415
840.64
854.244
750
751.024
750.919
752.414
757.819
766.366
875
891.092
930
804
809.591
807.882
836
758
781
787.325
791.021
786.634
781.964
784.364
719
757
754.361
754.488
747.309
747.491
753.689
758.115
757.249
758.122
734
742.487
743.598
744.003
741.175
742.529
745.395
748.372
748.348
748.393
820
814.973
809.658
803.448
800.088
794.617
968
909.341
875.507
862.241
857.954
984
1235
1109.15
1007.7
979.568
985.598
988.01
974.962
934.973
914.542
924.015
948.156
947.779
919.821
765
758
771.177
808.423
789
786.81
773
784.78
804.571
797
794.877
789
711
734
739.614
746.119
745.766
742.545
992
936.625
836
859
862.064
847.821
821.906
961
930.629
977
936.053
781
805
814.645
757
797
809.163
811.047
851
855.746
853.555
852.124
849.994
804
805.6
804.652
802.265
802.908
805.122
806.489
782
786.946
785.779
785.94
727
736.022
736.531
672
683.412
656
660.61
659.91
661.94
625
636.912
635.093
635.543
635.92
656
664
656
672
703
705.373
705.368
707.052
797
804
792.468
786.767
664
703
697.54
851
805.09
772.271
754.627
820
773
757.738
745.501
743.619
746.643
746.58
742.753
740.078
782
782.342
770.531
763.115
763.438
762.832
755.915
752.647
754.792
754.868
753.654
754.195
754.25
754.675
754.741
754.498
781
777.295
774.16
771.489
797
794.772
790.588
786.592
785.162
851
860
846.222
835.14
859
856.906
846.198
782
791.183
719
725.268
725.131
729.05
735.419
743.886
750
757.468
763.428
767.574
770.425
664
688
688.724
820
802.388
788.16
750
740.859
739.542
739.275
736.263
703
688
734
781
766
813
806.705
773
763.032
754.043
726
719.664
828
875
797
785.404
789.561
679
664
666.291
758
859
847.249
789
773
769.516
768.566
820
820.756
750
734
750
764.668
770.683
718
719
732.142
757
756.243
734.954
725.728
695
696
750
757
746.85
728.405
718.898
766
778.032
789
797
772.973
836
842.416
834.491
813.723
798.815
711
718.535
721.332
726.174
729.422
732.179
1000
928.405
859
852.47
850.858
789
775.114
821
829.427
789
821
833.106
829.457
800.957
800.042
807.112
806.048
727
890
977
903.805
868.849
781
797.433
718
766
770.917
781
750
719
723.866
828
831.756
808.886
776.883
768.141
781
734
743
741.402
740.997
741.868
742.641
727
711
710.483
711.644
713.285
750
781
782.648
784.556
787.411
786.37
696
704.416
702.825
703.057
705.256
708.325
713.756
718.946
721.994
722.974
722.652
610
679
674.348
677.27
676.259
757
755.448
719
723.017
725
720.648
711.844
672
686.413
687
687.608
683.836
683.932
689.793
703
698.138
679
680.431
683.164
695
693.152
727
726.929
797
793.309
781.941
774.417
769.756
743
718
713.16
735
734
732.819
696
695
694.513
664
668.09
625
617
618
618.449
602
604.507
601
625
657
668.514
674.534
679.071
683.387
685.35
685.253
682.914
852
859
838.76
822.15
805
781
852
812
797.119
742
737.439
727
727.961
711
727
730.366
734.516
733.787
656
676.866
678.251
625
632
631.562
630.684
630.189
672
680.679
686.575
691.074
695.847
640
650.234
617
620.985
617
594
598.026
597.008
597.439
597.704
570
586
582.296
586
586
587.584
601
601.103
610
612.049
613.456
615.482
656
657
655.159
657
640
640.328
617
633
627.624
626.428
625
624.435
624.189
623.849
623.334
703
697.115
690.459
685.148
684.226
680.639
675.927
687
680
664
663.306
660.196
657.097
664
660.923
659.567
658.565
695
812
829
816.009
806.15
798.111
786.362
773.499
761.977
773
772.922
703
708.035
704.39
702.654
700.273
726
782
785.589
776.512
1023
964.17
928.101
925.235
919.863
897.191
1032
984
946.271
942.849
945.221
930.086
726
740.549
747.854
922
919.835
886.774
885.748
820
742
852
812
810.154
1015
987.819
939.514
912.917
911.797
757
766
772.348
703
706.134
712.265
715.976
719.104
930
1023
959.947
1008
930
900.565
893.489
886.575
891
881.14
878.603
877.273
812
750
746.687
744.881
745.415
747.663
752.54
766.646
782.736
719
672
679
719
735.692
746.881
930
931.515
922
898.54
899
887.547
863.88
841.208
829.139
824.399
821.649
773
765.262
758
754.753
752.166
752.789
755.797
758.669
766.017
773.481
821
835.135
838.336
839.449
840.99
711
725.37
724.174
724.991
656
664
665.717
670.439
674.284
680.152
664
665
671
673.711
675.262
703
708.25
712.12
712.939
714.611
742
739.264
703
709.178
708.143
750
727
734
734.28
875
837.612
811.569
836
836.279
822.345
805.961
803.519
765
766.422
726
727.941
724.023
724.328
725.176
766
772.753
734
740.92
744.592
746.601
743.843
696
703.901
704.85
706.417
705.045
705.316
708.995
742
812
800.625
750
748.069
711
713.632
711.913
727
729.135
726.483
723.063
723.035
781
727
727.249
734
735.028
731.054
726.091
672
685.613
695
696.451
695.542
1032
891.004
843
840.361
837.171
719
721.387
672
667.509
666.624
666.698
664
665.548
667.569
851
818.59
797.999
765
782
820
844
831.409
809.462
695
702.072
710.603
732.42
711
742
719
716.854
852
853.862
812
789.716
786.106
793.349
632
625
610
609.623
610.979
613.345
617.158
622.613
797
734
732.17
735.252
736.43
733.467
730.527
742
739.643
735.36
734
766
759.722
750.995
750
743.855
738.212
730.554
727
703
719
766
726
730.186
733.921
672
689.197
687.658
812
788.793
774.791
769.682
930
907.502
876.948
850.13
845.863
842.457
826.265
703
742
757.211
775.984
797
782.9
778.278
784.065
796.967
800.791
726
730.214
741.295
657
669.796
671.153
672.618
719
730.996
737.134
740.324
743.805
744.713
742
727
703
705.111
702.005
701.211
700.959
700.404
790
787.773
695
704.447
708.023
708.581
704.258
703.161
703
707.046
727
723.343
688
698.472
701.876
649
663.181
664
664
664.387
666.785
695
694.705
695
727
757
747.949
742.046
742.855
738.969
733.405
680
656
649
632
633.374
634.669
639.338
758
758.512
747.063
758
757.619
695
695
719
716.307
710.656
704.009
701.139
695
691.74
686.576
664
641
644.111
617
609
594
595.675
596.189
598.042
679
690.425
695.751
641
647.102
680
685.258
703
688
648
649.256
650.591
654.551
653.623
648.593
643.807
642.26
644.566
645.907
645.338
645.451
645.698
696
664
656
658.937
660.64
660.552
658.928
664
703
727
722.214
717.307
703
719
750
741.623
719
715.867
719.034
721.16
717.314
750
743.371
737.885
774
772.421
765.56
757.537
756.842
755.677
711
717.318
742
758
711
727
750
749.099
738.808
736.783
741.924
744.704
738.173
733.785
737.517
740.834
640
669.424
674.012
678.998
703
750
755.674
755.468
758
757
752.409
745.792
739.739
735.075
765
757.659
752.311
781
797
797
789.615
785.071
780.724
776.323
771.209
767.896
766.436
765.333
764.451
763.869
727
687
689.296
688.155
692.342
719
695
688
691.863
860
848.566
758
695
696
718
727
688
688.131
696.046
712.796
716.059
735
726.969
696
696.804
656
648
648.585
650.09
672
679
683.847
685.493
687.45
726
731.361
727.616
789
787.938
779.292
719
734
729.065
656
672
671.008
680
695
695.105
750
752.132
743.52
742.897
742.04
734
719
719.101
718.088
717.705
664
695
692.767
692.67
689.333
689.43
711
696
698.365
699.627
649
668.351
625
635.571
633.35
632.671
632.988
634.319
680
679.816
681.885
684.962
687.352
672
672
671
668.861
718
708.296
797
805
793.729
786.201
836
830.522
766
767.772
768.191
762.713
781
766
766
773
768.713
774
766.793
774
769.906
727
719
720.13
703
711
712.622
844
828
805
803.627
802.564
793.923
782.821
773.712
768.146
763.66
758.628
753.537
749.046
773
772.995
768.396
762.77
759.605
755.682
718
723.805
723.783
696
679
680.465
681.913
684.862
688.62
693.408
648
641
648
647.683
649.583
650.912
653.504
664
667.803
672
673.326
674.903
867
818.746
792.836
780.124
771.562
759.801
745.636
733.795
725.849
721.794
711
706.894
797
800.111
783.783
867
865.04
840.976
797
799.296
795.42
785.658
777.639
778.963
727
731.537
789
734
737.539
743.582
843
822.466
852
883
875.687
1071
1010.37
883
820
797
796.081
953
1094
984
860
828
845.407
805
813
812.291
817.323
825.177
835.165
841.486
867
883
880.146
865.011
854.686
847.698
844.291
1008
981.661
765
778.906
783.053
789.977
790.064
791.91
765
770.993
750
750.932
735
735.544
718
720.216
721.588
723.621
724.349
725.068
726.08
695
844
803.325
906
860
842.622
835.726
742
747.031
739.191
804
907
894.14
865.864
789
695
695.823
698.265
705.883
714.729
727
737.081
747.303
758.163
765.825
766.342
759.572
748.731
737.945
728.619
724.317
723.167
722.443
805
803.368
797.782
961
934.152
852
765
766.344
883
865.975
742
766
796.851
811.833
785.624
761.589
780.58
811.913
814.396
774.149
656
684.253
713.505
844
791.125
753.894
741.273
762.359
953
877.344
860
807.559
719
725.627
844
859.321
844
775.525
835
861.023
992
860
801.571
802.966
848.656
766
760.192
762.161
883
859
805.244
828
849.153
953
922
848.313
797
766
774.115
782.882
785.042
883
922
894.867
898
829
817.615
828
836.302
832.051
817.61
804.798
805.613
789
788.935
785.415
735
758
763.427
771.179
766
767.494
742
746.889
750.18
821
818.916
796
790.784
793.044
820
816.688
805.181
867
813
836
827.957
819.61
813.121
711
729.456
729.96
732.484
734.486
695
688
690.162
692.227
726
734.561
774
812
814.567
820
814.588
806.704
766
756.672
752.629
747.063
744.033
741.344
739.988
1016
925.217
930
911.652
797
813
890
888.511
861.614
822.848
726
729.337
744.004
789
802.923
786.405
828
829
828.741
812
766
765.584
772.895
777.833
773.595
766.317
766.476
891
867
843.963
820
844
852.297
844.524
719
737.085
746.224
765.05
763.996
696
709.873
742
765.362
755.534
719
721.088
891
874.703
825.728
783.306
787.951
1101
964.498
859.942
828.025
850.601
1047
943.063
851
1094
1045.08
859
844.764
896.52
718
724.149
1000
961
844
843.208
1125
875
844
893.535
897.601
742
797
867.062
812
789.865
814.861
861.514
843.312
794.618
800.877
822.268
867
922
885.729
873.437
877.877
878.144
858.899
835.969
836.656
789
794.557
798.789
805
804.26
804.573
807.842
811.278
810.871
808.552
820
821.186
797
890
877.233
789
805.392
1070
1180
1048.85
789
805
821.348
833.505
823.112
819.452
832.459
853.996
906
875.718
937
1250
969
789
742
782
823.165
823.699
1243
1164
796
794.518
711
707.757
707.299
707.48
875
844
1226
1102
844
836.277
750
743.886
742.098
741.64
741.181
741.69
765
775.919
859
859.881
734
758
757.852
914
888.69
858.809
850.182
849.361
680
656
633
617
616.156
615.486
609
608.245
608.09
609.073
610.642
601
618
609
611.149
648
652.228
727
765
743
765
836
832.958
797
727
703
697.535
804
860
840.085
844
829.893
819.034
782
770.382
760.688
750
746.161
744.419
743.342
844
862.059
804
793.071
795.781
794.563
782
773.61
772.333
775.608
778.695
875
938
883
861.283
855.683
855.776
846.387
830.641
819.85
818.397
822.64
828
821.899
814.813
812.951
816.222
819.655
758
765.097
843
1149
828
844
976
910.94
750
760.739
875
976
855.614
826.489
1031
981.389
852.532
841.614
836
855.33
839.394
822.533
938
939.11
914
805
832.159
876.569
907
852.492
824.926
853.121
867
821
805.732
822.878
781
786.65
790.87
793.697
792.966
852
860.086
844.174
781
790.422
796.733
794.008
788.907
791.578
797.116
801.229
797
794.002
836
914
897.522
930
919.116
828
805
805.031
1015
952.088
898
892.105
898.864
898.507
877.439
914
1071
1030.58
975.934
949.159
963.032
964.877
940.658
961
959.635
782
807.967
696
696.823
696.819
696.916
914
913.649
852
1008
996.725
914
917.043
916.666
898.533
867
864.539
875
781
766
771.215
772.461
734
739.305
746.597
852
844.325
842.5
758
763.583
765.189
767.153
765.688
761.313
760.674
764.783
772.686
727
731.043
729.471
930
781
774.634
775.001
787.074
785.257
687
766
804
787.882
797
787.012
786.846
785.409
775.967
765.776
821
765
867
816.332
804
808.725
804.905
883
848.242
832.965
830.5
750
768.837
781
773.656
771.784
773.252
777.35
778.682
777.523
775.516
774.479
776.702
672
700.04
701.643
704.558
706.867
710.81
717.623
724.237
728.673
731.862
758
757.776
758.265
758.257
758.048
742
797
783.873
774.558
773.813
772.943
768.917
763.732
759.473
789
780.66
775.683
773.351
938
886.913
859.688
774
792.479
795.859
742
746.444
754.517
859
735
745.587
764.583
719
721.754
688
664
640
641.197
633
633.541
634.369
636.872
640.758
645.049
828
780.366
764.857
763.644
688
687.504
680.079
718
727
725.777
773
773.596
761.94
735
726
716.926
709.863
704.839
702.135
702.736
750
773
770.624
762.36
757.535
752.185
746.702
711
710
708.267
710.75
750
757.802
758.784
789
794.108
781
774.314
768.078
762.338
756.691
753.84
752.093
750.911
781
780.302
775.549
773.298
757
711
713.843
712.724
716.035
797
765
766.044
789
793.481
786.813
779.561
774.506
828
766
766
742
711
713.551
713.449
715.805
657
656
680
687
695.822
702.723
750
828
813
789
785.557
783.4
867
850.718
734
740.819
748.245
759.782
734
727.023
731.462
742.755
812
758
745.195
752.582
718
722.121
915
898
797
765
813
824.224
806.592
781
797
813.998
719
731.504
742.768
745.151
738.681
734
746.071
766
757
750
755.562
762.097
759.221
752.318
742
859
835.677
814.048
794.651
695
711
710.788
657
664
664.969
668.701
673.163
617
610
612.7
611.851
609
625
626.428
631.58
637.013
766
750.014
739.894
922
887.439
727
733.478
733.127
729.938
757
750.915
703
695
758
762.368
735
717.836
1016
1094
1047
867
898
953
922
865.712
852.996
874.087
897.204
879.726
831.431
830.909
821
835.329
834.031
809.548
798.301
813.727
828.688
765
750
766
742
744.683
745.883
750.966
756.2
760.604
844
922
901.69
887.961
887.03
882.67
836
875
875.955
868.815
857.122
766
930
900.035
878.125
844
851.147
727
761.477
762.995
764.399
820
1008
922
896.984
922
804
812.229
809.109
750
755.01
757.422
758.215
760.203
765.707
769.761
770.967
771.682
771.998
771.361
770.66
750
851
834.466
914
868
820
819.409
814.332
807.869
875
866.036
797
803.778
844
766
742
781
785.906
777.577
776.477
790.795
795.776
780.111
783.517
795.097
789.656
775.336
783.443
791.512
785.517
711
728.815
736.962
742.773
953
882.519
851.934
805
800.977
792.877
780.961
771.615
768.553
703
706.591
706.799
710.321
714.314
716.839
750
719
720.836
720.255
711
712.618
712.856
714.05
715.649
717.631
719.58
721.045
721.228
722.71
721.119
720.403
719.763
695
680
679
678.649
718
720.848
724.812
672
680.914
681.701
684.38
696
828
819.36
805
758
703
699.4
711
718.44
719.669
649
640
645.499
651.781
660.96
665.265
666.536
797
796.782
774.413
755.784
755.777
758.975
752.086
739.127
730.493
726.72
743
773
781
766.476
688
680
684.252
633
639.585
637.165
719
742.351
750.718
852
805
789.244
779.351
804
794.614
703
714.205
715.448
743
734
728.86
730.934
726
723.434
703
704.396
708.234
773
758
750.958
789
843
828
807.987
802.334
805.387
781
773.535
769.024
767.582
764.082
812
797
766
769.433
828
822.742
781
766
777.785
765
758
756.836
734
742.296
844
830.071
809.247
792.367
798.216
809.381
810.235
792.055
776.544
778.631
914
820
774
779.665
802.583
1008
930
845.797
829.114
855.137
727
731.379
703
701.928
702.622
705.707
828
834.175
758
761.724
766
767.483
764.612
762.119
750
750.853
781
780.389
953
901.516
859.39
842.804
1062
999.094
844
840.464
1180
922
872.045
773
836
886.394
867.595
977
1086
844
828
877.838
790
790.799
807.173
797
836
839.984
834.489
937
918.128
781
852
867
829.445
827.969
846.269
1180
898
887.218
916.051
896.368
1062
975.926
781
802.894
883
881.551
773
875
929.596
903.818
824.254
830.83
865.793
766
768.171
794.032
750
937
875
836.98
846.202
847.134
826.237
820.847
823.962
822.956
851
1211
1047
859
858.956
871.189
1110
929
879.563
882.421
618
618.54
618.185
773
758
734
730.748
741.405
774.221
648
652.731
668.294
656
657
695
702.295
680
680
686.459
686.4
679
676.015
672
674.481
674.053
673.618
805
793.894
782
777.521
758
754.575
679
688
685.647
685.672
686.146
686.849
703
708.142
708.83
708.021
706.976
688
686.931
682.223
682.616
683.028
743
726
696
704.377
705.221
672
677.431
676.64
675.893
675.713
677.04
679.2
680.669
681.418
648
641
664
703
696.739
691.608
692.831
696.442
968
867.168
816.984
792.105
778.614
766.756
710
698.896
696.135
805
781
727
711
714.466
703
703.193
702.011
680
679.412
664
641
649
664
687
695.821
812
789
771.803
768.581
766.881
758.699
749.346
859
849.015
829.596
815.377
812.15
711
716.211
726
1094
946.14
873.893
961
960.597
773
711
712.794
680
679.847
680.206
681.989
686.081
734
752.012
766
768.544
727
726
704
703.124
711
711.714
711.858
680
683.702
711
718.851
688
689.156
742
748.323
750
719
722.162
730.963
737.087
728.046
717.227
720.432
728.167
732.186
789
770.59
756.085
749.539
757
761.729
883
1219
1073.11
978.032
951.311
735
695
694.339
698.985
633
634.119
634.313
633
617
617
617.367
609
609.137
608.679
610
632
636.916
718
729.841
742
828
826.735
937
928.743
757
769.709
766.397
761.734
754.563
753.18
753.391
734
758
755.649
765
761.504
760.001
759.139
711
715.215
714.768
696
664
671.754
656
658.375
658.726
633
638.819
602
593
592.051
578
586
583.413
586
609
612.408
618.384
632
637.709
836
961
919.598
891.611
878.101
857.31
834.327
812.74
793.721
778.047
804
808.011
828
818.173
806.491
742
733.851
732.366
731.996
737.026
743.075
867
829
816.973
814.892
820.21
820.578
810.979
801.07
798.392
798.146
633
679.932
656
661.947
661.527
648
652.621
640
644.431
644.747
647.517
650.541
649
633
638.37
638.491
664
662.736
663.032
663.924
804
930
828
773
764.681
805
804.256
785.9
763.475
750
742
752.389
753.623
757
740.716
719
734
747.867
754.813
743.176
797
808.47
727
736.071
739.814
738.576
805
805
795.368
794.191
687
706.368
704.768
702.187
701.194
703.565
709.179
766
774.935
1062
965.636
912.008
892.417
869.74
750
736.339
736.672
743.452
820
831.586
789
786.321
786.42
742
740.143
797
806.827
804.16
801.261
805.016
809.774
810.558
799.08
788.79
786.437
726
730.065
750
755.633
758.313
719
723.733
781
789.177
785.064
727
695
657
659.098
661.905
695
696
703
703
709.122
716.015
720.349
891
871.025
841.207
757
844
846.832
1039
906
861.477
842.894
774
770.551
769.215
769.967
696
698.716
711
695
695.334
672
664
666.227
641
640
639.769
639.698
734
836
830.869
820.045
815.444
806.354
792.424
804
798.972
791.614
781.599
688
693.193
664
657.039
652.117
640
638.538
636.827
637.328
601
614.244
571
588.058
584.572
601
649
660.558
667.765
671.943
676.237
677.312
676.015
859
734
750
743
737.584
731.032
711
707.344
704
765
751.657
821
820
802.889
695
727
727.379
726.838
717.589
715.912
718.357
723.997
726
725.066
721.17
720.747
758
757.088
773
757.974
703
711.169
715.538
680
684.486
684.352
687.597
689.93
617
640.722
602
610.32
608.633
632
649
654.48
657
726
728.231
710
710.946
719
715.57
836
797
779.362
758
751.015
744.675
736.99
729.178
722.496
844
812
821
801.545
750
748.951
748.234
745.988
739.131
727
725.827
735
743.651
746.848
945
911.259
836
822.479
726
711
709.596
710.4
836
766
1016
958.129
898.003
868
860.021
846.144
823.78
803.801
792.983
790.59
906
836
813.967
804
844
853.601
805
795.916
799.103
819.715
867
847.387
824.318
824.716
844.049
852.642
833.821
807.341
803.122
822.208
833.768
827.446
811.513
802.81
811.433
821.608
823.865
812.101
799.967
804.995
727
737.408
805
781
780.926
778.72
945
918.466
889.425
874.188
874.29
781
783.262
844
840.749
820.125
789
809.254
828.904
818.441
797.043
793.372
828
891
867.1
828
825.742
850.166
861.842
841.911
695
703
711.073
732.377
696
699.488
750
782.595
779.079
765.307
703
719
742
751.4
797
766
749.024
688
692.268
700.457
640
633
630.379
687
705.406
727
731.465
734.321
734.917
719
710.226
701.573
697.425
692.628
690.881
689.515
797
742
732.242
732.468
757
750.34
740.403
781
860
840.005
817.679
782
786.79
786.511
703
711.444
891
838.13
797
836
848.793
742
758.605
766
760.542
789
804
796.415
813
812.934
800.915
703
703
742
741.732
740.065
741.747
748.761
883
863.851
838.187
742
747.234
753.852
763.346
756.561
741.991
739.935
766
783.911
775.714
756.427
746.274
755.745
750
751.184
727
724.484
728.688
736.384
739.078
736.6
703
711
716.143
711
711.478
709.735
711.808
715.065
718.29
718.67
718.388
704
707.558
708.35
757
750
745.36
703
709.253
687
689.845
703
703
704.327
704.274
705.578
711
710.48
709.06
688
691.133
719
703
702.257
703.509
705.878
706.885
657
625
629.965
629.734
632.909
636.268
640.263
656
663.084
668.56
680
682.538
683.129
682.07
734
758
750.003
741.571
735.801
731.678
695
719
713.421
710.973
703
679
696
695
711
705.029
702.215
701.233
701.886
702.128
701.065
701.075
701.958
703.053
703.484
702.635
702.941
735
726
724.449
797
828
816.847
809.393
726
730.293
724.521
719.053
716.248
703
705.949
695
688
688.157
690.122
719
688
693.838
696.609
726
727
727.748
711
703
696
695.285
693.528
692.983
693.057
742
746.844
930
887.843
855.869
839.81
742
726
720.02
703
687
688
711
750
828
831.747
813.44
799.628
680
742
688
719
722.34
727.195
773
775.742
781
773.124
763.961
754.003
745.17
727
724.576
680
695
687
680
680.697
681.752
684.388
685.985
774
734
736.936
718
727
758
754.108
745.299
883
860.76
834.501
822.773
822.151
774
750
747.196
1117
955.673
937
934.592
781
773
772.605
772.722
797
797.104
868
843
835.812
1000
987.375
929.356
750
758.42
760.874
760.416
805
826.757
833.594
797
795.536
795.497
794.917
788.251
780.629
777.336
922
757
774
820
818.531
796.62
798.666
814.479
810.63
890
869.089
845.661
847.475
750
711
687
687.436
688.481
711
696
773
796.099
799.269
801.819
805.493
800.858
790.777
851
846.329
839.058
828.731
822.266
817.002
809.981
802.592
1000
1148
1067.65
789
789.803
821
812
828
766
797
826.582
845.243
829.183
807.266
797
805
789
783.746
777.717
750
751.012
727
766
859
859.309
845.549
930
935.411
821
718
720.435
722.858
852
758
945
942.057
903.654
893.796
893.738
870.288
843.692
765
767.476
789
801.534
799.674
795.326
820
830.803
821.715
806.702
804.678
807.037
807.015
735
740.974
744.944
704
708.147
712.151
703
707.536
712.407
726
730.132
758
726
733.611
736.964
737.318
734.996
734.341
735.864
736.091
734.371
726
696
687
685.823
664
667.52
667.379
641
633
634.561
635.213
637.508
640.461
644.803
695
656
663.462
667.392
670.021
669.096
625
609
611.549
610.069
610.951
611.41
613
742
722.703
765
763.076
836
797
773
761.998
752.043
742.598
733.447
726.128
758
754.239
711
726
725.027
720.265
713.691
757
756.443
742
696
711.421
714.474
789
772.924
938
835
811.028
718
680
678.456
648
647.703
647.457
695
680
684.482
711
750
789
777.756
767.587
762.044
756.622
744.352
739.523
758
756.862
751.934
747.063
1047
820
806.758
773
772.336
770.098
766.189
764.346
766
769.193
769.205
768.133
804
803.695
798.088
844
1180
836
834.208
836
734
736.328
740.413
992
887.403
890
852
848.136
843.29
781
735
718
717.548
742
750
742
744.44
695
697.419
656
633
632.426
631.223
617
616.442
615.199
617
618.087
619.951
664
674.172
679
684.394
690.005
693.999
695.854
695.948
695
693.54
693.24
742
696
699.386
700.04
883
814.782
813
801.405
742
750
774
781
767.069
751.891
704
710.698
717.628
656
649
711
812
852
822.974
797
719
714.326
718
735
734
725.976
716.873
711.899
688
711
680
681.499
773
777.236
763.981
750.01
734
734.603
734.835
729.529
657
670.503
672.336
677.53
678.607
609
630.197
636.195
645.116
646.82
672
680
703
719
720.066
680
684.846
682.615
664
617
633
632.695
633.834
680
681.99
680.811
696
696.649
693.61
689.018
617
632.698
601
603.583
602.099
602.608
617
619.515
656
656
657
640
642.704
640.675
609
609
609.165
609.03
609.47
594
593
594.31
594.863
595.836
571
579.348
579.927
580.82
582.218
555
565.015
566.582
566.958
563
565.452
567.682
569.276
570.518
578
594
592.046
594
593
593.907
593.527
593.061
592.632
592.324
578
578.382
571
572.021
572.09
625
618.672
618.181
617.944
619.026
625
625
622.444
680
805
783.955
766.825
750
741.492
732.477
687
678.02
669.931
672
750
760.208
820
814.937
797.023
711
700.824
700.721
625
629.081
627.711
627.542
586
593.699
593.058
563
562
562.708
561.428
560.288
560.258
560.425
561.03
555
547
550.578
550.627
550.652
539
539
547
545.045
546.649
547.283
549.712
551.401
546
549.165
549.517
586
601
602
605.487
594
601
600.453
600.094
597.521
596.862
596.782
610
609
607.205
609
578
583.307
581.773
602
597.914
586
602
602.285
604.13
603.723
603.925
578
585.34
585.068
585.195
578
586
585.994
602
599.904
599.753
599.933
600.124
600.73
600.815
599.927
600.559
625
618.982
610
611.096
611.006
610.928
610.535
610.34
610.149
617
615.963
615.818
615.682
615.6
615.523
593
599.735
599.429
599.523
600.242
602.307
604.362
601
602.921
609
609.212
586
594.618
594.397
594.907
595.514
596.637
598.308
598.998
599.516
600.046
578
586.865
585.967
586.583
586.751
588.084
589.571
590.626
591.449
591.896
592.399
592.886
593.155
570
580.028
578
579.548
586
570
577.028
577.565
571
574.179
574.625
555
564.334
586
586
585.173
585.736
579
581.413
581.806
582.134
582.407
582.735
583.131
583.447
583.712
664
649.249
642.01
638.663
638.759
637.697
711
703
692.509
656
680
680.122
649
649.49
664
633
637.526
635.675
634.504
633.305
734
714.394
701.933
699.792
750
969
773
755.554
727
725.285
721.853
703
680
680.427
686.233
690.152
688.552
804
797
760.024
813
765
752.639
727
781
775.397
617
625
629.047
625
628.612
625
618
623.385
627.062
630.339
633.785
563
591.386
555
555
556.176
555.333
562
594
609
615.025
619.801
726
719.517
713.852
688
686.225
719
717.015
710.956
641
648.485
641
639.443
633.806
648
644.153
664
695
694.491
687.191
684.283
672
680
677.582
675.069
774
768.614
756.682
749.617
672
648
645.385
639.577
640.365
643.211
695
712.206
716.022
656
661.6
663.35
665.309
1023
887.428
758
726
724.485
703
727
727.812
725.419
718.946
715.847
714.904
711
718
743
742.368
735.952
773
797
788.509
726
735.472
735
733.117
742
737.41
738.657
740.473
704
804
783.991
771.827
762.12
688
695
695.415
694.258
766
773.643
771.095
764.934
687
719
718.161
703
695
680
681.466
684.18
686.79
688.346
689.329
703
705.116
705.908
742
735.265
688
695
703
699.786
750
744.014
737.599
734.442
732.239
672
680.278
649
648
647.076
657
718
726.936
687
680
683.377
735
758
747.836
734.949
750
828
836
814.282
719
718.334
695
766
711
727
725.858
728.975
733.279
733.854
731.631
664
678.888
681.756
684.518
735
679
649
601
610
594
595.998
595.641
597.532
672
684.972
686.729
687.731
689.172
688.889
727
664
679
674.856
656
648
664
657.106
766
740.524
727.043
883
844
797
794.989
734
732.931
687
685.118
682.733
682.441
683.005
684.344
686.855
688.388
688.929
711
703
705.119
704.49
679
683.584
682.689
682.738
743
744.493
741.485
738.789
738.043
735.25
750
744.419
766
761.039
664
685.552
685.289
685.765
773
766.059
754.874
711
710.132
695
695
852
937
797
778.411
695
694.293
766
783.956
797
762.007
735.195
731.982
750.41
773.219
772.33
746.766
723.295
720.563
733.053
735
742
734.491
719.614
716.859
720.984
821
823.074
718
696
700.075
710.338
723.061
723.053
703
695
703.74
703
711
656
672
679.382
711
707.555
694.639
773
750
741.021
733.828
735.292
731.819
724.647
687
688
765
749.215
797
777.151
766.493
759.529
852
839.747
818.872
794.653
719
725.357
938
886.663
841.229
795.883
859
878.868
719
726
703
696
696.396
699.122
706.712
719.632
732.168
738.096
695
702.006
711
710.859
679
774
1062
931.198
865.431
861.185
854.874
742
738.739
739.004
739.955
738.712
738.451
742
745.48
745.015
742.531
805
805.708
742
743.743
745.587
719
721.32
722.89
789
797
787.278
786.564
679
696.951
766
763.308
751.016
735.973
730.682
738.035
774
778.156
763.415
766
703
703
695
702.978
671
674.724
677.107
681.967
685.725
688.994
672
676.623
680
687
685.703
686.28
688.723
696
696.159
750
774
726
728.932
703
719
804
787.577
772.096
761.754
760.253
761.317
755.12
746.744
703
707.472
711.379
717.878
734
766
781
775.88
758
742
734.43
729.247
703
702.771
727
734.293
757
758.898
727
728.663
773
780.062
776.576
763.894
726
711
713.907
719.778
781
727
765
765.41
761.521
753.133
742
750
751.437
703
711.403
712.922
695
698.26
700.354
704.323
705.72
707.885
710.131
712.161
804
782
774.102
773.516
773.198
766.898
759.044
851
830.025
719
758
763.245
756.16
744.54
748.874
754.796
752.076
744.49
745.148
752.663
781
789
758
766.562
776.818
711
750
781
764.137
758.664
761.968
764.518
759.527
859
758
726
733.259
736.69
695
707.068
714.101
797
711
720.294
732.219
735.854
724.71
688
702.424
709.592
758
724.424
718.046
695
707.467
742
734
696
699.521
711.811
721.227
696
692.983
672
680
685.084
641
650.583
654.593
610
621.826
623.936
688
664
672
676.728
681.295
681.072
679.103
852
799.254
774.865
1007
922.444
880.52
873.695
870.575
859
832.624
726
733.523
732.693
734.568
733.656
734.56
740.831
750
735
781
790.789
789.661
836
848.521
781
788.837
781
777.544
771.588
774.482
734
812
792.951
711
728.214
732.913
812
788.941
778.095
779.165
784.985
703
720.612
720.94
844
734
745.89
782
742
743.514
750.933
751.696
742
727
703
672
695
719
718.525
844
820.718
798.7
742
740.466
781
787.377
777.644
760.114
748.114
745.687
688
718
720.515
703
696
694.716
664
674.536
675.052
677.556
679.115
687
690.385
693.445
696.836
719
711
713.098
713.21
774
726
688
692.068
692.004
690.676
742
718
718.517
720.664
720.024
716.364
712.059
709.38
707.746
727
711
711.329
688
695
695.149
711
705.013
704.426
704.224
704.759
657
672
719
719
714.427
664
677.083
681.792
686.216
789
719
713.589
757
766
789
761.208
744.703
743.149
750.848
695
701.355
702.785
680
664
667.598
671.049
673.084
674.139
678.934
684.244
688.371
691.245
774
742
726
729.538
727
672
687
684.783
682.522
680.916
681.828
683.025
683.156
682.658
743
742
733.365
727
742
736.195
731.105
726.964
757
774
762.952
812
797
787.227
719
724.841
723.1
758
752.095
726
742
748.19
753.12
719
721.434
726.364
688
695.842
711
750
741.456
774
836
824.46
810.352
806.319
803.94
664
657
660.729
663.085
618
617
620.57
602
602
604.782
607.897
611.522
602
586
609
608.888
612.185
613.565
614.712
616.45
679
657
657.41
617
623.309
593
595.805
594
592.759
640
657
632
635
790
764.31
836
822.143
803.557
789.07
648
641
640.88
641.129
618
620.627
602
578
580.987
580.692
609
625
625
631.205
578
571
573.215
609
613.147
615.698
614.03
613.885
664
735
733.145
781
777.647
769.894
762.183
789
788.881
782.923
775.477
875
742
742
740.02
773
773
764.09
763.821
765.463
764.518
760.537
760.634
762.83
762.564
761.432
760.537
760.785
759.973
664
695
696
698.719
812
806.142
798.551
794.996
750
748.617
739.537
732.89
729.313
728.59
729.104
729.942
719
719.438
718.749
782
780.605
771.6
762.703
759.661
760.873
758.938
641
648
672
742
813
828
813.085
798.749
797
734
750
748.11
742.565
844
734
737.899
781
785.397
765
761.179
734
696
698.467
719
734
727
728.431
733.74
843
805
742
727
734.22
743.716
740.697
680
688.714
699.562
641
650.148
653.645
655.886
641
664
668.821
672.812
633
646.386
625
630.494
629.181
602
609.564
609.848
609.402
617
672
673.051
796
784.399
771.819
743
730.659
717.885
742
740.065
688
680
633
635.658
633
632.052
632.122
634.335
617
621.894
623.67
602
606.97
607.299
608.252
609.412
641
625
628.855
594
602.343
586
588.959
587.904
587.982
588.096
696
683.523
676.832
674.756
675.707
673.629
704
695
688.304
683.424
688
684.275
679.434
674.37
669.852
668.242
665.849
663.297
695
672
672
664
666.598
666.975
667.268
668.123
703
705.141
706.2
705.218
680
683.456
656
658.748
656.982
657.201
657.862
659.05
662.189
663.614
742
742
733.155
726.103
711
706.157
700.055
696
692.419
690.784
726
726.543
722.363
717.302
714.233
687
688.285
684.481
719
718
680
689.317
692.524
656
625
629.645
630.698
632.269
765
747.814
735.165
733.998
843
774
757.262
749.799
868
832.01
800.197
783.28
718
758
758.555
748.834
732.584
729.612
738.359
859
821.141
785.886
761.431
719
733.464
745.731
753.177
741.375
729.673
695
703.206
672
679.026
678.352
703
703
688
687.789
679
680.734
681.316
682.013
735
740.039
740.247
740.457
741.219
739.081
734.242
586
636.838
639.358
646.467
647.682
650.985
539
598.942
601.505
606.897
586
578
585.716
828
728.815
789
774.58
755.343
648
653.267
649.969
647.892
646.935
609
616.595
615.84
641
633
632.42
631.498
727
742
724.462
721.442
722.626
724.948
718.607
710.527
703
701.015
699.085
695.905
690.82
633
643.472
639.187
637.371
688
689.032
692.616
696.739
701.673
704.993
703
688
664
641
648
656
649
672
673.278
781
775.385
761.884
765
759.935
750.614
813
806.676
782
773
813
810.084
836
816.036
805.155
804.087
808.105
802.559
792.019
695
712.195
664
672
711
723.571
735.503
745.276
753.156
758.74
760.398
760.617
759.872
680
689.958
703
750
748.553
739.891
766
770.654
726
730.275
727.406
672
682.356
641
647.876
649
649.297
812
777.897
1063
922
899.697
893.357
719
717.572
714.41
713.369
750
753.813
688
680
680.96
633
609
608.377
632
635.167
743
726
733.934
738.875
656
662.912
617
586
563
561.638
563
562.178
561.444
560.302
560.126
797
773
750.573
743.941
735.123
656
657
656
651.034
647.495
643.975
638.821
734
732.816
719
703
711
708.51
700.097
689.488
689.08
711
711
704.765
699.745
718
720.804
891
839.591
797
783.142
734
725.62
782
1039
953
879.253
890
1071
1062
981.319
805
859
937
969
836
867
805
817.052
830.045
812
852
853.54
852.268
836
836.385
841.207
734
711
713.613
713.142
715.215
720.579
728.978
737.589
745.271
750.921
755.769
759.938
763.195
764.946
767.377
769.236
770.241
768.634
742
742
739.255
736.649
703
708.85
703
704.651
704.564
656
667.276
667.916
670.384
648
653.465
656.584
659.794
661.307
663.341
666.912
670.307
673.23
675.111
676.983
649
655.984
654.643
655.104
653.738
653.948
654.765
655.555
655.868
655.993
656.215
656.516
656.817
649
687
681.363
679.887
679.62
664
672
703
696.77
656
664.01
640
645.215
609
610
611.415
613.381
616.497
619.973
623.767
586
601
600.26
601.777
602.039
603.425
664
680
656
657.589
687
672
666.662
663.181
661.883
659.257
655.906
618
586
592.268
589.97
589.858
590.064
570
575.663
578.18
586
601
610
614.997
620.114
623.849
626.044
625.869
625.124
624.014
623.28
622.075
601
586
587.196
586.19
563
562
563
562
563.415
565.117
570
571
573.766
576.306
586
562
569.654
562
571
569.041
569.604
570.387
571.219
586
582.551
582.209
586
586
585.746
585.549
585.438
585.375
609
602.565
602.128
602.831
603.097
604.113
603.652
603.418
593
593.102
592.483
562
574.251
572.803
573.663
574.751
575.903
508
500
514.128
477
484
487.88
484
477
480.93
481.972
477
480.507
481.098
500
494.416
497.086
499.339
501.105
502.447
504.04
504.561
505.245
505.994
506.989
523
516.584
515
517.204
518.529
518.334
517.99
518.425
519.102
518.959
519.223
519.615
519.965
531
531
532
531.653
532.619
523
523.439
524.541
524.3
524.06
523.82
524
523.76
516
517.733
518.864
539
532.393
532.287
532.399
533.484
534.457
535.206
535.768
515
508
514.5
500
508
507.321
484
492
494.834
494.581
495.196
495.988
498.371
499.057
500.612
477
488.064
490.05
489.536
490.146
476
483.337
483.936
469
475.338
475.721
476.069
469
472.967
473.606
473.96
461
467.681
446
437
446.211
445.052
444.967
445.308
445.883
446.291
447.499
447.987
448.285
449.253
414
431.705
414
406
422
407
409.922
410.946
409.236
409.334
422
416.571
437
430.839
431.682
438
438
437.271
445
445
446
453
448.141
447.766
468
485
492
485.539
485.994
524
547
531
547
500
510.298
500
499.717
498.352
508
502.476
501.814
501.039
571
556.608
552.766
579
576.842
577.918
562
570
567.175
578
572.356
572.304
571.121
735
682.988
664.469
659.024
656
653.541
648.853
703
697.617
687.637
680.864
678.929
718
714.195
702.407
1008
889.964
830.862
750
1078
939.517
789
786.682
806.761
813.225
788.973
771.313
946
929.576
843.766
819.737
765
777.071
780.643
782
773
703
719
750
768.169
765.297
695
680
689.424
679
685.467
684.167
867
842.79
813.088
914
911.073
789
796.197
1047
927.545
865.874
1101
1001.2
912.915
773
783.077
796.392
781
1165
1014.24
929.602
930.332
941.893
937.205
727
687
689.292
656
655.373
953
902.33
805
726
703
702.515
688
758
1031
789
759.643
796
844
843.542
802.069
984
972.983
885.728
842.556
864.122
867.42
839.64
818.657
839.789
860.584
835.619
807.109
625
668.062
678.88
707.762
649
654.856
667.968
687
696.789
702.928
714.874
730.862
741.005
741.465
741.412
688
773
773
759.413
737.16
737.236
672
681.486
677.96
672
667.982
641
672
668.644
640
646.817
649
648.311
647.474
647.256
648.534
641
601
616.161
594
597.561
596.716
596.65
597.561
599.247
601.003
640
643.429
647.838
649.872
652.134
652.765
651.441
617
623.636
620.944
619.189
664
659.035
655.891
688
687.78
683.01
719
774
763.239
773
770.261
765.994
760.034
753.881
633
657.437
696
696.853
692.331
680
684.286
690.289
694.959
693.777
691.083
691.508
694.992
657
663.686
664.658
666.151
656
648
652.672
633
637.2
637.79
639.754
578
602
601.46
609
617
618.237
621.345
624.827
628.122
625
627.226
688
664
687
684.111
750
738.486
728.081
680
656
617
613.392
608.027
679
684.26
703
688
683.329
675.632
668.314
633
634.251
641
625
625
640
633
641
640.443
656
664
696
694.252
694.185
694.913
679
678.982
675.999
672.627
669.695
668.081
667.035
704
695
693.959
656
661.884
659.388
625
631.964
631.776
617
620.147
617
619.582
617
617
619.536
621.94
625
626.587
640
640.851
643.098
645.291
632
635.681
634.154
601
610.84
608.771
608.511
608.728
602
604.368
605.596
606.816
607.833
586
578
582.09
582.082
583.064
584.938
586.997
589.487
591.604
594
649
632
631.198
630.186
629.726
625
622.981
617
616.361
602
602.727
601
599.445
598.458
597.974
597.478
596.915
617
611.179
612.82
615.499
617.273
618.556
619.446
620.261
586
599.698
618
613.787
611.705
611.321
611.862
625
622.142
620.903
620.163
619.953
620.265
619.985
625
623.346
610
617
617
633
627.243
627.07
627.268
610
612.92
613.052
613.695
578
593.396
578
582.004
593
590.975
593.489
656
651.324
625
657
609
625
609
611.386
649
601
613.346
613.171
579
585
584.463
583.958
584.877
585.789
587.909
590.112
591.476
592.749
578
583.491
583.914
584.689
584.461
584.71
547
555
557.053
555.867
547
563
554
579
575.46
576.49
578
579.055
579.79
579.883
609
602
600.628
594
594.39
594.093
593.229
592.795
592.664
554
568.055
566.814
539
549.818
549.162
546
548.416
549.746
551.623
539
544.686
546.545
547.79
570
563
565.385
563
565.349
565.966
555
557.673
558.131
557.905
531
531
533.811
531
532.155
533.147
534.246
524
515
524
523.323
539
532
546
544.143
555
562
547
550.601
551.092
550.528
549.9
547
547.114
546.965
546.725
531
534.369
531
531.09
531
532.033
532.922
546
540
541.704
543.592
539
541.178
547
546.451
539
541.102
539
539
540.089
539
539.885
539.645
539.405
539.164
538.924
547
571
562
561.941
561.858
578
572.654
572.406
571.918
563
570
567.567
570
568.983
554
555.898
555.658
555
554.479
554.238
554.256
555
562
555
556.463
558.581
571
570
586
582.904
582.941
582.85
602
648
644.929
633
640
641.802
641
638.388
635.988
635.094
680
664
659.646
659.283
660.467
659.915
656.449
654.226
641
641.49
640.396
664
661.699
664
672
641
632
641
633
635.054
635.512
637.721
640
641.507
618
617
618.487
618.964
657
656.505
655.252
656.372
625
632.125
601
606.804
604.692
617
616.696
618.284
664
666.588
985
856.383
811.603
782
695
679.912
670.344
719
718
813
1000
844
710
688
688.845
698.882
657
655.359
654.9
658.407
662.321
750
767.338
755.308
672
742
748.648
734
712.1
708.973
712.59
718.724
714.484
706.641
765
711
713.214
680
690.103
781
750.248
732.122
722.922
733.148
703
727
719
672
687.51
686.49
686.269
682.812
859
797
770.801
719
703
701.166
781
719
720.161
724.167
985
873.222
804.18
788.172
791.805
793.743
773.876
828
726
740.487
743.974
757
711
716.101
750
751.979
750
742
711
718
720.073
679
686.619
687.513
688.573
750
742.263
875
859.119
742
750.238
749.513
744.606
727
727.09
731.605
703
758
753.863
687
702.75
648
658.593
640
641.404
641.652
649
651.645
655.731
660.94
665.543
669.309
672.643
687
695
696.029
697.192
633
633
617
617
609
633
617
621.33
625
601
610
609.044
602
604.018
578
586.537
570
571
562
564.325
578
578
579.5
581.041
609
610.41
612.292
613.985
615.787
610
610.902
609.952
609.546
608.742
594
595.173
562
578
547
555.39
547
550.23
531
532
539
578
609
612.48
614.634
616.221
616.75
615.809
612.995
610
606.745
603.314
600.524
563
572.161
568.266
566.548
554
554.64
554.4
547
550.342
562
578
581.529
586
601
603.201
605.147
579
601
596.012
595.037
593.015
554
567.689
566.367
554
555
555.428
556.134
557.06
547
539
544.823
545.632
546.555
547.534
549.235
550.555
539
544.541
545.928
546.806
531
523
529.385
515
520.675
521.398
515
516
517.325
518.351
519.382
520.483
516
519.799
520.882
521.879
531
539
547
545.643
563
547
549.403
547
555
551.996
551.824
551.694
551.507
551.303
532
515
522.284
522.781
539
533.488
562
563
564.531
570
569.487
555
557.655
531
539.209
523
516
520.127
508
500
504.678
505.626
506.472
476
492.277
492.299
469
453
465.818
453
456.516
460
457.639
459.426
461
437
447.407
454
449.585
450.412
450.782
451.523
452.254
452.713
452.929
453.557
477
492
485.816
485.831
469
476
485
480.469
485
482.418
482.242
500
492.434
492.039
492
491.781
491.541
491.3
492
500
492
493.077
500
492
492
491.882
491.642
492
492
491.76
491.519
492.788
493.662
494.442
495.141
495.766
496.351
508
503.906
504.599
508
507.491
508
515
511.372
511.234
531
571
564.409
562.545
564.746
567.451
570
569.516
569.7
570
578
574.991
632
649
664
661.667
662.158
758
750.583
741.45
737.142
617
640
641
636.133
719
687
675.717
671.033
672.077
672.318
668.47
663.309
659.891
658.738
657.372
656.517
657
657.016
657.123
601
623.14
586
594.661
591.765
664
656
633
637.462
633
640
680
677.513
671.426
668.068
666.295
727
719.186
707.269
648
641
609
602
599.441
599.423
617
602
633
638.795
914
774
741.567
737.146
695
703
693.496
672
667.071
664.728
663.647
662.577
660.755
680
678.805
641
651.567
650.796
680
672
664
666.786
664
666.318
665.176
664.559
664.938
579
617.891
615.506
578
602
597.45
596.918
641
634.213
637.121
671
672.158
670.996
672.747
602
593
602
599.148
599.502
789
728.818
766
703
694.866
641
637.46
633.391
586
578
578
571
586
585.541
633
634.04
633
633.102
632.776
649
664
664.758
665.704
665.706
665.395
633
636.411
631.766
628.111
625.459
623.204
622.597
622.056
623.395
624.891
562
578
578.167
577.4
602
600.899
602
605.091
608.031
610.678
610.605
633
629.326
628.829
627.496
626.734
625.619
601
610
607.271
605.886
657
649.653
703
702.672
698.763
695.682
691.933
686.514
633
625
621.354
625
623.454
622.778
622.235
623.378
622.855
594
602.45
598.975
600.139
599.752
601.288
603.317
605.389
607.164
594
598.531
578
539
562.094
559.597
578
574.212
625
627.442
602
617
648
648.647
643.268
639.884
625
664
656.109
650.017
645.137
644.347
643.338
641.476
637.676
636.214
635.072
634.622
594
586
587.066
593
602
603.738
609
611.721
617
594
625
620.378
680
676.732
670.837
703
700.592
671
657
654.589
649.841
645.399
642.254
570
617
657
652.742
664
658.73
711
710.162
700.325
693.219
727
723.401
687
690.154
693.116
688.244
680.944
677.223
678.928
675.827
674.638
673.354
570
620.447
601
607.701
609
609.062
601
606.047
607.717
594
599.428
599.327
599.935
672
727
719.485
715.371
679
674.808
719
727
687
664
657
656.728
654.567
640
625
625.967
626.933
750
735.737
797
797
782.964
711
656
641
639.344
638.605
594
570
572.895
547
551.39
523
529.255
528.656
527.974
526.712
526.646
609
594
625
629.359
635.17
638.214
742
731.325
721.297
715.635
714.438
890
854.488
1125
1070
1009.58
991.354
664
617
617.007
620.768
625.504
679
625
627.399
648
657.572
663.076
665.377
851
836.586
829.285
828.868
831.326
773
711
710.49
708.094
742
741.157
738.688
741.293
718
715.312
706.622
812
743
730.35
664
667.051
666.752
668.319
602
616.334
616.985
656
656
625
632.016
639.039
696
690.999
656
656.616
656
660.811
657.82
654.272
617
648
648.527
649.621
643.897
640.218
641.126
766
741.479
719
750
751.549
765
789
727
731.38
719
715.174
708.218
680
683.162
679.77
681.239
679.712
680.262
682.434
602
628.205
657
648
650.163
652.247
656.23
610
623.254
622.776
622.322
621.707
621.808
618
620.276
649
644.585
645.269
797
734
719
717.368
710
702.906
694.094
688.104
625
640.714
634.83
632
629.788
628.949
629.554
630.639
631.393
610
617
614.44
615.522
617
618.242
620.308
734
734
680
683.057
687
672
649
647.438
602
617
611.699
618
625
623.62
617
633
631.627
633.189
631.331
632.414
634.018
602
609
608.287
586
590.774
591.331
592.243
593.214
711
689.489
681.359
680.197
656
654.087
647.309
656
650.739
647.481
664
648
649
644.885
586
609.581
605.977
605.574
578
591.591
590.324
578
581.503
582.257
583.536
584.931
586.786
588.753
633
625
626.822
628.966
630.75
630.807
628.42
609
611.611
610.099
608.507
606.98
563
562
563.711
563.188
601
598.628
600.658
600.815
594
594
594.182
594.065
593.776
593.616
593.623
593.945
586
587.852
587.913
680
664.324
687
703
688
687
682.965
678.493
672.678
667.549
586
609.268
586
579
585
581.431
583.582
585.577
588.263
625
633
625
630.834
635.324
638.494
618
640
635.875
633.77
664
656.861
680
675.414
674.149
641
645.233
649
644.601
711
703.882
781
774
734
688
656
648
642.199
727
740.243
727
742
844
842.791
735
734.663
740.029
741.792
703
703.263
712.453
719.449
712.656
707.119
713.608
720.071
726
758
749.63
741.624
739.23
727
710
696
687
687.132
679
680
682.398
750
758.606
757.828
756.026
753.825
748.162
741.408
734.831
731.552
728.874
688
648
649.991
648.395
651.974
656.65
711
724.511
728.654
731.554
828
774
750
748.859
656
663.352
661.552
659.698
704
714.235
714.909
713.99
712.49
906
863.17
828.997
807.317
711
742
742.778
703
696
718
725.225
725.656
717.994
716.501
719.433
711
688
687.918
703
680
680
703
656
667.979
670.228
867
799.063
775.39
750
741.363
730.611
718.555
719
742
734
726.253
703
688
686.209
685.664
686.398
804
797.656
775.979
771.781
641
651.026
632
750
771.661
763.658
743.948
730.347
734
719
711.491
703.111
828
830.751
742
738.53
740.935
695
696.01
844
1086
914
862.567
719
716.261
716.887
721.11
721.332
711
710.625
714.367
805
814.44
787.194
781
777.141
779.175
735
729.284
727.34
656
688
719
757
755.292
749.297
747.222
746.505
742.794
735.928
773
778.001
778.068
735
789
820
815.566
797.204
750
759.844
767.372
758
710
717.614
758
767.772
750
736.549
745.208
757.48
760.975
711
715.894
680
703
708
711.247
709.097
707.773
750
735
732.759
727.873
773
813
882
862.908
766
742
672
664
672
1054
916.243
844
820
696
691.594
691.224
695.3
697.664
697.206
695.877
695.655
696.177
789
799.906
783.633
750
744.528
703
672
671.035
695
706.544
715.373
717.478
898
852
727
734
750
758.114
745.611
728.923
728.742
736.368
741.801
781
883
859
829.042
812.797
750
748.762
796
797.018
786.226
704
707.941
716.176
719
723.596
719.199
820
831.921
814.31
791.464
726
728.74
734.521
740.613
656
667.396
673.83
681.923
685.194
686.622
813
734
680
672
676.92
688
686.861
789
786.473
1101
972.329
782
757
743
742.434
741.625
740.324
739.342
758
760.757
759.958
756.601
758
755.215
751.51
747.406
743.308
742
739.828
739.435
739.357
703
703
703.68
706.32
708.668
758
764.652
773
776.781
779.209
776.549
771.744
696
703.446
701.132
672
675.122
675.32
743
749.087
812
813.352
801.349
792.595
820
812.227
802.015
792.429
786.572
781.341
789
781.864
776.297
687
766
757.803
711
719.483
703
688
687
686.623
687.46
805
781
776.8
778.015
766
773
762.06
754.558
750.907
747.245
657
676.409
675.222
677.382
703
708.019
713.112
711
712.839
875
828
809.56
797.612
791.085
780.246
688
691.45
691.691
694.931
828
822.802
922
917.157
887.282
866.466
849.309
827.853
688
695
697.944
705.939
714.395
723.846
737.361
749.307
757.732
921
829
757
757.122
761.775
765.345
763.702
758.406
757.719
762.057
762.739
742
737.914
738.708
741.861
672
684.228
686.109
727
724.423
688
671
672
688
694.334
695.664
694.058
696.535
701.692
706.43
711
726
721.387
715.997
714.141
711.816
718
714.091
750
758
734
735.219
711
680
680.994
678.616
679.945
727
732.912
734.918
789
750
726
711
680
688
687.137
789
787.328
774.306
764.37
704
705.709
701.677
697.471
696.061
695.776
696.187
696.617
696.531
696.57
734
739.184
734.68
727.505
721.452
734
733.232
731.394
728.584
742
719
721.379
718.872
717.888
716.435
716.227
716.238
716.289
805
794.867
785.812
780.709
777.31
781
773.305
766.55
761.69
742
742.721
891
862.788
805
844
828
814.781
782
781.702
758
759.614
756.329
756.768
836
837.227
821.555
818.783
851
840.498
823.449
781
789.562
792.499
789.58
781.8
780.826
786.258
649
687.855
691.626
699.151
813
819.462
813.236
664
656
657.858
658.969
665.233
670.548
675.977
681.868
687.45
820
820.206
781
765.17
789
794.771
782.11
762.28
766
769.071
771.179
758
765
766.625
766
820
883
857.262
833.802
750
726
726.996
728.98
737.585
688
703
709.967
720.66
804
828
805
792.123
797
789
727
742
703
705.422
704.398
883
835
774
734
734.972
679
664
662.951
695
718.695
732.414
726
726.333
687
680
678.351
677.778
664
649
649.207
648.98
650.035
651.595
653.727
664
667.521
669.703
670.287
719
695
697.71
695
696.524
693.105
689.468
703
703
699.515
703
701.748
672
695
719
804
786.028
727
757
756.323
750
740.326
781
781
774
762.821
758.54
757.824
664
685.902
686.277
679
742
739.059
738.382
743.277
747.291
774
767.027
711
734
742
742
704
714.826
720.819
724.757
715.539
812
791.985
789
777.072
734
740.073
704
709.701
758
754.295
789
783.42
726
750
781
779.018
766.838
751.236
743.452
745.954
672
683.332
683.128
695
695
711
715.438
672
684.331
680
682.193
681.637
703
711
714.274
716.236
797
790.762
835
825.607
750
703
695
664
663.678
726
711
797
809.625
742
750
748.62
742.446
703
703
702.979
703.68
702.814
702.499
664
679
688
689.282
704
697.745
698.657
701.246
633
650.414
649.949
617
649
644.558
647.282
649.185
652.036
654.815
688
683.356
683.173
688
695
691.299
672
676.061
674.571
649
652.656
651.849
657
655.656
773
754.749
741.952
736.762
688
690.031
648
649.014
646.969
648.305
650.092
652.101
655.307
657.781
695
697.472
695.349
703
704
671
680
677.641
734
724.765
716.821
712.885
712.533
709.957
705.46
703
699.589
698.496
697.288
766
797
788.238
775.468
767.417
760.718
711
687
683.181
656
657.672
659.01
743
763.425
688
695.423
680
703
706.324
758
718
719.148
718.531
789
784.543
767.624
828
824.296
806.748
791.716
787.545
758
754.591
749.587
758
752.625
883
883
859.308
765
772.425
772.556
758
758
755.749
760.007
773
735
737.629
758
765.461
750
747.444
749.736
805
796.536
805
796.479
773
766
789
1000
851
829
821.714
829.487
789
797
794.429
851
849.409
825.784
726
740.734
756.401
781.064
734
733.023
746.986
763.328
735
742
750.371
1055
914
835.061
830.365
841.587
840.923
718
728.93
773
883
1110
968.326
896.103
742
738.404
695
691.78
648
657
656.887
758
797.032
1055
906
847.999
839.75
833.795
812
792.382
776.334
821
826.007
821.844
801.526
797
796.54
795.049
780.668
805
801.252
820
809.867
808.659
828
833.434
833.313
825.878
718
743
744.722
687
692.27
692.656
695.689
946
870.94
813
813.252
812.408
656
667.743
656
655.723
719
742.997
742.545
742.542
742.121
704
679
677.201
703
766
774
727
727.289
727.735
732.895
732.487
724.496
727
734
719
703
700.942
680
672
672.361
711
714.207
715.294
844
841.487
828.294
823.349
819.069
680
691.757
692.522
649
654.52
656.724
660.815
945
844
810.1
734
730.272
725.669
721.258
641
641
640.333
639.875
640.333
640.635
640.756
641.187
641.983
641.863
641.262
710
672
677.087
680.723
683.935
684.913
683.658
682.821
883
812.445
787.545
779.809
774.765
742
730.192
722.202
718.492
657
667.706
665.541
718
727
781
783.026
774.032
773
760.233
804
809.16
804.624
794.166
719
723.197
727
729.407
727.964
723.159
720.704
721.896
726.021
687
688
719
724.458
726.88
725.74
728.753
734
711
688
671
664
665
667.585
671.154
797
773
820
818.897
750
719
713.108
706.841
664
667.667
711
766
764.962
750.826
745.856
742.829
739.187
730.174
720.757
713.093
790
798.035
797
779.339
742
711
750
757.932
906
836
800.882
781.745
775.252
785.194
796.204
734
728.523
729.394
737.116
746.8
680
687.817
695.304
705.557
705.94
750
781
774
734
680
683.257
686.128
691.07
693.001
750
761.7
754.861
746.494
789
794.301
784.716
656
672.212
676.685
742
773
750
735.711
733.969
743.403
750.939
726
715.567
742
766
773
766
719
720.631
731.416
711
718
735
730.357
773
775.964
703
657
661.123
656
659.727
663.126
671
688
750
758.94
875
804
742
696
692.417
703
703
704.679
1023
910.173
849.537
836.29
680
677.181
676.012
676.668
735
765
759.104
680
679.657
703
719.789
789
786.826
726
709.734
708.362
715.366
725.968
727.214
719
703.548
695.973
789
800.758
766
744.413
743
752.514
687
691.635
664
695
711
714.338
710.239
712.109
716.856
718
715.338
703
700.987
664
669.927
680
718
717.362
711.947
711.021
710.616
710.651
711
711
718
715.832
714.405
712.501
656
669.371
668.433
670.108
664
665.383
667.186
703
706.575
726
696
700.441
699.632
782
774.161
760.297
747.744
758
762.593
757.177
748.177
740.25
737.984
711
713.86
719
742
711
711
714.138
765
760.816
750
719
724.7
758
761.749
753.878
740.986
737.719
745.024
766
759.757
747.498
737.611
742.614
749.955
753.572
746.482
736.342
737.917
813
812.428
742
735
744.538
753.471
679
693.942
734
739.662
726.98
722.676
828
875
961
797
765
773.989
758
751.568
711
715.223
724.464
737.508
688
692.766
701.542
711.279
789
778.304
680
664
669.295
677.523
664
688
656
660.533
664.716
669.42
671.271
670.498
670.532
672.508
766
757.448
743.415
750
752.281
749.93
742
737.278
758
753.31
727
695
696.816
694.626
692.545
640
617
620.97
622.646
628.027
609
613.893
618.088
623.209
570
588.853
592.229
592.88
592.923
539
566.099
565.925
564.496
562.17
562.192
563.223
563.101
563.593
563.962
564.907
578
578
579.035
581.338
656
704
695
689.996
688.595
656
652.309
644.821
638.521
633.58
629.221
640
633
641
625
625.512
623.228
622.002
619.672
619.347
585
579
580.617
579.578
580.19
578
579.909
586
585
587.641
589.908
592.263
594.597
596.906
598.218
599.654
664
659.47
656.37
655.345
658.319
657.781
654.98
672
711
704.665
698.851
697.301
697.644
696.268
664
641
640.809
617
625
622.887
626.377
648
652.913
657.215
649
651.871
652.127
651.993
672
671.92
671.784
671.186
680
726
723.807
718.205
713.86
714.411
713.284
708.988
704.577
625
664
659.043
659.888
774
804
867
829
810.384
792.681
789
775.319
763.311
753.144
745.842
797
801.934
719
726.79
733.702
735
728.488
719
722.653
729.788
742
740.562
740.731
745.111
749.914
734
734.095
736.522
781
771.048
763.22
763.594
764.556
762.549
758.076
754.105
752.734
751.547
750.334
749.005
843
832.275
820.21
811.291
807.769
801.474
793.76
786.842
782.917
780.061
777.214
773.919
770.899
769.236
734
711
712.619
695
697.706
701.045
672
680.911
682.266
648
658.018
658.135
659.818
695
702.114
707.566
712.245
716.397
664
641
643.129
664
662.414
688
691.011
693.539
693.616
691.733
689.214
684.469
679.773
695
694.435
734
734.292
728.164
722.123
750
711
714.219
765
751.264
711
717.322
719.626
716.365
711.112
710.681
712.27
712.236
710.662
601
645.625
586
578
580.838
571
574.018
578
578
581.977
585.781
589.899
610
617
622.557
727
679
682.924
684.207
664
664.883
659.031
655.58
652.079
648.906
719
708.396
699.365
742
737.767
726
720.829
716.771
710.589
711
706.68
704.353
702.416
632
654.189
610
618.495
601
602
599.474
586
589.899
579
582.477
582.29
582.9
672
852
807.486
742
737.198
719.961
711
696.546
683.633
673.37
648
641.42
711
728.871
711
696.708
640
644.606
641
642.153
664
673.314
679
680.946
682.413
683.053
681.569
656
657
655.209
618
624.944
602
617
614.744
680
680.597
656
659.946
661.14
703
656
661.29
661.283
660.184
734
715.387
704.059
699.05
781
797
773.243
755.484
753.202
696
672
668.357
663.635
665.5
641
644.806
647.801
652.001
654.98
633
656
659.049
633
639.89
641.716
642.946
643.629
644.392
646.625
648.027
742
726.913
711
710.619
735
730.864
721.176
714.796
797
785.439
852
832.89
742
711
709.535
710.776
712.444
709.444
706.195
710.366
716.638
721.675
750
703
707.326
708.803
709.623
708.945
708.445
618
642.635
644.383
601
613.735
613.923
615.044
617.053
620.099
624.202
627.995
631.258
680
718
715.586
715.476
688
689.13
683.469
679.475
674.459
696
687
696
703
687
656
680
703
705.471
698.975
693.299
812
803.536
787.018
772.117
771.676
680
672
672
669.03
671.178
673.692
594
623.129
623.84
586
599.038
602
617
617.85
633
648
655.039
660.368
679
680.314
680.358
625
636.281
633.479
630.709
627.655
648
644.404
633
634.041
633.556
632.986
631.542
630.652
631.028
631.611
632.628
656
654.317
654.532
641
664
664
662.315
703
699.012
695.051
656
656
652.251
649.114
640
649
687
688.707
684.098
681.295
687
680
677.433
673.54
672
695
693.079
656
641
656
656.3
633
636.672
672
664
661.539
695
789
805
742
739.375
745.656
695
692.165
692.351
689.513
685.604
683.444
685.165
685.855
734
730.516
722.806
718.85
765
711
715.817
719
687
695
694.101
719
711
711.527
672
682.27
680
671
641
640
657
656.047
657.387
659.44
633
656
656.589
742
711
701.481
765
765.975
753.915
742.559
737.378
733.275
726
718.792
688
726
922
848.148
807.355
794.053
793.282
773
758.408
703
701.856
702.572
709.924
716.017
718.115
719.764
625
656
660.86
656
655.784
640
642.814
644.619
647.528
649.186
650.472
652.729
655.927
680
679.309
680.419
681.96
683.876
683.905
682.531
680.934
680.507
679.699
679.603
711
711
688
703
702.761
701.137
656
641
625
626.071
609
594
586
588.565
590.499
555
566.836
568.854
570.552
572.591
574.547
577.246
579.896
617
620.742
641
643.073
645.185
645.471
644.099
688
683.159
640
641
638.591
635.502
758
722.786
705.812
695
734
742
672
664
641
609
610
608.241
608.399
609.454
611.256
579
588.376
578
625
623.224
718
718.357
712.529
781
719
719.289
709.826
617
627.889
633
626.052
625.814
625.673
628.329
630.295
631.665
641
617
624.23
610
614.004
613.013
612.569
563
585.336
584.859
584.178
583.426
586
587.368
588.777
672
663.493
660.478
661.077
663.497
687
656
658.011
654.849
651.958
648.28
644.338
672
664.354
661.288
828
777.667
752.942
746.077
688
688.829
672
664.545
679
681.14
682.399
681.657
681.941
664
664.02
660.246
648
664
663.166
665.103
667.498
672
688
689.332
679
681.15
681.083
680.885
679.629
679.017
664
664
664.107
672
671.707
671.944
671.721
718
680
656
661.265
661.91
662.444
661.448
663.109
665.746
695
688
672
674.839
648
653.84
653.129
640
649
650.243
671
670.034
670.28
670.54
670.889
734
726.407
907
781
734
711
703
699.028
697.783
697.301
703
1040
726
723.621
726.206
729.208
703
672
679.102
735
735.697
719.635
718.035
734.148
739.291
725.598
648
641
657.856
672
671.258
668.412
789
805
783.143
937
750
758
761.688
755.824
687
700.468
705.786
726
721.408
789
727
728.636
731.33
727.785
735
731.156
750
750
747.053
747.173
745.366
744.202
703
750
737.575
732.734
743
789
774.811
770.082
735
742
739.581
687
719
714.946
750
737.725
703
717.378
721.891
724.522
717.603
656
675.361
625
617
617.223
617
649
653.576
664
696
701.887
704.229
727
727.957
728.221
797
787.19
781.399
778.43
772.81
696
701.539
695.582
688.731
671
672.691
664
679
664
669.663
696
701.258
704.952
708.548
703
711
712.047
711.095
708.835
709.118
708.078
707.002
704.965
703.306
633
651.023
610
617
614.674
614.956
616.652
619.519
623.349
627.181
631.095
634.834
638.289
641.379
643.95
586
606.26
604.372
578
531
558.842
539
542.793
531
535.078
535.564
535.736
536.933
586
594
596.861
594
598.546
600.55
601.364
598.926
597.812
578
581.28
601
594.772
592.493
640
633.66
633
632.157
625
626.224
623.849
622.154
602
609
606.838
606.595
625
617
617.287
618
618.047
633
609
609
611.151
611.772
612.148
695
703
695.857
726
725.301
664
670.45
640
639.848
634.859
632.016
630.715
630.411
631.169
632.218
633.723
727
713.29
704.644
702.276
703.542
656
662.161
633
648
643.115
687
684.436
695
691.547
726
720.9
679
688
683.251
679.34
677.044
675.505
675.18
674.115
674.129
633
641
638.414
664
660.496
661.671
648
651.959
653.457
648
648.823
648.458
610
609
609
618
618.999
620.733
680
684.447
664
666.122
696
656
648
649.33
648.6
656
652.027
726
716.036
705.887
703.682
742
732.436
720.798
715.753
719.435
716.013
586
578
588.37
555
562
563
565.592
569.003
602
612.334
623.963
633.123
632
638.5
642.213
649
649.835
632
633.803
632.6
641
637.444
641
656
649
672
667.475
666.684
688
672
672.214
670.518
625
625
617
615.923
614.844
615.56
593
599.733
599.817
578
571
570
570
571.112
555
570
578
602
609
602
594
597.453
598.345
625
622.623
620.249
617
633
630.419
609
609.832
608.923
608.28
648
641.464
625
626.251
641
609
625
625
624.272
623.908
625
625.206
625.04
624.751
625.058
625
610
617
616.293
616.375
617.609
618.824
632
629.757
704
698.027
672
673.528
625
625
619.409
614.765
614.396
614.815
616.539
719
710.638
711
701.28
694.383
680
679
696
711
708.511
687
683.792
681.649
664
661.17
648
672
671.303
671.119
710
716.868
727
723.904
721.662
773
770.204
761.355
755.242
753.359
748.761
743.347
737.791
733.894
750
727
680
672
695
812
758
749.12
751.028
758.002
805
796.675
779.1
767.271
767.419
774.039
687
727
728.028
797
771.202
753.719
773
776.674
775.375
764.235
756.237
758.066
760.598
867
844
821.951
727
695
698.515
727
742
734
742
750.782
852
856.093
833.996
688
664
668.018
680.363
727
750
820
820.853
805
787.028
767.479
719
713.507
712.948
714.001
687
687.176
789
806.24
793.929
780.547
773.188
781
777.257
703
707.529
709.97
714.666
714.106
710.502
714.344
789
805
786.309
766
761.007
766.545
696
703
704.72
672
676.956
679.199
859
811.344
786.985
782.46
780.599
797
750
745.926
671
665
679
681.494
686.462
688.615
836
734
695
699.241
704.573
836
813
820
809.137
802.659
791.648
703
704.976
705.777
707.525
708.792
709.166
710.071
711.511
992
907
854.508
742
727
724.633
724.477
725.169
688
687.788
690.638
820
742
766
976
1078
774
726
743
742
741.571
742
752.931
813
811.044
773.655
770.617
781.037
907
847.507
797
793.516
803.842
806.421
794.831
742
750.246
789
802.9
784.634
727
719
742
771.071
770.073
743.881
680
693.29
742
789
852
804.07
763.533
748.118
757
779.885
790.014
778.636
648
664
703
740.815
748.884
727.422
765
782.667
785.157
750
726
727
740.802
922
781
758
762.152
812
814.774
1062
930.032
854.03
703
735
765
778.182
969
870
804.757
792.752
640
640.069
639.106
644.12
651.952
655.294
655.363
656.969
734
770.758
679
682.749
688.085
692.697
691.4
689.324
797
719
703
711.841
716.418
708.329
701.039
711
750
789
773
782
773
770.244
704
710.685
710.282
708.559
648
672
696
781
774.217
761.517
755.427
752.369
664
687
686.119
685.195
683.695
688
690.123
648
659.622
679
681.772
681.48
678.056
719
722.568
688
648
656.178
656
655.915
653.456
906
852
803.849
789
742
726.802
719
727
726.607
723.951
717.699
828
829.217
801.665
777.298
680
664
656
656.652
617
621.236
594
586
585.724
570
571
570.487
562
563.299
562.727
555
556.917
556.77
571
570.542
573.296
594
597.168
602.85
641
617
622.111
633
633
633.483
634.618
640
640.232
640.189
688
656
664
664.773
663.597
660.097
657.937
665
661.348
660.583
633
637.994
635.416
634.759
633.978
634.624
635.573
636.541
617
621.514
622.571
594
609
607.478
609.456
611.489
664
663.491
662.591
656
657
648
645.698
688
679.801
664
664.281
664.155
662.935
750
719
891
890
861.776
742
741.803
821
820
796.746
844
839.947
823.35
734
758
771.038
778.027
750
734
731.685
891
922
945
893.186
871.741
704
671
672.367
677.969
692.092
914
922
882.85
842.891
781
768.731
758
734
750
753.231
756.33
755.856
742
740.423
843
844
823.402
735
733.338
740.069
812
860
898
812
788.664
695
696.98
702.541
719.513
625
633.175
766
1015
867
1008
992.133
750
754.138
719
726
719
719.964
687
695
694.542
694.459
695
694.796
694.579
693.324
691.732
1086
936.131
877.124
869.976
672
703
735
743.209
741.403
728.228
724.57
724.482
757
765.675
762.427
740.346
731.106
730.647
836
833.87
823.822
726
725.853
726
744.922
755.614
750.798
734.277
723.222
774
800.709
773
752.587
739.844
752.989
770.25
773.427
754.482
742.989
748.189
763.98
750
742.798
836
830.433
813.787
792.915
791.812
797.885
758
754.416
760.266
764.674
843
823.448
807.404
804.505
808.683
806.469
719
774
774.722
773.719
763.469
766.192
851
834.079
811.442
800.514
816.461
1031
918.248
859.656
821
837.706
734
737.462
742.794
680
703
707.306
714.27
717.028
671
672
673.352
672
672.027
672.149
674.201
625
638.371
637.442
637.338
636.96
637.118
638.705
618
623.648
623.19
624.314
711
708.89
680
684.069
688.388
689.411
685.655
681.87
695
694.147
691.462
687.257
641
625
624.425
620.644
622.627
617
625
602
601
602.869
578
563
567.816
563
564.304
565.361
570
571.362
594
597.167
617
618
621.054
623.096
623.564
633
641
638.237
636.808
635.55
635.754
633.987
571
586.07
584.093
586
582.73
583.26
584.375
586.011
664
657.116
654.406
742
734.678
723.765
721.868
688
687.087
648
647.515
688
684.127
656
649
651.6
703
696.725
685.619
678.99
719
723.407
696
692.572
698.303
649
658.163
659.55
609
610
593
602
600.166
600.897
603.165
606.076
609.485
633
633
637.179
617
618
618.793
609
594
594
601
600.53
601.65
602.455
578
585.184
585.461
586.142
586.428
587.275
588.343
590.711
734
758
734
688
678.013
672
649
641.86
635.478
631.49
602
617
615.05
680
686.147
676.75
668.305
661.229
867
829.276
798.465
775.208
766
759.044
750.845
734
721.2
774
780.558
772.883
754.13
719
695
698.953
703.712
711
709.589
708.511
710.594
714.87
719.757
734
727
724.843
723.562
722.325
648
658.87
633
633.44
633
634.045
636.93
633
637.416
640.501
695
699.213
703
705.901
708.482
680
683.553
679.989
677.603
674.985
672.278
670.827
669.315
711
758
753.567
744.067
737.018
730.056
724.44
718.522
711
735
742
741.969
736.528
732.32
728.924
804
802.007
766
759.457
813
813.433
801.044
785.87
773
781.441
719
758
752.976
749.692
641
633
609
617
625
630.45
636.735
649
664
676.248
664
670.38
674.116
718
688
690.345
688
687
656
660.554
664
664
660.243
648
649.82
719
714.324
726
727
727.512
672
677.442
673.205
641
645.166
644.484
647.068
632
618
640
641.076
644.315
734
695
719
722.269
719.439
717.185
695
696
664
666.882
617
626.268
633
631.304
632.816
635.967
639.634
782
752.002
750
796
794.043
782
774.725
766.027
756.876
748.298
758
687
700.521
694.268
689.324
695
664
674.064
711
711.327
750
756.264
758.234
680
689.101
687.784
711
711.699
707.483
701.242
701.321
702.906
703.317
700.492
696.495
742
812
806.088
789.355
735
732.51
797
820
719
724.094
730.633
820
795.758
766.361
750.795
764.019
781.609
766
743.968
883
750
747.037
761.006
769.383
758
750.306
761.076
836
800.013
776.158
789.957
802.611
784.295
743
726
740.552
747.813
745.139
711
721.771
789
794.972
711
718.711
726
738.604
724.39
713.309
757
821
734
726.652
747.384
766
743.329
724.301
741.226
750
742.539
722.039
729.067
766
835
788.568
773
780.257
742
745.554
820
792.035
778.1
768.057
772.63
779.848
775.454
765
756.983
760.44
764.877
761.885
711
726.212
732.371
739.993
704
687
719
725.163
729.329
724.162
726.352
733.479
703
707.72
710.668
804
780.027
735
726
734.506
734
729.335
721.574
721.717
742
744.404
738.826
726
726.276
789
785.563
769.517
750.297
711
679
672
680
686.747
696.009
671
719
731.555
737.051
730.628
727.056
735
695
687
682.496
681.043
680
672
674.145
664
666.788
667.314
668.592
669.71
656
687
686.233
690.32
687
690.105
690.644
691.197
689.796
648
649
648.285
647.643
647.856
672
719
720.681
695
688
687.663
671
669.554
667.336
667.059
617
630.315
630.769
633.465
640
641.534
656
657.938
649
650.535
640
641
641.033
641.249
641.125
664
688
695
711
711
710.036
664
664
658.858
664
648
649.647
649.846
651.163
651.431
651.935
652.837
653.616
654.052
654.169
654.243
758
742
731.634
725.203
723.835
687
672
666.99
663.038
661.798
641
645.316
649
652.555
656
711
742
734.272
664
671.975
673.023
672.089
657
655.711
657.198
672
625
635.464
638.019
639.757
640.013
640.87
633
636.335
638.048
594
607.795
607.78
606.841
607.022
608.253
797
703
691.187
690.254
689.838
688
676.882
668.986
656
664
688
681.192
671.116
668.585
704
699.586
687.243
680
680.628
679
735
789
782.181
734
719
718.404
672
680
675.484
676.331
677.076
677.584
677.168
656
657.729
664
666.14
667.544
667.75
669.174
671.664
673.602
675.069
676.167
676.72
678.405
678.045
617
635.9
609
613.804
648
643.225
645.567
851
786.773
773
767.92
760.473
744.957
728.572
715.719
706.696
711
706.886
704
679
664
662.429
661.535
662.07
662.12
662.41
666.96
641
646.252
645.347
646.577
641
642.192
643.592
671
675.405
679.711
681.607
684.11
610
601
602.122
578
581.787
578
571
573.139
601
604.479
664
671.51
673.571
674.092
852
820
796.458
781.806
649
640
633
628.655
641
645.161
646.593
647.095
647.542
647.217
645.938
644.806
750
758.543
743.751
735
695
672
670.773
669.144
669.804
664
711
718.299
750
748.091
727
718.141
709.307
701.79
640
657
679
688
719
725.266
726.723
710
743
743.371
738.058
729.64
723.676
720.575
718.749
716.567
734
688
695.612
695.749
695.689
664
671.206
665
668.156
669.772
766
711
716.834
721.725
721.588
716.694
713.626
712.388
672
683.204
680.313
677.493
688
711
707.516
704.378
703.658
701.422
781
688
707.153
680
688.176
672
678.907
676.969
678.638
679.79
681.476
683.175
680
726
712.89
844
808.566
796.381
789.331
844
832.488
704
703
707.124
743
741.551
733.413
734.499
687
695
695.702
696.224
695.643
695.606
726
740.602
743.118
765
735
733.857
732.945
687
691.006
688
688.748
689.292
690.262
672
687
686.195
656
662.53
782
756.352
744.784
743.922
747.26
742.664
733.596
664
680.644
681.268
682.937
680.288
679.674
683.449
672
676.649
704
701.832
698.302
734
739.246
738.298
672
687.227
688.765
618
637.083
593
604.186
603.075
603.163
604.629
672
664
667.715
671.845
664
680
675.246
675.892
617
610
611.08
608.652
608.299
606.75
607.837
680
678.302
671.895
669.089
670.617
670.48
666.851
594
601
594
593.418
664
662.438
659.57
655.529
654.562
652.081
648.186
643.262
640
649
647.934
664
656
641
617
624.119
621.895
617
617
618.212
625
633
633
635.011
664
664
663.318
662.158
664
625
648
648
657
617
627.179
627.406
627.48
626.359
680
664
680
675.595
671
668.989
666.31
663.434
660.787
658.853
657.327
671
665.719
632
643.489
641.739
610
619.942
617.137
617.391
619.344
622.193
625
627.84
630.458
632.576
680
675.494
671.496
640
617
619.196
633
625
625.287
624.708
625.686
610
601
609
602
604.694
605.167
606.69
648
650.94
652.046
656
672
669.541
633
625
625
593
602
594
586
588.735
589.523
578
582.016
583.899
602
602.164
586
592.473
625
623.903
622.652
624.1
624.795
656
650.287
645.94
644.034
672
726
716.267
688
686.172
690.108
691.451
685.808
679.366
687
687.92
664
664.787
663.933
726
735
725.383
717.095
774
776.586
703
727
731.71
724.022
812
852
827.506
696
713.254
680
680.379
679.317
711
723.21
728.683
730.605
731.894
680
683.971
683.428
683.177
683.817
684.283
685.413
703
704.111
705.335
734
735.407
731.268
726.728
723.138
721.848
719.365
716.948
750
743.78
740.523
739.681
739.682
703
707.202
703.686
672
678.494
648
654.496
654.699
657.237
660.133
663.952
668.239
673.031
677.035
679.954
683.471
672
675.958
674.464
664
666.94
703
698.816
718
696
697.965
695.816
693.775
672
680
695
695.544
692.493
691.766
692.636
693.446
692.583
691.149
680
688
703
701.236
699.066
699.223
648
664.833
633
625
625.991
626.898
750
738.018
726.82
641
641
641.675
679
641
646.495
711
758
789
765.117
718
703
699.135
687
695
693.607
696
710
719
727
711
687
688
664
663.455
625
629.882
628.437
640
643.145
647.791
653.025
657.846
711
716.451
704
704.598
705.12
718
714.787
695
711
707.54
705.102
805
773
758.169
687
664
665.194
664.689
680
685.517
690.621
641
650.542
653.757
688
698.111
695.682
686.497
680.047
695
687
680
680
678.555
679.115
657
659.626
672
672.764
726
719
714.019
703
719
716.645
712.59
742
711
713.477
710.937
709.062
705.726
702.626
701.586
758
805
791.511
774
767.849
703
711
705.474
703.508
703.384
704.773
648
658.44
659.529
672
641
647.575
625
630.767
631.504
633.198
601
602
604.538
601
602.164
603.219
570
571
578
575.56
601
600.297
625
629.868
633.969
633
633.916
648
645.975
633
648
644.53
617
609
578
594
588.347
601
597.25
597.762
594
595.728
597.087
598.269
578
586
585.702
587.055
587.535
648
672
666.971
661.917
703
703.642
758
750.278
741.886
737.518
671
672.921
665.892
658.689
687
695
680
678.017
676.794
677.188
675.887
673.823
680
649
656
655.007
703
705.01
703.16
702.793
742
747.36
743.126
735.852
680
680
676.128
673.053
672.283
656
658.782
661.074
617
627.702
627.975
630.728
657
703
711.284
711.614
714.653
715.429
713.169
672
674.805
656
649
648
647.012
641
632
634.494
634.713
687
696
695.647
695.825
698.196
698.598
696.988
694.458
625
641.228
639.747
638.806
672
680
680.703
678.65
648
651.38
641
639.318
625
627.394
664
667.962
669.448
656
657.915
659.048
658.722
656.175
653.709
719
719.076
820
781
727
672
668.957
665.243
663.704
665.218
667.245
670.268
711
722.968
679
711
713.873
758
744.778
729.792
711
710.317
711.119
680
682.645
703
704.183
700.943
698.914
700.323
702.016
656
664.841
632
637.7
637.055
638.91
719
722.398
721.59
711
695
692.897
686.315
625
617
617.541
617.169
619.951
622.346
626.053
727
728.816
716.827
727
725.251
717.536
704
698.262
693.403
688.806
684.266
633
633
628.383
624.27
624.313
625.547
672
676.643
681.423
664
669.245
669.957
743
742
732.488
723.385
717.58
633
642.841
640.275
636.097
679
703
703.991
906
874.077
734
734
732.068
774
758
739.321
736.049
672
678.687
656
655.004
653.395
672
797
792.773
768.984
758.235
756.708
757.228
751.638
741.207
731.675
724.738
719.585
714.901
710.123
680
680
676.693
734
695
697.86
701.478
680
683.736
684.006
685.378
641
625
633
631.495
633.272
625
627.717
629.959
632.455
634.242
635.804
637.865
640.661
641
643.306
644.755
644.95
645.209
601
656
704
679
688
685.312
719
712.269
703.735
750
704
705.139
641
641
637.841
625
648
645.684
742
732.257
721.316
687
687.496
687
681.881
676.921
742
758
742
680
683.473
686.663
690.245
686.677
679.577
675.149
677.509
681.731
719
720.254
713.637
648
625
610
617
640
653.235
656
659.704
662.68
666.121
667.511
666.666
703
707.07
702.305
695.824
656
659.759
657.895
656.255
649
648.37
679
682.255
683.895
649
654.715
617
625
618
619.507
640
672
676.954
704
707.203
664
667.066
688
684.971
633
625
628.872
641
641.215
639.675
672
674.163
670.927
668.161
672
672.571
670.487
710
703.174
656
648
641
642.57
642.355
641.381
641.89
688
691.351
688.059
685.397
686.684
781
769.781
753.394
742.011
737.79
688
711
679
680.163
675.666
719
717.105
742
733.829
729.294
724.23
718.778
711
680
685.182
625
634.732
632.836
632.952
634.295
637.617
711
719
718.857
695
704
726
727.183
720.938
713.577
709.753
707.926
656
649
647.23
642.72
643.737
711
714.96
709.299
707.224
710.947
712.42
687
687.352
695
693.593
656
664.422
665.978
672
669.203
679
678.837
678.875
677.846
601
626.926
627.604
628.09
628.13
629.013
632.297
635.603
638.256
641
625
630.485
630.044
630.635
594
617
613.894
614.403
613.952
614.959
615.643
711
711
702.577
697.505
695.919
691.833
685.602
602
601
602.271
600.678
601
602.007
570
580.94
583.089
585.366
531
560.563
560.129
560.549
531
542.648
544.815
544.047
543.934
544.262
547
547.782
563
586
582.061
609
609
625
624.614
625.464
617
633
641
637.554
638.074
680
674.368
632
637.968
635.959
625
624.324
610
611.215
610.765
610.826
611.384
612.348
613.487
614.562
615.453
616.494
617.735
618.488
619.193
620.647
622.232
622.83
594
594
596.542
672
649
644.036
734
725.206
797
785.867
772.801
765.363
757.464
747.788
738.428
617
637.516
636.194
617
621.454
620.527
623.745
610
614.336
586
617
609
625
627.014
631.606
688
648
653.502
655.248
711
698.756
657
625
628.843
633
629.581
640
635.887
688
686.803
774
761.304
745.817
735.25
727.246
719.269
710.955
601
625.287
594
597.003
595.332
594.849
595.899
598.202
602.227
640
647.597
711
750
751.2
751.598
750.971
820
805
794.882
788.113
632
651.521
646.396
641.777
610
609
602
603.037
603.605
605.41
563
579.633
579.891
580.45
570
573.243
574.31
719
690.458
684.429
695
696.981
693.598
687.677
641
645.624
727
715.349
700.333
690.38
689.288
691.121
686.868
679.005
671.837
668.086
586
586
586.78
586.095
570
586
585.978
578
581.652
584.19
586.947
589.425
664
664.31
666.004
668.456
633
637.307
633.673
630.73
609
609.382
606.848
625
632
672
674.537
669.806
664.441
659.691
655.235
711
727
711
703.742
688
687
727
750
744.5
735
725.708
724.322
728.383
680
682.426
680.252
680.165
695
696.086
696.669
679
682.11
683.781
656
656
655.831
657.436
695
698.835
701.839
703.733
695
696.666
710
705.364
711
688
687
657
661.253
658.667
625
631.761
625
617
620.442
718
713.678
709.512
710.659
712.583
708.454
702.349
789
726
766
756.94
1055
781
779.794
779.946
750
744.584
703
705.979
1234
904.585
758
757.601
769.604
719
688
687.542
689.925
690.426
689.967
690.131
664
663.815
688
688.103
684.235
633
633
632.542
625
624.853
601
604.115
604.516
605.951
607.323
609.272
633
639.668
646.177
651.198
633
625
625.738
624.092
623.346
617
601
610
617
617
617.394
617
617.874
641
640
625
627.832
629.177
641
638.365
637.741
648
646.613
645.755
644.496
643.825
643.559
643.037
642.824
726
695
696
693.507
765
754.722
741.403
875
789
775.238
776.078
771.724
759.329
754.356
753.497
704
695
692.19
797
774.502
762.296
761.705
763.071
761.162
641
676.938
680
685.054
684.789
672
678.098
672
676.519
676.214
677.013
679.121
680.453
570
620.94
554
577.034
547
562
586
580.474
583.219
594
596.23
773
852
830.253
815.668
807.974
774
742
722.274
705.448
695.071
687
696
796
801.457
773
760.166
836
845.807
829.238
803.986
844
765
789
783.503
781
774.899
718
711
707.61
704.021
702.222
701.741
704.075
679
672
670.624
664
656
672
719
718
688
692.6
696.216
699.642
719
703
711
727
679
684.998
684.293
682.999
641
617
617
616.334
616.433
601
604.213
605.826
608.205
610.473
625
617
621.537
624.374
626.832
628.529
629.156
821
767.776
744.576
735.632
649
640
629.515
703
706.883
765
751.86
729.423
712.332
696.754
686.616
852
789
750.506
727.836
750
812
811.243
734
722.327
734.468
755.563
664
678.853
695.145
705.388
693.319
696
707.22
713.824
695
694.34
704.644
708.721
700.066
930
781
760.613
763.951
734
735
711
718
766
774
753.965
751.427
750
750.216
789
767.256
774
767.879
891
846.587
750
757.418
766.562
773.905
762.094
751.24
758.481
769.46
771.67
774
764.672
766.18
771.09
770.937
762.331
753.101
790
786.958
1016
919.932
766
768.78
796
808.233
803.071
774
772.811
784.443
801.838
800.267
781
867
992
934.754
789
820
855.724
857.083
826.05
867
880.516
871.164
774
765
782.904
803.211
797.589
727
737.332
766
703
704.874
714.197
724.511
726.594
727.671
657
672.597
678.59
649
653.382
664
665.84
667.568
670.89
688
691.37
693.03
694.356
680
656
664
661.032
648
633
636.028
618
648
645.345
656
781
829
814.92
802.004
719
709.329
734
758
755.598
703
700.283
703.716
743
746.881
731.941
680
680.476
692.19
708.317
719
703
719
724.27
732.051
735
725.189
719.956
721.465
726.191
726.015
721.175
717.757
719
720.115
720.254
719
718.409
797
792.621
786.036
779.568
776.691
771.364
727
719
716.508
716.245
718.257
721.158
725.549
734
735.947
735.242
704
711
765
719
724.369
820
930
984
956.185
726
733.327
703
702.628
828
832.451
803.54
726
719
719
734
719
711.99
664
664.824
669.341
677.619
727
734
730.171
718.607
714.232
726
730.873
730.547
797
801.256
795.622
785.143
844
765
765.273
761.119
756.866
751.115
789
783.686
805
726
745.813
744.384
741.102
672
693.483
633
645.327
644.324
640
641.168
945
825.232
795.882
794.981
792.373
775.599
703
703.391
703
702.323
701.421
700.515
664
648
657
656.542
657.223
656.637
655.962
659.034
664.074
667.592
670.435
672.626
674.41
676.366
676.655
710
713.16
712.142
709.654
672
676.704
672.535
735
730.272
828
824.986
867
836
804
789
719
711.988
706.442
921
899.099
863.983
839.613
727
727
728.692
773
1133
1004.39
1148
1084.97
990.851
711
718
739.382
816.431
890
805
802.664
757
743
741.632
740.841
758
759.021
757.136
755.948
759.401
764.434
750
743.786
711
710.195
706.954
695
695.251
696.062
699.84
704.026
709.271
641
659.046
625
617
609
606.533
586
586
578
578.323
577.763
555
562.804
561.193
571
568.803
586
586.361
589.657
592.73
758
750
688
686.479
844
818.606
789.777
770.363
672
656
664
672
674.368
633
638.148
633
636.162
635.375
664
680
683.465
684.795
684.351
680
679
677.99
625
637.087
601
602
600.432
599.674
600.093
617
609
612.905
625
640
649
652.458
672
673.856
676.106
676.907
704
726
721.451
719
719.414
742
743
737.332
734.247
733.543
732.901
730.658
727.419
725.446
797
790.422
782.816
734
695
696
694.312
679
680.624
648
652.748
704
724.117
743
738.554
732.526
728.937
726.381
721.087
718
688
687.598
680
680.347
742
746.24
740.556
732.804
728.367
723.257
717.781
796
795.138
786.543
726
735
711
711.601
773
770.277
743
737.854
739.794
797
789
772.79
756.261
758.49
768.113
770.309
726
729.746
797
765
758
744.649
758
750
758
773
742
745.76
751.195
754.906
751.093
744.866
745.967
774
772.21
764.037
757.852
758.859
761.533
781
772.707
767.778
726
719
722.099
719
723.244
742
746.388
749.173
782
734
711
713.266
715.235
765
765.699
759.665
755.836
755.997
734
742
738.714
737.036
733.337
731.888
781
778.959
771.998
764.572
742
743.544
740.171
737.594
734
797
742
758
759.602
756.579
752.696
750.144
748.949
746.283
743.044
741.635
750
747.022
703
723.736
719.632
742
730.391
730.229
774
772.804
766.594
750
711
719.213
719.389
664
674.833
677.618
681.611
684.677
688.078
828
805
750
752.683
757.516
750.71
672
671
711
716.242
708.528
852
820
828
813.358
742
742.49
781
774.837
756.283
746.424
753.782
762.733
1086
937.289
859.535
906
909.489
882.94
840.183
839.589
848.493
703
722.747
750
756.255
821
789
789.474
735
781
781.988
781.778
765
735
789
797.755
803.677
785.067
764.114
727
743.862
752.452
781
758
742.751
739.477
752.313
763.475
767.168
757.286
744.641
746.191
781
766
766
718
724.478
735.168
743.924
743.428
797
790.5
774
726
727
731.597
737.656
737.689
773
776.106
883
871.278
851.748
766
766.449
766.963
743
740.337
740.841
747.019
753.425
755.808
756.93
757.189
756.854
756.026
753.516
749.618
688
703
703.517
707.075
707.941
711.078
715.353
711
734
732.96
766
765
763.3
762.091
718
723.504
720.505
727
742
781
781.513
775.846
735
733.875
821
773
750
745.775
750.181
907
726
734.18
703
696
703
704.89
704
709.462
721.971
766
765
758
766
750
748.992
734
711
712.332
719
734
734.707
733.248
867
855.143
891
852
804
793.27
783.094
781
775.766
757
753.292
752.388
719
720.196
718.038
720.187
722.686
725.424
728.23
732.854
736.748
718
703
704.154
703.794
836
1047
975.957
930.006
907.678
887.843
750
734.654
734
741.908
753.032
756.85
867
883
789
785.655
789.839
793.911
790.543
727
732.634
738.979
812
811.651
785.47
773.841
778.768
791.603
794.754
775.204
754.851
755.047
767.589
778.591
735
734.233
813
820.321
802.158
776.263
789
804
774
758
764.21
774.016
704
703
708.794
695
698.794
782
782.294
734
742.616
727
726.82
725.586
750
748.567
743.876
745.12
746.861
789
776.313
797
836
825.441
766
781
766
797
835
813
805.772
765
767.237
764.383
761.565
820
818.317
809.004
799.917
795.067
796.375
793.332
787.249
797
797
804
798.926
794.614
828
821
816.217
810.541
808.005
805.211
801.56
800.495
800.219
695
720.268
721.728
726.712
687
698.342
680
687.135
688.555
691.997
696.408
820
807.433
797.721
796.841
820
813
812
799.416
795.353
788.986
782.056
774.983
769.387
765
760.967
711
717.494
821
816.152
804.832
828
797
791.135
784.581
726
758
758.062
760.263
727
758
805
799.186
859
812
805.016
798.042
792.133
785.806
778.932
781
797
795.083
789.092
784.106
780.457
778.671
766
765.6
797
792.137
766
773.406
704
717.181
716.124
718.096
726
731.087
813
781
781.568
783.711
782.646
703
717.741
758
748.127
750
750.7
773
770.874
766
760.1
726
733.086
731.529
735
730.384
734
735
734
735.627
735.949
671
672
680
682.095
685.554
688.742
648
658.581
680
695
697.427
695.235
657
664
668.846
674.028
675.042
726
720.458
716.086
672
679
680
682.439
680.415
677.433
1086
909.154
821.311
742
740.046
739.228
738.048
734.626
804
805.268
774
781
820
819.761
794.124
734
737.027
734
735.137
726
726.071
732.441
789
790.32
775.303
735
851
855.611
774
773
766
771.833
766
734
747.724
755.383
789
768.187
758
750
760.057
734
734.814
734.586
820
774
765.961
734
743.947
748.071
747.287
766
844
837.513
822.274
852
853.687
840.358
825.181
867
857.463
840.641
750
763.548
770.184
772.503
765.758
768.919
779.379
786.834
773
771.172
813
836
823.945
809.12
1070
988.519
781
784.253
800.81
742
741.872
751.038
763.55
764.704
836
848.782
819.9
790
794.849
794.582
781
777.346
776.778
776.372
789
787.188
781.704
805
807.857
802.782
719
731.724
766
882
863.901
840.688
830.061
774
781
783.422
782.834
775
750
750
742
752.608
750
749.857
747.614
757
743
743.402
741.014
743.172
745.033
746.66
748.222
749.174
906
877.302
938
929.546
909.774
904.397
895.234
750
759.078
760.133
762.915
797
813.475
817.913
818.844
818.734
815.242
765
844
841.75
750
764.194
769.367
789
782.565
828
813
766
778.922
779.598
772.33
770.739
777.398
778.112
805
790.256
836
828.079
818.452
851
840.728
832.009
742
757.303
757.277
757.95
758.111
762.905
769.558
773.822
774.203
774.874
828
822.419
814.24
985
945.587
758
727
729.317
732.614
734.901
711
716.963
725.77
671
678.482
711
718.012
718.329
679
685.432
726
735.024
726.616
781
844
820
799.571
793.934
800.493
798.13
758
773
782
812
773
774
781.812
787.612
779.013
769.115
768.44
772.581
775.349
768.278
766.907
742
773
899
1117
906
867
821
820.08
819.005
815.645
810.014
809.452
814.054
773
789
790.238
796
793.48
750
719
719.281
720.974
703
704.224
735
749.04
757.463
773
742
746.529
747.378
746.822
743.17
739.789
883
875.67
858.808
841.806
838.221
833.357
750
749.134
766
851
953
1118
906
889.751
891.932
813
799.894
799.3
800.949
801.337
773
778.451
783.854
820
819.361
797
765
790
798.791
798.968
791.769
719
725.792
734.123
749.737
755.283
1024
898
841.48
711
688
688.107
734
742
734
821
843.53
832.164
799.826
914
912.838
868.971
833.568
832.744
835.336
843
827.867
815.501
789
792.831
796.059
794.877
786.263
779.179
784.066
743
746.9
747.296
750.446
753.071
797
828
782
787.733
792.173
790.973
750
820
867
846.337
829.981
750
760.631
765.521
764.065
757.058
756.176
762.972
770.091
769.451
763.343
762.448
750
756.302
742
743.463
890
820
805.702
803.544
806.682
711
728.933
729.675
728.775
728.789
733.062
739.605
742.284
742.822
727
730.675
742
734
742
797
796.711
793.131
790.777
844
832.813
789
792.139
774
789
780.655
774
775.09
777.64
775.045
771.002
757
828
797
813
805.764
805.074
1032
922
885.881
750
755.591
820
820.26
789
776.32
782
805.035
815.772
797
772.239
836
828
824.024
757
758.693
784.447
797.471
783.798
813
809.881
774
828
829.024
815.298
789
781
792.673
734
744.9
748.185
726
729.862
735.826
695
705.506
707.078
797
780.378
821
823.688
812.912
703
695
695.848
687
719
730.922
737.612
739.217
740.156
679
683.54
672
664
688
695.302
700.56
726
733.668
734.354
733.872
729.255
724.488
703
703
700.442
671
688
686.846
689.386
688.917
790
780.617
1156
999.081
940.424
933.611
911.156
871.897
841.084
796
783.986
781
780.118
779.226
778.51
735
735.205
719
717.452
716.175
715.717
750
768.402
782.383
859
874.826
871.884
859
855.281
789
783.57
797
797
794.212
792.234
795.103
797
792.168
786.35
860
898
898
881.571
871.146
828
821.871
816.628
812.69
810.527
810.629
812.42
814.918
815.594
813.125
829
829.425
824.766
750
757.371
758.256
727
732.168
828
907
886.542
1125
1066.53
1012.01
1008.57
994.568
958.249
937.604
935.978
836
789
790.436
794.126
821
839.382
856.535
870.426
876.117
773
779.971
774
781
781
784.878
791.411
812
820.199
899
867
813
816.891
820.36
822.313
812.786
773
778.37
788.349
1117
972.237
898.101
887.643
887.915
887.218
864.85
812
807.548
821.142
847.903
836
819.427
816.721
812
824.828
824.443
953
915.383
930
926.921
924.019
766
777.257
779.01
727
730.988
734.904
740.861
789
808.512
813.954
818.447
820.269
817.694
813.964
810.703
811.09
810.387
809.367
807.224
806.625
828
823.584
820.161
816.471
813.328
810.448
727
740.899
836
827.994
821.129
718
696
698.213
758
883
870.029
976
959.096
924.682
894.784
876.457
866.571
858.487
843.74
825.091
809.039
828
833.722
831.798
813
814.091
774
797
803.508
806.873
802.139
797
789
793.03
875
876.14
866.774
848.035
841.901
841.407
840.021
711
719
719
820
805
800.313
802.499
814.295
822.929
773
771.145
750
805
808.66
801.028
813
814.161
813.462
804.696
781
780.008
778.778
780.184
778.019
776.815
778.424
766
768.976
782
1039
945.287
901.159
889.898
884.692
727
728.082
729.354
820
838.312
822.711
816.026
816.908
992
970.101
1031
978.041
920.921
1015
961
899
884.822
884.59
889.025
750
769.539
776.708
789.353
788.61
796.889
817.984
758
766
775.955
776.803
775.713
779.391
787.423
791.562
734
744.116
746.285
748.06
746.89
747.85
752.092
789
784.336
778.043
778.972
783.859
782.303
777.227
774.136
774.318
774.092
772.701
770.614
770.991
769.311
1055
828
826.356
827.849
825.144
810.757
809.538
811.38
875
953
992
954.363
1117
906
797
798.931
804.399
820
822.268
828.992
758
766.197
766.83
767.915
768.63
770.777
773.807
828
832.543
831.422
825.791
823.877
825.575
826.336
797
805
820
818.206
811.576
809.338
805
766
765
763.559
763.84
844
805
807.964
812.387
814.388
688
710
711.427
820
817.347
809.742
807.856
807.161
867
860.363
774
783.153
790.171
792.286
779.811
1070
956.906
887.542
805
773
772.364
821
823.119
816.285
815.238
821.434
821
781
797
836
837.665
805
805
803.42
883
781
781.929
797.822
805.044
790.336
781.381
883
874.386
839.079
818.513
750
761.1
765
836
930
891
865.08
812
804.434
774
797
807.174
811.613
801.294
783.237
777.696
779.182
790.231
797.768
711
719.78
724.886
736.15
742.728
743.714
758
750
773
766
773
770.051
770.531
770.91
768.864
767.237
765.364
758
758.17
757.868
867
838.223
826.371
743
789
787.621
844
891
861.845
898
897.622
797
805
801.852
798.005
792.838
792.189
795.205
798.93
798.784
800.373
801.931
802.355
799.914
799.006
798.423
800.46
801.955
797
781
788.617
787.748
750
761.946
761.688
763.843
765.136
768.655
812
789
792.743
765
770.232
773
769.7
766.701
766.727
769.253
770.142
769.325
781
766
758
796
805
798.755
791.364
734
744.829
748.065
781
776.829
769.642
765.895
769.294
867
858.699
840.885
816.037
807.217
852
856.931
797
789.827
812
823.146
817.771
799.474
793.483
807.83
818.134
829
803.863
788.576
803.529
815.996
818.465
801.092
786.726
794.669
773
743
745.622
748.958
756.045
761.098
763.732
767.676
772.223
775.721
775.229
774.459
946
907.562
885.028
872.231
867
883
813
828
827.676
1102
922
812
813.889
825.564
830.821
789
765
776.195
802.119
814.907
844
838.691
804
804.174
851
821
800.952
758
760.935
772.183
703
688
689.709
757
773.915
726
735
749.815
758
747.273
738.038
744.543
751.764
747.759
738.773
739.18
773
776.551
764.407
664
684.824
671
672
674.128
676.494
681.596
688.653
1007
946
884.383
867
852.787
827.226
766
734
730.54
730.525
732.894
733.461
733.165
774
820
828
813.749
812
809.884
805.398
802.503
1070
1020.06
967.457
936.018
836
821.773
817.072
815.967
814.876
750
735
736.288
757
779.923
791.051
794.275
798.053
774
828
843.613
1047
1006.22
781
758
759.849
769.876
781.161
758
804
825.548
883
864.556
832.821
1016
914
868.309
861.883
711
695
694.646
696.08
1187
977
902.326
898.877
765
762.05
774
851
851.857
840.302
750
746.891
742
773.239
859
852.918
804.998
773
762.815
765
789
807.567
774
754.542
747.91
756.361
703
703.717
702.798
703.207
726
732.427
735.984
739.326
992
931.946
889.157
879.806
871.515
851.272
825.233
804.634
792.466
788.297
750
758
760.044
765
758
759.447
765
765.785
764.713
859
891
885.304
812
813.186
809.162
804.14
828
822.586
813.549
790
788.154
773
772.695
769.624
766.69
851
813
773
789
836
834.83
758
781
891
898
797
801.691
834.997
838.689
843
805
819.093
841.254
837.256
800.723
796.022
821.218
773
742
750.257
761.987
860
825.467
812
797
805.396
789
781.335
1078
1024
984
883
898
900.116
896.738
1008
937
898.019
897.119
913.039
912.243
883.711
858.485
863.064
821
824.681
824.695
830.594
1000
976.274
947.777
945.523
947.163
933.374
929
915.349
910.917
905.309
898
890.357
886.695
757
763.746
711
710.456
710.338
712.57
719.98
859
883.001
796
803.843
809.406
811.088
696
687
687.734
687.75
689.417
691.195
698.752
773
821
802.504
786.837
785.144
783.407
750
804
766
742
740.334
744.619
745.782
739.604
735.942
797
796.123
804
791.855
790.628
788.653
783.179
776.813
773.017
773.163
711
758
754.323
755.77
789
780.875
778.697
775.709
734
744.981
758
754.235
751.777
820
773
750
760.855
761.486
695
688
691.791
672
676.47
680.498
685.363
690.228
664
673.025
671
673.258
735
731.561
730.62
742
703
706.96
702.98
742
727
710
735
758
773
759.919
751.255
749.035
766
760.469
805
1180
1022.03
934.461
953
915
859
836
734
696
694.301
693.955
680
750
789.809
799.791
781
782.209
820
758
735
726
725.621
718
717.559
717.808
720.797
723.617
724.477
724.141
723.813
721.895
720.939
721.325
722.836
724.174
724.635
703
707.669
711
734
750
914
930
910.619
766
813
789
775.751
761.573
756.991
760.155
766.088
766.981
764.607
789
735
742.84
781
780.332
776.238
771.305
813
758
757
759.918
758.616
754.45
755.85
756.964
734
742.669
836
813.656
821
819.884
797
795.913
851
835.115
820.855
758
770.248
890
870.503
841.729
808.963
810.52
835.84
883
857.344
797
795.543
825.532
766
813
805.348
794.944
785.777
1086
953
891.772
877.058
882.231
859
875
750
783.963
789.402
790.516
859
857.458
852.504
805
828
765
771.86
770.175
750
752.672
754.014
757.188
875
805
765
772.011
776.159
758
755.695
757.511
883
857.146
830.917
821.057
820
818.722
750
758.031
769.033
844
828
805
802.004
812.018
890
867
834.002
828
832.795
844.021
839.602
821.936
806.715
758
768.02
828
834.601
822.153
875
880.586
872.078
855.564
845.062
843.89
742
734
782
796.22
801.102
789
797.378
808.8
808.775
992
948.68
851
848.954
852.419
852.298
835.454
819.468
805
804
829
830.668
797
906
912.663
813
817.301
875
872.197
789
801.471
830.75
844
875
860.771
857.51
805
808.381
812.452
859
867
860
844.466
774
781.082
795.184
843
849.404
843
852
837.841
835.185
836.506
838.794
833.077
825.234
819.187
817.572
758
763.356
774
779.984
783.887
787.062
791.541
795.811
799.944
743
695
698.01
773
758
762.498
734
766
1101
968.738
880.402
750
748.16
758
805
803.767
765
748.692
752.584
789
811.425
802.692
754.653
883
757
766
765.542
765.214
953
874.065
821
822.982
726
731.628
729.766
875
845.758
814.372
811.498
811.505
735
736.083
733.276
732.879
732.917
922
914
914
797
805
812
810.495
793.775
718
711
719
730.754
747.651
748.42
748.526
946
921.416
871.169
840.521
719
711
742
828
813
786.527
762.617
759.188
774.566
789
789
766.246
744.485
740.031
813
837.307
827.768
794.195
766.379
772.902
793.131
805.296
688
700.243
727
796
788.779
1023
891
796
790.152
801.844
806.3
784.671
770.625
851
872.115
1046
945.31
789
789.443
812
836.306
830.082
734
735.421
758.899
804.61
781
758
753.864
773.812
797.259
793.614
757.323
751.823
767.213
784.108
781.34
696
708.215
836
789
727
719
743.327
767.549
875
789
758
742
772.325
794.904
750
732.053
740.938
769.146
780.51
754.398
765
781
792.115
773.845
751.111
753.435
961
886.525
827.761
758
769.885
796.628
806.1
851
828
796.377
793.779
789
789
820
781
750
743
753.56
768.232
774.615
772.631
766.777
770.014
775.068
778.124
765
821
826.391
914
895.335
797
774
765
767.477
769.919
859
866.197
828
819.188
843
850.257
837.712
818.243
711
719.359
726.001
743
752.972
755.911
763.019
812
824.538
814.357
789
785.619
793.338
798.454
781
772.643
766
758
789
787.465
789
781.791
779.036
781.523
784.858
783.194
777.473
859
859.396
985
961.278
937.466
774
779.535
868
828
815.748
805.44
859
873.799
680
656
633
633.674
635.954
640.017
646.648
658.176
674.854
672
680.951
672
649
650.431
664
664.481
680
679.845
679
678.459
657
656
654.368
655.289
656.513
727
732.048
766
766
757
752.758
747.428
742.646
695
703
734
735.982
732.449
766
781
734
735
733.253
729.32
742
750
747.196
747.414
748.419
747.311
750
745.861
744.254
741.734
741.353
741.092
570
797
695
672
672
664
672.384
688
689.786
692.513
696
698.075
726
723.706
680
696.011
672
679
677.257
703
683.761
703
701.423
727
720.393
716.577
714.728
712.451
709.837
706.524
719
713.277
704
706.289
705.527
704.571
703.564
703.037
703.084
703.983
703.891
680
687.441
688.408
687
664
672
687
688.481
688.526
691.1
719
720.468
719
716.788
696
698.896
697.449
696.295
757
727
703
703
672
676.988
673.331
674.801
676.664
679.373
682.171
684.479
688
689.105
695
687
703
719
713.344
710.619
719
711
710.826
708.265
706.632
705.224
743
726
695
700.356
700.481
703
695
695.473
742
797
898
875
867
813
812
813
937
930
900.153
868.016
848.765
846.386
719
750
759.068
771.134
771.495
762.48
742
743
749.491
756.869
766
726
727.959
726
732.013
828
818.004
860
842.931
827.714
726
711
703
702.091
706.424
712.011
695
699.216
726
742.06
748.314
742.841
738.207
734.395
731.524
731.079
695
703
703.296
657
664
663.546
665.408
773
766.529
756.809
754.325
804
805
792.405
750
750.164
747.7
727
721.315
717.894
719.273
718.995
718.648
891
883
851.499
727
695
672
711
734.461
726
867
870.517
883
781
735
711
687
685.426
664
664
665.354
668.723
672.887
677.755
682.385
797
803.781
787.425
742
719
716.112
695
692.955
711
859
852.368
781
766.567
762.541
764.304
750
742
758
781
782.49
765
766
767.307
770.527
719
734
774
770.852
751.235
844
846.947
825.807
835
841.533
826.48
781
852
840.091
766
750
766.135
772.364
774
767.143
805
810.591
867
844.386
766
779.383
787.358
719
711
703
706.595
805
814.966
800.53
798.518
801.556
796.518
742
734
736.814
739.312
738.298
906
881.635
875
855.013
836
821.489
804.239
788.974
780.78
778.873
922
1039
899
865.562
774
772.502
777.417
788.865
791.502
788.608
792.109
805.109
821.411
758
734
736.696
744.165
749.146
748.443
750
754.426
762.14
766.617
680
726
728.056
731.108
781
773
758
757.31
759.401
766
758.869
813
802.355
795.815
836
1179
1063
985.639
812
782
780.658
781.801
734
733.371
836
856.608
830.798
816.727
819.406
789
784.042
758
726
724.516
805
824.837
819.318
781
776.258
785.305
800.465
799.891
786.538
771.002
766.605
772.039
780.827
782.596
844
830.611
860
854.195
844.766
781
782.44
773
771.586
770.976
750
754.873
758.48
828
830.291
820.181
811.414
806.855
806.155
802.147
796.406
789.812
805
805
804.076
798.339
794.227
758
758
757.733
759.611
813
815.335
818.2
819.043
843
852
773
750
766
769.123
907
883.345
821
773
774.903
774
776.346
805
804.849
781
778.397
780.998
793.038
797.713
788.42
776.173
772.747
776.159
782.404
777.962
914
898.478
789
750
757
735
750
754.584
762.287
769.066
774.304
775.87
775.285
773.851
771.465
742
703
703.893
704.823
797
807.828
921
918.836
899.31
883.566
868.114
850.12
718
735
765
794.323
843
837.473
820.626
789
789
781
777.595
773.674
914
925.95
917.006
890.952
871.955
859.906
796
797
793.995
796.42
734
734
736.78
735
737.591
741.45
695
701.033
701.808
705.578
708.455
711.904
688
692.97
696.618
742
789
774
762.222
781
844
789
778.458
711
713.719
715.916
805
828
883
1086
984
926.131
901.329
898.111
859
827.38
807.42
852
851
846.475
883
894.523
882.307
860.817
812
828
832.073
830.67
819.708
820.754
827.244
833.879
831.254
797
804.492
797
802.77
801.109
898
890.714
881.422
873.755
876.05
868.879
859.04
851.221
848.276
742
734
758
812
750
759.663
774.705
773
844
805
758
781
773
782
771.834
789
794.968
795.771
726
744.561
749.231
753.051
744.343
744.404
734
727
687
696.032
697.582
672
688
664
670.752
664
667.178
711
680
686.361
680
679
711
706.827
789
742
735
735.123
730.302
724.856
773
761.891
752.806
748.215
836
817.575
800.108
788.419
792.061
711
719
717.053
714.964
797
812
852
847.208
833.579
860
849.756
797
781
758
750
747.64
747.861
751.112
756.595
762.119
764.673
750
789
790.899
773
766
781
780.688
777.711
774.342
776.133
776.764
773
770.132
765
774
771.839
805
796.824
791.934
788.858
787.602
765
769.774
768.192
768.389
768.05
773
773.529
774.115
766
774
773.583
774
813
812
807.026
807.124
804.593
750
760.458
836
817.75
806.771
899
888.164
773
795.329
805.584
792.982
786.987
801.106
803.585
789.06
891
868.874
833.395
840.824
849.902
825.692
819.099
899
876.647
813
852
865.434
842.281
826.96
848.78
844
1172
1005.12
936.273
789
805
807.939
809.471
836
837.184
836.883
914
925.335
906
860.508
857.375
863.473
865.146
854.602
837.078
836.533
841.881
848.127
840.314
859
766
778.742
757
761.611
763.809
805
822.84
834.283
839.212
781
786.973
784.235
783.258
780.751
780.032
782.179
672
694.926
695.823
679
727
736.582
744.374
748.085
752.06
755.871
757.346
921
882.686
860.53
851.483
711
717.099
719
720.083
722.14
723.334
726.564
875
828
797
791.314
773
771.081
767.631
762.588
758.903
758.448
758
750
749.555
1101
964.318
836
833.621
835.333
835.216
820.951
811.193
810.863
816.76
816.977
750
774
787.837
867
839.059
804.077
797.815
750
758
764.12
766.351
727
730.111
735.21
773
813
800.884
750
746.53
752.734
789
793.324
898
877.746
789
781.59
783.854
711
735
738.885
743.966
743.855
743.981
748.707
797
774
771.798
771.534
771.737
768.565
763.104
762.576
930
890
813
812.827
818.893
813.054
796.604
789.224
797.877
803.511
795.619
797
796.915
799.581
797.369
734
742
747.398
672
686.45
690.554
695.135
699.937
578
634.393
578
578
580.833
578.042
570
573.085
573.076
578
586
586.268
588.526
610
610.106
773
729.088
725.917
725.148
820
781
766.157
760.64
760.223
688
692.059
683.499
675.738
648
656
650.928
649.801
656
665
667.463
671.277
675.267
640
651.28
650.147
650.051
649.113
625
630.768
630.537
632.46
632.517
632.757
633.951
719
715.157
782
778.7
770.339
763.951
756.29
747.032
703
750
744.628
740.195
774
875
859.195
1047
1007.73
750
763.003
891
1000
953
890
887.567
888.205
813
796.11
795.483
868
874.978
742
765
794.366
821.955
800.17
778.891
790.761
703
687
688.917
691.36
695.491
680
682.451
640
641
633
631.537
630.768
617
602
604.035
601.678
601.526
601.391
586
588.857
586
587.476
617
620.245
626.542
631.341
637.046
992
1063
956.735
926.076
773
797
734
710.661
836
820
750
765
775.874
776.658
711
712.531
716.765
688
686.103
742
758
765
761.264
765.701
769.721
756.477
745.818
749.919
754.088
749.99
745.458
746.396
860
850.082
742
749.601
756.998
829
765
813
819.134
809.384
758
770.064
784.871
680
672
678.09
641
633
617
621.377
625
627.009
631.415
637.136
601
613.974
612.235
612.64
601
603.704
609
618
609
611.981
664
667.078
657
671
674.489
695
691.61
945
849.552
765
758.079
672
641
672
656
664
656
655.817
655.773
719
727.274
720.478
713.154
711
709.584
706.83
701.22
773
773.667
762.958
742
719
703
698.464
693.436
691.761
691.182
843
836.1
816.695
800.582
758
748.669
740.957
757
743
726
742
747.909
781
777.394
750
781
750
745.58
738.424
735.195
736.198
737.091
804
798.969
790.992
785.709
703
711
679
679.481
678.492
681.35
685.734
711
722.608
719
723.58
679
686.24
703
695
694.116
664
711
707.423
708.865
703
701.357
701.822
702.076
700.35
664
674.391
677.677
719
709.201
703.578
1149
946.509
853.678
850.71
849.048
758
756.297
735
733.622
765
766.369
765.334
764.876
764.671
719
703
702.105
719
718.542
718.098
922
898.459
718
727
731.094
664
665.87
666.392
667.154
668.606
672.535
1040
1054
946.864
875
812
774
764.339
761.133
760.3
759.766
781
813
813.907
807.101
801.775
735
732.703
672
669.464
742
805
781
766
765
770.082
774.299
695
711
711
711.153
708.49
707.425
883
858.147
821.446
797.846
718
717.07
713.19
711.996
712.075
891
871.564
828
789
774
769.657
766.966
719
727
718
805
758
752.921
753.272
759.187
761.133
710
712.797
713.773
703
703
702.917
727
729.361
711
711
716.095
716.636
711.587
710.999
727
727.023
758
774
767.663
764.682
762.914
759.58
750
781
773.555
769.295
695
707.366
706.446
708.322
820
810.511
795.592
785.047
727
728.795
726.138
812
819.379
711
721.513
750
764.854
757.52
735.566
731.857
750
764.411
773
744.658
737.475
751.444
797
781.922
719
724.558
782
793.178
770.557
735
743.328
805
852
742
739.855
726
750.286
759.356
739.828
725.139
742
766.102
771.923
758
781
1055
952.46
866.663
848.268
766
762.804
929
888.123
839.479
815.732
984
860
822.843
822.679
843.272
1054
934.961
856.172
758
762.593
836
774
836
838.296
977
781
782.205
719
718.332
717.524
743
753.273
757.525
773
779.453
711
718.724
735
733.842
730.522
735
711
712.233
709.956
710.22
708.71
813
809.295
891
906
892.553
879.505
869.94
856.886
842.931
832.961
825.769
818.439
811.514
805.26
799.243
794.139
789.164
784.47
779.675
779.005
680
656
672
673.09
688
700.457
716.853
734.241
1179
883
864.037
797
792.881
784.615
777.57
742
740.129
739.168
738.71
738.252
781
782.905
1094
964.152
901.691
750
749.461
747.117
747.764
749.213
750.315
751.681
789
743
741.373
739.991
739.715
797
726
719
719.292
743
743.315
703
713.621
720.601
735
725.557
789
711
719.733
724.852
724.043
688
699.96
1133
828
789.11
791.275
734
731.919
729.901
812
807.89
791.04
726
781
792.357
791.106
761.879
753.744
755.825
761.431
760.973
750
758
761.59
766.421
761.38
751.67
781
735
742.908
744.512
742.529
883
812
805
806.605
803.532
793.117
797
781
742
748.493
745.971
746.366
883
789
789.023
792.414
794.035
789.214
1008
820
821.436
773
773.607
734
734.515
859
850.114
817.054
742
766
774.353
772.003
883
805
773
776.246
784.195
783.443
775.776
617
617
625
641
660.847
789
969
773
769.621
769.667
758
748.931
727
725.403
725.58
725.53
724.531
703
695
694.542
692.903
691.057
689.19
687.586
687.483
687.041
689.223
691.527
694.33
697.313
700.599
703.886
1047
859
789
787.129
785.91
780.862
789
781.667
750
766
766.376
765.953
759.288
752.918
750.788
750.941
750.72
748.055
744.592
744.388
745.353
747.426
734
774
859
855.74
845.684
774
773
770.117
734
750
774
780.104
776.328
821
828.583
819.791
808.304
801.777
796.268
788.773
765
727
728.842
730.078
733.312
737.856
813
825.596
818.616
782
782.283
851
853.158
813
758
742
747.812
760.387
757
782
780.156
776.957
758
758
762.502
766.608
766.603
719
723.107
726.862
733.992
736.478
734.641
736.014
664
680.541
683.058
766
805
798.438
718
715.614
789
914
891.609
850.54
806.74
780.595
758
768.393
785.265
791.615
727
722.068
852
861.812
774
754.431
797
797
782.162
743
755.929
779.895
789.409
758.607
742
764.781
784.459
899
819.532
781.017
782.915
726
711
781
790.174
780.45
758.353
750.312
760.551
773.483
771.205
718
680
686.418
695.233
706.032
707.595
617
618
626.883
638.622
649.651
651.007
655.787
593
578
584.979
589.128
555
565.207
565.96
565.939
554
557.315
539
555
578
577.11
578.845
581.368
664
657.708
657
632
618
601
597.399
592.629
588.824
585.74
633
633
648
644.668
640.725
636.719
766
766
747.582
688
684.402
648
643.277
672
703
711
697.305
703
699.528
812
806.855
734
711
709.216
715.024
716.175
709.355
701.74
701.017
656
663.596
696
702.203
701.305
695.325
693.33
695.716
711
680
648
610
593
594
602
606.09
625
632.462
638.922
644.916
1008
866.526
809.223
798.221
828
824.731
789
767.196
756.511
680
664
660.243
657.696
657.237
656.474
656.247
656.856
804
798.467
793.831
906
903.591
883.85
878.16
875.54
734
742.991
758
757.268
748.684
749.988
757.979
758.485
734
719
703
702.231
656
660.233
610
617.968
616.015
594
596.362
596.028
596.374
610
612.278
632
638.588
645.578
1094
850.214
797.987
735
727.836
656
641.596
640
656
633
632.542
631.61
631.151
649
648.542
647.72
646.853
646.307
645.361
644.903
645.54
646.198
647.001
601
621.635
617.487
616.643
615.058
615.039
648
649.15
664
668.365
672.776
649
664
640
618
620.063
617.818
594
597.758
597.729
599.026
600.756
603.388
606.209
774
729.712
713.458
766
761.773
748.346
739.038
733.762
618
609
612.006
609.954
611.58
612.07
615.084
601
602
625
626.193
630.744
680
687
691.13
695.745
698.484
698.478
680
680.181
677.596
656
649
648
649
646.447
617
625
625
633
617
619.99
622.513
625.023
640
642.023
711
713.966
708.786
687
687.046
682.442
679
688
683.187
679.747
676.886
674.581
695
691.753
688.503
685.071
683.329
682.043
680.004
696
679
682.655
679
680.218
680.688
681.054
681.826
682.812
683.656
684.357
684.88
685.317
758
751.08
750
745.64
742.702
688
693.333
687
696
679
683.182
685.221
687.983
688.233
688.244
649
640
649
656
659.903
662.246
665.407
656
664
656
657.816
656.395
625
632.171
664
664.614
663.89
662.571
663.309
665.097
664.649
662.354
661.484
661.676
661.909
661.761
661.26
661.432
711
688
679
679.165
703
696.89
695
692.193
692.034
690.554
687.585
685.254
684.072
683.412
649
661.688
656
657.988
672
669.768
718
719
719
716.747
714.778
750
744.002
719
720.102
664
671.373
666.437
633
639.446
648
641
640
643.736
647.819
651.363
641
664
679
680
680
683.241
685.571
684.214
682.151
680
678.829
677.945
676.728
563
615.617
571
581.647
580.568
580.167
581.006
582.834
578
582.084
583.3
609
608.355
613.024
616.998
619.867
621.661
622.206
622.254
622.3
621.447
620.444
610
610.299
594
586
586.86
586.512
641
664
667.5
640
641.835
625
617
633
648
651.698
648.703
633
625
623.504
621.577
664
679
675.323
667.937
663.031
661.661
660.064
719
721.263
713.615
704.456
698.934
734
750
711
706.707
688
672
671.726
648
649
648.67
652.172
655.209
657.794
660.793
688
703
705.728
706.05
706.439
705.585
704.075
701.547
618
656
711
726
714.768
961
890.55
845.864
829.17
816.745
794.616
768.614
734
727.46
890
879.24
766
762.773
781.949
802.095
773
789
789.481
726
711
711
713.869
665
669.116
672
726
711
710.673
722.373
733.616
735.001
672
682.512
750
744.377
729.374
757
782
726
750
755.213
744.799
735
750
749.485
688
687
688
688.413
664
648
653.981
656.553
658.33
660.919
666.541
673
678.342
682.083
735
695
699.244
781
773.372
759.879
773
774
765.906
758.096
753.342
836
812.482
794.917
789.892
766
719
734
813
802.573
852
838.874
1165
804
806.544
808.905
703
709.424
713.182
696
703
742
748.32
747.895
688
672
656
654.039
653.581
617
624.033
623.111
623.96
602
609
609.228
611.739
656
664.351
669.679
673.635
678.743
682.506
719
718
716.556
716.505
766
765.699
762.424
711
714.971
742
719
713.048
742
741.735
774
734
703
688
687
689.524
692.926
672
675.004
679.151
684.51
687.064
688.387
689.228
690.848
693.015
692.961
719
718.612
672
679.917
682.817
657
662.677
662.487
663.696
648
648
633
638.425
638.241
664
664.557
666.943
664
664
664
664.89
640
641
640.769
641.802
642.109
609
625
649
650.284
664
680
680.313
664
664.805
662.992
648
647.635
646.088
646.1
645.508
656
654.555
654.22
680
675.419
672
671.372
671.191
641
648.845
647.38
726
717.095
695
703
665
669.665
664.322
664
661.228
659.722
664
649
651.926
688
687.938
682.592
696
687
684.504
672
673.896
673.199
687
683.991
682.979
682.775
682.938
682.687
681.995
681.337
680.993
671
671.614
625
633
656
654.899
680
682.845
685.766
672
671
669.288
667.744
665.845
664.226
663.309
663.036
663.1
633
640.685
640
642.132
609
648
633
656
652.663
703
687
687.108
687.393
656
660.921
656.385
653.091
650.388
648.565
648.742
648.86
672
680
675.716
641
625
627.805
628.34
631.535
609
625
664
669.831
668.791
672
672.212
664
662.287
632
635.616
635.098
635.053
634.462
634.558
664
665.037
704
700.444
695.686
703
698.659
688
726
718.397
713.003
709.168
707.054
703.616
700.277
703
700.115
688
718
742
750
742.75
727
719
687
689.1
686.279
687
689.983
693.35
696.626
699.203
700.565
812
727
728.337
710
712.219
664
670.823
679
679.192
680.304
695
698.502
699.848
687
688.607
688.842
657
664.209
649
648
680
789
778.815
758
751.752
735
711
702.714
695.568
691.623
690.669
690.362
689.771
688.158
664
649
625
617
616.615
617.499
621.241
624.461
629.034
633.952
664
680
649
654.763
656.188
656.785
655.14
653.337
652.56
680
648
656
654.638
653.656
640
640.853
640.439
640.403
649
647.603
648.568
650.824
651.645
652.524
664
661.706
648
680
673.218
680
676.443
727
703
680
683.17
687
682.229
678.722
695
781
781
727
766
812
794.298
773.941
770.8
777.612
769.484
756.26
641
670.542
664
675.568
648
656
657
667.115
640
641
646.542
687
688
689.393
828
711
712.898
695
697.42
695.784
734
721.255
717.088
782
770.248
751.853
750.169
750.847
735
727.068
726.38
725.78
723.339
722.189
722.995
722.836
688
687
695
696
679
682.029
684.507
688.424
690.467
641
655.088
657
659.023
659.664
633
649
652.029
655.271
654.306
687
686.595
685.798
685.37
685.73
719
687
703
742
711
710.843
726
719.414
713.091
710.731
709.998
707.213
711
706.721
706.525
706.324
706.165
706.082
705.814
664
683.327
680.096
681.9
664
669.349
664
667.08
664
666.483
668.885
633
656
641
644.193
644.289
593
617.062
579
589.324
594
591.086
592.217
593.295
595.36
597.137
599.068
600.837
649
648
657
703
656
663.328
633
637.261
632
628.657
617
616.74
625
623.243
622.545
649
648
649
648
647.572
696
687.995
682.491
766
757.46
747.345
750
749.256
742
735.643
732.278
688
695
688.454
683.816
680.091
677.979
676.981
609
637.186
635.101
635.282
617
621.995
623.162
624.869
626.229
628.265
687
688.007
688.316
690.049
742
774
760.083
749.602
742
781
852
834.82
773
805
814.373
719
725.394
726.171
723.532
718.083
704
709.387
727
726.136
773
727
733.145
695
750
719
721.449
720.559
721.369
722.487
722.934
743
736.43
774
734
739.747
737.122
734.366
797
859
839.04
844
727
711
711.201
709.101
625
640.237
601
602
601.205
601.099
586
618
620.683
629.488
637.316
617
656
656.706
660.999
662.864
665.756
667.29
666.932
609
620.36
618.653
612.938
680
672
668.183
668.984
625
633
628.646
624.432
621.543
620.411
620.161
620.73
656
656.053
654.432
719
711
695
711
707.501
702.145
697.347
694.072
774
765
711
703
703
699.901
687
672
675.164
766
914
758
744.307
742
774
767.516
750
730.069
726
751.456
883
822.957
718
718.77
740.086
711
710.861
734
773
766
719
687
692.784
705.133
758
742.074
719.661
713.885
781
791.694
743
731.251
851
711
703
696
704.739
633
633
664
648
649.754
655.695
664.985
609
628.569
630.225
609
602
601
601.467
617
616.309
618.017
620.618
570
592.43
579
581.076
578.718
577.935
578.046
586
583.674
563
569.308
562
564.514
562.959
562.787
546
579
572.732
573.435
575.673
594
586
586
586.957
586
586.295
586.156
586.648
586.785
586.611
578
602
586
586.603
586.927
586.851
587.26
587.104
578
579.686
581.096
582.194
582.972
583.921
584.96
555
562
564.387
564.573
565.002
594
591.413
591.819
592.256
592.916
593.069
592.566
591.9
591.438
625
616.423
613.525
612.476
611.904
610.71
648
638.744
634.109
633.276
634.642
703
703
694.925
689.858
690.069
689.758
685.984
664
656
653.618
650.012
648
672
671.517
673.279
672.988
664
641
642.496
640.299
594
586
587.972
587.676
657
665.1
726
797
794.452
695
695.956
672
734
1094
945.457
820
783.675
780.327
780.911
1125
980.136
820
781
782.441
1234
1031.15
892.482
812
829
906
836
792.817
791.001
829
796
836
727
727.4
789
825.751
814.117
703
705.454
719
735
737.223
722.097
711.007
680
691.793
702.107
844
809.941
771.383
852
859.983
848.624
818.795
810.623
813.636
812.904
800.794
790.386
789.44
792.88
789.247
804
795.136
789.048
875
858.384
845.851
812
813
859
852
789
797
804
797
789.175
688
711.602
720.297
789
915
742
744.573
761.199
781.017
773
755.302
843
813
765
930
1109
922
782
789.08
807.429
806.971
786.583
786.125
859
872.058
822.811
799.12
781
797.578
742
750
828
830.081
804.449
992
963.672
896.328
765
772.548
780.969
804
793.39
750
875
889.982
855.686
813.708
758
770.505
786.805
789.2
773
759.457
769.406
785.626
852
812.271
735
742.677
727
719
718
680
682.65
686.69
695.23
750
797
883
820
806.166
711
707.385
706.583
705.357
707.855
710.949
714.827
867
758
781
961
906.491
1031
1000.09
954.034
950.957
727
734
741.78
743.866
744.529
804
1008
941.557
789
790.119
742
734.452
731.795
672
680
734
766.583
773.568
770.993
719
716.864
716.728
718.159
717.004
844
845.184
826.757
774
763.25
761.828
789
773
766
753.986
751.137
758.607
763.198
758.107
749.459
743.823
744.348
748.3
748.658
743.137
743.479
745.907
749.614
742
743.124
743.66
746.765
747.515
747.848
726
731.817
731.697
734.006
732.801
733.352
734.276
735.252
736.103
736.254
750
747.699
747.556
746.925
782
776.067
771.704
768.511
767.218
758
789
778.984
774.169
771.516
770.546
769.04
765.451
774
769.259
782
742
797
812
766
844
804
781
792.959
785.989
778.373
719
726
728.069
727.667
750
753.237
756.07
758.979
760.402
625
672.776
676.177
681.056
681.709
562
620.732
539
539
541.844
547
545.779
546.539
548.139
550.051
571
585
571
617
633
594
604.711
606.651
607.455
602
586
601
597.265
594.894
594.782
586
601
578
581.91
581.983
609
617
625
618
621.153
641
617
620.243
618.774
617.73
640
633.103
631.946
631.535
631.418
631.112
664
656.115
653.24
652.672
652.645
726
715.1
727
726
723.023
719.946
715.449
710.305
706.233
672
695
689.083
686.595
656
662.913
660.966
660.026
703
698.997
711
713.996
727
726.464
656
673.482
672.031
669.73
666.03
672
672.674
674.498
656
660.541
660.759
695
687.412
684.709
656
665.11
667.224
668.343
687
682.749
680.067
679.635
679.9
735
732.738
724.149
680
682.733
684.492
687.214
684.519
681.157
679.899
681.607
682.099
681.687
679.962
678.781
688
687.521
686.464
696
711
671
704
698.777
696.21
693.707
664
675.545
673.181
672.422
671.538
672.48
758
745.38
734.539
734
719
734
725.15
758
746.637
739.161
734.971
731.697
750
750
742.027
735.994
733.648
742
738.228
733.804
733.718
734.729
836
774
769.48
768.808
771.288
750
749.492
789
813
796.196
786.683
789.397
790.775
781.657
771.655
672
696
703
712.792
714.861
718.125
725.352
735.574
744.354
773
768.096
761.345
760.6
760.981
781
775.117
750
750.07
754.484
718
711
704
704.031
704.243
705.898
708.481
711.799
715.263
718.45
727
729.819
688
672
674.047
673.355
674.793
695
699.075
704.082
937
836
789
766
761.909
695
719
718.94
718.459
715.666
719
719.202
695
703
700.315
703
701.983
664
671.127
669.571
719
734
733.061
727.546
728.056
726.266
723.855
718.945
713.768
710.082
708.899
727
727.3
724.924
720.945
719.333
719.098
688
691.339
664
668.318
667.748
670.329
656
660.466
664
688
691.26
680
687
680
683.372
937
891
765
761.775
758.826
756.286
781
750
735
733.078
735.981
738.81
735.752
728.911
1149
985.299
781
750
753.914
758.181
759.664
766
767.224
805
797
765
761.816
762.297
761.98
695
687
687.571
695
711
672
680
656
648
647.984
647.407
672
703
712.636
718.121
797
804.738
798.155
791.574
704
718
711.159
705.535
701.691
698.954
688
679
680
676.929
695
698.136
701.197
702.933
704.725
758
762.007
760.001
753.307
750
745.706
740.872
735.584
731.45
688
664
663.993
664
667.569
671.684
676.973
852
828
806.926
750
743.49
734.719
726
711
703
700.691
700.379
700.39
700.2
699.112
656
672
673.32
675.374
675.28
674.859
774
742
726
728.344
711
710.639
705.078
700.827
698.176
696.686
695.233
693.215
691.377
690.081
688.176
687.614
727
726
711
703
665
671
669.298
671.107
687
691.113
694.296
695
695.221
773
771.913
761.265
750.637
742
736.098
730.174
724.008
774
726
719
718.811
718.413
716.455
711
734
731.683
797
789.096
778.737
773
769.895
764.57
804
792.955
784.182
778.495
776.095
765
760.655
755.391
727
703
703.261
700.503
704.308
709.79
716.475
722.722
734
750
743
726
729.037
727.963
726.818
724.302
722.717
672
680.007
656
658.801
657.48
660.328
734
742.616
742.246
741.551
821
819.803
807.326
796.56
790.242
781.421
772.245
763.976
727
726.869
722.355
719.181
750
751.637
922
844
844
757
766
805
808.044
795.837
750
718
680
681.674
665
666.388
666.873
669.078
750
770.887
703
695
701.668
709.865
710.851
706.497
867
851.652
758
757.145
758
756.808
766
750.658
820
818.069
742
742
711
713.403
710.669
710.202
711.265
713.55
715.743
720.939
724.429
727.366
742
758
718
725.516
726
719
734
730.055
729.523
729.494
704
708.905
707.143
706.709
705.986
706.316
707.455
708.603
709.581
710.273
672
683.589
828
792.447
789
765
711
711.604
711.676
711.609
710.863
679
682.704
757
772.721
743
725.495
688
672
680
687
694.961
697.365
773
786.373
742
735.15
733.852
736.062
730.911
734
758
789
774
764.418
761.723
781
836
821
758
758.398
750
804
782
770.415
762.346
768.112
813
812.109
794.764
774.628
778.73
795.317
800.674
735
741.806
727
737.341
766
781
797
787.41
785.204
726
731.693
742
782
787.5
774
797
800.542
796.595
787.685
780.114
781
777.774
773.977
769.217
767.005
680
671
688
703
712.198
719.938
648
664.872
668.659
674.978
782
786.257
797
782.863
770.139
750
738.5
726
717.535
695
690.745
687.685
743
756.079
753.887
747.002
740.76
734.281
726.198
718.757
758
765.774
768.43
761.281
755.648
751.415
748.17
744.121
739.324
735.577
733.517
633
609
613.036
625
631.482
639
646.728
656.517
666.506
675.556
742
735
735.309
726
719
712.645
734
729.381
723.923
734
750
703
719
711
708.909
705.029
703.23
797
779.378
767.678
804
801.62
789.471
812
803.012
1086
899
874.819
874.827
864.682
726
736.205
789
792.672
775.492
774.949
798.136
742
766
820
815.975
792.901
791.926
797.105
743
746.169
750.128
750.988
749.437
727
719
726
725.512
723.893
789
793.81
734
688
692.114
694.203
734
711
707.564
742
742
740.127
732.445
732.49
736.702
735
728.594
820
805.583
788.663
781
758
773
764.952
781
771.791
766.993
758
756.986
727
731.683
728.006
730.512
742
766
762.842
758
734
737.434
736.107
727
726.388
726.25
728.611
696
703.17
703.695
687
695
680
672
656
658.952
658.766
656
641
645.207
646.418
617
624.984
625.019
633
633.669
635.996
639.002
657
640
644.323
645.198
632
618
601
603.901
603.365
603.879
696
690.922
664
665.82
667.402
711
687
680.225
719
716.432
797
775.705
711
687
686.207
686.858
685.882
680.323
675.394
579
570
573.854
575.569
579.939
582.906
585.913
648
648
653.957
766
766.499
754.955
711
734
728.138
720.966
712.863
640
649
643.695
609
614.558
602
602.064
633
641
648
652.204
641
646.141
647.702
648.932
647.78
617
633
630.62
629.878
687
683.701
680
677.671
718
665
670.106
668.401
633
641.169
636.958
601
610
586
590.786
589.264
588.381
589.252
590.669
586
589.367
609
606.53
610.181
613.176
632
641
641
639.913
639.913
672
667.576
663.5
664.175
695
688
682.701
656
656.992
654.464
652.55
649.797
641
648
648.91
650.118
650.123
650.268
651.078
672
656
658.429
658.838
659.771
659.881
659.422
656
657.095
657
657.551
664
679
719
717.184
687
688
686.156
684.454
672
649
652.012
648
650.372
688
690.98
688
685.846
679
649
652.024
633
635.985
635.451
638.075
665
669.714
672.963
656
656
655.811
664
661.301
625
633
648
648.135
656
653.935
654.04
654.636
711
706.68
698.752
692.259
672
664
664
661.468
660.584
625
632.533
617
633
632.129
635.997
638.16
804
772.664
711
710.073
707.606
656
658.469
653.929
651.272
617
623.138
622.381
641
640.679
735
828
802.934
779.649
891
871.474
848.115
742
735
726
721.556
719
714.927
715.006
789
794.187
775.643
760.255
719
711
710.248
695
694.112
656
658.5
658.656
660.518
663.487
666.663
727
726
726.884
727.013
680
687
711
712.096
708.847
703.07
700.423
742
746.779
797
783.297
726
723.515
711
715.065
718.121
716.244
726
719
719.823
717.108
714.573
711.716
709.226
704
703.922
703.2
704.518
705.309
664
703
695
696.023
694.806
664
679.542
678.202
617
641.593
640.008
639.321
726
711.479
707.249
707.711
797
776.073
805
726
733.459
726.667
696
695.932
680
656
688
686.374
688.662
687.289
688.972
711
719
716.046
727
680
672
664
672
679
681.013
681.063
718
722.476
721.186
716.599
714.621
664
656
625
625.938
680
688.557
703
688
690.071
689.25
640
646.116
644.414
664
668.136
669.99
670.005
670.373
669.703
669.133
666.312
664.306
662.201
789
766.019
750.993
741.338
736.396
730.161
671
675.082
680
679.247
672
656
660.446
672
675.675
675.204
727
729.355
721.744
719.959
724.042
828
813.86
794.606
773
770.3
782
734
729.883
726.054
723.947
721.16
717.97
774
774.166
796
860
828
814.901
807.142
696
702.552
701.882
701.769
705.464
711.155
718.481
797
803.512
792.562
734
696
696.374
697.153
699.774
672
675.234
678.688
685.002
689.199
689.784
691.449
694.272
696.891
696.696
719
734
750
746.899
745.434
743.539
740.31
736.467
732.604
729.186
727.677
725.698
723.975
758
754.105
774
770.505
774
769.074
773
766
762.467
758.881
711
721.121
704
706.388
758
774
772.307
770.785
734
719
734
735.04
688
695.972
687
695
696.7
719
721.416
703
672
676.751
677.284
680.129
679.897
679
680.994
684.083
685.999
685.753
685.137
685.98
686.497
672
727
758
757
748.251
743.168
738.876
719
757
789
797
783.368
774.253
769.201
766.551
742
852
832.169
765
727
731.251
672
656
664
666.035
671.518
677.372
686.534
697.413
812
750
751.616
754.799
755.213
747.321
766
761.743
757.483
751.194
745.542
742.505
680
688.484
683.391
682.073
672
672
648
641
640
640.137
641.435
643.717
664
671.744
727
726
728.173
695
680
656
652.923
650.114
664
668.738
671.965
672.663
672.435
758
797
805
787.655
773.471
726
719
711.57
705.093
700.164
697.736
696.057
766
776.09
770.043
766
742
711
718
715.748
750
757.886
719
719.566
722.654
727.351
727.536
722.048
717.551
703
704.693
706.362
708.208
707.652
707.044
708.801
710.882
711.579
727
703
727
742
741.251
737.465
736.09
736.19
734.967
758
749.907
746.329
703
758
844
797
758
765
781
784.451
726
734.931
711
719
718.588
717.392
716.767
721.14
726.646
726.817
757
751.516
813
773
774.45
758
758.234
727
731.199
728.33
703
708.264
707.112
774
773
766.396
765.244
762.987
758.546
752.564
742
738.716
703
708.15
706.709
656
664
695
699.128
773
781.09
773.578
844
842.316
727
695
695
711
715.605
717.22
722.274
781
782.756
767.59
764.144
762.936
754.997
744.975
765
766.413
760.383
753.579
753.013
756.004
751.81
747.558
747.08
747.032
746.97
742
741.836
744.595
680
701.37
701.471
860
906
887.176
766
766.56
761.335
757.61
754.698
750
774
782.379
780.555
770.322
760.937
711
711
712.231
742
696
699.679
704.484
664
727
719.21
721.882
722.748
725.731
727.186
805
790.054
773
770.927
758
753.372
745.613
740.232
804
797
785.258
776.69
766
764.812
758.746
752.947
1094
959.098
894.383
890.963
890.757
875.459
842.419
836.791
789
789.629
789.171
789.226
836
797
796.037
796
796.507
773
758
759.229
750
750.358
751.069
753.445
758
719
725.028
725.349
726.729
726.076
727.761
731.086
758
762.409
764.896
727
733.513
734.511
735.957
732.283
729.563
730.213
711
726
750
727
727.632
728.332
731.232
731.594
711
714.949
735
734.013
730.756
730.348
687
699.783
700.333
742
733.247
750
774
773.65
767.955
695
704.507
664
667.434
666.226
669.187
673.896
742
719
703
735
734.994
730.273
725.839
725.548
680
690.182
688.791
757
782
768.094
757.24
750
726
721.42
714.823
710.369
656
662.063
641
642.196
640
625
625
626.692
629.225
631.485
635.336
639.26
570
596.643
595.575
595.002
594.337
594.172
595.57
596.843
555
573.026
571.802
570
569.105
554
559.092
559.754
563
561.45
562
555
557.887
558.946
559.585
560.762
610
632
649
649.722
651.133
641
633
609
605.634
600.62
596.846
594
591.712
589.946
588.346
588.106
585
584.76
584.519
625
628.601
649
652.326
655.037
640
641
636.653
672
668.337
679
675.127
673.857
671.99
669.022
666.352
663.88
680
656
658.263
657.165
657.082
648
649.128
625
630.146
629.225
633
634.428
625
628.471
630.714
633.252
634.784
656
641
644.557
645.798
646.546
641
672
679
674.746
672.779
671.814
633
633
625
624.079
617
619.169
632
618
640
680
711
664
669.194
668.801
667.032
663.764
660.605
658.917
680
675.178
703
695.923
691.1
688.574
686.472
684.563
640
650.544
726
714.945
719
711.916
709.551
706.395
726
718.932
711.916
706.895
704.467
757
755.024
744.16
732.408
735
718
719
713.395
711.487
712.276
929
865.714
829.813
875
836
814.34
800.641
703
708.586
961
884.73
838.441
1008
972.838
915.549
907.592
688
707.121
710.427
717.939
723.963
731.988
748.62
765.579
664
682.087
672
671.476
656
657.897
659.341
661.711
665.329
672
674.375
649
655.928
654.248
654.46
652.551
649
656
655.454
640
643.831
643.318
645.277
656
649
648
680
682.646
686.009
686.96
688.153
689.152
686.48
679
677.747
664
664.329
664
617
629.863
628.407
630.344
632.605
656
680
671
657
640
641
633
633.577
656
657.073
703
703.124
680
678.633
664
661.867
657.792
632
635.025
635.029
637.89
609
615.743
617.34
594
600.551
602.954
594
594
593
594
595.688
597.799
602
594
597.687
599.735
601
602
609
610
609
609.81
610.527
601
602.301
695
703
694.835
690.427
648
648.475
617
578
582.603
580.821
583.063
585.331
587.742
590.7
578
582.645
584.302
618
632
633.705
703
703
699.298
698.213
694.185
689.578
683.981
710
704.187
700.51
698.221
697.507
695.01
690.566
686.564
683.078
664
672
667.218
656
659.3
661.594
665.258
667.832
672
695
719
722.843
722.525
711
710.564
641
648
645.447
644.276
645.479
844
828
836
823.938
781
758
739.639
724.085
712.418
707.542
706.97
707.415
707.613
734
735
726
721.238
716.736
712.95
711
710.269
750
789
792.162
786.544
781.496
777.395
771.753
727
726
774
775.09
772.858
766.517
766.617
768.179
765.071
758.962
758
754.46
719
724.95
750
754.883
727
730.389
737.289
735
732.984
731.214
735.007
738.176
738.606
750
748.465
748.245
748.338
812
803.159
793.417
742
748.523
703
672
664
663.476
687
699.18
711.561
722.27
730.355
735.241
736.648
672
664
703
705.457
708.369
766
768.415
758.228
711
710.066
696
692.685
773
775.059
789
774.433
764.472
781
781.244
727
724.827
722.6
726
727
687
703
707.791
828
758
773
772.4
1031
922.119
860.97
846.361
845.447
839.818
815.302
750
749.06
753.939
765.358
764.9
836
782
778.505
779.211
782.799
781.594
804
961
868
857.045
857.814
836
836
826.822
823.673
819.528
817.236
815.233
813.207
811.949
726
743.739
851
844.258
828.502
812.852
742
774
783.535
790.363
703
680
685.542
693.44
680
703
713.731
726.4
735.09
740.75
740.889
740.696
742.888
711
713.032
742
758
751.918
743.301
744.384
744.524
804
797.513
785.431
820
821.185
815.424
734
742.847
747.471
657
672
718
720.866
765
775.977
867
857.6
837.816
833.881
789
779.955
768.507
797
782
777.937
778.845
780.031
776.562
742
742.1
774
835
860
844.08
773
828
840.018
773
772.784
773.953
820
810.032
795.887
793.707
801.133
804.456
792.877
781.672
812
868
840.018
815.553
819.029
834.381
837.497
789
793.607
805.848
811.779
906
821
816.172
750
757.654
764.82
772.17
696
708.047
717.985
641
657.763
662.132
665.358
668.499
680
688.548
695.686
701.535
707.167
671
680.346
680.56
677.153
675.572
675.823
677.237
677.061
680
679.117
678.461
677.269
664
695
689.804
689.428
689.638
734
688
694.711
694.153
765
782
789
780.617
766
757.66
749.76
742.735
736.528
719
1094
937.993
866.22
854.891
703
687
688
688.844
693.053
694.585
696.647
805
817.685
719
703
707.23
695
694.21
692.891
692.629
773
790.774
772.495
766
767.642
767.359
756.912
727
722.834
724.193
726.752
726.094
750
754.214
755.646
836
781
772.599
769.731
727
703
702.079
726
729.462
732.374
736.849
757
757.802
726
730.903
730.456
728.023
723.349
721.037
721.447
723.007
828
818.315
802.381
793.003
727
734
704
702.39
701.108
718
726.775
733.82
736.323
727
726.23
758
760.055
703
710.975
714.121
695
697.868
680
685.58
859
844
813.667
742
743.453
743.378
797
782.765
734
730.384
703
713.981
723.3
729.392
722.766
712.06
707.819
713.927
721.515
820
789
771.586
763.005
766
768.117
760.986
774
773
750
747.766
744.221
742.332
738.683
734.63
733.602
734.444
734.216
732.103
731.571
750
844
1078
996.524
750
750.443
752.707
763.73
767.898
1008
797
785.057
787.004
735
773
852
851.638
828
820
818.266
819.409
807.877
790
773
734
735.005
734.344
733.935
734.243
737.137
852
860.671
847.527
750
754.332
812
822.594
750
749.228
781
794.442
784.725
757.288
756.89
776.096
789
771.519
746.312
747.714
772.588
726
724.82
820
800.728
780.68
765.895
783.133
787.544
774.694
750
760.828
771.403
773
782
767.671
769.093
773.799
726
734.73
750
828
808.198
805
799.74
800.049
836
813
801.157
742
750
836
836
812
788.223
783.715
766
758
758.051
756.573
756.551
759.888
835
843.953
830.937
812.425
805.823
809.19
806.028
796.767
914
797
800.966
899
866.67
839.048
838.869
845.938
789
795.949
804.191
766
734
745.368
750.225
749.602
749.888
759.091
1125
937
790
790.243
703
699.108
698.141
698.398
742
758.578
759.258
805
812.026
766
762.531
761.714
695
695.808
711
710.117
711.297
714.315
719.406
722.202
774
772.756
765.794
695
735
733.612
696
671
674.919
677.682
680.705
679.879
680.757
684.921
688.839
690.036
578
586
590.476
601
602
604.955
609.318
614.858
620.477
586
563
571.078
570.096
554
558.5
559.641
560.345
531
540
541.317
540.837
540.762
541.035
542.152
543.317
544.692
695
653.271
645.2
644.02
643.464
750
735.401
734
719.569
680
673.017
666.118
658.901
651.303
640
634.685
648
645.2
642.369
609
609
609.646
618
672
718
727.241
727.001
724.075
1032
843
711
704.276
664
688
726
726.46
914
858.866
727
703
711
716.969
711
711
707.854
664
665.067
663.296
641
641.236
640.205
766
773
751.681
742
688
688.202
687.219
682.281
680.151
680
679.114
678.665
676.286
673.305
750
734
723.776
672
656
641
639.523
711
679
696
698.717
789
786.567
767.259
752.78
745.926
739.831
730.449
719.731
712.78
789
789.036
774.33
757
755.441
759.748
756.338
747.276
703
688
693.042
696
702.183
706.151
709.36
648
688
693.142
699.474
695.983
693.543
694.508
698.605
701.712
657
648
649
650.71
651.718
828
922
881.796
852.841
860
789
766
748.066
733.418
723.721
719.305
717.818
717.59
717.46
718.065
718.436
781
750
774
789
791.078
743
695
696.371
679
678.601
679.526
682.929
688.041
693.143
602
586
590.992
586
594
594.288
601
604.467
609.465
773
742
730.329
726.05
891
812
784.646
750
745.863
750
744.119
731.334
672
641
641.738
641.336
594
609
586
590.885
590.282
617
619.267
627.196
632
665
672.387
677.368
681.394
648
653.853
649.598
646.362
656
652.159
650.417
650.286
617
594
594.984
592.993
593.853
594.861
596.264
610
648
656
665
671
672.067
670.11
666.375
662.289
658.109
654.03
664
661.215
659.456
664
672
671.086
670.507
669.945
669.692
669.119
672
671.451
664
649
625
630.124
625
627.503
629.271
602
609.862
593
579
582.672
582.972
584.893
586.827
589.247
592.003
594.78
597.398
599.786
657
655.225
653.796
653.545
652.592
650.864
679
673.843
758
703
701.78
699.642
697.024
691.798
685.681
547
618.95
617.317
773
723.225
700.537
758
757.151
742.159
729.325
750
782
763.462
746.573
745.551
750
744.678
731.271
742
741.216
758
745.306
790
718
719
797
785.532
772.428
765.23
769.184
769.058
762.15
756.159
891
805
793.24
789
795.491
783.833
770.823
778.452
786.449
742
755.1
764.275
763.24
756.324
760.555
767.407
764.957
750
750.69
753.517
727
734.332
736.173
737.408
738.85
741.051
743.635
836
820.424
781
784.468
786.957
766
828
930
900.844
876.312
864.996
860.975
849.268
834.059
860
858.507
758
773.762
779.467
757
757.877
764.617
773.275
789
773
777.945
687
711
711.313
712.038
695
700.006
705.41
672
735
851
860
867
804
727
719
773
1086
962.304
869.039
758
789
826.102
841.952
814.297
762.216
742.611
749.482
813
848.098
703
742
780.581
758
734
724.657
746.276
777.754
771.356
739.984
719
741.237
695
696.521
656
662.527
662.77
664.534
688
703
706.654
719
723.445
711
712.066
648
657.124
654.531
652.17
651.701
652.182
687
692.272
695.387
734
711
742
734
730.827
664
664
664
661.913
661.831
663.43
703
711
708.684
706.578
704.746
701.901
719
713.452
709.022
706.639
665
673.865
673.086
673.881
656
687
680
672
673.314
674.518
664
667.247
640
647.857
647.085
648.546
649.69
651.426
601
621.774
619.349
586
596.684
586
589.376
578
581.911
583.159
672
750
734
725.177
720.125
797
734
726.831
758
749.314
726
774
761.125
749.163
758
750.421
740.51
733.688
728.49
727.661
765
735
726
735.538
733.104
728.906
688
672
648
648.304
647.574
617
621.675
621.959
593
599.361
599.165
599.653
600.837
602.622
605.3
607.897
610.286
602
604.993
605.984
607.314
607.834
608.227
609.039
625
623.498
633
632.582
632.49
633.109
844
891
929
891
875.905
862.591
846.301
828.948
813.036
800.892
791.382
782.29
771.876
680
678.612
677.502
676.039
675.67
675.029
682.255
690.274
700.242
711.238
721.057
728.128
733.79
738.674
656
668.918
667.637
618
609
633
640
657
656
660.895
1117
887.997
985
948.406
884.74
884.666
679
684.012
664
641
625
623.797
623.208
594
578
577.71
576.597
570
569.297
568.839
569.764
570.066
641
651.062
656.465
659.34
665.728
671.049
674.041
675.378
677.108
679.192
703
711
703
701.648
641
647.308
625
618.186
611.455
607.005
607.639
609.096
579
588.566
594
596.259
598.576
601.278
604.629
766
805
1023
977.189
941.837
930.512
915.868
891.437
867.296
847.429
830.648
814.18
797.462
782.216
768.562
756.359
625
617
610
608.693
608.868
609.579
611.142
615.034
620.795
571
591.332
578
579.216
554
560.613
559.495
558.888
558.449
558.247
571
554
559.749
554
571
567.357
617
633
640
646.537
652.209
656.251
659.123
659.891
719
715.015
672
687
711
705.443
698.716
664
668.758
742
727.306
719
707.485
797
793.442
727
719.914
737.737
745.561
728.164
712.111
725.971
736.855
730.681
713.216
812
806.651
777.559
704
728.992
748.71
711
707.332
719.579
732.394
695
701.44
773
781
703
735
773
762.061
731.725
730.94
751.343
742
727
726.543
740.565
1070
896.772
811.346
811.708
822.865
719
720.586
797
796.542
765.419
758
812
815.637
719
726.531
751.582
753.531
733.154
729.583
749.051
750
758
740.445
844
742
740.712
756.15
761.384
741.447
836
811.783
750
770.061
727
732.155
736.226
733.656
680
701.094
699.94
664
688
695
695
664
680
680.288
679.508
677.591
679.272
859
758
743.632
746.315
747.949
703
696
695
695.158
693.547
781
711
713.632
719.032
718.837
715.344
712.945
860
726
737.579
748.438
742.58
836
843
811.796
808.365
807.019
790.19
775.405
774.543
797
914
872.717
1039
1006.6
742
769.156
778.678
781.078
758
764.849
779.222
786.036
785.409
787.766
792.85
792.06
797
794.953
758
773
776.737
775.034
769.013
768.695
769.824
771.647
771.791
695
711.661
712.924
716.856
688
694.835
700.09
705.697
707.608
709.6
714.762
703
708.319
718
750
805
734
740.601
745.924
828
806.992
788.083
776.84
778.72
783.24
777.024
765.527
782
785.002
860
835.042
828
742
711
719
726.477
737.997
741.576
687
766
780.234
785.954
727
742
742
749.535
740.341
726.984
695
703.844
696
703.677
701.14
867
774
757.403
773
758
789
750
719
725.607
726.398
805
782.961
763.863
797
812
750
703
712.351
688
695
697.45
852
836
843
727
733.439
711
797
750
744.779
743.32
703
750
754.755
852
813.815
844
820.506
711
731.833
734.447
736.477
735.121
732.826
733.814
736.548
737.753
737.729
711
719
719.553
722.744
720.771
773
775.419
852
841.02
827.729
719
724.357
711
687
687.919
689.669
695.771
726
739.55
813
828
805
794.459
784.202
688
690.11
690.443
875
852.461
782
703
695
697.438
705.184
711.511
750
844
845.179
819.739
798.789
742
733.639
732.755
703
695
693.801
711
719
898
898
821
734
732.603
734.387
828
805
750
740.51
747.597
696
697.141
696.227
797
757
738.452
718
758
780.23
757
774
772.562
769.264
759.257
695
704.915
706.211
710.92
797
780.575
805
711
724.893
766
770.563
761.758
746.147
736.548
737.374
680
690.493
656
658.984
711
719.255
844
719
724.708
726.563
729.822
729.333
766
695
688
695
734
805
779.211
754.355
742.563
740.994
742.156
696
697.98
687
687.909
758
742
719
773
727
695
699.531
758
805
828
814.716
807.512
797.576
785.7
727
656
660.139
662.325
667.518
675.556
683.26
679
686.217
693.9
703
727
742
727
730.343
732.503
733.439
730.984
656
669.117
668.665
667.331
666.494
666.659
679
696
695
711
727
727.181
725.969
641
659.135
658.787
658.29
657.748
657.818
660.844
696
672
675.128
675.474
676.625
680
711
705.175
750
742.601
687
697.597
695.577
664
664
663.277
662.247
662.862
844
781
760.582
766
763.901
751.305
719
718.449
766
680
694.432
698.282
697.693
696.153
696.507
698.047
735
724.431
721.772
742
745.844
851
824.868
809.197
806.131
836
750
756.958
789
778.231
882
836
819.937
758
760.191
711
750
820
781
774
779.713
788.899
787.379
776.242
789
735
744.761
743.346
843
823.044
758
763.909
776.134
782.592
773
781
779.237
820
719
740.654
747.168
746.112
740.28
727
741.259
746.748
745.047
738.82
743.96
796
784.376
773
844
830.178
811.834
781
794.347
793.102
781.975
775.529
779.458
782.05
789
859
899
876.659
860.569
758
763.421
680
718
727.229
813
831.964
774
758
742
741.369
743.713
797
758
781
797
799.883
796.368
785.219
776.589
836
750
756.228
757.535
757.2
750
750
753.609
753.656
753.231
753.743
755.763
758
758
843
824.626
711
734
738.163
742.125
741.344
741.583
746.947
752.043
742
742.322
743.844
727
729.947
750
696
711.809
680
689.146
690.206
641
655.539
653.706
655.132
657.041
660.262
727
725.248
725.758
719
836
810.851
742
745.437
758
883
824.206
750
751.871
765.176
844
809.318
906
871.125
834.648
815.287
817.839
824.689
711
750
914
870.305
824.262
804.654
766
769.838
769.074
765.395
762.666
761.796
766.077
770.374
703
696
696.648
719
724.465
725.11
725.176
774
791.4
791.06
782.867
727
703
734
789
793.699
779.123
758.79
1023
959.67
895.525
766
796
830.284
797
764.473
760.616
793.169
824.931
735
750
812
830.714
779.99
711
733.299
758
766.487
757
738.589
867
703
707.647
719
742
726
727
740.671
672
656
662.785
662.841
662.678
663.361
666.123
726
750
739.326
734.949
735.382
734
743
734
742
719
719.248
716.449
715.084
711.345
708.923
906
856.549
825.702
811.003
766
703
700.443
699.444
702.231
706.638
710.509
714.967
718.247
719.632
742
743.894
741.497
718
715.249
709.294
789
795.796
789.464
775.43
766
762.025
687
692.066
689.305
719
729.907
734.753
732.556
731.912
732.331
730.636
726.256
721.079
716.127
712.576
750
757
774
766.11
758.248
703
705.976
701.795
750
750
750.068
744.173
739.653
737.159
734.407
730.481
743
741.089
737.363
742
740.402
805
718
719
724.574
812
758
703
716.831
726.074
728.034
720.763
711
723.213
732.006
883
819.969
750
758
777.257
785.221
759.663
738.581
743.104
761.417
772.487
754.878
737.475
688
699.108
712.351
723.748
721.222
707.744
703.727
727
742.219
890
891
857.31
830.802
816.501
805.928
796.488
785.123
774.137
766.593
804
814.595
811.852
734
737.822
672
688
703
711.858
724.279
737.055
797
817.885
816.008
806.435
800.667
773
774
742
737.891
735.788
734.962
734
732.966
727
725.426
723.525
766
703
714.158
715.656
781
777.173
743
747.462
751.464
711
718.826
716.162
714.281
713.395
714.088
696
687
672
703
698.036
719
715.762
717.422
719.257
721.575
804
799.635
787.544
735
656
660.694
662.073
679
688
687
688.981
692.829
609
625.962
628.207
630.428
633.135
634.881
734
742.695
805
812
796.985
719
711
734
733.414
728.037
719.982
714.873
672
677.287
672.958
711
742
738.359
757
747.268
741.68
735.766
730.141
727.087
680
687
684.983
687.539
797
795.419
828
824.108
812.346
711
713.905
773
828
828
805.004
859
864.733
750
758.585
763.988
763.666
754.084
752.722
867
849.617
816.849
734
742
748.61
921
859.934
819.28
815.109
827.255
835.179
695
680
695
742
735
703
706.333
750
777.903
760.083
742.172
687
695.056
640
643.837
649
648
641
641.48
644.321
647.322
649.416
618
623.653
623.994
623.52
622.039
640
640.934
641
643.742
640
643.247
648
646.819
672
671
671.347
671.588
671.791
695
688.929
685.81
686.171
687.083
685.042
664
664.659
656
656.228
655.739
655.867
656.751
664
664
656
633
639.676
639.086
640.903
641
643.557
625
602
617
609
612.242
612.639
615.515
547
577.952
539
550.578
549.145
546
547.054
547.485
548.572
549.652
550.87
672
656
641
640.51
640.551
638.461
633.964
727
708.929
703
693.125
688
679
672.377
665.036
658.989
719
695
680
685.055
688.953
625
602
562
555
563
570
555
554
556.639
555
557.09
558.237
563
564.095
566.472
568.697
570.848
547
553.962
554.458
554.406
554.812
555.02
610
604.636
594
597.012
600.26
602.132
600.919
602
602.582
603.002
602.903
648
641.985
638.352
617
618.167
617.345
616.423
614.566
719
734
723.731
703
697.618
693.284
688.689
682.091
664
672
670.325
672.21
669.047
665.212
640
641.712
639.301
687
690.051
689.664
690.312
743
734
728.815
664
671.672
719
716.069
706.417
696.266
695.825
726
729.135
656
666.585
675.756
683.431
677.451
669.013
673.244
684.327
633
649
695
684.292
675.687
672
679.191
711
698.014
688.872
688.996
672
674.722
672.012
687
703
695.208
758
930
881.45
953
949.467
924.93
867
860.04
847.811
765
761.269
797
765
761.981
770.085
777.282
775.16
773.431
774.112
773.972
813
816.043
814.242
818.726
836
835.338
828.026
773
797
813
810.673
800.55
796.002
687
688
688.372
696
687
695
727
748.129
759.359
742
766
774.075
703
672
675.027
676.46
678.335
680.516
711
723.733
724.195
724.862
726.646
766
734
733.013
732.945
732.537
729.781
725.418
723.163
723.645
734
729.44
728.104
726.893
711
695
743
828
814.042
799.174
696
706.815
710.453
717.788
758
757.275
743.294
733.394
680
672
719
737.37
742.634
728.351
709.149
774
789
788.919
750
738.65
891
765
750.755
781
742
744.088
851
802.705
805
883
890
774
796.586
811.162
787.008
774.731
797.433
828
790.219
789.333
765
773.443
726
696
711
713.87
717.508
720.006
727.888
680
690.168
672
688
686.822
688.702
690.487
693.031
695.525
633
644.764
649
647.909
647.407
711
713.345
672
695
688
687
682.264
679.393
679.058
672
742
719
750
742.959
735.839
774
761.941
843
1102
999.01
952.221
942.296
925.686
896.531
869.107
773
805
821.393
750
797
734
744.511
744.802
745.118
744.945
744.902
745.626
750
726
797
787.366
788.274
789.989
812
782
787.52
786.125
774
781
820
829
819.829
805
807.889
805.481
805
797
852
845.246
838.665
789
797.707
801.719
800.076
792.192
787.653
766
772.923
734
711
711.731
713.416
719.025
773
789.1
766
771.152
778.221
735
734
732.41
742
719
723.086
725.264
727.005
719
720.628
796
787.098
734
741.343
797
726
732.005
742.539
750
718
743
748.125
711
711
722.341
720.782
945
845.541
805.934
742
743
741.209
738.246
726
725.325
820
726
726.918
765
727
727.594
732.448
732.931
789
778.242
769.219
883
855.511
742
763.934
711
711
712.663
712.4
688
703
727
729.137
730.671
735.352
738.624
820
801.631
734
740.249
782
779.369
760.915
748.859
758
765.432
758.402
744.953
744.948
796
793.702
774.063
756.994
771.467
783.554
781
763.348
756.729
765.632
772.382
769.574
758.481
656
683.264
690.905
719
750
739.721
729.77
757
852
976
805
766
742
747.414
755.218
756.607
836
837.594
812.371
796.931
726
742
719
695
694.744
696.162
699.736
680
684.172
688.059
625
640.31
640.047
639.546
758
748.229
747.761
750.841
752.425
748.954
750
741.43
734.288
727.79
722.109
836
820.263
836
820.732
808.439
797.447
786.284
742
737.124
735.027
737.977
742.435
875
1125
805
802.259
806.83
812.625
807.147
805.528
815.393
821.49
818.772
828
827.788
825.612
820.215
735
743.869
703
696
695.542
695.339
797
811.686
766
797
781
758
758.763
757.885
754.911
750
749.959
750.103
749.214
748.115
821
813.026
801.073
703
726
728.142
789
797
780.558
767.343
763.733
844
849.135
833.105
734
742.605
764.15
789.925
781
753.197
836
846.98
828.504
860
851.416
834.732
773
782.108
750
753.855
754.643
757.289
760.76
766.072
743
749.581
751.189
688
750
739.005
742.611
743.638
747.503
750.729
867
836.066
820.02
816.642
811.707
801.782
790.663
783.976
782.176
778.423
726
703
703.332
695
698.111
836
953
953
813
734
733.855
719
703
701.748
664
657
656.732
657.663
660.551
836
835.624
807.688
791.088
757
758
781
782.736
773.356
758.737
782
786.541
783.049
769.968
758.018
752.107
766
768.56
761.675
758
781
788.141
788.52
779.633
742
781
785.126
787.162
743
749.052
757.485
764.469
743
742.866
749.381
754.893
757.1
719
730.029
789
786.321
758
797
803.164
796.007
779.461
778.013
783.493
780.399
766
762.785
828
789
742
781
789.349
778.305
764.149
777.687
786.2
719
736.571
749.175
747.643
735.872
746.045
859
820.018
790.247
793.526
812
805
742
750
766.368
769.326
734
740.96
761.488
750
695
735
828
765
744.876
734
758.204
760.226
738.869
731.317
750.87
742
733.083
724.503
736.173
744.67
739.642
724.962
724.315
736.45
740.481
730.868
734
719
723.894
725.091
725.758
774
765
760.055
757.177
757.182
695
705.806
704.11
704.246
704.949
883
820
800.984
799.653
797.47
784.835
782
750
751.22
820
813.32
758
760.209
821
821.229
794.387
828
830.429
750
769.647
783.694
776.703
761.571
771.342
703
703
706.18
711
687
693.49
699.13
704.034
706.335
710.786
716.242
719
722.423
781
778.276
773.542
773.312
773.782
768.916
764.724
742
741.422
738.265
735.198
781
776.243
771.108
797
796.893
718
688
711
712.77
717.358
721.502
758
768.47
764.387
763.353
758
754.184
789
774
765.863
764.519
766.973
764.823
759.41
789
828
818.99
810.141
750
753.802
753.51
754.111
751.361
750.135
752.638
687
699.26
820
818.581
804.322
784.309
772.308
772.081
778.574
774.513
789
777.146
770.613
796
799.677
813
750
757
768.436
776.588
770.462
735
750
765
772.184
763.593
710
723.755
737.63
749.164
930
883
834.723
818.029
816.687
813
797
779.608
767.687
765.635
844
853.718
834.596
735
738.133
812
844
832.266
794.195
771.726
782.005
742
751.113
753.504
742
758
758
763.627
763.798
760.539
773
766
765.905
760.256
742
766
760.983
760.375
759.007
759.792
760.536
759.775
734
789
776.258
772.063
769.402
770.606
767.906
758
718
733.288
733.335
766
756.691
754.477
756.125
758
758.839
753.714
748.955
687
700.928
702.673
664
688
734
773
743
711
716.053
664
680
678.091
678.436
711
715.304
727
725.138
721.704
718.526
712.876
707.754
702.304
697.692
695.213
694.977
734
731.949
758
754.944
750.285
765
774
769.572
773
767.688
763.434
765
760.417
742
750
747.256
805
794.924
788.009
789
786.572
742
747.872
687
719
781
780.902
742
734
740.015
746.752
745.9
797
773
765.1
762.455
762.481
760.487
773
761.969
813
802.341
727
743.687
748.192
745.253
695
712.914
735
733.821
725.713
730.749
739.388
740.57
743
741.668
744.078
765
774
758.485
756.42
761.244
763.507
820
803.069
914
796
802.121
773
758
753.924
774
820
816.649
811.16
809.27
719
732.263
731.424
696
700.584
640
650.426
650.154
650.786
859
823.901
828
821
807.706
781
766
753.135
742
734.449
731.992
729.313
703
702.513
700.102
726
731.034
729.44
727.029
728.39
711
712.124
710.04
710.35
711.179
789
812
743
748.153
758
758
749.27
719
724.388
703
711
708.527
708.269
727
729.862
730.535
695
711
713.427
716.615
711
742
758
805
765
764.305
762.836
759.898
753.86
747.675
765
766
727
733.123
735.53
766
757.305
734
737.069
741.174
744.158
738.47
742
745.208
748.177
748.237
746.418
745.192
745.47
727
729.843
695
688
664
672
664
667.864
671.247
676.628
682.218
758
761.205
727
732.638
733.943
731.674
725.935
735
732.172
728.328
724.538
758
749.911
743.55
804
791.635
750
774
719
728.502
727.82
723.755
742
711
721.895
721.04
726
722.223
723.159
724.375
725.693
696
706.816
703.832
704.565
704.466
711
766
760.268
754.837
789
785.581
778.285
726
696
697.751
696
698.334
701.208
705.33
750
756.533
750.55
746.175
719
719.403
715.43
714.269
719
711
727
726.646
727.172
725.236
742
738.852
736.298
680
690.883
690.202
640
650.593
664
672
679
672
672
676.231
672
673.278
673.293
703
700.593
699.634
700.478
727
723.07
717.372
712.866
711.728
709.847
718
766
760.31
753.318
749.492
758
695
696
679
657
659.491
659.731
663.626
805
773
821
823.006
807.7
828
817.697
806.21
796.705
711
719.005
734
766
762.482
755.75
755.159
756.159
755.686
750.3
744.936
766
769.05
781
779.019
775.284
775.228
711
719
742
740.931
739.488
711
719.209
718
719
719
718.188
797
800.482
790.616
780.773
726
732.908
735.681
773
766
754.821
758
765
703
711.474
708.59
742
742.42
750
719
722.165
724.551
765
762.349
753.316
746.58
745.017
695
704.078
742
735
730.372
696
679
683.452
703
805
797.202
779.297
764.352
766
770.188
771.598
765
750.158
738.34
736.221
739.986
727
711
711
714.771
719.852
722.15
721.075
721.855
726.195
730.258
732.074
750
751.005
750.32
749.62
749.054
747.932
757
752.948
750.965
749.026
747.551
742
750
746.389
746.045
745.776
742
741.852
741.645
741.194
766
742
746.525
747.173
734
742
774
773
781
777.078
774.305
770.995
781
727
738.984
750
745.423
765
759.367
759.605
836
820
809.35
802.441
799.974
794.469
696
679
681.726
617
627.489
648
654.033
663.459
674.26
685.91
688
672
664
663.953
663.619
663.714
703
711
695
696.452
696.344
695.861
820
789
758
773
704
708.211
701.526
695.086
691.062
688.076
687.776
687.096
805
742
739.972
742
742.342
735.569
726.755
724.96
758
752.305
742.564
742
718
727
721.368
718.189
852
734
744.176
899
833.579
801.934
801.09
801.439
742
752.35
735
736.203
735.65
736.137
736.561
736.933
737.131
711
720.47
718
718.724
718.025
718.988
742
742.569
719
724.299
726.808
711
714.119
713.236
713.828
1172
914.074
836.395
765
763.996
762.812
761.666
759.823
758.667
695
696.638
696.31
696.708
743
747.229
742.421
726
723.764
723.306
722.469
703
702.79
758
992
914
865.831
847.159
828
867
743
743.787
711
789
804.803
802.017
820
821.979
819.137
807.544
795.126
843
797
758
836
867
781
793.067
859
914
774
794.686
823.298
750
727
742
789
775.407
796
813.778
811.848
784.643
788.452
800.049
786.136
777.985
783.345
787.386
797
742
752.748
734
739.558
737.431
738.489
740.717
703
713.423
714.12
711
712.467
714.521
742
745.57
748.066
805
801.386
867
858.455
805
809.181
802.271
794.771
786.881
782.941
836
829.077
750
760.374
735
773
797
787.84
726
735
744.675
754.534
719
723.606
730.689
739.229
740.022
732.734
731.884
781
785.118
711
721.071
734.695
740.217
726.585
812
806.579
734
711
688
690.512
719
721.857
734
719
724.025
728.638
729.634
724.287
722.084
718.784
742
743.752
828
742
726
743
748.031
742.796
688
701.889
708.029
758
742.791
730.034
797
802.49
734
739.061
754.147
751.288
730.002
734.275
748.922
746.367
732.46
758
761.997
711
721.494
732.856
718
712.31
750
735
727.628
735.938
695
706.309
707.605
705.389
705.467
707.335
709.868
711.061
789
775.153
767.289
774
770.015
765
774
766.185
781
774.081
769.434
867
797
805
804.421
796.295
789.466
797
788.321
727
781
768.489
765.305
750
764.353
762.903
758.619
711
739.478
738.496
736.714
750
748.711
891
849.928
826.86
824.182
828.051
813.449
797.941
791.988
735
744.856
766
703
713.772
717.665
722.246
724.561
727.844
733.538
736.78
805
750
726
750
782
769.674
756.867
760.195
765.544
763.58
753.072
789
750
752.105
753.263
752.039
748.224
746.098
742
744.482
746.176
679
688
672
674.172
674.926
641
648
649.048
651.293
653.967
658.409
695
672
664
668.767
670.978
671.459
669.852
657
660.973
660.533
660.113
659.392
659.63
804
772.218
804
797.759
788.365
781
797
890
874.728
851.299
834.741
859
813
797
785.072
778.539
734
735.682
773
784.292
695
709.083
716.574
711
709.435
711.292
719.341
1031
905.786
851.401
742
740.98
758
789
777.147
751.612
744.717
773
802.237
719
742
747.249
797
750
738.404
891
873.766
851
802.537
823.245
834.941
819.655
781
750
805
814.967
801.806
772.302
820
833.81
734
746.633
764.802
735
733.252
742.55
820
734
735
719
726
703
710.055
717.425
782
734
738.577
750.63
756.405
742.603
703
711
715.801
726
715.032
713.474
774
734
781
765.614
757.577
756.215
754.734
750
744.884
735
736.342
711
717.427
714.962
695
703
700.961
680
688.972
686.816
742
739.875
742.678
746.035
797
773
727
731.848
731.79
727.857
695
688
695
695.871
693.838
695.093
699.374
702.727
703.85
735
733.381
729.267
727.607
728.882
710
672
675.457
687
689.747
758
759.032
752.544
742
774
773.217
765.832
797
773
766.206
719
721.157
727
726.602
773
769.882
821
797
804
796.787
789.617
782.688
776.164
770.949
781
775.805
789
784.002
781.08
779.063
777.151
775.799
772.268
742
742
741.115
680
680
695
734
696
664
671.571
676.187
703
719
724.88
729.197
734
719
717.225
719
766
765
743
736.397
735.661
789
784.351
766
757.216
759.249
763.981
773
836
813.911
750
755.93
711
734
738.135
740.937
736.513
734
737.307
741.576
742.619
741.545
741.169
711
703
704.187
705.756
706.985
707.876
710
711
743
757
757.113
753.53
752.558
750.638
746.711
742.247
739.656
738.098
813
765
765.762
764.479
797
711
729.988
727
724.47
723.913
727.522
730.334
731.268
732.201
733.242
710
722.324
719.565
703
727
719
720.532
719
720.152
721.162
695
711
707.528
707.468
735
730.915
730.903
797
789.372
780.613
777.164
735
738.774
733.004
728.524
725.566
773
770.855
764.095
703
715.77
688
687
695
697.157
701.052
705.303
679
684.577
685.692
797
785.52
770.83
758.765
696
711
718
718.131
712.974
705.532
701.481
702.361
705.814
705.76
701.809
698.333
697.715
697.381
765
719
722.605
724.373
727.137
724.821
781
771.53
719
730.392
859
815.3
734
727
740.361
727
719.589
719.431
672
689.677
693.238
697.564
695.775
687
691.579
700.094
703
701.426
698.332
698.013
700.542
701.19
695
696
697.128
697.786
648
657
656.003
657.257
658.351
660.568
663.7
727
711
695
688
691.715
690.602
680
678.457
664
680
711
687
680
672
675.051
676.444
674.572
696
773
727
722.42
724.421
742
695
699.507
701.726
699.89
696.029
695.244
742
736.621
727.285
703
709.468
750
739.051
725.923
703
714.53
720.126
688
672
678.008
683.119
602
629.692
633.629
637.417
638.244
641.867
625
625
633
633.251
634.073
635.685
638.18
640.617
641.863
643.271
657
632
671
664
660.644
659.677
658.915
633
609
602
601.013
599.624
600.211
633
648
652.679
648
650.83
718
718.122
781
774.375
852
703
703
696.597
689.173
649
654.495
633
636.112
610
616.098
615.538
601
605.142
656
659.074
648
653.258
658.689
625
632.624
631.229
629.922
628.781
632
632.168
664
703
735
695
695
688
684.066
679.39
675.128
671.904
669.728
664
662.019
625
630.233
626.387
617
618.991
620.718
625
625
627.9
632
635.254
638.199
641.045
643.7
644.806
645.379
648
647.154
646.642
656
641
648
656
653.196
651.86
664
661.641
660.983
660.452
660.108
664
662.602
662.346
662.097
662.004
661.935
661.844
711
679
681.972
687
685.335
682.966
680.137
679.114
609
625
633
630.717
631.679
634.049
638.014
617
624.318
656
688
684.28
683.066
682.698
683.199
617
631.79
625
617
617
618
632
625
641
640.41
625
628.67
633
632.035
631.217
632.604
634.034
633
633.933
634.741
634.522
635.261
635.543
635.282
635.07
734
820
804.355
735
726.837
657
617
614.599
657
677.785
757
753.64
733.738
719
703.544
692.383
684.152
676.779
656
652.207
844
841.704
820
789.427
770.419
735
722.351
713.457
711
710.109
710.118
687
719
729.997
711
718
774
773
813
803.393
801.152
799.428
792.816
785.486
778.986
774.194
726
729.45
724.925
724.955
656
666.516
667.336
669.752
672.557
677.683
683.672
781
786.36
726
733.208
739.879
739.914
734
781
836
819.084
766
767.336
773.893
772.356
759.204
751.265
727
732.535
737.013
737.372
733.249
732.763
672
682.573
672
664
666.175
719
758
767.621
726
711
709.313
709.881
719
695
693.912
694.262
696.772
742
719
713.358
758
763.466
758
746.741
741.834
744.756
656
673.981
633
672
688
692.61
695.435
699.412
852
822.944
802.999
792.891
783.326
719
688
703
703.595
706.533
706.623
704
711
712.104
710.335
1085
937.986
864.481
848.887
844.028
837.066
789
772.488
750
748.749
1062
953.497
884.075
734
730.502
742.637
726
725.435
722.168
797
840.86
840.46
813.517
801.66
801.204
711
710.585
742
781
780.298
772.922
770.345
776.021
696
700.895
703
700.542
664
669.667
657
640
672
672.902
676.875
680.177
684.462
758
726
774
922
890
758
734
732.992
732.809
730.694
726.538
727.127
732.42
734.122
728.874
721.681
727
726.231
724.791
722.093
711
709.53
708.877
709.395
743
744.351
747.069
711
781
775.04
770.831
797
790.653
784.145
742
735
732.406
729.175
726.113
703
707.199
708.39
734
734
731.105
731.457
671
682.667
684.808
687.497
689.727
690.829
692.289
656
656
656.092
657.345
659.324
660.92
758
755.602
745.195
797
797
734
719
716.955
711.707
706.425
782
742
737.761
743.161
741.422
742
734.568
765
756.074
781
734
742.88
727
727.821
724.904
703
703
703.898
750
781
778.896
772.725
758
752.582
781
789
784.24
773.902
765.405
782
786.109
782.962
774.663
757
755.656
789
792.463
786.573
774.723
771.118
777.456
782.417
781.12
719
732.104
740.765
727
729.241
729.415
672
671
674.159
625
636.166
637.354
640.197
643.516
648.561
654.685
660.538
602
618.177
618.025
615.389
625
696
695.34
782
773
762.882
774
768.711
761.784
753.193
680
684.895
677.712
679
656
659.558
695
698.951
649
658.964
665.231
668.171
666.12
668.571
656
664
665.622
666.333
666.267
679
688
672
679
678.946
678.276
676.53
672
673.588
672.56
750
711
711.34
712.392
711.436
707.086
695
693.717
691.641
689.973
687.897
750
743.459
734.803
867
797
781.985
781.029
774.592
763.819
756.618
753.273
749.712
744.795
742.054
696
713.648
726
721.901
695
709.743
781
773.836
757.808
756.867
764.268
766.62
782
750
751.319
812
883
844.558
757
764.076
780.103
793.064
779.692
742
758
778.307
790.92
774.767
711
742
765.395
779.184
757.503
733.301
719
719
711
716.479
715.589
713.786
715.865
750
719
750
727
695
711
711.648
711.441
709.015
797
750
804
796.885
750
726
728.28
723.679
734
728.586
730.109
742
740.914
737.702
734.668
732.287
688
680
687
680
682.411
685.12
688.376
726
727
729.134
711
719
695
680
677.9
677.808
750
752.141
695
702.064
706.583
708.901
657
667.567
625
625
624.926
624.36
625.332
719
703
699.99
727
727.263
719.048
716.377
758
748.099
789
778.126
727
733.392
728.083
664
696
804
844
818.29
800.14
790.74
781.884
771.973
760.137
749.976
891
880.784
813
798.015
804.872
820
813.394
791.243
775.239
797
815.684
812.366
790.189
812
828.106
805
787.92
851
828
811.461
803.933
812
820
805.728
797.818
805
809.089
812
852
781
789
796.313
799.195
790.866
785.257
789.411
795.056
742
755.513
758.748
761.037
760.975
765.169
770.835
774.297
773.97
797
742
695
699.133
711
719
723.238
680
718
726.481
734.77
859
750
750.821
726
726.575
727.746
726
723.733
721.424
722.533
723.899
735
758
749.438
743.837
741.719
711
716.178
715.09
713.461
703
688
695
735
739.596
739.3
736.387
664
672
674.023
677.173
681.137
633
617
620.321
622.817
609
612.03
614.133
617.297
640
645.1
633
638.044
758
805
784.24
718
711.399
704.039
758
757.945
703
664
667.073
695
707.699
719
695
682.694
687.854
703.925
961
848.846
783.616
751.44
820
833.108
813.974
771.728
752.618
764.936
851
789
757.956
743
796
822.257
796.221
754.572
752.941
788.197
815.972
795.218
758
753.822
779.861
860
827.593
787.598
768.426
742
762.974
773
776.907
844
810.844
787.759
735
828
843.908
820
795.545
750
760.536
782
968
895.048
828
782
786.169
812.397
827.15
852
859
766
764.762
781.699
836
851.037
825.991
784.557
769.134
773.128
798.944
828
828.197
804.081
780.829
776.526
791.484
808.196
812.727
798.816
777.409
758
762.373
774.803
786.452
788.992
778.81
711
781
883
875
804
778.849
758
772.894
679
694.319
694.622
695.406
698.343
727
687
672
703
706.12
680
683.774
687.488
695
694.832
695.536
742
741.93
731.293
789
734
734.256
703
708.067
672
677.577
664
665.391
664.748
666.454
668.447
670.916
673.462
675.663
719
750
746.821
789
774
719
723.543
719.833
714.808
710.279
742
739.643
734.527
731.988
730.556
727
722.816
718.951
774
768.979
761.771
695
715.18
890
836.089
800.262
777.208
779.371
789
788.892
771.201
752.767
758
805
890
867
914
874.228
758
750
765
805
867
856.456
828.964
816.738
953
860
831.102
818.576
819.895
823.346
816.724
804
805
811.641
727
741.568
743.648
836
825.785
809.207
758
762.506
769.609
774.973
734
736.331
741.051
748.946
751.622
748.107
750
753.859
742
742.828
739.037
738.215
739.706
741.759
727
731.514
899
844
773
719
722.007
695
694.747
694.819
698.465
703.545
709.818
735
744.653
743.338
914
781
777.493
777.277
776.899
765.025
766
765.652
763.871
759.751
758.215
756.735
743
765
754.511
844
789
786.995
758
797
789.153
782.518
766
773.61
774.449
875
845.321
836
821.887
734
750.396
891
1008
941.895
885.626
851.243
850.025
863.978
843
774
764.741
768.454
788.298
809.112
735
710
743
778.582
790.555
771.737
781
750
758.482
1133
988.24
852
823.359
828.08
839.439
859
828.566
800.838
799.041
819.241
836.728
834.52
798.005
786.031
790.487
810.837
814.135
796
758
766
859
860
845.429
765
767.053
805
829.47
758
750.401
703
672
672
675.948
683.724
690.927
698.732
710.98
723.25
766
775.055
773.509
769
789
784.095
777.229
750
711
703
700.371
699.271
700.058
757
743
742.586
883
930
901.752
881.707
875.589
860.383
841.15
824.366
812.972
875
844
832.537
825.403
711
720.142
696
694.331
694.704
697.725
706.365
836
750
757.574
764.357
770.641
813
758
762.967
762.674
761.798
755.579
766
758
843
823.274
789
789.137
758
820
793.238
844
765
821
810.36
805.409
792.537
791.255
790.555
789.181
783.152
758
777.354
750
797
778.264
779.679
766
906
862.477
843.072
837.1
836.252
827.354
813
805.477
820
814.926
1008
937.225
899.998
897.205
894.963
878.816
891
872.874
750
763.995
766.068
777.191
782
734
740.653
749.171
761.408
766.668
765.417
769.257
781.561
791.635
781
727
732.07
813
818.634
798.552
777.279
789
800.803
727
695
703
709.234
1086
836
793.42
758
759.357
820
735
732.657
733.78
741.597
734
731.889
731.975
733.358
732.937
732.054
820
810.773
797.943
797.484
859
845.841
774
782.705
844
830.12
805.413
766
805
773
813
793.4
773
820
822.7
836
806.77
797.635
811.7
819.529
813.391
793.54
792.502
802.933
807.099
799.189
790.68
851
846.655
836.27
818.988
824.191
829.8
836
821.604
814.081
819.931
664
704.868
708.081
664
671.866
703
672
664
656
661.719
663.491
617
630.985
631.019
679
677.817
680.985
680
695
695.732
703
698.622
703
700.69
698.867
704
711
707.284
704.482
702.594
750
743.334
737.893
736.631
737.966
737.11
732.508
728.738
726.752
725.423
723.959
722.649
721.52
720.847
720.373
757
753.047
828
883
873.944
865.475
858.694
849.601
838.126
827.51
819.014
811.813
758
820
816.659
750
804
797.436
969
906
879.302
750
762.86
781
783.095
711
750
766
779.242
763.159
753.882
758.675
773.872
777.525
760.443
743.508
744.184
757.342
760.888
789
761.472
828
813
750
759.485
762.463
891
859
789
805
812.13
805.891
852
765
778.325
785.255
813
765
765.391
757
797
774
742
773
813
808.234
787.255
786.316
798.809
797
726
740.766
711
719.524
719.405
773
776.946
772.04
771.553
775.015
775.343
770.178
726
727
726.928
727.083
679
688.15
691.121
695.231
632
647.293
652.294
625
633
636.102
639.248
642.595
647.066
651.794
655.782
659.235
662.47
610
624.254
623.948
620.887
619.805
625
625.667
641
640.413
641.975
657
656.135
655.432
654.224
789
727
713.826
712.058
712.172
766
747.185
821
805.733
786.862
776.355
770.416
750
740.79
851
830.425
774
772.095
734
774
797
787.001
742
749.397
765.059
820
802.443
776.521
760.164
776.19
828
824.355
798.609
771.612
774.198
797.407
805.728
794.678
772.537
758
770.113
727
733.181
695
672
673.954
677.091
687
693.429
700.64
708.797
820
819.878
820
812.956
766
757.367
745.798
736.525
742
740.207
736.956
733.463
730.227
726.59
722.188
789
750
745.379
805
806.055
798.873
797.529
765
781
774.338
767.092
742
750.129
797
790.37
1047
828
824.303
827.009
825.908
805.289
800.328
805.569
806.628
781
781.226
719
727
726.385
766
764.63
762.516
765
906
869.097
850.707
735
740.555
742
745.257
703
706.332
719
758
859
766
758
764.343
781.884
783.646
758.511
719
724.517
734.997
746.425
739.27
711
734
746.703
755.691
773
719
719.519
730.324
743.413
852
742
736.815
711
742
753.166
751.63
727
720.122
732.678
937
860.32
804.431
773.973
742
750.538
759.084
759.121
743.25
732.838
883
881.885
841.578
781
775.258
802.059
823.302
801.422
758
757.141
777.404
758
828
800.845
778.865
772.134
787.685
805.304
922
868.455
833.458
816.77
821.688
831.276
867
849.553
825.418
815.151
945
940.094
908.151
861.453
820
839.369
875
875.634
848.649
819.281
828
855.829
868.204
844
929
921.414
757
735
738.343
745.679
828
781
786.651
766
835
868
856.748
797
797.284
800.325
875
782
779.545
784.104
797.003
798.852
758
750
765.197
891
853.574
765
767.158
792.488
804
766
754.179
805
826.462
804.216
771.503
813
914
922
849.194
823.131
850.422
868.097
836
808.25
757
805
823.629
824.035
766
765.149
788.73
742
742
743.252
750.498
844
839.684
820.46
818.262
820
819.998
797
790.257
791.738
794.228
789.013
782.944
742
747.531
868
859.829
839.866
804
883
890.576
877.958
757
774.024
875
875
836.687
799.41
812
846.816
849.981
766
768.428
797.237
825.437
807.341
771.94
776.049
808.953
825.369
789
773
785.033
806.994
898
839.783
804.845
781
799.759
822.828
826.496
836
875
865.334
758
770.262
778.249
792.279
774
765.815
774.393
742
749.477
868
854.719
833.612
852
858.007
846.492
829.001
823.943
826.907
824.898
774
742
750
756.637
760.763
789
795.169
799.441
799.507
799.079
836
838.685
831.297
906
905.767
892.791
883.534
878.979
766
836
773
780.983
758
875
859
843.168
844.322
844.598
835.842
829.78
826.856
774
820
809.326
806.766
804.038
807.355
805
812
806.727
773
786.931
787.524
804
798.111
798.524
801.753
805.334
782
787.068
796
829
828
821.112
817.805
819.278
821
816.443
810.371
808.724
805
867
859.064
850.18
742
758.99
765.152
776.032
804
798.68
820
831.571
765
719
742
749.967
759.247
758.318
757.484
761.842
771.419
977
910.621
868.89
851.474
742
742.04
758
768.762
771.053
763.358
843
860.846
781
780.695
789.246
790.568
777.93
773.078
742
746.891
750.015
836
805
788.193
784.9
791.551
797.04
789.774
836
821.618
750
764.186
767.5
906
860
827.916
813.639
815.185
816.501
807.361
793.622
788.642
774
781.808
786.129
786.13
820
814.466
807.614
804.987
813
810.368
803.09
773
778.112
813
811.962
766
774.74
783.071
788.104
820
803.267
836
839.174
820
781
788.574
781
805
805
742
757.402
765.345
782
775.972
711
725.05
735.754
748.736
750
737.052
736.594
746.409
757.358
757.943
745.42
743.29
851
782
828
906
877.465
854.236
842.859
842.472
832.247
711
711
757
891
828
803.883
806.089
825.309
828.132
804.626
774
783.758
1031
938
859
781
785.807
774
783.375
779.562
769.569
769.592
742
745.62
749.367
754.181
774
773.643
770.969
769.282
859
857.058
821
815.388
817.563
814.504
961
915.95
750
719
721.702
727.594
734.07
766
785.02
719
723.869
729.894
805
789
776.907
984
961.152
1094
1040.07
989.722
820
818.605
860
804
799.482
828
844
804
782
795.803
800.365
789.474
805
773
781
789
790.125
750
753.622
761.351
768.573
764.879
759.807
766
750
754.656
820
813.128
807.299
806.551
811.466
811.94
804.64
812
852
836
828.674
826.424
804
803.841
799.54
797.121
795.812
711
765
760.802
828
750
711
721.08
729.245
737.912
736.57
742
765
781.602
1117
966.246
884.903
879.472
879.222
820
799.124
795.825
797
1078
875
899
898.544
897.6
898
886.126
844
843.053
882
874.068
863.238
844
849.443
858.235
914
890
855.444
853.8
865.943
859
836
789
794.832
808.003
822.343
804
774
780.127
795.22
807.301
803.129
789.314
788.652
836
906
891.099
862.275
711
703
708.918
725.244
859
850.134
821.629
797.385
791.339
797.594
811.515
815.542
801.474
779.652
836
867
867
844.436
867
864.989
961
867
848.921
891
898.119
879.374
849.969
719
738.645
744.967
760.449
765.613
771.255
784.672
801.666
805
804.662
836
883
890
875.406
864.941
898
961
914
892.256
929
953
891
813
819.445
882
886.876
864.402
852.416
873.906
888.854
874.59
849.273
860.093
750
758.545
836
850.564
841.259
817.85
813.733
781
727
734
797
898
901.576
797
794.48
1133
1025.65
915.213
826.342
852
945
942.22
882
804.688
883
952.333
859
807.745
782
820.682
880.904
875.389
807.687
766
1039
1031
820
781
802.559
864.822
864.763
815.966
758
1125
1003.66
828
766
781.816
841.645
844.296
719
721.747
757.493
852
827.944
762.156
914
953
866.167
794.631
800.416
937
813
750
781
852
846.007
784.423
813
804
803.948
770.576
930
812
774
789.432
750
752.924
789
788.343
719
711
722.76
724.427
722.419
727
735.686
742.125
741.094
774
770.486
765.268
766.242
688
699.912
700.221
648
655.281
655.619
641
625
628.996
629.717
601
609.36
608.879
608.995
609.635
611.278
614.331
617.03
570
587.183
587.281
586
586
602
617
619.965
621.943
623.69
625.023
624.447
623.183
625
672
656
653.507
653.459
654.634
651.693
649.758
1016
832.18
775.451
1000
883
867
812
811.973
809.783
802.557
795.728
703
696
695.625
695.219
695.818
695.36
695.023
804
852
930
905.716
797
820
822.801
922
836
814.95
805.964
815.574
984
939.123
844
820.481
830.558
883
883.359
845.544
750
758.235
906
931.6
1000
895.326
827.951
843.237
1102
1008
820
796.798
789
823.91
854.587
836.593
805.622
750
754.302
782.915
954
836
802.867
719
719
875
1047
934.454
758
745.885
774.747
839.373
839.277
790.817
749.247
749.295
793.422
836.106
824.704
768.455
746.496
758.217
792.076
859
814.461
1149
1037.48
922.419
880.183
868
869.13
945
912.877
782
782.336
734
733.824
734.247
922
918.963
883.924
870.917
734
733.488
732.615
735.324
741.331
746.873
813
1054
997.185
932.167
782
772.432
776.118
788.789
774
761.773
711
812
1055
1070
922
866.338
865.596
929
914
774
771.841
735
737.279
796
844
841.508
823.673
820.49
844
856.641
855.133
827.477
719
742
750.922
769.062
772.511
765.079
755.749
836
851.276
906
867.363
840.989
766
768.058
776.571
797
799.876
1109
1086
1000.85
821
812.058
822.355
847.204
849.689
832.697
766
764.321
779.447
821.742
750
745.659
746.802
760.805
774.567
774.109
763.161
953
946.458
844
823.136
773
775.883
776.939
875
813
796.756
773
780.293
992
931.079
869.593
734
758
798.778
839.623
836
796
757.799
765.232
843
766
747.273
744.505
765.211
787.147
783.194
759.09
752.463
976
919.213
906
847.838
846.817
867.725
859
829.404
836
839.662
845.91
797
773
775.992
789.819
796.962
791.874
828
832.42
830.246
825.439
836
841.216
922
898
820
797
899
892.34
921
884.174
870.158
796
868
953
836
822.979
833.212
945
923.299
877.422
841.832
865.593
901.457
896.102
898
861.916
869.262
894.032
901.223
871.544
842.15
848.712
773
783.014
930
915.884
836
773
780.061
969
947.486
789
820
862.208
877.785
836.813
795.146
815.127
864.89
922
849.254
809.7
817.913
765
774.126
780.698
867
844.248
844
832.06
1062
914
789
813
837.572
838.616
859
848.863
805
809.696
819.284
821.157
773
771.881
781.64
794.717
794.81
781.506
775.807
789
843
829.019
811.601
781
790.275
802.97
808.58
820
799.311
787.62
1039
971.897
913.943
868.223
867.671
885.659
885
805
820
851
868.229
843.299
828
883
922
891.187
843.529
845.078
869.314
874.777
854.447
804
782
804
821.563
867
789
787.44
804.998
961
920.753
868.623
827.575
859
868
851
822.663
806.588
822.325
846.299
846.467
820.568
802.238
789
883
891.904
867.459
804
743
749.969
769.482
796.072
798.31
821
804
800.085
803.045
851
805
790.809
783.286
1008
955.976
903.377
876.664
945
944.296
907.102
872.495
930
940.102
844
844.087
878.723
886.577
852.181
838.457
874.357
891.137
812
818.126
849.974
758
773
791.579
799.287
969
813
815.213
852
891
890
866.344
758
757
758.337
763.216
828
774
773
779.963
946
902.877
846.457
817.269
821
922
937
889.166
781
782.963
930
969
911.036
839.558
867
976
973.897
867
821.542
852.676
912.982
915.414
860.435
773
793.441
850.672
867
835.124
774
805
914
926.122
866.036
811.701
823.601
869.088
875
821
791.449
852
885.113
874.032
851
824.034
789
812.048
882
876.916
846.661
815.305
953
958.644
813
814.808
837.36
855.314
832.807
810.553
835.043
861.215
906
854.021
804
906
930
888.748
839.436
850.229
879.584
836
818.498
830.784
796
804.526
808.033
809.249
809.96
828
832.999
828.422
823.683
824.085
826.018
824.913
824.277
825.406
852
859
854.576
850.814
849.412
846.461
843.111
820
822.666
890
879.758
870.757
820
830.602
837.817
839.361
782
791.857
805.06
817.191
809.98
766
820
844
922
863.609
833.679
781
798.019
821
820
773
769.469
1102
1086
965.688
893.752
897.017
928.649
927.712
914
855.969
858.906
906
934.046
896.487
773
774.335
883
931.427
922
843
829.645
829
869.299
898
828
781
852
899.98
875
831.307
828
853.059
880.557
797
750
761.426
789.123
937
876.325
828
825.153
856.945
876.567
828
798.842
809.769
842.039
843
868
828.545
814.214
922
926.026
890.571
843.844
883
904.465
902.318
860
789
804.138
830.741
844.741
852
825.978
828
848.17
985
914
869.969
854.133
852
872.502
797
795.622
799.367
809.774
914
891.211
863.096
859.483
882
890.025
789
795.721
806.658
819.45
859
847.887
845.057
849.433
854.292
937
908.757
880.12
836
843.283
969
843
839.235
845.558
860.363
859.337
839.63
773
797
836
852.195
828.047
802.029
810.813
844.372
857.109
830.092
804.718
806.771
830.87
848.071
805
781
791.547
811.104
820.457
806.48
890
953
852
837.791
851.344
860.344
875
846.823
821
834.325
844
914
877.53
854.084
766
773.163
786.593
809.126
816.795
859
782
782.083
937
940.598
912.129
828
781
789.657
813.13
829.751
816.525
750
812
842.69
851.094
822.11
781
780.869
882
907
873.245
816.088
808.128
837.021
859.867
845.953
812.912
805
825.986
848.004
867
813
828
914
914.299
836
789
813
843.847
851.492
820.722
802.626
822.452
852
853.764
836
813.465
812
833.957
845.896
829.445
805.371
803.135
820
832.481
828.869
812.361
765
775.076
792.948
875
859.662
835.324
809.795
890
836
827.865
906
860
845.787
828
758
796
799.259
800.039
790.338
793.539
800.132
1024
930.165
851
853.792
857.51
853.376
875
846.582
836.143
914
914
882.332
796
806.738
832.067
851
844
820
875
900.653
897.85
813
822.732
849.635
820
805.62
805.588
867
851
830.234
818.532
774
804
899
874.261
842.644
782
797.564
824.662
837.488
819.175
792.87
783.216
859
875.944
812
790.946
803.896
833.608
899
852.987
814.935
844
869.801
874.758
843.445
789
801.611
930
921.844
872.57
828.807
837.448
872.371
884.258
836
774
790.238
830.287
852.99
831.939
797.7
820
844
858.495
832.756
802.308
810.493
961
930
881.986
841.637
882
946
934.226
812
818.253
848.493
873.77
883
838.541
828.591
820
849.294
860.387
837.668
797
796
819.728
921
868
833.881
818.497
906
906
888.857
805
813.901
848.697
867.951
898
828
813.659
842.865
969
961
890.473
845.406
862.412
903.421
912.949
812
809.007
812
891
875
841.948
818.76
782
803.04
831.634
842.195
822.497
797.772
796.632
898
910.32
889.422
843.765
821.836
843.374
820
820
808.394
800.208
906
789
766
770.025
778.321
781.559
780.343
785.45
930
900.907
873.493
859
861.309
849.085
830.259
825.003
830.685
774
779.8
782.885
786.104
785.071
787.305
793.213
797.053
796.952
794.104
794.882
851
848.309
846.761
844.755
846.399
841.599
813
812
812.184
808.744
804.89
945
976
944.954
927.448
925.233
911.563
859
851.129
853.202
856.795
852.333
875
812
789
790.157
794.795
801.318
820
860
877.525
977
851
782
784.362
788.171
792.022
794.568
789
860
961
934.148
828
830.105
1016
906
858.524
789
803.622
837.888
850.916
828
781
787.822
826.613
855.127
829.526
788.177
812
836
906
868
816.979
807.103
827.681
849.825
849.409
823.9
800.716
808.667
891
896.258
797
791.189
807.944
844
867
830.862
773
785.954
852
871.345
846.119
804.903
801.012
922
924.624
906
805
803.554
839.845
898
879.847
832.836
808.711
820
868
879.006
852.833
812
808.863
840.871
866.04
863.272
825.57
859
871.409
875.456
854.733
828
835.394
850.689
856.967
843.914
789
828
843.747
850.828
833.044
805
815.241
938
926.133
813
815.016
837.539
891
868.726
828.133
825.93
906
867
797
860
859
891
840.596
831.035
804
860
867
867
805
781
803.212
844
867
789
784.386
808.349
840.393
840.564
810.055
805
819.23
841.309
961
898
821
859
891
893.647
750
797
828.584
841.652
810.293
788.692
812
838.639
930
828
818.539
847.762
870.431
883
818.041
781
801.975
906
953
873.035
844
858.563
921
868
797
843
876.724
914
844
817.712
843.072
879.006
880.411
821
808.845
836.156
867
875
782
796.212
831.255
852.503
828.159
795.285
807.818
835.737
846.071
890
845.394
826.774
841.15
859.006
945
867
782
790.47
814.539
840.35
883
781
781.148
914
929.291
883.094
828
827.534
863.399
921
789
774
805
843.935
842.293
798.802
792.093
898
930
914
834.466
828.851
869.974
888.737
860
822.614
830.893
863.821
875.889
846.238
907
909.723
892.019
797
808.032
825.83
841.453
828.839
810.528
1023
984
844
781
794.077
811.377
797
790.957
811.488
859
859.642
805
804.845
789
891
867.89
797
781
797.117
829
829.218
800.277
788.097
803.441
824.566
851
823.512
796.035
802.277
825.935
906
871.68
832.094
811.735
680
690.339
694.157
709.141
726
735.392
742.946
753.178
765
774.274
775.75
617
650.908
602
607.069
606.708
664
678.562
687.532
691.694
696.14
696.624
695.433
692.884
1000
894.811
812
801.409
711
701.813
843
832.277
795.269
711
705.892
703
718.72
672
670.874
674.771
812
802.066
1196
1025.66
919.076
902.154
891
1086
1023.53
927.983
888.202
888.066
781
773.057
772.793
777.535
779.3
688
648
648.226
650.651
655.198
1265
1118
1070
1041.18
1030.39
1011.83
978.199
944.518
922.733
821
815.057
816.644
688
687
688.516
688.113
984
875
867.841
1039
1035.93
883
805
804.405
805.98
875
890
875
828
774
773.285
782.007
898
891.224
789
772.708
742
797
839.065
797
789
779.596
791.822
969
828
798.248
797.019
825.604
859
813
773
779.878
813.751
969
884.6
820.369
789
811.792
914
898
797
781
797
848.028
858.288
817.992
790
799.383
1008
950.42
872.784
773
774
809.227
848.524
832.387
750
796
860
879.998
852
781
777.988
843
844
823.727
784.36
750
766.661
796.254
844
890
837.594
806.405
828
922
925.604
894.615
846.598
766
773.869
796.504
823.738
797
778.498
773.498
786.134
938
913.56
766
765.323
776.645
804.608
812.431
821
798.105
790.564
875
895.163
789
782.616
946
915.454
852
815.254
834.95
857.299
883
831.65
818.447
846.845
867.879
845.465
808.112
758
781
813.991
825.845
875
832.28
750
789
816.477
830.531
867
835.642
805.527
852
870.594
875.864
858.416
829.264
820.967
833.591
890
879.184
836
818.691
828.691
875
782
758
804
818.113
868
828
818.248
797
810.332
818.465
810.886
781
781.013
766
859
849.752
833.704
805.848
795.155
813.828
891
844
789
787.44
806.156
914
906
899
805
750
761.707
859
930
889.681
830.815
774
797
882
904.28
828
789.673
781
814.77
852.349
828
793.007
797
823.653
845.775
840.03
800.437
783.528
801.34
976
927.607
872.28
829.366
844
945
836
766
772.046
852
876.586
837.374
796.485
781
867
898
857.225
806.305
804.304
848.285
945
836
805.331
820.543
882
889.427
842.736
804.581
822.677
864.539
875
837.075
801.13
817.824
855.403
867.875
883
773
783.719
766
785.751
794.255
836
814.33
796.227
795.72
807.491
823.062
820
782
776.646
828
836.121
828.978
808.362
726
738.877
753.161
770.96
796
789
771.473
766.239
775.429
788.142
766
757.333
750.19
938
820
796.152
836
977
968
893.487
874.092
884.212
899
870.616
837.537
774
867
1000
969
844
796
818.708
836
850.495
789
757
774
820.016
848.18
823.857
784.689
734
746.896
780.9
805.337
664
676.612
648
654.992
659.741
742
727
726.333
730.166
740.076
640
649
648.773
633
640
639.852
625
625
625.353
625.683
624.909
625.053
601
618
632
632.506
634.278
766
751.678
739.886
1039
976
929.754
922.218
909.501
820
867
866.57
851.711
828.965
829.685
743
742
733.9
729.842
728.648
1070
867
797
828
868
865.532
844.564
840.222
719
735.39
735.276
734.818
733.662
781
867
862.519
1070
907
773
772.429
781.893
788.246
787.315
867
765
767.517
773.862
775.638
771.412
770.586
774
773.967
772.44
770.563
765
764.222
764.128
719
742
736.834
736.928
727
731.401
734.204
736.877
737.728
844
832.521
824.463
922
782
799.907
844
817.315
938
899.758
797
821.621
821.777
1000
922
884.681
884.595
836
822.489
819.632
836
774
797
805.069
953
851
831.887
833.975
845.573
992
931.136
877.383
872.214
885.943
867
828
774
778.731
844
899
929
852
834.77
853.674
930
927.216
890
843.468
836.57
851
873.048
875.436
854.222
827.457
844
898
906.22
836
828
842.682
867.953
883
812
804.99
821.34
930
903.525
859.66
834.757
875
898.543
888.224
848.563
781
796.14
906
917.815
852
815.845
832.366
859
852
804
829
858.219
871.61
914
867.42
844.723
789
800.426
812
818.286
810.773
798.867
798.64
809.75
859
797
836
890
938
913.526
887.594
885.884
820
820.02
819.192
781
783.902
906
906.688
844
804
860
1015
968.648
909.878
773
778.739
859
922
888.153
836
815.689
849.98
892.417
891.745
789
784.023
882
918.923
867
813.156
844
890
891
840.899
807.854
821
859.888
867.616
946
844
827.859
857.434
961
929.133
879.425
844.696
828
883
914
860
828
831.093
862.491
879.19
861.028
825.902
824.726
984
972.641
789
791.969
843
881.896
862.091
822.967
820
867
894.688
865.916
827.832
828
857.363
860
837.858
867
865.341
1125
1015.03
851
850.331
907
921.634
828
930
945
914.636
866.525
874.137
922
920.836
891
873.582
805
821.152
835.413
834.706
827.39
833.011
846.678
857.364
883
866.004
848.597
849.508
859.055
861.184
703
730.381
734.966
747.35
752.584
757.156
766.337
777.964
785.977
1211
1148
977
973.55
852
835.31
922
899
828
789
820
838.317
1008
933.311
877.78
876.652
883
887.783
875.037
851.461
850.705
867.472
882.385
914
879.134
789
821
859.131
977
933.27
874.522
828
1047
1037.28
828
823.062
849.669
892.612
938
836
833.489
885.614
929.951
836
821.814
789
805
825.187
824.729
811.773
804.971
836
867
875
842.071
828
841.84
861.009
858.639
922
836
831.41
843
853.485
848.587
834.513
824.469
750
758.014
761.111
770.159
775.747
789
800.744
807.574
810.487
810.761
820
818.999
891
885.777
836
789
773
774.927
777.906
779.785
781.334
774
778.349
781.881
782.433
780.504
780.179
782.41
906
898.487
880.884
863.1
857.195
836
875
883
828
827.885
830.72
1008
947.417
843
842.483
914
921.453
885.681
842.518
781
813
937
924.614
891
840.096
844.198
922
938.788
953
828
797
828
922
928.041
882.318
773
779.906
820.516
873.294
882
813
758
768.046
812.51
848.732
835.93
789.491
769.216
789.811
823.75
922
820
836
835.947
867
866.364
842.329
810.187
802.541
827.088
914
889.119
829
811.478
826.634
856.033
813
797.273
844
862.394
858.558
820
814.996
837.51
849.888
833.747
782
798.019
828
836.142
891
848.199
830.662
841.796
938
924.259
893.047
855.326
781
797
817.566
868
804
790.118
836
862.033
861.543
851
823.241
825.738
789
820
826.906
773
774.248
1016
969
851
845.937
828
829.253
852
843.043
833.334
834.212
860
851
781
788.776
875
859
782
828
843
838.386
836
781
806.145
817.77
859
906
875.316
758
750
756.526
922
905.835
789
781.18
907
992
929.296
851.387
789
852
969
953.614
805
793.761
832.674
901.044
867
811.523
801.095
842.852
897.08
887.875
833.122
804.439
837.967
882.267
953
868
789
801.147
847.349
922
883
830.741
808.47
834.943
938
935.071
860
817.939
867
909.178
910.333
864.268
836
845.644
882.234
781
780.714
790.921
810.889
814.667
813
816.745
891
887.931
860.95
847.932
758
762.87
765.663
828
836.387
782
782.905
794.904
890
852
826.932
765
771.433
792.978
811.252
803.159
778.203
763.069
969
924.978
871.994
822.554
844
874.712
875
834.402
812
852
875
898
845.608
816.826
837.038
921
915
828
812.553
789
807.76
823.042
821.311
803.012
795.869
945
969
929
868.518
774
789
818.527
821
808.248
785.151
781.975
808.069
883
873.58
840.129
809.101
806.708
832.029
854.032
820
800.461
795.247
814.714
831.415
830.006
851
830.835
890
895.402
883.604
859.884
906
912.541
828
834.197
844
1063
954.98
883
896.584
910.875
899
859
867
897.996
903.209
836
867
901.309
805
807.608
836
937
871.296
855.734
888.489
820
883
880.349
859.847
858.357
872.611
859.349
841.48
848.957
828
839.278
836.564
789
812.017
811.963
875
930
912.15
900.004
836
834.595
875
881.117
874.174
857.199
844.703
845.662
855.282
781
828
831.135
883
865.672
789
851
875
876.516
848.683
825.091
837.691
853.665
856.528
835.134
818.189
829
921
899.748
866.952
840.907
860.192
880.682
880.723
853.487
852
812
906
902.992
922
875.103
805
820.113
851.894
875
862.247
782
828
857.861
872.031
829
805.275
817.034
846.978
969
907.311
813
817.483
848.14
874.316
859.366
774
783.476
829
789
781.664
859
879.699
852
817.627
832.283
898
886.973
838.012
826.033
797
810.561
815.68
829
811.058
806.295
815.049
827.368
831.478
820.411
802.893
820
830.268
833.719
824.394
766
773.06
785.053
797.197
794.869
783.7
782.005
813
906
886.726
859.645
836.658
836
848.732
859
846.982
813
945
939.734
804
811.367
826.981
834.327
805
789
812.939
831.672
945
907
812
766
773.22
844
855.156
827.655
758
759.594
820
852
845.488
803.596
774.461
773
805.035
827.518
815.672
778.694
763.289
782.962
961
883
832.903
794.282
795.518
830.194
848.829
789
767.055
773.643
811.27
831.823
797
764.714
852
879.948
861.437
807.324
797
827.699
836
859
844
816.741
821.2
828
844
789
797
808.128
844
859
813
801.514
836
849.897
844.78
821.379
805
818.282
836
852
831.302
781
781
813
828.474
820
828
814.547
930
828
774
779.878
812
819.636
812
800.482
815.269
830.791
826.536
801.906
804.477
797
799.322
792.375
788.586
791.144
793.602
793.716
793.77
793.784
793.807
794.504
795.218
891
874.007
863.69
856.211
781
789.515
786.831
784.798
783.015
812
818.147
817.668
789
792.733
797
851
868
850.071
833.397
829.849
835.563
839.981
831.092
757
743
789
806.137
813.08
798.752
786.613
793.072
883
875
812
794.811
804.858
826.219
813
795.988
782.023
794.956
814.042
890
851.585
819.094
815.301
834.385
848.684
838.262
813.812
797.437
806.768
813
817.906
781
775.358
783.878
890
797
805
807.358
821.364
813
797.44
828
834.843
828.148
807.868
765
782
882
850.014
828
774
795.029
813
821.528
804.07
766
773.698
797.512
828
815.163
750
766
797
815.332
798.008
734
773
782
793.203
773.666
797
773
776.983
852
831.276
773
778.066
794
836
809.471
790
797.415
875
855.295
826.864
809.21
822.919
834.17
797
785.508
797.333
810.829
810.184
793.409
789.134
800.143
807.326
797
783.13
790.64
798.71
789
784.589
914
875
813
819.686
833.507
938
880.382
813
827.38
742
746.71
748.421
836
843.743
789
860
873.642
937
891.656
861.272
860.17
861.74
875
805
807.079
813.238
824.747
821.609
797
798.548
875
937
860
835.179
848.795
869.325
869.299
842.462
781
794.114
821.339
838.046
821.687
797.079
799.657
823.174
898
871.656
859
831.923
831.113
852.676
863.421
820
806.154
806.621
821.34
830.872
824.481
807.903
801.489
812.767
891
878.445
855.608
781
805
844
857.389
844.823
815.317
789
844
867
836
813.914
803.609
822.518
839.771
891
805
796.461
773
820
835.401
829.216
735
747.771
770.889
890
829
773
764.725
788.855
820.583
789
763.12
820
843.994
833.211
758
767.373
800.102
816.094
797
764.318
776.085
773
867
817.475
788.733
797
817.148
826.293
806.63
836
781
774
784.287
844
859
805
798.212
810.619
890
865.03
833.44
758
770.529
788.424
836
797
742
750.746
875
961
889.375
818.445
808.17
851
880.384
861.749
766
767.99
798.384
836
828.853
758
754.353
785.228
826.131
852
803.317
770.694
784.048
820.77
835.428
814.751
780.651
789
821
844
773
764.944
777.151
867
875
781
771.835
797
789
788.045
773
766
820
836.959
814.374
784.852
789
812.708
822.906
800.563
776.408
783.998
797
828
807.981
789.561
784.236
789
836
859
836.235
808.338
799.728
811.862
891
884.423
862.536
804
860
836
841.605
765
773.227
785.91
875
851
822.327
809.517
765
783.216
796.247
799.304
750
751.429
763
780.56
860
825.319
798.188
782.006
859
813
800.328
805
806.732
809.833
797
790.08
789.649
792.987
792.695
786.382
782.264
766
775.161
774.187
774.805
773.741
773
805
843
841.322
828
823.017
774
777.556
774.968
797
798.749
796.487
898
875
797
804.704
810.26
804
793.716
793.732
800.7
774
789
794.278
789
758
769.489
775.871
859
828.103
807.876
809.365
773
776.538
773.727
771.831
750
754.605
758.76
828
824.575
811.424
890
907
887.968
870.501
863.873
820
813.498
809.259
806.241
789
828
832.834
826.073
805
781
784.56
875
875.537
862.057
842.124
837.849
845.042
851.844
843.692
828.207
813
817.416
826.8
832.826
790
785.627
828
820
766
789
800.149
805.415
798.734
797.048
789
794.198
797
792.68
791.662
742
773
875
854.316
804
795.815
890
985
933.7
883.247
867.283
879.369
888.305
883
835
827.373
850.774
871.979
858.485
827.683
817.769
843.432
867
863.277
836
817.493
834.398
857.314
797
793.274
813
824.975
826.038
810.86
811.434
765
773.533
867
856.015
839.544
820.22
824.835
867
864.923
846.934
823.295
817.995
833.099
841.483
833.699
814.706
843
849.444
844
826.273
781
805
819.172
826.241
820
758
770.407
787.628
803.207
799.751
789
780.352
789.377
930
900.321
789
790.062
804.893
843
860
822.524
782
914
927.728
922
820
797
828
907
885.993
836
875
930
926.297
872.345
774
804
883
899.723
857.14
790
796
868
891.968
875
789
792.704
829
863.551
849.67
805.85
766
797
898
883
845.865
789
791.569
830.897
836
782
765.741
777.255
844
860
827.291
792.404
742
756.869
787.1
801.938
750
773
899
895.448
850.943
810.072
807.29
832.517
843.547
820.571
789
766
782.781
844
836
810.275
785.954
890
902.824
880.012
835.258
823.541
851
866.236
850.589
781
758
797
851
846.684
774
770.102
766
799.589
836
828
787.441
776.478
938
938.811
882
827.209
719
726
741.655
836
851
797
765.764
768.628
1101
922
845.243
843
850.308
875
867.272
814.591
803.616
827.959
866.351
890
824.925
795.24
810.83
851.764
868
796
805
820
846.836
875
812
797
815.069
891
886.61
846.876
789
803.925
836.626
883
858.02
818.864
806.864
867
883
781
773
782
820
852
823.696
802.544
867
890.548
872.195
831.178
826.965
883
889.589
860.82
813
844
868.834
870.208
781
790.02
814.271
907
868.008
825.226
813
841.826
862.284
848.356
789
797.563
829.15
847.026
825.079
773
789
819.912
867
830.443
774
785.42
852
868.74
844
781
788.761
804
829
828
781
766
781
809.33
816.779
805
776.893
773.63
796.162
813.114
813.98
792.584
836
840.436
839.699
822.941
742
753.487
764.816
778.741
775.041
763.849
763.033
772.978
783.471
783.318
774.359
766
770.178
797
828
836
817.96
803.575
867
872.592
864.124
843.55
832.259
898
897.513
882.422
781
790.8
805.423
829
819.589
757
767.038
852
872.128
845.079
789
789
824.257
891
875
822.174
758
771.565
810.323
833.686
821
785.231
770.152
791.581
868
871.799
834.136
797.1
792.143
953
947.229
896.606
833.418
821.42
858.732
773
766
768.886
852
843
820.294
809.973
824.401
841.616
875
840.937
797
799.554
820.236
930
891.103
852.872
825.557
826.99
853.446
851
839.195
813.792
802.4
816.217
833.476
838.321
822.207
789
844
859.987
781
758
765.948
828
834.308
781
786.024
808.629
819.48
828
799.12
757
772.359
828
828.724
797
772.717
820
836
832.803
781
773.945
792.91
809.922
812
786.841
804
818.165
822.903
890
844.942
797
807.82
914
902.213
782
786.415
803.379
822.813
814.283
766
777.176
802.56
819.498
813
797
802.118
823.222
828.26
804.4
787.601
793.452
810.776
816.166
797.207
766
766
780.204
791.287
789.049
776.657
758
820
831.712
875
804
782
790.8
810.372
817.311
803.993
766
766.681
821
836.78
824.347
789
778.334
796.45
828
828.653
803.769
780.977
774
794.542
807.933
797
780.767
767.081
776.6
792.072
789
780.173
768.962
769.657
779.942
836
828.086
875
883
868.697
856.681
846.405
839.775
833.662
922
910.899
895.241
781
787.701
852
861.147
847.621
781
883
836
797
797.098
811.646
890
865.928
832.359
828
850.248
860.727
838.792
781
805.73
825.464
875
797
781
804.031
833.581
930
860.181
774
787.469
797
823.262
859
816.768
828
922
925.882
859
825.941
859
881.664
876.057
835.581
827.058
851
977
898
856.761
781
794.46
822.887
843
824.916
758
789
830.175
856.419
813
781.879
790.122
825.34
843.669
789
789
804
823.371
867
818.268
796.072
809.184
830.881
859
832.278
782
836
852.868
857.954
830.044
805.44
899
906
882.344
842.768
804
875
884.319
883
841.225
773
795.3
812
825.565
797
779.887
790.232
815.011
828.418
814.992
790.293
773
788.392
891
884.307
797
784.47
797.241
826.565
828
807.384
782.043
782.598
898
867
839.898
804.067
805.455
843
836
815.96
789.649
794.01
789
802.169
797
782.408
821
906
888.41
851
828.127
750
789
867
875
851.389
818.307
797
836
828
826.05
808.521
790.582
789.047
807.735
766
789
787.762
890
866.248
781
791.958
828
883
857.281
826.292
914
1016
891
836
857.058
852
836
804
750
765.363
783.758
794.924
836
840.861
750
766
778.543
791.937
791.973
820
805
803.91
803.496
806.027
789
782.27
779.23
929
895.406
869.631
853.291
836
938
961
812
758
761.447
771.071
852
875
797
812
841.319
1032
883
834.635
835.892
865.732
878.772
843.576
758
763.533
791.654
833.865
824.903
781.144
773.651
804.005
840.619
844
843
799.448
945
957.265
805
804.44
821
832.888
815.08
799.267
818.369
835.46
824.571
799.454
805
789
789
785.893
914
844
826.943
797
851
850.623
875
842.833
774
828
842.767
891
812
796.539
765
791.866
816.818
843
809.486
781
836
860.823
862.176
781
782.53
802.754
906
867.987
781
784.802
804
836
818.226
774
777.949
807.544
828.079
807.741
797
795.029
815.723
883
842.07
808.141
766
789
815.542
824.181
808.914
785.264
779.956
797.657
813.127
883
797
797
859
852
840.344
804
829
846.765
849.401
822.012
804.653
820.436
835.464
891
844.328
813
828.058
789
860
839.471
826.088
807.206
810.828
883
885.575
907
868.068
797
808.008
826.156
840.191
789
789
799.335
814.669
891
860.551
766
773.382
792.661
867
813
786.973
882
903.154
873.639
829.511
820
842.821
855.174
805
793.905
816.877
836
821.793
794.068
802.036
823.848
797
784.657
785.92
797.955
758
821
836
898
874.55
859.957
857.975
855.401
845.068
820
852
853.837
845.945
835.893
834.627
837.852
834.442
828.387
822.302
820.925
821.473
821.524
818.796
821.343
824.898
827.833
829.6
821
773
783.499
785.707
922
891
874.298
863.616
860.774
867
856.845
843.113
789
792.35
800.249
814.808
859
848.389
829.509
822.245
828
839.301
842.327
774
781
787.563
799.088
859
844.991
826.248
816.906
823.168
832.227
830.649
789
821
906
859
840.036
830.564
841.635
849.831
836.544
797
807.659
812
819.587
930
884.118
858.322
857.15
859
861.01
846.384
843
782
812
891
888.561
836
781
791.921
816.528
937
946
882.006
774
805
848.464
836
819.271
787.035
852
886.02
882.689
839.464
810.806
836
867.022
898
836
774
791.679
828.315
845.054
822.298
899
902.146
821
813.051
734
737.693
741.754
749.01
754.207
961
932.387
896.475
860
875
864.427
842.072
824.391
821.243
820.897
819.49
860
857.572
812
812.13
821
765
781
860
858.577
849.897
836
805
805.221
898
820
814.732
804
815.325
817.655
859
805
773
785.038
807.45
816.942
803.162
782.509
789.283
808.366
818.383
802.707
789
844
858.215
849.142
797
801.089
852
857.87
835.793
809.821
820.284
836
839.83
817.73
797
773
813
914
885.045
849.15
804
828
857.383
867.597
849.571
816.558
883
899.735
914
797
805.108
906
912.557
870.439
824.899
840.943
718
734.535
789
802.17
796.821
789.73
795.472
811.435
649
697.906
706.271
617
625
628.149
628.395
617
622.245
625.503
628.339
586
570
570
569.367
568.379
571
570.317
547
555.271
554.992
579
577.864
618
626.177
633.938
633
664
669.168
671.62
671.38
1008
870.642
829.702
1031
836
838.328
789
787.331
779.675
1008
1109
906
906.839
909.207
887.989
866.349
865.891
865.789
774
781.708
792.062
773
771.659
779.145
784.484
783.829
782.232
938
895.1
805
815.866
797
790.891
1133
993.149
918.802
917.758
917.531
821
818.482
968
1157
1025.13
956.784
820
819.887
836.06
870.693
868.626
840.977
1031
836
797
805.864
1157
914
869.278
921
1118
980.064
915.561
758
812
875
813
797.681
803.432
930
789
781.163
802.124
829.053
815.348
796.539
868
953
820
773
801.433
836.27
814.771
777.654
773
808.423
818.882
782.302
813
844.886
805
844
898
874.556
833.848
860
828
937
892.258
812
774
789
794.454
794.289
792.992
882
1063
836
781
875
930
871.483
836.476
866.217
797
797
802.099
750
828
835.382
824.798
810.65
815.335
805
801.333
867
1070
961
828
835.725
789
782.519
780.879
785.582
793.342
867
881.797
820
819.327
827.688
832.352
820.548
803.957
844
849.757
976
934.653
859
856.828
867.857
930
820
758
758
772.25
795.532
805
803.791
816.25
838.26
846.245
859
835.06
827.098
833.596
781
780.49
780.846
765
767.055
770.171
774.52
742
749.671
749.7
751.674
867
851.83
742
781
828
819.359
750
760.291
860
844.883
806.802
781
804.602
828
820
844
914
886.665
846.178
845.793
869.339
863.658
922
891.856
871.026
774
779.663
784.398
984
947.292
908.044
883.522
875.238
843
914
829
814.763
813.902
875
813
781
860
877.176
854.875
838.391
856.866
857.591
797
773
782
791.735
758
734
750.964
835
820.958
792.371
785.821
742
748.666
753.092
753.106
750
748.648
752.81
797
803.899
794.526
774
812
819.493
813.303
798.406
750
765
773.217
778.576
769.918
761.902
764.625
844
842.957
826.754
758
767.756
785.133
797.829
797
774.522
796
807.647
813.713
798.729
789
805
859
850.125
825.663
804.305
797
811.332
818.418
789
828
826.253
797
795.554
844
867
849.439
829.98
836.366
842.495
835.377
819.419
820.308
782
789.425
758
762.551
719
724.098
726.855
732.726
737.09
743.336
750.598
758.058
764.566
781
782.375
711
722.958
789
797
785.715
789
1078
821
815.167
789
788.033
785.2
783.6
783.616
785.26
785.191
750
734
735.996
883
861.316
773
758
772.752
797
852
823.643
794.67
785.224
799.98
819.802
819.406
793.585
790
792.27
811.683
814.37
799.193
777.044
835
843.76
820
802.838
797.433
774
783.538
785.634
783.806
821
773
766
770.25
774.054
773
782
804
883
875.495
781
791.613
797
797.792
787.487
783.679
828
833.635
818.058
766
779.641
792.956
781
769.745
735
751.191
767.159
775.193
789
734
742.019
754.604
767.375
767.457
766
751.379
753.753
762.783
782
780.616
789
742
748.009
727
733.525
734.994
773
735
740.363
719
724.361
766
758
754.385
752.555
704
703
701.586
687
688.893
690.036
694.252
697.575
742
745.628
744.313
744.959
743.449
740.261
734.792
730.35
728.923
727.546
726.346
724.919
765
761.525
756.241
753.06
750.987
742
758
752.179
749.869
758
756.155
789
783.801
773
770.655
769.315
768.086
773
766.715
764.834
765.149
750
750
749.705
749.985
719
731.137
731.955
719
723.527
710
715.537
750
735
738.861
696
707.975
708.197
687
690.512
688
687
689.503
691.384
693.721
765
761.842
754.035
749.592
766
760.572
726
750
747.346
828
797
774
770.805
773.118
769.19
760.171
751.864
749.272
805
798.994
788.753
776.497
779.761
784.835
774
789
777.768
773.691
773.071
775.635
789
750
789
784.503
750
758.931
758.529
821
801.963
795.835
789
844
829.253
773
786.208
794.454
781
797
787.635
787.486
787.368
784.858
766
757
719
730.008
730.478
733.843
736.1
739.455
745.029
749.725
765
750
719
724.194
724.115
725.569
735
733.08
766
768.305
766.501
764.059
760.711
757.618
753.56
790
784.519
778.612
726
734.312
750
758
726
729.829
734.947
740.411
739.977
734.609
734
739.072
743.22
742.206
739.115
796
789.95
782.466
773.472
789
784.399
777.135
771.095
883
805
750
773
780.696
770.353
760.569
772.937
779.93
769.585
805
742
726
735.257
738.926
914
914
875.068
726
731.607
736.664
743.4
747.575
804
735
736.971
739.877
748.469
883
858.461
817.84
750
742
748.425
759.917
764.935
743
741.388
745.904
756.577
760.018
852
875
850.098
824.857
811.446
806.187
851
854.634
840.645
805
801.293
807.823
815.79
750
751.845
750
757.513
762.78
763.105
763.628
771.863
781.22
783.982
703
716.122
735
742.686
726
695
680
656
659.853
661.562
665.729
669.444
828
819.478
781
890
883.723
961
931.558
844
828
814.529
800.217
789.268
785.398
784.532
781.772
766
764.434
852
820
805.532
804.848
811.333
812.535
789
787.495
791.712
793.466
812
801.104
719
734
774
782.638
773.666
758.083
773
785.859
794.133
786.399
765
767.285
781
805
794.331
774
742
758
777.671
786.457
778.923
762.677
789
796.636
797
812
774
770.893
797
774
772.8
766.07
766
769.702
772.848
735
743.842
747.847
812
799.23
750
759.167
898
828
844
820.917
797
758
762.025
764.084
766.318
764.047
760.791
766
771.227
772.953
770.361
766.672
812
1133
1010.12
797
758
774
791.253
795.408
790.572
758
757.66
766.299
782.761
784.367
772.982
761.742
760.473
764.488
767.994
767.241
758.972
757.831
766
771.73
758
828
827.862
824.544
734
696
696.702
696.271
700.319
705.026
743
761.057
766.749
766.457
767.189
765.883
759.72
751.888
744.187
836
834.76
823.15
719
731.146
734.822
656
666.568
656
664
703
719.223
860
853.438
830.87
824.464
816.217
695
697.414
698.013
699.008
797
781
765.755
766
766.67
763.225
765
743
765
763.416
922
898.147
871.583
849.674
835.67
789
774.972
969
939.599
901.801
866.193
853.753
854.977
856.017
843.895
821.835
812
836
852.578
1054
836
750
752.532
789
820
818.408
808.838
817.637
843.759
797
788.46
789.952
757
756.686
821
821.347
797
750
758
770.336
771.615
763.52
765
770.918
821
1101
975.016
896.123
781
773
780.862
793.759
793.501
778.237
750
749.809
760.187
813
765
747.896
734
738.32
754.847
762.416
758
734
735
747.908
758.724
760.737
773
758
752.151
754.958
836
836.973
827.623
805.635
789
852
882
873.402
820
805.38
809.903
758
762.372
898
852
781
742
749.15
768.019
785.389
821
734
741.171
766
788.162
787.021
762.189
750
762.867
773
779.306
761.562
741.572
836
843.156
827.222
789
805
817.542
822.413
774
771.231
784.985
795.03
786.18
768.445
771.885
783.504
789.78
820
791.532
844
849.298
841.721
823.699
821.273
860
853.411
750
774
867
851.145
823.899
821
750
766.347
790
875
844.765
817.158
820
782
790.132
790.569
859
922
878.906
812
798.663
807.341
826.057
835.911
805
787.442
742
813
843
849.372
827.472
795.42
785.398
801.277
789
793.675
773
813
804
758
727
730.339
789
828
750
742
756.153
770.689
767.507
751.086
751.909
821
828
812
780.224
777.627
798.234
807.591
788.107
906
875.398
734
746.895
756.118
883
849.313
797
795.691
859
797
750
735
765
779.907
774.322
759.738
763.898
786.893
742
797
796.162
780.687
771.126
784.672
790.548
777.129
960
805
803.487
816.722
803.849
890
797
807.707
816.589
801.368
883
883
914
781
815.413
816.143
828
898
864.941
859.029
857.388
726
727
727.701
828
766
770.211
813
831.859
828.348
825.703
826.491
824.981
812.689
802.023
821
818.157
810.866
803.095
820
821.957
812.032
804.575
773
813
867
856.662
922
789
758
758
828
843.637
834.076
789
779.724
758
772.946
859
914
828
794.478
791.225
937
969
875
817.559
758
772.341
811.196
833.9
812.522
776.65
772.725
774
802.208
796
782
759.712
758.389
812
832.564
822.542
799.1
779.266
790.063
809.871
797
750
727
750
789
828
809.65
783.401
750
758.629
758
766.844
797
914
937
828
781
779.828
938
934.932
805
773
782.232
742
789
804.341
803.869
742
743.036
758.516
781.951
851
821.731
783.669
882
896.461
876.39
852
835.781
750
750
773
782.686
779.908
771.444
770.723
1101
789
786.938
750
749.542
749.185
695
703
727
748.439
828
758
757.615
852
851.59
1031
859
846.725
846.968
843
828.692
807.919
806.506
797
798.66
1015
875
842.343
843.906
849.557
843
822.677
742
781
860
871.577
969
812
766
789
824.106
833.629
836
794.053
742
774
961
947.703
887.251
797
726
734.062
719
732.12
738.364
867
866.402
837.531
1109
883
853.588
854.883
854.737
836.383
828.607
813
812.515
750
758
758.41
852
789
788.727
758
789
790.366
788.097
781.972
780.987
785.26
820
822.273
782
765
775.111
790.643
793.912
777.57
763.666
836
789
783.891
779.55
719
731.99
734.595
726
703
696
701.391
707.014
758
797
750
719
734
739.916
742.374
734.975
729.462
728.736
733.598
758
757.242
748.117
739.479
738.606
742.886
781
750
742.776
742.859
748.387
748.743
789
750
758
797
797.399
750
754.28
760.198
760.197
752.148
750.131
789
783.427
772.986
769.264
774.629
775.543
764.959
742
754.396
762.351
762.438
753.18
752.406
759.47
762.206
758.862
754.028
755.003
773
772.033
742
773
771.395
844
820.336
805.87
800.887
799.318
750
766
762.699
719
703
727
730.515
733.724
735.077
867
848.761
742
754.438
781
773.882
755.994
758.291
742
743.898
899
1117
945
844
781
766
789
773
767.828
768.554
782.875
796.969
796.733
782.323
758
757.466
761.796
764.613
828
820.192
814.858
813.332
815.344
815.421
758
734
733.529
765
828
830.918
821.448
817.203
742
789
793.661
930
844
742
744.098
751.479
772.274
784.458
774.026
742
750
781
805.818
799.707
769.119
752.399
743
761.311
775.487
851
758
734
743.535
761.178
775.551
782
726
727
742
759.789
763.645
747.158
729.912
733.45
805
810.763
790.589
758.621
747.434
750
763.265
782
768.051
749.356
742
752.13
764.105
768.438
758.541
906
797
766
742
747.25
750.669
898
852.55
743
734
758
774.176
772.171
735
734.722
752.813
772.921
769.782
750
719
727.468
734
742.589
734.266
750
726
782
890
977
945
805
742
744.321
753.848
789
789
773.726
762.4
789
807.123
809.261
750
741.376
746.207
761.577
770.957
758.18
747.654
781
799.736
1008
906.197
820
809.42
750
797
811.1
807.081
766
718
721.561
736.479
898
852
781
757.95
852
880.053
859.116
802.074
781.528
806.366
837.782
834.622
798.427
766
779.146
781
899
859
774
767.964
787.136
822.124
843
742
744.042
762.189
758
757.982
781
734
719
742
755.544
761.765
744.375
742
744.598
754.884
756.79
746.824
742
735
740.643
740.223
738.998
765
727
766
763.271
844
875
820
774
758
804
805.915
804
788.627
766
867
867.422
844
815.132
805.459
819.511
828.577
844
815.574
794.786
801.052
821.026
827.025
815.882
742
753.087
772.796
791.953
794.103
773.598
767.217
727
738.845
774
783.25
777.484
760.81
735
740.745
753.035
930
883.117
840.406
804.718
735
703
704.752
664
664.856
665.151
668.402
673.046
649
652.765
654.458
657.736
659.939
661.541
664
666.478
670.177
672.273
673.229
641
647.613
633
635.744
633.998
634.015
617
618
625
601
607.606
607.08
625
624.536
627.787
630.423
633.169
635.2
635.566
635.727
735
804
782
757
747.414
719
766
937
903.505
836
806.67
734
789
814.919
816.876
791.929
812
797
1016
1007
937.52
797
791.436
819.952
1055
978.349
897.736
838.779
838.589
884.136
921.403
969
912.134
844.861
834.439
719
735
755.138
809.028
844
834.107
796.81
1265
1126.46
1003.46
805
799.273
809.444
840.968
843.279
875
804
795.596
803.164
828.21
835.388
829.591
803.118
791.311
790.853
929
899
880.067
820
811.279
829.88
852.636
836
815.214
793.941
802.376
825.712
937
905.501
861.505
828.479
829.393
836
867
829
810.986
801.369
773
828
852
797
784.94
788.582
844
828
813
750
757.871
757
768.846
765.567
754.772
752.167
766.167
782
778.857
907
874.713
850.04
837.619
835.398
830.917
758
759.436
860
851.372
883
864.088
853.86
849.882
758
761.204
763.615
906
901.686
781
821
841.764
844
821.111
805
810.037
818.711
817.667
883
891
869.069
850.059
850.71
854.581
848.124
832.956
758
765.171
843
860.64
851.524
830.382
826.634
837.641
848.637
851
831.782
812.072
813.222
826.958
837.128
832.022
813.99
773
758
797
810.837
820
811.104
695
734
750.746
777.058
781.925
914
872.019
781
778.365
782.693
798.12
800.696
758
759.43
773
788.595
780.92
867
863.893
773
779.779
852
850.976
914
878.981
797
821
829.315
823.628
851
805
836
844.373
844.914
825.669
797
806.968
822.679
830.442
906
860.02
843.658
844.509
854.037
854.339
844.409
833.76
797
804.776
813.401
822.875
818.063
821
819.722
824.41
826.068
822.282
816.286
789
812
844
867
813
805
765
774
779
783.904
783.587
784.343
773
778.624
789
813
810.696
801.084
750
789
860
890
883
851.187
829.085
820
906
908.082
891.942
781
766
777.539
836
849.513
875
789
773.593
792.193
766
775.817
805
757
782
792.505
803.412
801.612
794.902
790.849
929
946
917.016
889.958
888.468
882.853
867.854
853.878
846.775
847.158
850.966
849.383
841.746
835.912
890
868
859.844
849.691
847.905
875
872.619
867
797
813.255
823.326
831.344
822.928
828
832.888
839.074
867
860
847.735
841.887
847.533
853.394
849.708
840.67
837.37
841.609
805
814.731
890
878.192
804
819.806
830.343
832.47
789
802.458
773
867
839.258
823.88
821
833.953
837.052
821.456
805.308
817.465
797
758
764.077
767.83
771.985
859
781
774
782.986
788.364
783.202
779.078
783.463
788.138
787.678
820
812.504
789
804
804.719
891
857.773
837.292
750
765
771.872
844
834.433
815.637
758
773
795.19
860
848.482
851
805.202
785.336
793.693
821.797
820
811.656
789.047
771.775
758
797
812
774
789
890
887.15
937
901.749
805
797
806.767
818.004
814.391
820
814.913
906
938
909.923
875.057
758
774
783.873
883
876.441
812
795.898
800.724
824.181
867
854.696
826.042
801.831
800.682
875
875
789
789
828
851.241
836
805.504
793.925
814.487
836.846
890
845.804
816.641
812
836
883
864.603
859
829.515
822.066
828
860
836
789
785.403
796.646
812.507
818.346
805.939
792.119
789
812
820.659
814.972
800.015
797.877
807.296
816.656
816.949
807.18
742
751.145
761.996
882
922
889.782
851.533
831.827
831.056
821
797
786.594
779.751
781.149
788.544
851
861.523
781
781.819
788.126
798.987
800.561
788.139
788.459
906
901.651
878.037
750
761.216
789
875
852.055
809.72
789.143
789
819.339
836.809
822.955
843
774
812
830.286
907
868.944
833.021
805.81
807.668
827.818
842.222
789
750
766
797
814.477
836
808.926
789.707
793.796
813.165
867
852.787
773
771.012
875
889.163
851
811.778
801.64
826.884
842.809
833.506
803.074
792.971
766
750
797
828
819.035
795.184
758
761.713
780.775
836
852
797
765
767.432
875
889.046
868.304
797
775.921
851
876.778
869.942
826.196
773
813
846.761
857.031
797
772.981
785.897
822.574
835.241
811.22
777.939
782
804
821.094
812.031
797
781
793.23
810.32
915
835
808.132
801.269
819.738
867
899
858.24
821.842
814.912
834.948
852.692
849.814
773
836
922
909.986
865.089
781
797
837.297
855.261
821
765
780.22
820.742
843.883
843
800.419
750
768.807
808.028
821
803.963
771.485
758
778.629
805.783
773
760
782
882
922
880.436
782
786.037
828
849.212
832.399
805
781
797
828
834.952
814.964
789
784.73
805.335
823.853
823.811
797.226
777.524
859
875
866.654
805
794.87
821
839.194
867
773
777.594
821
842.444
825.14
791.147
788.551
817.232
834.962
818.677
820
816.26
827.538
832.391
844
820.732
808.977
782
794.515
891
878.221
813
773
781.302
891
922
889.333
845.028
829.396
890
908.438
813
800.786
818.459
846.437
844.424
875
797
789
820
842.368
840.073
813.979
774
750
760.01
772.522
784.574
783.39
769.049
781
851
907
888.213
853.914
827.899
827.317
875
881.737
868.16
843.286
827.503
890
900.569
892.146
864.29
843.662
848.284
863.917
870.464
857.209
835.917
829.104
875
883
804
804.75
816.594
829.596
930
890.568
789
773
783.171
844
854.366
805
781
794.148
844
859.006
837.518
798.977
791.984
815.353
836.732
834.625
803.22
779.925
851
868
862.548
797
765
779.621
809.135
818.281
801.635
774
844
868.435
883
842.952
804
814.063
840.461
849.971
833.344
804.178
801.145
819.418
832.654
852
805
792.414
803.133
821.989
830.612
1016
929.077
867.643
857.023
844
848.265
883
804
802.07
812.586
868
860.981
843
834.049
846.466
890
891
820
814.822
838.25
797
836
827.135
821.954
820.505
827.598
914
893.328
873.023
860.244
864.343
875
883
796
821
890
878.388
854.312
797
758
771.223
797
806.92
797.322
742
752.521
851
961
910.456
845.359
774
777.897
811.329
890
874.871
782
812
844.191
860.684
835.313
828
817.018
827.939
844.757
843.018
812.458
813
765
777.549
786.497
875
883
797
781
786.925
875
881.773
930
820
809.827
844
866.697
866.418
836
801.536
800.899
827.576
847.661
845.358
815.653
793.18
797
867
867
860
826.23
806.377
789
828
844.596
789
765
770.198
786.247
802.556
875
844.65
818.393
843
856.664
858.794
841.398
781
785.503
801.24
812.586
806.808
789.945
783.831
795.626
807.163
868
804
828
835.422
843.102
875
848.887
805
810.863
825.132
831.745
822.089
807.825
808.207
816.487
914
883.531
782
794.179
810.563
827.764
822.255
798.978
792.861
811.504
843
838.657
813.139
799.242
813
883
873.649
841.65
809.151
914
945
909.309
797
808.641
840.904
859.947
836
807.074
789
828
914
867
828.657
820.597
929
938.576
894.392
843.492
846.053
765
773.405
859
863.694
840.227
797
800.031
825.124
844
833.949
804.497
796.443
812.301
852
828
773
773.43
835
860
906
813
781
798.875
833.34
843.236
819.305
789
791.826
818.876
835.93
867
820
774
783.158
808.983
891
867.118
812
787.206
799.293
823.647
906
881.273
842.036
782
785.474
810.942
838.115
841.421
742
744.847
761.069
914
914
851.631
792.044
867
914
910.562
853.65
781
791.259
837.211
883
853.894
773
766
804
844
843.399
802.754
779.275
796.08
835.237
891
875
789
774
812
848.8
853.219
836
798.954
789.831
914
945
910.256
852.941
828.995
851.602
877.775
877.906
805
793.742
867
892.955
898
813
781
803.559
820
833.875
797
775.124
789.666
907
882
846.212
789
795.496
875
891
858.504
809.325
766
820
883
881.978
842.05
789
790.404
829.267
856.854
848.503
807.82
783.169
799.19
953
891
812
789.726
807.225
846.136
930
871.949
816.85
789
843
885.863
884.393
828
790.392
803.307
848.245
869.165
841.068
796.575
797
830.066
851.711
842.594
806.038
787.251
804.307
830.807
838.271
820.195
795.745
805
824.271
890
871.248
840.737
816.246
818.897
837.191
848.236
840.666
820.268
803.352
811.734
805
828
824.187
812.419
798.677
961
939.963
860
812
819.539
841.92
898
844
819.458
804
860
898
875.741
832.656
812
883
911.813
895.143
828
789
805.136
843.689
853.945
830.473
801.771
781
797
867
930
886.744
812
798.064
891
920.652
911.873
765
770.812
742
754.022
766.497
774.182
820
875
1141
1008
919.955
894.992
899.316
899.85
859
836.967
835.996
839.737
842.493
839.62
832.976
832.815
834.575
835.15
831.63
825.39
821.969
789
789.962
875
875.336
828
774
765
768.314
773.67
750
751.408
758.519
771.181
776.696
773.039
772.679
778.854
906
890.229
858.631
833.61
774
820
836
844
824.308
803.12
794.813
803.91
816.413
817.688
789
777.216
781.018
797.54
891
858.333
789
812
829.717
914
885.6
773
779.741
799.844
851
843.89
808.616
836
855.742
860.71
830.33
774
789
820.802
836.206
811.882
784.771
795.937
823.251
930
869.203
766
773
797.47
826.428
826.857
795.07
774
786.54
817.747
831.607
797
796
804.001
822.286
883
813
789.651
798.593
859
864.63
836
804.358
809.984
832.014
842.546
826.872
883
875.848
861.475
843.407
851
860
812
809.719
812
868
867
845.353
766
779.307
791.039
922
885.174
820
781
793.847
828.341
846.597
832.27
750
753.268
781.344
859
856.895
809.359
769.731
770.351
805.345
832.245
827.894
789
766.049
779.831
807.628
805
790.785
805
801.685
803.279
802.184
797.283
813
812.517
810.939
804.648
734
745.978
852
1023
953.859
812
914
918.902
977
927.175
880.81
879.352
903.115
875
852.757
805
809.706
836.688
883
844
821.323
825.519
852.906
868.152
828
789
795.889
817.688
833.844
826.098
828
825.063
832.662
839.323
833.913
820.095
813.764
922
922.056
901.116
797
851
871.295
874.552
845.901
797
773
791.511
811.985
812
766
836
857.675
914
861.017
828.606
813
833.104
847.402
835.971
812.474
781
790.287
809.901
836
860
781
766
789
814.522
844
827.327
799.141
783.587
793.166
891
812
795.303
786.754
799.972
816.432
818.39
796.953
805
773
786.995
792.84
914
864.687
812
805.564
789
796.94
898
869.663
844.961
782
828
898
894.06
860.796
818.642
811.233
914
917.527
884.521
836.359
829.701
907
916.091
886.754
842.313
846.597
914
921.798
891.14
850.214
857.431
889.304
867
847.497
766
805
875
890.018
859.976
825.602
781
799.632
829.794
875
856.697
820.763
802.787
914
890
860
828.805
821.537
846.513
860
847.629
821.075
773
844
864.131
945
887.706
844.098
829
882
905.357
900.033
862.249
832.587
891
913.134
836
821.704
834.539
855.95
855.898
829.888
797
820.792
848.138
854.091
882
852.049
765
774.322
750
727
729.094
731.642
828
1164
1040.95
875
864.945
1071
1026.47
946.794
892.989
892.531
912.567
852
824.211
822.492
842.379
898
892.685
850.612
837.851
805
811.644
822.833
823.685
814.02
805.07
807.37
859
871.694
805
798.434
852
863.168
938
892.84
821
827.838
867
879.273
859.41
789
794.764
821.124
842.35
833.52
802.872
792.567
812.709
836
828
801.664
790.05
859
937
904.87
858.825
835.375
850.858
873.297
871.802
847.047
823.279
830.077
664
695.658
649
652.217
652.208
655.016
648
653.387
658.966
617
617
617.148
609
609.714
609.652
610.374
585
591.935
578
579.779
579
570
578
578
586
586
589.204
591.524
594.529
596.12
597.025
597
597.123
596.938
718
735
727.127
789
945
1063
1027.02
1078
1055
914
921
1086
1036.8
993.423
797
803.059
808.132
820
797
787.98
793.265
811.079
734
732.564
738.802
719
716.941
695
696.866
697.639
697.881
698.331
699.752
735
743.012
750
754.13
759.93
727
766
953
905.913
867
853.198
898
859
838.561
827.201
766
766.683
961
898
805
803.037
797
811.663
810.15
836
827.625
758
781
742
745.174
1227
1024.85
867
766
765.429
771.712
844
805
796
852
922
912.694
836.583
774
773
803.564
825.441
810.561
776.169
750
782
843
844.461
817.048
783.9
750
828
922
1031
944.567
861.342
828
849.888
884.573
773
742
743.587
757.792
1117
1015
852
813
828
875
876.288
851
810.66
836
879.252
893.624
836
803.025
812
842.71
930
879.991
832.446
828.506
846.51
883
877.993
845.98
773
797
834.487
856.093
758
757.366
774.456
806.469
719
695
705.11
727.827
744.876
734.405
731.613
750.222
820
758
750
762.043
711
710
711.336
713.171
712.843
713.181
715.163
672
680.993
678.644
657
660.882
660.246
660.482
661.084
662.774
665.682
735
739.056
1062
1000
930
918.558
758
741.999
680
648
642.517
640.798
640.48
688
711.477
718.645
930
915.715
985
981.463
943.861
961
844
844.829
828
836
830.418
789
790.731
786.025
779.263
772.293
770.827
945
916.919
1141
1097.96
1050.92
1048.69
992
958.006
949.368
943.541
930.401
961
851
789
786.091
786.822
788.191
791.145
800.499
774
779.775
785.041
781
758
762.627
767.105
769.733
781
750
758
761.797
765.856
760.94
758.486
761.525
765.268
765.533
763.262
762.236
762.373
812
815.152
781
784.646
788.671
930
887.551
857.586
844.47
843.271
842.234
831.267
817.039
809.203
811.495
1039
964.145
906.876
878.2
880.07
1016
986.635
932.882
880.959
882.064
920.365
940.049
813
811.622
992
1000
927.522
861.643
875.78
969
859
832.099
859.295
930
917.089
853.307
857.347
903.53
804
804.504
819.55
833.231
828.151
789
807.469
813
1007
993
937.684
789
790.444
938
936.907
896.226
789
784.585
828.907
781
781
778.325
789.899
810.505
820.773
812.781
800.441
969
804
750
750
930
984
905.077
877.895
885.95
1164
1031
828
782
796.812
840.614
883
836
820
838.172
882.085
895.482
867
797
796.542
1117
938
812
803.662
1203
1038.45
852
842.354
898.135
1156
985.184
868.553
875.516
962.462
982.459
922
857.201
789
821
892.687
905.644
846.118
806.238
814.205
828
906
813
781
787.116
825.269
853.027
837.628
789
891
1102
1007.36
907.214
871.368
898.691
953
926.935
797
801.818
838.652
1024
955.656
874.65
766
859
933.958
934.185
864.456
750
727
759.858
841.264
864.971
814.167
703
706.138
748.771
758
734
710.205
709.482
736.522
773.303
773.581
740.874
727
741.685
766.294
1164
1094
992
917.057
904.802
904.344
903.662
797
775.828
775.587
1039
977
812
774
781.789
891
897.899
853.219
852
859.395
1063
1021.53
867
839.711
805
992
967.573
896.189
821
821.427
868.944
868
852.044
811.94
797
823.706
868.69
1023
891
789
789.197
836
914
953
872.219
815.694
868
984
982.149
915.449
843.375
841.598
889.323
906
813
802.629
819.723
864.944
868.284
831.842
750
765.06
805.911
841.572
828.181
781
778.323
1102
1039
992
895.781
888.052
927.501
922
886.872
836.447
841.672
797
803.271
805.345
805.255
812
812.76
814.452
1039
852
849.554
855.849
858.878
1140
1016
859
828
891
896.766
969
919.314
805
808.05
1149
1033.3
805
790.322
814.307
901.246
835
803.588
820
1086
1004.85
821
773
820
1196
1031
906
887.985
968
975.764
902.974
864.464
893.605
962.185
899
843.267
843.602
1180
1033.26
919.49
908.663
836
839.549
945
844
838.087
862.543
912.623
907.039
853.77
856.529
891.618
895.948
858.071
842.308
781
784.859
790.731
867
855.723
835.4
938
976
952.426
789
797.81
812.039
844
834.533
816.759
844
1179
1060.45
954.093
852
854.094
1000
969.933
899.494
856.811
873.212
922.027
928.409
883.94
937
992
981.682
915.2
884.152
867
985
976.906
926.675
891.461
912.239
937
937.756
905.832
884.421
901.245
926.391
930.691
905.674
877.626
860
882.052
899.488
797
800.4
811.137
1007
954.647
789
828
864.541
883.472
854.476
766
789
789
836
830.805
796.846
787.405
1032
1000
908.983
851.032
858.997
884.217
875
836.512
816.535
781
799.612
1078
976.108
898.984
862.073
868.039
903.642
911.21
891.759
851
922
922
812
774
782.588
1086
1023
820
774
812
869.035
869.457
836.412
831.318
820
840.82
858.87
853.9
821.115
891
909.236
903.351
854.946
839.029
851.073
862.879
883
797
805.201
844
857.348
961
904.69
872.628
877.078
895.712
902.807
859
812
836
858.837
869.162
848.244
826.129
836.895
857.277
875
853.343
789
800.312
827.567
922
805
799.185
815.728
844.612
849.649
844
797
806.196
835.595
852
831.699
799.47
802.42
827.252
906
867
883
945
938.779
911.488
886.21
886.42
895.904
813
814.478
823.683
832.432
906
896.364
781
820
834.034
1023
821
773
781.304
802.795
817.234
809.999
789
805
883
1101
1000
828
825.9
859.227
896.622
874.399
820
789
798.237
841.35
864.33
836.644
797.883
883
919.016
910.902
849.867
826.821
836
985
968
909.886
863.708
876.235
909.924
914.29
859
833.852
812
838.16
864.369
864.571
835.646
814.077
825.33
855.407
789
766
769.833
781.567
1055
948.353
805
906
969
883
833.222
851.966
890.264
886.677
836
830.926
869.258
883
843.556
820
766
852
857.217
838.251
809.851
819.329
813
822.6
1000
927.406
789
797.411
814.998
914
820
797
867
907.069
872.541
813
817.515
781
789.964
953
885.294
828.986
765
779.903
1117
969.795
871.091
766
766.629
820
860.367
832.263
774
768.287
809.307
867
862.351
791.146
851
877.798
1062
926.58
766
766.937
844
892.269
853.397
781
780.179
1187
1035.51
916.033
866.806
852
878.838
883.358
841.977
819.331
1203
1047
931.615
906.503
926.246
875
859.119
851
861.656
867.108
1032
981.73
922.519
922.562
933.641
933.182
805
810.509
824.295
921
938
909.887
904.181
828
829.484
835.171
841.257
797
766
767.99
778.631
791.212
798.171
797.808
798.373
1187
1057.92
966.535
797
794.474
803.971
1000
945.025
874.309
823.574
816.503
848.081
921
919.398
860.877
811.881
808.831
839.79
880.591
879.35
842.305
906
920.303
909.711
868.957
845.664
1070
1022.78
955.993
910.465
934.593
907
888.895
797
810.803
938
944.582
901.262
789
800.571
851.603
821
810.589
813
829.461
937
921.591
790
794.991
891
913.189
863.066
805
814.543
843
891
850.763
809.061
816.347
851.911
869.262
1024
891
843.77
804
827.364
858.681
836
781
836
871.666
880.158
875
797
802.46
828.515
937
892.38
789
789.415
815.278
850.394
789
776.748
953
943.166
836
796
836
872.245
850.113
802.631
808.339
851
862.649
1031
859
805
867
910.773
896.197
839.518
822.432
844
881.257
874.666
805
813
890
1086
958.985
872.803
789
844
892.633
820
790
765
795.891
848.482
851.261
807.592
797
820.281
922
922
851.724
808.662
824.942
860.836
1016
931.594
805
802.846
875
883
863.124
816
930
959.011
923.853
805
828
1047
1047
933.434
774
789
835.534
882
797
766
798.876
906
899
805
812
849.332
887.57
869.56
828
781
800.546
836
837.927
813
785.533
805
835.174
844.735
851
781
777.001
796.727
822.69
826.096
804.48
782.412
820
837.225
842.563
789
805
815.854
824.852
875
812
801.926
805
922
859
831.766
782
843
861.796
858.816
823.376
796
829
853.595
890
843.842
812.891
821
854.564
898
864.904
825.785
820.411
844.464
861.927
820
797
803.942
961
930.162
821
815.27
840.057
930
900.765
847.378
833.304
868.711
1133
1013.06
903.677
878.517
919.644
891
865.568
843.864
742
734
727
737.322
748.935
711
714.115
727.353
719
726
726.951
766
813
820.849
820.007
774
774.124
773.123
771.813
764.461
750
748.39
844
844
766
767.05
789
797.345
785.948
768.336
772.29
788.763
794.068
777.58
764.727
820
836
977
889.839
836
835.297
853.241
864.042
969
899.28
781
891
917.885
911.865
860.914
797
816.407
961
947.493
882.239
828.151
856.382
875
1078
1039
898
805
875
951.042
955.147
900.204
834.227
837.097
1110
1000
859
824.029
847.812
928.17
1031
921.653
757
727
754.551
853.409
895.138
742
735.72
719
761.357
814.884
812.27
764.6
687
711
750.796
792.999
789
766
765
781.159
801.991
1070
953.748
857.852
750
804
953
926.912
857.75
792.45
787.714
711
695
703
713.439
688
687.071
689.589
773
758
742
711
718.726
726.523
711
711
703
704.985
695
680
664
664.481
664.936
649
650.693
649.892
650.777
652.527
617
625.312
624.09
625.255
617
618.51
619.9
621.782
623.63
625.403
601
602
609
610
625
679
682.992
681.388
680.267
680.019
680
676.167
671.573
667.502
688
682.714
680.108
677.251
1031
992
915
968
963.285
1039
1007.42
972.769
899
898.38
1054
1016
891
878.602
894.59
1156
1075.37
978.377
766
764.756
797.99
899.505
1078
891
833.353
1117
1111.24
906
852
868.405
956.802
967.381
883.789
985
1032.28
1000.77
895.455
896.688
949.46
960.642
899.158
880.778
953
898
813
820.99
860.783
1125
961
828
836.41
876.569
1071
1008
859
856.39
917.977
898
874.412
804
811.118
868.53
859
836.363
807.14
836
813
976
985
903.654
821
825.863
883
900.522
880.771
835.718
818.108
842.362
1039
899
852.61
774
777.376
906
931.352
876.499
809.627
836
1000
984
875
816.435
789
859
909.054
878.206
875
861.688
836
852.613
1007
946
812
806.663
828.527
874.415
969
844
789
875
932.881
1070
947.197
867.044
805
835.156
883
889.063
845.452
802.305
805.354
853.085
885.7
868.958
819.413
801.799
1024
937
874.462
834.047
840.709
876.124
899
858.659
818.312
833.234
1085
1047
883
813
821.758
869.088
897.606
862.122
844
853.229
891
937
969
899.097
789
794.824
827.941
875.815
852
824.595
811.778
827.831
1055
1011.15
945.637
885.959
881.302
938
952.389
836
774
789
898
925.681
880.323
832.257
839.632
889.027
1000
1015
920.23
871.192
758
762.136
851
844
838.759
806.978
800.115
1055
1016.36
945.968
877.426
1078
906
868.655
868
887.282
886.314
848.789
848.751
884.535
914
992
919.288
902.649
922.246
890
866.53
862.091
875.016
879.917
870.473
922
930.441
919.392
836
797
899
896.024
877.687
859.066
812
823.202
836.276
953
925.234
890.966
789
821
864.531
893.348
766
769.989
786.665
816.149
828
796.597
750
762.797
953
976
891.947
820.726
851
889.125
889.878
840.73
803.082
815.835
1055
969.769
860
773
836
906
1000
901.01
805
921
1047
990.265
888.877
812
805
781
800.195
810.824
813
852
1046
992.115
918.431
884.609
898.398
898
969
936.656
893.454
797
796.329
808.768
837.562
843.874
828.433
969
976.857
943.529
893.38
820
823.5
831.8
922
910.162
881.455
859
860.308
961
951.628
922.276
859
852.278
880.787
844
813
867
883.526
1016
875
797
804.244
851
930
894.985
849.494
845.765
829
844.029
992
946.497
812
807.753
828.169
869.216
872.646
839.113
1218
1097.01
981.195
941.448
955.938
955.989
882
813
820
850.821
870.504
859.716
882
915.562
917.841
884.108
871.3
890
895.796
820
883
901.274
892.895
867.248
875.102
890.415
969
921.674
813
829.941
1062
995.319
923.351
805
818.961
836
898
828
781
800.848
862.879
897.626
922
838.392
804
830.922
859
871.791
789
779.834
773
801.04
953
938
789
820
856.748
878.769
852.967
805.626
803.686
838.361
1086
930
864.016
852
885.852
911.579
876.254
829.271
828.469
865.416
976
899
820
820.483
828
866.122
906
845.163
816.128
844
929
977
922.14
860
812
834.847
852
867.801
836
805.89
805.15
830.832
1015
899
852.609
833.236
851
899
883
848.185
816.728
821.8
875
894.727
868.054
823.623
953
964.62
921.019
861.709
862.396
897.149
910.617
881.137
849.6
843
871.842
884.423
906
961
852
867
898
914.652
828
825.417
835.381
977
937
895.318
887.073
820
891
894.675
879.868
812
822.313
854.705
878.243
946
820
818.58
875
930
922
856.182
838.05
907
953
867
773
782
820
855.213
938
889.644
854.953
866.272
897.435
909.231
885.713
845.077
867
891.695
961
922
877.848
865.602
883.62
883
953
913.671
878.899
874.568
961
969.384
1055
979.647
927.067
954
980.431
981.712
954.646
813
823.481
984
997.71
922
875.148
900.451
950.987
836
834.484
859.526
892.192
883.443
882
899.837
918.912
901.454
872.509
898
914.092
897.279
852
937
943.994
930
789
812
836
847.323
898
892.336
797
851
870.716
906
812
797
817.073
1110
906
858.329
859.64
887.673
914
859.493
841.662
869.386
867
863.24
930
820
805
820.892
847.567
846.423
824.694
816.685
824.132
838.714
832.106
820.762
823.624
906
852
840.596
841.677
854.736
853.432
833.287
825.841
837.634
820
906
877.276
851
855.874
883
873.854
854.036
868
789
805.754
808.595
914
890.211
873.51
805
836
847.864
937
906.273
797
883
895.661
914
828
820.416
844.819
873.936
866.053
813
820
836
856.046
859
789
797
828.482
846.119
821.99
804
812.731
961
919.641
898
812
797
883
899.414
906
845.077
823.636
883
914
901.603
812
807.64
839.698
844
906
852.736
818.083
829.98
866.652
882.006
891
837.953
875
921
922.554
844
813
828.973
855.528
977
883
847.216
865.027
898.396
908.681
873.713
839.405
789
804.701
834.104
850.289
834.967
797
793.704
817.958
890
821
781
785.257
844
863.347
805
781
793.897
781
791.497
781.193
727
738.595
758.465
777.436
703
710.326
680
672
675.253
676.757
656
649
651.484
653.851
654.875
656.846
660.265
664.126
667.628
670.32
719
672
679.467
681.899
641
625
626.379
624.476
624.922
617
625
664
666.982
669.2
671.867
883
817.49
788.77
780.071
771.997
757.755
740.866
726.586
734
703
688
703
702.801
774
734
732.854
733.184
867
843.618
766
766.987
805
773
758.935
755.247
758
781
781
760.017
758.769
769.077
1125
955.935
804
758
761.935
867
864.563
822.359
1258
1092.62
963.911
932.614
867
789
785.207
790.321
801.305
800.847
798.952
812.451
826.875
946
797
796.408
803.417
806.503
802.429
800.422
806.21
811.793
883
1023
981.155
852
855.938
861.179
858.738
838.861
1039
883
781
784.572
938
918.684
865.039
836
820
945
923.176
865.584
828
781
793.72
813.332
813
789
797
1234
1195
1032.65
961.595
906
909.533
945
844
837.33
836
954
948.508
796
800.073
832.945
1008
933.237
855.417
847.703
843
864.257
866.566
834.528
867
937
937.475
883.109
773
783.402
815.238
711
703
707.325
711
711.409
716.482
696
710
727
711
719
742
781
778.426
776.997
780.485
780.655
775.327
953
898
915
992
973.917
950.704
836
844.074
843.643
836.736
822.701
859
773
797
1016
1156
891
804
813
852
856.355
851
805
810.433
838.773
1008
945.114
870.018
854.56
871.803
1032
982.58
904.548
863.349
797
809.342
841.791
865.588
851
1016
995.298
1055
1007.1
821
859
898.177
912.063
953
913.842
883
883.178
896.728
902.991
812
875
859
859.691
849.24
789
758
761.671
922
961
906
828
828
845.467
860.152
846.566
818.666
804.61
817.316
875
885.846
859.509
818.751
809.611
890
908.635
914
857.091
773
783.247
812.059
840.827
718
727
738.498
761.28
764.317
773
782.653
836
804
786.376
783.791
1211
1109
965.051
875
875.503
914
912.094
914
872.39
797
796.619
823.792
871.706
871.507
797
781.187
787.919
1008
986.372
900.329
813
906
949.271
922
862.174
826.676
781
809.744
906
930
877.899
822.098
813.648
852.131
895.777
821
953
1125
1045.38
960.385
923.965
813
811.617
822.392
840.473
838.614
823.293
830.531
849.102
883
866.168
842.945
841.605
851.532
1047
995.94
944.476
917.41
916.553
932.032
836
859
863.518
869.388
861.106
797
765
767.405
778.386
1110
994.696
883
977
1109
1044.13
967.098
959.38
813
814.56
821.773
836.003
852
848.572
898
916.417
910.841
884.264
882.642
813
859
864.019
862
854.753
828
1023
1032
979.577
945.296
828
992
977
942.588
895.579
902.088
883
969
945.004
913.305
797
807.582
839.21
734
737.286
741.389
749.374
757.394
883
902.115
1109
1063.77
1021.01
1019.03
999.581
968.68
953.495
868
804
860
889.698
897.376
836
836
850.07
1079
1030.96
968.353
797
836
961
1062
860
844
887.061
960.07
944.401
813
773
789.736
865.297
891
840.825
793.806
814.782
898
918.562
843
801.128
805
851.072
878.733
851.315
805.904
803.116
891
910.48
969
828
810.118
812
852.937
865.069
837.867
801.3
1203
1079
962.527
851
852.29
889.092
1047
851
831.09
766
765
781.934
800.984
765
760.282
782
822.956
766
755.108
765.116
788.345
793.923
727
719
733.029
744.583
744.125
672
649
648
657.038
656
688
695.609
701.931
708.117
716.119
930
891.043
836
814.509
757
836
837.16
820.364
793.039
836
1172
1086
974.361
796
797
819.75
1109
990.49
888.063
847.979
856.146
908.011
1008
828
802.241
836
925.202
1140
907
781
780.554
828.788
912.295
880.635
805
801.094
840.283
1054
930
849.86
840.035
875.602
930
867
815.751
1063
1030.91
1094
960.5
859
888.559
959.46
958.886
892.628
851.636
888.227
949.984
969
1000
933.565
901.082
928.434
960.573
844
835.861
820
830.538
838.515
953
1047
985
960.717
968.445
963.433
939.313
919.762
923.938
928.732
917.406
903.263
901.71
883
804
868
874.259
879.562
869.321
844
856.606
867.054
867.344
862.483
820
830.944
906
985
948.556
805
815.701
734
719
711
703
711
727
746.35
828
854.249
852.685
846.655
1164
1102
906
891.147
890.34
867
851.133
882
893.98
828
930
931.06
892.64
883
812
891
889.136
868.478
1024
974.098
928.833
941.655
940.743
906.745
750
774.713
783.755
960
929.67
896.863
1297
1173.13
977
968
999.082
1007
941.605
938.085
981.439
989.841
943.341
907
937.262
965.657
954.393
1078
1015
970.393
969.175
976.558
966.112
1039
1008
891
906.079
921.397
916.076
882
813
821.637
827.461
828.98
825.916
834.913
914
923
946
1078
1059.94
1014.33
804
807.488
818.403
834.032
899
907.379
773
783.918
791.75
875
883.165
863.786
797
821
937
961
913.957
828
906
938.252
935.045
859
831.538
836
1039
1078
974.462
909.515
789
799.03
831.919
985
948.329
820
945
1125
1056.11
952.139
872.302
878.873
942.384
875
805
828
888.721
925.047
868.496
829.281
854.086
905.866
911.772
858.968
823.816
839.409
880.011
891
846.321
867
885.879
820
811.962
1101
999.088
915.25
904.978
945
1015
985
930.618
774
797
811.495
844.76
835
860
871.205
1062
1022.93
789
788.442
914
942.802
895.959
883
889.603
909.876
1000
943.675
891.868
789
793.12
922
944.032
899.261
846.123
842.441
873.415
1032
997.654
844
825.25
797
814.597
843.176
914
887.338
1188
1125
1022.89
955.641
789
812
907
926.185
895.687
859
790
791.005
968
967.291
911.802
828
819.588
863.879
916.36
911.216
860.957
890
953
952.479
859
773
781.792
817.733
858.718
842.368
810.072
818.599
1101
985
843
805
823.519
875
874.846
832.727
813.267
839.729
992
1000
875
835.161
857.3
904.518
907.121
805
799.671
831.156
945
912.626
854.619
859
899
921.175
890.286
766
775.541
790
825.727
899
862.501
826.504
1007
1007.06
942.838
882.483
886.711
914.616
946
922
820
828.645
863.639
1032
1047
828
823.935
858.333
890
889.607
805
820
863.892
904.678
883.765
836.204
844
874.315
893.278
869.874
851
828
844
856.53
855.287
773
852
863.726
953
860
812
829.142
862.03
873.095
867
827.563
826.011
1008
967.478
820
914
921.429
893.531
836
850.69
930
953
888.106
861.727
875
898
879.676
835
847.556
881.306
884.397
847.504
837.051
820
898
993
1015
938.701
909.246
805
891
909.314
900.794
870.312
842.137
1117
1054
980.236
918.741
922.112
959.17
958.187
852
850.332
892.356
1039
972.263
893.052
797
805.904
852.885
1015
954.463
877.559
781
782.015
868
906
897.401
836.417
792.596
937
975.927
922
804
782
820.708
883.389
881.792
828
852
984
975.575
903.705
849.904
872.967
906
910.753
862.567
907
1117
1042.68
922
911.886
954.645
898
922
913.787
774
789
867
899.758
875.5
851
862.016
867
961
906
870.559
813
820.263
829.917
836.393
825.193
809.542
805.161
929
933.294
903.776
857.858
851.745
835
847.623
875
812
801.632
807.142
826.11
834.641
851
797
797
811.86
827.61
829.623
805
801.005
883
893.874
877.015
846.251
840.822
854.31
862.994
850.773
830.031
812
824.618
837.801
840.956
891
843
831.206
1258
1203
1064.76
992.016
883
914
924.527
923.667
859
852.242
877.712
901.848
883.871
863.259
821
833.205
945
984
929.148
828
890
936.372
946.531
906.636
844
851.469
894.886
914.234
894.183
851.476
849.678
953
907
879.555
805
805
836.081
907
906
863.161
839.366
859.647
894.421
901.592
876.793
841.079
838.877
868.192
886.884
879.446
774
828
984
952.819
900.532
851.2
1133
1047.34
957.803
797
801.309
844.333
868
847.858
851
930
930
953
836
797
836
859
865.796
852
825.48
868
1023
982.169
913.213
829
837.132
872.821
894.601
851
813
843
883.207
867
839.447
816.719
834.969
1039
982.533
812
808.137
969
914
898
851.572
797
828
898
896.968
773
907
1054
938
857.689
859.151
902.41
901.024
858.806
836.087
864.159
891
871.507
852
860.741
821
906
890.652
922
836
836.402
968
914
836
813
831.044
854.23
853.946
805
820
852.347
869.313
837.667
844
844
906
873.952
835.53
838.225
860.955
869.142
851.637
829.006
852
864.238
1031
1000
928.64
891
901.405
828
824.275
1008
890
797
799.695
815.867
1000
947.462
885.831
985
998.354
954.326
836
859
907.308
953
867
820
860.445
922.342
919.01
861.885
844.886
890
923.05
1008
919.656
820
820
856.417
844
835.494
815.029
827.58
860.99
899
877.606
842.511
840.328
890
938
875
805
820
855.66
873.879
853.578
824.951
830.485
898
875
853.714
828.354
843.965
852
857.526
834.75
815.271
829.215
847.169
852.619
860
834.105
914
918.957
984
933.945
903.313
891
898.969
961
867
797
836
857.865
868.841
851.47
899
919.269
908.069
930
928.033
797
813.31
824.726
828
824.927
796
883
930
902.684
828
841.346
852.785
1055
961.71
894.626
894.077
851
891
883
812
809.963
825.312
853.538
898
870.899
852
969
978.417
932.944
805
814.977
883
900.454
872.605
804
816.537
859.486
882.827
836
797
812.374
1016
963.737
888.769
842.112
938
969
923.299
875
860
1070
1008.48
945
891.022
921.669
906
901.455
862.206
861.682
828
891
906
860
845.091
875
903.958
902.023
836
820
848.561
870.983
862.811
839.317
837.301
862.587
1008
945.615
886.095
872.745
899.746
918.519
901.451
864.142
855.388
881.27
953
929.166
887.085
812
825.34
865.324
888.385
870.723
813
811.599
968
977.526
931.171
797
801.773
1140
907
851
1102
1007.66
898.993
844
889.016
875
867.602
832.431
845.883
892.337
896.656
922
930
836
843.46
859.283
984
969
883
813
815.425
859
889.321
884.494
804
797.458
819.225
930
820
859
899
908.06
873.143
840.287
844.768
869.328
961
909.536
860.01
875
904.699
911.918
828
852
878.643
1102
979.09
828
831.019
862.421
896.394
874.922
812
821
866.045
900.618
906
848.459
838.289
863.824
882
954
945
871.395
860.417
879.239
907.267
898
797
801.346
817.351
898
852
828.846
773
784.763
816.844
837.236
824.819
795.228
789.903
938
914
881.523
789
805
847.24
866.795
838.379
798.74
799.436
834.544
854.316
875
827.379
805
1039
983.72
911.513
854.327
866.305
902.193
891
859
830.237
855.717
821
898
930
867
797
805
839.672
864.501
945
900.686
828
829.365
875
852
781
820
837.424
845.713
823.195
808.973
823.723
914
892.576
853.311
836.296
789
803.48
906
880.736
851.878
875
878.445
877.069
859.647
843.052
840.669
850.279
853.212
930
898.171
820
907
992
958.11
852
856.784
930
932.667
895.718
861.74
890.767
1023
977.969
829
841.196
879.401
867
842.755
835.359
866.918
894.613
891
854.362
859.34
885.475
813
875
898
805
820
914
890.404
961
852
820
830.717
859
906
883.457
880.483
828
832.6
834.84
860
804
799.991
801.184
814.495
824.181
828
816.178
812.628
821.045
829.1
766
773.128
930
992
844
842.618
867
869.977
837.351
818.755
843.804
828
813.717
803.931
859
874.229
789
794.232
825.292
832.299
808.755
836
859.079
849.834
823.134
833.275
847.776
836.003
914
894.233
870.548
804
818.751
826.894
1047
813
814.605
750
797
844
859
839.761
834.269
841.845
851.147
850.483
832.737
816.084
969
960.64
903.938
866.537
870.992
1015
922
880.997
878.701
1000
975.862
882
821
867
922.14
920.134
843
830.862
859
910.623
805
797
831.135
875.776
854.356
813.705
826.496
812
821.691
875
820
813.512
831.075
846.006
834.528
811.276
813.368
851
857.226
837.128
820.505
830.701
860
945
894.425
861.144
812
860
880.226
882.124
805
773
785.463
812.075
827.99
899
857.817
828.813
828.301
847.948
864.144
859.393
813
801.206
852
882
805
799.698
875
884.886
858.049
825.739
843.929
866.918
863.583
860
837.789
812
883
884.985
860
830.586
835.646
859.847
868.666
961
900.342
836
847.226
937
938
906.711
862.83
875
945
922
893.011
859.679
874.573
902.046
907.972
878.701
849.874
869.777
1062
1000
931.262
804
809.502
835.899
844
766
804
860
888.561
854.674
805
814.41
914
926.884
875
824.872
824.91
883
938
945
828
797
821.536
865.931
867
820
791.851
1032
1001.57
924.571
853.943
859.19
969
967.485
899.39
848.51
881.388
929.873
930
844
826.322
865.175
993
953
851
774
787.497
830.267
914
813
792.952
758
734
746.002
758
772.679
770.691
719
718.43
711
730.791
747.415
753.517
743.197
737.821
736.431
740.747
741.326
649
663.138
664.9
668.969
672.205
674.27
678.066
594
624.473
586
578
577.771
575.531
570
570.571
570.883
571.647
602
602.805
607.211
611.374
615.724
671
665
666.567
672
673.316
673.867
671.271
670.149
669.252
668.202
666.091
663.402
660.488
1023
836
828
1109
981.53
947.6
867
898
896.966
879.69
859.785
858.25
914
913.542
894.083
1227
1098.31
914
890
930
931.74
899.177
898.757
937.116
1304
1129.34
1015.24
1094
1093.98
1029.78
984.835
976
977
930
859
873.467
916.559
1172
891
883.627
828
829.682
829.224
830.339
829
847.605
829
914
930.27
1031
1017.96
984
805
820
821.671
823.262
821.641
812
817.588
1242
1133
1039.38
797
794.759
809.385
855.404
857.514
843.565
829.706
829.248
851.204
872.501
872.042
845.359
821.236
766
758
773
784.693
791.937
891
896.007
887.831
872.093
862
773
828
836.954
837.373
883
836
875
880.125
871.649
856.451
899
945
969
943.042
797
906
906.51
867
844.108
820
840.288
922
905.769
876.751
865.134
883.327
899.109
888.664
859.346
852.738
883
891.234
836
832.081
847.866
860.457
805
807.686
826.107
836.385
823.245
814.393
851
862.058
758
757
770.124
820
805.539
734
748.548
771.999
750
719
725.755
742.501
752.641
740.063
733.852
758
769.975
758.338
852
805
788.376
789.123
992
907.055
852
841.134
848.456
844.73
818.748
805.784
851
867
840.817
813.279
828.679
828
825.789
805
799.82
817.52
823.481
805.507
805
817.349
823.821
836
821.516
758
781
791.305
798.974
766
768.89
778.381
787.864
789
781.663
780.338
785.798
791.961
792.548
781
781.744
787.549
774
775.03
821
810.788
806.2
802.882
812
766
773
766
766.472
765.945
767.775
781
779.295
757
764.47
789
758
750
754.282
755.22
756.274
757
760.07
762.89
764.131
750
753.673
755.052
755.164
753.972
753.635
859
875
858.979
845.78
839.658
789
783.819
742
739.742
797
812.084
773
775.194
785.434
794.478
789.235
777.187
781
781
781.588
778.259
750
754.22
773
734
766
762.217
782
750
755.35
759.054
758.863
797
786.889
783.79
783.805
782.454
779.275
757
762.445
760.912
761.909
759.482
759.135
759.242
760.246
760.522
760.998
758
758
781
777.961
891
812
805
803.022
798.875
792.481
875
851
835.96
833.366
831.938
812
805.012
742
753.779
753.977
742
781
784.899
785.898
790.228
805
804.189
799.417
750
757.279
750
750.088
749.7
751.111
796
798.865
793.539
789.219
789.195
828
822.677
813.478
719
733.892
737.874
745.947
745.909
711
735
745.106
755.491
749.956
739.486
813
821.662
810.444
788.75
742
755.114
763.907
727
729.246
732.691
738.198
740.243
736.804
743
745.905
748.128
745.933
758
773
750
753.427
773
742
748.06
747.489
750
758
753.902
754.221
754.307
753.731
752.5
751.468
751.352
751.716
758
756.112
742
747.554
773
770.226
743
773
768.182
764.615
734
719
725.028
726.228
719
721.817
695
696
700.428
711
713.027
687
711
715.41
721.072
734
730.346
729.716
742
742.145
750
734
704
734
732.853
731.725
725.007
722.947
724.663
725.854
703
705.625
706.838
708.713
711
710.754
719
719.634
720.841
718
719.01
718.734
718.526
774
769.156
763.085
743
742.891
740.756
737.027
732.166
729.057
711
711
710.782
750
750.383
747.428
719
750
765
765.578
755.996
742
719
703
711
715.136
719.637
710
708.097
727
732.353
734.064
728.276
711
719
720.481
727
718
716.463
718
721.241
726
688
696.757
699.416
701.177
735
796
791.235
781.937
836
834.333
782
804
799.268
781
776.439
775.849
765
760.408
758.318
755.327
751.846
748.822
746.604
711
729.107
727.72
734
731.834
703
715.393
716.984
720.305
797
793.485
734
758
828
868
843
816.582
805.073
807.643
808.45
805
797
758
759.202
797
805
796.215
778.249
812
821.935
781
750
754.745
763.694
789
774
765
771.452
820
821
789
777.47
785.256
795.762
795.643
780.331
770.228
777.2
786.477
790.018
778.042
770.905
775.169
821
820
806.838
790.288
792.305
801.358
789
805
797
793.003
793.185
766
769.909
769.136
820
815.905
808.571
802.491
799.057
820
818.691
811.51
805.63
802.911
802.855
789
787.276
785.807
787.435
788.696
781
782.066
758
764.864
766.829
770.183
771.58
774.122
750
727
729.921
730.997
766
769.683
742
747.549
753.305
703
712.326
758
758.263
719
725.812
733.662
737.188
732.658
729.138
733.186
743
738.31
734
719
735
737.379
732.98
724.362
728.546
731.054
774
758
753.077
751.041
797
794.034
784.588
765
767.063
770.767
768.563
760.516
804
798.449
791.748
742
752.123
789
789.442
777.217
765.157
771.954
779.82
719
719
726
703
708.99
679
686.824
690.364
695.611
698.355
702.039
719
718
720.727
723.821
711
714.891
672
678.932
672
671.942
750
744.965
805
805.745
742
746.574
738.955
945
878.427
837.625
814.294
801.744
797
787.572
742
742
740.779
743.75
773
758
754.758
773
766
789
782.095
772.763
735
736.843
736.81
738.219
739.207
738.529
739.653
750
757
757.199
753.837
753.307
753.939
782
789
750
742
745.514
749.55
746.881
758
750
742
758
758.641
757.427
753
743
745.238
734
735
734.96
710
715.781
719
721.041
721.809
727
750
751.681
751.501
751.505
751.203
750.472
719
725.631
723.404
723.454
722.172
695
734
729.184
797
781.494
758
750
747.426
774
771.619
757
747.558
745.808
797
789
766
758
763.733
774.416
769.674
758.264
748.183
758.254
765.15
781
805
812
801.131
758
761.255
758
762.222
760.162
757.353
756.894
758.386
760.006
759.974
758.615
757.716
757.795
757.846
820
815.14
807.598
750
758.815
789
797
786.655
775.025
758
765.261
772.869
750
746.137
746.05
752.782
875
844.752
766
766.986
780.911
796.347
786.929
768.761
764.838
777.595
766
765
756.516
757.308
764.083
770.132
797
789
750
758.103
765.754
772.626
757
750
789
793.991
758
760.308
774
776.769
767.032
750
759.438
765.984
734
735
734
740.235
739.846
734
737.16
718
724.377
726.519
729.276
730.866
731.493
733.607
757
754.978
711
722.073
718
719.868
734
730.163
730.188
730.89
805
796.422
785.521
777.218
774.781
771.294
765.194
758.374
754.875
754.529
812
774
836
827.201
797
774
776.976
773.356
767.057
734
744.509
746.795
749.476
773
773.007
797
795.365
789.157
774
770.754
769.498
765.992
711
718.199
718.982
742
742
742.587
773
789
787.017
734
740.489
744.692
726
688
692.631
696.943
757
751.782
726
758
836
824.657
800.374
785.831
765
766.859
758
750.014
742
740.143
742.958
745.956
742.566
738.496
734
735.491
737.898
737.499
734.094
774
780.068
783.312
783.022
789
785.235
804
797.409
750
750
758
757
752.742
718
725.409
729.717
734.976
733.938
732.809
735.486
741.463
745.736
746.204
744.385
745.233
747.865
742
742
741.168
741.193
711
719.495
734
731.568
730.789
750
751.03
711
721.556
720.965
719.884
717.758
718.954
750
749.356
744.073
695
709.487
713.599
718
789
774.553
763.818
757.094
1203
1023.2
916.327
898.057
897.09
893.405
774
805
875
906
812
806.941
836.078
914
872.047
796
796.63
832.362
773
774
812
837.568
819.394
765
780.606
804
810.85
742
745.177
782
812
786.199
781
758
774.899
784.762
778.613
781
758
765.375
781
785.915
775.976
761.744
773
778.793
784.491
778.762
774
773.786
778.402
789
785.317
779.756
778.86
781.719
836
789
789.55
797
851
836.998
824.326
819.314
822.743
782
785.157
784.459
783.992
781.806
782.935
828
820.718
812.931
810.492
812.909
711
730.157
719
721.195
723.802
729.236
734
740.479
765
797
774
778.47
812
805.092
820
789
791.497
791.27
891
858.273
789
792.088
799.871
750
752.007
781
805
796.627
788.987
797
803.187
765
781
787.328
742
749.409
754.519
756.397
753.768
757.418
758
773
769.403
789
784.237
784.139
750
758.415
765
762.319
759.26
757.914
759.01
734
743
741.895
742.788
742.48
743.414
758
758.188
759.058
774
772.129
771.701
770.962
828
805
750
726
727
758
781
774.162
797
758
750
748.463
749.008
749.13
747.411
746.313
746.828
749.187
750
765
764.076
762.034
759.115
756.337
754.42
773
769.44
758
761.362
761.547
761.65
759.096
757.687
758.214
758.808
758
757.793
758.32
758.923
759.839
742
773
768.815
767.392
765
765.659
750
753.633
751.971
751.724
751.256
751.653
789
784.351
779.791
777.666
765
750
752.408
751.294
829
821.016
811.629
805
800.958
795.731
789.025
750
754.719
758
761.914
761.742
760.602
789
750
750
752.069
754.519
789
784.803
719
726
719
735
734
733.669
711
717.482
766
789
780.091
763.959
755.888
773
779.613
774.585
735
734.791
743
752.956
751.925
758
742
741.994
774
778.675
774
742
743.03
752.151
766
763.795
754.112
750
754.843
761.01
760.734
750
745.878
749.662
754.176
756.758
751.667
742
727
732.141
773
773.757
812
806.916
750
750
789
812
813
797.186
781.734
805
875
872.699
796
785.043
793.42
808.803
812.576
750
753.204
828
844.198
819.272
785.349
787.917
742
758
789
787.72
789
773
727
734
742.523
726
727.489
734
711
715.467
711
695
696.805
711
715.579
711
713.245
716.434
781
780.422
772.177
750
773
772.625
766.662
757.703
752.998
754.653
805
757
754.173
754.328
758.178
750
745.232
719
729.055
805
799.393
766
812
906
886.74
855.08
842.055
845.557
843.039
826.387
773
779.075
788.438
793.287
782.17
774.126
780.819
790.894
793.916
844
828.22
815.618
814.064
821.003
789
788.549
766
750
750
757
774
789
792.948
734
743.031
743.38
745.924
922
774
726
729.665
736.872
727
726.074
726.871
735.702
789
788.122
766.172
763.25
768.284
758
750
758
756.597
774
750
750.135
750
749.352
746.862
744.496
744.611
744.803
744.864
744.433
746.982
821
815.835
781
789
789.224
783.954
774
770.366
770.63
768.38
781
774.46
771.561
769.883
984
1023
821
824.039
831.143
830.205
813.854
810.47
816.201
824.118
821.582
808.379
836
773
774
774.64
775.842
867
857.534
766
774.868
783.178
852
836.912
820.278
817.555
822.586
824.983
812
852
805
803.683
807.21
809.549
804.45
836
825.617
819.867
774
782.092
781.722
742
749.861
752.24
755.051
758.15
773
777.201
804
766
773.176
775.084
772.877
769.686
767.989
844
834.15
757
836
823.821
808.492
773
758
765.92
762.202
781
776.247
776.942
780.117
766
768.797
766.49
765.146
781
774.693
773.402
772.767
781
780.165
695
715.504
716.527
750
745.724
821
829.374
703
731.992
735.09
735.665
813
802.512
791.559
789.604
945
902.718
867.697
851.104
850.086
805
793.995
797
797.393
742
746.706
751.594
797
789
780.879
784.364
750
766
789
812
808.465
742
748.672
766
875
891
843
804.951
758
764.666
781.871
797.524
791.68
813
793.588
781.886
867
875
861.02
797
773
779.754
796.372
843
832.526
810.661
774
820
836.351
840.27
813
789
785.153
802.785
781
778.336
772.387
771.613
789
844
860
838.789
821.128
818.269
825.675
829.043
821.258
914
907.712
891.975
742
755.142
758.871
769.286
774.343
776.424
785.344
758
762.464
766.693
867
790
773
773.619
784.292
793.666
786.157
805
803.71
742
743
745.175
748.057
746.132
744.69
748.681
754.685
755.388
752.367
773
776.499
775.749
820
774
778.833
773
772.096
828
774
734
742
742.391
765
797
794.287
790.787
788.785
783.478
778.116
797
742
752.288
753.686
789
778.984
771.03
781
785.006
734
743.506
789
812
774
778.144
786.114
787.057
775.16
765
773.244
750
774
769.914
789
758
764.919
769.485
773.659
767.211
762.006
774
812
922
820
774
773
844
883
929
886.686
758
766.187
784.171
813.598
817.429
796.354
770.219
1297
1125
976.924
836
834.426
953
859
789
788.315
821.797
844
813
798.221
801.643
830.865
797
805
812
805
797
773
805
810.567
807.028
786.194
785.962
813
816.396
836
818.811
828
834.161
843
836.058
789
797.474
806.5
813
765
771.105
779.777
787.677
785.309
780.422
784.541
868
1062
967.541
910.49
750
750.795
757.536
772.321
776.859
773.576
727
727.568
757
787.301
796.501
843
805
867
1141
914
844
851
863.016
867
828
824.484
840.695
875
846.936
816.175
820.375
821
820.728
800.706
793.073
799.402
803.214
758
773
780.587
851
840.756
828
826.08
797
798.667
795.588
792.488
797
795.59
796.304
852
853.628
852
840.561
832.786
836
789
797
793.687
774
777.94
757
763.414
764.427
851
843.066
834.989
832.946
830.399
797
797.258
794.986
793.258
791.047
789.512
906
892.454
820
781
750
789
795.684
898
886.611
867.257
854.231
828
822.5
815.214
766
762.04
763.025
767.83
772.534
774.915
789
795.652
798.044
859
789
766
769.442
771.751
891
898
879.012
766
766
769.088
774.375
859
857.632
766
813
1023
1031
943.243
864.798
849.794
880.366
902.25
880.135
832.34
823.43
850.154
844
1085
1040
942.55
789
786.257
811.683
872.646
1109
1013.35
916.074
871.221
874.336
913.147
883
813
800.395
806.373
841.334
867.676
856.644
828
898
914
908.177
857.591
835.513
851
805
803.615
796
797.957
802.922
906
797
750
753.476
759.516
761.969
760.693
829
852.239
727
758
769.125
766.078
752.932
763.432
797
765
821
821.421
794.908
789
773
797
828
804.424
765
780.274
791.361
789.84
779.656
774.187
780.207
735
745.79
747.115
758
742
743.389
747.773
752.886
753.774
758
758.402
773
797
790.988
766
766
773
774
789
750
755.524
750
754.232
820
805.812
750
757.521
764.589
772.117
767.039
756.246
755.691
711
722.836
829
812.362
796.275
750
766
781
787.703
929
875
832.201
789
789
800.377
809.238
796.805
774.983
742
781
953
909.635
861.416
818.826
774
783.18
860
873.129
898
845.165
801.7
859
985
975.119
916.876
848.842
829.459
750
782
810.839
758
742
750
768.514
734
731.897
703
703
706.466
707.525
707.438
710.19
716.373
722.192
725.57
727.359
729.891
731.109
618
650.839
609
613.421
611.295
610.721
611.365
612.991
633
637.192
643.199
789
766.277
762.872
718
758
751.304
742.151
730.956
773
768.562
759.41
1000
906.116
859.33
851.7
848.461
1117
995.888
922.686
922.706
927.367
909.413
872.405
828
831.516
848.521
1218
1060.73
956.199
932.299
844
1172
1071.29
971.463
828
824.962
1149
1077.53
970.481
875
804
789
840.598
926.071
925.434
899
834.905
827.427
836
893.021
919.649
782
796
815.119
848.142
846.656
825.353
781
782
813.574
883
914
864.771
868
789
757
758.719
768.376
782.693
788.167
813
814.661
808.4
1078
1037.57
852
773
772.638
820
836
805
781
783.454
844
859
831.486
796.781
796.323
814.981
831.475
1015
930
848.98
774
779.809
805.001
907
867
822.631
792.694
799.001
750
766
774.974
890
914
797
781.148
784.284
803.714
815.434
801.624
778.649
773.012
784.218
782
781.608
781
768.148
860
865.633
846.911
814.985
808.542
820.218
750
742
750
754.917
758.408
759.609
765.475
771.354
771.935
769.325
797
797.127
852
841.584
835.818
835.613
830.798
781
781.387
851
835.576
805
808.567
816.767
921
852
834.518
882
885.238
867
773
793.78
820.787
821
796.644
766
790.683
938
886.474
835.806
820
846.591
1062
951.43
820
875
917.767
912.2
842.168
820.684
821
867.188
797
820
831.447
836.103
796
795.308
820.673
805
781
782.903
1211
1018.86
836
898
914
836
883
904.72
812
766
773
785.384
774
773.317
790.434
758
742
747.192
747.394
758
758.897
764.629
770.84
775.428
776.492
726
730.384
732.32
732.455
730.018
789
781
773
774.945
828
823.717
773
778.337
750
735
726
711
713.416
719
742
745.001
747.58
789
836
825.344
815.326
765
761.26
742
739.48
738.03
739.706
742.082
742
758
734
735.286
734
734.983
789
791.455
784.51
782.225
784.372
783.259
726
733.771
732.674
731.96
743
742.198
750
750
750.369
781
775.211
770.236
750
758
756.587
756.244
742
743.934
745.975
748.03
746.535
745.717
746.404
747.195
748.009
750
735
738.202
711
718.883
718.904
735
726
730.266
732.385
688
701.315
698.649
672
678.507
657
663.07
680
804
786.629
773.587
836
797
785.527
777.908
770.472
820
803.606
789.87
805
851
836
817.175
809.973
816.045
781
820
808.121
801.461
798.995
801.854
812
860
843.857
834.937
833.826
834.373
851
841.284
774
786.917
790.118
781
773
774.06
779.747
765
769.513
843
833.915
805
808.516
818.45
815.4
921
891.979
773
781
797
802.069
792.662
787.091
797.363
742
781
786.131
787.038
797
796.573
798.195
797.56
985
929.131
892.017
874.873
872.36
805
758
757.654
761.031
767.253
770.868
779.157
789
795.582
795.101
875
873.58
854.719
789
766
773
775.301
778.157
812
822.563
820.034
812.541
765
764.051
844
849.204
789
780.646
781.974
765
764.801
763.508
875
870.725
750
762.963
882
862.416
929
887.926
758
742
748.182
760.02
769.675
758
756.614
768.927
788.974
794.053
836
829.613
811.237
807.388
801.272
801.06
812
804.99
800.858
800.226
742
735
732.575
805
812.126
811.27
758
759.556
763.57
769.989
781
750
748.111
751.159
758.812
789
784.038
768.919
755.194
761.586
774
765
757.788
734
738.302
821
804
793.888
776.364
805
814.335
810.07
791.964
742
753.739
742
751.664
727
734
727
737.062
774
789
750
751.071
757.139
763.817
766
758.889
757.303
759.213
762.129
759.681
695
695
698.068
703.581
707.578
726
729.158
733.674
737.852
735
735.28
733.288
789
797
789.377
758
735
742
765
764.414
765
719
727
773
789
805
726
725.901
742
759.788
764.208
744.389
726.949
766
844
838.217
766
781
813
822.12
766
753.795
766
784.447
782.705
757.826
757
735
797
791.091
771.651
789
788.743
899
898
860.302
835.278
797
802.681
805
799.096
773
774
778.635
821
836
820.842
804.824
750
753.496
758
767.394
742
740.735
758
781
788.646
782.066
775.138
805
813.792
808.11
797
758
763.874
771.6
735
738.157
757
760.886
760.682
759.699
727
732.635
750
743
740.775
739.052
742.186
750
751.387
748.282
748.246
747.839
750
750.381
748.418
746.399
711
722.448
723.759
725.144
724.141
725.174
728.473
766
1195
972.05
906
852
859
855.339
789
779.613
778.368
778.328
777.87
836
842.466
758
804
809.408
806.37
781
778.75
780.129
779.67
776.585
777.547
773
797
782
765
781
782.759
779.237
771.108
774.7
797
796.136
791.4
758
769.151
718
719
717.001
717.482
656
672
673.65
672
675.324
679.989
727
737.522
711
717.825
719
720.175
716.763
716.008
758
726
726.555
727.525
680
640
643.195
641.666
642.63
644.994
679
687.257
672
678.531
682.434
684.948
719
717.67
714.427
713.509
713.747
711.969
726
722.081
734
727
766
765
750
742
740.721
737.982
1133
931.29
766
765.522
844
843.804
844
806.038
803.181
813.056
1195
1013.3
904.502
887.061
899.06
904.969
790
773
782.57
804.285
921
821
810.263
825.536
861.419
860.984
805
773
780.34
798.053
807.381
867
855.365
832.473
1266
1114.44
867
804
811.701
823.933
825.849
844
789
851
954
946.71
881.786
856.517
858.754
868.053
867.595
906
961
954.327
936.985
918.419
919.914
922.095
909.486
688
707.939
713.6
729.636
727
735.711
753.198
906
914.003
890.716
888.286
896.38
893.623
828
821
781
780.197
780.693
781.29
782.133
783.28
765
766
789
792.642
787.909
787.25
796
782
812
875
873.499
861.94
796
799.574
875
872.035
855.695
831.538
825.811
836.276
718
711
712.531
714.927
721.222
729.25
741.483
757
782
789.523
1156
1018.3
883
879.934
879.209
875.466
860.081
845.843
766
765.133
813
835.658
844
823.011
811.745
811.287
820
825.181
821.303
797
795.757
821
833.946
835.627
813
799.132
820
899
895.244
805
797
809.053
844
845.857
822.432
804
805
813
820
811.195
758
782
803.111
817.214
803.73
779.8
775.563
791.455
969
906.985
856.943
825.136
824.742
851
860.714
750
773
821
836
810.82
789
820
813
813.123
765
765.873
784.929
802.711
828
773
766
785.098
859
835.125
799.564
804
818.018
891
863.962
831.354
810.769
750
760.788
742
746.45
746.756
748.863
727
731.366
883
789
782.085
781.552
788.879
788.248
778.707
742
742
727
730.572
757
743
742.972
743.585
748.208
749.503
746.229
836
815.651
781
784.699
787.441
782.086
774.086
797
792.911
1070
992
934.658
929.132
915.905
884.592
855.787
929
928.526
883
870.035
969
958.956
891
882.79
917.098
918.221
873.249
859.156
907.068
920.568
820
830.055
797
805.689
804.927
805.26
844
860.809
853.632
898
908.333
892.849
890.357
893.99
884.655
876.581
922
909.325
897.561
899.612
898.82
889.324
883.675
844
850.011
850.355
930
882
882.778
945
1000
971.867
945.413
946.703
947.178
820
825.537
831.768
840.164
839.554
849.552
805
813.08
821.781
827.557
827.281
828.837
844
852.583
805
812.947
1203
1047
945.703
945.391
820
817.19
883
884.101
862.375
929
938.605
911.572
805
817.676
882
881.257
847.038
834.954
841.8
845.938
984
961
828
782
875
1234
1091.7
962.933
750
766
809.904
874.228
836
794.73
1289
1047
844
781
795.846
854.298
857.312
804
805
827.251
854.979
847.678
806.71
806.251
1000
1008
888.929
837.174
758
760.495
859
852
789
773
794.996
839.105
843.521
797
758
771.135
810.049
820
797.343
1258
984
883.47
882.117
892.676
851
789
790.345
810.238
816.114
808.967
804
817.072
1297
1034.2
934.922
969
974.373
952.222
844
847.949
874.364
852
834.011
833.552
861.288
865.258
890
872.829
789
794.963
843
842.372
830.554
782
785.811
883
898.828
874.915
835.265
832.065
857.197
870.996
789
785.128
801.98
821.972
1164
993.924
900.207
895.557
859
854.843
781
775.38
779.921
795.497
805.207
789
781
783.961
790.583
791.979
788.323
782.229
780.871
985
957.564
781
783.388
789.46
801.316
798.323
782
783.693
782
791.738
907
929
836
826.529
833.751
805
898
891
861.927
843.391
847.381
734
750
751.525
755.25
781
766
770.836
774.738
778.91
780.266
828
758
769.168
758
759.224
758.927
759.155
735
739.931
758
754.291
906
804
804.931
805.464
799.005
788.987
785.19
783.028
781.077
726
739.529
738.504
758
796
792.926
790.204
734
766
828
797
781
770.614
773.018
780.087
773
765.428
828
773
774.371
781
780.796
775.864
769.488
742
758.08
756.893
1226
955.765
878.936
878.69
812
807.644
1086
973.677
805
906
1242
1016
919.916
919.554
944.642
805
930
932.451
914.871
888.438
915.802
1141
1009.36
852
864.541
790
828
838.023
837.565
836
853.756
871.463
870.257
852
848.653
852.058
821
817.839
816.428
820
758
763.428
764.392
768.865
742
748.259
754.63
760.832
761.058
1141
953
797
797.302
766
764.306
763.125
828
844
835.686
758
757.718
758.762
760.622
759.623
755.237
750.989
781
743
741.259
773
844
860
839.828
774
773.489
779.913
783.847
851
841.082
824.561
812.143
868
878.784
869.999
843.602
823.321
824.297
836.233
842.408
830.239
815.323
812.245
822.605
828.816
805
906
881.641
1157
1048.67
789
766
772.201
787.018
797.477
797.954
789
793.625
836
849.396
841.091
819.909
816.038
1008
953
898.83
865.708
828
875
888.505
937
894.8
857.658
875
899.642
909.973
889.602
851.709
841.806
820
837.204
922
910.418
892.453
864.021
857.156
871.164
884.741
881.601
867
849.159
829
1304
1172
938
812
758
762.074
772.746
783.994
785.208
786.008
836
871.422
872.982
1227
1164
961
906
821
789
787.512
789.185
795.364
801.188
808.983
814.29
815.132
814.181
812.981
811.333
809.357
805
803.024
801.783
802.593
802.614
803.195
805.036
806.193
805.803
883
812
818.853
843
836.055
828
829.861
813
875
854.228
844.372
847.299
875
930
899.8
885.568
887.447
836
860
856.186
850.727
843.876
844.387
848.11
844
813
819.279
823.164
828.378
914
893.018
804
774
776.632
782.097
788.683
828
843.623
850.816
849.782
845.747
838.032
828.68
819.5
812.988
851
875
883
869.555
860.906
858.162
853.413
820
836
774
750
748.978
751.22
758.011
767.867
780.493
791.63
798.754
1031
836
782
773
774.121
774.521
774.892
778.982
820
946
897.002
961
797
800.615
798.961
968
915.496
858.724
833.666
859
878.884
873.936
841.514
815.891
819.581
845.165
953
902.886
953
924.063
884.773
874.58
906
919.437
1227
1094.03
867
1117
1095.24
1014.91
961.865
812
1258
1112.65
1003.99
998.144
852
857.175
900.597
977
962.375
916.713
937
971.541
976
965.631
917.693
917.993
797
799.358
961
959.937
946.411
908.14
897.199
910.742
1086
1054.39
1002.62
953.347
943.797
958.698
1164
922
843
852
1141
1067.69
992
821
820.333
873.53
875
871.001
891
914.378
789
792.135
1210
1064.73
773
797
838.602
867
844
834.835
782
765
797
811.42
810.619
798.718
795.233
801.964
812.606
812.148
796.426
786.402
786.053
757
760.791
759.078
1016
951.718
774
776.686
779.887
922
897.64
852.14
828.493
828.417
845.104
851.37
837.946
803.218
836
906
875
836
766
796
829.675
1211
1015.37
937
921.655
930.285
813
807.968
811.886
824.692
836
832.807
832.029
833.345
834.581
833.217
829.454
821
818.755
789
781
805
796
798.266
798.271
774
779.466
778.695
781.2
780.66
804
946
820
822.846
827.915
827.696
945
901.926
805
820
859
899
857
804
782
801.174
823.392
823.861
875
766
734
743.4
760.392
703
687
691.142
699.609
688
692.026
688
695.037
680
672
695
680
687
687.909
690.342
671
688
685.352
672
675.422
656
625
649
643.821
649
695
699.049
702.949
758
760.703
710
719
860
816.026
789.73
1047
948.202
893.139
892.085
1172
1172
1070
1068.92
813
813.301
836.339
985
836
882
940.45
941.862
881.864
871.511
820
819.614
821.166
820.306
816.715
817.009
822.832
946
1203
1052.59
987.503
789
773
776.258
790.859
809.854
812.721
899
918.048
813
945
944.894
908.897
875.385
875.045
875.11
857.622
945
969
906
905.732
919.169
902.161
859
883
891
876.2
852.43
796
812.106
821.795
821.614
814.918
820.891
883
1211
1054.33
966.798
828
789
790.854
798.501
806.926
806.763
806.388
797
828
844.282
954
936.047
898
805
801.234
810.249
851
891
877.121
804
798.471
806.099
828
840.339
836
813.209
891
906.16
1015
966.304
805
807.255
823.581
805
803.022
793.91
805
781
786.069
789.141
792.718
797
774
775.669
828
834.362
827.109
819.13
782
835
831.338
852
831.1
816.291
815.731
824.745
812
875
813
813.47
818.415
824.607
930
884.75
864.088
758
767.03
769.712
777.887
780.51
797
809.761
815.898
815.042
811.145
806.302
802.653
801.848
799.219
1266
1203
953
820
819.486
852
861.458
856.359
848.273
797
796.902
805.94
822.683
823.769
688
703
720.533
1188
1132
924.746
866.044
867.59
885.663
886.323
859.915
824.38
822.933
850.158
884.738
1039
954
859
845.305
868.033
774
767.591
767.149
773.498
783.68
790.529
800.441
811.606
1054
953
904.714
758
757.344
758.277
759.767
761.304
763.063
766.12
992
959.036
914
880.372
876.429
875.683
890
805
789
789.737
796.566
891
804
802.059
813.554
844
842.865
883
863.9
858.846
859.31
859.541
850.624
840.09
833.074
832.597
835.266
828.789
930
906.19
895.909
766
804
883
874.887
898
871.864
812
821.336
846.184
862.636
852
836
891
901.764
867
845.863
812
789
813
843
891
870.098
854.661
853.976
898
930
914.611
875
862.287
867
878.499
875
843
852
857.46
865.236
861.67
875
883
880.423
805
815.782
822.419
830.979
828.367
827.163
711
732.164
736.284
1179
1039
868
861.044
969
969.125
919.67
836
859
910.299
914.492
976
883
862.059
867
901.39
903.358
867.748
835.581
841.166
863.24
880.694
852
826.632
830.013
922
977
945
883.799
872.027
930
1015
987.743
883
805
765
773.318
794.446
1008
962.399
828
807.098
820.742
891
915.995
836
804.608
844
889.643
903.546
821
799.105
844
890
887.244
832.836
802.95
797
829.25
845.907
826.361
906
912.353
891.936
859.998
906
891
878.371
857.194
866.16
859
852.311
868
870.989
865.746
858.073
858.128
859.823
856.349
851.763
850.573
820
829.133
830.695
833.841
813
859
855.362
856.959
854.672
789
773
813
814.979
814.38
922
917.948
900.723
889.317
954
1015
980.575
844
852.506
906
916.186
836
828.505
855.904
883.687
860
875
945
844
832.411
812
823.814
883
869.328
844
812
860
871.071
854.834
993
969.664
933.333
797
806.077
961
937
893.031
789
803.106
845.032
937
875
828.417
828.037
868.393
903.095
797
789
820
891
882.678
1008
947.86
889.278
877.377
867
868.531
852.672
813
824.459
843.481
845.246
832.683
831.991
843.524
851.797
875
1015
970.019
933.355
860
867
872.879
953
929.73
900.755
892.252
781
786.303
836
862.068
766
768.922
778.089
799.541
812.969
820
774
778.891
791.629
801.887
795.457
777.624
776.999
787.63
797.131
851
813
836
961
1148
1044.03
797
836
860.062
875.853
851.052
829.176
832.436
859
860
842.481
789
789.063
859
879.046
984
901.774
812
750
750
767.792
805
812.18
797.546
757
750
762.201
788.76
969
883
830.031
801.164
792.059
805.47
821
823.54
799.834
804
860
906
886.18
841.39
953
844
824.182
825.002
829.59
1008
930
828
804
883
1000
932.681
976
974.561
946.566
813
945
1023
982.167
1133
859
880.035
915.292
907
876.014
922
942.69
915.311
789
824.213
1219
1054.59
820
823.374
906
906.238
856.209
854.684
898.317
875
1023
942.231
887.164
922
944.077
936.41
880.471
877.626
889.328
884.294
883
873.473
877.972
868
864.387
1016
969.976
928.279
923.927
851
883
867
862.966
857.709
860.32
864.053
864.674
867
865.619
865.378
781
930
896.702
892.527
813
845.66
1203
1039.49
930
789
789.646
851
867.187
842.63
815.722
805
839.949
1000
1008
899.092
852
855.676
895.744
910.346
886.681
992
875
805
810.967
832.32
856.235
985
828
826.539
842.231
865.265
850.476
821
829.238
837.498
836.028
818.603
812.455
734
743.227
748.847
969
900.729
852.388
914
921.828
899
805
812.57
827.239
836
836
814.325
773
782.348
801.788
810.163
976
907.617
855.92
853.327
867.487
1039
985.932
789
787.508
1109
969
889.434
850.499
878.597
960
1016
904.51
855.396
805
844
968
948.612
836
815.94
766
787.137
833.384
946
843
809.481
789
809.427
852.789
869.545
781
797
824.065
890
869.772
820.524
836
861.159
872.22
841.719
946
969
931.913
797
789
851
914
884.667
842.464
1023
1017.02
946.645
898.57
926.932
943.991
917.897
805
822.367
1078
999.255
992
944.013
952.157
859
857.274
1023
998.644
945.004
909.598
925.031
930
922
937
912.011
903.766
812
875
898.645
907
886.198
821
822.194
843
870.655
883
828
826.361
840.194
860.015
852
929
889.041
865.608
1039
1016.11
828
833.192
846.75
856.352
843.3
766
782.847
798.871
810.559
1118
1078
997.528
989.299
988.121
835
832.741
891
899.197
930
916.756
912.346
913.164
911.967
894.493
881.082
877.924
774
779.218
875
894.503
968
959.951
765
786.89
829
914
789
781
820
852.311
851.292
815.506
801.673
836
867
851.529
859
789
758
758
769.573
775.934
772.446
836
828
953
941.97
914.461
894.85
888.658
877.248
860.559
845.757
890
895.485
885.699
898
900.388
891.414
875
868.244
805
808.484
808.859
813.829
818.467
797
852
922
898
805
812
875
879.856
961
927.476
899.768
897.949
905.213
903.936
875
857.8
857.901
869.312
789
796.589
802.778
812.052
814.312
816.762
825.759
833.612
844
839.552
789
797.185
802.033
805.375
907
890.483
758
750
789
803.137
803.43
836
1297
1125.67
867
863.437
930
930.304
872.377
866.989
900.843
977
906
797
803.04
844.113
867
842.843
813.057
814.407
835.283
839.27
827.263
810.198
818.897
812
844
834.469
813.527
1039
859
838.962
836
839.733
830.161
953
927.602
889.365
890.276
891.389
813
822.767
833.217
827.72
821.549
830.262
875
805
816.321
828
836
805
817.478
825.533
814.475
812.721
1000
932.211
886.557
789
813
937
893.916
850.886
846.031
789
820
899
867
831.262
809.182
815.581
850.167
1133
1001.16
888.523
804
805
826.742
821
813.173
800.202
797
822.07
850.563
781
770.911
836
859
849.852
781
789
818.519
834.708
813.28
787.293
750
767.881
787.691
804
785.296
765.02
767.1
786.324
796
794.723
829
804
793.132
789
793.98
859
860.242
846.621
824.871
796
813
758
758
742
718
727
730.861
727
732.081
738.172
745.161
836
832.991
822.69
820.435
820.529
813.747
805.058
797.384
860
796
797.454
797.976
793.317
1032
927.015
886.389
885.313
930
906.534
874.138
869.409
878.732
878.266
882
855.835
867
877.942
877.942
855.587
812
825.908
838.935
1031
948.887
813
816.462
851
879.93
869.571
839.805
834.52
860.304
888.943
961
905.311
857.008
858.465
887.676
903.442
881.531
845.457
828
1187
1055.46
956.777
914.867
969
993.293
958.353
894.482
897.652
944.94
966.901
836
835.246
874.739
925.024
844
781
801.866
851.062
921
891
843.739
859.962
899.417
914.113
873.213
838.218
856.714
888.239
649
696.553
710.756
736.323
1015
926.947
805
836
845.295
844.839
945
937.423
905.685
895.417
718
726.145
719
722.563
813
832.244
828
816.055
813
811.341
810.554
891
812
774
774.238
821
827.219
816.908
766
775.706
774
781.962
772.752
760.752
813
797
805
786.178
782.497
792.471
798.777
852
945
906
883.773
875.371
874.462
866.197
853.994
914
890
878.248
821
825.304
829.336
830.395
821.829
817.788
823.187
758
769.53
750
813
836
851
860
859.865
781
875
865.173
828
797
742
766
771.185
1250
1109
981.402
974.707
852
842.371
841.85
899
898.827
887.711
874.841
872.299
930
944.115
933.195
812
821
845.354
871.257
867.185
852.731
782
820
805
804
774
769.365
812
833.972
834.908
781
784.419
773
787.201
875
844
781
788.23
807.034
821.167
875
838.323
808.697
802.525
818.578
891
953
907.054
856.434
837.913
851.267
852
859.445
790
781
851
869.775
861.796
922
903.595
883.612
869.594
867.328
1125
977
851
844
914
918.516
985
1039
994.307
951.931
949.842
968
1024
992.011
940.735
928.642
954.221
966.553
836
789
795.078
808.348
824.188
832.18
757
797
825.504
844.481
914
836
829.333
812
829
839.509
890
836
811.863
815.44
977
950.489
929
874.394
828
843.722
992
968.325
916.362
797
794.903
883
930.582
1047
950.168
836
825.642
880.662
1110
1023
875
818.437
867
955.205
1023
875
816.222
805
864.454
937.216
922.434
842.564
808.515
828
892.054
906
864.987
774
797
854.513
867
875
815.249
805
828
890
954
891.477
852
846.857
877.992
897.469
892.601
789
791.279
812.393
843.886
867
835.215
774
780.387
789
814.884
820.745
797
758
761.934
782.055
803.167
807.569
867
782
779.897
859
871.117
859.647
829.497
812
818.248
829.712
830.016
813.791
799.224
820
830.954
914
873.518
839.027
851
865.294
874.255
861.716
813
815.597
830.799
844.081
837.707
859
821
821.409
830.868
789
792.708
860
857.088
851.736
842.36
845.091
867
937
910.687
789
805.365
899
892.618
867.357
833.987
842.1
870.985
938
929
876.923
857.17
879.979
844
840.404
831.12
844
773
797
875
883.37
812
811.147
825.975
837.815
825.712
808.342
822.346
758
765.305
820
820.847
807.066
798.744
810.935
1040
1093
999.384
954.89
773
797
836
797
789.514
906
1149
1045.41
959.541
930.806
933.348
844
826.522
826.189
830.406
830.398
805
851
880
876.232
848.129
847.137
828
825.081
820.408
818.072
797
798.402
984
922
890.116
882.704
886.227
860
922
937
915.899
893.253
929
1063
1014.09
958.109
860
812
828
847.124
858.388
851.164
850.938
836
847.217
861
868.351
820
814.777
820.252
834.086
899
888.119
872.867
857.418
862.422
870.545
789
820
899
898
878.304
862.199
866.034
836
828.038
821.521
844
846.022
840.055
835.787
841.712
846.059
821
821.127
823.396
1157
937
907.769
908.127
899
885.253
867.244
867
828
828.915
828.467
828.564
813
812
812.365
814.237
969
922
903.462
903.459
852
849.118
820
797
844
867
869.919
858.352
856.908
859.453
856.735
836
825.838
821.916
821.624
820.465
820.174
821.139
824.274
827.775
883
789
805.626
859
922
836
843.931
855.331
855.068
860
773
795.803
898
937
907
857.781
813
833.561
860
914
871.697
833.184
829.511
938
953.545
922.389
867.485
853.625
882.328
909.387
904.18
929
888.142
868.56
922
984
966.101
925.916
893.011
813
914
938.263
935.006
797
813.304
838.436
863.566
859.326
833.64
774
789.091
826.585
853.164
797
781
813
848.611
853.011
815.817
789.309
930
934.325
883.623
837.765
849.873
890
889.611
848.419
781
800.159
930
923.426
870.465
844
863.594
898.856
898.627
856.053
899
867
863.046
848.858
922
882
805
817.914
839.655
891
866.038
836
855.556
843
835.8
852
852.289
850.659
828
832.564
840.668
922
895.449
872.953
906
914
859
828
821
827.068
826.231
813
818.752
829.248
832.996
825.376
851
789
797.541
828
824.58
836
812
805
810.222
961
916.052
843
841.785
850.385
921
899.238
836
829.338
813
906
904.436
874.122
835.485
838.524
873.191
953
844
883
896.594
977
924.605
879.367
828
848.881
884.535
875
846.114
977
978.201
939.077
894.684
915.748
859
899
891.606
880.505
877.614
898
896.318
879.657
880.636
844
855.581
929
910.167
805
827.435
836.836
841.639
843
837.344
850.909
861.644
861.51
843
860
868.398
865.571
976
943.194
915.963
912.764
915.037
905.423
890.373
885.56
887.549
992
961
937.887
934.176
797
804.349
836
849.488
851.171
930
1086
1069.67
836
851
863.687
867
860.471
820
805
814.676
833.145
839.541
832.842
844
851.766
856.425
855.244
847.282
828
828.508
1016
945.077
908.512
844
867
907
904.309
874.485
846.758
854.996
883.748
961
867
804
868
906
911.283
860.303
821.697
851.239
892.624
1039
899
804
813
875
911.001
872.499
860
812
831.994
871.757
890.139
861.954
821
818.659
846.76
870.85
867.985
828
808.877
816.839
843.974
875
859.281
832.433
818.89
883
899.302
867
842.346
831.666
845.988
953
929
860
836
937
948.119
922.199
851
850.857
844
898
886.215
855.469
844
961
966.354
1070
938
828
841.914
945
945
938
859
820
868
923.409
925.661
852
822.778
930
962.858
934.479
852
848.181
804
823.594
840.572
774
772.412
899
921.505
891
844.703
1132
1048.22
951.317
912.965
932.205
867
847.69
953
952.335
875
953
961
917.036
890.458
905.634
906.62
875.71
874.294
891.749
820
822.437
840.336
890
813
859
875.776
857.407
992
960.254
923.902
935.397
934.363
905.64
908.728
914.851
930
905.846
903.015
789
805
806.45
809.159
929
935.622
852
857.866
891
906
891.201
871.741
843
907
914.75
900.603
836
838.659
865.735
882.862
851
821
834.901
984
1000
930.301
885.071
905.296
976
977
890
862.946
892.125
906
904.51
866.836
852.221
878.506
906.406
905.621
922
880.749
878.731
898.056
921
909.578
884.962
869.555
914
926.101
914
893.847
885.318
896.782
906
900.129
884.917
877.032
887.784
896.313
897.426
1063
995.471
844
850.375
977
968.465
928.355
859
1031
1018.55
961.678
917.43
948.095
963.934
932.726
892.483
912.721
882
868
865.808
874.953
883.125
882.461
976
964.867
937.52
935.686
883
875
875.5
874.229
872.921
876.631
880.819
890
844
922
913.909
905.685
899.63
898.69
883
976
969
950.866
946.75
835
852.658
853.341
851.572
828
840.712
921
927.394
910.661
844
858.769
875.87
1023
930
836
842.095
872.385
898
860
829.387
985
960
961
885.721
885.67
924.028
883
890
891
813
812
821.772
830.692
829.592
826.041
831.69
844.336
1031
984.804
938.729
1078
1056.55
1015.96
805
813.505
824.732
848.582
898
897.145
894.93
895.469
938
906
884.412
879.077
880.59
875
873.03
869.83
805
808.498
812.814
818.712
817.646
818.489
822.987
828.998
868
870.488
864.674
861.476
1140
1110
1055.08
796
813
875
894.065
882
850.704
828
835.208
1148
1065.89
973.952
916.696
917.185
940.864
906
882.902
993
945
859
844
867
914
900.369
861.946
865.182
894.594
900.44
945
915.132
907.041
883
893.218
937
922
898.327
805
828
984
983.341
985
828
843
938
955.167
985
913.03
865.459
895.231
942.287
951.887
917.478
866.305
862.969
1070
1037.88
968.455
900.67
907.134
951.893
969.572
938.043
828
837.487
884.164
984
956.272
836
828.896
1070
1052.08
962.049
871.94
883.633
984
991.902
925.47
859
914
930
931.853
874.404
849.199
969
977
953
876.816
876.529
938
955.719
913.984
870.251
894.872
938
942.791
900.646
859
883.247
919.906
969
926.693
882.417
859
885.237
911.266
969
906
873.828
852
930
952.019
946.395
805
851
930
1016
968
852
845.1
896.071
938.432
1015
844
813
849.531
953
961
938
854.87
849.881
900.132
945
937
852
859
890.66
922.402
914
836
831.91
864.674
902.699
897.182
858.295
805
821.18
789
836
851
838.174
781
851
1008
1055
961
851
847.269
898
916.574
893.905
850.807
860
893.297
1024
970.406
900.036
871.154
897.355
953
844
851
875
900.732
891.911
828
840.062
876.009
937
829
823.238
853.304
1023
1023
899
906
942.931
955.129
813
822.502
854.17
886.146
993
898
797
811.023
921
941.633
889.139
838.818
840.284
880.104
909.283
887.201
839.209
898
906
904.387
828
825.708
860.267
886.473
866.288
828.723
832.202
864.583
877.017
854.615
830.436
844.887
829
833.24
906
877.439
855.808
883
892.356
888.51
938
914.255
852
906
901.506
885.491
880.108
889.958
875
864.933
875.396
836
781
836
914
961
977
891
900.797
1039
1013.93
828
836.01
849.288
1078
984
828
828.698
876.661
1015
1032
875
859.277
890
949.824
953
879.34
850.722
868
915.813
953
859
832.541
848.849
893.471
977
922
828
820
946
978.876
941.58
868
858.686
903.588
937.031
919.71
869.292
848.661
899
960
941.194
851
840.098
877.393
867
867
781
805
906
907
870.209
832.625
829
773
727
718
719.901
726.343
680
684.343
690.442
698.507
680
683.913
690.338
696.525
699.304
701.622
641
652.558
625
627.084
625.195
624.974
625.861
627.854
630.425
610
593
597.13
595.086
594.544
578
582.289
641
641.532
656
661.241
664
667.408
766
760.202
748.602
739.218
1007
899
1039
1000.4
891
1148
1050.73
983.111
914
922.108
1250
875
774
775.194
1070
1375
1242
1124.78
1273
1257.64
1139.21
1113.5
1134.38
937
936.283
851
848.994
1297
1166.14
1116.18
937
942.487
943.819
883
860
866.8
1070
992
883
899
933.097
1086
994.336
859
985
1140
1026.17
920.572
925.896
993.096
992
924.401
889.645
1305
1160.97
1024.07
1010.93
1062.08
1060.22
921
805
822.834
883
1226
899
812
828.706
1274
1080.69
943.727
867
892.787
1023
1008.7
888.915
875
923.631
991.416
973.028
854.346
846.599
891.597
945.79
933.129
848.834
830.008
875.332
1149
1038.35
933.805
895.887
936.8
1070
907
1328
1164
1016
882
883
930.892
957.225
1000
936.265
915.259
927.083
959.706
956.826
929.722
905.917
914
1117
1077.76
998.137
951.655
955.342
1250
1154.69
875
868.51
1024
1056.77
930
899.743
852
885.631
956.256
956.517
905.726
885.236
918.453
962.862
1039
965.535
900.413
907.047
922
938.793
925.786
875
860.587
945
965.291
828
875
907.269
875
1289
1122.84
1009.15
820
819.304
836.888
865.85
864.295
938
844
797
797.941
805.203
810.062
929
925.177
893.662
946
882
873.083
870.431
906
961
1047
1086
1055.07
1033.36
836
859
861.517
861.848
930
934.687
932.543
906
977
985.118
969.866
875
812
813.568
823.906
1023
1000.64
883
860
874.48
899.344
984
952.873
902.506
874.244
884.446
920.161
939.291
922.922
876.809
858.053
877.544
909.045
916.039
889.166
862.348
861.535
875
1102
1024.94
930
895.895
909.275
953
960.078
922
878.729
914
1102
1056.3
978.767
812
844
900.758
984
944.877
883.696
873.455
911.843
956.63
955.352
914
872.586
880.405
914.633
931.857
918.929
867
862.199
1078
1021.46
852
844.351
868.458
1062
875
851.777
891.582
963.045
948.955
877.544
873.194
919.115
1273
1125
915
859
937
1002.55
963.592
820
829
889.745
1172
1034.23
903.798
828
875
1289
1112.99
899
868.05
1235
1083.38
937.62
909.779
976.814
1056.94
1078
914
903.202
1110
1107.48
1008
920.603
859
899.613
959.169
875
836
848.34
918.049
966.768
883
845.065
871.916
976
986.388
913.118
860.005
1250
1127.59
995.669
941.539
1226
1188
1050.44
985.802
1045.48
1096.01
1040.31
1031
852
872.597
875
925.693
924.64
875
859
886.061
1266
1142.06
1035.97
1006.31
1018.6
1021.63
867
828
953
1274
1131.9
1015.38
883
890.735
1023
1032
851
841.512
883.149
972.916
977
844
838.11
890.603
970.685
950.328
860.423
859
911.162
952.399
911.857
857.934
860.526
930
952.396
906.74
859.297
876.423
899
911.652
877.284
846.102
862.621
883
892.278
868.69
836
789
750
753.464
761.233
680
672
675.069
664
664
664
664
656
659.622
661.822
664.581
667.072
656
664
665.139
666.754
667.909
669.245
670.261
671.826
852
789
774.076
766.865
680
664
656.032
650.33
649.419
649.761
650.874
652.318
805
774
746.965
883
898
813
809.225
781
734
727
719
718.411
711
711.455
713.324
726
725.752
724.49
723.916
724.977
743
743.762
719
711
703
719
719
718
774
1195
987.436
1031
1008.73
766
776.474
776.016
775.097
774.085
776.061
719
723.391
722.095
703
702.31
703
702.578
702.12
701.344
719
734
739.29
739.918
735
758
757
756.624
755.558
756.869
1118
967.09
907.976
899.128
797
773
763.675
761.228
984
942.278
906
877.285
872.675
871.729
773
781
782.926
784.603
782.736
843
870.253
766
742
747.805
914
877.562
836
835.106
851
813
797.717
774
782.125
789.259
742
742.281
749.066
756.195
754.744
883
868.052
839.049
836.793
842.466
789
820
819.575
810.238
803.938
808.589
804.428
844
914
890.044
873.425
758
765.782
768.624
796
805.111
953
1406
1202.4
1071.37
945
942.444
948.839
948.657
926.527
896.71
820
818.742
825.65
914
918.476
904.744
881.449
872.225
872.273
877.971
874.472
773
774.276
777.19
868
888.127
878.727
890
1172
1111.98
828
822.758
781
812
883
886.276
872.133
870.959
877.424
880.721
1164
1073.24
985.404
964.391
789
787.157
797.324
812.044
823.541
823.248
823.875
899
920.923
867
862.285
867.374
870.231
856.828
840.929
883
889.992
882.585
859.049
870.796
880.81
874.758
1078
998.326
898
903.158
919.707
911.998
875
876.446
828
1063
991.037
933.803
868
877.599
903.509
905.175
953
900.143
876.799
883.864
899
844
835.448
805
843
858.52
828
825.105
842.919
857.724
854.777
839.738
805
813
822.799
1125
991.11
914.249
812
852
1273
1102
977.241
1015
1321
1177.86
898
914
1007.72
1046.93
875
812
860
1265
1071.05
898
896.205
836
836.759
836.301
859
873.15
873.727
1156
1016
925.81
836
840.304
860.595
859
797
883
903.022
901.836
861.118
860.66
883.591
945
1141
1021.83
938.567
937.998
1344
1180
1034.79
867
866.542
883
932.275
927.982
884.223
828
899
978.364
980.419
906
797
798.141
843.81
1258
1055
875
882
928.787
972.982
923.544
843
946
1017.71
1006.67
901.56
874.027
773
836
1297
1099.08
971.465
953.681
1226
961
950.726
984.027
1000.93
953.441
937.063
957.675
836
891
1039
998.96
926.295
926.532
936.038
1000
938
931.66
836
840.994
849.295
891
891.136
836
836.922
863.058
894.965
820
804.326
817.661
839.14
842.155
851
838.008
841.87
854.118
861.316
829
820.234
830.269
841.911
843.612
883
992
1110
1054
883
888.463
899.978
1156
1069.7
988.849
1273
1209.03
1105.31
1028.44
1049.76
868
864.382
892.849
836
851
879.004
1148
1056.41
1033.17
914
912.936
913.044
911.37
906.228
961
976.713
968
821
834.199
883
953
933.011
888.535
836
837.252
871.737
893.218
703
720.224
914
917.689
871.722
826.662
836.634
874.875
888.255
1040
958.913
836
838.306
870.261
1055
851
826.916
899
957.991
914.541
867
844
1281
1105.64
970.377
957.556
989.004
946
1015
994.62
883
891.001
1203
1102
898
890.95
859
867.735
868.027
875
813
814.334
822.017
834.066
835.519
914
935.687
1015
1005.55
922
1023
1020.38
844
856.684
869.886
867.67
875
851
863.045
1055
992
946.068
836
842.035
848.274
849.073
1071
1011.35
953.306
1274
1133
1024.36
828
827.238
856.32
918.83
937
888.137
836
842.789
884.153
1148
1042.75
805
793.195
821.433
916.145
922
858.164
860
876.377
910.109
1000
875
867
1312
1155.04
1016.11
946.725
969
1031
999.708
923.131
921.151
962.415
1015
976.971
867
870.2
945
1180
1042.93
875
868.202
927.931
1008
961.967
898.263
894.018
859
969
1078
1011.58
918.4
899.808
914
954.32
953.365
844
836.713
861.836
1102
1036.73
949.562
820
868
946.939
867
831.972
830.358
879.732
931.372
905.223
851.584
805
831.867
953
953.794
852
1305
1242
1047
843
842.636
922
953.869
908.24
812
828
896.655
954.797
946
853.765
848.124
887.469
1008
899
851.066
852.209
887.913
907.49
875.25
836
848.463
887.272
906.111
946
843
831.739
864.887
902.892
898.336
804
899
918.492
1078
980.229
820
828.014
862.297
898.458
1078
868
844.891
890.517
938
929.275
870.259
853.548
852
887.552
1211
984
909.838
912.243
945.414
1000
937.077
890.493
898.946
936.8
960.273
844
875
1008
1003.79
913.353
836
992
1063
962.579
878.85
924.708
821
851
938
933.854
890.887
888.26
937
946.141
907.365
873.879
883
908.627
900.409
868
866.863
888.118
896.277
1086
891
851
867.363
896.307
897.221
868.187
863.846
893.159
918.407
1086
898
892.995
919.332
1226
1057.33
952.518
954.792
984.308
980.254
1047
983.392
851
857.912
992
1008
859
851.082
898.188
960.129
1000
908.168
881.211
891
913.343
961
851
922
962.469
959.958
883
867
897.386
925.514
922
844
857.922
896.977
910.863
877.342
852.758
820
842.078
861.401
860.288
835.958
821.42
1039
1039
914
879.167
904.787
992
976
875
869.081
916.307
944.259
912.068
862.598
878.876
844
984
943.34
893.718
876.729
899.983
914
911.651
1070
891
889.218
910.519
917.604
893.957
886.271
904.278
1141
1023.93
950.667
958.027
962.195
937.834
930
851
865.096
885.626
1000
954.326
909.746
844
853.925
953
969.056
928.215
872.484
868.587
969
945
924.568
890
887.1
917.766
843
836.852
820
831.616
842.735
847.102
843.043
842.339
855.339
863.773
946
925.055
908.017
905.213
1289
1141
1043.11
1030
1030.37
1005.6
958.87
957.606
907
1015
1014.34
983.625
961.572
883
886.791
894.418
899.464
892.752
880.346
953
972.415
965.687
948.752
951.546
958.122
953.883
859
865.33
877.452
888.583
880.665
871.929
875
886.203
992
883
875.395
888.636
930
976
930
909.634
926.926
944.522
939.876
898
897.823
917.833
922
905.137
1023
996.995
961.156
949.29
993
961
953
953.853
843
853.799
860.269
862.726
862.539
876.474
890.386
813
1172
992
852
857.13
867.601
1196
1043.68
891
891.39
844
937
1016
906
879.355
894.46
1094
1050.67
882
821
829.126
883.087
926.529
893.006
859
828
846.2
892.11
909.92
836
808.634
914
1203
1117
987.195
852
851.479
1008
1006.51
828
814.229
961
996.471
926.013
850.142
844
914.457
975.983
859
867
883
930
875
836.765
804
834.292
871.991
859
822.006
807.106
838.161
871.379
868.752
860
832.052
1171
1047
883
871.124
914
928.885
888.067
836
863.02
909.617
1047
939.039
881.387
894.28
937.495
944.916
883
843
854.353
890.121
905.313
859
832.178
855.556
894.965
921
836
818.31
993
1047
961.972
885.994
899.76
946.609
955.849
859
805
836
938
939.549
881.959
842.114
1250
1111.33
875
855.647
902.467
1040
949.404
875.397
892.516
977
979.92
977
852
852.485
906.601
969
883
845.555
848.846
886.364
908.751
867
829.468
844.02
968
868
820
823.472
977
966.979
889.24
828
853.784
902.675
904.786
853.583
828.57
865.2
904.218
946
877.28
839.004
863.329
908.441
920.215
878.396
828
828
861.471
859
848.741
824.221
1133
1086
985.009
820
821.099
852.319
886.204
875
1242
1187
1039
875
874.828
914
945
1094
1003.04
875
968
1149
1047
947.393
836
839.571
891
992
875
842.415
864.358
1062
1036.34
828
812.674
867
922
914
828
819.113
1070
1038.07
932.342
804
807.757
891
938.705
885.36
836
842.436
1243
1125
983.334
910.562
932.147
991.497
990.471
907
864.825
896.618
967.935
967.931
901.501
853.513
870.71
929.438
953.939
900.877
850.393
1054
1064.73
986.29
911.701
938.047
989.397
867
867
906.194
953
910.047
867
821
846.616
872.869
914
874.601
851.64
906
941.126
1016
946.473
913.907
917.047
940.422
950.011
813
875
897.082
901.626
1032
985.096
945.194
944.368
945
935.81
911.9
902.911
844
848.819
852.572
854.772
812
820.84
830.934
837.421
836.132
834.577
859
872.789
938
929.724
883
884.536
1171
1072.26
836
859
899
937
894.603
836
899
947.522
953
888.553
836
906
948.55
992
908.402
836
853
891.218
906
868.43
836.207
856.632
894.377
907.293
877.598
841.634
855.434
885.257
937
852
820
836.632
869.298
881.187
856.528
828.636
839.726
865.876
938
906.104
862.909
851.644
930
944.163
820
823.475
844.163
863.104
849.997
826.318
844
868.13
872.595
898
868.45
828
843.511
861.68
866.235
820
815.734
831.321
847.253
849.825
835.266
823.85
832.818
843.996
846.231
831.372
820.841
830.962
841.646
845.273
832.451
868
865.588
1242
961
932.717
933.104
932.308
993
1023
975.846
965.386
1133
1117
1019.83
1003.36
1015.77
1014.21
965.544
955.481
969.356
906
1000
984
969.871
852
872.985
1008
1002.57
960.444
828
848.849
885.183
911.291
851
833.304
859
930
953
953
953
867
813
844
929
940.346
903.4
860.734
828
847.154
876.857
891.995
875
847.075
899
961
959.156
937
892.248
851
872.136
1015
899
869.462
867.816
892.283
930
913.704
879.073
828
844.106
884.989
904.592
882.7
843.47
841.975
872.066
977
937
828
875
977
973.37
890
850.44
835
873.949
1007
993
929
896.148
925.095
958.07
952.363
910.638
844
859
903.627
925.631
903.889
852
848.928
953
969.663
930
879.521
884.684
898
985
937
895.608
843
861.029
1141
1054.45
914
872.366
894.87
930
961
867
797
797
836
898
844
805
804.011
846.48
890.431
852
921
927.728
921.005
883.487
860
869.201
946
936.952
868
859
879.439
1000
883
859.401
878.682
905.643
961
910.417
868.254
875
915.276
1031
898
805
816.779
883
914
881.903
839.283
821
855.289
1023
883
845.939
851.509
895.457
953
851
828.429
890
934.252
919.696
828
825.275
870.463
910.91
875.503
851
857.407
945
939.883
929
878.101
887.623
898
907.641
882.466
812
860
945
941.553
867
846.3
874.311
907.046
937
891
857.836
883.575
916.088
1203
953
900.277
914.552
957.31
956.294
1094
979.011
867
1242
1188
1051.32
978.793
938
953.899
952.909
941.454
941.502
957.179
946.178
906
844
856.654
875
877.294
868
820
969
971.686
1008
867
880.091
828
829.747
828.815
828.481
829.629
840.159
852.972
856.037
854.457
852.248
850.858
945
937.475
923.747
922
921.267
911.198
836
843
954
992
875
961
1289
1130.37
1018.95
1026.87
968
921.081
1016
859
867
930
928.959
961
962.32
820
861.108
868.669
1046
868
836
844.882
977
935.519
889.574
892.469
1031
1012.64
932.078
867
899.9
946
938.544
820
828.616
1023
1039
868
848.479
859
922
899
882
878.991
890
908.206
1016
859
844
906
947.099
920.478
863.511
859.758
813
1101
991.95
923.364
906.102
923.155
936.085
924.639
883.358
937
914
910.947
875
874.564
1226
985
943.04
956.228
962.568
937.465
937
948.942
930
921.526
984
860
879.32
885.521
883.865
879.124
883.68
883.424
906
897.976
946
938.982
820
891
1078
922
859
836
867
914
894.988
880.365
895.181
910.8
896.681
866.274
875
897.407
899.942
867.431
851.939
969
1031
1156
1056.15
1019.25
1021.01
1017.96
992.304
882
922
951.997
1078
1029.77
983.069
867
1031
1086
1045.33
973.561
1031
1059.73
1063
890
868
900.606
968.3
966.291
918.42
977
945
942.722
867
828
842.428
859
907
905.287
821
826.46
992
993.529
835
833.53
852.075
875.87
828
815.057
834.636
868.983
874.801
875
861.018
1055
1003.81
1125
906
907.248
867
968
969
875
882.513
1125
1045.5
961.22
955.503
843
843.119
1039
995.681
828
828
866.577
925.509
904.183
857.496
1055
1052.89
959.174
875
901.934
992
883
836
872.913
934.263
928.291
922
851
881.765
924.844
925.529
876.471
848.7
872.24
910.252
909.013
865.882
853.15
880.042
930
916.986
1078
867
868.791
885.763
1031
970.153
945
943.691
860
860.84
861.634
862.502
860.941
860.863
864.158
865.434
865.285
863.729
862.422
861.799
914
906
805
820
1071
982.24
875
937
940.207
906
851
890.555
919.251
954
875
875
937
984
910.182
844
878.786
1062
984.969
890.219
888.751
941.893
961.26
914.93
869.313
859
903.65
928.631
896.044
835
852
904.036
925.866
886.147
843.493
922
958.546
915
872.684
852
906
923.076
902.942
851
867.032
900.397
1062
1157
1043.38
805
807.857
837.122
901.311
1234
1086.01
972.065
1078
1172
1123.97
1022.92
979.969
1133
1129.34
852
849.726
912.426
984
969.743
917.032
953
1013.34
1012.31
938.112
933.266
890
897.609
897.473
883
821
824.099
1070
1016
890
844
864.381
1031
1001.46
875
844.465
879.63
961
958.294
890.432
847.733
881.746
947.465
914
851
829
890
941.066
984
905.744
859.945
892.473
936.261
942.122
900.1
859.129
859
894.985
946
820
818.557
841.509
875.2
874.321
841.709
812
969
981.413
875
954
960.179
931.005
884.804
910.974
927.084
903.316
899
905.91
921
1047
975.203
891
915.815
937
926.285
914
844
865.854
898
910.351
886.821
883
903.4
924.854
914.908
882.552
891
820
832.84
840.755
844.824
839.376
838.743
1125
1036.38
898
836
841.44
1000
969.5
917.966
875
880.015
1070
1023.88
937.259
883.936
893.424
942.054
958.391
914.724
828
977
1281
1143.42
1002.21
891
908.577
1203
1039
945.825
953
1195
1109
907
893.421
965.598
1055.97
992.153
881.116
875
950.517
1026.62
938
878.275
902.826
971.743
1031
867
855.952
902.813
890
884.386
844.401
863.814
914.448
929.752
881.47
854.976
887.102
836
961
908.976
871.976
860
878.777
1243
1081.15
973.846
844
914
938
932.798
844
836.591
938
977.301
899
843
899
970.958
968.922
820
867
911.526
912.482
856.055
843.443
828
945
936.151
881.321
853.821
898
977
943.474
885.323
843
836
865.92
945
891
853.479
848.162
946
969
934.279
804
844
900.464
920.834
884.319
835.733
846.901
860
976
927.33
844
838.911
820
846.885
862.779
859
852
838.769
843.365
865.136
877.545
866.53
843.576
1000
953
836
883
896.689
1172
1025.55
875
881.605
1172
1054.47
948.239
813
820.089
1008
1001.92
937
852
866.411
957.733
1171
1028.24
828
824.832
859
961
907
842.934
834.02
875.115
944.51
1024
882
835.872
867
938
882
821
836
906
977
900.885
844.746
898
946.918
946.55
883.993
820
867
916.405
969
893.476
850.14
875.832
921
993
914
843
860.945
912.946
934.326
902.595
844
850.119
875
945
906
836
836.123
870.033
1125
1018.48
913.162
882.242
915.619
959.344
951.795
821
820.382
1219
1075.08
957.535
906.438
836
858.014
906.946
836
820.825
829.752
1031
930
866.743
821
851
896.476
895.113
828
814.529
841.872
1070
972.335
875.246
852
953
1008
922
853.153
870.239
883
909.498
866.197
824.925
836
891.238
916.138
860
817.391
829.089
1055
990.217
908.661
867
891.501
899
900.109
857.374
834.502
863.519
903.801
890
848.745
828.346
930
951.794
910.486
857.007
857.183
897.206
836
825.038
834.342
1000
952.812
898.408
852
879.807
903.664
888.54
849.105
848.046
879.315
896.634
874.389
841.078
853.275
883.926
1109
953
893.989
836
898
939.641
923.902
852
836.379
1024
1023
943.247
836
841.382
903.442
943.332
895.349
840.491
847.979
904.693
940.642
898.711
828
834.843
1187
1071
954.512
888.333
883
930.157
891
844
840.168
1063
1046
868
850.877
875
944.162
932.586
843
868
911.726
922.957
883.628
797
812
930
950.053
915
882
1274
1137.1
1004.18
969.503
1004.71
1008.84
953
916.006
954.545
997.306
922
888.182
921.431
968.284
960.769
1000
937
934.885
947.749
946.103
927.884
912.909
927.721
943.056
942.133
921.372
929.626
938.846
828
841.096
1164
1039.11
974.15
986.147
1039
991.517
946.437
852
864.161
879.293
882.868
874.051
843
861.968
1031
1078
977
859
860.424
891.645
927.005
899
865.509
861.672
1125
1000
867
821
835.354
887.414
1031
883
828
898
981.719
978.894
859
867
969
988.704
1000
880.413
868.504
923.326
969
924.957
864.613
878.823
922
867
843.334
828
853.618
880.104
1234
1063.95
956.772
859
860
890
977
941.807
868
945
985.757
898
836
841.992
906
917.518
867
883
894.988
1024
945.625
851
872.172
954
937
891
859
914
946.328
961
894.447
878.865
913.44
937.399
916.349
851
820
847.72
1133
953
896.732
895.46
937.314
960.343
917.833
869.687
805
844
961
960.047
914
850.564
945
1250
1114.18
980.478
836
837.86
889.549
938.829
911.355
859.861
854.485
1031
1033.07
813
805.025
851
933.146
921.699
851
837.722
1149
1052.94
944.565
851
915
898
891.178
839.355
848.777
961
960.472
887.117
828
852
912.418
914.302
898
839.378
840.926
883.394
907.932
844
817.821
835.738
872.75
890
856.172
823.825
839.227
868.112
878.381
855.412
813
821.924
922
977
953
844
836.237
836
868.066
873.473
852.619
824.692
1023
1024
961.353
895.585
898.754
875
882.835
868.828
843
852
869.982
881.272
867.2
849.958
844
930
936.902
953
851
848.066
859.797
969
1000
851
868
898
919.656
899.907
868
862.604
890.749
913.471
899.277
861.523
858.601
875
894.172
881.55
844
867
889.312
897.182
930
894.278
805
844
871.879
961
852
859
870.509
893.551
1117
1000.36
908.608
828
838.05
863.218
876.073
857.219
976
987.05
946.021
901.319
812
844
861.689
1094
1000.77
920.617
902.151
909.907
913.357
896.162
891
885.214
888.37
922
929.419
930
903.344
969
851
858.872
851
851.361
906
890
893.622
899.12
969
953.691
844
866.05
805
808.72
811.362
883
804
817.762
922
1164
1032.68
982.513
983.437
970.633
945
1000
969
949.478
944.323
944.913
943.693
851
836
839.237
844.296
852
855.026
862.792
874.265
879.35
922
928.649
1055
1039.25
836
844
846.614
937
914
904.198
906.69
1125
1077.98
1017.71
986.657
986.814
828
827.329
837.277
855.164
858.641
858.225
866.828
883.191
883.338
872.386
871.696
877.298
1007
989.191
882
961
946
928.705
899.313
898
902.041
1078
1002.4
954.421
836
847.424
860.904
870.678
860.671
836
984
1000.94
957.49
914
926.949
953.904
891
1117
890
890.494
909.412
909.617
884.469
844
864.84
969
1000
934.153
836
851.335
875
877.294
855.134
875
897.234
937
891.319
921
836
852
1031
1055
875
836
854.269
877.51
876.393
906
907.3
898
1023
1006.18
961
929.854
875
883.082
1007
982.247
941.072
941.199
947.431
954
851
861.883
883
953
927.086
893.677
901.041
930.945
938
910.822
883.012
992
1102
1015
883
930
1062
1032.52
959.753
852
835
907
968
938.07
885.224
889.465
940.979
953
928.998
877.103
867
904.437
934.059
920.013
844
840.557
870.32
901.835
892.439
858.321
812
828.461
863.915
879.606
867
836.954
833.041
857.301
876.666
876.667
961
917.88
888.945
914
924.33
1000
972.156
937.358
920.713
953
1164
937
868
898
923.687
920.02
890.993
889.29
920.578
947.798
935.777
938
942.457
947.603
933.046
1032
914
914.197
929
924.07
908.573
920.001
927.286
930
918.101
953
939.936
926.251
936.279
933.677
917.553
930.056
932.661
919.804
984
962.316
952.721
812
827.881
830.636
832.569
867
886.152
899.35
992
989.553
859
860
922
917.093
851
813
828
850.099
851.977
831.528
837.87
856.838
1203
1040.82
931.116
928.77
952.988
1000
984
867
865.933
913.002
957.231
929.117
870.745
867.723
910.453
946.109
932.547
844
840.805
883.628
922.852
910.702
869.749
858.78
1008
1008.13
882
813
825.916
863.79
887.547
862.592
838.527
1047
1038.29
959.12
903.154
930
937
926.867
876.96
875.394
968
1172
1046.98
844
820
914
967.462
935.198
953
821
824.072
860.268
912.59
912.687
873.176
805
804.059
906
940.223
919.306
850.601
830.819
859.778
938
828
808.185
906
985
836
859
895.756
909.766
1055
952.429
899.511
918.414
945.373
992
918.78
905.151
867
993
973.314
924.298
887.051
828
843.891
938
940.672
875
850.411
871.447
1071
1015
947.505
891
930
975.152
968.039
920.189
874.431
894.638
941.245
950.23
911.232
867.939
891
898
914.411
852
859
890.499
911.568
898.324
868.649
929
948.312
937.264
897.862
906.407
923.961
953
882
878.938
901.132
913.086
896.221
871.993
820
829
844.644
853.2
843.578
891
797
806.656
814.664
1008
950.761
836
851
866.244
873.568
856.136
828
831.428
852.913
922
914
863.381
841.792
861.049
891.431
890.934
853.52
826.532
898
899
922
882.735
856.555
1000
1007
883
867.189
898.812
1085
997.886
907
920.126
859
861.184
861.486
922
820
844
890
922
886.816
858.063
875.506
914
1063
977.704
860
865.752
899
919.122
946
812
823.334
906
914
882.371
834.772
850.009
894.39
937
954
968
932.367
918.026
923.633
931.919
926.714
867
865.398
1336
1195
914
907.21
953
971.238
933.965
852
861.072
906.331
947.209
925.978
860
862.18
904.386
935.636
921.132
929
919.244
937
868
867.137
873.666
1031
991.98
938
820
824.341
841.506
969
938
906
805
812
938
972.806
942.644
875
834.43
1086
1057.17
914
851
860
914
933.095
898
844.804
929
988.09
1078
891
835
899
983.378
980.909
922
812
832.132
985
988.718
1055
958.344
909.426
946.428
992.457
993
851
844
878.984
935.321
953
901.027
870.606
895.018
934.573
936.273
897.696
828
906
1032
968
913.156
882.087
1180
1070
968.579
919.543
963.954
1003.63
968.544
968
868
894.965
948.615
956.554
985
910.624
891.582
923.806
964.404
962.503
867
863.559
882.199
912.329
911.97
885.615
866.544
906
1109
1041.52
965.785
932.791
859
871.125
929
935.198
909.614
976
977.601
914
836
836
853.237
867.376
862.336
836
843.579
858.743
863.86
914
828
828
1016
982.26
930.71
906
911.959
928.82
789
774
758
750
751.203
759.862
776.065
793.986
703
696
700.069
702.9
705.182
707.897
664
672.945
673.479
676.395
677.002
677.186
679.108
609
602
603.253
601.505
602.395
602.601
602
601
602
604.263
606.374
711
709.176
781
829
822.068
814.006
930
969
946.696
926.081
919.36
907.881
891.943
1312
1190.91
1092.13
1052.81
1052.35
1051.97
1034.65
1001.4
1000.76
1005.25
1004.79
998.662
977.801
977.897
980.011
978.938
898
852
953
1297
1186.04
1112.95
1111.98
1111.77
1079.05
898
899.609
977
1036.19
1235
1163.92
1091.98
1088.96
844
1367
1218.65
1092.54
1117
1121.26
1116.73
930
955.419
1022.84
1033.72
789
797
855.035
949.98
941.973
900.291
1367
1211
969
969.669
1037.22
1027.49
938.505
944.702
773
844
888.05
812
797
808.535
823.596
823
811.825
1266
1103.51
836
835.56
883
882.542
853.91
855.122
896.137
875
840.723
839.519
864.227
867.552
837.201
826.691
839.693
846.859
831.387
819.95
891
812
809.631
822.191
976
910.872
875
888.118
898.533
797
812.696
867
854.847
820.326
834.461
1422
1075.14
960.823
968.487
969.054
1211
1027.88
994.816
868
867.544
898
900.754
886.446
880.675
930
945.562
940.038
1117
1068.15
1005.35
836
838.733
852.145
1070
997.272
952.639
875
879.352
953
960.238
934.045
887.212
1070
1071.44
836
834.744
766
765.455
851
789
790.343
797
819.939
789
820
961
929.696
851
854.795
863.298
961
909.766
873.909
877.311
895.357
888.754
860.848
844
1304
1110
984
979.267
991.733
981.127
917.295
917.255
949.969
952.117
914.131
904.113
789
875
901.32
953
899.031
866.586
866.316
878.499
891.517
881.879
1227
1070
979.705
875
875.534
889.383
894.203
876.777
867
876.828
901.755
901.297
872.014
781
785.075
804.099
1055
890
849.18
1273
1266
1074.67
1008.67
1016.67
1016.63
972.511
930.226
852
858.511
1375
1179.25
1046.67
843
842.542
887.826
926.797
925.539
797
794.652
859
954.081
950.4
890
848.317
850.932
888.896
903.923
891.504
825.405
821.787
845.976
883
1258
1062.7
844
825.759
849.798
910.18
909.625
781
778.101
801.326
860.214
861.539
821.22
808.771
823.498
945
820
813
890
898.843
861.529
816.693
1102
999.28
905.93
878.457
1086
994.115
890
898.428
951.277
940.623
930
875
911.879
1336
1149
1011.24
1010.95
828
826.488
758
742
741.542
742.927
746.269
755.464
772.643
773
766
766
765
764.584
750
749.83
751.194
752.086
797
804
807.032
809.568
812.774
726
735.488
733.488
797
765
765.542
770.741
778.341
890
875.108
857.594
845.404
843.747
842.402
1063
983.859
922.543
766
789
1289
1008
883
812
820.571
863.283
870.253
890
797
813
862.601
1118
1078
992
844
789
804
856.031
872.798
922
836
803.782
1265
1128.04
996.716
907.168
797
797.639
968
970.038
922
838.656
824.788
922
977.188
953.857
857.756
837.72
870.98
923.458
923
855.722
823.579
1297
1023
891
804
758
771.714
794.381
797.184
793.543
795.497
817.487
820
818.111
809.922
807.479
807.805
807.655
836
832.693
1219
1085.56
985
981.713
797
781
780.346
898
1243
1097.3
1008.24
991.42
990.961
984
964.754
936.057
926.108
924.694
1235
1129.54
1043.62
1024.04
805
1320
1203
1079.17
844
850.925
891
1007.86
1007.4
951.313
870.431
869.371
1000
1056.95
1039.42
909.994
954
988.421
1226
1082.9
949.252
931.308
989.372
1049.92
977
909.179
925.543
992.39
1281
1141.38
828
824.511
851
1282
1121.29
852
781
813
922
930.38
889.217
860.032
860.517
904.635
949.536
844
816.104
823.109
860.402
719
734
740.826
749.69
749.232
750
765.145
778.651
776.482
883
796
792.756
800.333
922
914
886.229
781
790.247
801.58
1125
906
847.869
899
976
942.543
874.311
856.666
828
848.125
871.137
865.53
827.359
820.68
844.734
875.407
953
874.488
840.787
828
857.029
1007
970.898
915.545
871.386
953
975
953
902.671
874.063
895.138
924.443
921.486
885.765
859.522
881.118
916.281
919.38
888.637
857.567
877.425
836
899
893.332
867
813
821.449
828
860
857.577
842.051
830.158
781
786.95
820
831.195
831.133
820.071
789
789
813
828
832.709
820.624
804.337
799.813
806.233
816.195
819.911
765
766.76
789
800.179
803.589
791.799
782.507
788.008
765
769.528
769.008
770.277
772.127
774.74
922
895.851
1140
1070.18
1008.93
1164
1062
1042.94
836
854.341
854.27
1070
1023
965.359
962.309
963.718
957.335
925.567
904.592
903.623
908.006
907.548
904.238
900.781
899.95
805
820
875
886.921
879.725
883
859
875
880.238
879.37
836
961
1203
1091.02
945
828
805
814.836
852
856.1
846.464
836
797
799.136
1219
1008
933.402
805
742
711
797
867
866.542
827.699
672
671.977
696.777
649
649.784
656
656.722
656.858
656.4
657.404
660.575
663.236
664.793
666.542
649
649.301
649.327
648
647.994
648.026
649.363
758
751.13
766
764.354
946
914.979
893.485
929
927.046
1125
1066.44
1078
891
894.448
1336
1258
961
875
929
1006.98
1157
914
851
877.246
982.336
1004.92
924.191
882.28
902.675
974.963
1016
929.998
820
844
903.747
956.493
906.118
844.008
836
880.913
1211
1088.3
972.048
919.33
945.505
1235
1023
891
886.983
948.034
1031
969.024
867
805
820
900.385
954.736
921
813
852
1281
1101
963.308
895.742
906
963.983
964.994
900.365
861.814
879.665
944.449
951.372
894.377
845.062
852.406
899.032
927.014
894.706
766
750
764.669
806.432
1071
976.712
852
1375
1187.17
1027.47
945.256
851
855.576
870.248
1008
828
860
909.367
1109
956.213
919.212
812
814.83
891
893.807
861.304
845.404
848.463
878.363
893.309
1007
941.474
881.937
880.037
976
981.352
938.374
888.373
894.09
927.281
875
813
816.211
915
928.406
890.332
844
866.786
906.46
992
927.969
877.612
836
813
898
1086
1007.2
915.755
866.977
887.054
934.554
950.557
828
818.665
844.125
896.711
898.928
853.613
821.96
842.928
889.626
907.131
870.14
844
1257
1117.82
986.89
813
812.452
757
805
977
960.523
828
823.176
847.433
892.194
1320
1195
1032
965.422
961
1164
1047
1117
1034.92
969.177
969.724
995.683
914
898.635
985
859
860
864.722
865.119
858.169
820
805
806.362
805.412
804.488
808.557
815.881
819.82
852
1008
983.361
963.861
953.812
951.589
940.843
920.055
906
901.329
1203
1125
1048.85
1021.96
921
1008
1047
1020.36
962.066
930
969.404
1012.33
1078
1019.65
959.665
969.556
1015.05
890
884.699
903.308
924.888
924.317
1094
1171
1114.87
1077.49
1087.15
867
869.301
899
917.779
1156
1119.87
1070.61
1069.57
1066.23
1024
1047
1043.1
1023.58
1006.99
1004.97
1003.36
797
860
906
977
851
867.182
812
891
992
986.002
860
875.672
891
901.36
880.042
875
881.832
897.362
896.233
1164
1050.16
967.383
963.522
978.886
1102
1156
1056.54
1037.32
1281
1206.87
992
867
869.647
867
1055
1028.83
789
786.042
820.784
925.736
813
867
1313
1152.05
1014.91
1002.27
1024.96
1024.5
958.931
930
963.662
852
1015
1011.66
979.484
966.473
971.565
1008
922
917.63
859
860.082
1344
1162.2
1066.85
1067.33
1068.21
1040.82
1001.41
1001.19
1004.22
938
1234
1155.12
890
844
883
959.252
859
855.885
1289
1157
945
898
985
1012.12
937.964
921.992
971.078
1013.81
976.983
913.956
931.335
797
797.231
1149
953
897.183
893.489
1344
1164.12
1037.39
851
850.16
893.4
1125
1021.44
900.162
860
1265
1235
1047.45
789
789.331
859
989.242
969.922
870.878
1336
1196.9
1026.36
961.18
995.066
1044.15
1026.51
929.171
927.705
963.761
1149
1046.17
939.19
940.14
995.231
1018.89
963.873
895.708
1343
1186.4
1056.16
930
950.455
1015.29
1015.05
940.917
898
946.149
1016
1101
1118
945
852
882
970.744
1008
882
857.569
828
883
937.18
836
781
784.517
824.264
1297
1081.38
940.135
1187
1145.67
1006.69
951.64
1031
1038.98
960.966
941.332
1031
1033.3
992
883
914.736
973.507
972.163
908.417
898
867
893.618
1125
1024
948.584
782
781.463
844
928.208
961
904.173
1359
1228.7
1032
955.369
973.517
1016.23
1086
906
883
934.927
1019.25
1071
946.655
926.865
972.001
1017.99
1003.46
912.066
1023
1055.52
1037.4
948.352
828
846.278
1032
1000
1008
959.117
962.832
991.722
1001.81
930
805
812.997
830.762
884.75
899.906
852
850.526
879.79
912.546
953
919.242
887.874
895.038
913.8
925.669
820
1344
1336
1126.72
922
921.542
961
965.089
937.873
836
867
924.028
941.231
905.347
1008
1062
1035.08
933.787
932.088
859
906
913.627
906.552
897.108
909.176
923.384
918.918
898.559
897.188
904.56
1039
1012.67
978.989
953.351
958.822
1305
1169.6
1055.88
922
1047
1082.9
1057.18
977.575
956.711
1078
1063
1006.42
938.985
961
1226
1172
1055.23
1003.22
1063
1140
1102
1008
993.968
867
871.463
1039
1060.19
922
867
892.363
1133
1082.62
914
875
945
1026.84
1000
882
860
919.638
1164
1060.27
936.174
844
867.191
1016
1007
1000
868
851
961
1027.11
1070
959.711
922
1031
1064.73
1008
898
883
941.508
993.101
1008
867
863.939
921.854
981.421
956.091
930
828
844
896.768
938.959
921.552
859
838.35
930
1000
974.471
906
836
914
963.588
962.331
912.125
875
892.497
932.59
968
922
878.546
1203
1106.74
1003.81
941.735
974.274
929
875
875.313
903.644
1039
991.766
953
1125
1102.55
938
937.474
991.498
990.057
933.74
931.967
860
875
976
1024
975.635
946.679
1094
1039
982.598
954.078
980.001
969
943.227
851
867.592
1000
1102
1021.37
875
886.907
942.378
1125
1054.7
828
826.383
879.67
1071
1008.15
911.424
1305
1234
1082.37
829
828.744
1023
1070
949.739
894.258
1086
1093.15
986.781
900.489
939.69
1018.81
1141
993.679
851
875
954.341
1004.12
940.851
829
882
953
993.602
930.034
863.124
879.366
941.784
1117
1017.2
844
883
956.946
989.808
930.403
969
975.889
971.715
938
921.755
928.671
940.504
937.065
909.486
867
1000
998.708
1148
1067.14
875
884.64
907.251
935.757
926.044
901.079
901.24
924.954
1125
1072.88
999.306
984
992.802
1031
922
911.291
1141
1148
1061.31
1002.63
867
872.273
899.777
937.076
926.444
902.002
902.454
931.273
957.196
868
865.965
914
937.936
1015
964.411
859
863.651
1125
1057.19
970.914
917.605
949.334
1149
1086.61
843
844
889.396
982.054
948.545
860
857.875
919.168
986.496
1063
946.601
852
870.724
1000
1093
988.115
894.065
906
961.178
1001.43
968.33
900.156
867
908.051
964.797
1156
1036.81
932.206
1055
1091.06
1071.63
983.602
943.51
914
953.923
970.506
859
858.327
968
1002.3
950.732
895.178
828
856.503
894.753
906.501
875
868
968
990.905
1148
914
868
895.343
1008
1047
953
901.313
922
1054
1027.98
958.77
910.005
938.298
1125
1125
1027.67
951.82
975.889
1029.33
1031.3
981.211
924.572
1063
1089.56
1047.74
984
990.341
1187
891
894.872
934.897
1141
1035.22
980.661
1021.33
1055.52
1140
1102
1030.5
1037.94
1056.72
1055.21
1013.36
994.573
1007.27
914
1031
953
867
879.496
1055
1044.9
1006.02
898
1016
1109
1050.66
899
926.209
985.222
984.361
929.684
977
922
1094
1027.96
959.399
960.646
1102
1101
977
844
906
990.758
1008
942.809
908.455
1234
1154.15
907
895.58
1094
1117
922
910.778
1008.3
1060.87
958.377
918.386
906
1078
1050.78
948.539
813
826.063
766
750
726
727
731.77
703
703.199
708.034
696
695.747
688
687
687.291
687.214
686.592
688
688.68
689.272
679
680.798
703
742
746.99
752.06
757.741
718
722.348
720.297
720.431
727
750
789
793.408
828
867
864.728
857.265
848.009
1008
1125
1235
1196.06
1154.93
1140.21
1127.33
1297
1255.96
1207.51
1181.91
1032
1031.8
984
978.587
945
1290
1248.96
922
922.738
859
1320
1180
930
929.146
993.028
844
845.241
862.472
881.954
1305
945
931.07
970.903
983.266
969
851
914
938.55
927.509
1000
859
906
1297
1109.69
930
932.232
958.451
955.982
1015
860
877.452
913.281
1203
1065.1
956.492
859
864.064
898.575
925.642
915
865.975
859.707
878.058
922
927.767
1313
1180
1028.55
988.87
1001.67
1012.55
991.059
952.741
950.39
971.547
978.167
1203
1102.84
1009.15
836
834.454
863.236
930
906
896.462
907.977
1195
984
947.027
950.81
970.43
968.619
924.211
913.214
930.178
942.435
931.399
895.004
1414
1217.53
977
1086
1125
1019.68
914
958.754
1023.79
1003.22
942.324
938
990.835
994.553
781
791.932
757
760.81
760.352
762.582
898
928.314
1383
1213.76
1116.03
1116.24
1296
1047
1042.43
1044.45
836
890
1203
1039
988.766
1009.92
1009.23
965.993
965.535
968.434
891
895.983
920.355
916.635
899.967
844
1328
1000
970.27
1110
1041.11
1022.03
914
844
804
803.975
806.265
809.435
812.535
766
766.914
773
772.542
770.209
797
781
782.225
784.867
820
827.74
828.605
961
955.975
939.347
932.71
929.959
918.317
883
860
858.585
1140
1037.35
974.733
971.005
977.794
964.537
928.921
901.884
904.523
918.618
918.873
899.703
888.865
904.447
836
804
804.154
808.39
813.116
742
751.633
696
700.598
672
656
649
648
641
641
648
648
680
692.097
700.546
707.92
714.39
1086
944.607
890.97
1024
1000.44
964.826
955.027
1055
883
891.538
892.518
868.202
938
898
888.603
893.565
1149
930
1015
1242
1204
1164
1054
867
869.506
893.211
1266
1120.77
1047.48
1048.01
1051.81
1043.47
1211
1155.22
1080.31
1068.01
1031
1226
891
852
1351
1190.6
1077.02
844
848.192
1235
1097.16
996.294
993.178
1281
1233.63
1083.85
829
840.643
949.034
1032.3
983.566
945
883
908.231
983.743
1391
1213.87
1016
844
843.542
1359
1273
1092.69
1179
1178
1152.79
1057.51
1037.04
1057.49
1064.49
1040.81
978.739
978.22
995.368
994.91
1031
1011.26
1003.75
985
1085
1102
859
844
899
953
952.414
859
867
894.326
915.728
902.571
885.763
900.763
924.375
926.302
938
844
850.365
869.889
885.856
872.362
882
877.288
882.973
889.701
889.891
881.677
1211
1095.8
929
821
822.482
930
929.882
1211
1110.74
945
932.372
1125
1091.39
997.207
935.004
951.644
1329
1054
965.651
921
1313
1172
890
885.124
1000
1242
1047.11
926.129
952.544
766
761.25
776.978
852.038
805
796.828
804.021
820
813
807.103
1156
883
870.703
1258
1061.22
968
978.662
1149
989.644
969.847
875
877.766
880.47
880.012
1101
930
916.253
883
1328
1148
1014.33
867
866.702
969
945
883
866.315
1016
1017.73
1164
914
902.419
980.341
1172
1063
851
813
846.517
946.781
1203
1065.19
953.099
883
919.065
998.073
1002.51
939.16
1187
1161.95
1060.37
804
800.465
828
934.248
936.527
891
883.571
926.284
964.398
963.736
917.21
797
906
957.366
958.87
906
863.406
872.498
897.964
906
969
1195
1111.7
945
954
1125
1084.07
985
945.753
1117
1099.91
1101
953
961.994
1035.47
1039.09
938
797
803.613
836.196
923.902
820
821
858.519
925.21
934.837
820
819.46
797
789
788.694
788.025
788.546
750
752.719
750
752.842
752.053
750.131
727
711
719
742
746.48
749.336
883
860
849.076
1032
1140
1235
1125
890
828
797
796.687
750
757
763.311
852
867.463
864.656
865.135
860
854.549
969
963.675
934.452
1305
1212.71
1130.72
1122.08
1031
977
975.481
922
915.025
918.447
919.191
917.632
1188
914
921.495
929
920.902
1258
976
953
1289
1203
993
1011.12
914
908.48
933.826
943.809
906
913.686
949.371
940.846
914.113
1000
1000.47
949.151
948.817
836
838.069
842.93
844.807
845.251
883
929
923.075
921.404
928.179
820
828.989
829.067
827.768
890
904.038
902.974
1273
930
931.1
936.859
916.629
789
781
785.682
787.391
788.945
806.969
834.035
930
867
890
895.202
887.377
992
1266
1111
1030.57
1029.98
1028.76
994.973
1118
1094.32
1048.02
1038.7
1045.6
1234
1117
914
916.075
1336
1156
1049.95
1048.41
1304
1297
1169.08
867
969
1121.76
1111.77
994.503
977.262
1195
1190.03
1058.56
998.854
1059.94
1117.07
1089.91
867
876.174
930
1297
1146.04
1023.18
1023.36
1297
1226
1093.4
906
913.713
1017.08
1082.35
1009.04
883
892.87
773
772.542
783.557
818.903
825.488
823.338
789
790.342
820
844.389
852.302
842.667
831.19
797
796.092
922
928.371
859
825.769
820.531
840.926
859
854.641
1227
1227
1132
1067.94
1065.6
1063.38
1024.18
973.715
973.38
981.561
981.181
945.563
1227
1174.49
1096.62
1094.49
1099.07
1048.36
875
878.649
904.847
954.459
1062
899
900.415
933.046
1257
1157.61
1062.48
1040.61
883
876.361
886.855
920.953
925.656
912.861
896.032
901.945
913.622
914.339
1172
1094.22
1023.19
1004.05
1004.5
1172
922
923.412
940.574
1328
1161
1102
929
928.747
949.366
1149
1059.63
964.496
953.05
1203
1149.06
1030.8
994.733
1040.05
1039
1026.78
947.767
947.335
1001.62
1038.16
993.413
844
859
915.844
992.163
968.011
911.106
890
938.461
982.69
982.619
836
766
771.616
791.556
834.773
840.079
781
781
812.284
850.415
852.758
825.368
804.065
813.475
835.135
846.625
834.424
1187
1055
976
950.848
950.725
1110
1078
988.425
944.483
828
827.172
838.921
873.626
875.848
859
774
758
765
774
789.149
799.586
801.709
844
870.814
877.158
805
789
836
850.355
804
793.831
800.008
812.725
816.704
898
1000
1125
1156
1109.7
1078.45
1075.88
1064.53
1041.56
1109
1098.02
1078.55
1063.99
844
853.827
856.72
992
993.785
982.979
980.989
906
905.516
1289
1228.53
992
965.618
898
1344
1201.47
1073.87
906
930
1018.69
1234
1047
934.398
936.594
1025.86
1088.78
953
904.94
813
820.3
891
950.436
1258
1383
1218.46
906
901.619
957.969
1026.53
1133
906
900.211
962.139
1040.95
1094
977.255
927.873
961.217
1156
953
875
953
1227
1108.72
981.036
974.801
1038.32
1050.09
986.55
940.013
989.941
1051.01
1219
1070
1007.33
1051.7
1257
1170.47
1053.21
1006.94
1063.86
1117
1082.69
1006.43
867
879.166
934.593
1011.15
994.83
935.807
927.929
973.12
1024.8
1024.83
978.963
1086
1100.41
1077.29
1024.91
1023.72
1040.46
1040.08
867
880.21
1204
859
858.804
899.093
828
828.565
854.037
844
867
867
821
859
872.471
864.969
