841.567
852
840.88
854.902
901.95
804.142
937
846.619
984
977
895.376
880.025
930
885.781
906
953
905.001
906
907
875.364
925.66
930
945
917.783
992
977
976
1000
958.621
1032.06
929
955.585
914
914
914
914
913.563
914.153
899
922
915.497
938
976
964.582
992
1000
1008
1039
1016
1031
1031
1008
1011.25
1007.37
1000
1000
998.355
961
891
899.925
897.697
902.347
908.446
961
969.932
961
969
953
952.846
945
942.178
961
953
945
938
953
951.522
954.014
953
1000
969
984
977
953
953
953.372
949.336
945
930
932.556
961
961
992
992
985.422
980.274
992
1000
992.096
1000
995.837
1000
995.827
992.375
984
1008
1000
977
984
1000
961
961
953
961
984
969
977
961
984
984
982.001
961
970.041
961
963.457
930
961
945
947.455
945
891
898
891
914
961
1000
995.439
1000
1000.87
1008
1000
994.313
988.748
1000
995.003
990.835
969
945
943.686
938
939.731
961
945
899
898
883
881.839
883
898
906.46
860
869.27
961
953
836
851
844
875
875
836
844
890
938
953
961
943.535
930
852
898
875
876.032
871.922
875
836
867
870.016
867
862.547
875
860
867
869.158
867
868.347
867
852
875
869.941
859
844
850.98
859
852
855.11
857.016
856.605
867
852
859
844
836
840.827
828
805
812.74
813.975
781
800.744
773
779.204
780.989
758
781
774
773
777.244
778.859
781
782.896
773
781
766
773
772.95
758
758
760.448
773
769.206
758
765.598
764.966
765.45
766.149
781
797
791.123
805
820
820
813
820
797
820
797
799.228
797
797
797
781
789
787.211
781
766
789
781
774
789
789
797
804
797
797
797
789
773
758
766
766.817
768.657
771.707
766
769.175
781
789
787.434
758
766
750
750
749.469
750
727
732.302
733.172
727
730.409
732.623
734.946
719
742
741.426
734
737.802
740.166
735
734
734
727
734
731.761
733.652
711
711
711
710.679
727
711
742
742
739.778
766
760.423
781
766
765.613
781
789
797
789
797
796.868
820
805
812
809.97
808.701
797
799.45
805
820
814.042
805
828
820
817.297
844
828
844
867
844
841.464
860
852.088
844
845.533
859
852.219
875
867
844
859
844
852
859
836
836
828
836
844
841.045
842.375
929
930
891
887.806
875
836
859
856.986
875
867
863.264
898
891
867
883
886.219
875
906
875
860
867
836
841.005
821
823.747
825.243
852
859
844
836
828
829.985
820
805
807.614
820
820
821
812
797
801.035
797
789
790.816
789
781
782
773
781
782.068
785.476
758
742
750
750
734
750
719
750
747.729
749.891
742
747.249
742
766
773
789
797
789
820
782
781
789
750
760.419
742
750
742
742
735
739.029
750
750
750
752.282
758
758
773
758
761.693
766
773
768.922
773
771.676
750
758
765
761.595
758
750
753.933
753.781
781
758
758.96
789
797
797
789
820
797
797
797
789
784.23
758
762.015
765
758
761.541
766
773
782
781.48
828
823.874
828
797
796.883
875
883
890
866.725
906
938
930.939
918.516
976
976.361
977
992
961
953
956.121
961
953
948.992
953
930
937
930
961
984
969
977
974.933
984
977.283
930
930
1000
992
980.298
974.611
961
922
914
916.398
930
939.586
992
969
962.881
945
953
955.752
937
922
891
867
866.671
828
831.606
820
821.989
828
828
805
809.948
797
797
781
782.606
789
805
797
843
852
875
883.314
890.108
906
899
898
906
904.843
906
883
883
881.271
877.89
874.592
871.821
906
891
891.238
906
900.956
899
890
889.634
898
891
875
877.571
890
883
883
885.455
867
875
844
849.03
849.838
851.315
853.179
855.978
859
844
867
852
855.893
875
891
906
922
917.495
930
927.308
921.677
918.465
914.831
906
883
906
883
883
875
883
879.339
914
914
913.145
930
914
914
910.599
914
922
922
918.73
922
937
934.037
914
916.849
917.835
914
922
953
930
953
948.315
922
922
921.498
922
922
930
929
938
969
953
984
969
963.233
992
979.807
977
937
930
914
922
914
898
904.02
903.545
875
891
914
916.098
945
938
941.533
953
950.257
953
953
950.927
930
922
920.177
922
923.918
930
930
953
954.886
922
927.308
926.375
937
932.169
929.491
922
906
907.707
922
914
914
914
914
916.195
937
938.558
934.951
1016
989.015
1039
1039
1008
1008
1004.7
961
977
976.506
968.486
967.608
992
986.961
981.584
983.439
976
969
968.686
1008
998.476
1008
1001.77
1000
992
969
945
947.712
947.659
883
883
898
883
883
898
902.326
937
961
977
1031
1028.53
1031
1000
1000
1008
992
984
969
953
961
969
961
992
993.68
990.685
985
1000
1015
977
978.836
979.344
992
1000
984
1000
938
953
922
906
883
883
890
883
889.044
892.96
883
891
898
914
918.375
914
945
922
922
906
908.492
908.8
914
922
914
922
922.785
923.634
921.805
914
922
922
914
922
922
919.912
918.53
1000
955.193
947.99
945.484
946
953
914
914
914
914
945
937.04
961
945
938
945
943.369
945
940.826
922
891
914
914
930
927.282
984
985
975.356
992
969
961
959.802
969
968
946
945
984
977
961
984
985.828
975.781
969
984
980.788
953
922
914
914
875
883
886.591
888.168
888.815
906
916.114
921.393
945
945
961
961.256
953
938
953
951.261
930
891
898
891
893.773
914
922
924.266
925.693
930
927.594
923.063
922
918.527
930
927.223
924.826
914
930
906
906
907.719
914
912.715
883
897.525
906
883
906
903.043
930
921.983
919.71
953
945.371
961
961
930
938.206
914
906
875
852
859
860.936
865.073
870.227
922
936.798
945
942.123
945
899
898
875
868.846
851
844
836
844
848.158
855.207
883
898.612
914
914
914
908.048
891
914
906
902.299
899
906
922
906
906
883
875
867
844
859
836
836
836
828
830.005
843
821
828
828
867
898
901.265
875
883
875
875.031
883
880.571
914
945
961
953.663
969
953
953
938
931.768
928.406
961
961
953
946.779
945.898
1008
1000
992
1008
992
1000
1000
993.862
961
984
977
992
992
1008
992
991.759
1039
1070
1047
1047
1000
1001.91
1000
1008
1003.33
992
969
992
977
984
1000
996.239
1008
1005.5
992
992
985
986.503
977
978.938
977.692
978.157
1039
1028.97
1022.35
1024
1047
1044.09
1031
1008
1039
1031
1039
1030.32
1070
1078
1094
1055
1053.68
1039
1062
1055.46
1047
1047
1039
1039
1008
1013.48
1047
1078
1070
1058.54
1052.68
1078
1055
1078
1071.12
1065.32
1059.99
1078
1071
1062
1047
1008
1062
1055
1055
1078
1070
1086
1080.71
1076.39
1078
1102
1092.44
1117
1125
1117.69
1114.86
1086
1055
1070
1047
1063
1060.97
1078
1075.26
1078
1070
1086
1055
1101
1055
1063.22
1064.57
1070
1047
1056.44
1056.79
1086
1031
1063
1039
1045.5
1047
1047.92
1049.3
1050.54
1051.93
1055
1000
992
969
969
970.642
953
969
969.418
972.156
984
1000
1000
1006.8
984
969
992
953
961
992
969
975.446
979.281
1008
1031
1025.83
1000
984
985.945
977
1000
1000
996.49
1000
1023
992
1023
1016
1039
1031
1025.17
1062
1049.16
1070
1055
1062
1039
1039
1047
1039
1016
1031
1039
1039
1047
1016
1026.02
1047
1039.76
1070
1057.94
1054.13
1031
1038.46
1039.34
1070
1039
1040.04
1070
1016
1032.32
1008
1008
1031
1027.38
1039
1033.11
1039
1039.74
1038.05
1024
1062
1047
1047
1044.35
1039
1047
1043.31
1000
1000
1008
992
1000.21
1023
1019.75
1008
1000
1008
992
1000
961
992
988.229
961
972.831
1023
1014.3
1008.98
1054
1032
1062
1039
1047
1043.31
1039
1034.67
1047
1039
1070
1059.13
1055.78
1078
1039
1048.51
1045.46
1041.08
1038.33
1047
1041.69
1039
1047
1042.66
1039
1039
1055
1047
1046.47
1078
1078
1078
1075.19
1078
1075.48
1073.31
1071.27
1070
1086
1055
1060.73
1061.15
1008
1039
1031
1008
1019.19
969
993.602
1015
1007.76
1012.97
1055
1047.22
1023
1016
1020.62
1031
1016
961
1031
1039
1055
1070
1031
1016
1015
1015.94
1008
1008
1000
1005.41
1016
1012.22
1006.99
1008
1023
1023.92
1018.13
1000
1000
969
978.608
969
971.814
977
969
953
984
969
972.951
974.975
1039
1031.38
1025.68
1000
1000
1000
977
978.646
992
969
992
969
953
992
969
992
992
992
1008
1008
1008
1000
1000.69
1000
996.406
1015
1016
1016
1012.25
1008
1023
1008
969
981.696
981.786
1016
1031
1039
1000
992
977
976.862
992
984
969
992
985
984
1008
1007.45
1003.87
1039
1039
1031
1016
1031
1000
1000
1008
1003.87
1031
1016
1013.76
1014.76
1055
1045.82
992
1016
1023
992
1000
1000
1000
1016
1008
1023
1020.18
1024
1031
1016
1015
1018.07
1016.79
1013.38
985
996.369
945
930
883
886.954
886.649
906
916.981
938
992
992
996.77
945
914
915.623
883
867
851
850.677
813
820
820
805
789
797
797.11
799.291
781
766
767.901
781
766
781
782.039
781
785.173
812
814.275
818.75
826.463
832.682
820
797
797
798.106
758
781
797
805
797.234
805
820
813.085
806.79
808.392
758
750
742
750
751.654
781
793.995
781
766
758
765
766
773
776.105
778.591
780.158
789
797
781
781
812
811.875
805
796.846
793.343
797
795.439
789
758
773
766
767.166
773
789
789
789
805
797
828
805
799.143
844
844
867
844
859
836
836
836
831.216
828.199
826.213
914
969
953
969
961
950.039
899
892.947
860
851
848.855
805
805
820
829.557
852
898
883
881.089
922
930
945
953
969
969
945
953
899
892.13
859
854.883
852
844
849.11
852
859
875
891
945
922
921.386
922
937
914
891
922
925.567
914
909.245
914.782
917.804
912.538
907.428
969
963.779
961
947.884
953
977
964.196
1039
1008
1039
1055
953
1039
1078
1037.58
1023.87
1094
1069.82
1044.95
1055
1056.25
1078
1055
1070
1069.21
1062
1086
1086
1109
1024
1049.93
961
985.518
875
875
852
992
1000.35
1012.19
1015
1055
1078
1008
1026.13
1030.54
898
883
875
875.67
867
844
844
836
851
797
852
867
875
875
879.256
922
906
922
867
875
877.619
891
883
906
891
898
883
875
867
867.012
864.696
863.604
864.132
864.235
865.287
865.19
906
895.265
883
875
867
859
852
850.774
867
867
875
891
867
914
922
922
915.212
914
906
899
914
910.494
929
899
900.515
900.659
922
915.673
922
899
929
922
922.081
919.402
930
945
938.58
933.947
922
923.671
961
953.658
1000
986.687
1000
992.706
953
953
961
914
977
984
1016
1001.14
1039
1030.78
1031
992
977
977.096
922
932.528
930.822
931.656
860
859
859.782
891
898
908.777
852
859
906
930
953
952.359
953
955.389
930
953
953.841
914
916.363
992
969
1000
1000
1008
992
984
1000
977
984
985
976.963
1008
996.739
1008
1000.51
997.09
1039
1008
1070
1016
1039
1062
1055
1047
1044.89
1045.02
961
989.581
953
956.369
945
948.296
945
953
922
922
914
915.85
961
992
938
961
937
941.061
976
971.71
973.526
1016
1055
1062
1078
1070.86
1065.2
1023
1018.55
1016
1039
1016
1013.87
1016.47
1031
1027.75
953
930
937
961
969
984
986.954
992.33
996.484
997.197
945
922
922
898
867
899
953
975.272
1016
1027.23
1062
1047
1039
1047
1055
1062
1047
1039
1016
1008.29
1001.79
992
988.425
986.963
969
961
961.268
945
930
931.274
914
916.569
914
922
922.072
922
891
903.054
902.528
914
914
914
922
922
914
922
923.405
926.244
860
922.509
836
902.092
805
888.259
877.825
874.829
797
842.63
842.163
838.516
838.571
844
828
828
834.5
834.233
834.177
906
885.262
867
883
883
898
883
884.311
883
852
859
859
860
890
930
913.422
906.494
946
976
985
1000
987.729
953
947.259
946.821
953
922
920.87
899
899.253
897.853
922
925.538
945
1000
1055
1039.06
1101
1055
1035.08
1024.51
1008
994.778
985.648
978.925
973.283
922
925.435
914
906
891
892.427
892.624
953
973.196
978.22
1109
1086
1055
1039
1028.33
1015.21
930
906
898
922
930
961
953
953
922
953
969
1023
1016
1031
1018.77
1000
988.872
1000
984
974.717
961
945
943.887
943.806
944.626
946.181
1016
1039
1070
1055.04
1040.96
1029.54
977
961
953
949.545
951.215
1109
1086.52
1101
1078
1064.05
1078
1117
1094
1079.22
1086
1084.38
1078
1055
1047.81
1042.83
961
992
1047
1062
1071
1065.09
1063.15
1059.66
1051.81
1086
1079.5
1070.4
985
953
937
936.668
883
867
867.933
867
869.185
872.33
828
839.516
836
839.276
841.371
844.131
828
836
836
844
859
852
859
836
875
898
860
867
875
878.473
969
1016
1062
1033.61
1017.01
1006.04
995.405
992
938
937
891
883
884.367
867
872.368
875
914
961
969
965.835
969
969
945
930
914
906.473
875
875
867
836
828
827.7
827.693
859
852
898
922
914
922
924.439
875
875
875
871.694
859
863.97
836
828
836
836
875
887.165
890.936
883
914
914
914
906
899
892.818
914
907.692
930
914
914
914.628
906
905.465
902.334
906
899
914
906
906.287
922
898
901.14
875
867
891
898
922
953
946.952
943.435
1008
1008
1000
1008
1000
976
961
922
945
961
938
992
953
954.785
957.65
945
943.56
953
938
937
914
919.153
945
977
968.539
964.194
1031
1070
1055
1039
1094
1039
1031.41
1033.04
1039
1027.28
1022.19
1024.23
1022.34
1008
1039
1040.78
1008
1010.84
1017.09
1012.75
977
992
997.933
953
945
922
924.123
924.206
977
992
994.695
1039
1039
1047
1044.72
1039
1031
1031
1000
977
977.454
961
1008
1023
1008
1012.48
977
969
961
945
922
924.489
930
992
992
1008
1039
1055
1031
1000
1008
992
985.372
976
975.343
945
969
973.795
984
922
914
906
883
891
892.885
896.272
899.765
902.995
953
937
940.876
961
961
922
928.202
883
890.391
883
898
930
939.986
942.42
969
922
924.485
927.002
922.164
898
903.103
905.128
906
945
961
969
961
952.577
961
953.12
945
945
930
925.812
899
906
922
922
923.462
924.83
969
967.524
961.257
1039
1023
1008
1008
1000
1015
1004.95
997.362
1008
961
953
955.787
891
929
922
914
920.212
953
950.035
1031
1019
1047
1024
1019.79
977
984
953
953.103
945
945.17
961
961.517
953
977
945
954.689
984
961
969
992
969
976
973.269
969.736
930
906
909.321
938
944.922
992
969
984
977
971.687
1008
1023
1016
961
992
992
985
979.719
982.942
930
922
930
937
922
914
945
954.598
930
933.569
944.092
992
984
977
961
945
946.825
930
927.961
928.778
931.207
875
891.765
883
922
931.62
976
1008
1039
1022.78
992
984.012
930
945
941.5
914
918.5
920.748
922
922
914
898
883
883
906
913.078
922
926.045
922
922
906
906
883
875
875.024
875
877.905
881.148
883
887.466
906
883
922
984
972.406
1000
1078
1039
977
1078
1078
1031
1023.6
1033.9
1029.93
984
961
970.322
945
940.763
942.9
969
971.333
966.272
985
984
977.509
930
945
922
945
930
930
945
951.458
948.101
948.891
937
941.949
922
926.506
927.949
929.944
914
914
953
952.926
914
867
875
879.218
922
945
969
961
1000
992
1000
969
969
964.46
922
906
860
859.945
860.804
891
922
937.493
992
977
970.789
953
941.686
929.157
918.777
912.08
937
922
922
914
913.106
930
976
1000
985
1000
1000
992
980.763
961
961
955.303
949.128
992
992.702
969
966.122
968.596
938
939.672
969
992
1023
1039
1024
1000
1031
1016
1008.21
1003.24
976
969
968.084
1000
992
985
986.078
969
953
906
891
890.572
892.542
953
946
952.585
959.806
966.563
969.006
1000
1004.94
1002.35
953
960.186
961.61
992
992.434
961
958.664
945
940.942
937.797
938
953
930
933.337
961
965.354
945
922
926.102
929.103
875
875
883
888.933
953
984
978.681
906
883
886.649
844
836
828
828.55
836
841.991
875
894.392
904.895
914
918.383
906
875
883
882.747
883
906
912.31
867
870.817
875
891
906
914
930
923.868
984
961
948.024
953
945
933.114
914
961
953
977
960.622
922
922
924.666
891
906
914
914
910.159
922
953
953
1000
1008
990.283
981.148
975.196
964.495
930
953
953.532
953
961
962.258
945
914
920.082
930
945
944.16
922
945
922
922
921.766
921.845
992
1031
1008
992
938
937.97
922
922.712
945
961
960.566
961
950.995
945
953
946
945
945
946
953
951.017
961
945
961
930
933.146
931.728
929.534
929.666
883
920.684
898
901.632
906
930
923.03
969
1000
1000
961
961
992
961
930
906
906
907.7
875
852
856.729
858.557
828
844
867
872.518
875
914
922.65
945
969
953
945.234
985
984
970.726
969
961
955.159
953
938
935.8
934.155
953
949.087
946.889
947.18
969
961
930
935.731
934.911
931.326
928.562
977
972.914
992
992
1016
1000
1023
1039
1008
1023
1016
1000
1039
1029.9
1000
1039
1000
1000
992
977
981.589
980.686
977
992
976
977
953
953
953
951.971
945
953
951.7
945
930
936.611
984
969
961
961
965.355
961
953
937
899
905.186
906.072
953
966.323
966.8
891
902.485
906.624
899
875
859
852
875
886.405
891.48
937
930
925.985
922
922.352
921.369
906
899
898
883
883
890
875
878.755
875
891
898
898.495
897.332
930
945
938
953
947.363
953
945.181
914
914.616
945
930
929.102
961
958.675
992
980.86
992
986.789
969
969
984
961
962.154
938
976
938
976
969
965.073
965.426
976
961
963.994
964.13
953
956.012
955.102
952.755
952.848
952.961
938
945
944.272
943.195
944.798
977
967.906
969
992
961
969
969.115
961
906
927.598
906
914
953
953
954.06
984
992
983.545
992
992
977
992
977
968.955
969
984
969
984
985
984
992
977
1015
1005.03
999.396
998.022
961
961
960.195
957.696
992
961
961
963.366
969
968.328
969
992
989.892
987.784
1015
1024
984
987.21
961
945
930
937
922
945
930
930
933.462
922
875
883
875
876.84
867
867
891
875
882.86
898
907
929
914
920.873
898
903.039
844
836
835.859
797
797
789
789
797
812
822.399
828
837.085
813
828
828.792
829.472
813
818.418
819.671
828
813
820
805
797
789
781
783.087
758
767.875
764.591
750
750
742
743.526
750
748.521
781
758
797
789
828
821.682
822.282
891
878.244
891
882.235
878.398
914
898
891
914
911.142
922
922
920.729
930
914
938
945
953
922
883
922
929
918.687
968
955.802
949.629
969
961.018
1016
1000
984
977
977.987
945
953
914
922
883
889.079
890.099
892.034
992
977
992
992
983.811
961
958.379
977
976
930
914
906
891
914
883
906
910.312
915.476
918.598
906
914
930
929
961
946
942.095
969
965.747
961
938
945
922
914
906
883
891
890
875
860
864.61
863.35
867
836
852
867
898
901.762
905.62
910.64
961
992
953
961
930
914
891
875
875
876.923
875
906
883
883
898
922
891
859
862.514
865.77
867
883
906
908.956
883
883
883
867
859
844
875
953
942.381
984
974.374
960.593
953
943.535
906
897.385
891.316
885.205
859
860.365
867
873.059
879.077
883
898
901.792
875
867
875
875
876.6
883
884.503
922
930
922.29
922
914
930
926.366
914
910.868
914
899
937
930
953
941.62
930
930
928.968
906
907
906
867
875
875.827
867
875
876.266
953
943.654
939.345
922
922.797
914
891
898
875
877.263
878.324
878.521
890
907
912.379
912.938
953
938
968
961
952.1
844
863.637
868.852
870.832
875
860
865.103
875
875.445
883
885.027
875
880.26
875
867
860
898
875
914
914
961
1000
985.759
973.444
867
881.066
859
862.043
864.266
883
875
880.115
883
884.606
906
914
899
898
891
883
883.04
880.477
880.172
828
850.54
828
844
906
910.031
910.09
910.114
961
953
945
906
908.125
907
914
914
914
922
919.797
938
932.689
922
930
953
930
927.766
945
940.514
914
914
899
895.989
906
930
928.487
923.05
938
953
961
945
930
914
912.984
898
875
875
875
867
867.963
875
867
870.72
860
898
891
875
914
906
922
961
961
914
918.037
914
922
930
925.788
1016
1015
1047
1028.71
1086
1076.67
1125
1112.39
1103.63
1103.16
930
906
907.987
911.744
844
859
844
883
859
867
852
867
868.457
883
883.913
883
891
892.351
875
881.235
875
875
878.504
859
859
836
836
844
875
875.249
877.317
922
916.888
914
909.118
914
906
899.257
836
846.046
836
867
877.716
875
883
867
863.439
859
875
875
844
875
876.261
873.478
844
859
861.421
858.645
914
890
860
914
875
868.88
867
836
850.234
797
811.822
797
789
789
797
797.78
781
789.972
797
828
836
841.325
891
890.413
922
953
945
936.8
932.883
922
937
922
953
969
961
957.429
958.98
959.728
957.929
883
867
844
843.94
845.837
849.8
906
938
940.311
1000
997.408
981.648
973.969
992
983.461
974.295
937
883
882.132
890
901.46
906
914
930
945
945.828
930
922
914
906
891
914
918.448
891
906
909.967
914
930
930.488
992
989.737
961
992
961
961
961
949.765
922
925.879
922
922
922.456
922
953
891
945
961
950.117
1000
1078
1039
1070
1047
1055
1039
1039
1016
1000
1031
1023.86
1000
1031
1047
1070
1008
1000
953
930
930.648
929
899
914
906
883
898
852
859
859.273
844
859
852
883
884.957
899
906.09
906
911.605
914.86
875
844
836
820
797
797
797
820
820
852
864.227
922
923.937
922
906
883
875
867.451
844
842.358
828
826.322
812
797
797.83
789
789
766
769.03
758
773
775.411
780.053
766
797
797
820
827.001
836
859
836
844
828
805
820
816.306
797
805
867
883
869.072
844
836
859
852
867
867
859
836
844
836
830.19
883
922
969
992
992
969
956.401
930
945
941.533
922
891
867
875
914
875
875
883
898
900.524
898.302
895.783
867
867
868.077
883
875
906
961
959.573
946.685
976
961
949.621
941.191
875
891
898
891
898
906
922
930
922
976
930
925.511
929
907
945
953
939.849
961
961
945.845
922
929.275
926.568
891
875
881.016
969
984
1000
969
962.735
992
984.287
984
977
971.294
964.675
956.96
969
992
984.205
1015
1000
993.088
984
945
938
969
972.902
973.765
937
936.413
940.154
906
969
1047
1031
1008
1000
999.785
991.984
985
1023
1008
1008
1002.39
1023
1000
994.388
1000
961
1000
1047
1030.72
1078
1064.97
1094
1078
1086
1078
1071.12
1065.81
1059.49
1055
1039
1062
1047
1070
1061.28
1039
1000
1010.18
1008
1008
1078
1039
1070
1063.62
1070
1063
1031
1047
1042.71
1070
1062.89
1070
1094
1078
1078.63
1078.62
1070
1032
1054
1047
1047
1048.05
1039
1047
1039
1040.78
1040.37
945
899
922
933.7
820
813
816.355
817.784
789
797
781
789
774
783.182
786.236
836
841.078
846.931
875
844
828
835.582
805
820
805
810.289
813.722
818.138
875
906
900.531
922
914
903.501
914
914
906
899.776
895.044
883
877.852
873.747
883
906
905.905
904.025
922
945
938
931.48
926.252
938
945
936.45
883
875
883
898
891
888.076
891
899.015
922
961
961
1000
993.593
1039
1086
1000
995.143
1002.72
946
953
955.028
930
906
953
1008
994.011
1031
1047
1027.99
1016.59
1015.05
1055
1047
1039
1033.54
1027.58
1018.38
945
985
1015
1024
1008
1031
1094
1072.42
1102
1109
1092.59
1081.15
1086
1077.78
1063.99
1057.85
1063
1023
985
1000
992
1000
1000
1039
1047.28
1044.08
1044.33
1016
1018.26
1023
1019.93
1078
1039
1086
1047
1078
1078
1047
1055.59
1063
1039
1062
1032
1062
1055
1051.08
1047
1023
1024
1024.33
1031
1039
1047
930
953
937
941.911
944.208
947.39
1071
1062
1060.61
1078
1086
1079.23
1070
1063
1059.62
1086
1093
1102
1094.55
1090.52
1094
1070
1055
1078
1072.62
961
961
992
1047
1047
1043.39
1055
1047
1023
1000
1004.08
953
953
945
938
953
953
1086
1023
1024.79
1000
985
984.355
945
922
914
945
946
976
1008
1008
1039
1031
1016
1031
992
969
961
914
883
883
882.782
922
945
969
981.421
984
977
974.833
970.046
969
953
949.617
914
914
914
915.685
930
945
938
961
945
961
957.248
961
956.359
952.292
961
930
922
922
914
945
961
962.802
977
1000
995.266
953
956.178
930
927.984
914
915.267
914
915.461
917.798
883
867
868.426
868.942
828
820
836
844
875
885.177
891
914
937
930
953
953
938
936.502
891
883
875
883
890
891
906
914
891
906
914
883
875
875
906
883
891
898
891
898
898.225
895.001
898
899
898
899
898
906
899
898.067
898.662
859
875.343
876.89
875
899
906
914
911.246
910.365
930
961
952.22
945.366
922
820
797
797
820
813
859
883
922
945
922
918.007
914.844
891
890
860
859
836
844
859
852
867
871.921
873.95
875
906
883
906
914
906.032
930
921.196
953
961
949.705
944.009
961
961
969
961
953
953
938
940.029
883
891
922
945
922
924.38
953
948.753
943.95
922
930
937
932.136
945
946
953
984
969
960.594
961
957.425
948.876
943.232
944.23
1031
1008
987.646
981.225
1008
1031
1000
961
969
953
961
957.228
984
1000
993.689
985
981.876
1008
1006.93
1023
1016
1008
1003.3
1016
1013.16
1047
1031
1020.99
1015.04
969
961
945
914
914
891
906
914
914
930
930
936.393
937
941.213
922
953
949.988
951.795
906
920.313
875
859
852
828
832.36
828
797
797
789
790.038
790.769
766
775.392
758
758
758
781
789
820
833.94
836
875
844
851
813
820
818.405
797
781
797
797
797
789
820
821
828
836
859
851.622
845.149
841.365
836.44
830.627
875
863.307
854.648
836
820
820.56
789
794.35
758
761.66
781
787.274
773
779.564
782.524
805
806.796
809.044
883
890
879.298
875
867
852
844.516
836
829.786
805
828
836
859
854.586
914
906
893.197
884.926
876.443
906
883
891
886.757
879.666
873.602
875
875
867
863.463
891
929
930
969
992
982.275
984
930
926.202
961
945
938.273
922
945
969
992
978.78
1078
1064.68
1016
1000
984
977.266
977
953
950.972
930
929.031
953
953.568
945
953
959.429
961.408
953
1031
1016.87
1070
1055
1037.7
1039
1031.45
1008
1000
969
964.142
962.171
962.438
977
1000
1078
1031
1016
1000
992.209
1031
1047
1000
1000
961
930
945
969
1031
1070
1094
1094
1109
1063
1078
1039
1008
1031
1034.46
976
980.815
1008
1000
984
953
963.65
1047
1043.98
1086
1070
1060.75
1057.82
1117
1125
1086
1075.31
1062
1047
1042.33
1038.41
1037.54
1063
1054
1055
1125
1070
961
975.449
1000
1078
1071.54
1125
1118.99
1094
1086
1094
1109
1092.03
1117
1071
1031
1008
1039
1031
1032.82
1000
1008
1031
1033.11
1031
1008
1014.88
1024.4
1047
1078
1065.96
1047
1047.57
1056.27
1063.52
1047
953
965.619
970.605
1070
1070
1071
1055.04
1047
1070
1047
1035.03
1025.54
1102
1094
1101
1081.94
1101
1086
1076.9
1064.25
1086
1063
1078
1072.29
1062
1086
1063
1109
1055
1061.36
1062
1047
1078
1068.14
1065.33
1070
1039
1000
961
1000
1047
1057.86
1065.39
1071.87
1109
1102
1125
1078
1055
1062
1055
1039
1031
1055
1031
1000
1008.92
1000
1023
1000
1005.62
1016
1019.35
1016.73
1047
1078
1078
1109
1063
1039
1039
1023
1032
1062
1055
1047
1047.71
1055
1051.93
1039
1062
1062.99
1078
1047
1070
1086
1063
1101
1095.12
1082.01
1078.14
1070
1063.97
1060.34
1047
1049.07
1078
1078
1039
1049.81
953
1000
999.145
999.748
1008
1023
1024.41
1008
1008
1015
1024
1062
1058.4
1031
1037.19
1031
1008
1039
1047
1125
1109
1086
1203
1179.98
1156.92
953
922
914
937
956.747
914
914
926.234
953
957.477
961
985
995.479
1039
1024
1047
1051.41
1050.86
1016
1014.93
1017.44
1008
1008
1007.28
1023
1031
1028.94
1023
1032
1031
1039
1039
1031
1094
1086
1071.94
1109
1063
1031
1033.88
969
1000.75
984
961
969.698
972.384
938
961
976
973.881
979.309
945
1000
1008
1003.07
1016
1016.41
1023
1008
1008
1010.11
1016
1011.2
1011.59
1000
1008
1000
1008
1000
1008
1004.57
1000
969
922
945
944.592
992
1008
1009.82
1011.64
1008
1008
992
992
985
981.555
1000
1001.28
1016
1015.93
1023
1024
1020.8
1018.79
961
953
961
964.16
977
983.152
992
993.19
1016
1015
985
990.174
1008
976
984.868
945
984
977
977.111
979.732
969
961
953
922
914
914
914
891
898.913
875
875
852
856.983
875
875
914
922
930.998
938.169
943.86
914
844
851
844
836
841.617
828
836
820
805
808.414
808.324
781
790.044
789.944
742
742
741.42
742
744.639
734
750
750
756.56
797
804.697
814.754
859
875
844
848.283
836
828
828
824.172
820
797
798.234
820
836
867
844
839.206
875
836
835.079
836
828
836
820
805
805.591
804.678
750
750
750.305
751.722
755.195
760.228
711
703
711
712.666
711
715.696
719.178
711
716.919
718.92
703
711
703
709.205
711.284
734
727
774
781
781
777.204
781
758
781
766
773
774
773
789
774
789
789
789
812
797
797.192
805
800.957
812
806.555
789
805
789
812
805
828
819.281
836
831.584
813
828
844
859
849.732
914
890
891
867
844
844
836
820
805
804
766
777.485
774.993
776.621
750
758.814
758.315
781
780.51
820
805
836
859
844
844
846.2
820
820
819.916
816.699
797
781
797
773
780.442
797
795.199
820
820.303
818.329
828
805
828
836
828
813
812
797
820
805
805
812
805
812
813
820
805
820
797
797
789
790.672
790.521
790.313
758
750
751.746
751.104
727
738.216
739.506
711
719
734
742
750
758
758
763.691
758
758
750
773
750
735
742
741.004
711
719
711
726
719
703
719
718.944
750
781
766
789
789
780.794
776.406
758
757.841
754.198
766
773
898
883
859
847.752
836
828
813
804
805
800.014
795.127
820
828
883
871.591
992
977
992
1031
977
1031
1031
961
961
961
953
969
961
956.263
955.928
976
1008
1047
1070
1047
1055
1055.75
1055
1048.28
953
961
1000
1055
1070
1055
1044.82
1078
1055
1008
1031
1031
1039
1047
1055
1070
1047
1109
1024
1031.28
1034.32
1029.35
1055
1049.42
1110
1087.41
1077.29
1039
1048.27
1016
1078
1047
1070
1061.7
1086
1086
1093
1071
1074.96
1086
1117
1096.02
1039
1052.09
1054.25
1055.24
1053.86
1117
1095.64
1086
1083.4
1081.49
1015
1000
1008
1000
1004.67
1016
953
922
969
984
1008
1023
1036.66
1039
1047
1048.28
1039
1038.34
1047
1043.71
1023
1047
1039
1055
1039
1047
1070
1062.11
1039
1000
1007.81
1039
1031
1023.79
1021.98
1026.81
1055
1086
1073.62
1047
1045.03
1048.53
1078
1078
1064.41
1117
1055
1086
1023
992
1008
961
961
963.275
966.651
969.738
971.695
985
990.582
1008
1000
953
937
938.995
1000
1008
1008
1039
1039
1035.64
1030.95
1070
1078
1064.59
1094
1094
1070
1064
1109
1071
1109
1086
1081.14
1082.36
1094
1085.88
1080.78
1047
1054.32
1031
1055
1086
1086
1082.37
1094
1086
1080.89
1250
1086
1039
1016
953
953
961
966.843
1008
1023
1047
1059.09
1066.94
961
914
906
805
820.735
789
789
781
781
786.249
789.744
758
773
750
758
750
758
761.186
765.08
768.618
875
882.958
891
953
930
937
969
930
928.734
1015
977
965.613
965.484
1000
996.68
961
961
967.364
914
917.611
921.723
920.634
918.789
797
781
792.026
774
780.316
773
766
770.893
797
820
828
837.191
847.849
820
805
809.618
789
797
804
789
797
800.324
820
797
803.979
807.17
806.88
789
758
750
742
758
742
750
719
724.743
723.583
723.454
725.793
719
711
703
711
711
713.304
734
740.778
742
742
727
750
758
760.221
766
781
773
774
781
789
784.935
782
789
804
805
799.834
795.998
875
922
887.293
938
945
928.544
920.468
922
919.416
915.177
953
953
946.592
943.644
1008
1003.13
1000
1000
1000
1039
1033.42
1047
1031
1024
1023
1031
1024.25
1017.78
1086
1078
1062.53
1054.77
961
984
1008
1000
1008
984
988.378
1016
1016.44
1047
1035.93
1000
1004.89
1000
1015
1024
1019.5
1015.6
1110
1148
1113.92
1102
1133
1128.85
1094
1082.75
1086.27
1086
1086
1141
1125
1140
1132.23
1078
1055
1078
1070
1071
1068.81
1039
976
961
1016
1055
1064.29
1070
1078
1063
1070
1047
1086
1070
1071
1072.09
1071
1067.88
1078
1063
1070
1067.53
1047
1109
1110
1098.6
1101
1071
1086
1078
1072.72
1069.16
1065.69
1102
1078
1086
1078
1078.98
1078
1055
1086
1055
1062
1078
1069.47
1068.99
1000
1039
1031
1047
1041.85
1047
1086
1047
1070
1066.62
953
930
961
965.915
1023
1041.33
1000
1016
992
1000
1039
1034.53
1030.2
1078
1047
1078
1072.71
1060.26
1061.28
1094
1077.43
1078
1063
1078
1047
1062
1057.72
1055
1047
1031
1034.77
1039
1034.75
1035.11
1047
1044.03
1047
1070
1055
1056.97
1078
1031
1043.03
992
1023
1016
1031
1055
1052.02
1055.07
1078
1072
1068.97
1070
1063.07
1047
1050.14
1047
1000
945
951.076
953
984
977
990.002
997.868
1000
1016
1031
1008
1016.19
1031
1039
1039
1031
1031.12
1039
1055
1062
1055.06
1047
1046.09
1062
1055
1055
1109
1099.65
1063
1070
1070
1102
1094
1101
1063
1039
1043.67
1000
1016
1000
1003.27
1039
1045.84
1039
1047
1052.29
1054.82
1015
1008
1016
1018.52
1020.27
1000
946
929
946
984
997.605
1006.59
1016.49
1031
1032.67
1032
976
982.943
922
953
969
976
938
961
953
992
994.225
985.901
979.43
1008
1047
1015
1024
1047
1039
1023.49
1008
992
1000
997.394
1055
1031
1055
1023
946
945
984
992.574
1008
1031
1030.58
1039
1029.93
1055
1047
1062
1024
1031
1039
1008
1008
984
1047
1034.89
1008
1023
1008
1039
1031
1047
1094
1070
1094
1086
1078
1047
1008
1031
1039
1086
1076.62
1086
1094
1070
1086
1078
1068.66
1066.12
1059.77
1054.5
992
1008
1005.87
1000
992
996.553
953
962.38
976
969
976.263
1016
1047
1039
1047
1023
1026.21
961
977
975.705
1062
1047
1063
1062.7
1070
1047
1062
1055.1
1031
1031.27
1008
998.663
1016
1012.89
1047
1039
1008
1031
1008
1008.71
1010.7
1047
1031
1029.6
1008
1013.67
1012
984
969
971.468
1023
1024
1031
1016
1023
1024.75
1008
1023
992
1016
1023
1018.36
1039
1033.78
1030.14
1027.54
1039
1055
1044.94
1078
1047
1047
1047.17
992
1005.84
1006.96
1000
1003.4
1004.09
1024
1062
1031
1034.94
1031
1029.64
1026.7
1047
1042.91
1038.74
1039
969
984
987.305
986.691
1031
1055
1049.45
1078
1047
1043.59
1041.51
1031.99
1026.64
930
945
961
965.262
1024
1031
1047
1043.52
1070
1062.92
1047
1043.45
1039
1047
1047
1039.2
1055
1039
1037.17
1031
1047
1086
1070
1063.78
1039
1041.69
1047
1024
1023
1021.11
1018.16
1000
985
1031
1047
1047
1054
1054.1
1031
1033.2
1008
1031
1023
1024
1062
1058.11
1039
1047
1039
1039
1035.17
1016
984
969
992
1000.76
1023
1008
1013.48
1016
1000
1023
1021.98
961
930
914
929
930
930
937.626
969
992
996.457
977
1000
1008.24
1004.41
1031
1030.3
1015
1016
1000
992.71
1008
977
945
1000
1008
984
983.331
938
953
969
1023
1016
1039
1039
1039
1039
1047
1078
1064.45
1070
1063.85
1057.9
1016
1008
1031
1047
1039
1031
1047
1047
1047
1037.27
1039
1024
1015
985
987.05
986.177
930
953
953.87
957.353
969
1023
1039
977
992.139
914
920.83
920.087
961
953
938
948.832
953.309
1000
1008
953
961
953
977
976
1000
992.546
969
984
961
969
965.547
1008
1000.11
1016
1008
1015
1008.92
1008
1000
992
986.361
914
945
985
1023
1047
1016
1031
1039
1031
1016
1023
1016
969
979.249
980.206
1039
1034.3
1063
1062
1055
1046.31
1023
1055
1049.18
1038.28
1094
1086.68
1094
1070
1086
1079.68
1047
1070
1024
1028.7
1029.45
1025.38
1070
1062.02
1024
1031
1000
1031
1027.14
1029.26
1047
1039
1041.6
1055
1048.7
1039
1042.33
1062
1055
1047
1050.21
1062
1016
1031
1032.94
1028.58
1025.75
1030.98
1078
1024
1062
1008
1028.98
1031
1008
1047
1036.83
1031
1034.6
1031
1033.54
1034.78
1031
1034.02
1016
1027.99
1000
992
996.551
995.675
997.666
999.776
1039
1039
1008
1023
977
992.796
953
985
984
1000
999.671
1055
1015
1016
1018.42
1023
1019.42
1031
1027.2
1039
1033.95
1030.44
1055
1044.26
1031
1000
1016
1011.82
1009.08
1000
985
1015
1006.33
985
984
961
992
988.649
988.298
1015
1000
1016
1000
992
922
914
914.671
1000
1016
1039
1054
1048.67
1039
1016
1039
1039
1031
1024.94
1020.3
1012.96
1005.87
1039
1039
1033.61
1029.09
1026.49
1022.27
1017.01
1013.03
1009.95
1015
1012.19
1039
1039
1035.73
1055
1016
1039
1023
1008
1047
1031
1029.79
1047
1042.07
1047
1031
1024
1031
1029.18
1039
1031
1031
1032.4
1032.1
1031.34
1016
1000
1008
1000
1008
984
993.282
994.262
1023
1000
1031
1016
1039
1039
1039
1055
1031
1016
1020.36
1000
1023
1000
1016
1016
1023
1016
992
953
960.76
961
962.839
937
922
926.085
914
891
898
891
906
904.646
922
937
946.96
953
961
992
997.726
984
992
996.572
1000
1023
1016
1039
1016
1031
1027.57
922
922
969
967.571
967.501
1023
1031
1055
1047
1078
1039
1055
1049.47
1033.24
1039
1032.15
1019.27
1031
1039
1047
1039
1055
1078
1055
1070
1047
1070
1061.05
1055
1070
1047
1078
1039
1039
1031
1033.03
1034.19
1054
985
1022.28
1000
1031
1039
1055
1016
1031
1031
992
1008
1008
1008.06
1031
1024.36
1000
1000
1000
1002.74
1008
1005.99
1047
1062
1047
1047
1047
1031
1008
1010.16
1039
1016
1031
1031
1047
1047
1031
1032.81
1008
1024
1062
1039
1047
1044.84
1031
1024
1015
1008
961
968.115
992
998.404
1000
1007.3
1000
1002.52
1023
1022.82
1000
1005.66
1031
1008
1008.84
1008
992
969
961
945
942.384
922
953
1000
1010.46
977
985.448
977
976
971.848
953
945
953
957.107
984
996.336
1031
1016
1023
977
973.659
970.844
969
966.504
963.992
992
977
1000
996.613
961
965.072
984
981.173
1000
1023
1014.71
1008.41
1004.64
1015
969
961
961
960.085
984
1000
998.686
1000
1000
993.54
1008
1008
1000.7
1055
1039
1070
1055
1039
1039
1008
1023
1024
992
1008
984
988.52
1000
961
969
971.065
976
976.097
992
992
1008
1008
1009.01
992
997.981
992
991.921
991.487
1031
1000
1000
1016
1010.28
984
1000
1000
996.489
1016
1031
1047
1035.06
1031
1047
1040.47
1033.02
1031.15
1055
1047
1038.47
1047
1047.51
1039
1047
1086
1039
1008
1017.32
1023
1008
1023
1008
1024
1031
1029.03
1031
1031.36
1000
1012.81
977
1000
1023
1000
1031
1016
1039
1039
1008
1022.39
969
937
891
906
953
977
1031
1039
1034.49
1047
1039.25
1055
1045.35
1063
1062
1047
1045.1
1031
1047
1039
1031
1047
1024
1031
1039
1023
1032
1023
1039
1033
1030.73
1016
1039
1033.14
1055
1046.45
1039
1042.94
1016
1023
969
987.779
961
938
941.55
941.134
953
955.166
961.456
969
953
961.717
963.753
984
992
992
996.228
984
969
977
1000
992
1023
1017.84
1000
1000
1001.97
1023
1016
1005.12
1008
1000
1000.75
985
992
1000
1000
992
1008
984
985
992
953
906
912.468
875
875
906
913.514
953
969
1000
1002.24
992
1023
1000
977
983.233
980.115
977
975.854
984
1000
992
977
984
992
985
1000
995.865
992
1000
992
985
992
992
969
984
977
984
980.421
992
992
984
977
992
977
1015
969
992
988.763
945
945
899
929
928.006
928.736
933.089
969
1031
1000
1016
1000
999.601
1000
995.086
977
979.873
969
984
961
992
985.011
992
992
977
961
984
978.14
974.539
961
946
950.211
961
984
980.836
977.541
992
969
973.859
961
953
961
962.61
963.313
961.98
969
970.149
984
977
973.857
969
976
969
969
969
967.067
965.189
963.655
962.925
962.639
984
961
965.767
966.6
961
963.833
963.704
963.528
963.261
945
969
976
977
972.316
971.638
1000
990.023
992
989.327
984
985.297
945
953
954.392
961
1000
1000
995.199
992
986.207
961
959.536
938
961
953
945
948.478
945
945.279
961
961
992
991.688
953
953
930
931.673
961
963.268
961
959.932
992
1000
1000
1000
994.316
988.275
984
1016
1009.67
1000.49
992
953
969
953
955.26
984
981.185
1008
1001.91
1024
1031
1024.45
1054
1047.01
1086
1073.56
1064.17
1047
1043.1
1008
1016
1011.37
984
985
992
1000
992
997.518
999.06
992
969
914
883
867
836
839.697
839.991
914
944.38
953
969
953
953
945
945.435
946.19
947.054
948.479
949.635
950.244
1008
1016
1031
1039
1031
1024
1062
1047
1039
1032.17
1029.14
1039
1008
1000
999.763
996.255
993.628
991.826
992.493
994.281
1094
1062
1110
1092.47
1164
1133
1062
1016
1023
1021.96
1022.98
984
961
1000
1012.22
1023
1055
1062
1055
1049.01
1031
1024.57
1039
1000
1000
1001.98
1001.55
945
930
976
994.016
1008
1023
1016
1013.8
1008
1008
1023
1008
1016
1014.62
1000
1000.96
1015
1016
1023
1000
1008
1009.64
977
984
969
969
992
989.828
977
992
1000
992
992.789
992
993.191
991.738
1000
977
992
992
992
1008
1008
1005.97
1004.99
977
985.878
986.725
985.276
985.882
987.159
986.827
961
971.885
930
930
929
928.63
953
922
945
922
930
930.349
930
937
935.469
945
944.64
922
922
914
916.281
916.035
922
922
923.913
914
906
910.989
909.681
922
937
961
938
953
951.645
950.211
961
956.217
950.114
946.902
1000
977
1023
1005.77
995.94
992
1008
1008
1000
969
1015
1007.59
961
961
953
961
969
963.304
985
992
1000
1000
961
968.963
961
961
959.748
969
984
1000
984
977
984
987.001
982.523
961
969
1000
1023
1000
991.348
969
961
962.59
922
914
883
828
836
836
841.64
867
844
853.796
860.765
875
898
883
914
922
927.25
961
969
967.977
961
945
930
927.292
938
984
983.175
953
930
906
904.921
953
945
938
945
961
961.39
914
914
916.068
922
922.636
969
969.268
959.417
953
914
953
930
922
920.247
875
884.634
867
867
883
883
886.574
907
906
914
922
945
945.246
944.049
942.614
953
969
953
969
984
977.517
974.933
985
984
992
930
943.304
942.792
938.725
961
953
961
969
976
961
953
969
961
961
958.192
959.347
961
968
938
969
976
961
961
953
961
953
954.647
961
957.683
977
976
969
953
961
953
953
938
945
947.111
946.765
947.664
875
852
859
859
860
875
898
908.119
917.646
937
942.587
937
940.217
941.742
939.734
907
914
945
944.597
939.977
945
930
953
945
946
961
955.113
947.898
969
962.994
976
961
946
947.857
944.94
940.957
875
893.676
875
891
914
945
938
953
914
921.004
875
860
860.914
883
893.934
891
898
907
914
937
930
937
935.897
914
914.844
910.224
922
914
910.533
937
938
961
953
961
953
976
961
938
922
914
922
918.864
922
930
953
953
961
961
945
969
922
914
875
879.333
880.244
836
820
805
804
805
808.014
811.627
898
919.01
922
922
914
906
906
899
914
915.178
883
886.233
922
924.824
922
916.42
945
953
977
992
1023
1008
1016
1031
1008
1008
1003.52
996.102
988.885
930
945
930
945
969
953
957.41
945
899
929
930
875
894.591
875
875
876.743
875
867
883
883
890
893.576
897.027
900.577
898
914
914
915.892
875
875
914
905.212
938
922
898
891
883
885.068
875
883
883
906
906
930
930
937
928.882
919.888
912.283
891
886.091
899
914
906
900.897
891
889.072
886.904
852
828
828.067
828
828
836
852
859
875
906
899
906
914
910.1
904.682
859
861.739
914
920.878
969
952.912
940.723
992
985
969.448
1000
992
980.686
974.75
938
936.725
929
922
922
922
922
969
914
921.905
891
897.549
891
929
922
930
953
951.469
929
899
914
883
875
851
844
828
828
828.676
830.524
898
891
891
896.071
883
885.987
885.095
945
953
944.123
936.225
984
983.605
984
971.51
984
953
922
875
875.176
898
922
914
953
938
935.709
906
904.173
914
930
945
953
938
945
945
930
930
929
938
945
922
923.234
925.839
914
911.154
912.086
913.628
860
851
828
829.46
830.9
875
891.855
914
922
898
904.85
906.2
930
953
949.353
883
875
906
922
921.535
930
914
906
905.976
945
943.982
976
956.524
937.533
928.242
969
984
977
957.591
969
984
977
992
1008
992
977
1000
992
969
963.927
930
933.504
930
945
930
945
948.836
914
883
906
867
844
867
870.029
872.681
922
926.599
890
860
898
922
945
961
930
933.757
935.152
969
976
965.153
914
906
907.94
867
872.289
844
836
828
836
841.118
846.544
836
836
838.811
828
820
821
820
836
840.191
836
840.564
851
836
867
883
875
876.894
891
890.223
884.335
914
914
914
906.547
905.374
904.149
898
922
916.177
938
945
938.298
930
961
954.087
946.36
977
961
969
984
973.959
970.568
969
968.766
966.087
992
969
992
985.162
981.804
1000
1016
1007.2
1003.08
1004.38
1015
1009.35
1031
1008
1031
1024.55
1000
992
992
1008
1008
992
995.613
997.297
1000
1000
992
992
985
984
977
978.277
961
984
961
968.005
938
955.271
953
951.87
922
945
961
961
984
961
938
946.785
948.606
938
943.172
953
945
946
945
947.159
984
975.751
969
961
961
961
945
930
922
953
957.683
952.066
969
984
977
953
954.231
945
922
922
945
955.243
953
950.152
969
973.054
961
954.813
958.106
976
946
943.449
953
957.22
953
961
922
890
875
876.819
879.325
922
930
953
953
961
958.486
930
945
930
925.859
953
945
943.672
953
953
953
930
945
938
922
926.089
875
875
876.666
876.767
820
805
812
789
797
800.326
802.664
781
781
783.946
773
781
797
766
786.873
788.266
789
773
750
750
735
741.772
711
726.925
711
703
706.996
711
712.755
719
726
719
711
719
720.666
722.285
703
710.458
711
712.961
688
697.845
680
687
672
672
672
672
673.993
672
672
673.906
680
703
707.123
711
703
711
711
734
731.331
742
750
742
719
742
727
711
711
703
702.014
711
726
719
718.218
718.493
727
742
742
736.526
750
758
750.88
758
750
765
766
789
836
836
859
860
852.665
805
828
831.005
789
793.579
766
765.102
758
773
774
797
799.418
812
811.061
828
836
836
830.719
826.531
828
813
809.967
805
801.326
890
883
914
914
891
859
836
828
844
844.534
842.932
851
852
850.629
875
872.933
866.132
844
859
858.901
883
906
894.546
883
875
875
870.758
864.723
851
875
938
928.531
953
945
930
921.691
891
859
836
833.202
834.471
852
872.266
844
859
867.824
875
874.343
875
852
859
875
883
922
906
898
852
875
876.916
898
891
937
931.623
914
899
875
859
875
852
856.739
858.991
883
875
859
867
867
883
938
976
930
930
927.398
918.601
908.091
875
844
844.143
845.427
844
851
836
840.692
836
836
837.096
828
852
898
930
931.328
953
951.931
938
926.963
891
882.952
867
883
875
875
898
883
882.27
867
875
883
883.311
891
889.073
875
852
867
875
873.101
891
898
852
862.46
859
861.578
836
867
875
922
912.075
904.868
883
906
875
874.99
876.264
874.616
907
890
860
867
867
875
883
879.814
890
875
875
852
867
863.535
862.521
859
852
867
891
906
902.21
930
945
938
953
930
945
914
913.365
910.151
906.048
875
906
900.165
938
992
984
969
953
938
929.163
961
955.716
1000
988.538
977
970.962
961.959
969
984
961
961
961.065
961
953
949.746
961
984
978.66
977
971.679
992
992
1000
969
966.456
930
914
922
883
889.02
898
914
921.996
914
907
890
894.802
867
860
859
859
861.432
860
867
870.006
874.664
879.387
884.347
875
875
852
851
836
844
845.194
891
914
915.163
969
953
922
953
938
953
914
914
920.232
919.091
922
906
922
922
922
922
918.962
918.652
917.197
867
867
891
893.304
946
968
985
967.282
977
972.681
930
930
925.656
916.871
899
914
914
922
923.578
922
921.236
992
992
1000
969
953
930
920.998
914
910.595
867
873.827
883
891.421
898
905.62
922
928.942
891
875
877.253
907
917.138
917.877
836
836
841.898
850.079
855.708
852.913
836
852
867
875.468
875
922
924.39
912.072
922
953
930
945
922
898
875
875.766
859
858.017
836
844
836
851
844
875
867
883
867
844
859
860
875
873.259
891
892.342
906
914
912.99
875
883
883
890
860
859
860.919
860
859.672
859.261
898
907
906
897.544
914
883
906
914
903.854
898.932
922
916.108
938
925.585
919.572
921.705
891
875
875
867
852
855.388
867
872.661
844
859
861.763
867
844
859
860.591
844
875
883
922
945
953
945.048
938.932
961
945
930
931.617
928.272
914
922
914
922
917.162
922
918.673
914
913.978
906
899
899.815
898.592
914
910.345
961
954.118
914
922
945
922
927.005
938
945
930
922
945
941.395
953
961
950.144
922
929.386
922
945
938
953
949.878
945
930
953
949.101
891
875
898
891
914
922
937
953
930
930
945
922
953
969
922
932.109
930
914
914
906
914
914
891
875
867
844
836
836
836.415
828
820
813
828
828
836
840.829
846.278
844
828
833.538
867
872.181
867
844
836
867
852
843
844
813
859
859
852
875
875
898
886.958
891
867
875
874.824
871.063
883
875.33
871.852
937
883
884.363
969
1000
950.704
940.146
992
977
984
992
982.395
1000
969
953
956.711
952.671
914
920.727
930
930
937
933.797
930
930
945
930
930.347
922
898
901.687
860
865.99
865.475
867.35
906
914
922
930
933.916
922
914
898
875
875
883
852
861.236
836
852
859
867
871.33
867
871.081
867
868.657
844
850.825
847.708
845.603
836
838.859
851
844
867
867.15
869.929
867
844
859
855.196
844
836
836
835.891
813
836
820
823.253
836
832.009
875
867.528
865.369
891
885.203
898
860
868.512
828
797
800.439
789
781
781
758
766
765
766
797
828
836
844
848.158
899
906
914
904.322
859
856.003
851
852
859
857.797
857.75
890
883
891
890
884.285
880.24
875
875
867
863.056
836
838.469
820
789
792.429
790.259
766
773
774
773
758
764.664
764.285
766
767.667
769.474
771.746
758
781
781.866
859
906
930
930
929
930
891
906
898
891.37
860
857.25
836
867
836
859
861.398
851
844
836
835.959
852
875
859
860.599
859
856.495
867
875
875
883
875
867
869.656
844
844
828
829.381
836
859
875
883
906
914
899
906
914
883
898
875
860
898
896.329
914
891
892.728
875
871.437
867
863.668
906
906
902.422
883
884.949
882.244
875
898
922
922
953
947.654
930
945
930
922.798
945
930
925.618
922
914
945
930
945
939.347
938
935.519
932.34
945
938
906
922
914
906
914
913.235
913.101
922
922
922.831
914
914
914
891
900.829
844
888.057
836
861.975
883
875.791
922
906
911.133
883
883
883
883.132
922
930
926.861
953
969
953
945
953
947.965
961
954.401
952.913
922
930
937
929.413
926.68
953
953
930
953
961
930
945
922
920.226
920.946
920.257
918.119
930
914
914
914
914.054
913.989
914
916.328
916.18
914
922
930
914
945
899
919.424
875
875
878.699
906
900.173
899.756
903.101
945
937.287
914
917.4
875
852
854.243
867
875.669
852
898
922
919.012
913.358
922
898
875
860
890
899
937
946
984
976.375
945
938
931.655
920.201
910.597
945
945.054
937
930
928.818
937
932.048
925.617
922.91
953
948.75
941.908
930
930.819
914
911.505
922
920.786
929
891
883
884.401
891
922
937
930
926.711
930
922
919.407
813
844.545
859
865.295
844
857.433
866.582
867
852
859
875
877.389
867
870.571
875
891
875
890
891
906
891.996
890.982
836
857.283
859.468
860.414
945
969
976
969
961
969
953
942.288
953
953
977
969
992
976
972.121
969.478
963.191
961
956.718
954.703
961
930
945
953
945
961
956.312
945
953
951.019
946
937
941.74
914
891
895.925
891
898
922
929.449
953
958.451
945
950.909
953
930
938.427
945
930
936.43
914
906
908.377
914
907
945
969
961
953
953
944.637
953
938
937
883
894.756
894.669
891
914
914
918.345
922
945
938
953
961
953
953
953
946
968
938
942.852
940.975
945
969
961
960.248
961
984
977
969
968.957
938
944.334
938
935.262
934.259
977
945
947.172
948.345
948.914
930
945
914
922.161
923.772
914
922
921.142
922
922.707
883
875
867
867
875
875
879.908
914
919.303
924.034
891
890
891
906
906
930
945
941.901
953
953
953
945
930
930
926.551
875
875
875
914
926.869
922
921.845
930
914
909.156
937
907
914
916.658
922
953
938
953
930
914
945
937.499
945
938
937.423
945
940.378
938
953
930
933.283
914
937
930
953
945
946
961
953
945
922
953
953
953
946
947.105
945
961
961
957.993
969
976
946
951.147
930
935.062
899
906.157
899
914
913.833
875
887.451
889.34
922
922
945
938
953
945
944.845
930
931.661
922
922
919.793
961
957.204
954.129
950.831
945
940.354
961
969
1015
961
969
961
953
952.627
949.265
969
963.597
961
930
936.893
976
969
964.974
953
949.493
1000
990.081
992
970.878
961
953
959.354
953
969
961.042
976
953
946
898
883
883.496
914
914
921.112
927.003
953
961
938
961
976
975.115
961
953
961
961
969
976
972.2
992
1000
1008
996.945
1000
998.813
984
1000
977
1000
993.189
977
1000
994.185
988.934
969
969
992
992
969
1000
992
984
985
987.315
969
961
969
992
984.257
983.386
984
985.411
992
1000
984
992
961
930
906
883
883.817
898
922
969
993.515
996.778
992
984
977
992
953
956.676
959.384
958.479
957.342
961
969
969.049
969
1008
992
992
1008
984
1000
969
992
985.07
981.334
977
984
961
992
982.999
980.597
984
981.012
969
975.641
973.88
992
983.569
976
930
922
924.676
937
930
961
953
945
961
946
953
961
961
953
945
953
951.18
930
961
953
953
952.754
984
975.807
970.722
953
956.315
961
953
969
963.938
961.105
959.92
961.187
922
914
906
906.835
908.061
910.194
945
946
984
977
992
976
961
946
945
930
929.946
930.09
945
953
957.051
961
977
1023
1008
1001.44
993.987
986.48
969
969
961
976
977
1000
998.013
1031
1026.65
1031
1022.42
1013.7
1008
1000
1008
984
985.989
982.998
985
992
989.845
989.53
1000
1000
1008
992
961
969
961
968
961
977
976.6
984
985.64
976
938
945
938
945
914
930
922
923.141
953
961
984
986.586
984
969
961
955.913
945
930
931.674
922
922
922
937
944.17
938
941.8
977
980.425
984
961
961
953
946.58
942.259
922
921.106
883
914
945
953.444
961
963.249
969
961
953
961
961
961
955.733
953
949.848
976
969
992
985.608
1000
1000
1000
1000
1000
1000
992
992
985
984
969
970.455
967.995
992
969
992
986.648
984
984
946
945
891
906
906
908.989
930
984
1000
1001.13
1004.18
1000
992
1000
1016
1062
1078
1094
1000
945
930
922
922
937
930
945
946
950.232
953
953
1094
992
961
930
931.232
906
922
923.057
925.658
938
941.358
943.647
944.801
945.051
930
937
936.99
935.64
936.656
945
942.779
961
961
961
969
966.406
961
961
957.942
953
953.239
938
961
961
929
899
867
870.451
852
875
906
914
922
928.846
933.661
937.108
953
930
953
945
953
948.645
961
957.147
955.775
961
957.16
955.434
953
950.867
953
969
961
961
984
969
961
961
958.913
961
976
971.748
961
962.932
961
953
953
953.122
953
953.633
883
898
938.564
883
914
859
886.04
859
866.152
836
849.456
805
822.313
797
781
766
773
772.799
773.945
734
711
711
703
696
703
703.159
719
742
744.107
751.079
891
914
898
891
875
867
844
836
836
828
828
820
813
828
797
812
805
801.957
805
803.81
805
812
813
811.194
813
820
816.463
816.017
816.776
817.929
843
839.714
922
905.254
992
969
956.707
948.18
945
930
906
905.811
906.044
898
883
885.033
891
867
836
844.08
820
813
828
844
867
872.069
877.081
930
927.156
945
922
918.721
906
899.555
891
888.667
887.568
886.93
886.938
922
923.722
914
930
927.741
914
911.162
905.972
891
906
883
883
898
894.685
895.313
883
898
883
883
884.981
884.955
844
859
860.297
857.928
844
820
828
797
820
816.017
828
829.336
833.978
891
906
914
909.652
883
875
867
859
856.131
805
797
789
781
789
797
806.544
836
851.045
859.235
906
891
906
914
900.285
906
898
891
883.82
876.463
890
860
867
866.868
864.027
867
883
906
883
883
875
872.513
859
858.243
859
844
847.307
836
836.782
891
898
895.582
914
914
922
914
875
875
844
836
835.401
828
830.137
805
797
796.754
781
773
766
750
758
750
773
766
789
797.123
797
820
813
819.465
836
837.804
836
836
844
859
844
851
849.588
836
836
833.027
828
820
805
797
820
805
806.377
820
813
820
813
820
828
836
833.526
844
828
844
836
828
828
844
875
898
922
916.738
969
937
930
914
922
937
930
922
930
932.856
953
948.515
914
914
906
891
898
883
883
859
836
821
821.416
859
867
876.08
891
875
898
883
867
871.153
867
859
861.323
844
836
837.673
838.929
859
865.383
867
906
922
953
953
922
945
899
883
859
844
859
868.011
875.922
867
870.705
883
886.566
875
883
914
953
953
961
949.144
906
883
867
859
858.179
836
859
865.496
844
875
890
907
945
922
945
906
883
875
870.299
875
836
844
851
853.751
883
906
922
945
953
944.602
906
903.111
875
883
877.676
859
862.882
875
875
875
875
914
938
968
958.291
948.791
969
969
968
955.402
948.455
860
867
875
898
914
969
938
984
987.656
953
930
945
930
920.486
914
891
898
891
898
899.099
867
852
867
852
858.312
890
894.151
883
875
867
875
883
922
914
914.233
914
899
898.769
895.611
891.858
875
875.174
851
844
836
844
898
883
886.099
953
946.939
932.71
922
890
880.008
891
937
953
969
956.866
984
938
961
953
914
906
883
922
921.699
917.415
911.763
930
961
945
930
945
922
920.081
917.158
916.932
917.058
867
875
876.899
878.354
953
969
953
945
891
893.687
891
898
901.026
902.107
906
891
914
914
914
910.12
922
917.995
883
875
859
883
891
922
937
929.119
930
922.829
930
925.731
920.47
914
914
910.324
898
897.997
875
877.021
875
930
945
940.747
1008
992
982.375
992
1000
992
977
961
945
938.093
922
922
921.788
922
914
917.064
922
922
914
917.09
883
875
875.585
836
845.379
828
831.314
820
844
828
836
836
891
945
930
945
953
953
938
953
953
947.87
945.691
914
914
875
867
867
875
891
897.676
901.735
904.856
914
922
922
937
891
891
859
867
864.233
891
906
922
930
922
915.931
922
945
922
930
945
945
933.63
928.076
924.471
917.299
910.474
906.378
903.371
875
859
875
860
865.987
859
862.195
875
906
930
1000
969
992
990.558
969
992
1016
1015
1008
992
1016
1013.43
969
1000
984
979.481
985
945
945
922
922
922.257
922.324
922
937
936.813
953
953
961
963.184
961
953
953
930
934.01
891
901.319
875
875
875.776
867
871.697
873.391
906
891
898.47
900.574
890
883
875
875
883
880.646
883.649
886.091
875
906
902.207
953
953
977
1000
1000
1101
1008
1007.24
1008.07
961
953
955.113
953
950.176
883
883
906
915.199
906
908.223
915.489
907
929
938
945
930
953
953
945
938
940.033
914
937
934.101
922
929
922
914
930
922
945
922
926.454
922
922
937
931.515
914
906
891
914
915.376
906
891
875
878.708
860
864.068
891
914
914
945
938
936.248
930
945
943.129
922
914
914
922
919.277
914.34
911.165
930
933.234
930
961
953
945.619
940.974
945
930
961
945
941.596
945
914
919.987
891
898
914
922
922.539
925.282
930
929
928.613
927.643
925.952
924.003
930
929
930
922
924.847
906
883
883
898
902.673
914
891
906
891
875
878.042
898
906
899
906
883
888.225
889.542
890.938
875
883
885.151
886.594
884.612
945
936.974
930
945
945
928.635
953
930
953
953
942.078
940.983
941.942
969
957.799
961
969
953
961
958.508
955.329
961
922
922
945
935.992
930
930
945
922
828
890.846
890.663
883
883
883
883
890
891.017
875
882.639
859
867.08
868.217
836
836
828
805
811.541
813.041
851
852
858.679
864.633
898
875
879.53
882.261
877.502
836
836
837.919
839.515
890
914
891
883
875
836
837.686
820
816.991
789
791.378
792.453
789
791.792
794.059
795.81
781
758
761.402
750
751.634
719
734
711
703
688
692.569
703
703
706.749
712.527
765
789
805
809.844
836
859
844
852
843
836.555
836
867
836
844
867
875
868.097
863.254
864.486
883
891
883
898
875
874.992
883
877.595
875
875
871.714
869.325
867
864.701
844
849.224
836
837.313
875
914
930
917.028
922
922
930
945
938.306
932.584
928.424
923.17
1039
1055
1117
1016
992
1031
953
954.676
956.619
956.849
922
945
945
930
931.114
930
937
922
922
937
907
916.463
937
914
919.76
922.259
930
927.26
914
921.047
922
923.44
925.248
927.181
929.047
867
888.263
836
844
845.225
847.704
813
829.325
805
789
789
781
766
773
766
750
750
758
750
742
748.255
727
740.654
711
726
711
711
716.435
711
719
719.934
723.728
734
735.95
758
781
758
763.422
765.531
774
769.792
766.854
782
789
789
789
789
812
805
805
820
797
828
805
805.017
803.62
800.645
798.414
796.445
795.205
793.586
789
789
797
789
804
797
797
797
797.081
789
789
789
789
781
785.627
785.52
789
781
785.615
785.382
786.011
782
785.547
786.304
766
784.117
758
779.158
735
795.89
742
742
753.709
752.28
773
766
758
758
773
766
765
767.811
750
758
750
752.858
766
781
797
797
820
813
828
836
836
831.285
859
844
836
836
828
820
813
810.381
805
805
820
797
802.526
797
812
806.894
807.552
781
766
781
766
772.171
789
781
786.275
789
797
805
789
805
802.793
802.297
802.192
802.104
805
804
797
789
805
805
812
805
804.568
805.988
797
799.174
789
766
771.214
771.535
781
766
781
789
820
836
844
838.807
844
838.222
830.57
824.402
817.274
836
805
820
816.215
804
805
803.174
801.351
801.326
812
797
820
797
797
797.619
797
805
812
797
805
804.666
820
813
828
825.415
825.537
828
826.752
836
843
836
836
836.636
813
828
823.927
804
811.293
789
789
812
805
807.738
809.427
808.319
813
820
836
831.762
836
828
852
845.296
875
890
899
892.283
945
938
930.088
924.803
922
920.776
883
984
938
945
939.068
937
914
914
891
867
867
836
840.46
821
828
859
867
852
859
844
848.871
836
838.29
805
812
805
828
820
813
828
836
828
833.982
836.761
789
781
784.009
789
789
781
789
766
789
773
766
770.266
774
781
789
789
797
789
789
790.836
790.408
812
806.846
805
758
742
750
752.565
773
758
764.787
768.126
797
805
820
820
812.827
803.986
797
788.754
780.446
836
831.946
822.955
815.766
836
821
859
805
807.862
805
804.734
800.725
796.703
867
839.916
883
861.758
906
899
888.988
884.065
899
906
895.537
891
898
883
844
859
854.695
867
844
875
875
870.385
906
906
891
892.689
859
844
820
813
811.742
811.597
860
898
898.75
929
930
916.901
953
922
922
945
922
914
913.394
906.576
883
890
887.518
883.158
883
914
914
914
922
930
929
938
953
945.953
939.86
936.193
937
930
930
961
953
945
953
914
914
914.106
875
774
773
772.958
773
766
774.828
789
795.679
797
805.692
836
875
887.137
937
922
938
937
932.946
945
969
969
1062
1016
953
914
917.19
844
844
851
856.735
861.845
883
906
922
922.533
930
930.428
930
945
940.522
934.693
931.223
922
953
953
930
945
945.411
942.549
940.879
939.162
945
953
948.177
953
953
914
922
930
926.318
930
961
945
943.253
930
933.094
934.382
931.327
953
946
941.941
953
948.646
961
954.781
951.117
945
946
976
964.449
969
961
953
953
922
953
953
938
984
970.934
961
1000
990.806
992
987.981
984
983.336
980.353
968
969
961
961
969
964.714
965.104
984
978.206
977.334
953
945
922
883
875
874.11
844
867
867
883
891.713
906
899
908.473
929
922
914
914
915.745
922
920.549
914
914
915.583
891
914
930
945
953
953
948.153
944.271
961
946
968
961.235
953
961
945
946
945
953
953
950.122
961
958.289
961
953
954.955
930
922
914
883
883
898
891
906
930
929
930
945
946
976
938
953
953
930
945
953
930
937.982
938.804
930
906
914
915.44
945
938
937
922
922.917
914
911.25
891
914
914
906
911.611
930
945
939.178
945
961
953.669
947.419
953
938
932.398
922
953
950.416
930
945
946.22
922
914
914
914.692
912.842
914
914
891
895.374
896.495
896.451
922
922
922
937
922
924.289
930
926.973
945
930
922
924.815
924.254
921.544
891
906
914
914
914
914
922
914
914
899
903.646
914
914
891
897.417
914
912.057
904.715
922
922
945
930
945
944.048
935.364
914
914
922
917.682
914
922
923.737
922
917.006
930
945
922
914
921.582
923.664
916.852
906
898
875
875
875
876.523
876.808
922
914
945
922
923.358
925.998
930
914
916.252
918.13
922
937
922
922
924.121
937
922
930
945
941.362
937.31
914
906
922
914
912.481
911.223
912.157
914
913.852
912.573
914.059
915.735
915.48
859
867
891
922
937
928.488
961
930
929
930
922
922
921.73
930
922
921.408
922.637
945
953
938
936.813
953
950.296
943.996
930
914
906
907.21
930
922
920.278
961
961
969
953
961
945
953
948.249
930
922
923.702
925.376
945
946.956
938
945
945
946
945
953
951.023
946.323
976
961
961
958.593
956.187
945
953
938
945
953
969
953
953
922
933.858
953
961
956.226
961
961
953
953
930
953
953
938
944.213
930
934.482
945
922
930.563
932.996
932.846
933.434
922
937
935.729
961
953
961
961
953
954.945
898
875
852
853.655
851
855.233
859
875
891
914
922
914
920.505
937
930
922
914
922
937
907
910.234
913.558
930
929
922.868
922
914
914
906
914
922
930
925.774
930
945
953
930
945
946.693
922
922
914
906
922
922
937
935.296
922
922
945
942.11
945
936.681
945
953
946.139
938.422
945
930
929.552
929.818
930
928.074
928.529
930
945
941.448
930
953
961
953.686
945
930
937
906
891
875
883
906
891
914
924.291
926.18
938
937
930
945
944.368
939.768
937
930
945
930
931.331
930
927.021
930
945
930
932.643
932.974
929.676
927.859
946
976
968.926
945
961
959.07
930
945
953
946
942.79
953
953
930
945
945
938
953
945
922
930.155
922
906
910.178
914
930
922
928.713
914
906
910.872
929
907
913.653
922
922
937
922
924.657
927.01
923.589
930
961
930
937
922
924.105
914
922
922
922
953
941.916
961
954.655
969
961
945
947.659
943.236
930
914
914
914
922
923.653
914
914
915.346
922
945
930
945
938
968
938
953
949.703
945
961
945
938
945
943.489
961
938
953
930
945
941.948
941.094
940.593
940.452
945
942.71
942.755
942.806
961
938
945
953
930
953
953
953
949.873
953
953
951.403
946
953
950.387
945
930
945
922
930
914
920.016
919.982
919.686
867
904.884
897.106
896.073
898
900.17
891
897.465
914
907.647
914
913.978
929
924.885
906
899
906
914
909.53
922
929
930
922
923.997
928.304
938
929.978
938
934.73
930.772
927.049
925.74
923.469
953
945.713
945
940.855
930
929.952
929.373
945
930
928.863
945
930
931.376
930
953
922
914
914
916.343
922
930
937
936.092
953
953
953
945
930
961
930
945
942.889
940.564
930
933.945
934.932
953
943.775
930
953
914
922.827
930
922
923.613
924.928
924.6
953
942.494
945
953
930
945
953
922
953
943.135
789
774
837.72
797
789
789
820
822.805
831.798
828
844
867
852
857.63
906
891
890.378
898
897.668
969
1000
1078
1042.49
1021.02
883
852
853.759
836
836
828
836
841.534
859
861.603
883
906
910.294
945
946
945
953
930
953
950.444
945
930
927.315
926.191
945
953
953
953
953.047
953.771
945
942.725
906
875
852
859
861.283
859
875
883
889.218
891
867
875
867
883
906
914
918.17
914
930
945
953
969
953
969
961
984
978.881
992
987.242
985
1015
985
1000
992
992
992
988.442
961
968.051
945
953
948.157
945
946.191
946.833
883
906
902.609
898
902.111
914
911.111
906
906
899
929
891
875
882.407
881.256
883.417
885.303
906
930
953
930
937
939.926
914
922
914
909.169
906
922
919.496
937
938
953
953
946.671
943.398
969
961.971
969
961.368
984
961
962.604
961
953
951.621
948.597
961
961
958.211
945
949.708
949.626
969
961
969
965.883
964.579
964.216
938
953
953
945
930
922
924.879
938
937
930
934.481
938
945
953
949.636
899
961
906
875
867
874.868
851
844
852
867
883
914
914
919.565
922
930
937
922
924.492
930
961
922
945
922
906
891
883
906
930
945
961
955.086
961
968
960.748
938
933.897
930
945
930
945
930
953
947.997
938
939.287
953
930
933.326
961
969
961
955.71
956.324
922
926.539
953
953
946.028
968
964.832
953
954.648
930
953
947.687
944.876
953
946
976
969
984
969
992
985.126
969
972.055
969
969
965.183
969
965.74
969
969
992
985.063
969
961
961
976
961
961
969
967.418
961
992
982.653
984
969
953
969
961
945
961
945
938
937
930
930
945
945.587
922
930
914
929
927.224
928.74
953
946
984
976.888
974.758
992
969
972.417
937
922
945
938
953
953
938
953
961
955.854
953
953
969
969
984
976.209
953
922
922
922.824
875
844
845.618
820
805
836
828
836
836
820
827.843
805
812
797
789
797
781
789
797
797
802.092
828
834.069
851
857.78
867
869.784
914
909.859
914
907.285
953
961
953
953
969
969
992
1000
1000
1008
1031
1031
1027.75
1023
1008
992
991.851
961
961.415
961.924
1000
992.893
985
992
992.009
984
981.463
978.353
974.979
953
961
953
953
961
963.192
969
971.549
969
984
969
973.049
969
966.794
969
966.939
945
953
952.508
952.044
953.862
945
949.94
949.311
949.902
977
972.112
969
976
969
961
977
976
971.924
973.658
973.814
976
961
961
961
969
984
961
963.254
976
974.66
906
939.314
898
908.083
929
930
961
945
969
969
976
969
961
992
977
992
984.712
982.181
981.808
992
985.881
982.765
981.849
1039
1016
1008.61
1000
1000
992
991.667
988.539
985
1000
992
989.62
1000
995.9
994.835
977
984.405
969
969
969.942
969.742
970.56
971.325
969
961
953
1000
969
984
969
973.867
975.025
961
967.364
984
969
992
969
992
961
953
953
961
961
960.377
992
982.81
980.168
1000
992
1008
992
993.695
993.013
984
969
973.938
984
979.07
977.595
979.47
969
972.151
961
992
985
984
953
930
961
963.024
922
961
953
992
969
969
984
980.724
961
953
961
964.39
961
957.049
969
992
992
985
992
1000
992
1000
1000
992
1000
992
985
984.847
984
980.991
961
965.211
953
952.269
953
984
985
984
1000
992
989.59
1000
1000
1016
1023
1017.11
1008
1008.46
1015
1000
1002.32
985
987.062
977
976
975.176
975.166
992
1016
1000
1031
1029.05
1008
1009.98
1000
1008
977
1000
1015
1000
1016
992
995.615
997.379
993.764
995.247
996.993
961
961
963.048
961
953
969
984
1000
996.613
1000
1008
1004.7
1000
984
986.423
984.794
984
961
966.268
967.473
967.726
953
958.591
960.52
959.767
977
984
1000
996.058
992
1000
961
992
969
984
980.188
969
984
977
977.266
977
984
969
984
977
976.457
969
972.63
969
984
977
953
977
992
984
977
980.879
984
1008
997.898
1016
1000
1000
1000
969
976
961
930
937.131
953
930
961
966.576
961
976
961
961
953
961
957.643
961
960.959
953
930
930
945
953
945
950.807
952.733
961
958.055
959.453
959.31
930
922
945
922
953
938
961
976
970.389
961
961
962.614
958.275
955.173
1000
1000
992
987.199
985
976
969
984
978.201
969
961
969
992
961
984
969
969.834
1000
976
985
984.842
992
969
969
976
969
968.348
970.301
969
969.416
1000
990.038
985.663
1000
996.182
976
980.791
961
961
962.736
953
961
953
938
945
945.789
976
969
961
964.859
984
985
1000
992
1000
992
977
1000
995.504
992
992
977
1008
992
990.204
1008
992
993.03
993.22
1000
1008
1000
1023
1039
1008
1031
1024
1021.95
1054
1041.12
1047
1008
1039
1032.32
1028.37
1027.85
1008
1015.09
1008
1000
1015
985
1015
1016
1013.05
1014.82
1000
1005.88
992
995.365
977
982.617
981.771
980.524
981.212
981.783
982.519
983.024
984
1000
984
977
1000
993.895
992
984
969
992
969
969
971.472
971.021
969
969
984
953
965.339
969
953
969
984
969
984
961
969.025
984
977
969
975.205
975.02
1000
1000
984
1000
996.72
1008
1008
1003.28
1008
1023
985
1000
996.258
991.132
1016
1039
1000
1008
1008.83
1000
1023
1008
1016
1011.84
1031
1021.8
1016
992
1000
1008
1000
1002.39
1039
1039
1047
1031
1047
1055
1045.53
1041.96
1039
1008
1011.74
1000
998.971
1000.42
1000.88
1002.53
968
969
970.132
953
938
953
954.576
938
945.518
947.878
961
945
951.899
954.032
961
961
953
969
968.831
984
981.193
1000
1008
1008
992
992.3
994.899
1008
992
984
977
992
992
969
969
976
985
992
1008
1023
1047
1031
1021.03
1000
969
976
977.7
961
1000
1010.24
984
969
973.948
984
992
969
972.786
984
977
973.399
984
977
975.21
1000
998.649
1023
1008
1002.15
1031
985
1015
1011.06
992
969
953
957.353
961
961
964.926
961
963.877
953
953
961
969
961
965.095
966.16
1000
1016
1009.52
1000
1000.64
984
984
977
984
969
1000
977
977.215
992
990.083
992
1000
1000
997.826
996.08
1000
1015
985
1015
1000
977
1008
984
977
992
992
989.801
992
984
989.183
989.225
1000
984
969
969
972.605
973.513
972.73
992
1000
997.328
995.027
1000
984
1000
977
981.593
1000
993.014
1008
1000
998.14
1008
1015
1008
1008
1008.3
992
995.037
992
988.892
987.982
1000
1016
1000
1015
1000
1001.88
1002.25
1000
1000
999.637
998.982
1016
1039
1026.62
1023
1008
1007.95
992
992
992
977
982.113
977
1000
1023
1031
1027.51
1031
1029.1
1023.44
985
986.767
986.11
969
1008
1023
1008
1016
1018.18
992
977
984
969
984
969
992
969
976
977
961
966.934
967.085
953
938
943.657
938
953
953
961
976
961
969
969.268
967.9
961
969
966.778
965.92
969
966.701
965.434
1000
1000
1016
1007.77
1031
1008
1008.48
1023
1015.26
985
990.957
989.725
1000
993.723
1031
1000
977
984
984.607
983.577
977
969
984
983.101
981.64
992
977
992
984
946
953
953
945
948.289
961
964.213
992
1023
1008
1005.53
1006.89
1008
1000.71
1039
1016
1039
1031
1039
1039
1008
1008
1031
1023
1047
1055
1047
1047
1046.39
1016
1031
1047
1038.52
1034.66
1031
1000
1031
1024
1031
1055
1039
1000
992
996.694
1000
1016
1022.05
1008
1012.72
1055
1031
1055
1050.24
1016
1015
1008
1008.38
1008
1000
1000
1031
1039
1016
1039
1039
1016
1023
1026.68
1021.37
1015.88
1047
1040.59
1023
1000
977
1000
1031
1008
1039
1055
1054
1043.57
1086
1070
1016
1031
1038.49
1000
1008.24
1055
1070
1047
1078
1070
1016
1025.7
1039
1027.18
1039
1070
1055.36
1000
1000
1009.15
968
969
938
937.993
984
997.903
1000
1008.95
1017.71
1013.85
1070
1086
1039
1055
1031
1023
1016
1014.59
992
1016
1008
1007
1000
1000
977
984
981.184
969
972.932
1016
992
1008
1004.47
1005.56
992
992
992.654
976
961
965.257
977
984
984
1008
977
1015
1024
1000
984
988.964
987.62
953
953
957.183
969
964.513
969.081
975.685
973.565
961
992
969
976
977
961
965.467
968.369
1000
987.772
1039
1047
1031.06
1078
1016
1039
1015
977
1023
1024
1023
1047
1039
1008
1039
1031
1039
1055
1070
1059.1
1055
1039
1031
1029.54
1008
992
1008
1015
1013.97
1024
1039
1023
1028.8
1031.22
1031
1024
1027.58
1047
1040.86
1015
969
953
954.39
956.191
930
945
961
969
984
961
984
989.791
961
945
946
953
955.082
956.087
959.895
1047
1044.73
1070
1055.67
1046.07
1070
1065.23
1047
1008
1010.01
1000
1008
1047
1070
1086
1125
1109
1096.35
1133
1129.55
1062
1086
1086
1047
1094
1078
1039
1048.28
1051.24
1023
1000
1011.81
1031
1000
1008.78
1023
1018.67
1016
1000
992
993.073
1008
1007
1039
1047
1039
1039
1016
1000
1000
992
992
992
1078
1016
984
1000
977
1008
1039
1023
1008
1009.19
1012.38
1011.73
1006.47
1039
1008
1031
1039
1008
1039
1039
992
977
992
961
984
987.21
1023
1032
1054
1044.54
1031
1034.57
1008
1009.42
1010.83
1008
1000
1005.02
1055
1046.55
1041.93
1041.99
1035.89
1031
1078
1047
1043.28
1042.83
1039
1031
1047
1039
1035.6
1047
1055
1048.68
1070
1065.08
1016
1027.25
1023
1021.77
1031
969
922
925.901
875
867
844
828
829.43
867
860
869.571
891
898
910.348
891
896.886
914
918.496
906
909.111
912.594
914
930
929.967
930.442
931.139
930
914
911.994
898
891
906
899
914
911.131
922
937
938
961
968
969
961.858
961
961
961
953
953
922
953
961
953
969
961
984
977.517
984
977
992
953
992
978.695
975.092
973.601
969
984
969
969
984
961
969
968.725
961
992
977
969
992
1000
992.615
991.044
991.657
1000
1000
996.694
997.378
997.454
995.721
1039
1039
1031.36
1027.52
1047
1042.88
1024
1008
1010.05
1023
1017.36
1016
1039
1035.1
1030.24
1025.42
1025.32
914
891
890
890.384
945
953
961
961
966.732
969
976
961
966.096
953
938
945
945
938
940.984
961
969
971.124
984
992
977
1000
992
986.943
961
968
964.071
969
964.666
992
961
966.214
984
992
983.92
984.984
992
1008
1023
1008
1016
1039
1031
1021.64
1017.55
1039
1033.84
1070
1057.97
1055
1039
1040.12
1039
992
977
978.48
1039
1016
1013.78
1039
969
953
953
945
938
984
977
1008
984
1000
961
968.191
969
961
963.812
1015
985
1023
1047
1047
1039
1033.04
1000
1031
1021.07
1023
1047
984
977
961
962.911
953
961
959.448
953
945
947.841
953
952.527
938
953
950.145
953
954.446
955.481
953
969
968.702
969
971.861
953
961
976
961
963.505
945
961
953
945
951.221
952.008
938
961
976
965.518
962.644
984
1000
961
992
985.307
984
969
975.744
976.905
1000
969
961
906
923.263
867
836
844
859
906
922
937.284
969
973.447
992
990.098
984.475
980.031
973.99
984
969
968.793
992
992
987.153
985
1015
1009.67
1002.5
998.145
1031
1039
1028.07
1018.98
1031
1032
1031
1023
1024
1023
1008
1016
1015
1008
1004.64
1007
1007.77
1004.03
1008
1000
961
979.616
937
943.811
968
969
969
984
986.333
969
969
984
977
992
992
993.651
1008
1008
1008
1023
1016
1014.57
1000
1000
998.404
995.328
993.183
1015
1039
1047
1024
1023
1008
1023
1008
1008
1023
1000
1016
1012.41
937
914
891
892.834
852
864.142
844
859
875
885.281
890
891
891
929
922
927.603
976
985
985.957
1039
1038.35
1024
1022.35
1039
1055
1031
1029.76
1032.59
1033.48
930
945
948.965
969
965.402
984
986.303
992
987.482
984
969
967.041
969
984
980.783
975.898
978.656
984
985.517
969
974.133
976.303
969
969
984
986.132
984.627
992
1000
996.191
987.98
987.761
992
1000
989.655
1000
1003.21
1000
992
969
977
979.17
992
986.624
1008
1008
997.546
992
1000
977
953
984
969
969
1000
984
977
984
969
969
974.696
974.151
1000
984
985
1039
1000
1039
1031.2
1022.18
1039
1000
1007.53
1008.18
998.938
1001.07
1008
1001.25
1001.92
985
992
991.012
989.113
1000
1031
1008
1000
1003.32
992
995.118
977
992
992
991.403
1000
1000
1000
1008
1000
1001.94
985
992
1008
984
994.194
969
984
985
1000
1000
998.959
1023
1039
1016
1016.31
1017.05
1016.22
1039
1024
1031
1016
1031
1031
1039
1033.79
992
969
961
922
914
915.001
930
941.927
969
984
977
982.823
969
984
986.011
988.201
961
961
945
922
930
930.127
938
943.117
953
961
976
961
977
984
985
992
992
984
1000
977
1008
1015
1004.9
1024
1018.09
1000
1031
1008
1008
1007.01
1000
1000.28
1000
1008
1002.85
961
961
962.676
961.741
964.02
965.969
984
1000
969
1000
996.81
994.071
992
994.555
992.978
977
982.482
992
977
984
1016
1011.15
1003.64
1006.21
1006.05
997.77
844
851
844
906
917.78
930.895
969
971.361
972.112
984
961
969
953
953
952.759
969
984
1000
1000
995.688
1008
1005.17
1031
1031
1016
1039
1031
1026.58
1039
1034.76
1039
1016
1031
1016
1031
1039
1031
1024
1026.24
1016
1023
1016
984
985
992
984
969
961
984
977
992
1000
969
984
969
972.377
972.874
973.102
974.987
961
967.015
953
956.82
953
969
961
961
961
963.283
961
962.991
945
945
938
953
948.365
950.118
951.581
952.28
961
961
962.361
969
961
963.565
961
961
960.685
953
953
953
953
946
976
977
973.813
972.442
970.863
968.698
966.714
964.938
953
953
953
952.841
954.185
992
985
981.169
961
969
967.407
953
984
979.76
984
1000
977
1000
1000
992
1008
992
1000
1008
1000.69
984
985
984.534
992
961
992
977
977.077
978.151
1008
992
984
987.67
969
945
951.83
953.774
953.378
875
913.469
836
870.396
797
820
797
774
789
789.666
791.089
750
742
727
734
727
726
711
711
703
703
696
695
719
718.231
727
742
750
750
766
781
789
791.586
792.32
791.599
797
797
789
781
777.91
774.953
774
781
789
789
789
774
789
785.847
797
804
797
805
802.154
820
821
820
828
813
820
805
812
797
799.368
789
766
770.469
781
781.86
784.699
781
784.537
784.785
836
844
838.02
859
844
836
831.907
805
781
781.327
758
750
750.874
750
742
742
743.588
867
867
852
844.151
828
813
804
797.421
792.403
781
797
800.631
836
875
876.683
867
867
860
859
836
820
828
826.813
805
812
805
805
851
850.036
890
860
890
875
868.052
813
812
809.475
758
772.093
758
765
766
770.898
836
836
840.107
875
875
867
852
851
836
828
836
832.672
851
891
914
930
961
953.05
953
947.483
906
899.738
875
867
865.251
867
867.766
868.664
859
875
875
875
867
869.317
867
866.48
866.9
866.397
866.771
938
906
891
890
889.431
889.399
844
851
850.768
906
901.182
890.162
1039
1000
977
968
938
914
875
869.753
868.542
836
839.666
844
847.152
849.954
855.368
875
881.44
859
852
898
902.495
945
961
992
961
922
930
928.705
898
891
883
898
914
911.469
953
977
965.807
952.066
945
977
1000
1023
1001.4
1008
1031
1039
1000
992.098
984
980.073
961
955.382
945
914
922
924.521
929.474
1031
1047
1078
992
961
956.069
922
922
923.637
914
916.882
992
1013.92
1014.05
1008.35
1001.42
993.623
1110
1109
1117
1024
1023
1030.23
914
891
891.891
896.424
907.042
992
1039
1063
1054.08
1117
1117.96
1101
1094
1085.18
985
976
976.234
976.158
976.756
1016
1029.04
1047
977
985.101
937
937.702
883
867
867.674
844
847.177
836
844
844.553
828
813
820
820.962
797
781
781
758
758
773
772.294
766
773
758
914
945
930
924.674
921.226
920.042
945
940.277
932.598
928.203
953
938
945
945
942.383
906
907.657
820
813
813.58
805
812
797
797
805
805.426
828
828.488
883
906
891
937
930
945
969
969
964.721
964.589
984
969
984
961
953
961
960.302
961
960.408
977
953
955.553
953
945
930
953
944.673
930
937
914
922
953
930
933.708
945
930
922
945
930
922
929
930.935
883
906
909.86
914
907.558
914
917.955
922
898
899
907.295
891
898
844
859.135
859
867
875
891
883
888.04
891.12
891.353
891.686
893.822
813
820
805
836
859
844
867
870.407
852
844
836
828
836
851
836
813
828
836
834.185
828
859
862.448
828
820
821
820
781
788.853
789
789
805
797
789
794.074
789
805
805.736
807.012
809.259
821
820
828
797
797
820
836
867
875
922
922
930
945
939.422
932.391
945
945
953
969
961
992
1016
1023
1024
1039
1023
1000
985
1023
1031
1022.95
1032
1027.91
1016
1016.51
1039
1032.69
1078
1047
1070
1055
1047
1070
1062.21
1070
1063.07
1039
1086
1078
1069.5
1064.96
1065.64
1109
1094
1087.12
1083.37
1083.09
1083.44
1047
1055.74
1054.81
1062
1047
1055
1055.79
1070
1063.64
992
969
974.246
984
992
1000
1016
1039
1039
1031
1037.01
1039
1023
1016
1047
1039
1033.52
1016
1039
1070
1055
1040.98
1047
992
998.852
1001.71
1005.33
1001.23
1008
1015.17
1062
1024
1023.95
984
984
977
1000
984
1000
1008
1010.85
1008
1008.02
1000
945
922
883
875
874.657
914
906
918.409
922
928.827
961
1000
992
993.714
992
1008
1008.17
1003.81
1008
1008
1004.93
1023
1008
1006.14
1005.36
1000
992
990.222
988.59
1039
1039
1031.78
1025.45
1021.46
1018.86
946
961
984
1008
1007.18
1047
1039
1008
1011.48
1047
1000
1005.56
1016
1008.44
1001.06
1023
1039
1032
1023
1008
1008.32
1000
994.278
996.578
984
1000
1000
997.194
1031
1029.43
1000
1003.37
977
992
1000
998.263
1031
1016
1015
1016.54
1000
992
993.809
993.629
969
984
977
1000
992
1000
977
984
1000
992
1000
996.628
984
989.524
989.792
977
1000
993.338
1000
995.498
995.967
997.08
1000
997.3
996.673
1000
997.13
1024
1000
1023
992
977
983.784
945
961
984
977.324
1008
1031
1027.05
1024
1023
1016
1023
1000
977
953
953
950.878
992
992
997.491
992
977
992
969
972.099
972.665
969.645
984
985
992
992
969
984
982.959
984
977
979.322
985
992
1039
1000
997.908
997.681
1000
992
1008
1000
997.543
997.034
995.96
1008
1031
1022.92
1031
992
994.978
995.27
1031
1016
1000
1031
1026.82
1023
1016
1047
1039.64
1031
1028.14
969
990.095
953
922
923.119
924.19
926.969
977
992
1000
992
961
967.806
969
970.001
992
1000
992
992
992
988.541
961
964.088
961.709
960.492
1000
1000
1000
969
953
953
951.837
922
875
878.656
898
883
891
898.755
903.197
930
930
934.868
914
920.214
929
930
930.044
961
938
953
952.796
930
932.568
961
961
976
969
961
953
949.994
930
932.019
930
926.928
930
953
938
961
953
953
984
974.16
961
963.541
984
961
969
976
969
965.15
967.71
1000
989.62
1015
1008
1000
998.96
1000
1000
995.429
1000
1000
1031
1016
1012.79
1011.93
1015
1008
1000
1000
1031
1000
1001.04
1008
1000
1000
1000
1023
1016
984
994.577
1000
1001.71
997.486
1000
1003.08
1000
998.27
999.741
1000
992
938
953
961
1000
1008
992
1008
1000
992.207
987.729
1031
1016
1000
1003.5
1008.44
1000
992.385
992
1000
1000
1000
1008
1008
992
984
987.931
989.453
1016
1031
1039
1063
1047
1023
1031
985
1000
999.211
969
992
992.436
991.493
992
961
972.201
969
967.96
970.016
969
976
975.521
977.656
992
1008
1000
1002
1002.9
977
992
992
969
992
988.25
969
992
992
984.099
992
969
969
972.103
992
1000
993.316
977
992
989.741
992
1000
992
992
1008
1031
1016
1031
1000
1000
1000
1008
1016
1000
953
959.075
961
969
971.63
1023
1020.49
1008
1000
1023
1008
1016
1011.02
1006.24
1016
1054
1045.03
1055
1078
1047
1070
1067.52
1061.11
1062
1039
1047
1039
1047
1031
1039
1016
1023
1020.22
1031
1024
1031
1039
1008
1031
1026.74
1031
1029.76
1030.52
953
930
976
977
983.24
961
961
969
969.114
992
1008
969
976
969
968.292
984
1016
1014.18
969
977
992
976
930
930
945
952.801
992
990.318
984
961
961.585
976
985
1023
1010.44
953
961
984
1016
1016
1023
1001.03
1023
1024.85
1022.4
945
947.95
953
962.691
938
976
988.267
1000
1016
1055
1039
1020.87
1008
1006.19
1008
1000
1008
992
984.322
1039
1031
992
938
951.171
922
906
907.907
910.434
911.906
1008
1031
1024.69
969
945
945.671
898
899
898.919
937
959.725
922
926.326
968
977
1000
992
983.414
922
898
897.607
899.98
961
1031
1055
1026.36
1005.51
991.415
1008
1000
1000
1031
1024.47
1016
1005.63
998.017
1039
1047
1033.61
1017.92
1011.03
992
989.595
988.707
1000
997.737
992.927
1008
984
985
1023
1016
1012.66
1039
1031
1039
1032
1039
1054
1047
1041.04
1016
1062
1078
1016
1000
961
969
971.595
976.707
1008
1015.21
1000
1003.92
1008.19
1008.86
914
914
922
926.048
953
962.503
914
929.036
933.981
945
977
979.989
984
992
1008
977
984
977
976
977
992
990.486
992
989.801
969
976
977
1000
1008
1002.27
997.203
1000
1000
1000
1000
1008
1031
1031
1022.91
1039
1031
1008
1006.5
1008
1005.9
1002.31
985
1015
1008
1008
1023
1019.96
1031
1047
1039.88
1033.37
1008
1000
1000
992
985
1000
1031
1039
1070
1067.21
1047
1041.93
1039
1047
1039
1033.18
1030.53
1008
1006.3
1003.74
1039
1047
1043.61
1036.41
1039
1063
1064.97
1056.66
1047.49
1039
1038.65
1008
1016
1015.7
1018.69
1020.33
1016
1018.12
1024
1023
1039
1000
969
969
984
993.978
999.581
976
980.21
1000
969
992
984
977
1000
999.854
992
994.963
1039
1032.23
1025.53
1031
1062
1055
1031
1039
1044.31
1039
1039
1037.91
1039
1039
1055
1031
1031
1039
1032
1028.99
1028.4
1039
1035.71
1032.07
937
984.916
930
945
961
984
977
992
995.942
1000
1000
1000
992
997.795
1008
1003.54
1004.36
1005.66
1006.94
1039
1031
1008
1031
1016
1039
1030.44
1016
1019.76
1031
1008
1031
1039
1031.9
1039
1034.61
1039
1016
1023.98
1000
1008
1031
961
988.874
961
965.788
967.648
969
953
1000
1000
1008
1007.31
1047
1039.33
1038.45
1038.84
1037.12
1047
1041.36
1008
1000
984
1000
1008
1070
1047
1045.86
1070
1039
1047
1043.83
1031
1055
1070
1058.19
1086
1077.37
1055
1058.88
1054.09
1109
1089.47
1109
1099.18
1091.1
1070
1078
1072.64
1067.31
1055
1078
1086
1101
1089.61
1117
1086
1078
1094
1101
1090.55
1008
1033.97
1040.98
906
891
911.746
945
1000
1024
1062
1066.03
1065.17
1070
1055
1086
1078
1063
1101
1094.84
1070
1063
1070
1086
1086
1078.82
1086
1086.13
1082.35
1125
1116.21
1094
1086
1086
1086
1080.9
1117
1086
1084.59
1086.47
1117
1117
1094
1091.02
1070
1016
1023
1016
1016
1031
1031
961
984.434
922
914
913.234
883
898
899.267
929
936.815
922
933.078
922
891
900.881
901.474
901.534
930
992
1023
1024
1062
1055
1046.83
1094
1179
1055
1125
1127.11
1111.47
992
1002.08
1000
984
1000
977
978.045
969
992
993.665
1039
1024
1023.23
1031
1031
1031
1016
1017.9
1047
1039
1036.73
1000
1010.67
1013.8
1014.19
1014.31
1078
1070.17
1061.93
1056.54
1053.31
1047.96
1039
1039
1034.88
1047
1041.61
953
977.811
1001.02
984
1000
1000
1031
1026.34
1031
1024
1022.39
1039
1033.57
1008
1016
1015
1016
1012.63
1014.21
1023
1016
1031
1027.74
1031
1039
1055
1016
976
938
906
907.345
859
844
844.705
852
859
867
877.192
887.542
899.119
911.077
924.036
914
906
891
893.9
907
945
952.82
954.374
953.171
1039
1039
1047
1055
1039
1031.37
1029.47
1078
1074.39
1063.18
1052.74
1015
1039
1049.64
1045.98
1086
1070
1086
1078
1070
1069.1
1066.6
1086
1078
1071
1078
1070
1067.6
1064.18
1063
1070
1078
1070
1069.37
1069.77
1070
1055
1059.33
1078
1047
1054.28
1055.06
1047
1031
1070
1032
1054
1052.72
1051.73
1062
1039
969
1009.6
961
961
1023
1016.28
1031
1016
1023.43
1039
1016
1025.04
1008
1012.3
1008
1008
1039
1008
1016.95
1031
1008
1039
1016
1015
1018.46
1014.98
1015.44
1015.37
1000
985
984
984.11
985
984
1000
961
945
953
961
946
976
953
961
969
966.111
938
949.156
945
930
945
942.285
984
978.212
985
992
989.613
987.023
1024
1031
1039
1031
1016
1013.13
1011.05
1016
1008
1015
1032
1023
1047
1047
1047
1070
1047
1047
1039
1035.73
1039
1031
1032
1029.52
1031
1055
1047
1070
1063
1054
1047
1039
1038.28
1035.9
1039
1036.74
1037.71
1039
1070
1055
1053.38
1070
1047
1048.63
1049.43
1047
1062
1058.08
1031
1016
1039
1041.51
1023
1008
1012.8
1031
1031
1016
1031
1024
1023
1047
1039
1047
1047
1039
1040.11
1039
1031
1039
1000
1047
1035.23
1031
1031.22
1039
1047
1047
1031
1024
1028.31
1008
1023
1039
1032.93
1047
1024
1031
1039
1031
1033.22
1023
1028.93
1029.46
1026.85
1016
1070
1055
1044.94
1043.66
1047
1070
1055.82
1039
1055
1062
1039
1032
1000
1000
1015
969
988.452
1039
1031
1016
1000
984
961
961
961
962.999
977
984.568
1000
992
996.503
999.743
1000
1016
1023
1021
1017.51
1008
1000
1000
996.508
1000
1000
992
992
977
977.537
975.02
969
992
991.743
984
986.309
987.025
976
978.642
992
984
985
1000
992
992.45
992
1008
1003.35
930
982.463
937
949.807
961
956.192
977
992
1031
1000
1008
1023
1000
1008
1007.64
992
977
984
981.899
977.86
1000
1039
1039
1039
1039
1031
1016
1010.17
1016
1016
1015
1008
1031
1000
1016
1000
1000
984
977
979
1016
992
994.111
996.965
1000
1008
1023
1008
1008
1000
1003.19
961
969
984
983.981
985.788
1008
1015
977
987.957
1000
969
984
992
986.29
984
991.093
992
985.694
984
985
1000
1031
1023
1016
1008
961
922
914
915.077
916.996
920.947
992
1023
1000
985
992
992
992
985
1000
1000
1023
1008
1002.46
1000
1000
992
969
969.145
992
994.398
1000
1000
995.824
994.042
992.858
992
988.252
1000
997.789
1008
1008
961
922
953
930
976
977.271
985
985.203
1008
1000
1016
984
992
992
977
1000
1000
992
1008
1000
992
1000
1000
995.993
995.912
995.595
1000
995.87
1000
1008
1004.9
1008
1023
1016
1008
1009.79
1008
1031
1024
1021.01
1020.61
1008
1000
1008
992
1000
1039
1008
1009.55
1011.42
1016
1023
1019.12
1018
1031
1008
1000
1008
1000
1031
1021.8
1023
1032
1023
1023.09
1016
1016.73
1016.63
1023
1039
1033.56
1024
1025.36
1031
1029.23
1016
1023
1008
1011.08
1011.91
1011.84
1012.8
1016
1039
1023
1008
1031
992
1024
1031
1000
1016
1015.38
1008
1031
1016
1000
1031
1008
1000
1016
1015
1016
1000
992
1039
1047
1086
1047
1043.27
1039
1016
1031
1031
985
999.819
1003.21
1008
1023
1016
1062
1055
1047
1043.49
1054
1048.52
1062
1047
1055
1051.26
1045.87
1086
1071.51
1062
1078
1055
1057.49
1055
1070
1063
1039
1023
1008
992
1016
1101
1094
1125
1102
1070
1109
1086
1086
1117
1063
1062
1032
1015
1008
1000
1016
1062
1078
1102
1117
1117
1106.19
1086
1078
1094
1093.84
1109
1086
1070
1086
1089.87
1089.19
1083.95
1078
1063
1062
1078
1055
1031
1039
1016
1039
1047
1039
1047
1047
1052.4
1031
1008
1016
1023
1039
1055
1054.8
1078
1070
1024
1039
1039
1039
1039
1039
1047
1047
1040.85
1086
1080.05
1068.84
1125
1112.24
1023
1000
1016
1031
1008
992
969
972.561
969
970.331
1000
977
984
969
984
961
977
984
984.634
937
953.068
875
867
883
906
930
969
983.735
992
992.416
961
953
952.019
946.831
922
914
930
937
922
927.525
945
961
953
947.185
1008
1004.94
988.922
1047
1031
1000
996.82
945
940.529
945
943.843
961
969.969
1015
1007.97
996.169
1008
1024
1039
1020.1
1039
1023
1009.95
1003.46
992
1008
1001.91
1008
1008
1000
1000
992
969
984
980.43
981.826
983.57
1016
1012.08
1008
1008
1023
1031
1025.28
1021.62
1031
1016
1017.71
1000
1001.77
1023
1016
1031
1039
1047
1042.1
1039
1037.01
1031
1016
1015
1008
1016
1015
1015.75
1031
1031
1039
1036.54
1008
1013.03
969
992
984
1000
1016
1008
1039
1031
1008
1023
1008
1000
1003.02
1001.38
961
974.551
1000
996.942
1000
1000
1008
1008
1023
1000
1000
992
1008
1002.15
1031
1047
1047
1070
1047
1078
1070
1055
1056.31
1052.71
1046.79
1047
1039
1055
1031
1031
1008
992
969
970.93
992
992
977
984
977
992
989.165
992.322
992
977
1000
992
969
977.035
1000
1000
1000.85
1016
984
977
992
991.843
992
1008
1003.76
1031
1016
1023
1019.46
1008
1000
1008
1015
1008
1005.75
1023
1017.63
1013.67
1008
1015
1016
1000
1031
1008
1000
1008
1031
1000
969
984
977
992
1000
992
1000
1008
1008
1031
1000
1031
1008
1010.31
1016
1008
1023
961
922
930.098
932.763
867
875
914
922.111
928.099
1008
1008
1031
1000
1000.35
1039
1023
1032
1031
1025.55
1055
1031
1062
1032
1054
1055
1016
1039
1037.77
1029.26
1028.96
1047
1041.9
1038.46
1023
1016
1008
1008
1008
992
985
992
1039
1032.93
1015
1023.38
1000
1004.31
1000
992
1008
1000
1000
1002.08
1023
1016
1031
1028.07
1026.05
1024
1015
1014.65
1000
1000.11
1039
1031.12
1027.3
1086
1055
1062
1055
1051.63
1048.52
1055
1039
1070
1058.61
1055
1047
1062
1063
1062
1078
1055
1058.81
1078
1055
1070
1063
1109
1039
992
977
992
1031
1037.37
1039
1047
1047
1031
1035.91
1039
1036.12
1062
1062.11
1059.21
1078
1102
1090.16
1063
1065.86
1067.59
1061.48
1047
1047
1039
1047
1023
1025.06
1039
1039
1063
1060.19
1055
1086
1047
1086
1070
1047
1055
1078
1086
1070
1071.16
1070
1047
1047
1070
1047
1055
1059.84
1055
1054
1039
1055
1070
1055
1070
1067.72
977
976
953
946
945
948.56
969
961
970.074
1000
992
1000
992
992
994.506
969
974.348
969
961
1000
1000
1002.56
1000
1000
1000.43
1016
1012.49
1009.25
1039
1033.27
1008
1023
1019.23
1014.74
1011.54
1047
1037.27
1015
1016
1018.48
1023
1000
1005.39
1016
1012.85
1000
1002.44
1023
1016
1031
1008
1031
1027.49
1016
1013.24
1031
1026.21
1054
1016
1031
1029.53
1023
1039
1032
961
945
907
914
916.214
945
959.761
969
1000
1000
1008
1011.59
984
985
984
969
984
983.873
984
1016
1012.01
1010.79
992
992
988.373
1008
1003.39
1031
1008
1008.46
1031
1031
1016
1023
1008
1007.38
1016
1011.59
1024
1031
1031
1039
1008
1011.6
1023
1020.54
1008
1010.04
1011.51
1015
977
989.458
991.598
953
969
976
973.028
1000
997.75
1016
1000
1000
1003.41
992
992
1008
1000
998.469
1023
1016.91
1008
1016
1031
1055
1023
1047
1031
1016
1031
1008
1008
1008.26
1031
1039
1047
1031
1031.5
1033.05
1029.67
1025.81
1016
1031
1028.3
1016
1016
1018.03
1016
1054
1032
1062
1047
1045
1047
1045.43
1008
1016.84
1008
1039
1031
1032
1062
1039
1038.15
1047
1047
1039
1042.09
1042.55
1036.37
1047
1039
1039
1038.23
1039
977
1007.83
1009.97
875
967.168
960.067
883
920.121
923.701
906
914
914
914
922
922.863
924.909
926.87
945
930
953
953
961
961
961
992
969
992
1023
1009.38
1016
1031
1008
1039
1039
1033.8
1033.09
1039
1039
1047
1044.16
1016
992
976
969
967.091
961
969
969
1015
1008
1008
1039
1037.43
1031
1047
1039
1034.57
1033.13
1023
1016
1008
1000
1023
1000
1005.38
1008
1000
1002.71
1039
1033.08
1031
1024
1031
1023
1019.9
1047
1031
1047
1062
1016
1024.19
1008
1000
1031
1024
1021.57
1024.1
1047
1038.19
1031
1047
1039
1039
1035.88
1039
1055
1045.13
1031
1039
1016
1039
1000
1016
1015
961
953
957.828
958.968
953
953
957.337
958.552
969
969.953
977
992
1000
1004.93
1009.17
1000
1003.74
1008
1008
1023
1016
1016.88
1047
1041.34
1047
1062
1057.94
1054
1039
1038.15
1023
1020.51
1000
1000
1000
1000
1031
1039
1040.1
1037.05
1032.85
1026.59
914
980.154
914
914
915.883
906
922
921.082
926.011
929.272
914
929
927.217
914
922.062
883
883
922
898
902.929
914
883
883
898
961
947.751
1000
977
1000
990.796
980.807
1016
1016
1039
1039
1062
1055
1039
1042.16
1040.91
1037.51
1035.24
1000
1007.54
1039
1039
1047
1040.14
1039
1070
1047
1031
1024
1008
1023
1008
992
1016
1013.76
1012.34
976
914
914
915.299
1000
1022.36
1026.46
1028.83
1032.81
1047
1070
1016
1031
1008
1031
1031
1023.04
1070
1069.34
1063
1052.83
1049.74
1071
1062
1047
1047
1031
1000
1000.8
992
1000
992
1016
1023
1000
1039
1038.27
1035.05
1035.82
1008
1054
1047
1086
1102
1117
1078
1079.32
1078
1070
1063
1078
1073.6
1071.7
1117
1125
1125
1117.09
1094
1109
1086
1084.42
1086
1086
1133
1122.97
1172
1148
1133
1125
1063
1070
1039
1041.31
1047
1047
1051.8
1055
1070
1070
1055
1055
1062
1047
1052.43
1053.89
1039
1044.7
1078
1039
1008
961
937
939.473
941.044
929
939.134
977
1008
1039
1031
1031
1024
1022.18
1020.52
1018.94
1018.26
1039
1047
1070
1055
1054.94
1054.81
1070
1078
1072.03
1062
1055
1070
1055
1055
1054
1050.49
1047.73
1044.68
1047
1044.23
1039
1024
1027.24
1027.58
1029.67
1031.11
1039
1040.53
1031
1034.01
1031
1031.69
1031.45
1031.52
953
992
1000
1000
1039
1039
1008
1039
1031
1047
1041.7
1023
1024
1039
1031.68
1039
1016
1023
1016
1000
1031
1039
1039
1039
1047
1039
1047
1023
1024
1023
1008
1000
1000
1001.2
1008
1000
1031
1008
1008
1031
1025.86
1031
1031
1029.96
1055
1048.72
1070
1062.45
1059.04
1086
1047
1078
1069.37
1031
1070
1024
1032.54
1032.91
1029.73
1029.28
1047
1055
1070
1055
1062
1047
1047
1086
1055
1056.81
1055
1039
1031
1047
1024
1031
1047
1040.74
1039.76
1042.71
992
1015.19
1014.28
1000
1006.84
1008.68
1031
1025.31
1016
1000
1007.73
969
945
948.942
950.132
867
875
883
922
928.986
961
969
974.166
979.058
961
968.83
953
969
984
992
1008
977
981.834
992
1000
1008
1000
1000
1015
985
1031
1016
1023
1031
1016
1016.74
1016
976
969
961
961
961
953
961
960.651
961.867
984
992
977
983.169
953
977
984
961
977
976
974.627
992
1000
1000
992
993.443
1000
996.485
1008
992
993.895
961
968.616
961
961.215
984
992
991.503
990.638
1047
1035.59
1039
1047
1038.86
1031
1039
1008
1031
1000
1008
1005.06
1001.67
1002.18
1001.94
961
979.493
992
987.975
1062
1046.26
1078
1109
1093.54
1054
1016
1018.91
1015
1008
1024
1023
1008
1023
1019.85
1039
1033.85
1000
1010.09
1000
998.387
999.108
1008
1000
1004.28
1003.84
1004.5
1055
1046.34
1055
1054
1016
1031
992
985
985.286
1008
1014.08
1055
1052.48
1046.06
1039.09
1029.52
1055
1039
1039
1035.15
1016
1016.92
1024
1023
1016
1031
1029.17
1025.25
1047
1042.68
1016
1021.65
1023
1019.53
1031
1008
1012.29
992
1008
992
992
994.4
1016
961
986.807
985.577
922
922
925.693
961
953
959.946
964.856
961
977
984
969
992
987.681
1000
1008
1000
1039
1027.6
1021.43
1020.56
914
958.869
914
953
992
992
1008
1008
1000
1000
997.103
1008
1023
1017.79
1039
1000
1000
1047
1039
1032.95
1027.67
1047
1062
1054.08
1047.04
1039
1023
1032
1062
1047
1039
1047
1039
1055
1049.63
1047
1062
1024
1039
1047
1042.63
1039
1047
1045.15
1062
1039
1024
1031
1036.78
1036.71
1024
1000
1023
1000
1000
1031
1024
1031
1039
1016
1024.19
1039
1016
1021.52
1039
1031
1078
1066.01
1031
1033.92
1039
1016
1055
1039
1033.91
1037.19
1070
1070
1057.31
992
961
953
969
976
977
984.611
992
1039
1031
1026.36
1031
1000
945
950.59
961
984
992.504
1039
1054.68
1042.64
1031
1055
1031
1017.99
1007.92
1039
1055
1047
1054
1047
1039
1055
1031
1024.14
1021.64
1039
1047
1054
1024
1039
1041.24
1038.69
1047
1039
1039
1016
1023
1000
1000
953
914
915.439
844
836
828
828
820
797
789
781
758
758
742
719
742
711
719
723.901
750
752.447
797
805
828
844
828
831.745
867
867.733
867.273
864.442
781
758
766
765
769.926
774.77
779.843
742
735
734
735.111
742
727
742
742
758
750
766
768.386
789
791.59
789
789.914
781
781
766
773
770.024
769.462
769.74
750
781
766
766.807
766
781
797
781
789
789
789
797
797
794.675
805
804
782
773
766
765
750
735
737.696
719
734
711
718.603
718.84
711
714.579
714.868
711
703
706.318
711
711
711
726
728.001
732.996
737.614
703
696
698.656
703
711
714.569
718.212
742
750
750
743.328
738.119
742
719
717.593
711
707.536
719
703
703
703
680
685.112
680
695
680
672
695
672
672
687
680
682.25
695
680
685.421
680
703
696.493
688
703
700.917
703
699
711
696
718
696
695
697.17
711
742
750
789
783.166
797
797
791.028
789
789
789
785.557
783.366
766
766.51
763.93
760.969
789
813
859
930
953
984
953
939.366
930.819
976
930
914
875
852
836
851
867
899
937
930
914
891
890
891
898
899
892.403
886.886
882.274
953
952.445
942.235
927.101
883
859
859.408
914
953
961
940.282
1000
961
945
930
922
945
914
909.601
914
883
883
884.604
937
969
958.455
944.326
1070
1055
1055
1054
1041.63
977
984
961
961
922
945
951.597
898
910.643
921.292
961
956.919
969
973.25
922
927.304
906
902.096
902.593
904.748
891
914
906
891
875
881.865
930
984
1039
1039
1016
992
922
953
930
953
937
935.501
934.421
938
940.615
930
914
914.889
883
898
891
875
859
860
890
907
945
953
961
961
945
945.129
943.366
939.99
937
914
891
891.269
890
860
867
868.259
871.036
875
879.08
882.85
945
952.889
969
984
1000
961
938
930.924
914
906
905.364
867
844
875
875
914
922
926.224
953
914
906
875
870.284
867
868.657
844
906
922
953
969
992
1000
984
969
959.849
948.85
930
922
883
890
875
883
884.653
914
922.436
945
922
914
953
951.165
947.346
1000
992
981.334
953
922
906
891
898
883
891
898
904.727
867
930
931.526
928.474
992
985.447
972.629
969
953
945
939.014
899
929
930
922
927.401
931.364
945
953
930
922
937
922
883
922
914
953
992
1016
1055
1039
1029.84
1022.28
1016
1000
993.665
969
953
951.061
945
930
984
953
969
984
980.799
946
954.818
952.505
883
911.787
907.779
914
917.361
945
945.34
938
937
922
914
899
901.484
898
900.253
914
898
883
875
876.344
859
860
861.406
862.805
864.748
866.802
868.939
875
877.133
881.247
922
931.725
969
976
977
961
955.019
914
922
921.566
921.391
883
885.985
899
961
953
961
953
945.02
939.32
933.115
875
875
883
929
946
961
976
969
969
957.027
914
922
922
914
945
955.952
945
930
961
969
992
976.187
992
961
954.23
953
938
933.247
930
937
938
937.352
922
927.182
928.934
891
906
891
906
883
889.723
891.807
892.247
992
1008
1039
1047
1039.21
1031.65
1000
1000
984
961
961
969
961
961.61
961.604
969
967.729
930
936.479
906
969
1000
1031
1016
1008.37
1001.04
991.179
982.408
974.268
1008
1031
1029.59
1000
1031
1008
1000
1039
1016
1000
1001.54
1004.15
1000.48
1008
1003.7
1000
999.235
969
1031
1018.98
1094
1101
1083.64
1094
1086
1070
1047
992
953
930
929.562
922
930
945
953
965.306
992
977
985.169
945
953
922
922.939
938
937
930
930
932.724
968
973.186
984
985
984
982.641
978.951
974.048
1023
1015.17
1015
1000
1008
1016
1009.95
1002.66
1031
961
1047
1025.36
1016.14
1164
1140
1125
1102
1133
1120.91
1180
1180
1156
1164
1164.61
1156
1172
1125
1094
1101.45
1102
1179
1110
1156
1117
1086
1055
1064.89
1031
1023
1032
1117
1109
1047
1000
1016
1070
1089.2
1117
1112.12
1156
1016
1027.48
1032.94
961
992
992
985
1031
1070
1047
1047.26
1055
1056.43
1109
1086
1133
1117.58
1117
1125
1113.24
1107.24
1125
1164
1143.23
1156
1133
1148
1133
1117
1119.47
1117.42
1086
1086
1085.44
1086
1086
1078
1117
1063
1109
1099.27
1078
1031
1024
1026.79
1055
1059.22
1000
1039
1047
1044.4
1050.01
1055
1078
1094
1078
1078
1084.13
1031
1042.01
1039
1008
1047
1052.46
1031
1024
1036.02
1039.04
1031.54
1047
1039
1035.66
1023
1047
1039
1047
1070
1061.05
1039
1008
1019.56
922
945
960.566
965.523
972.16
1039
1070
1059.77
1016
1039
1039
1031
1024
1047
1039
1031
1023
961
973.834
906
899
937
953
969
1000
1008.25
1004.46
961
967.583
967.861
961.916
959.631
922
927.952
929.006
930.281
953
969
992
992
992
961
960.485
1000
992
1008
1008
995.101
969
961
956.088
984
977
992
992
1000
969
1047
1000
992
992
992.462
989.47
1008
1000
1023
1055
1039
1030.58
1025.9
1008
1023
1039
1047
1055
1039
1039
1031
1031.9
1039
1039
1034.24
1055
1039
1039
1039
1035.52
1054
1048.41
1045.63
1070
1063.75
1094
1070
1070
1069.57
1055
1039
1040.8
1047
1039
1070
1070
1055
1086
1086
1076.96
1055
1055
1047
1043.96
1070
1078
1067.81
1070
1071.8
1047
1023
1008
1008.84
1007.79
937
961
1000
1008
1008
1008
1031
1008
1039
1031
1016
1039
1038.35
1031.95
1032.62
1039
1034.81
1070
1039
1047
1039
1047
1039
1070
1071
1064.63
1078
1072.66
1078
1078
1055
1070
1055
1047
1062
1054.65
1078
1055
1058.94
1059.48
1078
1078
1075.98
1070
1071.42
1071.13
1068.98
1055
1055
1070
1039
1049.91
1051.38
1039
1047
1046.61
1039
1043.19
1044.44
1016
1028.35
1008
1016
1031
1055
1039
1046.6
1039
1047
1044.67
1045.62
1039
1055
1049.55
1062
1056.1
1056.41
1054
1054.25
1047
1031
1039
1035.57
1035.72
1031
1033.25
1023
1055
1070
1064.6
1070
1067.96
1086
1039
1055
1062
1047
1047
1039
1039
1070
1047
1055
1054.68
1039
1039
1008
1023
1008
1008
1031
1026.53
1023
1008
1013.55
1013.78
984
995.463
961
953
1000
1008
1008
1031
1031.49
1031
1047
1000
1039
1030.9
1027.2
1028.8
1025.9
1023
1022.66
1019.79
1062
1047
1086
1047
1047
1062
1057.62
1039
1043.08
1023
1026.29
1008
1000
1023
977
1008
1003.74
1002.43
1031
1000
1009.38
1039
1028.6
1008
969
983.616
986.165
953
930
937
939.848
945
938
944.854
961
953
957.45
976
969
992
992
1000
994.936
985
1015
1008
1000
1031
1000
999.082
1002.16
1000
1016
1031
1047
1038.57
1047
1039
1036.86
1039
1039
1035.02
1032.04
1030.77
1031
1039
1035.16
1039
1039
1023
1026.38
1031
1016
1018.6
1016
1070
1054.04
1039
1039.77
1016
1020.33
1021.65
1016
1039
1040.04
1055
1070
1061.99
1055
1062
1024
984
988.941
992
993.941
1039
1054.56
1031
1031
1024
1031
1027.89
1031
1024
1031
1027.7
1016
1023
1019.37
1018.1
1000
1031
1031
1047
1041.4
1031
1032.2
953
961
976.022
978.174
1008
1031
1032.06
1024
1070
1047
1039
1039
992
969
961
961
992
1000
1000
1003.97
1008
1039
1036.24
1039
1031
1023.1
1016.25
1031
1031
1025.79
1000
1016
1016.57
1039
1047
1039
1029.96
992
1000
1016
1039
1078
1047
1036.25
1062
1063.64
1047
1039
1031
1033.53
1036.93
1024
1062
1062.52
1008
1013.04
1000
1002.39
1008
1023
1024.79
1023
1008
992
1008
1012.73
1000
1002.02
1005.91
992
1008
1010.41
992
969
978.717
1008
1008
1008
1013.66
1008
1008
1008
1005.16
1016
1031
1008
1009.36
1012.83
1032
1021.84
1018.34
1047
1041
1039
1033.88
1031
1024
1023
1019.2
977
987.043
989.945
992.042
953
969
961
961
945
914
875
875
891
899.529
908.4
918.468
953
965.876
976
981.368
992
984
1024
1021.96
1014.14
1010.03
1039
1047
1039
1031
1031.61
1032.26
938
953
969
984
1000
995.914
1039
1047
1055
1047
1039.79
1034.24
1023.27
1047
1016
1039
1008
1031
1008
1010.45
1023
1008
1023
1016
1008
1012.44
1008
1023
1016
1016.71
961
922
928.127
929.775
945
953
930
953
953
957.992
984
969
977
979.034
978.015
969
953
945
938
939.176
940.815
943.111
945.771
948.489
992
1008
1004.78
992
983.607
976.082
992
1016
1010.08
1008
1039
1039
1047
1047
1038.19
1032.5
1031
1055
1047
1054
1039
1016
1017.82
1020.92
1008
1007.42
961
984
982.93
992
1008
1005
1005.57
1007.59
1009.1
1031
1008
1031
1031
1028.98
1026.39
1026.2
1027.33
1070
1058.63
1052.41
1047
1046.43
1062
1047
1055
1047
1046.13
1031
1034.93
1031.45
1023
1031
1016
1019.72
1019.15
1023
1021.67
1022.9
1023.79
1047
1039
1031
1032.59
1008
1039
1032.4
1023
1063
1039
1039
1039
1038.38
1039
1039
1037.43
1036.52
1031
1039
1035.35
1034.39
1033.9
1063
1070
1078
1039
1063
1039
1039
1040.12
1015
1008
1008
1008
1070
1016
1028.2
953
922
914
922
961
992
1000
1047
1059.09
1053.66
1008
992
985
984
969
970.831
973.403
1008
1039
1041.36
1032.76
1032
1025.8
1031
1039
1047
1039
1029.51
1055
1070
1047
1038.96
1055
1055.62
1071
1101
1063
1101
1094
1094
1117
1106.56
1094
1086
1083.35
1079.59
1078
1086
1082.72
1047
1039
1040.43
1008
1015.86
1017.02
1017.35
1008
1008
1031
1029.66
1034.06
1039
1047
1049.77
1070
1072.78
1055
1078
1070
1055
1078
1055
1070
1066.51
1055
1078
1071.65
1066.25
1067.45
1064.82
1061.83
1078
1078
1072.75
1055
1047
1054
1032
1054
1053.82
1051.88
1039
1023
1039
1000
1012.09
930
984
930
914
937
961
1008
1015.3
1026.93
1039
1041.78
1042.79
1039
1039
1047
1078
1078
1071
1078
1086
1082.93
1086
1082.88
1071
1071.17
1069.82
1055
1055.05
1055
1039
1070
1062.86
1063
1061.05
1058.53
1086
1070
1055
1031
1035.91
1016
1031
1039
1039
1055
1062
1063.95
1064.96
1065.98
1065.79
1031
1047
1047
1047
1070
1047
1047
1078
1070.69
1078
1047
1078
1078
1086
1086
1078
1086
1082.09
1055
1062.86
1070
1063.85
1060.7
1063.2
1055
1078
1070.58
1067.8
1055
1070
1039
1055
1039
1078
1055
1047
1039
1047
1062
1047
1047
1050.74
1070
1055
1056.51
1055
1078
1071.02
1086
1047
1078
1086
1070
1055
1039
1039
1039
1031
1047
1008
1000
1016
1031
1039
1039
1040.61
969
985.2
988.696
991.943
899
927.836
875
875
875
883
906
922
953
961
984
969
974.942
976
969
961
992
991.245
1000
1008
1023
1020.49
1055
1049.95
1086
1078
1086
1086
1070
1055
1070
1063
1062
1047
1047
1055
1050.78
1047.95
1047
1062
1032
1037.79
1039
1035.21
1047
1041.68
1039
1016
1023
1000
1031
1016
1020.07
1016
1039
1039
1039.62
1039
1031
1039
1016
1022.22
1022.09
1039
1055
1078
1078
1094
1117
1125
1109
1103.57
1094
1087.55
1083.4
1063
1101
1102
1078
1080.39
1083.34
1133
1117
1055
1070
1070
1047
1063
1031
1055
1053.61
1039
1055
1070
1068.13
1066.95
1055
1062.78
1064.58
1024
1039
1041.55
1041.32
1039.76
1043.28
1024
1031
1033.42
1016
1021.96
1039
1008
1019.53
1024
1031
1000
969
953
955.879
992
999.681
1005.91
1000
1000
1000
1000
1023
1008
1016
1031
1026.78
1039
1035.29
1047
1042.67
1036.97
1039
1039
1039
1024
1062
992
969
922
922
923.148
925.193
928.735
932.345
1070
1071
1066.74
1078
1074.54
1066.21
1086
1078
1086
1080.14
1076.7
1047
1078
1086
1109
1110
1109
1094
1094.63
1071
1078
1076.21
1086
1086
1078
1077.42
1055
1086
1109
1094
1109
1100.47
1047
1062.26
1000
1008
1009.38
1012.59
1063
1078
1101
1071
1078
1078
1071.02
1094
1148
1094
1094
1092.82
1083.97
1070
1039
1055
1070
1055
1070
1076.58
1073.8
1070.13
1039
1046.35
1046.29
1031
1024
1027.05
1026.81
1031
1047
1047
1062
1047
1039
1039
1008
1039
1031
1008
1031
1029.78
1039
1035.38
1047
1062
1039
1042.74
1047
1042.91
1070
1047
1078
1031
1055
1047
1062
1039
1045.2
1046.44
1078
1078
1047
1039
1043.02
1032
1031
1039
1047
1086
1076.34
1117
1102
1078
1101
1055
1070
1047
1047
1046.15
1045.38
1078
1070
1086
1055
1078
1016
1042.2
1039
1047
1062
1047
1051.57
1070
1047
1000
1008
1031
1027.02
1031
1024
1029.53
1030.13
1063
1109
1125
1125
1110.91
1117
1113.46
1125
1156
1125
1118.16
1117
1112.22
1148
1102
1102.48
1106.33
1125
1125
1094
1125
1125.69
1156
1149
1125
1109
1102
1102.65
1133
1130.27
1125
1117.82
1114.52
1008
1015
1016
1020.53
1086
1086
1088.25
1085.78
1089.91
1097.08
1102.56
1086
1070
1073.19
1039
1039
1039.49
1008
1031
1033.12
1038.52
1023
1030.31
1032.66
992
1000
992
930
969
1000
997.526
1039
1041.63
1040.79
1045.7
1078
1070
1063
1078
1071.77
1065.16
1078
1063
1058.9
1094
1086
1077.85
1078.24
1094
1109
1098.89
1094.4
1125
1125
1180
1148
1141
1140.55
1137.78
1132.94
1078
1055
1047
1031
1034.04
1054
1039
1055
1064.62
1063
1054
1059.17
1062.47
1063.08
1063.36
1016
1023
1022.68
1000
1015
1016
1023
1024
1039
1039
1031
1016
1023
1008
1016
1015
1008
1011.84
1013.46
1013.23
969
976
969
922
906
883
875
891
914
937
914
930
938.612
930
937
899
906
914
915.298
938
968
961
961
961
969
961
957.088
1000
994.71
1008
996.762
1008
1004.78
1023
1015.09
1047
1031
1039
1039
1034.25
1033.65
1055
1078
1078
1047
1047.92
1053.19
1008
1031
1039
1032.04
1028.32
1026.66
1027.79
1027.56
1070
1071
1078
1086
1101
1096.07
1070
1071.55
1070.29
1093
1063
1070
1072.76
1069.23
1101
1093.71
1063
1078
1078
1078
1047
1055
1023
1026.56
984
1000
1016
1016
1008
1016
1020.85
1023.63
1024.9
1028.6
1032
1034.54
1036.57
1031
1008
1039
1035.23
1055
1070
1047
1047
1047
1047.81
1039
1039
1032
1032.49
1039
1035.21
1070
1061.81
1086
1039
1016
1031
1030.59
1032.04
1024
1028.25
1054
1049.72
1078
1055
1055
1070
1047
1031
1008
1008
1000
1031
1040.83
1039
1040.91
1055
1055
1048.75
1039
1070
1024
1031
1008
1010.94
1012.4
1012.55
1031
1016
1031
1063
1031
1039
1040.89
1037.7
1039
1039
1071
1086
1077.29
1071.92
1055
1031
1008
1009.6
1010.83
1000
1047
1047
1055
1070
1070
1086
1039
1042.77
1024
1031
1047
1039
1039.23
1047
1062
1055
1051.7
1039
1016
1000
1001.63
1000
1000
1008
1031
1039
1041.14
1031
1031.29
992
984
961
985
1015
1039
1048.82
1047
1086
1092.73
1081.82
1071.77
1064.08
1047
1008
1002.67
1008
1000
1002.48
1005.84
1016
1008
1023
1008
1031
1047
1047
1055
1039
1037.58
1023
985
992
1000
961
992
969
976
969
922
953
947.951
985
992
1000
1008
1009.12
1023
1021.15
1015
1017.7
1031
1047
1062
1032
1034.93
1037.63
1036.64
1033.48
1031.15
1055
1070
1008
1031
1016
1017.13
1008
1000
1015
1039
969
994.267
953
961.463
963.456
938
953
953
954.521
956.733
891
891
914
961
984
1016
1016.04
1039
1086
1055
1039
1041.93
1047
1070
1039
1039.46
1078
1039
1055
1047
1054
1071
1062
1057.7
1039
1039
1039
1035.15
1032.47
1000
1005.88
1003.75
1002.81
1016
1018.08
1016
1031
992
1000
992
977
992
984
1008
1016
1023
1039
1040.22
1000
1023
1024
1031
1026.62
1055
1047.09
1042.46
1040.86
1035.19
1000
992
993.065
1031
1030.17
969
992
995.248
992.286
984
977
980.4
976
930
898
875
875.159
836
836
844
845.081
848.744
852.067
867
871.978
877.598
867
872.641
859
852
867
859
836
844.015
805
816.089
859
875
883
930
930.633
924.891
1047
1078
1038.87
1013.75
1102
1109
1080.21
1016
1017.53
937
914
899
903.318
914
953
961
984
977
992
945
943.997
945.106
907
907.598
875
844
891
900.734
859
867.41
914
945
946.665
953
961
930
945
944.389
922
914
898
883
883
875
877.139
879.693
898
953
957.89
1039
1000
991.098
977
976
953
942.774
922
914.151
922
929
934.59
930
929.918
961
969
1023
1000
992
1000
1016
1039
1000
990.531
1016
1015.39
1016
1000
993.626
977
976
961
961
969
984
992
969
968.137
984
990.284
992
982.464
976.355
978.984
1000
1000
993.906
968
922
891
875
906
930
948.373
1000
1031
1031
1047
1008
1008
1002.17
992.184
982.057
992
977
973.376
984
984.675
1008
1031
1047
1040.09
1055
1039
1054
1047.44
1024
1031
1000
1000
994.833
1039
1055
1055
1050.12
1078
1073.85
1023
1027.47
922
945.731
948.242
930
939.204
946
947.605
1039
1043.29
1039.68
1071
1067
1057.54
1016
1000
945
944.951
944.226
1032
1039
1054
1086
1077.26
1125
1094
1086
1094
1086
1078
1071.4
1078
1086
1077.46
1078
1073.96
1068.19
1102
1109
1086
1083.54
1117
1125
1112.8
1103.58
1078
1070
1068.5
1086
1070
1094
1099.16
1095.25
1101
1078
1071
1070
1047
1078
1055
1070
1055
1031
1031
1008
984
1000
985
1015
1016.4
992
1008
1000
1004.98
1004.68
1007.33
1016
1015.29
1018.73
1055
1047
1062
1008
1008
992
1016
1015
1024
1031
1030.83
1070
1047
1078
1078
1078
1078
1055
1055
1039
1035.7
969
953
953.703
906
917.472
891
906
906.104
945
946
945
955.878
906
922
898
875
852
855.482
852
859
883
930
948.462
977
985.139
1023
1024
1017.38
1039
1031
1039
1063
1101
1063
1059.1
1055
1070
1047
1047
1047
1039
1039
1055
1031
1047
1062
1024
1039
1037.33
1032.24
1029.7
1016
992
996.384
977
984
992
977
984.04
986.362
961
970.566
969.351
945
954.983
952.535
945
985
1031
1023
1032
1031
1025.39
1047
1031
1047
1062
1047
1047.55
1046.04
1039
1037.25
1039
1047
1042.3
1042.83
1042.86
1042.1
1039
1039
1037.33
1016
1031
1008
1011.05
953
994.859
961
972.264
961
966.099
966.25
938
953
992
992
993.349
992
1023
1000
1006.51
1031
1023.17
1031
1016
1008
1015
1000
1002.64
1016
1047
1070
1047
1043.15
1043.56
1039
1039
1039
1035
1016
1031
1039
1016
1023
1008
1009.04
1000
1001.54
1031
1008
1031
1031
1032
1030.07
1028.97
1023
1023.81
1031
1016
1019.94
1021.12
992
1004.51
914
987.052
922
947.274
961
946
984
961
984
977
992
977
992
1000
996.394
1023
1013.59
1014.59
1015
985
1000.74
1008
1031
1047
1031
1024
1031
1030.34
1026.74
977
984
981.618
984
977
979.52
1000
998.898
997.509
1031
1032.45
992
961
966.787
930
929
930
953
961.531
967.522
1000
1000
996.265
998.52
1000.14
1000
992
1000
977
974.771
1008
1031
1039
1047
1016
1015
1016
1008
1031
1026.26
1021.63
1039
1035.67
1039
1008
1023
1047
1040.1
1032.32
1039
1008
1031
1000
1004.04
1005.47
1031
1047
1008
961
945
953
969
961
992
1031
1008
1011.57
1000
1008
1015
1016
1013.28
1008
1047
1047
1039
1047
1044.3
1047
1041.82
1035.48
1062
1056.4
1048.7
1039
1038.85
1039
1031
1028.33
1025.72
1055
1047
1047
1042.57
1047
1047.55
1086
1086
1078
1078
1032
1033.18
1000
1004.75
1016
1000
1007.37
1016
1023
1024
1023
1026.09
1008
1031
992
1000.38
1016
1008
1009.63
1055
1047
1062
1056.85
1062
1057.98
1054
1051.93
1047
1039
1039
1000
1039
1016
1019.64
1008
984
993.865
961
971.262
984
1000
977
1031
1008
1031
1047
1031
1016
1023.54
1021.01
1031
1000
1039
1047
1039
1086
1070
1055
1094
1086
1078
1062
1066.76
1070
1024
1062
1055
1039
1086
1072.44
1063.08
1047
1055.32
1052.58
1045.6
1070
1062.9
1062
1059.95
1055
1039
1039
1016
976
983.855
914
914
922
923.716
977
984
1000
1005.68
1008
992
1000
992
992
992.744
993.011
1000
1000
1023
1016
1031
1055
1039
1055
1054
1049.63
1055
1062
1063
1070
1086
1078
1055
1057.27
1055
1051.61
1047
1047
1062
1055
1047
1039
1040.95
1039.98
1047
1043.91
1044.65
961
996.018
985
1031
1047
1070
1039
1016
1022.56
1025.66
1015
1016
1031
1033.37
1062
1039
1036.39
1041.47
1043.77
1040.12
1015
1008
961
945
922
899
901.265
903.419
1023
1055
1078
1070
1063
1047
1037.41
1000
1008
1008
1007.76
961
961
914
922
953
1000
1000
1016
1023
1000
993.266
1031
1033.34
1000
994.638
961
961
958.197
969
974.854
980.085
961
964.579
968.171
992
969
961
953
953
922
925.421
926.558
875
875
906
899
904.374
929
938
953
945
950.174
969
992
1008
1008
1023
1017.75
992
992
977
930
914
913.787
914.715
919.729
925.354
953
958.934
960.943
1023
977
961
1000
1070
1033.71
1086
1094
1117
1047
1047
1051
1078
1078
1086
1047
1047
1070
1070
1064.52
1078
1078
1063
1063.5
1064.54
1062.25
1058.16
1055
1039
1039
1037.37
1016
1023
1023.7
1025.99
1047
1070
1039
1016
1000
1000.69
961
970.365
969
992
961
961
953
945
946.992
922
898
875
852
875
883
922
945
1000
1000
1023
969
971.636
953
1008
1070
1110
1093
1067.26
1086
1086
1078.37
1086
1070
1071
1070
1055
1101
1094
1086
1078
1047
1047.18
1039
1070
1086
1117
1094
1109
1105.64
1000
977
976
969
953
977
984
984
992.104
1000.01
1000
1005.21
1008.74
1016
1017.71
1039
1070
1094
1093.89
1089.81
1087.35
1083.47
1070
1086
1078
1074.99
1078
1086
1084.44
1083.28
1086
1094
1090.4
1086.15
1078
1078
1078
1047
1055
1078
1072.89
1086
1078
1079.08
1079.45
1047
1059.08
1060.26
1086
1080.14
1080.13
1083.17
1093
1087.03
1083.7
1070
1078
1078
1055
1078
1075.1
1071.1
1071
1073.32
1078
1055
1062
1064.43
1039
1039
1042.68
1031
1032.89
1000
1000
1008
1039
1047
1047
1070
1070
1066.74
1055
1039
1039
1039
1038.18
1055
1062
1055
1078
1039
1000
977
984
977
981.161
1000
1010.5
1008
1023
1016
1031
1031
1039
1024
1023
1023.62
1023
1016
1039
1047
1045.64
1078
1055
1054.28
1039
1038.65
1063
1109
1102
1117
1125
1115.86
1125
1094
1089.69
1086
1078
1117
1094
1086
1087.64
1078
1078.6
1086
1078
1086
1062
1055
1070
1055
1086
1039
1047
1039
984
1014.44
961
992
985
1000
1031
1031.57
1040.33
1008
1023.53
1047
1094
1087.64
1102
1097.71
1095.96
1125
1117.93
1109
1086
1078
1094
1086
1078
1075.49
1076.46
1055
1058.72
1070
1055
1039
1070
1067.11
1055
1086
1078
1078
1063
1066.33
1067.56
1062
1047
1039
1043.38
1045.11
1024
1023
1047
1039
1036.28
1070
1070
922
906
974.311
953
969
982.176
1000
998.339
1003.96
1031
1055
1046.62
992
1006.15
984
961
930
930
898
1047
875
907.008
923.605
926.389
867
883
892.981
893.178
891
875
867
852
859
836
836
837.052
820
805
805
805.794
805
805
820
819.679
822.567
826.316
829.078
844
845.784
852
859
891
898
946
984
922
916.325
922
924.085
918.115
867
867
836
844
836
836
838.669
844
867
844
859
836
836
820
805
797
797.366
781
820
823.408
828
828
832.863
820
813
812
812.542
812.56
828
829.045
828
821
820
819.193
817.837
813
813.095
820
836
828
828
826.918
813
812.682
813
820
797
804.097
812
813
836
859
922
937
918.46
904.762
894.515
938
922
914
906
906
914
913.293
930
945
937.529
961
959.788
922
914
898
894.585
922
961
992
1008
1000
992
1000
991.21
979.448
992
1000
991.081
992
1000
994.401
1000
995.352
990.326
986.288
1000
1000
977
976
899
945
930
932.743
1000
1039
1039
1000
1008
1000
992
828
836
875.686
805
833.435
789
781
789
791.784
789
766
789
789
792.235
797
828
831.25
836
828
828
831.699
844
843.536
867
866.997
875
876.305
877.527
891
891
890
883
906
930
923.615
984
1008
992.003
1024
1020.64
1011.84
1031
1026.83
1020.83
1008
1055
1062
1078
1102
1078
1086
1089.42
1008
1039
1016
1012.24
1011.6
953
899
906
907.056
930
939.069
1008
1021.28
976
993.625
945
953
953
953.321
953
906
899
906
891
875
828
836
828
820
823.181
797
802.253
789
791.041
791.166
789
790.323
791.371
781
774
812
805
836
846.647
875
906
891
914
917.502
912.806
953
950.34
942.858
1086
953
951.568
954.365
852
851
854.255
875
898
883
884.093
922
930
937
914
883
887.677
875
898
894.675
891
937
922
916.005
961
960.85
961
946.807
940.632
941.244
945
961
945
930
930
945
969
976
963.171
992
988.827
992
985
992
1000
922
953
961
984
971.647
1023
1047
1024.69
1014.48
1015.19
1008.72
996.495
993.739
961
992
988.646
992
986.859
987.229
987.05
1016
1023
1013.96
1006.81
1008
1005.32
953
992
1000
1000
992.444
991.935
995.909
1039
1027.96
1047
1008
1055
1031
1070
1055
1039
1047
1039
1039.52
1035.9
1055
1070
1060.91
1055.85
1055.06
1063
1031
1016
1062
1000
1010.32
930
960.488
953
946
992
983.88
1008
1023
1047
1044.05
1015
1000
977
961
945
953
930
936.814
985
987.859
1031
1039
1039
1016
1012.53
1004.69
1070
1060.41
1024
1031
1031.83
1023.62
1014.81
1008
1031
1016
984
930
969
992
992
1031
1032.47
1086
1063
1070
1070
1058.2
1039
1016
1009.65
1005.06
1002.86
1047
1031
1032.81
1036.33
1039
1055
1049.83
1044.86
1055
1049.54
1039
1037.11
1055
1093
1082.41
1055
1078
1062
1055
1047
1055
1070
1078
1068.57
1063
1055
1047
1047.29
1047
1055
1047
1054
1039
1042.12
1043.41
992
1047
1039
1008
1020.22
1000
969
953
922
906
906.164
961
972.858
1031
1047
1039
1047
1062
1055
1031
1034.27
1008
1004.13
1003.14
999.324
1039
1055
1049.56
1045.05
1042.77
1047
1039
1039
1033.3
1000
977
974.753
974.071
992
1000
1016
1039
992
1000
1003.67
1008.22
930
945
938
939.868
945
930
936.599
945
922
930.925
933.747
930
934.011
936.512
939.494
969
971.089
985
992
990.955
977
978.421
979.717
977.212
975.261
961
961
992
985.809
1039
1047
1047
1063
1062
1047
1039.61
1039
992
992
985
984
969
973.406
992
1016
1031
1039
1047
1024
1039
1031
1023.1
1024
1054
1039
1016
1039
1016
1023
1016
1031
1000
1007.98
1000
1008
961
975.621
977
1000
1015
1013.65
1031
1008
1039
1039
1047
1016
1015
1017.85
984
1000
1016
1023
1047
1016
1039
1039
1023
1016
1016
1023
1017.23
1013.92
1008
1008
1015
1008
992
977
981.027
982.713
985.021
987.168
992
1008
961
969
976
979.128
945
953
956.188
914
930
932.28
969
969.522
970.892
1000
1023
1016
1009.67
1009.08
1015
985
992
995.928
992
1000
1000
1047
1055
1054
1055
1031
1047
1043.34
1024
992
996.094
938
984
1008
1031
1047
1008
1008
1009.85
1006.51
1008
1009.32
1000
1000
1008
1006.29
1055
1049.46
1008
1031
1031
1024
1062
1047
1125
1070
1024
1029.37
1030.36
961
986.974
988.343
875
875
875
867
883
945
938
952.508
967.665
1055
1045.04
1039
1031
1016
1016
1031
1023
1018.83
1018.71
1016.59
1013.4
1010.6
969
953
953.334
1047
1109
1086
1078
1047
1036.01
1039
1015
1024
1018.3
1016
1009.72
1008
1023
1000
1016
1014.39
1000
1023
1016
1000
961
1000
969
973.972
977.005
976.485
1039
1031
1047
1039
1039
1016
1000
1002.7
992
992
994.094
992
1008
1000
1003.77
1039
1031.66
1031
1027
1047
1047
1040.78
1071
1060.87
1054.03
1031
1055
1055
1045.24
1043.31
992
985
984
969
992
984
985
976
979.457
961
930
934.97
932.407
934.069
961
961
961
1000
1008
1047
1046.52
1078
1070
1086
1055
1031
1039
1031
1016
1031
1016
1031
1026.62
1039
1034.63
1008
1008
1006.43
1008
1031
1008
1031
1026.95
1025.8
1025.8
1000
1006.37
1008
1000
1003.79
1004.33
1000
1000
977
984
984.691
983.645
914
945
942.05
939.217
943.362
946.292
948.699
1008
1031
1039
1008
992
995.14
977
976.967
977.021
976
946
984
1008
1031
1020.95
984
906
914
922
937
938
940.517
945.031
948.669
953.221
969
961
1000
1031
1024.14
1011.88
1005.29
999.789
1078
1102
1094
1062
1055
1039
1023
1019.27
1017.18
992
991.23
961
953
922
937
938.965
914
914
899
898
875
875
875
874.622
844
836
828
829.088
828.537
844
851
875
891
914
929.972
899
922
968
946
914
906
906
902.679
899.273
899.826
898
875
875
875
906
906.793
902.785
900.437
984
968.759
951.067
1047
1062
1063
1078
1055
1041.79
1039
969
945
945
930
930
945
930
945
969
992
1000
995.413
953
956.331
953.478
948.918
953
977
984
981.881
979.525
1047
1047
1031
1039
945
953.184
953
945
961
968.476
1008
1023
969
961
953
961
961
961.016
930
945
969
945
914
919.619
922
945
922
922
914
922
923.504
961
957.724
1000
1000
1039
1047
1039
1026.72
1024
1062
1056.53
992
1016
1008
1015
985
1015
1016.58
1031
1022.23
1018.44
1020.57
1019.85
1023
1008
1039
1055
1070
1078
1064.94
1056.64
1054.9
1047
1042.52
1039.19
1015
1018.76
976
977
992
995.678
1001.07
1047
1078
1074.75
1101
1094
1078
1078
1024
1062
1047
1055
1086
1078
1101
1133
1117
1102
1125
1115.56
1108.48
1105.91
1101.43
984
1048.61
969
961
962.599
963.304
992
995.535
1007.37
984
938
984
984
969
978.33
938
955.268
1000
1039
1033.91
976
961
972.324
1016
1039
1078
1054.75
1035.01
1025.83
1028.26
1078
1074.79
1086
1086
1117
1106.49
1094
1087.09
1078
1075.86
1055
1039
1016
1023
1022.68
1024.85
1055
1063.18
1039
1031
985
992
992
1008
1017.49
1039
1049.2
1047
1031
1033.46
1039
1040.61
1032
1039
1042.02
1039.65
1062
1060.81
1023
1027.14
1029.15
992
999.591
1001.99
1023
1016
1031
1000
1000
1023
1008
1008
1008
1008
992
945
914
891
906
911.294
906
915.275
922.035
927.864
938
1031
992
1008
1039
1008
1219
1139.47
1008
1011.52
977
961
953
961
961
992
1008
1007.52
1070
1047
1008
992
991.239
984
977
1000
992
989.144
1000
992
992.012
992
969
984
961
969
992
961
984
1000
1008
1016
1010.46
1008
1005.03
1001.57
1039
961
961
992
985.084
1024
1031
1047
1070
1062.82
1078
1047
1047
1078
1055
1050.85
1055
1054
1047
1039
1016
1047
1037.19
1034.1
1008
1016
1054
1024
1026.36
1029.28
914
930
961
1000
994.944
1055
1039
1036.31
1039
1047
1078
1055
1070
1086
1070
1094
1047
1078
1071.63
1078
1071
1062
1063
1061.74
1047
1055
1050.45
1062
1039
1055
1047
1046.78
1047
1054
1051.31
1055
1039
1023
985
1015
1013.97
1031
1024
1031
1000
953
953
914
922
914
918.016
883
895.054
895.389
875
883.486
914
922
922
937
938
945.232
937
930
933.443
961
961
992
992
989.508
987.777
986.047
1031
1078
1055
1039.69
1055
1055
1062
1047
1039
1008
1000
1000.23
999.16
998.221
1047
1039
1047
1078
1070
1055
1050.17
1047
1008
992
992
961
953
961
961
953
959.148
922
931.894
930
929
932.946
945
961
961
967.428
961
961
962.873
961
984
984.943
977
1000
1031
1047
1031
1047
1008
1005.49
969
953
945
930
953
961
953
953
930
934.639
929
922
923.753
945
949.959
961
965.887
969.915
1000
1005.17
1005.23
1016
1023
1020.31
1016.85
1000
996.234
1023
1000
999.604
997.822
906
899
883
890
875
881.116
891
906
914
805
857.868
857.504
797
820
824.656
825.435
797
781
766
773
758
763.355
742
758
742
750
758
758
781
783.373
820
852
853.74
867
844
859
860
890
891
881.06
914
891
888.47
914
909.64
922
918.262
922
961
914
914
917.345
898
852
861.41
836
835.835
836.622
805
797
789
812
805
805
809.778
828
805
814.168
805
809.314
810.175
810.784
789
798.607
789
794.56
796.623
799.016
781
789
789
797
820
805
828
825.278
859
867
860.514
867
844
859
844
836
837.167
828
836
828
852
859
867
852
867
867
862.978
859
836
820
820.478
797
801.154
781
783.688
773
766
781
773
782
783.554
787.468
790.288
793.12
795.838
851
851.247
828
831.199
835.139
835.349
828
828
836
844
841.463
867
867
862.548
883
906
896.36
938
930.866
953
946.887
992
985.135
1008
1008
1031
1000
1039
1038.58
1032.55
1032.23
1000
1039
1016
1054
1047.96
1039
1070
1065.36
1070
1055
1055
1078
1070.08
1055
1070
1064.12
1061.3
1055
1062
1057.26
1086
1078
1086
1080.63
1079.92
1080.19
1078.17
1070
1055
1101
1088.19
1083.92
1125
1125
1133
1102
1103.2
1102
1109
1102.72
1125
1118.24
1156
1125
1156
1147.28
1117
1124.21
1121.59
1117.47
1109
1110.75
1148
1135.91
1130.6
1102
1109.98
1148
1110
1111.67
1141
1148
1156
1133
1149
1146.19
1125
1172
1148
1180
1169.09
1164
1161.45
1164
1172
1149
1152
1187
1149
1187
1133
1144.42
1149
1142.92
1142.58
1133
1125
1129.91
1133
1133
1156
1125
1133
1141
1125
1148
1141.76
1142.05
1125
1134.45
1125
1128.29
1130.25
1156
1147.49
1125
1141
1101
1117
1125
1122.13
1133
1125
1125
1148
1110
1123.3
1125.3
1086
1102.55
1104.88
1100.67
1102.82
1039
1039
1043.9
1031
1039
1047
1016
1030.01
1023
1016
1000
992
995.275
1000
1000
1003.8
1000
1039
1047
1052.93
1039
1047
1047
1086
1080.12
1078
1071
1078
1076.69
1086
1094
1088.9
1085.64
1084.55
1164
1146.63
1129.7
1164
1156
1150.19
1146.63
1203
1203
1181.44
1173.94
1172
1164
1161.26
1187
1125
1141
1143.08
1071
1101.61
1117
1094
1086
1070
1078
1047
1054.08
1057.59
1039
1044.43
1039
1023
1024
1031
1030.14
1039
1008
1008
1000
1008
1007.64
1016
1031
1039
1055
1078
1082.22
1117
1116.53
1141
1195
1203
1164
1153.13
1156
1102
1117
1141
1137.83
1131.33
1126.24
1127.93
1164
1172
1161.4
1150.61
1148
1149.65
1133
1156
1151.19
1141
1187
1141
1164
1141
1140
1164
1133
1125
1129.94
1086
1099.18
1094
1093.94
1094.29
1086
1090.5
1109
1125
1195
1141
1148.78
1172
1164
1156
1164
1117
1149
1156
1149.64
1180
1156
1164
1164
1157.67
1110
1121.37
1094
1086
1062
1063.91
1031
1035.45
1039
1039.86
1047
1031
1039.03
1041.1
1000
1015.93
1008
1015
1016
1000
1039
1039
1047
1078
1047
1078
1078
1076.76
1063
1070
1067.83
1039
1047
1047
1031
1039
1008
1039
1055
1062
1055
1047
1050.67
1054
1016
1039
1035.27
1015
1008
1000
1001.8
1016
1014.8
1078
1086
1094
1085.99
1078.87
1149
1148
1141
1187
1141
1164
1164
1154.58
1148.81
1094
1104.21
961
914
919.258
945
969
1023
1016
1027.04
1037.37
1094
1095.83
1094.56
1093.45
1117
1141
1156
1164
1180
1195
1203
1227
1180
1203
1211
1187
1203
1172
1170.99
1195
1193.73
1188.08
1179
1180
1172
1170.06
1156
1154.56
1164
1160.8
1161.66
1179
1176.01
1175.55
1125
1147.13
1145.57
1143.5
1063
1054
1055.72
1055
1039
1062
1039
1050.09
1070
1072.08
1047
1047
1039
1070
1069.31
1071.63
1074.35
1148
1149.03
1172
1164
1156
1125
1102
1125
1109
1133
1133
1140
1141
1156
1102
1125
1121.06
1125
1156
1145.28
1110
1156
1148
1133
1149
1148
1141.76
1133
1109
1117.85
1125
1141
1133.49
1109
1102
1107.13
1086
1086
1109
1086
1141
1132.63
1125
1164
1155.05
1146
1109
1125
1117
1141
1125
1133
1156
1117
1172
1148
1142.03
1156
1133
1141
1148
1133
1125
1132.21
1127.19
1124.11
1127.91
1124.79
1133
1141
1125
1133
1134.35
1101
1110
1113.24
1125
1119.61
1128.24
1125
1149
1141.45
1139.9
1141
1138.22
1117
1125
1117
1114.88
1141
1125
1127.13
1129.46
1156
1149
1148
1146.58
1140.98
1136.18
1070
1086
1039
1042.94
1062
1068.12
1076.09
1101
1107.72
1094
1102.29
1103.99
1117
1133
1130.83
1128.93
1133
1117
1113.98
1110.41
1106.63
1109
1094
1098.22
1096.18
1117
1117
1141
1136.35
1078
1101
1086
1039
1055
1086
1109
1141
1164
1155.77
1141
1164
1117
1121.54
1120.42
1113.05
1109.81
1109.35
1086
1090.53
1088.6
1109
1141
1133
1125
1133
1126.99
1117
1125
1120.04
1114.41
1156
1146.74
1141.67
1133
1164
1133
1070
1086
1125
1102
1164
1187
1164
1163.61
1160.64
1195
1180.3
1164
1164.91
1164
1125
1141
1133
1117
1141
1148
1125
1133.33
1164
1133
1125
1137.49
1102
1148
1149
1136.01
1141.59
1144.57
1164
1149
1152.78
1109
1125
1126.92
1117
1086
1078
1081.46
1133
1138.24
1133
1133
1148
1117
1124.04
1164
1102
1148
1156
1133
1133
1141.13
1109
1116.65
1133
1086
1070
1086
1086
1078
1117
1133
1119.07
1164
1133
1122.46
1156
1157
1125
1164
1179
1125
1141
1164
1125
1141
1164
1117
1126.68
1102
1140
1164
1180
1161.91
1161.19
1140
1094
1102.67
1156
1102
1117
1133
1156
1172
1163.96
1133
1148
1156
1143.94
1141.99
1147.02
1117
1125
1132.33
1140
1157
1195
1164
1164
1172
1162.99
1156
1164
1149
1117
1133
1156
1125
1133
1148
1141.75
1138.21
1146.91
1125
1149
1156
1125
1141
1144.9
1109
1117
1133
1117
1125
1134.23
1117
1125
1164
1149
1140
1150.68
1156
1086
1101.03
1141
1078
1117
1132.22
1125
1133
1140
1125
1131.2
1139.34
1122.01
1125
1125
1113.66
1148
1141.55
1127.9
1156
1144.37
1141
1109
1102
1109.16
1086
1117
1125
1094
1070
1078
1079.34
1094
1086
1093.13
1125
1141
1140
1135.82
1148
1144.87
1164
1125
1130.16
1135.67
1117
1125
1133
1148
1140.31
1134.39
1133
1131.94
1125
1094
1125
1126.04
1148
1094
1133
1148
1140.95
1117
1141
1133
1211
1195
1176.85
1170.64
1133
1148
1133
1078
1102
1140
1135.11
1164
1156
1164
1158.07
1150.91
1117
1125.39
1122.14
1031
1008
1031
1047
1180
1187
1180
1177.42
1187
1219
1203
1180
1234
1172
1166.74
1166.82
1155.5
1145.44
1140
1141
1137.68
1195
1164
1160.61
1055
1070
1133
1172
1234
1188
1195
1192.53
1203
1242
1219
1250
1219
1164
1195
1194.13
1125
1134.86
1142.77
1141
1195
1211
1156
1149
1157.82
1158.39
1151.15
1195
1194.22
1195
1172
1195
1180
1164
1195
1196
1148
1172
1180.94
1168.84
1172
1164
1195
1182.43
1141
1164
1156
1151.98
1152.73
1125
1047
1070.83
1047
1048.3
1052.24
1056.65
1172
1174.89
1164
1196
1195
1203
1211
1205.57
1203
1172
1211
1204.65
1164
1164
1141
1117
1117.4
1141
1109
1117
1124.43
1121.85
1122.43
1094
1140
1094
1047
1078
1076.07
1125
1164
1172
1156
1141
1156
1153.35
1147.88
1148.78
1133
1131.71
1195
1172
1203
1190.94
1172
1172
1125
1131.69
1128.76
1055
1039
1125
1156
1149.4
1195
1180
1133
1138.47
1142.8
1136.78
1134.27
1125
1122.83
1125
1094
1100.39
1102.03
1110
1109.8
1156
1164
1155.65
1195
1172
1161.43
1070
1047
1031
1133
1138.89
1195
1227
1242
1172
1211
1211
1211
1226
1217.01
1195
1211
1204.87
1218
1208.19
1203.66
1201.45
1196.9
1164
1102
1070
1117
1133
1149.01
1203
1209.31
1204.74
1055
1081.21
1172
1177.11
1172.4
1274
1265.01
1250
1219
1234
1224.85
1203
1180
1187
1211
1102
1086
1109
1133.01
1203
1191.12
1184.51
1219
1203
1181.66
1188
1190.93
1148
1141
1117
1111.87
1110.37
1086
1024
1070
1094
1100.28
1203
1242
1211
1227
1211
1156
1203
1172
1125
1164
1172
1133
1172
1179
1162.87
1117
1133.68
1023
1042.33
1048.63
1042.12
1172
1172
1158.75
1163.1
1155.66
1078
1047
1051.19
1050.17
969
1000
1000
1039
1055
1117
1117
1112.96
1180
1171.16
1149.29
1157
1148.6
1129.83
1124.81
1039
1047
1125
1156
1136.12
1134.84
1195
1149
1136.31
1156
1147.02
1054
1055
1047
1055
1148
1151.91
1187
1164
1151.82
1148
1136.23
1164
1133
1156
1156.79
1070
1084
1164
1180
1195
1179.25
1171.81
1164
1156
1141
1156
1156
1146.98
1143.55
1047
1016
1156
1109
1094
1164
1219
1203
1195
1188
1164
1156
1164
1155.23
1133
1129.17
1126.87
1123.66
1133
1132.48
1131.51
1172
1166.11
1158.15
1150.65
1141
1117
1156
1172
1078
1047
1049.87
1070
1141
1152.02
1153.33
1203
1195
1172
1180
1203
1203
1211
1202.27
1194.72
1203
1172
1109
1063
1078
1117
1172
1178.44
1172
1195
1141
1133.42
1172
1117
1055
1055
1060.68
1064.4
1219
1211
1258
1242
1219
1203
1203
1172
1164
1117
1031
1032
1117
1117
1219
1156
1155.48
1160.15
1172
1162.68
1125
1172
1172
1125
1164
1167.76
1164
1078
1095.82
1047
1051.73
1141
1149.17
1172
1219
1203
1172
1171.71
1170.7
1148
1086
1097.06
1015
977
1031
1078
1090.86
1156
1125
1141
1140
1110
1109.44
1110.64
1086
1125
1129.67
1117
1115.96
1141
1094
1070
1078.48
1070
1000
961
938
953
958.169
1148
1141
1117
1133
1125.01
1112.95
1149
1164
1125
1156
1133
1086
1117
1119.61
1105.06
1105.91
1023
1036.26
985
1086
1087.05
1187
1235
1205.11
1211
1242
1225.25
1203
1197.42
1086
1031
1016
1014.74
1109
1141
1148.65
1180
1181.82
1180
1195
1164
1180
1174.82
1195
1186.07
1178.52
1156
1180
1172
1086
1100.46
1031
1031
1078
1172
1188
1195
1187.99
1183.27
1125
1133
1117
1086
1090.93
984
984
1102
1129.87
1117
1121.32
1125.63
1124.51
1203
1194.83
1179.35
1195
1203
1180
1156
1153.46
1055
1058.03
1065
1069.88
1076.62
1109
1094
1094
1086
1125
1164
1154.59
1125
1141
1180
1211
1234
1211.03
1219
1220.15
1180
1174.26
1047
1067.91
1069.78
1078.96
1087.7
1187
1172
1166.74
1168.1
1179
1141
1125
1125
1141
1109
1039
1051.32
1039
1133
1203
1191.02
1250
1203
1183.84
1180.8
1125
1117.2
1110
1117
1133
1131.01
1172
1070
1070
1016
1017.3
1017.54
1133
1164
1163.96
1196
1192.25
1172
1148
1086
1000
953
961
964.918
1039
1195
1203
1219
1219
1202.99
1195
1179.14
1162.81
1148.96
1164
1133
1125.21
1120.01
1111.09
1102.23
1096.3
1055
1054.55
1054.64
1053.85
1141
1172
1165.5
1133
1127.49
1149
1070
992
961
960.331
1102
1148
1188
1156
1195
1195.19
1176.11
1102
1039
984
930
928.734
1078
1157
1265
1238.77
1211
1226
1211
1196
1218
1196
1185.02
1181.22
1172
1164
1158.72
1180
1148
1055
1066.41
1085.48
1141
1203
1200.59
1219
1242
1211
1200.06
1164
1151.46
1141.84
1211
1217.36
1203
1203.34
1164
1070
1024
1086
1156
1164
1203
1172
1164
1156
1172
1188
1179
1141
1137.8
1133
1148
1188
1188.68
1211
1211
1164
1154.56
1063
1062
1062.3
1125
1109
1102
1103.27
1105.49
1156
1164
1133
1172
1172
1117
1156
1159.44
1094
1105.98
1024
1101
1094
1095.31
1180
1169.79
1187
1180
1156
1180
1164
1154.04
1153.71
1144.55
1039
969
972.79
973.508
1078
1125
1180
1187
1178.96
1172.94
1165.25
1187
1211
1195
1188
1195
1187.24
1178.68
1094
1039
1038.58
1039
1047.14
1141
1195
1164
1203
1188
1226
1164
1141
1156
1151.54
1164
1125
1000
1014.99
1031.86
1061.69
1133
1164
1166.44
1165.91
1159.53
1149
1179
1180
1172
1117
1117.75
1086
1016
1023
1034.97
1148
1168.21
1161.74
1156.72
1187
1182.27
1166.48
1195
1203
1180
1094
1095.45
1117
1086
1133
1172
1125
1156
1141
1109
1111.2
1140
1125
1110
1148
1086
1090.06
1008
1125
1116.53
1112.75
1117.23
1140
1133.05
1128.66
1219
1196.89
1211
1203
1195
1203
1164
1055
1047
1117
1126.85
1128.2
1180
1156
1172
1148
1141
1125
1133
1172
1160.17
1152.83
1148.85
1142.62
1135.94
1130.64
1094
1031
1055
1117
1133
1195
1195.68
1172
1163.95
1164
1125
1118.88
1180
1140
1157
1125
1127.76
1129.95
1127.71
1063
1039
1040.7
1203
1219
1219
1234
1203
1164
1153.64
1156
1133
1125.67
1125.55
1122.52
1016
1036.54
984
1000
1055
1211
1226
1211.29
1211
1187
1164
1172
1156
1149
1195
1188.53
1156
1180
1180
1148
1086
1091.29
976
1000
1102
1180
1173.21
1219
1203
1226
1210.57
1197.42
1133
1156
1125
1120.68
1124.9
1110
1031
1048.9
930
1023
1037.03
1227
1273
1211
1210.62
1207.42
1125
1128.67
1031
1047
1050.29
1109
1117.94
1164
1167.71
1179
1175.59
1164
1172
1162.35
1152.48
1055
1071.51
1074.29
1125
1180
1168.8
1160.84
1152.83
1140.14
1156
1125
1133
1187
1181.76
1125
1164
1141
1117
1024
1023
1033.37
1039.96
1044.23
1057.79
1125
1101
1071
1093
1141
1125
1125
1164
1156
1164
1133
1135.53
1140.51
1131.57
1118.99
1121.02
1039
1047
1109
1172
1151.2
1138.35
1140.04
1138.34
1156
1141
1172
1166.48
1152.45
1157
1152.94
1143.26
1039
1008
1009.78
1008
1039
1141
1133
1187
1203
1180
1211
1219
1195
1186.38
1179.96
1149
1062
1000
1008
1039
1079.45
1172
1200.78
1211
1172
1163.57
1180
1133
1117
1117
1102
1148
1180
1164
1133
1148
1164
1157.78
1203
1133
1078
1000
1016
1070
1109
1141
1140.68
1134.36
1188
1187
1141
1135.61
1195
1203.82
1172
1187
1133
1188
1164
1156
1150.21
1125
1039
1047
1065.94
1094
1078
1086
1078
1077.75
1055
1057.38
1058.55
1133
1148
1140.76
1134.21
1102
1102.92
1024
1117
1156
1172
1188
1175.81
1164
1153.54
1172
1148
1138.68
1172
1172
1160.33
1180
1141
1148
1156
1055
1000
1000
1133
1156
1219
1211
1197.34
1211
1211
1172
1117
1125
1125.51
1070
1133
1151.73
1187
1180
1180
1140
1024
1062
1055
1086
1090.92
1203
1172
1203
1188
1169.77
1133
1156
1164
1125
1134.15
1125
1094
1031
1016
1016.39
1017.03
1164
1167.76
1203
1203
1164
1133
1102
1091.16
1085.31
1172
1176.9
1168.46
1160.46
1078
1078.83
1086
1164
1173.8
1117
1108.13
1156
1133
1164
1164
1142.36
992
969
992
1023
1172
1211
1189.54
1180
1180
1180.69
1173.59
1153.01
1133
1156
1159.82
1149.32
1148
1138.98
1133.27
1125.88
1125
1164
1160.25
1211
1125
1133
1164
1125
1123.52
1121.77
1148
1143.15
1138.54
1039
984
985
1093
1118.21
1242
1222.28
1204.46
1203
1195
1176.23
1188
1195
1172
1164
1219
1203
1156
1157.59
1164.4
1160.97
984
1008
1086
1109
1141
1172
1187
1172
1188
1184.35
1156
1133
1125
1109
1125
1110
1117
1124.65
1172
1203
1190.35
1219
1211
1195
1187.86
1195
1211
1195
1189.89
1186.75
1062
1092.76
961
986.613
1125
1156
1188
1189.35
1195
1193.45
1180
1141
1140
1141
1203
1164
1094
1109
1102
1133
1135.32
1135.54
1172
1164
1133
1133
1125
1125
1148
1172
1141
1148
1094
1055
1070
1125
1141
1179
1174.46
1172
1162.02
1148.76
1203
1149
1148
1117
1115.41
977
1000
1125
1109
1108.82
1111.07
1117.71
1125
1125
1078
1089.53
1188
1167.07
1164
1142.77
1139.32
1156
1086
1024
1023
1033.27
1078
1094
1094.61
1164
1078
1080.36
1092.62
1000
1109
1103.78
1258
1242
1234
1211
1188
1177.18
1156
1070
977
985.116
992.379
992
997.443
1211
1188
1164
1164.1
1147.19
1117
1133
1131.33
1133
1054
1058.49
1039
1086
1089.18
1172
1164
1180
1174.1
1172
1160.32
1141
1117
1086
1078.35
1074.7
1062
1024
1086
1109
1133
1156
1125
1121.17
1148
1125
1141
1179
1149
1109
1047
1039
1034.74
1086
1110
1140
1102
1086
1086
1085.24
1148
1150.71
1141
1179
1173.96
1158.45
1133
1122.86
1102
1094.09
953
953
964.837
976.477
992.754
1005.94
1022.91
1219
1164
1150.56
1172
1156
1125
1125
1123.66
1086
1117
1164
1145
1164
1188
1170.74
1159.99
1172
1162.93
1148
1147.21
1144.5
1138.35
1070
1180
1203
1188
1179
1110
1117.14
1120.53
1086
1125
1164
1125
1133
1117
1078
1086
1125
1203
1188
1203
1199.87
1164
1155.87
1153.26
1016
984
1000
1031
1043.08
1052.9
1227
1218.6
1200.54
1188
1156
1070
1008
1007.41
1047
1164
1177.19
1164.3
1147.58
1141
1133
1115.14
1109
1008
984
985
968
969
970.222
970.879
1125
1135.56
1156
1139.34
1127.06
1148
1149.02
1133
1156
1154.74
1094
1140
1188
1187
1157
1156.68
1161.9
1164
1156.21
1151.65
1180
1148
1149
1149.31
1117
1125
1117
1110
1164
1158.4
1141
1148
1117
1094
1109
1133
1149
1156
1155.11
1149.83
1070
1047
1048.82
1086
1117
1094
1133
1109
1094
1062
1016
1018.26
1039
1063
1109
1125
1126.97
1125
1117.59
1125
1117
1094
1070
1063.1
1059.09
1060.21
1063.15
1031
1032.45
1039
1043.16
1031
1034.88
969
945
944.877
938
961
961
968
930
945.466
930
934.828
984
989.961
1023
1047
1031
1016
1016
1000
992
989.619
945
930
937
930
969
1000
1015
1008
1039
1047
1039
1029.78
1039
1016
1039
1062
1016
1031
1047
1034.22
1028.16
1063
1056.58
1047
1086
1070
1086
1109
1093.08
1078
1063
1062
1071
1063.27
1071
1062
1086
1094
1078
1094
1109
1097.4
1094
1101
1094
1070
1075.7
1047
1070
1055
1016
1027.31
992
995.342
1031
1039
1039
1046.88
1070
1071.68
1072.39
1047
1062
1047
1047
1086
1055
1058.33
1078
1055
1062
1064.05
1070
1078
1072.72
1117
1094
1089.09
1088.18
1117
1109
1110
1103.91
1109
1105.53
1109
1078
1086
1071
1070.82
1086
1078
1109
1102
1109
1094
1109
1063
1076.59
1031
1023
1024.14
1031
1016
1023.43
1047
1047
1070
1047
1047
1047
1047.59
1031
1031
1016
1000
1002.23
1016
1016.63
1024
1031
992
1000
1008
1008
1015
1017.73
1070
1069.57
1060.51
1047
1039
1031
1016
1039
1031
1028.64
1030.24
1039
1047
1039
1078
1055
1070
1062.96
1039
1047
1047
1038.62
1039
1047
1042.7
1038.89
1039.34
1038.02
1016
1031
1008
1047
1039
1039
1039.48
1039.64
1038.5
1000
1017.18
984
1000
1016
1012.16
1039
1055
1039
1039
1041.61
961
961
969
984
986.507
984
969
1000
1031
1008
1012.96
1023
1014.86
992
1000
953
958.841
960.714
958.194
961
976
977.814
969
972.482
953
922
926.359
930
1000
1005.93
1039
1031
1020.06
1031
1023.26
1011.33
1005.55
1109
1039
1055
1070
1078
1047
1051.51
1117
1164
1164
1129.42
1111.38
1141
1164
1164
1164
1164
1172
1133
1164
1164.31
1157.2
1148.45
1144.83
1145.91
1145.64
1117
1125
1125.56
1109
1106.42
1125
1126.54
1117
1133
1125
1140
1133
1133
1135.32
1141
1136.92
1102
1116.38
1117
1116.01
1114.76
1117.41
1119.66
1086
1101.13
1117
1125
1116.3
1121
1117
1102
1070
1078.71
1062
1039
1024
1025.96
1039
1047.4
1023
1000
1016
1000
1004.46
1000
1016
1019.49
1024.82
1023
1028.07
992
1000
1000
1000
969
984
977
992
1000
1008
1047
1049.63
1043.8
1038.12
1070
1055
1078
1078
1063
1078
1073.84
1055
1059.14
1070
1060.73
1056.45
1070
1071
1070
1065.47
1062
1024
1039
1047
1039
1031
1039
1016
1019.67
1047
1044.26
1078
1086
1076.94
1078.7
1039
1008
1015
985
992
984
953
959.627
959.567
1015
1024
1062
1086
1055
1039
1038
1039
1016
1047
1051.79
1102
1125
1109
1094
1117
1078
1055
1039
1055
1062
1055
1094
1070
1078
1078
1070.41
1078
1086
1055
1070
1055
1062
1063
1059.57
1059.95
1078
1078
1047
1056.75
1058.41
1054.84
1056.71
1156
1125
1125
1125
1125
1117
1094
1093.34
1070
1071
1068.59
1078
1047
1070
1086
1117
1133
1125
1133
1062
977
930
929.843
953
984.267
1006.23
1180
1125
1078
1086
1055
1045.93
1031
1055
1078
1016
1023
1047
1086
1055
1062
1047
1086
1109
1086.17
1070.49
1156
1133
1156
1180
1172
1148
1172
1172
1141
1125
1133.63
1125
1180
1156
1164
1172
1164.87
1187
1180
1172
1195
1185.53
1178.71
1177.8
1173.1
1039
1062
1094.2
1091.01
1086
1094
1117
1133
1156
1164
1159.33
1117
1130.01
1055
1039
1101
1106.41
1133
1133
1148
1125
1094
1096.68
1101
1055
1066.01
1070.27
1068.16
1016
1039
1044.05
1044.1
1055
1070
1094
1086
1117
1118.69
1078
1000
969
1008
1109
1106.01
1164
1133
1148
1138.94
1180
1164.52
1117
1109
1104.42
1091.25
1078
1074.15
1069.96
1065.71
1086
1125
1133
1133
1148
1143.02
1086
1085.05
1148
1147.48
1156
1139.74
1172
1195
1172
1219
1195
1179.98
1178.46
1133
1125
1156
1125
1086
1070
1102
1219
1195
1203
1211
1180
1164
1148
1137.2
1109
1141
1180
1125
1125
1137.4
1140
1134.65
1102
1164
1162.85
1151.22
1142.39
1146.94
1141
1125
1148
1156
1147.54
1117
1125.61
1133.24
1063
1109
1116.26
1117
1107.71
1118.75
1127.36
1118.67
1111.58
1133
1134.77
1123.31
1164
1156.9
1047
1069.96
1055
1047
1039
1049.76
1054.62
1053.53
1250
1234
1219
1219
1205.25
1211
1211
1203
1211
1200.45
1219
1209.87
1219
1195
1172
1173.56
1196
1189.56
1211
1206.63
1242
1237.91
1195
1195
1196
1226
1211
1219
1215.4
1219
1203
1206.45
1156
1167.72
1125
1125
1125.12
1149
1148
1154.94
1172
1156
1086
992
899
901.381
906
930
953
997.906
1062
1113.41
1071
1101
1137.59
1031
1042.57
1047
1023
1000
1008
1012.88
1023
1008
1012.3
1047
1039
1031
1030.57
1070
1070
1051.88
1055
1086
1078
1055
1062
1086
1055
1031
1086
1125
1125
1125
1141
1109
1096.42
1078
1086
1086
1076.1
1047
1047
1055
1070
1055
1070
1008
1020.77
1023.5
1078
1039
1047
1056.43
1070
1086
1094
1102
1101
1094
1133
1109
1102
1109
1102
1093
1086
1094
1078
1078.51
1094
1087.13
1117
1149
1164
1187
1175.28
1167.92
1203
1195.1
1184.1
1177.03
1133
1187
1211
1172
1171.26
1195
1172
1168.46
1172
1170.9
1164
1161.79
1149
1179
1180
1195
1180
1203
1172
1172
1164
1164
1133
1148.19
1156
1141
1125
1156
1152.13
1125
1180
1148
1125
1094
1107.03
1078
1063
1023
977
1070
1071.46
1203
1172
1172
1179
1102
1117
1148
1094
1070
1071
1086
1070
1078.59
1070
1078
1047
1047
1051.4
1125
1109
1110
1109
1094
1090.55
1125
1133
1133
1116.33
1117
1110
1110.18
1140
1141
1148
1149
1156
1164
1161.13
1180
1175.09
1164
1195
1149
1151.36
1149.96
1156
1133
1134.51
1125
1125.23
1123.88
1133
1094
1125
1125
1156
1149
1147.42
1133
1125
1129.11
1125
1125.56
1078
1070
1070.94
1055
1059.74
1070
1073.24
1094
1070
1055
1078
1070
1073.71
1086
1086.29
1055
1047
1070
1055
1039
1044.55
1047
1049.36
1008
1031
1016
1023
1022.31
1063
1070
1055
1062
1047
1049.66
1051.14
1048.48
1078
1117
1105.14
1097.45
1133
1127.03
1116.08
1112.28
1172
1156
1142.1
1157
1179
1167.44
1172
1170.78
1172
1187
1172
1180
1172
1187
1180
1164
1167.96
1133
1094
1099.72
1133
1136.02
1138.66
1078
1117
1102
1101.54
1156
1195
1185.82
1182.02
1185.24
984
969
945
945
969
1047
1117
1133
1141
1109
1086
1070
1055
1053.73
1055
1062
1039
1055
1086
1087.52
1063
1062.26
1070
1016
1023
1008
1008.3
992
1031
1000
1005.55
1007.93
961
961
961.918
962.522
992
985
984
977
984
969
976
985
976
969
969
976
975.124
977.388
969
992
969
969
972.331
969
992
969
1000
984
977
978.373
978.51
976.578
975.822
984
969
992
985
992
1000
1000
997.403
997.013
1016
1031
1024.06
1031
1028.22
1027.94
992
1031
1000
1000
1001.1
999.924
1000
1000
1000.19
1000
1008
1004.51
1003.87
1004.69
1000
1002.06
1023
1014.18
969
1018.05
984
961
953
945
930
945
943.15
969
966.437
969
992
992
994.338
961
969.746
977
992
992
987.57
1039
1016
1012.04
1031
1024.65
1000
1005.16
1006.05
1008
998.071
999.187
1024
1070
1055
1041.89
1101
1086
1047
1039
1047
1031
1016
1018.65
1022.21
1063
1049.06
1102
1125
1097.11
1024
1039
1062
1055
1047
1086
1088.97
1078
1086
1088.63
1071.66
1059.5
1054
1016
1018.26
1054
1063
1086
1081.42
1078
1078
1063
1078
1072.54
1062.82
1061.78
1059.77
1117
1094
1125
1114.03
1094
1125
1114.2
1102
1103.16
1140
1110
1108.45
1141
1156
1156
1188
1176.5
1156
1219
1180
1176.28
1195
1141
1125
1156
1156
1117
1110
1116.56
1110
1110.19
1164
1125
1164
1172
1133
1164
1180
1156
1164
1164
1145.8
1156
1162.12
1164
1125
1125
1133
1117
1086
1100.11
1102
1086
1078
1078
1047
1055
1059.25
1117
1117.59
1125
1133.79
1130.92
1140
1141.16
1110
1115.19
1117.68
1086
1094
1097.56
1039
1053.75
1039
1034.59
1039
1039
1094
1102
1109
1107.25
1101
1095.2
1078
1070
1065.62
1086
1088.05
1086
1088.88
1078
1078
1039
1047.98
1055
1059.58
1062
1094
1100.75
1093.58
1087.63
1125
1125
1113.2
1125
1102
1093.76
1101
1098.83
1091.79
1093
1110
1108.57
1099.65
1078
1078
1079.72
1078
1075.35
1055
1062
1039
1016
1000
1001.24
1078
1089.71
1092.46
1078
1078
1047
1039
1039
1024
1023
1031
1037.85
1045.65
1051.81
1055
1055
1101
1104.93
1109
1098.45
1089.41
1078
1094
1109
1125
1094
1082.84
1109
1112.88
1148
1136.68
1117
1107.25
1110.82
1070
1086
1088.36
1090
1055
1056.67
1094
1099.52
1097.58
1086.16
1081.26
1157
1148
1125
1125
1128.68
1055
1062.37
914
899
937
1133
1047
1047
1066.09
1031
992
992
1001.94
1010.55
1010.37
1013.39
1039
1044.98
1000
992
1000.56
992
990.841
991.38
1055
1051.54
1047
1039
1037.73
1047
1031
1020.02
1055
1031
1022.55
1078
1094
1109
1087.22
1094
1094
1062
1024
1028.78
1024
1023
1023.52
1028.65
1030.96
1028.07
1027.98
1047
1046.5
1041.47
1102
1140
1094
1088.24
1148
1172
1133
1164
1125
1110.88
1070
1156
1151.1
1195
1171.94
1148
1150.72
1094
1096.2
1133
1125
1172
1156
1125
1164
1172
1156.5
1146.11
1141
1140.62
1133
1172
1161.66
1152.44
1172
1172
1172
1195
1182.71
1174.09
1125
1125
1141
1148
1143.11
1164
1156
1150.46
1151.32
1153.21
1172
1172
1187
1157
1148
1150.04
1109
1116.19
1133
1135.96
1187
1149
1125
1117
1078
1081.83
1078
1172
1148
1133
1117
1120.97
1109
1125
1102
1109
1133
1117
1117.69
1119.9
1133
1102
1093
1094
1055
1109
1133
1125
1118.44
1141
1148
1134.37
1128.72
1125
1156
1172
1133
1156
1164
1141
1140
1125
1016
945
947.895
949.615
1015
1055.62
1164
1173.73
1180
1172.58
1141
1133
1125.62
1115.3
1110.04
1107.07
1031
1008
1008.58
1039
1023
1055
1078
1078
1039
1040.56
1055
1031
1029.86
1032.15
1008
1023
1008
1086
1055
1031
1070
1063
1070
1133
1187
1141
1125
1125
1164
1102
1109
1116.98
1172
1172
1144.77
1219
1195
1227
1203
1193.51
1203
1211
1188
1184.1
1195
1219
1202.42
1195
1195
1188
1234
1242
1221.15
1180
1203
1172
1203
1211
1172
1176.02
1180.82
1187
1184.31
1180
1180.95
1188.96
1180
1156
1188
1187
1164
1211
1172
1164
1172
1141
1125
1140
1133
1125
1125
1125
1102
1109
1094
1096.93
1047
1070
1047
1047
1039
1078
1070.31
1076.88
1082.64
1031
1000
1007.3
1047
1047
1047
1056.33
1063.04
1078
1125
1133
1124.74
1055
1070
1039
1031
1055
1061.6
1059.86
1023
1026.3
1078
1070
1060.07
1063
1064.19
1094
1089.7
1074.56
1055
1059.3
1055
1070
1062.78
1094
1086
1047
1078
1055
1078
1071.17
1070
1047
1078
1031
977
986.397
930
1031
1110
1218
1172
1172
1141
1130.41
1119.62
1094
1070
1110
1125
1078
1081.14
1101
1063
1062
1055
1050.92
1047
1047
1047.56
1047.52
1055
1055
1078
1133
1128.55
1140
1132.21
1156
1133
1125
1086
1078
1078
1055
1058.47
1086
1141
1117
1115.72
1110
1102.23
1086
1078
1078
1076.52
1063
1125
1148
1102
1098.96
1102.72
1096.17
1090.09
1090.22
1125
1125
1086
1085.32
1133
1109
1117
1141
1125
1115.39
1116.63
1078
1083.44
1087.47
1063
1062
1063
1064.3
1055
1101
1110.17
1117
1125
1141
1117
1125
1127.66
1115.78
1039
1052.91
1056.81
1164
1133
1133
1156
1145.74
1180
1173.47
1159.09
1172
1172
1180
1164
1195
1164
1156
1157.41
1149.18
1148
1145.33
1148
1141
1140.6
1133
1156
1149.3
1147.41
1086
1086
1088.83
1008
1082.41
1072.44
1016
969
984
985.947
1031
1008
1047
1125
1140
1180
1125
1078
1063
1062.33
1063.03
1016
1054
1125
1164
1141
1156
1141
1125
1133
1156
1125
1111.74
1133
1148
1130.61
1119.24
1118.79
1112.66
1133
1156
1144.31
1133
1134.6
1133
1148
1180
1125
1127.26
1172
1168.43
1156
1148.88
1151.28
1125
1164
1156.15
1149.43
1141
1117
1127.39
1148
1146.47
1156
1141
1136.43
1109
1094
1055
1109
1086
1090.23
1078
1083.53
1016
1039
1039.9
1039
1063
1125
1128.95
992
961
961
984
1149
1146.22
1188
1148
1156
1094
1087.07
1080.96
1071.7
1055
1008
1015
1015.79
1039
1008
1031
1125
1086
1164
1154.59
1063
1039
1043.43
1039.15
1141
1211
1195
1125
1125
1125
1112.69
1102.05
1099.63
1086
1055
1078
1086
1086
1070
1055
1057.78
1078
1117
1108.9
1125
1118.61
1141
1135.85
1117
1094
1125
1203
1211
1172
1195
1133
1094
1086
1086.95
1091.06
1095.78
1096.19
1039
1055
1078
1090.01
1094.31
1089.1
1133
1125
1070
1074.79
1080.55
1078
1079.47
1078.51
1094
1099.89
1070
1072.7
1109
1094
1086
1094
1101.77
1039
1052.11
1086
1039
1086
1092.14
1086
1125
1125
1125
1140
1133
1149
1140
1133
1131.93
1141
1086
1102.87
1100.16
1195
1188
1172
1148
1164
1141
1148
1180
1163.94
1157.52
1154.72
1164
1125
1130.46
1133
1133
1172
1195
1172
1167.14
1141
1156
1152.21
1070
985
976
976.131
1195
1187.28
1183.1
1184.84
1133
1078
1079.36
1079.51
1000
1016
1025.66
1033.68
1035.8
1071
1078
1078
1055
1070
1109
1055
1053.73
1062
1061.73
1039
1047
1070
1094
1070
1047
1086
1117
1133
1103.33
1091.99
1100.13
1093
1075.53
1066.52
1071.54
1070
1078
1102
1096.97
1133
1117
1104.42
1100.06
1086
1086
1086
1156
1138.4
1125
1118.54
1125
1109
1164
1102
1109
1110.97
1023
1070.04
1000
1016.85
1141
1117
1117
1094
1055
1062
1055
1039
1042.87
1101
1094
1086
1085.55
1109
1104.37
1095.53
1047
1055
1060.29
1070
1094
1078
1078
1080.06
1078
1078
1086
1102
1109
1099.66
1125
1123.34
1086
1117
1133
1117
1106.3
1125
1125
1125
1156
1141
1133
1140
1110
1109
1110.36
1106.51
1055
1074.43
1164
1125
1086
1133
1101
1055
1094
1140
1125.83
1115.07
1117
1121.53
1110.84
1103.95
969
961
979.684
1055
1156
1149.75
1086
1078
1087.38
1031
1008
1014.09
1086
1078
1067.58
1068.4
1086
1078
1065.46
1078
1080.07
1047
1044.13
1048.05
1203
1149.95
1133
1101
1071
1070
1039
1086
1086.99
1078.61
1070
1072.35
1063
1059.26
1056.18
1078
1075.71
1072.62
1039
1039
985
1023
1102
1187
1133
1110.49
1149
1144.58
1094
1086
1055
1050.76
1049.97
1008
1000
945
922
914
913.446
930
992
1117
1126.51
1063
1062
1067.88
1086
1109
1141
1125
1117
1133
1132.4
1086
1084.47
1195
1184.34
1156.8
1156
1157.57
1153.52
1125
1125
1141
1117
1125
1172
1156
1140.49
1135.25
1078
1083.75
1088.81
1117
1111.83
1086
1094
1101.97
1101.41
1093.33
781
766
862.354
919.986
773
758
758
767.402
772.766
766
775.534
783.963
789.819
766
774.022
820
820
823.163
825.708
867
859
844
844
828
820
797
828
828.336
875
868.624
856.017
906
914
899.733
890
883
879.21
922
910.347
953
961
969
961
961
984
938
976
977
961
992
1016
1000
1031
1055
1078
1031
1032.03
1062
985
1000
992
985.271
1000
993.607
992.801
1031
1020.39
1102
1074.17
1039
1031
1028.02
992
985
987.043
992
969
976.021
969
970.651
977
976.454
1008
1007.51
1008
1009.04
1009.28
1008.4
1125
1064.72
1047
1039
1000
1008
1005.82
1047
1039.87
1008
1039
1040.55
1055
1023
1031
1033.77
1023
1055
1047
1041.22
1024
1054
1000
969
975.696
977
979.111
981.687
1015
1023.58
1021.66
1054
1047
1063
1101
1063
1086
1082.04
1069.13
945
907
890
883
885.394
929
963.565
1156
1136.36
1164
1187
1125
1112.04
1133
1078
1063
1062.88
1052.69
1000
1001.61
1063
1078
1094
1109
1101.76
1086
1047
1039
1031
1047
1055
1049.58
1071
1067.2
1078
1078
1078
1078
1075.36
1125
1164
1109
1102
1094
1070
1063.38
1055
1054
1008
1016
1039
1048.92
1056.36
1093
1102.74
1015
1008
1000
1008
1039
1055
1062.44
1125
1128.64
1086
1094
1078
1063.03
1078
1031
969
974.534
977.309
1000
1000
1102
1156
1119.12
1117
1133
1115.38
1109
1110
1109
1016
1017.96
961
945
961
1055
1086
1086.12
1133
1128.09
1102
1117
1115.37
1093.33
1063
1070
1031
1008
1008.59
945
947.022
906
906.605
937
1008
1043.47
1187
1177.46
1203
1172
1164
1179
1163.83
1150.13
1102
1117
1063
1078
1086
1088.02
1088.41
1125
1125
1121.3
1141
1164
1125
1164
1117
1116.47
1086
1109
1102
1099.44
1099.71
1101.97
1086
1078
1082.17
1008
969
937
914
914.319
961
996.263
1000
1086
1125
1121.3
1086
1078
1055
1078
1094
1078
1078.3
1082.31
1078.95
1086
1086
1094
1055
1109
1102
1078
1075.99
1039
1040.9
1086
1125
1114.42
1125
1141
1125
1125
1148
1133
1086
1095.41
1016
1000
1000
1000
1008
1014.96
1086
1117
1115.11
1133
1109
1055
1094
1070
1016
1023
1055
1039
1044.49
1094
1096.1
1055
1064.89
1073.62
1039
1008
1019.74
1000
1062
1117
1094
1084.01
1055
1047
1031
1024.36
1078
1055
1031
1038.49
1094
1078
1133
1164
1125
1133
1140
1125
1032
1037.3
985
1015
1055
1078
1086
1125
1094
1109
1111.74
1047
1023
1016
1014.42
1070
1086
1117
1112.93
1101.71
1095.97
1008
1015
1016.8
1016.68
1062
1102
1125
1115.33
1179
1172
1102
1104.55
1102
1083.17
1078.68
1080.07
1078
1070.87
1094
1117
1078
1083.24
945
1002.04
1003.46
859
852
859
875
906
930
953
1000
1000
1005.69
1125
1133
1148
1164
1133
1131.77
1117
1125
1148
1146.03
1117
1094
1117
1078
1078.49
1055
1070
1055
1054.43
1056.97
1086
1083.71
1078
1086
1084.27
1008
961
930
937
938
953
945
969
985.402
1002.08
1015.64
1028.08
984
998.48
1008
1133
1164
1131.67
1110
1102.33
1078
1086
1164
1125
1103.29
1164
1125
1125
1141
1125
1119.75
1110
1078
992
930
931.092
932.728
992
1030.46
1117
1132.53
1133
1156
1141
1126.55
1133
1133
1117
1113.05
1109
1094
1055
1039
1038.01
1038.49
1047
1051.89
1055
1109
1156
1102
1097.18
1098.53
1102
1109
1100.09
1156
1117
1133
1133
1117
1125
1070
1024
1031
1032.13
1070
1094
1164
1161.48
1125
1180
1164
1143.89
1141
1117
1063
984
945
891
914
945
1063
1130.3
1141.74
1172
1172.28
1156
1164
1172
1125
1164
1164
1149.31
1102
1008
961
945
992
1070.43
1112.49
1133
1134.4
1133
1129.92
1156
1149.87
1086
1125
1122.84
1086
1088
1094.01
1090.45
1088.47
1039
1094
1117
1109.96
1148
1142.78
1125
1094
1039
1041.97
914
930
945
1047
1065.77
1079.64
1090.19
1090.19
1180
1164
1151.98
1149.62
1141.79
1086
1133
1078
953
974.535
1002.14
1070
1074.15
1086.45
1156
1180
1164
1140
1142.43
1164
1117
1133
1132.19
1086
1085.23
1008
1047
1070
1055
1117
1127.09
1109
1107.73
1094
1031
969
974.64
975.91
1016
1086
1106.37
1094
1095.16
1000
938
906
904.734
867
852
898
1156
1227
1281
1248.92
1222.17
1219
1205.18
1182.04
1161.77
1180
1125
1117
1133
1094
1085.01
1083.74
1078
1031
1039
1047
1047
1046.31
1133
1125
1114.17
1148
1140.89
1047
984
993.256
994.324
898
942.059
984
1008
1013.22
1038.25
1078
1125
1141
1132.4
1117
1102
1078
984
922
891
898
903.729
909.585
915.727
1203
1242
1180
1154.36
1219
1172
1138.41
1129.4
1128.62
1149
1131.8
1141
1125
1109
1101.75
1039
1070
1047
1047
1047
1070
1008
961
953
1016
1031
1078
1156
1133
1133
1156
1133
1117
1133
1131.78
1094
1102.41
953
961
961
1023
1049.4
1117
1117
1110
1125
1125
1156
1141.65
1226
1172
1141
1142.18
1131.93
914
906
914
1024
1057.96
1203
1193.19
1174.05
1227
1242
1156
1160.31
1179
1155.89
1139.17
1142.89
1117
1108.13
1109.98
1055
1047
1078
1082.62
1086
1117
1133
1086
1008
953
955.301
958.485
922
1031
1086
1172
1211
1164
1164
1163.46
1125
1125
1133
1109
1094
1086
1086
1047
1054
1000
930
922
922.461
891
969
1015
1063
1094
1109
1078
1077.9
1000
1000.94
1003.05
1005.85
1164
1158.96
1172
1156
1125
1063
1078
1073.56
1086
1081.98
1125
1055
1057.14
1057.02
1078
1055
992
1003.45
961
963.307
1094
1078
1000
1031
1055
1055
1117
1102.42
1086
1086
1090.3
1086.79
1094
1133
1125
1094
1093.94
1078
1073.21
969
961
945
944.611
969
987.068
1172
1155.11
1211
1219
1189.17
1187
1141
1101
1094
1086.01
1047
969
945
953
961
1078
1078
1055
1086
1156
1145.44
1133
1156
1154.45
1117
1108.44
1047
992
961
961.237
1047
1086
1096.22
1125
1125
1086
1047
1041.82
1040.57
961
969
1000
1000
961
970.771
984
1063
1109
1180
1171.93
1154.53
1142.58
1130.36
1125
1109
1102
1094.61
1083.25
1039
1047
1047.87
1039
1008
1012.38
1031
1034.94
1047
1023
1027.24
1000
1000
1000.34
1000.22
985
987.882
1102
1117
1133
1133
1117
1148
1141
1132.26
1120.66
1113.95
1109.85
1103.74
961
988.702
883
891
945
1039
1060.13
1063.01
1211
1156
1141
1109
1047
1044.69
1070
1039
1037.79
929
942.749
964.129
844
871.734
953
1063
1061.55
1187
1141
1172
1187
1125
1133
1137.37
1112.87
1086
1117
1118.56
1108.63
1109
1070
1073.07
1000
1003.06
1000
969
984
1039
1086
1117
1149
1143.03
1125
1172
1133
1140
1141.68
1141
1109
1086
1087
992
1031
1031.85
1172
1158.04
1140
1133
1120.35
1107.42
1086
1094
1078
1117
1070
1047
1052.41
1055.76
1102
1164
1164
1125
1115.88
1108.81
1096.84
1078
1055
1053.23
1053.62
1094
1109
1055
992
1039
1047
1058.7
1078
1086
1078
1076.39
1075.37
1094
1117
1156
1133.58
1078
1008
922
921.88
875
945
1063
1119.99
1242
1219.51
1193.07
1177.06
1179
1102
1092.12
1071
1066.64
1117
1133
1126.17
1115.99
1111.8
1000
969
977
984
1008
1078
1089.86
1109
1086
1078
1110
1156
1125
1106.79
1104.23
1106.37
1078
1077.08
1023
1008
1008
1011.54
1019.65
992
953
956.244
956.594
1000
1016.81
1125
1141
1156
1156
1141
1101
1055
1055
1054.6
1086
1133
1125
1120.03
1115.56
1157
1154.07
1140.56
1117
1112.7
1039
1031
1008
1047
1070.54
1070
1067.07
1039
1000
1000
1047
1070.18
1125
1101
1087.71
961
914
914.691
953
997.9
1110
1226
1180
1094
1117
1126.81
1130.4
1109
1090.71
1094
1070
1094
1125
1125
1141
1130.7
1070
1069.15
930
969
980.145
1001.23
1012.13
1016.3
1109
1114.64
1086
1084.47
1070
1125
1078
1076.73
922
930
922
992
1012.64
1018.07
1025.5
1156
1117
1099.19
1180
1141
1125
1116.22
1148
1102
1148
1141
1133
1121.69
1078
1008
969
953
914
945
964.38
1148
1102
1102.03
1105.23
1102
1078
1117
1133
1119.21
1172
1168.63
1078
1086.87
1015
961
964.828
1024
1069.38
1023
1000
1016
1000
994.921
995.371
1117
1086
1102
1092.73
1086.5
1125
1125
1109
1104.02
1086
1086
1008
961
914
912.831
913.629
1133
1141
1122.85
1115.18
1125
1113.04
1094
1125
1122.46
1094
1141
1078
1073.45
953
969.779
984
1039
1049.26
1055.45
1133
1127.96
1039
938
937
944.877
950.422
951.357
1117
1164
1172
1156
1125
1125
1117
1094
1117
1063
1023
977
1031
1054.67
1070
1061.39
1125
1078
1063.36
969
961
961
953
922
914
914
914.117
969
991.854
1094
1086
1101
1104.38
1055
1008
1007.21
1016
1031
1047
1101
1100.3
1078
961
930
914
945
1039
1094
1148
1141
1109
1133
1141
1121.34
1125
1114.85
1055
992
992
1008
992
1008
1086
1055
1047.94
1051.53
1039
1016
1031
1039
1033.04
1027.13
1063
1062
1039
1008
1008
1010.68
1010.14
1010.15
1015.97
1031
1008
1031
1039
1000
969
945
946.789
914
891
892.967
1000
1016.75
1094
1088.88
1076.48
1117
1133
1114.23
1055
1023
977
984
986.29
990.523
1031
1051.82
1070
1063
1055.26
1049.66
1125
1119.62
1099.15
1078.72
977
961
962.691
1039
992
969
992
1016
1070
1068.97
1086
1125
1086
1070
1094
1070
1094
1094
1082.73
1125
1086
1047
1047
969
914
906
914
945
1008
1149
1140.95
1179
1180
1156
1141.53
1129.84
1111.47
1054
1047
1086
1100.51
1099.89
1117
1039
953
922
925.138
1000
1031
1164
1172
1172
1158.33
1156
1139.66
1125
1109.39
1096.85
1089.13
1078
1000
953
922
920.734
1000
1082.02
1219
1203.78
1203
1195
1149
1117
1104.23
1092.29
1117
1078
1008
961
984
1000
1024
1049.6
1164
1176.55
1172
1154.45
1141.76
1133
1102
1101
1092.87
945
973.409
922
953
1016
1086
1093
1110
1114.32
1164
1110
1104.69
1172
1159.29
1132.56
1109
1055
1054.08
1070
1086
1078
1164
1166.82
992
1012.9
914
930
992
1005.5
1227
1195
1164
1164
1133
1047
1078
1117
1086
1039
1000
961
945
969
1164
1150.48
1187
1166.4
1139.35
1102
1093
1110
1070
1057.29
1008
1023
1031
1094
1094
1109
1109.59
1103.48
1086
1031
985
992
998.294
1012.61
1000
961
962.328
1047
1063.92
1133
1164
1117
1094
1117
1070
1016
1039
1086
1055
976
930
906
914
925.505
1211
1168.55
1203
1226
1180
1133
1156
1149.38
1124.08
1125
1187
1170.3
1143.92
1039
984
930
945
963.748
1078
1047
1047.21
1156
1172
1133
1119.91
1109
1103.23
1091.08
1080.04
1141
1117
1109
1109.12
969
1000
1016.49
1038.84
1038.76
1110
1070
1070
1071.7
1000
945
950.262
950.985
992
1002.29
1180
1169.11
1148.3
1164
1133
1109.83
1099.86
1078
1000
969
992
1000
1039
1117
1110
1094.38
1087.31
1008
998.929
914
953
969.434
1047
1058.07
1219
1180
1203
1156
1086
1055
1054
985
992
1078
1125
1086
1094
1098.22
1102
1125
1164
1164
1139.81
1148
1141.12
1054
977
979.548
961
914
906
908.228
945
1039
1141
1145.2
1156
1156.6
1143.49
1132.22
1117
1164
1086
1023
1026.7
977
1000
1039
1053.29
1057.4
1133
1136.92
1156
1094
1093.7
1117
1070
969
953
953
1008
1022.31
1141
1140
1149
1164
1086
1000
1004.01
953
961
1117
1126.55
1141
1126.18
1172
1156
1131.1
1148
1125
1107.38
1101
1092.46
1079.86
1070.41
1064.85
922
938
984
1164
1141
1156
1180
1162.36
1070
1072.42
930
953
963.947
1015
1094
1078
1102
1156
1125
1109
1112.04
1125
1071
1148
1125
1094
1117
1117
1085.14
961
953
961
969
970.956
1086
1095.72
1086
1094
1047
1042.24
992
985.364
914
916.956
917.754
918.104
1039
1164
1147.56
1164
1125
1107.62
1047
1070
1023
977
953
951.734
1000
985
985.188
1094
1070
1125
1125
1086
992
938
945
961
930
953
953
969
976
977
1031
1047
1164
1164
1135.75
1116.52
1107
1125
1156
1135.26
1094
1117
1062
985
945
961
969
989.101
998.19
1078
1099.82
1086
1133
1148
1117
1102.84
1117
1110.99
1094.2
1125
1129.77
1116.62
1110.66
1062
1008
1009.75
1012.01
922
984
1164
1139.76
1188
1183.2
1160.81
1125
1125
1111.35
1097.07
1141
1156
1086
1097.32
930
914
883
875
930
1000
1046.97
1061.52
1067.27
1125
1156
1133
1117
1117
1156
1102
1133
1142.44
1094
992
1000.71
1018.92
1021.78
1008
1010.31
1019.59
1164
1156
1113.51
1156
1159.9
1055
1102
1117
1094.54
1094
1086
992
914
914
930
940.174
1094
1195
1153.9
1138.6
1164
1133
1109
1117
1110.83
1063
1063.46
1067.18
937
960.604
1195
1180
1152.03
1195
1180.95
1156
1147.09
1125
1106.72
1125
1164
1143.38
1063
1031
1031.71
938
937
938
1008
1015
1016
1094
1109
1133
1119.71
1039
977
984
986.034
990.62
1000
1055
1070
1070
1086
992
977
1000
1018.45
1032
1031
1029.51
1086
1031
1024
1024.86
1055
1054
1071
1070
1078
1086
1031
1030.74
1031.16
1025.57
945
1000
1002.15
1086
1156
1133
1110.91
1086
1101
1094.4
1055
1051.09
1053.45
1039
1031.91
1031.64
1047
1046.47
1000
961
938
938.602
1101
1102
1164
1135.93
1164
1133
1125
1055
1093
1093.42
1047
1051.2
1059
945
930
1062
1117
1099.24
1211
1149
1129.65
1094
1087.52
1039
1008
953
953.226
898
891
945
1008
1078
1088.82
1091.01
1148
1141
1127.17
1078
1086
1087.76
1086
1125
1125
1063
1064.51
1039
984
984.648
891
922
937
1000
1018.87
1164
1163.78
1164
1164
1133
1164
1133
1117
1148
1143.67
1062
961
967.747
982.102
1005.1
961
967.993
986.473
1211
1180
1179
1149
1137.58
1172
1156
1141
1109
1086
1094
1055
953
937
938
944.931
949.713
1156
1161.09
1136.22
1120.34
1113.86
1102
1086
1073.02
1078
1032
1031
1070
1000
1008.88
922
931.287
969
1000
1011.8
1016.96
1054
1071
1101
1087.49
1080.08
1109
1133
1117
1098.91
1096.83
969
922
930
992
1031
1125
1126.29
1133
1125
1141
1129.83
1117
1125
1118.87
1109
1055
961
906
867
865.734
828
828
844
891
906
969
1004.25
953
969
976
977.519
961
984
993.298
961
953
969
961
960.046
1032
1034.21
1020.28
1023
1008
996.765
991.258
1016
1070
1016
1054
1102
1078
992
1003.23
1012.51
1000.63
875
867
867
860
906
932.284
985
1070
1059.05
1041.3
1109
1133
1086.4
1102
1101
1117
1102
1117
1118.53
1094
1092.92
1097.32
1016
1101
1133
1110.41
1086
992
938
929
930
1000
1078
1063
1140
1125
1111.41
1063
1039
945
947.77
951.789
867
879.793
906
922
961
969
1039
1049.92
1048.65
1117
1102
1133
1125
1086
1109
1104.22
1078
1077.83
1076.96
1086
1109
1141
1172
1163.29
1203
1200.42
1172
1171.42
1171.51
1071
1117
1125
1078
1091.66
1047
1008
1078
1180
1163.77
1156
1149
1109
1108.43
1133
1125.61
1047
1065.1
945
956.066
875
844
867
883.295
914
1086
1164
1162.05
1160.79
1133
1133
1172
1187
1141
1164
1164
1159.78
1109
1113.06
1118.52
1133
1131.73
1130.67
1164
1163.83
1162.56
1161.55
1141
1141.09
984
945
981.843
969
975.111
1187
1179.8
1211
1164
1148
1145.51
1135.01
1102
1133
1125
1164
1203
1180
1175.08
1188
1148
1063
992
994.298
1003.46
1023
1094
1125
1117
1188
1164
1154.19
1117
1125
1117
1111.78
1109
1016
961
962.212
984
1020.63
1044
1188
1203
1183.32
1173.86
1094
1141
1146.61
1141
1164
1164
1141
1156
1133
1078
1023
1024.08
1039
1062.41
1086
1092.18
1094.61
1095.29
1078
1074.52
1070.74
1109
1094
1125
1121.63
1015
1008
1070
1172
1155.09
1172
1203
1148
1149
1145.28
1070
1069.19
1086
1094.91
1047
1055
1065.77
1070.03
891
922.536
890
895.374
1070
1172
1234
1235
1215.67
1172
1180
1148
1110
1109.44
1110.63
1148
1149
1147.75
1147.45
1078
1102
1109
1141
1117
1109
1117
1116.16
1071
1072.45
1101
1063
1070
1125
1117
1108.39
1094
1039
1046.26
961
961
1031
1053.26
1078
1101
1055
1086
1109
1097.72
1091.76
1109
1086
1016
1000
1006.71
930
1039
1053.21
1050.72
1188
1195
1165.2
1188
1164
1135.69
1130.49
1125
1109
1055
1059.24
1058.7
891
947.698
867
870.777
867
891
900.424
908.039
969
1031
1086
1148
1133
1094
1125
1148
1110
1110.96
1117
1086
1086
1078
1077.56
1086
1156
1152.92
1133
1132.33
1172
1156
1133
1172
1187
1180
1165.46
1047
1077.43
953
992
1047
1086
1180
1182.66
1187
1180
1156
1145.23
1156
1117
1112.98
1141
1125
1008
1036.1
953
984
1008
1021.38
1036.76
1048.97
1188
1172
1195
1180
1164
1125
1140
1133
1121.48
1115.77
1115.29
922
922
992
1070
1086
1117
1102
1078
1077.78
1117
1078
1047
1049.75
1049.92
1043.08
1040.65
961
953
961
1070
1094
1164
1158.32
1143.3
1131.36
1141
1125
1117
1094
1094
1109
1039
1040.39
977
976
977
1070
1164
1133
1172
1195
1141
1140
1136.35
1141
1109
1086
1000
930
898
875
844
867
883
953
1094
1242
1240.54
1226.37
1221.16
1211
1198.47
1187.94
1164
1159.09
1157.72
1156.7
1125
1125
1086
1078
1047
1031
969
969
976
990.562
999.609
1094
1117
1125
1164
1159.36
1141
1101
1039
1055
1109
1143.84
992
984
1000.65
1117
1219
1171.59
1139.97
1172
1177.66
1078
1086
1110
1109
1125
1125
1039
1045.97
945
969
1000
1023.38
1026.63
1025.36
1172
1219
1160.1
1129.37
1156
1159.6
1078
1109
1128.3
1094
1077.3
961
953
930
930.889
931.938
1055
1133
1187
1157
1187
1156
1133
1141
1133.79
1109
1102.38
1109
1016
976
969
953
961
1156
1180
1164.1
1164
1149
1125
1101
1055
1000
993.84
906
867
852
851.277
953
1133
1203
1250
1239.66
1224.59
1180
1211
1203
1188.27
1180
1156
1125
1125
1125
1121.75
1120.87
1120.46
1047
1008
961
914
937
985
1140
1149.68
1211
1187
1172
1166.38
1160.79
1117
1125
1070
1055
1109
1110
1086
1023
961
953
953
1039
1086
1092.38
1089.71
1087.53
1117
1078
1063
1039
976
974.734
961
1047
1099.04
1103.15
1099.86
1203
1204.15
1211
1141
1156
1141
1109
1070
969
968.915
930
1000
1047.47
1086
1156
1159.59
1148
1137.98
1156
1150.24
1131.68
1141
1139.43
1125
1125
1086
1039
992
922
922
930
992
1031
1061.53
1079.09
1141
1109
1102.27
1117
1125
1156
1144.59
1137.99
1138.34
1135.19
1130.04
976
953
969
1078
1121.9
1133
1164
1161.81
1148
1102
1098.21
1109
1063
1057.83
1086
1090.45
984
961
971.583
983.609
922
961
1031
1024
1070
1086
1079.99
1086
1109
1094
1086
1016
1019.91
1023.94
1025.31
1125
1149
1211
1203
1195
1203
1188
1140
1133
1133
1016
1034.49
922
906
930
1086
1211
1196.99
1188
1182.29
1163.87
1109
1125
1086
1055
1070
1074.79
1070
1094
1109
1108.7
1172
1117
1031
1008
984
985
988.684
1086
1047
1086
1093.28
1084.08
969
999.845
1031
1040.01
1086
1133
1124.68
1133
1126.13
1110.51
1125
1055
984
961
922
953
1039
1070
1164
1161.56
1133
1156
1141.35
1115.56
1078
1071.8
1063.94
1056.38
976
981.091
945
922
1039
1083.41
1094
1156
1153.29
1125
1180
1175.21
1110
1047
968
930
922
984
1057.32
1156
1172
1172
1148
1133
1116.49
1109
1102
1133
1125
1101
1086
1078
1069.15
1062.53
1058.99
937
930
1039
1133
1136.13
1164
1172
1133
1121.76
1149
1148
1078
1055
961
953
955.843
1117
1149.06
1141.86
1125
1101
1086
1133
1164
1147.36
1123.06
1023
930
906
891
945
1008
1117
1156
1149
1125
1116.97
1078
1031
969
961.13
969.502
991.652
992
1039
1070.57
1081.47
1086
1070
1086
1078
1070
1061.19
953
956.164
969
992
1071
1093
1083.46
1075.92
1063
1078
1101
1047
1086
1086
1072.98
1065.28
1060.4
1051.13
1043.08
1037.39
929
965.285
922
1015
1025.32
1078
1102
1094.66
1101
1095.37
1084.08
1117
1117
1106.54
1086
1109
1102
1039
1052.79
945
965.3
953
1008
1148
1141
1130.66
1117
1117
1094
1094
1083.21
1071
1070
1008
937
938.005
939.67
914
1047
1133
1124.7
1172
1156
1136.88
1125.88
1141
1164
1148
1137.79
1094
1015
930
906
883
884.188
977
1064.65
1148
1151.38
1150.11
1150.24
1133
1094
1070
1086
1078
1094
1039
1008
953
945
922
930
976
1008
1020.55
1109
1141
1148
1132.97
1133
1125.05
1148
1164
1146.09
1102
1109
985
945
875
867
875
930
1078
1132.83
1132.16
1211
1203
1179.29
1156
1156
1149
1138.15
1110
1117
1117
1115.58
1062
1063.88
914
906
930
1055
1117
1125
1123.73
1164
1125
1172
1166.39
1144.11
1125
1102
1096.16
1133
1109
1063
1070.36
922
951.278
977
1164
1133
1187
1211
1180
1172
1195
1185.22
1141
1195
1189.32
1086
1109
1128.88
945
906
922
961
971.983
1195
1192.09
1157.56
1161.87
1211
1149
1156
1195
1164
1110
1117
1125.07
953
891
924.035
891
914
953.294
1188
1171.49
1146.58
1133
1141
1179
1156.49
1039
1041.35
1054.34
1117
1156
1219
1203
1180
1203
1195
1173.87
1162.23
1024
953
957.504
1000
1070
1076.72
1075.57
1172
1182.95
1156
1137.73
1070
1068.73
1070.57
992
992.668
906
906.014
875
876.439
1016
1140
1164
1149
1156
1156
1149
1148
1139.52
968
938
922
924.62
914
917.775
961
1001.9
1016.29
1020.42
1022.42
1023.59
1172
1148
1119.69
1117
1086
1086
1078.35
1067.69
1141
1137.37
1127.38
1117
1116.67
969
945
922
930
937.248
943.648
948.56
954.424
957.766
1156
1138.15
1118.82
1111.18
1109
1110
1101
1086
1094
1047
984
922
922
945
982.173
999.068
1005.79
1009.21
1133
1172
1172
1135.57
1117
1110.81
1149
1117
1095.12
1180
1156
1134.56
1148
1055
1057.55
1065.92
953
966.659
1086
1125
1098.44
1085.22
1141
1117
1125
1117.12
1117
1107.96
1098.98
1095.38
1086
1083.36
1110
1125
1148
1135.17
1130.78
1047
1061.63
992
996.69
996.073
1094
1086
1148
1149.99
1109
1125
1122.17
1063
1072.93
1047
1000
922
925.051
925.469
961
1047
1141
1203
1164
1203
1194.94
1164
1157.79
1147.85
1094
1070
1067.01
1094
1078
1000
1008
1000
1039
1117
1125
1141
1134.69
1117
1109.02
1117
1109
1039
1055
1070
1055
1055.59
1068.49
1031
1034.9
953
966.323
966.545
972.117
1164
1148
1180
1167.25
1140
1133
1133
1117
1047
1048.02
1047.64
1023
1026.2
1133
1156
1086
1180
1169.78
1142.03
1164
1156
1094
1094
1101
1039
1044.18
906
925.32
875
922
1250
1211
1219
1234
1209.67
1188
1179.36
1117
1149
1144.75
1127.6
1141
1148
1137.09
1135.82
1129.03
1101
1071
1078
1039
1062
1024
1039
1039
1037.84
1036.74
922
875
885.886
875
891
968
1157
1218
1203.41
1156
1180
1195
1141
1139.73
1156
1149.84
1133
1131.76
1125
1117.74
1102
1117
1116.69
1117
1125
1120.73
1148
1141
1132.68
1039
1031
1039
1041.93
1109
1115.41
1118.34
1086
1125
1094
1109
1133
1125
1122.6
1122.14
1121.01
1094
1086
1087.58
1084.73
961
937
899
922
942.588
966.547
1180
1211
1172
1156
1156
1133
1086
1082.04
1094
1091.18
1102
1054
969
922
923.072
891
937
1008
1172
1195
1180
1160.39
1149.11
1149
1164
1145.4
1141
1164
1141
1148
1133
1164
1117
1094
1094.1
953
945
969
1039
1094
1098.48
1180
1164
1211
1226
1196
1195
1219
1204.83
1172
1174.98
1133
1078
1055
1039
1117
1172
1203
1156
1172
1172
1125
1133
1125
1078
1094
1094.18
1109
1109.29
1113.18
1118.11
922
898
891
875
883
922
984
1000
1055
1109
1117
1115.73
1172
1156
1102
1133
1140
1102
1164
1156
1140.44
1102
1047
992
969
1015
1032
1062
1125
1156
1125
1133
1130.59
984
1009.27
930
923.344
923.689
923.388
927.989
1086
1172
1187
1149
1148
1156
1094
1092.16
1095.71
1047
1047
1050.3
1109
1102.59
1078
1078.13
891
867
844
845.006
851
856.835
863.389
875
891
896.41
914
922
923.894
922
922
930
992
992
1086
1172
1169.98
1125
1141
1117
1117
1195
1180
1156
1180
1188.51
1190.7
1187
1186.98
1195
1197.18
1242
1180
1125
1133.41
1125
1124.7
1124.09
1123.96
1203
1219
1219
1211
1199.75
1192.58
1182.85
1172.77
1063
1074.71
976
1078
1172
1172
1164
1169.92
1133
1125
1117
1125
1125.28
1070
1078.27
1078
1078.69
1079.91
1125
1164
1195
1211
1180
1178.76
1174.77
1164
1102
1047
976
974.734
961
1125
1156
1203
1196
1195
1180
1166.46
1172
1165.26
1156.26
1125
1094
1125
1140
1141.8
1136.5
1063
1069.82
922
968.97
883
906
953
1086
1108.38
1125
1117
1117.92
1203
1195
1180
1211
1211
1201.45
1195
1180
1180.36
1179.31
1177.94
1176.96
1180
1179.35
1164
1164.23
1156
1155.37
1086
1103.07
992
1039
1037.97
1039.31
1195
1211
1208.36
1141
1179
1172.25
1133
1148
1147.36
1070
1055
1117
1039
1000
1025.07
945
1000
1141
1234
1180
1195
1195
1141
1156
1110
1101
1095.5
1133
1172
1164
1164.54
1172
1164
1203
1172
1170.65
1133
1140
1071
1062
1062.99
1063.13
1016
1025.52
1164
1164
1211
1180
1179.87
1172
1156
1102
1101.1
1149
1125
1148
1164
1133
1094
1031
1032.77
969
1039
1156
1160.83
1219
1203
1180
1195
1164
1172
1148
1157
1156
1117
1120.94
1094
1008
961
992
1055
1093.68
1195
1188
1179
1177.34
1172
1109
1102
1117
1116.4
1071
1080.61
1095.63
1100.48
1211
1203
1188.22
1133
1117
1110.55
1039
1040.76
1047.27
1055.9
1180
1164
1153.65
1145.07
1133
1117.35
1106.88
1099.2
1133
1140.41
1164
1152.6
1156
1156
1086
1086.41
1039
1023
1102
1195
1172
1180
1203
1164
1141
1187
1141
1140
1157
1151.02
1141.61
1117
1016
961
961.509
992
1055
1148
1180
1133
1134.67
1156
1180
1078
1079.22
1100.56
961
986.834
1015.42
1149
1195
1178.28
1195
1180
1156
1139.29
1172
1164.98
1164
1147.93
1164
1125
1125
1039
969
970.889
992
1031
1094
1133
1140
1138.73
1136.67
1125
1109
1101.7
1094
1117
1094
1095.21
1098.66
1099.07
1086
1039
984
961
959.835
1023
1094
1156
1164
1203
1188
1101
1008
1006.73
1007.37
922
930.741
936.349
984
1023.65
1047.34
945
930
906
899
898
898.584
875
844
851
828
821
812
813.797
797
797
812
797
820
823.613
828
828
831.724
833.908
883
914
953
969
968.774
969
1008
1062
1078
1067.58
1227
1250
1187
1235
1259.46
1255.11
1251.7
1156
1141
1173.83
1219
1216.02
1227
1228.4
1219
1195
1198.48
1188
1156
1125
1125
1128.04
1078
1086
1039
1102
1117
1109
1133
1141
1146.51
1234
1227
1203
1234
1233.98
1219.24
1219
1195
1133
1139.17
1148
1133
1138.93
1203
1204.08
1172
1258
1234
1219
1218.74
1234
1180
1184.37
1172
1109
1118.37
1128.5
1122.63
1119.48
1125
1126.79
1047
1039
1041.02
1040.15
1008
1023
1024
1024.49
1028.01
1172
1187
1211
1202.55
1201.79
1250
1211
1180
1184.23
1180
1171.05
1187
1164
1133
1134.83
1134.87
1172
1156
1172
1149
1125
1148
1125
1125
1180
1170.58
1188
1226
1227
1164
1125
1039
969
945
922
922
925.1
1039
1123.69
1125
1132.4
1149
1242
1242
1211
1203
1156
1133
1131.05
1203
1172
1219
1220.26
1212.28
1209.45
1203
1201.65
1199.99
1219
1203
1201.06
1188
1156
1155.61
1172
1125
1141
1148
1147.96
1149.62
1109
1055
1063.6
1064.15
1068.64
961
1023
1021.16
1141
1211
1202.05
1172
1172
1195
1180
1148
1153.14
1102
1164
1187
1175.1
1166.13
1167.31
1170.14
1165.61
1159.02
1172
1180
1187
1172
1156
1141
1125
1124.8
1164
1156
1102
1110.94
1195
1164
1172
1156
1117
1149
1154.15
1172
1153.75
1070
1031
1055
1180
1195
1211
1183.17
1174.89
1164
1180
1148
1125
1119.2
1219
1212.44
1192.62
1166.46
1102
1093
1110
1117
1120.95
1125
1116.94
1125
1164
1170.85
1195
1171.99
1039
1050.21
938
976
978.854
961
1039
1059.86
1039
1086
1101.14
1133
1133
1172
1187
1179.85
1172
1141
1125
1133
1179
1149
1172
1156
1148
1141
1139.92
1164
1211
1195
1172
1211
1172
1170.99
1167.36
1161.25
1157.11
1172
1156
1125
1130.27
1132.31
1134.55
1136.63
1195
1189.78
1183.3
1181.65
1195
1188.01
1086
1015
946
953
976
1016
1125
1187.75
1187.53
1148
1172
1178.94
1172
1179
1149
1148
1172
1156
1149
1203
1201.4
1185.91
1164
1164
1133
1164
1172
1148
1141
1180
1175.64
1149
1195
1180
1156
1172
1175.53
1141
1109
1128.17
1078
1062
1024
984
961
961.112
1031
1081.25
1125
1148
1149
1149.42
1151.52
1172
1167.39
1162.51
1161.66
1203
1196.96
1164
1203
1204.35
1196.34
1234
1228.88
1221.07
1180
1164
1164.56
1164
1187
1133
1138.24
1140.7
1164
1141
1195
1190.6
1180
1211
1156
1133
1141
1109
1117
1119.23
1055
992
930
937
930
930
984
1016
1031
1070
1094
1125
1164
1172
1164
1163.31
1164
1162.76
1161.5
1164
1086
1091.01
1039
1047
1008
1008.51
1102
1117
1156
1146.31
1138.85
1141
1133
1148
1125
1141
1133
1126.81
1156
1147.65
1133
1137.6
1211
1203
1211
1242
1180
1203
1219
1187
1185.76
1180
1164
1133
1109
1110.46
1117
1164
1219
1195
1211
1219
1195
1164
1165.1
1133
1164
1156
1141
1146.41
1203
1203
1133
1125
1086
1164
1170.52
1164.27
1152.3
1152.95
1195
1188
1172.72
1133
1125
1133
1117
1125
1203
1180
1211
1234
1203
1180
1178.25
1172
1195
1156
1102
1109
1149
1162.96
1188
1175.17
1234
1141
1146.57
1172
1156
1149
1195
1195
1133
1140.86
1188
1178.07
1179
1188
1187
1173.3
1195
1172
1039
977
976
922
875
852
856.395
821
828
820
828
813
821.306
828
832.744
820
805
828
805
820
797
797
804
813.186
812
823.461
829.659
820
828
828
828
830.572
829.739
851
836
844
840.952
844
851
846.467
828
834.327
851
860
937
1000
1086
1164
1138.4
1125
1071
1015
1002.92
1003.97
1031
1030.91
1110
1164
1153.82
1164
1164
1158.81
1154
1141
1133
1195
1192.35
1187
1180
1211
1207.64
1195
1211
1202.93
1148
1149.89
1180
1133
1195
1189.71
1156
1180
1176.61
1172
1211
1187
1133
1155.78
1165.45
1152.74
1094
1120.81
1063
1117
1117
1141
1187
1184.44
1195
1227
1213.99
1164
1133
1117
1125
1117
1102
1156
1133
1131.12
1156
1195
1180
1211
1211
1148
1141
1164
1157.57
1102
1070
1031
1024
1031
1034.88
1038.62
1071
1031
1078
1102
1148
1146.23
1180
1179.71
1234
1220.01
1164
1168.53
1172
1172
1148
1102
1047
1048.65
1062
1055
1055
1062
1055
1094
1099.52
1141
1140.44
1203
1188
1195
1180
1156
1180
1176.47
1133
1156
1141
1137.99
1250
1234
1188
1164
1148
1086
1090.5
1172
1149
1179
1211
1180
1180
1164
1156
1148
1196
1195
1182.33
1117
1130.25
1102
1125
1133
1148
1149.26
1146.74
1143.24
1172
1141
1101
1125
1133
1133
1195
1189.32
1179.94
1219
1195
1164
1172
1203
1188.98
1180
1179
1141
1211
1211
1193.86
1242
1227
1195
1227
1203
1164
1195
1149
1140
1149.11
1148.97
1101
1133
1195
1196
1181.21
1195
1199.71
1184.98
1185.99
1194.66
1185.07
1156
1133
1139.58
1156
1125
1055
1071.19
1078.03
1080.47
977
1023
1033.46
1031
1055
1062
1039
1094
1086
1070
1125
1164
1147.44
1234
1196
1226
1258
1211
1195
1227
1219
1195
1211
1187
1188.69
1227
1179
1188
1203
1156
1172
1172.12
1148
1196
1156
1156
1188
1156
1039
1031
1042.25
1070
1076
1172
1172
1273
1258.97
1235
1235.11
1211
1198.99
1227
1216.96
1208.18
1211
1206.98
1200.35
1196.51
1281
1250
1172
1211
1211
1172
1211
1226
1211
1164
1164
1133
1141
1195
1211
1281
1264.77
1253.64
1251.18
1281
1219
1222.14
1195
1188
1195
1203
1198.9
1164
1156
1156
1125
1219
1180
1156
1211
1211
1195
1219
1220.28
1212.15
1180
1164
1125
1195
1211
1203
1195
1211
1212.16
1195
1219
1203
1195
1211
1188
1187
1188
1195
1203
1211
1205.31
1199.84
1227
1219.4
1180
1191.86
1187
1141
1160.47
1172
1078
1031
1008
1011.18
1094
1123.45
1094
1156
1167.45
1163.42
1219
1234
1214.71
1226
1188
1182.29
1187
1180
1173.79
1164
1164
1133
1187
1182.47
1188
1234
1211
1205.22
1203
1197.7
1180
1273
1219
1203
1242
1219
1180
1187.09
1234
1217.98
1172
1156
1133
1219
1242
1203
1242
1237.44
1195
1227
1242
1195
1250
1219
1180
1226
1227
1226
1216.57
1224.22
1117
1164
1219
1172
1203
1210.98
1203
1180
1211
1203
1188.14
1195
1164
1164
1172
1180
1156
1164
1164
1133
1156
1211
1203
1133
1055
984
977
978.287
1000
1016
1093
1150.42
1117
1133
1156
1156.1
1154.65
1156.2
914
891
898
900.904
883
883
875
867
867
836
836
828
836
838.225
859
852
836
841.789
851
844
875
883
906
945
985
1000
1039
1047
1062
1062.36
1057.33
1052.46
1047.98
1043.92
1250
1250
1178.56
1320
1317.6
1242
1281
1266
1242
1172
1180
1156
1160.52
1195
1164
1211
1203
1172
1172
1173.03
1180
1175.58
1133
1147.36
1133
1156
1141
1187
1181.97
1188
1203
1211
1203
1195
1211
1227
1148
1166.4
1125
1129.39
1156
1156.2
1155.15
1159.57
1226
1188
1203
1202.49
1195.73
1211
1205.22
1211
1156
1164
1165.87
1086
1047
1078
1117
1117
1219
1195
1191.75
1219
1211
1203
1203.27
1193.21
1140
1149.75
1150.5
1117
1129.9
1109
1086
1092.25
1094
1094.44
1125
1134.03
1133
1133.3
1203
1156
1154.04
1156
1145.58
1102
1148
1102
1101
1078
1141
1164
1156
1188
1195
1125
1131.25
1134.31
1133
1195
1227
1187
1181.72
1172
1141
1195
1211
1180
1176.67
1179.55
1171.44
1163.29
1219
1211
1194.18
1211
1205.7
1172
1180
1181.76
1149
1211
1187
1219
1209.36
1187
1192.38
1172
1172
1148
1180
1211
1195.29
1193.59
1211
1203
1203
1203
1180
1203
1219
1164
1195
1211
1164
1195
1180
1164
1174.94
1178.34
1169.15
1156
1125
1131.55
984
938
898
883
906
937.697
1055
1195
1180
1195
1199.16
1195
1227
1234
1211
1258
1258
1247.13
1247.04
1156
1078
1080.23
1094
1086
1086.8
1086
1055
1117
1164
1125
1195
1211
1196.6
1195
1195
1183.33
1211
1207.85
1201.19
1242
1203
1202.75
1205.64
1201.01
1197.49
1203
1203
1200.29
1203
1201.08
1211
1195
1157
1148
1148.69
1172
1172
1219
1195
1164
1164
1164
1149
1154.3
1196
1203
1187
1191.47
1164
1219
1265
1180
1183.06
1157
1140
1110
1125
1129.98
1109
1114.69
1180
1156
1164
1180
1177.39
1203
1199.77
1191.57
1187.4
1183.71
1164
1125
1164
1163.45
1149
1203
1172
1211
1211
1218
1211
1206.35
1201.63
1109
1047
1050.26
977
990.052
1039
1055
1117
1143.11
1156
1250
1219
1242
1242
1180
1164
1195
1172
1195
1180
1164
1125
1203
1203
1180
1219
1219.93
1195
1180
1195
1190.94
1184
1164
1234
1227
1218
1208.3
1207.85
1195
1196
1197.72
1194.43
1188
1189.31
1189.46
1180
1181.96
1184.69
1181.7
1172
1141
1156.63
1159.7
1133
1143.68
1147.45
1203
1172
1172
1164
1140
1157
1148
1151.11
1109
1125.66
1109
1188
1219
1209.07
1235
1230.5
1195
1172
1168.1
1161.5
1125
1130.66
1164
1157
1152.37
1164
1141
1211
1195
1180
1195
1192.89
1180
1177.63
1180
1180
1140
1125
1180
1174.25
1164
1172
1195
1219
1125
1102
1114.63
1123.17
1172
1168.42
1166.94
1226
1211
1192.63
1180
1156
1150.47
1109
1055
1056.61
1109
1141
1164
1242
1241.2
1218.06
1226
1180
1203
1198.03
1227
1195
1211
1210.4
1188
1183.4
1242
1230.12
1214.21
1209.06
1117
1187
1184.18
1164
1211
1205.74
1196
1226
1188
1190.28
1193.23
1187.67
1186.89
1191.29
1188.11
1195
1227
1218
1180
1211
1211
1180
1203
1195
1164
1117
1102
1164
1203
1211
1205.23
1195
1180
1203
1180
1181.26
1211
1207.59
1198.36
1199.5
1201.37
1194.32
1086
1219
1197.28
1289
1258.72
1258
1265
1219
1211
1211
1205.46
1172
1164
1164
1172
1170.51
1156
1165.41
1180
1178.56
1156
1125
1141.2
1145.41
1164
1158.66
1157.21
1148
1156.49
1172
1172
1166.83
1156
1219
1179
1173.99
1156
1141
1125
1128.76
1132.53
1137.35
1235
1201.56
1186.58
1172
1163.41
1172
1203
1203
1187.68
1195
1189.34
1182.5
1156
1180
1180
1174.27
1169.52
1125
1094
1095.14
1096.89
1234
1172
1166.99
1102
1172
1195
1186.58
1180
1203
1211
1203
1189.43
1184.56
1184.42
1178.19
1180
1187
1141
1152.65
1109
1141
1133
1134.96
1211
1203
1203
1219
1210.48
1172
1178.18
1203
1192.08
1180
1182.67
1133
1164
1180
1195
1187.4
1219
1203
1203
1201.35
1211
1203
1234
1227
1218.58
1216.31
1211.78
1133
1152.28
1157.56
1154.36
1158.65
1141
1187
1186.15
1183.87
1186.67
1187.67
1250
1242
1195
1250
1239.46
1234
1203
1149
1148
1219
1203
1156
1163.08
1203
1203.9
1211
1195
1149
1162.36
1195
1141
1187
1190.02
1188.13
1117
1047
1047
1055.49
1172
1195
1250
1258
1242
1223.15
1281
1250
1234
1188
1195
1219
1213.33
1149
1187
1149
1140
1203
1206.12
1219
1258
1234
1211
1242
1237.18
1221.06
1141
1156.66
1163.25
1164
1172
1164
1173.02
1180
1172
1156
1211
1209.91
1148
1203
1188
1156
1180
1203
1187
1172.53
1195
1200.16
1180
1195
1164
1166.47
1211
1211
1181.27
1190.46
1172
1219
1203
1188.84
1203
1172
1203
1197.3
1164
1187
1172
1141
1125
1131.61
1187
1172
1170.8
1156
1141
1172
1173.16
1203
1190.42
1211
1211
1204.58
1199.88
1199.86
1164
1156
1158.54
1109
1109
1110
1156
1117
1127.62
1125
1125
1211
1164
1166.54
1169.38
1172
1156
1141
1179
1171.02
1166.12
1172
1171.12
1156
1164
1163.86
1156
1164
1133
1156
1152.53
1164
1155.8
1148
1153.02
1164
1157.86
1155.21
1141
1195
1180
1172.12
1196
1195
1172
1175.47
1179.35
1203
1180
1203
1196.77
1187
1186.13
1188.18
1164
1171.1
1164
1172
1164
1125
1133
1187
1180
1164
1195
1172
1167.1
1173.37
1172
1156
1156
1203
1188
1211
1156
1164.61
1148
1172
1167.34
1164
1172
1169.59
1141
1152.55
1155.07
1164
1172
1172
1156
1172
1211
1226
1215.82
1204.25
1078
1125
1219
1208.71
1195
1235
1234
1223.55
1250
1195
1196.25
1197.61
1211
1172
1195
1172
1172
1171.85
1180
1164
1166.99
1172
1169.27
1117
1000
1047.2
1057.44
961
1008
1018.61
1017.89
1266
1258
1242.2
1281
1258
1247.19
1247.45
1211
1209.86
1211
1195
1193.73
1211
1195
1180
1242
1172
1174.98
1177.67
1174.12
1164
1164.63
1203
1195.8
1211
1203
1250
1203
1180
1242
1228.11
1220.74
1203
1196
1200.92
1198.4
1180
1164
1180
1156
1133
1187
1172
1170.85
1164
1180
1164
1102
1126.64
1063
1072.8
1072.76
1149
1203
1242
1229.25
1179
1184.84
1141
1125
1124.96
1179
1172
1164
1164
1157
1164
1179
1141
1141.76
1172
1173.33
1211
1195
1149
1195
1164
1159.59
1125
1128.28
1109
1157
1203
1203
1190.1
1218
1218.12
1234
1211
1188
1234
1203
1197.65
1180
1125
1134.69
1125
1156
1172
1171.48
1242
1211
1211
1250
1211
1094
1106.05
1102
1148
1172
1172
1177.62
1164
1211
1211
1199.09
1195.11
1190.89
1156
1211
1203
1180
1211
1172
1172
1195
1156
1162.19
1167.31
1160.34
1086
1109
1172
1133
1195
1188.9
1179
1196
1195
1177.56
1188
1187
1164
1179.18
1180
1195
1149
1101
1055
1133
1156
1164
1234
1230.15
1187
1195.39
1203
1181.99
1195
1156
1148.26
1055
1055
1070
1078
1172
1164
1195
1172
1162.97
1179
1196
1203
1242
1232.21
1164
1168.36
1195
1149
1164
1172
1167.22
1133
1143.87
1146.79
1148
1144.42
1172
1169.1
1162.39
1195
1219
1203
1187
1149
1195
1191.18
1133
1147.5
1117
1120.55
1156
1133
1156
1172
1211
1219
1195
1234
1228.96
1063
1099.13
992
969
1000
1029.17
1125
1151.81
1156.75
1265
1258
1227
1195
1188.4
1178.83
1170.76
1169.39
1164
1125
1125
1133
1148
1164
1141
1203
1219
1208.19
1196.63
1226
1188
1180.02
1242
1224.96
1203
1234
1180
1211
1203
1195
1188
1203
1141
1161.22
1070
1094
1086
1172
1203
1198.74
1250
1218
1227
1172
1181.79
1180.85
1179
1125
1157
1218
1180
1185.19
1203
1180
1195
1197.24
1156
1171.5
1109
1172
1164
1160.12
1227
1207.19
1195
1203
1149
1171.35
1172
1164
1141
1179
1149
1125
1195
1172
1180
1180.03
1133
1156
1161.55
1172
1164
1180
1175.93
1211
1195
1203
1227
1210.53
1205.1
1208.22
1039
992
977
1031
1066.21
1094
1119.79
1211
1250
1250
1235.95
1250
1242
1203
1203
1199.34
1172
1203
1203
1180
1203
1204.98
1179
1188
1187
1172
1170.46
1169.7
1156
1155.23
1141
1133
1148
1172
1195
1172
1180
1203
1141
1140
1141
1137.65
1140.47
1148.19
1188
1184.82
1234
1211
1205.97
1219
1210.33
1200.77
1172
1156
1180
1219
1242
1227.63
1216.82
1156
1211
1219
1180
1182.38
1164
1195
1195.94
1188
1078
1097.64
1103.72
1110.6
1141
1265
1235
1242
1233.92
1227
1187
1164
1180
1186.63
1203
1203
1164
1169.79
1174.27
1148
1125
1127.55
1164
1172.33
1165.74
1187
1141
1156
1172
1125
1133
1137.08
1133
1133.42
1135.95
1125
1141
1141
1148
1145.67
1179
1173.57
1141
1203
1190.93
1180.86
1164
1168.32
1180
1195
1180
1176.82
1180
1211
1172
1125
1125
1055
1068.47
1000
1086
1080.76
1196
1234
1211
1203
1204.73
1164
1156
1180
1141
1148
1180
1187
1172
1173.16
1173.98
1133
1117
1125
1148
1133
1180
1164
1172
1168.44
1164
1187
1133
1117
1172
1164
1158.32
1156
1164
1158.18
1164
1226
1227
1202.43
1273
1255.47
1238.79
1233.81
1203
1203
1203
1141
1156.73
1157.21
1031
1063
1125
1234
1250
1231.82
1203
1219
1179
1219
1218.25
1204.84
1200.81
1180
1172
1167.86
1164.16
1172
1219
1218.2
1164
1173.01
1148
1094
1109
1141
1164
1250
1242.38
1234
1223.78
1203
1187
1180
1164
1125
1203
1211.21
1207.44
1198.36
1191.19
1182.35
1219
1242
1227.62
1195
1211
1133
1142.73
1145.55
1149.7
1152.75
1164
1164
1195
1196.97
1109
1131.81
1156
1125
1117
1141
1172
1164.13
1172
1195
1193.32
1234
1172
1195
1197.64
1242
1180
1156
1164
1133
1133
1164
1140
1094
1133
1138.6
1133
1187
1180
1164
1164
1169.92
1156
1164
1180
1156
1133
1125
1125
1164
1164
1149
1179
1172
1172
1164
1162.13
1188
1172
1195
1180
1164
1195
1164
1172
1180
1156
1148
1125
1102
1125
1131.6
1133.51
1136.74
1141.59
1125
1102
1109
1108.55
1086
1086
1078
1086
1086
1109
1125
1110
1148
1133
1148
1133
1078
1091.52
1117
1094
1078
1101
1094
1090.44
1078
1109
1102
1095.49
1102
1109
1125
1109
1094
1102
1102.77
1102
1125
1125
1109
1086
1098.63
1102.43
1098.47
1078
1047
1078
1078
1075.35
1068.88
1074.94
1083.72
1055
1086
1086
1125
1125
1125
1119.65
1117
1141
1109
1110.17
1114.75
1111.67
953
945
930
932.928
922
992
1031
1000
1000
1016
1019.23
977
984
969
976
961
964.447
966.66
968.177
953
977
978.235
992
992.325
994.454
1078
1070.76
1058.67
1063
1047
1078
1067.42
1101
1071
1078
1101
1102
1094.07
1078
1117
1117
1109.27
1195
1172
1133
1140
1144.14
1117
1102
1078
1117
1133
1172
1226
1219
1250
1266
1265
1253.32
1258
1273
1266
1281
1297
1289
1266
1304
1250
1211
1211
1211
1227
1225.51
1250
1250
1246.86
1244.44
1211
1219
1234
1195
1203.16
1195
1164
1133
1137.19
1125
1125
1129.55
1172
1156
1172
1203
1206.98
1208.31
1213.47
1117
1094
1125
1133.79
1140
1133
1133
1117
1117
1117.52
1109
1133
1133
1136.1
1137.93
1125
1125
1126.33
1124.98
1125.01
1141
1140.25
1125
1127.97
1094
1055
1078
1062
1008
1024.67
977
961
961.205
1094
1070
1094
1109
1039
1055.82
1057.54
1054.99
1047
1056.37
1117
1086
1086.2
1000
1047
1055
1048.12
1094
1090.24
1081
1101
1092.22
1079.78
1000
1020.14
930
797
806.099
812
797
797
812.209
789
789
758
789
781
789
821
851
883
961
971.08
1070
1075.19
1094
1140
1142.06
1039
1040.75
1049.68
1049.71
1016
1016.77
1164
1110
1117
1113.8
1114.92
1164
1211
1203
1211
1203
1180
1148
1180
1176.02
1162.75
1250
1289
1282
1273
1281
1275.26
1235
1242
1289
1273.96
1255.74
1250
1249.02
1188
1203
1203
1195
1192.19
1197.9
1242
1250
1195
1180
1219
1234
1195
1227
1211
1242
1266
1203
1211
1220.98
1221.91
1234
1211
1172
1195
1199.51
1234
1219
1242
1211
1180
1234
1233.65
1203
1195
1149
1109
1119.76
1211
1227
1220.15
1258
1259.86
1253.71
1203
1203
1188
1179.65
1211
1195
1164
1172.59
1211
1211
1234
1224.77
1226
1235
1226
1219
1250
1211
1211
1203
1200.72
1187
1185.94
1180
1195
1195
1211
1219
1203
1206.82
1195
1193.89
1192.23
1203
1203
1180
1164
1172
1195
1188
1190.8
1281
1227
1195
1211
1214.71
1203
1258
1236.1
1220.23
1234
1230.73
1217.8
1203
1187
1180
1203
1211.53
1195
1203
1164
1172
1172
1164
1166.42
1219
1195
1195.65
1196
1187
1211
1219
1210.59
1195
1219
1217.75
1209.62
1180
1172
1164
1148
1141
1156
1172
1176.14
1156
1163.62
1195
1197.25
1149
1154.93
1133
1135.21
1180
1203
1203
1242
1203
1194.78
1195.89
1172
1172
1169.32
1172
1170.51
1180
1179.47
1172
1172
1170.86
1164
1188
1218
1196
1211
1195
1164
1167.18
1164
1172
1172.94
1164
1167.77
1169.47
1156
1180
1164
1156
1160.2
1164
1180
1175.39
1180
1203
1211
1242
1242
1227
1220.33
1215.47
1242
1236.75
1211
1206.83
1234
1196
1211
1218
1188
1203
1180
1156
1125
1156
1219
1203
1164
1164
1172
1172
1195
1141
1148
1141
1144.57
1144.21
1149
1187
1141
1151.31
1141
1164
1117
1110
1112.31
1156
1133
1117
1086
1133
1137.27
1164
1195
1180
1141
1145.11
1179
1164
1141
1180
1177.61
1140
1143.82
1133
1109
1125
1129.4
1156
1146.95
1195
1164
1149
1154.45
1141
1117
1164
1211
1195
1203
1196.54
1185.38
1164
1195
1172
1195
1180
1172
1148
1164
1160.61
1149
1151.52
1195
1180
1156
1180
1164
1140
1180
1219
1156
1163.32
1170.09
1195
1176.8
1179.44
1188
1203
1219
1218
1209.04
1201.47
1195
1156
1161.53
1203
1195
1211
1180
1156
1125
1164
1211
1205.73
1192.77
1186.81
1219
1172
1180
1187
1125
1172
1211
1180
1178.45
1242
1203
1195.08
1196
1203
1211
1172
1140
1151.06
1164
1164
1158.45
1188
1211
1179
1180
1192.97
1141
1172
1195
1164
1141
1156.2
1219
1195
1211
1211
1199.09
1156
1141
1148
1250
1196
1211
1234
1172
1187
1219
1188
1203
1242
1215.75
1172
1242
1172
1109
1117
1149
1156
1133
1133
1101
1101.67
1102.84
1157
1148
1156
1180
1164
1180
1195
1203
1172
1156
1149
1148.06
1145.13
1203
1204.35
1190.89
1180
1179
1141
1211
1200.26
1186.96
1211
1234
1188
1189.37
1203
1191.21
1180.82
1211
1227
1234
1215.54
1235
1226
1188
1242
1211
1203
1227
1218.7
1164
1188.16
1197.93
1219
1199.22
1208.84
1141
1078
1047
1049.37
1047
1050.86
1060.47
1133
1203
1210.52
1195
1219
1250
1172
1156
1133
1117
1114.99
1116.16
1120.19
1328
1277.97
1281
1266.31
1250
1250
1250
1234
1250
1250
1258
1247.66
1239.2
1233.18
1211
1203
1219
1242
1242
1236.68
1234
1228.82
1242
1237.49
1203
1207.34
1234
1229.53
1225.93
1227.88
1265
1267
1242
1242
1211
1227
1250
1211
1234
1188
1148
1164
1133
1164
1180
1140
1150.64
1158.08
1160.38
1188
1234
1180
1234
1234.69
1164
1156
1133
1117
1133
1125
1156
1164.1
1117
1117
1164
1149
1156
1195
1180
1176.31
1180
1173.53
1166.5
1219
1180
1156
1172
1170.54
1159.83
1219
1250
1218.24
1212.26
1213.33
1203
1109
1086
1055
1047
1086
1156
1195
1266
1234
1226.1
1297
1258
1250
1242
1211
1203.43
1219
1195
1133
1148
1133
1128.25
1218
1233.82
1164
1211
1226.34
1204.99
1250
1219
1203
1242
1219
1172
1203
1203
1187
1219
1225.59
1203
1203
1215.51
1157
1125
1078
1031
1047
1078
1086
1156
1185.92
1180
1211
1203
1219
1242
1203
1219
1219.65
1219
1213.63
1211.83
1209.92
1227
1220.98
1180
1234
1227
1218
1215.44
1211
1203
1180
1234
1203
1201.33
1219
1195
1211
1211
1211
1242
1228.76
1242
1236.58
1195
1227
1220.92
1215.53
1215.04
1217.89
1180
1204.55
1102
1047
1057.71
1078
1117
1164
1266
1257.53
1266
1262.02
1234
1219
1258
1226
1221.83
1219
1209.19
1203.35
1157
1203
1242
1258
1242
1237.29
1211
1219
1214.41
1205.07
1211
1156
1164.95
1141
1141.2
1164
1166.3
1172
1177.95
1180
1164
1179
1178.24
1203
1211
1211
1195
1234
1250
1239.76
1258
1242
1242
1227
1211
1211
1207.56
1070
1133.23
1054
1102
1095.98
1258
1250
1250
1258
1211
1216.07
1210.24
1226
1219
1234
1196
1195
1234
1211
1164
1184.08
1186.85
1149
1156
1164
1160.55
1188
1181.72
1181.18
1227
1195
1188
1195
1188.62
1234
1227
1273
1259.83
1253.68
1063
1130.32
1156
1180
1173.41
1282
1265.96
1297
1273
1266
1258
1246.97
1211
1195
1193.14
1203
1180
1164
1211
1212.55
1195
1211
1242
1180
1226
1231.39
1180
1195
1172
1180
1203
1195
1211
1211
1203
1206.98
1209.36
1242
1242
1250
1234
1227
1203
1205.35
1242
1228.59
1281
1258
1252.76
1227
1273
1227
1229.71
1250
1196
1208.82
1235
1195
1211
1109
1047
1000
1001.11
1002.77
1109
1227
1234
1234.58
1258
1252.63
1203
1266
1219
1217.63
1220.88
1235
1234
1232.42
1211
1210.71
1209.28
1203.93
1180
1180.18
1179.38
1176.4
1141
1211
1250
1235.47
1228.51
1224.05
1217.75
1242
1250
1203
1219
1223.71
1224.92
1211
1214.11
1180
1183.97
1185.35
1195
1211
1180
1148
1172
1176.92
1164
1250
1242
1188
1195
1094
1109.65
1008
1022.01
1047
1117
1008
961
971.152
922
891
906
911.601
891
914
914
918.455
922.78
984
969
1039
1125
1164
1203
1235
1234.58
1242
1243.52
1234
1180
1227
1233.2
1188
1226
1172
1175.84
1226
1180
1164
1167.93
1171.88
1180
1203
1172
1226
1235
1195
1211
1234
1172
1156
1172
1176.24
1164
1172
1184.15
1176.11
1047
1125
1195
1182.99
1328
1266
1304
1289.16
1156
1184.72
1211
1172
1234
1238.6
1242
1289
1276.11
1248.96
1235
1218
1211.25
1219
1195
1172
1203
1211
1187
1195.44
1180
1125
1142.29
1188
1203
1250
1251.69
1242.12
1266
1258.47
1250
1289
1280.86
1265.81
1156
1172
1195
1258
1258
1219
1289
1273
1227
1242
1252.13
1149
1101
1133
1125
1118.53
1226
1180
1250
1234
1180
1234
1227
1242
1229.28
1231.4
1231.63
1133
1133
1203
1199.21
1190.53
1227
1203
1242
1219
1226
1180
1148
1094
1164
1219
1203
1204.17
1234
1180
1190.04
1203.38
1211
1195
1110
1130.14
1047
1049.27
977
976
953
955.42
1094
1124.63
1139.03
1142.6
1148.6
1281
1279.94
1255.23
1281
1281.57
1281
1266
1242
1273
1274.24
1281
1258
1234
1219
1222.11
1211
1209.85
1172
1195
1227
1250
1273
1262.82
1234
1231.56
1211
1180
1148
1133
1131.19
1133.79
1078
1090.82
1172
1281
1297
1289.86
1283.77
1274
1273
1297
1258
1242
1234
1226.02
1203
1234
1196
1117
1078
1125
1125
1219
1241.62
1226
1258
1250
1195
1219
1203
1180
1203
1211
1211
1250
1251.04
1243.02
1242
1219
1195
1195.76
1226
1211
1219
1141
1161.95
1164.38
1195
1250
1305
1297
1242
1203
1201.96
1141
1078
1079.1
1079.35
1032
1070
1090.08
1113.43
1265
1297
1283.51
1273.96
1250
1188
1226
1211
1172
1174.96
1234
1203
1141
1148.11
1164
1164.19
1203
1209.48
1219
1195
1193.7
1203
1193.84
1195
1180
1176.1
1170.6
1165.59
1163.48
1117
1172
1169
1179
1141
1219
1242
1203
1250
1250
1219
1242
1250
1203
1141
1117
1148
1180
1179.96
1180
1188.07
1211
1219
1211.14
1164
1226
1211
1196
1226
1141
1078
1039
1041.35
1045.16
1226
1297
1258
1242.85
1289
1258
1237.39
1222.46
1219
1211
1195
1187.89
1195
1191.34
1186.81
1183.81
1183.77
1250
1241.79
1203
1117
1047
1050.1
1086
1180
1234
1230.11
1221.79
1258
1242
1230.58
1219
1226
1258
1250
1125
1094
1156
1164
1211
1234
1219
1258
1289
1269.83
1242
1232.91
1235.23
1133
1109
1102
1070
1133
1297
1297
1320
1305
1287.87
1271.8
1250
1274
1281
1264.64
1281
1276.78
1180
1156
1203
1195
1197.18
1201.6
1211
1234
1211
1209.73
1266
1257.91
1227
1265
1261.32
1246.63
1164
1164
1203
1250
1188
1203
1242
1195
1180
1211
1172
1167.23
1164
1171.43
1055
1054
1086
1097.8
1250
1266
1242
1242
1250
1233.74
1195
1250
1180
1171.49
1183.4
1133
1164
1181.45
1188
1180.28
1258
1242
1219
1219.21
1212.27
1250
1250
1219
1140
1125
1141
1146.54
1086
1039
1039
1086
1108.78
1219
1234
1223.03
1297
1289
1257.86
1273
1219
1207.49
1204.43
1198.94
1226
1235
1234
1234
1227
1222.12
1117
1156
1156
1188
1203
1203
1258
1250.25
1242
1235.58
1289
1250
1188
1156
1148
1196
1250
1247.36
1238.38
1234
1211
1198.33
1266
1226
1258
1281
1227
1250
1172
1086
1091.24
1098.6
1000
1024.94
1250
1241.2
1232.4
1233.34
1250
1244.61
1219
1211
1206.14
1234
1250
1250
1250
1258
1252.48
1247.74
1156
1161.96
1125
1195
1180
1203
1234
1188
1191.32
1219
1234
1223.41
1214.01
1217.27
1222.32
1218.67
1227
1242
1289
1281
1266
1258.56
1254.89
1219
1117
1078
1008
1023
977
1039
1117
1172
1289
1291.87
1305
1304
1250
1266
1281
1269.71
1264.93
1289
1287.01
1276.67
1258
1259.05
1258.27
1250
1211
1070
1039
1047
1065.18
1211
1297
1290.5
1279.86
1305
1258
1289
1297
1242
1245.2
1258
1234
1250
1281
1258
1297
1305
1273
1289
1281
1227
1258
1242
1109
1158.23
1171.8
1117
1141.44
1203
1180
1242
1245.24
1180
1215.5
1222.56
1172
1117
1039
1055
1031
1024
1036.22
1042.93
1046.13
1250
1266
1265
1263.67
1273
1264.14
1180
1250
1203
1211
1164
1125
1126.67
1148
1180
1164
1163.41
1166.88
1211
1227
1203
1192.24
1063
1062
1024
1062
1125
1133
1211
1223.55
1226
1217.74
1258
1242
1235
1273
1227
1234
1234
1222.52
1214.01
1180
1179.96
1000
1055.19
1125
1188
1189.86
1194.36
1234
1274
1281
1242
1241.43
1258
1243.65
1273
1227
1242
1234
1188
1194.34
1196.21
1192.44
1250
1250
1211
1242
1243.16
1203
1250
1242
1230.45
1234
1211
1172
1180.38
1266
1226
1188
1172
1195
1196.21
1192.47
1203.1
1312
1305
1227
1281
1242
1195
1199.28
1209.9
1156
1156
1180
1191.48
1242
1274
1273
1242
1258
1257.38
1164
1203
1203
1133
1117
1086
1102
1140
1211
1203
1219
1250
1227
1250
1265
1242.46
1236.7
1234.53
1203
1199.83
1196.87
1141
1242
1227
1222.93
1250
1266
1242
1258
1253.4
1242
1238.73
1232.84
1227
1226
1172
1164
1166.41
1165.03
1169.77
1250
1253.59
1250
1250
1258
1242
1195
1219
1219
1212.4
1242
1289
1275.95
1281
1276.1
1264.74
1258
1281
1242
1180
1164
1156
1180
1203
1156
1180
1234
1188
1242
1219
1211
1203
1207.59
1205.4
1204.22
1047
1103.75
1133
1273
1252.87
1245.77
1252.27
1265
1266
1250
1244.26
1250
1250
1203
1141
1187
1172
1250
1242
1188
1242
1249.5
1235.68
1209.91
1211.54
1218.87
1213.81
1194.34
1180
1186.54
1234
1203
1194.99
1125
1150.63
1086
1203
1192.17
1196
1187.55
1186.42
1203
1211
1201.72
1195
1180
1179
1196
1203
1211
1203
1195.7
1094
1117
1130.54
1136.33
1234
1222.16
1250
1237.46
1281
1242
1235
1229.17
1258
1250
1203
1205.89
1055
1086
1109
1125
1133.29
1289
1282.35
1289
1278.35
1242
1233.27
1220.23
1219
1258
1242
1133
1101
1109.24
1121.38
1133
1234
1258
1258
1289
1328
1305.59
1320
1311.29
1242
1258
1250
1258
1246.67
1239.95
1102
1093
1110
1195
1195
1196
1234
1289
1242
1238.59
1243.75
1203
1188
1234
1258
1203
1234
1255.77
1125
1149.39
1168.23
1258
1211
1250
1242
1211
1209.73
1219.69
1227
1205.27
1207.84
1210.82
1250
1226.79
1242
1203
1109
1102
1094
1109
1203
1289
1270.41
1297
1297
1242
1289
1266
1234
1258
1242
1242
1274
1273
1211
1223.56
1227.44
1227
1172
1188.37
1102
1179
1266
1219
1281
1234
1227
1242
1195
1235
1236.36
1180
1219
1234
1211
1242
1258
1235.03
1238.07
1266
1219
1234
1239.43
1125
1162.47
1109
1109.27
1211
1195
1189.14
1209.16
1211
1281
1211
1180
1196.73
1258
1281
1254.78
1266
1267.72
1252.54
1242
1241
1211
1250
1266
1234
1266
1266.09
1211
1250
1258
1226
1226.79
1117
1133
1179
1181.46
1227
1211
1210.55
1297
1279.85
1305
1312
1266
1297
1281
1242
1274
1265
1196
1219.09
1172
1180
1242
1236.54
1230.62
1218
1219.04
1218.29
1211
1211.25
1210.68
1203
1250
1227
1164
1125
1127.43
1125
1126.81
1289
1250
1250
1252.67
1297
1242
1237.05
1289
1250
1239.58
1239.32
1235.54
1242
1266
1258
1265
1188
1197.14
1201.78
1172
1234
1235.21
1258
1250
1242
1336
1308.94
1291.59
1297
1265
1262.94
1263.47
1172
1198.71
1202.02
1199.83
1234
1242.76
1281
1258
1259.43
1250
1211
1234
1229.78
1224.35
1180
1125
1131.54
1131.73
1133
1242
1252.47
1248.43
1242
1219
1214.94
1208.93
1202.84
1235
1237.21
1234
1229.56
1258
1219
1250
1297
1265
1274
1203
1211
1203
1258
1250
1242
1273
1227
1180
1185.93
1227
1234.31
1164
1172
1182.71
1188.85
1183
1203
1242
1236.36
1172
1094
1039
1039
1086
1086
1250
1260.9
1226
1266
1270.95
1242
1305
1281
1227
1281
1328
1258
1255.56
1289
1258
1245.97
1249.1
1245.5
1234
1266
1264.27
1253.17
1234
1238.24
1211
1195
1188
1187.35
1094
1117
1211
1215.91
1274
1320
1289
1286.74
1281
1268.36
1261.69
1219
1226
1219
1180
1183.48
1086
1164
1203
1234
1219
1224.3
1223.94
1305
1273
1250
1248.07
1235
1218
1212.71
1227
1187
1164
1172.57
1173.77
1177.24
1242
1219
1195
1242
1258
1234
1226.51
1230.99
1211
1204.05
1219
1218.21
1211.32
1141
1070
1074.86
1076.55
1141
1178.69
1328
1311.84
1289
1328
1273
1249.99
1289
1234
1227
1231.91
1226
1235
1235.02
1219
1217.8
1227
1223.33
1133
1160.49
1219
1211
1242
1234
1188
1193.9
1203
1195
1227
1226.58
1180
1197.25
1203
1336
1280.08
1375
1383
1343.94
1305
1336
1327.72
1304.26
1188
1202.72
1125
1133.95
1179
1202
1235
1234
1289
1258
1254.49
1256.72
1234
1230.39
1172
1219
1211
1187
1195.54
1201.68
1201.58
1172
1183.28
1186.89
1186.96
1187.66
1189.27
1191.65
1192.11
1192.12
1191.93
1328
1258.79
1297
1328
1289
1289
1297
1211
1219
1265
1258
1242
1289
1250
1266
1281
1266.24
1261.36
1281
1273.17
1265.17
1242
1246.53
1219
1223.57
1289
1275.2
1273
1258
1281
1266
1250
1281
1276.87
1289
1266
1270.95
1235
1242
1219
1234
1233.4
1242
1241.96
1243.79
1242
1235
1237.76
1237.27
1234
1234.47
1211
1203
1204.49
1180
1186.95
1185.49
1185.88
1172
1156
1162.18
1156
1149
1148
1149.78
1172
1164
1156
1149
1156
1156
1172
1164
1156
1161.42
1172
1172.97
1070
1144.3
1138.09
1137.07
1133.69
1134.49
1203
1185.92
1172.17
1250
1211
1203
1172
1177.54
1181.45
1174.49
1203
1203
1195.54
1180
1187
1172
1203
1180
1180.46
1195
1195
1196
1189.62
1211
1211
1195
1193.9
1187
1172
1175.74
1203
1172
1234
1235
1179
1180
1195
1157
1172.34
1196
1187.35
1183.31
1203
1180
1164
1172
1164
1140
1125
1133
1133
1125
1134.6
1164
1165.54
1133
1147.75
1125
1125
1126.93
1133
1133
1117
1123.97
1133
1125
1156
1156
1151.49
1150.93
1164
1180
1171.11
1141
1144.01
1146.59
1144.86
1156
1164
1159.3
1153.48
1125
1117
1102
1086
1078
1078
1086
1094.47
1039
1039
1039.01
1062
1069.4
1086
1141
1157.98
1155.6
1078
1101
1063
1078
1078
1086
1117
1126.35
1117
1086
1087.4
1110
1117
1117
1156
1172
1164
1143.85
1156
1164
1150.51
1188
1156
1172
1187
1164
1180
1180
1195
1203
1192.85
1156
1141
1164
1109
1102
1107.66
1133
1130.62
1125
1131.26
1164
1160.44
1125
1133.47
1117
1078
1085.59
1117
1180
1176.3
1166.6
1168.55
1203
1180
1203
1198.24
1211
1219
1226
1180
1203
1180
1170.75
1141
1125
1109
1107.88
1133
1144.89
1172
1172
1164
1163.36
1156
1156
1152.38
1141
1148
1145.97
1110
1148
1133
1187
1180
1172
1180
1179
1164
1141
1143.97
1172
1125
1156
1141
1203
1219
1226
1218.06
1226
1196
1179
1179.88
1175.76
1125
1117
1094
1086
1087.08
1088.82
1094
1164
1181.92
1172
1172
1164
1156
1152.05
1149
1146.84
1141
1164
1166.12
1187
1172
1172
1148
1149
1148
1144.68
1164
1203
1200.76
1194.09
1186.36
1180
1172.12
1188
1184.04
1211
1206.21
1242
1180
1184.1
1179
1133
1133
1133.76
1133
1164
1187
1193.21
1195
1172
1156
1172
1149
1179
1180
1180
1195
1219
1212.82
1206.61
1202.89
1156
1133
1125
1133
1117
1123.5
1127.33
1125
1125
1164
1156
1149
1156
1158.03
1133
1125
1148
1147.96
1141
1133
1117
1122.31
1070
1086.94
1086
1133
1172
1164
1211
1226
1180
1182.05
1172
1148
1117
1133
1149
1145.21
1117
1180
1164
1156
1156
1149
1164
1157.77
1152.54
1156
1133
1134.19
1140
1135.84
1102
1110.98
1114.03
1063
1078
1164
1195
1211
1172
1219
1219
1125
1070
1077.83
1083.21
1086
1203
1207.95
1191.55
1188.37
1179
1141
1130.6
1129.33
1180
1164
1203
1211
1193.81
1181.47
1176.27
1227
1214.82
1242
1219
1219
1217.56
1226
1217.46
1258
1244.13
1289
1266
1258.07
1289
1281
1272.42
1266
1250
1265
1227
1219
1219.27
1250
1211
1242
1258
1219
1228.43
1229.75
1266
1289
1289
1289
1289
1283.59
1273
1250
1227
1228.27
1228.26
1231.2
1234.76
1218
1172
1181.67
1182.25
1195
1201.52
1219
1203
1164
1172.41
1219
1226
1180
1195
1203
1157
1164
1195
1204.72
1211
1211
1211
1212.62
1195
1219
1211
1234
1227
1250
1258
1273
1242
1219
1250
1250
1234
1227
1231.47
1172
1156
1133
1125
1126.61
1187
1207.57
1211
1203
1250
1255.11
1246.8
1102
1156
1165
1063
1117
1125
1250
1266
1244.01
1211
1211
1195
1181.16
1164
1163.47
1156
1164
1188
1187
1180
1180
1179.21
1175.42
1196
1189.09
1184.69
1196
1242
1242
1242
1225.56
1250
1245.01
1258
1244.93
1227
1273
1266
1257.39
1246.62
1246.91
1219
1242
1250
1243.32
1234.74
1274
1273
1265.1
1297
1266
1304
1321
1281
1258
1289
1285.35
1276
1250
1242
1211
1195
1258
1258
1252.2
1219
1203
1195
1141
1094
1117
1132.57
1054
1086
1149
1211
1242
1258
1265
1265.17
1274
1270.87
1211
1242
1211
1242
1238.99
1234.07
1233.89
1234
1211
1211
1203
1199.58
1187
1186.8
1195
1192.67
1192.15
1192.41
1117
1146.87
1063
1109
1141
1135.35
1211
1206.11
1210.21
1214.35
1211
1195
1234
1219
1125
1094
1109
1112.3
1119.42
1211
1227
1250
1241.02
1211
1203
1172
1157.11
1147.67
1141
1148
1133
1148
1146.73
1146.29
1164
1164.46
1195
1156
1180
1164
1160.19
1158.19
1154.07
1152.27
1117
1125.86
1148
1142.78
1133
1139.04
1133
1148
1144.48
1125
1070
1093.11
1125
1130.84
1164
1164
1164
1160.98
1156
1133
1135.62
1055
1070
1031
977
953
961
1031
1039
1055
1117
1149
1078
1091.27
1133
1195
1168.92
1149.3
1149.11
1172
1203
1179.06
1165.14
1167.24
1168.93
1161.55
1152.19
1172
1174.03
1165.96
1157.3
1155.91
1203
1172
1163.7
1219
1203
1211
1250
1211
1219
1281
1266
1250
1245.2
1242
1172
1172
1211
1211
1200.47
1281
1266
1243.41
1274
1267.44
1242.22
1244.24
1242
1219
1215.81
1226
1188
1234
1246.28
1227.51
1273
1268.69
1248.36
1250
1273
1227
1234
1258
1281
1258
1261.63
1261.49
1242
1297
1289.98
1234
1219
1266
1260.05
1235
1195
1195
1196
1195
1203
1203
1172
1219
1211
1206.63
1219
1203
1195
1250
1227
1226
1211
1216.92
1219
1214.21
1195
1219
1211
1211
1250
1237.87
1125
1173.05
1176.57
1175.11
1133
1154.91
1250
1180
1211
1216.91
1086
1119.17
1039
1039
1031
1034.43
1038.52
1156
1164
1164.26
1180
1187
1181.93
1188
1234
1164
1211
1203
1203
1258
1266
1250
1289
1281
1250
1281
1227
1250
1289
1258
1265
1265.18
1281
1227
1240.03
1236.98
1230.63
1229.88
1230.19
1228.17
1164
1187.49
1265
1188
1207.21
1218.34
1196
1242
1235.75
1188
1203
1203
1180
1234
1211
1195
1180
1211
1172
1184.8
1109
1086
1090.33
1091.24
1092.32
1242
1235
1195
1212.58
836
805
820
828
839.269
836
859
867.66
938
1078
1172
1242
1242.71
1289
1250
1250.01
1258
1211
1195
1313
1318.18
1309.95
1310
1289
1250
1109
1055
1039
1056.78
1133
1146.92
1297
1328
1344
1321.91
1375
1352
1390
1375
1354.57
1359
1344
1335.69
1305
1328
1328.89
1324.77
1258
1262.83
1227
1258
1281
1280.28
1273
1273.51
1275.71
1273
1270.3
1250
1252.07
1266
1234
1227
1228.83
1242
1219
1226.08
1219
1242
1243.31
1281
1250
1297
1281
1266
1328
1314.09
1242
1254.82
1265
1258
1253.87
1250
1195
1211
1215.43
1180
1193.17
1187
1141
1164
1203
1203
1203.81
1217.69
1157
1234
1242
1219
1225.74
1238.73
1258
1239.9
1239.52
1250
1219
1281
1344
1305
1367
1344
1317.87
1321
1351
1258
1297
1289
1273.3
1235
1273
1270.05
1242
1253.21
1264.13
1242
1242
1255.7
1251.27
1211
1164
1177.75
1234
1203
1213.56
1180
1180
1148
1172
1180
1148
1250
1219
1215.97
1179
1196
1164
1168.46
1211
1203.97
1196.57
1211
1172
1180
1184.57
1148
1117
1180
1173.37
1195
1189.08
1227
1242
1225.03
1242
1232.34
1250
1237.58
1242
1297
1258
1254.6
1219
1224.64
1211
1208.04
1265
1235
1235.26
1273
1235
1281
1267.58
1273
1250
1250
1297
1273
1282
1289
1265
1269.66
1235
1243.04
1266
1250
1249.67
1258
1253.61
1252.05
1227
1250
1289
1276.75
1211
1250
1250
1250
1244.45
1265
1305
1289
1274.93
1305
1300.64
1328
1281
1297
1305
1289
1289
1297
1296.69
1285.14
1281.91
1282
1312
1297
1288.44
1336
1297
1294.31
1289
1281
1280.23
1281
1313
1320
1307.24
1304
1305.49
1312
1289
1258
1264.02
1268.7
1242
1247.03
1250
1252.17
1289
1281
1266
1266
1265
1264.24
1235
1234
1211
1250
1250
1250.53
1250
1258
1262.06
1260.93
1258
1273
1227
1234.64
1234
1234
1227
1203
1250
1219
1223.12
1211
1203
1209.45
1196
1195
1203
1200.49
1227
1250
1245.46
1273
1250
1281
1266
1297
1281
1258
1273
1268.46
1250
1242
1266
1250
1242
1281
1250
1235
1242.6
1250
1250
1289
1250
1250
1252.64
1249.05
1219
1250
1273
1274
1273
1266
1281
1276.56
1267.78
1250
1226
1233.2
1242
1245.6
1258
1273
1281
1305
1294.09
1289
1297
1297
1286.68
1266
1304
1306.01
1273
1297
1289
1297
1305
1281
1289
1289.39
1283.43
1297
1289
1281
1282.79
1281.26
1289
1281
1282.55
1283.58
1282.96
1211
1242
1227
1273
1274
1297
1320
1305
1308.35
1281
1288.76
1250
1258
1219
1258
1281
1219
1240.13
1242.59
1258
1250
1203
1242
1219
1211
1234
1227
1203
1214.4
1203
1172
1183.38
1211
1219
1215.59
1266
1250
1281
1274.42
1250
1250
1242
1242
1258
1258
1234
1243.31
1242
1266
1255.1
1255.46
1254.03
1266
1281
1297
1281
1242
1258
1258
1297
1289
1258
1289
1289
1250
1281
1250
1250
1250
1252.02
1242
1242
1227
1231.66
1281
1281
1273.85
1268.35
1250
1254.84
1203
1211
1212.65
1227
1242
1273
1258
1250
1250
1248.66
1266
1320
1310.65
1298.29
1286.94
1281
1297
1297
1250
1250
1250
1211
1242
1242.75
1226
1219
1223.37
1195
1219
1203
1211
1203
1211
1172
1219
1203
1172
1195
1195
1195.3
1198.89
1201.58
1204.25
1180
1191.39
1191.66
1227
1258
1234
1195
1180
1195
1141
1125
1129.91
1132.55
1164
1133
1195
1194.66
1195
1219
1234
1225.43
1250
1250
1211
1242
1237.98
1226.99
1258
1234
1250
1258
1245.84
1219
1226
1188
1187
1211
1219
1211
1212.99
1214.56
1219
1250
1273
1259.24
1235
1238.47
1234.86
1227.59
1258
1258.33
1281
1270.16
1263.06
1259.49
1252.63
1258
1254
1203
1203
1227
1218
1250
1248.11
1245.75
1289
1289
1278.62
1289
1282.99
1320
1306.16
1297.56
1313
1289
1304
1305
1297
1294.85
1294.56
1313
1304.82
1301.7
1297
1281
1285.38
1266
1269.02
1265.74
1264.28
1264.28
1264.58
1164
1236.49
1226.9
1180
1180
1186.19
1184.65
1211
1234
1239.11
1258
1297
1320
1318.11
1315.48
1265
1289
1285.72
1140
1141
1086
1089.45
1141
1161.99
1219
1218
1227
1250
1250
1248.22
1243.25
1226
1172
1173.62
1234
1203
1201.93
1234
1250
1258
1297
1289.75
1164
1211
1273
1253.12
1289
1258
1242
1266
1281
1250
1266
1267.39
1250
1242
1250
1281
1260
1273
1266
1242
1242
1246.43
1241.27
1289
1250
1250
1255.63
1250
1242
1219
1211
1203
1204.48
1206.07
1208.55
1211.42
1266
1273
1267.63
1263.1
1273
1272.34
1281
1328
1328
1313
1303.68
1336
1344
1332.73
1289
1297
1312
1315.6
1307.16
1336
1336.39
1328
1328
1344
1340.28
1328
1322.83
1321.83
1305
1265
1268.92
1305
1313.23
1305
1289
1227
1234
1237.67
1235
1304
1266
1266
1281
1258
1261.9
1250
1242
1244.22
1289
1250
1289
1273
1274.19
1266
1281
1305
1320
1289
1286.37
1282
1282.92
1297
1265
1250
1266
1264.35
1265
1266
1258
1273
1266
1265
1265.39
1281
1277.32
1275.49
1273.57
1297
1281
1305
1298.47
1295.29
1274
1273
1276.13
1297
1328
1320
1305
1312
1312.67
1309.39
1266
1273
1272.26
1242
1250
1219
1221.72
1234
1266
1274.51
1250
1257.72
1273
1276.41
1320
1319.23
1281
1281.52
1286.1
1234
1227
1230.14
1266
1275.68
1297
1289
1282.91
1234
1237.08
1266
1351
1328.79
1328
1309.73
1242
1236.93
1258
1203
1214.98
1220.06
1188
1203
1180
1195
1195.92
1211
1234
1180
1185.85
1190.54
1242
1242.59
1237.71
1230.07
1133
1162.76
1166.55
1175.04
1177.29
1250
1242
1258
1289
1258
1246.56
1250
1227
1219.77
1227
1221.81
1212.8
1212.39
1195
1156
1172
1180
1211
1207.92
1250
1180
1195
1180
1174.53
1156
1149
1156
1155.05
1203
1172
1211
1234
1230.23
1265
1305
1242
1235
1351
1297
1266
1281
1250
1180
1234
1266
1218
1219
1211
1172
1195
1207.18
1187
1191.96
1172
1164
1169.11
1203
1197.69
1193.95
1102
1134.52
1139.09
1219
1242
1242
1238.06
1219
1266
1265
1250
1266
1250
1242
1242
1203
1205.94
1312
1305
1289
1274.93
1289
1305
1273
1265.93
1250
1245.52
1195
1199.63
1200.06
1199.88
1235
1312
1304.03
1292.86
1297
1281
1267.33
1282
1273
1259.35
1305
1266
1265
1211
1216.82
1250
1256.48
1273
1297
1250
1266
1304
1266
1234
1266
1289
1242
1258
1320
1274
1281
1281
1258
1261.49
1250
1250
1249.97
1251.71
1273
1227
1242
1258
1289
1242
1252.02
1259.55
1254.97
1250
1255.22
1258
1211
1224.96
1156
1164
1211
1211
1289
1285.01
1242
1266
1242
1250
1281
1270.34
1242
1273
1227
1273
1264.67
1273
1305
1297
1265
1272.06
1266
1281
1269.87
1266.29
1195
1242
1250
1242.53
1211
1242
1219
1224.97
1227.61
1281
1227
1238.72
1313
1250
1254.47
1265
1219
1180
1250
1246.48
1242
1289
1279.96
1281
1235
1281
1242
1258
1297
1250
1265
1267.97
1234
1235
1234
1180
1195
1141
1148
1188
1190.18
1195
1209.67
1289
1234
1241.78
1289
1270.44
1242
1254.22
1255.45
1242.43
1243.73
1251.41
1227
1125
1143.01
1250
1249.47
1230.91
1243.12
1281
1259.59
1239.54
1281
1242
1221.84
1273
1281
1274
1289
1289
1267.82
1259.59
1266
1256.79
1281
1266
1320
1273
1258
1266
1234
1219
1223.47
1221.33
1221.83
1225.79
1242
1219
1250
1211
1172
1181.15
1211
1195
1242
1250
1250
1266
1297
1281
1250
1289
1281
1258
1297
1281
1258
1258
1242
1237.6
1240.27
1242
1203
1188
1172
1173.35
1175.03
1219
1231.72
1232.81
1236.95
1226
1188
1194.22
1194.94
1078
1121.38
984
953
922
953
930
969
998.018
1008
1094
1111.58
1125
1195
1180
1125
1086
1089.9
1094
1078
1117
1180
1266
1304
1278.64
1261.17
1259.76
1254.21
1320
1297
1250
1242
1266
1265
1254.29
1297
1250
1289
1289
1278.04
1297
1291.82
1289
1285
1289
1284.51
1305
1289
1281
1219
1125
1109
1141
1180
1216.72
1249.86
1267.42
1234
1227
1273
1227
1242
1247.46
1156
1172
1172
1168.7
1175.51
1203
1211
1258
1211
1213.82
1273
1266
1250.37
1241.25
1250
1289
1289
1320
1303.71
1258
1195
1202.67
1205.77
1211.43
1289
1297
1250
1281
1227
1265
1274
1281
1281
1262.96
1242
1242.83
1246.16
1234
1297
1258
1281
1336
1289
1289
1328
1266
1312
1302.57
1286.68
1328
1309.57
1289
1336
1305
1297
1308.96
1250
1281
1283.37
1267.92
1258
1281
1234
1282
1280.77
1211
1250
1261.87
1180
1212.45
1227.19
1207.98
1297
1344
1297
1320
1317.11
1290.37
1258
1273
1250
1289
1258
1211
1258
1260.36
1234
1250.97
1257.24
1240.08
1258
1263.27
1211
1232.55
1226
1214.79
1273
1269.93
1218
1235
1242
1203
1297
1273
1211
1211
1224.58
1234
1258
1281
1227
1273
1289
1266
1289
1336
1273
1282
1320
1280.39
1279.13
1281
1258
1250
1266
1242
1242.66
1254.94
1242
1241.99
1313
1295.44
1289
1296.18
1282.57
1272.81
1258
1234
1258
1258
1242
1250.86
1266
1242
1297
1297
1242
1289
1297
1270
1289
1250
1211
1195
1198.5
1197.56
1211
1242
1211
1224.69
1328
1258
1273
1297
1276.77
1276.74
1266
1203
1289
1289
1267.65
1250
1262.17
1219
1250
1253.49
1243.3
1246.25
1254.57
1234
1237.98
1273
1266
1254.35
1261.47
1257.87
1265
1258.53
1250
1266
1273
1261.15
1289
1289
1276.57
1272.61
1235
1195
1258
1256.28
1250
1281
1273
1267.21
1297
1289
1266
1289
1281
1268.92
1274.79
1273
1250
1266
1242
1211
1225.18
1230.72
1250
1248.62
1266
1320
1305
1242
1281
1227
1211
1216.29
1250
1211
1223.64
1234
1219
1227
1234
1180
1242
1241.51
1227
1233.02
1243.36
1227
1273
1266
1219
1273
1227
1231.21
1242
1250
1219
1281
1297
1242
1219
1250
1227
1250
1281
1328
1219
1211
1242
1234
1235
1234.83
1243.01
1266
1251.04
1211
1242
1246.36
1219
1220.94
1211
1250
1250
1237.92
1211
1219
1195
1203
1204.96
1195
1227
1229.72
1227.05
1242
1211
1215.29
1211
1258
1249.55
1243.5
1258
1266
1250
1289
1281
1234
1274
1267.72
1250
1266
1281
1266.34
1262.23
1227
1195
1234
1235.45
1219
1273
1270.38
1273
1274
1258
1250
1254.84
1235
1242
1234
1172
1211
1234
1228.55
1203
1188
1179
1177.2
1227
1211
1250
1251.76
1250
1250
1246.2
1240.36
1266
1281
1274
1328
1318.61
1310.49
1305.78
1301.46
1296.12
1227
1241.33
1239.77
1227
1234
1219
1281
1219
1242
1250
1242
1227
1250
1242
1227
1234
1235.85
1258
1249.13
1242
1242
1305
1265
1260.86
1262.75
1261.89
1234
1211
1220.79
1203
1164
1195
1219
1250
1266
1211
1273
1266
1250
1187
1078
1016
992
992
1047
1164
1248.38
1281
1320
1311.83
1289
1258
1249.34
1234
1289
1281
1227
1258
1281
1242
1266
1258
1242
1242.62
1297
1226
1235
1234
1230.17
1258
1258
1250
1246.21
1250
1250
1266
1242
1249.16
1273
1258
1250
1258.41
1266
1250
1289
1272.88
1250
1289
1274
1265
1268.09
1094
1047
1113.23
969
953
914
883
867
782
789
804
797
805
828
835.998
891
906.548
1023
1086
1086
1133
1203
1215.33
1258
1267.43
1336
1346.02
1414
1344
1353.03
1383
1328
1289
1304.41
1320
1367
1369.22
1360
1364.33
1328
1297
1305
1311.13
1306.7
1305
1273
1276.25
1328
1323.79
1312
1305
1258
1328
1328.96
1266
1289
1300.06
1309.23
1320
1305
1304
1258
1211
1164
1227
1242
1219
1224.08
1241.72
1289
1336
1297
672
838.126
1328
1289
1359
1324.26
1321.96
1344
1367
1339.92
1297
1273
1258
1289
1258
1256.73
1258
1328
1258
1258
1242
1250
1266
1265
1266
1281
1250
1305
1320
1320.08
1304.1
1281
1235
1243.46
1297
1281
1289
1281
1297
1305
1273
1297
1295.08
1289.78
1283.04
1258
1226
1235
1237.31
1195
1234
1239.78
1172
1289
1242
1281
1272.25
1269.74
1270.06
1250
1256.73
1256.21
1234
1203
1196
1199.34
1211
1211
1250
1219
1211
1219.94
1216.97
1242
1289
1266
1234
1243.12
1241.65
1233.75
1231.72
1235.88
1233.39
1227
1227.51
1172
1211
1207.85
1203
1266
1255.38
1281
1281
1272.72
1227
1281
1267.8
1258.87
1289
1266
1273
1297
1282.27
1258
1281
1275.46
1234
1266
1260.59
1252.63
1254.74
1256.23
1251.31
1289
1250
1255.67
1250
1234
1219
1289
1242
1258
1250
1242
1219
1273
1266
1242
1249.33
1250
1245.13
1219
1226
1234.69
1231.09
1289
1250
1242
1250.99
1235
1250
1265
1251.88
1250
1234
1241
1241.73
1242
1258
1195
1227
1234
1211
1222.69
1250
1240.33
1289
1269.95
1273
1282
1281
1242
1255.79
1266
1219
1273
1258
1219
1273
1227
1226
1250
1238.9
1196
1221.47
1226.84
1211
1221.05
1164
1164
1196
1234
1211
1227.58
1238.67
1222.96
1230.68
1241.2
1225.67
1228.19
1238.61
1281
1305
1281
1258
1258
1242
1234
1229.83
1250
1211
1217.92
1211
1242
1235.98
1232.16
1211
1227
1234
1188
1226
1211
1213.6
1213.9
1304
1266
1320
1297
1292.02
1297
1289
1258
1289
1273
1250
1250
1258
1250.3
1246.72
1273
1219
1250
1219
1234
1250
1240.99
1242.9
1235
1250
1234
1266
1242
1172
1117
1122.05
1156
1117
1102
1117
1094
1101.86
1258
1273
1264.61
1258
1242
1238.3
1233.34
1211
1227
1234
1250
1211
1214.4
1187
1180.5
1177.93
1235
1289
1281
1263.82
1211
1273
1242
1250
1258
1242.79
1237.6
1234.06
1250
1246.19
1250
1243.91
1289
1280.51
1203
1258
1211
1219.19
1273
1250
1227
1273
1219
1211
1242
1237.45
1232.93
1266
1245.93
1244.06
1250
1250
1273
1266
1250
1250
1255.52
1235
1234
1281
1266
1242
1245.38
1273
1219
1289
1234
1211
1230.82
1242
1219
1258
1187
1094
1141
1195
1234
1305
1289
1289
1297
1289
1266
1281
1289
1258
1328
1297
1297
1304
1274
1281
1289
1272.98
1273
1266
1281
1242
1297
1258
1258.78
1259.75
1219
1228.68
1226
1250
1211
1180
1164
1203
1281
1273.54
1281
1258
1262.17
1227
1265
1260.44
1256.81
1265
1263.51
1250
1234
1188
1250
1211
1215.9
1219
1227
1289
1304
1294.86
1285.49
1250
1242
1250
1250
1244.22
1240.48
1250
1219
1227.09
1250
1156
1189.67
1203
1197.79
1198.76
1258
1247.15
1242.12
1273
1289
1258
1258.86
1258
1250.6
1273
1269.91
1273
1266.52
1267.82
1180
1281
1260.23
1250.44
1250.76
1258
1249.73
1234
1211
1220.85
1203
1180
1141
1146.5
1242
1227
1289
1281
1258
1267.02
1266.28
1254.95
1281
1266
1273
1289
1258
1273
1250
1196
1207.16
1164
1133
1172
1183.93
1195.43
1242
1328
1314.95
1303.84
1299.76
1265
1274
1273
1297
1281
1258
1266
1265
1227
1195
1102
1133
1195
1164
1242
1258
1252.27
1289
1287.8
1273.41
1282
1304
1258
1289
1274
1234
1211
1218.23
1214.71
1258
1262.31
1257.77
1258
1255.57
1249.31
1244.56
1312
1227
1237.63
1211
1164
1203
1250
1219
1242
1250.01
1211
1234
1237.48
1229.88
1235
1238.65
1227
1234
1289
1281
1250
1289
1274
1250
1273
1268.59
1211
1250
1281
1235
1273
1275.63
1251.03
1258.26
1265.06
1289
1297
1281
1266
1281
1250
1242
1211
1216.99
1219.19
1250
1258
1257.98
1297
1281
1305
1299.15
1289.08
1285.07
1276.78
1267.79
1242
1211
1213.21
1148
1180
1176.45
1266
1270.41
1273.39
1312
1235
1304
1297
1266
1274.69
1270.13
1274
1269.15
1258
1260.09
1242
1245.17
1243.35
1242.23
1219
1164
1211
1211
1203
1212.85
1242
1219
1265
1297
1266
1271.52
1273
1258
1262.35
1242
1219
1289
1250
1252.54
1281
1282
1234
1246.99
1281
1227
1238.62
1250.13
1133
1203
1219
1250
1235.98
1247.62
1258
1242.41
1289
1266
1257.16
1281
1270.67
1258
1266
1281
1297
1297
1289.64
1289
1288.8
1203
1234.74
1172
1179.79
1258
1343
1274
1275.69
1289
1242
1252.42
1274
1258
1289
1312
1274
1328
1312
1266
1312
1305
1250
1274.19
1172
1194.44
1117
1195
1235
1226
1227
1273
1242
1244.78
1242
1266
1259.94
1266
1250
1242
1245.77
1133
1180
1203
1250
1281
1274.87
1250
1289
1250
1250
1281
1250
1250.15
1251.2
1227
1203
1195
1172
1195
1211
1216.53
1220.73
1234
1235
1273
1305
1289
1282.29
1273
1263.72
1254.82
1246.79
1240.86
1258
1305
1265
1289
1288.29
1281.61
1219
1226.12
1228.64
1250
1234
1235.64
1188
1195.34
1211
1215.83
1265
1219
1226.22
1250
1250
1219
1223.72
1117
1149
1203
1210.01
1289
1258
1281
1211
1211
1242
1242.54
1274
1289
1289
1289
1281.22
1266
1297
1297
1282.52
1276.42
1172
1195
1211
1211
1188
1226
1229.31
1242
1227
1228.67
1250
1234
1242
1219
1195
1188
1226
1258
1250
1239.65
1156
1175.8
1078
1141
1211
1242
1234
1305
1305
1294.66
1297
1289.48
1250
1248.8
1281
1274
1273
1258
1242
1297
1295.64
1281.82
1258
1203
1133
1203
1232.06
1195
1197.31
1217.64
1219.65
1242
1203
1211
1222.9
1233.39
1218
1250
1227
1211
1273
1266
1250
1241.27
1258
1234
1250
1258
1242
1227
1250
1203
1211
1203
1202.86
1242
1258
1244.57
1246.12
1313
1297
1279.05
1280.23
1242
1219
1250
1227
1224.64
1258
1203
1117
1141
1152.62
1242
1245.84
1247.24
1320
1328
1297
1290.33
1289.43
1289
1271.25
1321
1317.51
1219
1250
1264.99
1252.83
1243.23
1281
1258
1289
1285.6
1275.2
1156
1086
1109
1227
1258
1252.61
1328
1289
1266
1242
1203
1172
1242
1281
1297
1344
1312
1266
1266.82
1261.65
1242
1258
1281
1272.5
1219
1250
1261.41
1156
1172
1203
1203
1227
1250
1246.74
1241.88
1289
1266
1297
1234
1242.99
1281
1235
1234
1250
1242
1235.65
1149
1175.73
1164
1161.59
1219
1227.94
1273
1267.5
1260.43
1227
1304
1258
1253.16
1256.45
1187
1133
1133
1242
1246.69
1241.99
1250
1250.82
1273
1261.66
1203
1209.49
1258
1227
1250
1249.09
1320
1290.26
1270.82
1203
1203
1266
1260.75
1258
1211
1250
1250
1250
1250
1234.95
1236.79
1274
1281
1260.22
1242
1244.65
1117
1144.37
1159.49
1219
1234
1258
1242
1250
1266
1234
1219
1222.69
1227
1242
1235.01
1234
1180
1180
1179
1258
1260.74
1211
1211
1220.82
1223.95
1265
1254.36
1250
1203
1219
1250
1195
1219
1266
1234
1250
1258
1258
1265
1258
1211
1221.87
1141
1226
1258
1242
1305
1258
1257.58
1274
1250
1234
1241.99
1236.69
1258
1211
1211
1218.45
1258
1258
1250
1320
1281
1305
1266
1234
1250
1266
1256.79
1273
1266
1226
1211
1180
1180
1156
1234
1219
1258
1328
1281
1278.67
1297
1288.21
1274
1328
1319.76
1281
1288.8
1294.06
1141
1078
1086
1087.13
1250
1281
1274
1312
1297
1305
1258
1234
1281
1258
1250
1281
1235
1234
1250
1211
1172
1203
1215.22
1210.55
1210.01
1273
1227
1250
1281
1263.65
1250
1258
1250
1148
1180
1180
1173.04
1172.71
1235
1239.79
1297
1292.55
1211
1297
1291.07
1211
1141
1078
1078.12
1195
1219
1242
1266
1250
1235.49
1219
1227
1281
1281
1260.1
1253.79
1219
1195
1141
1187
1219
1195
1235
1250
1243.81
1235.81
1232.49
1211
1203
1199.19
1039
1086
1141
1195
1227
1228.15
1219
1219.02
1211
1202.57
1197.15
1192.17
1188.82
1242
1211
1242
1231.17
1227.5
1222.95
1281
1227
1211
1226
1227
1220.15
1273
1254.07
1258
1250
1203
1172
1195
1172
1187
1193.6
1196.17
1086
1122.91
1187
1180
1195
1211
1201.48
1211
1219
1242
1228.48
1227.29
1228.69
1224.09
1218.48
1250
1250
1250
1241.66
1241.78
1242
1258
1219
1305
1280.88
1180
1234
1229.99
1224.12
1250
1234
1234.42
1236.32
1133
1183.38
1265
1241.38
1281
1272.13
1265.83
1264.09
1219
1211
1266
1195
1203
1156
1149
1157.23
1158.3
1159.35
1156
1161.44
1162.43
1258
1250
1242
1258
1253.32
1172
1211
1206.97
1196.79
1227
1234
1188
1226
1250
1227
1242
1242.23
1234
1219
1250
1219
1258
1195
1133
1148
1219
1273
1227
1289
1281.86
1078
1086
1172
1234
1242
1313
1296.94
1265.71
1320
1328
1289
1305
1312
1258
1259.93
1297
1258
1265
1297
1278.47
1211
1141
1148
1141
1211
1223.44
1227.54
1281
1278.02
1219
1250
1254.24
1227
1227.61
1227
1234
1242
1243.8
1148
1180
1186.16
1242
1305
1297
1336
1336
1304
1305
1303.05
1281
1289
1282.28
1264.24
1260.92
1257.68
1250.64
1247.56
1211
1218.61
1258
1250
1219
1250
1251.59
1219
1229.99
1266
1211
1234
1172
1185.43
1227
1273
1250
1266
1269.83
1258
1234
1258
1266
1250
1195
1195
1219
1223.82
1188
1234
1219
1250
1266
1242
1241.67
1125
1078
1039
1094
1139.85
1234
1253.06
1383
1297
1282.26
1305
1295.63
1273.21
1266
1250
1250
1250
1243.88
1258
1250
1243.39
1149
1162.99
1086
1125
1142.25
1219
1226
1226.01
1226.4
1224.69
1234
1228.91
1242
1219
1195
1234
1196
1202.75
1102
1078
1117
1219
1281
1281
1274
1234
1225.21
1219
1205.28
1258
1253.22
1243.5
1235.89
1281
1273.8
1261.91
1255.25
1251.1
1195
1180
1125
1086
1109
1141
1180
1195
1250
1250
1258
1242
1233.35
1265
1250
1180
1086
1055
1023
1021.89
1086
1133
1117
1141
1164
1125
1148
1125
1125
1133
1134.55
1094
1117
1141
1164
1159.19
1250
1226
1258
1258
1243.78
1219
1215.95
1258
1246.96
1172
1133
1055
1062
1055
1078
1141
1234
1258
1247.02
1359
1297
1273.32
1297
1242
1230.87
1235.7
1227.83
1258
1289
1278.34
1242
1243.33
1164
1117
1133
1211
1203
1289
1289
1274.86
1328
1297
1276.97
1281
1250
1250
1250.78
1274
1281
1289
1258
1336
1324.27
1250
1250
1305
1294.2
1274.33
1312
1309.55
1250
1260.28
1266.45
1254.15
1258
1234
1235
1312
1293.96
1250
1257.09
1271.83
1266
1336
1289
1274.47
1266
1242
1234
1110
1109
1156
1194.78
1203
1219
1219
1226
1258
1261.39
1250
1258
1289
1211
1250
1281
1266
1273
1297
1250
1255.93
1312
1274
1242
1254.95
1180
1164
1219
1218.77
1203
1266
1273
1250
1259.12
1260.34
1281
1267.53
1234
1243.01
1243.33
1230.92
1250
1256.09
1164
1094
1070
1063
1047
1062
1125
1168.28
1227
1273
1344
1297
1285.86
1328
1318.11
1313
1305.3
1305.49
1301.51
1297
1250
1281
1285.51
1279.56
1278.29
1305
1305.42
1359
1313
1328
1344
1273
1281
1258
1242
1241.23
1241.37
1258
1219
1231.55
1101
1055
875
859
860.36
874.493
844
836
828
841.82
851.79
789
766
783.769
758
775.858
742
719
740.647
734
753.195
750
750
789
789
799.356
806.247
859
883
852
850.785
859.783
859.784
844
836
820
816.829
814.098
836
820
813
828
826.306
805
797
797
789
781
781.757
766
768.65
766
773
758
750
751.883
752.174
753.42
773
797
836
891
937
961
955.652
947.885
1000
1000
992
1000
1000
996.135
961
953
954.257
969
968.063
962.49
1078
1063
1031
1018.48
1018.3
976
972.758
891
902.164
891
893.61
898.377
1016
1109
1058.12
1055
1048.46
1070
1102
1133
1117
1103.34
1188
1174.45
1211
1211
1197.8
1196.67
1198.54
1117
1117
1110
1148
1141
1140
1149
1164
1161.74
1154.86
1149.71
1125
1121.79
1119.59
1070
1039
961
953
946
1015
1047
1102
1130.07
1086
1094.72
1102.98
1055
1070
1047
1000
1006.13
1031
1049.43
1058.14
1117
1125.29
1116.48
1117
1063
1031
969
961
960.692
969
978.879
1062
1085.56
1070
1066.84
992
992.811
953
951.358
914
899
945
969
961
945
951.666
937
922
921.625
891
883
882.576
859
860.765
813
819.247
818.321
818.639
774
789.278
781
784.013
785.899
787.449
766
781
781.28
782.998
789
797
844
836
844
859
852
867
539
1094
883
890
891
914
984
951.688
1102
1195
1125.19
1092.74
1195
1125
1133
1133
1133.47
1109
1133
1133
1133
1136.86
1164
1166.63
1168.86
1174.02
1179.56
1183.16
1185.18
1185.04
1242
1234
1196
1195
1211
1180
1176.69
1172
1125
1117
1117
1086
1078
1086
1024
984
953
953.331
984
1055
1133
1148
1172
1172
1172
1242
1227
1234
1289
1250
1227
1229.93
1228.38
1258
1266
1242
1258
1250
1250
1249.54
1250
1242
1250
1249.51
1247.26
1226
1203
1219
1250
1242.98
1203
1210.25
1213.15
1213.24
1211.03
1235
1281
1250
1250
1289
1297
1289
1297
1297.46
1285.57
1312
1297
1281
1305
1289
1266
1297
1242
1245.54
1195
1172
1174.84
1094
1008
969
984
988.458
998.642
1102
1156
1164
1156
1149
1156
1125
1133
1172
1164
1156
1157.98
1172
1172
1203
1201.91
1187
1186.86
1180
1179
1196
1195
1156
1203
1180
1172
1203
1195
1180
1180.65
1182.76
1172
1187
1180
1178.1
1177.01
1172
1195
1164
1188
1182.58
1195
1185.91
1185.04
1250
1222.36
1196
1156
1133
1156
1160.63
1164.52
1172
1164
1117
1131.66
1133.51
1000
1000
1039
1148
1154.39
1218
1211
1180
1211
1212.67
1194.97
1219
1203
1172
1203
1204.26
1187
1185.85
1234
1218.66
1289
1297
1250
1281
1276.13
1258
1252.23
1249.09
1281
1268.69
1305
1312
1297
1352
1351
1297
1328
1324.32
1266
1281
1284.98
1320
1352
1375
1320
1320
1344
1297
1289
1298.85
1305
1250
1320
1317.49
1273
1305
1312.69
1289
1291.24
1273
1274.9
1195
1211
1217.77
1216.41
1211
1195
1172
1242
1219
1220.31
1233.07
1258
1258
1257.07
1328
1320
1344
1332.33
1297
1301.64
1302.24
1273
1297
1320
1266
1281
1288.64
1250
1258.06
1262.96
1258
1211
1226.94
1230.93
1250
1274
1276.4
1270.41
1242
1274
1272.96
1250
1257.57
1289
1274
1281
1286.68
1281
1336
1312
1258
1289
1290.83
1272.08
1359
1336
1266
1305
1312
1258
1211
1242
1227
1250
1261.45
1320
1328
1304.79
1367
1305
1375
1320
1297
1336
1313
1295.04
1305
1273
1227
1234
1289
1305
1359
1349.26
1328
1329.43
1312
1328
1313
1375
1351
1339.4
1273
1297
1299.9
1296.57
1383
1359
1336
1336.28
1312
1328
1258
1180
953
1023
1048.92
1096.43
1115.44
1142.29
1102
1117
1141
1195
1211
1289
1294.66
1296.36
1430
1461
1453
1437
1430
1414
1414
1391
1398
1344
1336
1312
1266
1276.5
1320
1273
1282
1281
1242
1289
1291.48
1291.29
1297
1274
1218
1236.93
1258
1273
1360
1328
1281
1328
1367
1344
1337.69
1336
1383
1375
1336
1336.42
1344.59
1328
1314.37
1336
1289
1289.12
1359
1349.87
1330.31
1304
1314.88
1281
1279.38
1304
1307.69
1300.01
1313
1322.33
1304
1266
1276
1226
1282
1290.46
1273
1305
1313.29
1303.9
1301.83
1250
1297
1292.97
1242
1262.79
1270.45
1273
1266.28
1359
1282
1250
1304
1266
1289
1295.05
1289
1266
1289.63
1286.75
1250
1277.42
1284.53
1281
1266
1195
1078
1121.29
1148
1203
1266
1287.92
1320
1309.01
1336
1289
1344
1297
1290.67
1320
1305
1297.44
1336
1289
1291.9
1344
1289
1320
1344
1336
1326.41
1336
1336
1312
1315.27
1359
1344.59
1375
1359.02
1320
1344
1344
1265
1258
1258
1260.18
1305
1317.74
1297
1375
1370.21
1266
1320
1305
1234
1328
1330.32
1307.72
1310.57
1327.95
1312
1313
1289
1292.21
1292.46
1328
1266
1328
1273
1227
1242.87
1305
1265
1305
1281
1250
1266
1276.97
1227
1312
1336
1310.07
1375
1355.09
1359
1344
1341.81
1367
1367
1336
1375
1361.16
1281
1297
1303.05
1289
1328
1329.6
1328
1281
1250
1274
1278.61
1242
1297
1297
1258
1289
1289
1281
1289
1297.73
1258
1250
1289
1289
1276.01
1328
1328
1297
1328
1297
1283.99
1336
1328
1336
1367
1346.74
1359
1305
1172
1078
1008
992
1000
1125
1211
1250
1297
1302.83
1273
1305
1320
1383
1367
1352
1352.99
1352.61
1336
1359
1336
1344
1345.85
1321
1320
1328
1352
1312
1328
1344
1340.3
1334.74
1297
1300.56
1242
1252.19
1253.31
1297
1328
1344
1343.25
1375
1336
1340.68
1320
1336
1328
1305
1336
1334.5
1320
1336
1289
1305
1306.44
1302.3
1274
1312
1306.82
1302.98
1297
1265
1235
1281
1278.76
1277.66
1279.89
1250
1263.03
1281
1277.37
1276.42
1312
1309.4
1297
1312
1315.32
1320
1310.49
1297
1302.74
1305
1328
1367
1320
1336
1352
1312
1305
1336
1327.97
1320
1318.03
1289
1344
1332.61
1305
1344
1336.19
1320
1289
1266
1242
1289
1300.61
1303.11
1305.67
1311.48
1309.9
1305.1
1289
1293.68
1328
1323.31
1297
1300.57
1289
1289.95
1289
1250
1259.79
1261.77
1273
1313
1317.04
1281
1281.75
1297
1297
1359
1297
1266
1270.01
1250
1273
1297
1273
1305
1305
1297
1320
1328
1318.2
1320
1281
1258
1281
1305
1301.09
1336
1331.68
1297
1302.92
1301.76
1219
1226
1266
1269.78
1250
1312
1297
1258
1320
1266
1261.5
1297
1289
1266
1320
1297
1289
1291.61
1313
1289.89
1351
1329.27
1301.25
1148
1141
1140
1227
1234
1297
1352
1328
1321.96
1406
1328
1336
1340.73
1315.94
1336
1339.17
1318.29
1328
1328.88
1305
1297
1299.59
1293.13
1305
1303.79
1289
1336
1328.64
1322.2
1351
1305
1328
1344
1281
1306.61
1336
1281
1328
1344
1320
1321
1304
1336
1327.09
1323.03
1281
1303
1258
1281
1305
1296.13
1320
1320
1266
1289
1297
1287.49
1273
1287.66
1250
1258
1262.32
1250
1312
1297
1219
1281
1336
1328
1309.28
1375
1320
1304.33
1318.2
1328
1296.83
1297
1250
1297
1294.85
1274
1312
1297
1313
1303.88
1313
1320
1305.79
1273
1274
1281.69
1250
1266
1297
1290.46
1312
1311.15
1266
1282.23
1289
1283.6
1289
1250
1219
1242
1245.09
1234
1282
1289
1242
1289
1320
1258
1344
1328
1302.7
1351
1328
1308.67
1375
1336
1336
1367
1345.37
1328.65
1359
1258
1285.99
1289
1272.15
1164
1148
1133
1133.23
1211
1266
1276.54
1286.49
1320
1313.21
1336
1334.71
1336
1320
1305
1303.81
1234
1239.92
1242.72
1243.92
1247.4
1253.14
1281
1282.29
1336
1336
1406
1352
1398
1367
1321
1322.86
1313.31
1289
1290.09
1297
1312
1305
1266
1289
1304
1305
1258
1297
1281
1289
1320
1312.34
1307.45
1320
1316.35
1305
1367
1328
1289
1302.21
1336
1324.8
1315.09
1316.76
1321.78
1314.87
1305.73
1336
1330.66
1336
1344
1367
1320
1305
1328
1305
1297
1304
1308.84
1305
1305.8
1250
1304
1344
1328.89
1317.81
1322.42
1258
1289
1344
1328.78
1328
1322.63
1336
1344
1330.01
1324.62
1351
1344
1289
1375
1375
1375
1383
1367
1362.87
1360
1353.39
1320
1330.56
1328.5
1250
1277.71
1258
1234
1258
1242
1227
1281
1258
1266.53
1289
1289
1289.77
1294.43
1102
1209.42
1204.4
1203.02
1216.4
1219
1224.84
1229.71
1375
1351
1375
1360.33
1353.88
1367
1375
1313
1329.4
1375
1344
1375
1365.64
1359.91
1360.69
1305
1320
1320.22
1312
1328
1324.52
1312
1297
1266
1273
1297
1289
1292.9
1312
1297
1328
1328
1305
1320
1328
1317.47
1390
1336
1352
1383
1343
1321
1351
1289
1306.66
1148
1220.18
1000
961
953
953
961
961
1000
1047
1047
1060.14
1062
1071.21
1133
1144.11
1242
1320
1328
1336
1367
1360
1351
1336
1289
1258
1259.93
1328
1328.94
1330.05
1375
1360
1351
1353.21
1390
1297
1299.17
1258
1257.84
1289
1250
1250.61
1336
1336
1325.64
1281
1274
1281
1375
1336
1328
1352
1289
1304
1311.19
1304.57
1305
1307.49
1309.81
1336
1327.33
1328
1297
1297
1299
1305
1391
1367
1343.63
1414
1383
1383
1374.03
1336
1344
1339.98
1305
1289
1297
1328
1258
1281
1297
1298.19
1320
1326.4
1266
1278.76
1284.53
1289
1305
1281
1344
1340.33
1325.96
1322.64
1297
1300.2
1125
1133
1164
1242
1258
1271.02
1283.38
1383
1359
1391
1367
1313
1314.12
1336
1325.56
1352
1320
1319.48
1328
1328
1375
1360.74
1219
1250
1359
1321
1351
1330.07
1351
1313
1351
1274
1265
1313
1328
1273
1321
1320
1317.64
1266
1359
1337.52
1320.2
1406
1336
1325.35
1352
1336.46
1297
1297
1266
1234
1281
1289.61
1219
1304
1305.39
1297
1258
1290.22
1273
1227
1258
1242
1242
1245.62
1250
1258
1289
1287.29
1242
1203
1164
1110
1164
1191.67
1211
1258
1277.24
1250
1256.74
1289
1328
1281
1219
1211
1211
1180
1234
1297
1294.5
1367
1375
1336
1317.04
1375
1328
1309.18
1336
1266
1242
1094
1031
1031.91
1034.34
930
914
922
922
922
945
953
1008
992
1047
1064.02
1109
1047
1047
1059.41
1109
1114.21
1115.54
1115.59
1164
1166.29
1165.03
1172
1195
1193.87
1203
1141
1164
1171.86
1167.9
1161.81
1289
1251.2
1225.62
1289
1266
1265
1266
1250
1250
1172
1190.02
1191.04
1181.56
1187
1219
1195
1149
1211
1226
1188
1281
1250
1281
1305
1250
1297
1320
1250
1352
1359
1313
1359
1367
1313
1304
1266
1265.96
1219
1180
1226
1258
1289
1367
1383
1353.55
1336
1327.85
1289
1297
1297
1312
1321
1312
1305
1320
1313.99
1328
1336
1297
1302.29
1302.05
1296.08
1242
1252.78
1273
1297
1313
1304
1274
1250
1242
1211
1164
1109
1109.29
1164
1164
1184.42
1250
1227
1281
1281
1305
1298.15
1292.96
1344
1338.58
1336
1375
1369.28
1297
1305
1297
1287.23
1328
1325.95
1319.66
1344
1351
1336
1305
1383
1367
1328
1329.55
1320
1312.92
1305
1305
1303.86
1299.77
1242
1265.05
1269.96
1271.48
1270.52
1274
1279.94
1289
1287.5
1234
1258
1273
1272.23
1297
1258
1242
1305
1297.16
1289
1328
1297
1289
1305
1312
1282
1234
1156
1165.94
1273
1266
1398
1383
1336
1328.06
1336
1305
1304
1227
1258
1289
1281
1281
1274
1281
1289
1266
1265.04
1268.08
1267.69
1281
1274.45
1320
1313.43
1305
1273
1276.01
1272.69
1266
1242
1297
1281
1305
1359
1344.47
1330.6
1250
1242
1297
1320
1266
1271.67
1283.11
1289
1336
1328
1313
1359
1348.44
1313
1351
1282
1273
1297
1294.94
1281
1282.38
1290.91
1305
1305
1328
1359
1297
1300.19
1320
1310.71
1344
1320
1258
1258
1281
1289
1286.81
1291.22
1298.95
1300.85
1312
1336
1328.32
1297
1336
1320
1297
1258
1267.73
1272.59
1266
1289
1298.03
1294.36
1274
1351
1341.34
1266
1320
1344
1289
1336
1328
1305
1307.02
1305
1273
1266
1281
1258
1255.75
1250
1252.4
1249.2
1253.82
1257.55
1242
1188
1226
1250
1244.65
1180
1206.26
1078
1102
1101
1141
1195
1172
1180
1234
1219
1219
1223.08
1226.33
1225.45
1289
1258
1258
1289
1227
1265
1262.91
1250
1242
1258
1242
1227
1250
1273
1281
1264.11
1234
1240.67
1238.21
1273
1258
1297
1297
1312
1313
1302.15
1266
1281
1273
1264.34
1258
1273
1250
1266
1273
1235
1265
1250
1250.22
1252.05
1258
1254.63
1328
1311.25
1305.64
1250
1259.44
1250
1250
1251.84
1258
1289
1289
1284.72
1280.46
1320
1311.78
1336
1320
1258
1289
1328
1314.08
1300.43
953
1461
1336
1297.47
1297
1328
1336
1297
1281
1286.73
1291.25
1281
1297
1266
1226
1211
1274
1271.33
1263.55
1390
1383
1350.96
1336
1305
1320
1319.24
1297
1273
1297
1295.23
1282
1278.08
1320
1266
1289
1258
1281
1281
1277.92
1242
1258
1265.4
1281
1305
1297
1359
1352
1320
1336
1328
1313
1320
1317.57
1234
1258.37
1266
1258
1289
1281
1258
1281
1282.39
1269.13
1277.69
1328
1305
1296.67
1266
1234
1250
1266
1260.41
1274
1289
1279.12
1280.32
1287.58
1281
1297
1297
1285.45
1289
1235
1249.27
1281
1274.85
1266
1274.24
1274.71
1218
1219
1222.93
1211
1250
1266
1226
1258
1263.97
1250.86
1242
1252.22
1226
1232.29
1238.55
1258
1250
1252.83
1219
1273
1264.37
1289
1297
1266
1289
1328
1312.62
1211
1250
1312
1293.91
1328
1309.52
1273
1336
1313
1281
1283.83
1297
1281
1328
1266
1277.02
1242
1219
1230.9
1234
1227
1219
1234
1250
1195
1227
1203
1206.6
1219
1258
1251.78
1251.65
1258.12
1321
1306.48
1297.81
1320
1274
1312
1305.83
1305
1298.82
1336
1325.69
1227
1281
1250
1247.5
1266
1260.77
1211
1250
1211
1156
1094
1125
1143.09
1234
1282
1285.02
1336
1328.55
1313
1314.25
1297
1290.25
1266
1281
1289
1289
1297
1250
1261.8
1289
1278.48
1273
1274
1273
1297
1320
1309.01
1302.21
1234
1244.35
1227
1234
1234.95
1258
1242
1266
1269.58
1274.13
1281
1242
1258
1260.82
1261.48
1234
1195
1219
1266
1320
1307.87
1250
1289
1293.04
1305
1284.1
1258
1268.06
1289
1305
1351
1326.08
1306.72
1302.11
1242
1242
1266
1250
1252.32
1252.19
1251.88
1254.34
1281
1250
1253.39
1274
1203
1222.4
1211
1213.4
1250
1243.61
1250
1258
1258.02
1250
1250
1250
1227
1233.2
1231.33
1258
1258
1255.18
1250
1234
1237.52
1238.63
1211
1220.54
1250
1226
1227
1232
1234
1242
1258
1250
1247.86
1249.32
1289
1280.42
1272.51
1250
1250
1266
1312
1305
1292.35
1359
1305
1305
1303.66
1320
1297
1293.87
1344
1320
1309.68
1305.2
1297
1297.23
1265
1267.94
1258
1289
1320
1305
1336
1359
1266
1250
1281
1227
1226
1235.16
1250
1289
1289
1235
1265
1269.2
1234
1250
1258.05
1258
1297
1304
1292.74
1320
1305
1294.69
1289
1320
1304.16
1274
1312
1258
1258
1281
1242
1266
1267.59
1258
1262.47
1265
1227
1244.43
1247.78
1258
1250.96
1297
1305
1289
1312
1258
1242
1266
1250
1253.15
1261.92
1227
1241.05
1203
1207.88
1211
1207.74
1226
1229.26
1265
1227
1238.75
1195
1196
1197.97
1197.18
1289
1320
1313
1320
1297
1258
1289
1328
1318.31
1328
1344
1359
1350.86
1344
1305
1301.96
1320
1297
1328
1297
1305
1320
1314.66
1305
1304.67
1289
1281
1282
1278.53
1312
1250
1242
1245.56
1250
1242
1244.94
1289
1297
1297
1320
1328
1289
1289
1297
1313
1320
1313.6
1289
1258
1234
1250
1219
1225.35
1195
1199.67
1201.06
1172
1164
1164
1164
1165.43
1157
1156
1158.24
1159.72
1164
1172
1156
1164
1195
1188
1242
1250
1266
1242
1289
1289
1250
1253.15
1203
1205.76
1180
1178.47
1203
1207.11
1203
1205.93
1209.38
1218
1216.73
1195
1199.68
1219
1213.92
1210.46
1209.06
1219
1203
1211
1180
1187.78
1164
1164
1180
1179.27
1179
1172
1172
1175.17
1175.31
1125
1141
1141.98
1266
1156
1148
1141
1133
1136.19
1133
1133
1134.31
1125
1127.63
1102
1109
1109.83
1156
1154.8
1148
1141
1172
1156
1125
1141
1148
1164
1203
1172
1164
1149
1148.61
1146.01
1172
1164
1133
1164
1133
1164
1172
1203
1190.08
1156
1155.75
1164
1156
1149
1156
1133
1148
1149
1156
1180
1187
1178.88
1164
1149
1152.29
1164
1172
1167.22
1164
1158.14
1211
1219
1205.71
1242
1227
1250
1242
1281
1258
1242
1243.99
1242
1219
1219.66
1211
1207.86
1211
1211
1210.6
1180
1195
1188
1187.7
1219
1188
1195.72
1211
1234
1227
1234
1227
1229.13
1228.55
1250
1250
1227
1226
1228.85
1211
1213.94
1250
1219
1220.25
1250
1241.73
1236.6
1211
1203
1205.74
1195
1196.9
1188
1219
1218
1180
1172
1176.1
1140
1147.37
1203
1206.59
1250
1249.68
1227
1242
1243.37
1211
1214.77
1188
1195
1191.64
1188.67
1250
1258
1247.26
1180
1185.09
1188.16
1188
1203
1195
1192.73
1250
1245.75
1281
1297
1278.66
1281
1271.61
1258.47
1219
1219.16
1211
1242
1219
1195
1180
1182.59
1156
1159.68
1160.41
1172
1180
1226
1203
1219
1219
1217.25
1215.76
1258
1242
1239.43
1281
1275.27
1242
1250
1219
1234
1227
1224.38
1219
1220.23
1218.58
1234
1229.73
1211
1211
1211.33
1196
1199.63
1180
1184.41
1183.11
1180
1203
1195
1199.87
1195
1199
1199.75
1101
1133
1164
1172
1174.67
1211
1207.71
1187
1199.47
1199.67
1211
1203
1242
1230.92
1222.29
1203
1207.37
1204.5
1250
1219
1219
1187
1193.46
1125
1125
1086
1117
1117
1122.98
1133
1148
1172
1180
1195
1180
1186.61
1195
1157
1109
1070
1071.35
1072.57
1086
1156
1250
1250
1237.06
1180
1195
1189.26
1187
1180
1171.87
1163.79
1154.89
1146.86
1172
1176.79
1211
1206.79
1199.55
1193.22
1242
1258
1242.72
1289
1274
1265
1266
1273
1258
1297
1288.51
1265
1258
1227
1234
1227
1234
1164
1227
1250
1312
1293.04
1320
1289
1285.81
1280.67
1272.89
1267.31
1219
1230.91
1228.28
1229.8
1219
1225.67
1265
1235
1241.05
1248.44
1243.54
1258
1258.62
1234
1242.64
1240.12
1235.66
1234
1227
1273
1250
1235
1241.54
1242.75
1242
1240.79
1227
1203
1219
1226
1226.03
1225.1
1211
1203
1227
1227.91
1211
1215.43
1180
1195
1197.24
1140
1133
1134.97
1133
1187
1219
1221.2
1227
1203
1172
1187
1180
1133
1156
1161.45
1165.32
1094
1125
1172
1171.58
1159.7
1166.88
1188
1177.61
1167.55
1016
1040.09
1067.53
1219
1226
1250
1219
1211
1242
1250
1203
1203
1204.61
1203
1211
1188
1218
1217.62
1203.53
1258
1273
1254.28
1297
1288.63
1320
1328
1297
1289
1320
1274
1297
1290.13
1281
1313
1304.84
1305
1303.26
1250
1258
1255.31
1234
1241.35
1241.47
1242
1297
1297
1281
1288.52
1242
1251.18
1253.61
1242
1219
1227.85
1228.82
1265
1266
1268.33
1270.68
1266
1265
1261.96
1258
1242
1219
1221.59
1227
1203
1242
1273
1268.03
1266
1289
1297
1328
1320.2
1265
1305
1297
1286.94
1336
1324.74
1266
1312
1308.72
1297
1359
1328
1321
1325.19
1315.8
1328
1322.44
1316.18
1297
1302.42
1298.63
1289
1297
1296.43
1258
1297
1265
1274
1281
1258
1266.13
1242
1219
1195
1203
1211
1211
1250
1242
1258
1258
1263.29
1264.57
1267.57
1219
1234.97
1258
1251.14
1265
1274
1281
1250
1260.4
1211
1219
1219.89
1219
1242
1250
1249.75
1274
1269.82
1289
1289
1280.82
1275.52
1281
1273.77
1281
1258
1281
1273.51
1234
1258
1250
1249.89
1320
1298.41
1336
1297
1281
1258
1289
1281
1277.46
1277.42
1281
1235
1273
1250
1250
1250
1219
1234.89
1233.27
1203
1215.77
1219
1214.66
1273
1242
1246.85
1234
1219
1211
1214.06
1187
1193.84
1195.26
1172
1181.23
1183.04
1195
1195
1199.41
1195
1211
1211
1188
1197.32
1219
1265
1250.38
1312
1296.03
1289
1282.47
1274.37
1149
1125
1156
1164
1180
1226
1238.37
1250
1242
1227
1265
1250
1240.16
1250
1234
1219
1250
1203
1219
1250
1242
1258
1258
1281
1258
1281
1281
1272
1269.71
1258
1256.72
1252.56
1248.53
1235
1320
1250
1250
1172
1164
1180
1195
1196.23
1199.5
1235
1250
1249.47
1242
1219
1224.52
1203
1204.94
1227
1228.78
1229.88
1230.41
1232.92
1258
1254.78
1246.75
1203
1203
1204.95
1207.28
1203
1226
1231.92
1250
1243.98
1258
1273
1264.35
1265
1258
1258
1266
1242
1243.76
1273
1250
1266
1250
1265
1261.33
1273
1266.59
1265.15
1219
1234
1227
1203
1209.44
1250
1246.15
1247.17
1251.88
1211
1242
1250
1211
1203
1141
1125
1148
1195
1208
1219.76
1266
1234
1219
1219
1226
1188
1203
1211
1203
1203
1219
1234
1222.43
1216.45
1211
1211
1226
1250
1240.42
1230.12
1225.86
1227
1226
1227
1203
1203
1211
1211
1209.89
1227
1250
1245.23
1242
1238.5
1235.37
1235
1281
1273
1305
1305
1293.59
1285.74
1320
1320
1313
1297
1289
1281
1250
1219
1273
1219
1227.15
1172
1195
1188
1234
1225.77
1226
1250
1219
1228.58
1232.63
1203
1203
1207.18
1207.17
1242
1211
1221.77
1258
1265
1219
1229.03
1219
1242
1281
1258
1289
1278.93
1297
1305
1328
1328
1375
1363.92
1356.72
1353.09
1351.09
1347.65
1336
1328
1351
1305
1281
1250
1258
1227
1234
1235.87
1238.51
1227
1242
1239.71
1242
1242
1244.41
1273
1227
1211
1234
1219
1225.55
1234
1219
1227
1265
1235
1241.93
1242
1250
1242
1211
1224.13
1234
1227
1250
1211
1203
1180
1234
1224.62
1203
1180
1203
1195
1203
1196
1195
1211
1234
1196
1202.5
1211
1250
1219
1226
1188
1211
1195
1172
1179.83
1180
1211
1234
1223.01
1250
1219
1226
1219
1164
1177.69
1164
1164.03
1195
1219
1258
1242
1234
1188
1211
1203
1164
1172
1203
1211
1211
1205.39
1226
1227
1216.98
1211.29
1203
1226
1220.49
1227
1226
1219
1211
1203
1211
1207.72
1203.57
1199.93
1226
1211
1188
1156
1125
1125
1133
1164
1177.96
1190.91
1202.62
1226
1219
1215.22
1215.59
1211
1204.26
1164
1187
1149
1164
1156
1158.07
1160.95
1141
1146.84
1179
1180
1211
1172
1175.54
1178.67
1178.6
1133
1142.37
1086
1117
1110
1112.55
1116.15
1118.92
1195
1188
1185.86
1226
1235
1225.83
1234
1230.06
1221.87
1219
1242
1242
1219
1211
1214.28
1187
1188
1195
1190.08
1189.13
1234
1219
1242
1180
1203
1199.83
1164
1203
1172
1203
1180
1234
1266
1289
1242
1219
1224.51
1195
1172
1176.19
1178.12
1188
1195
1211
1212.05
1203
1227
1234
1227
1220.3
1242
1238.38
1242
1219
1234
1232.95
1226.6
1211
1213.13
1242
1238.84
1230.29
1219
1222.96
1228.47
1195
1227
1218
1219
1211
1219
1221.4
1235
1223.71
1220.05
1250
1250
1242
1211
1211
1218.4
1180
1188.66
1164
1180
1187
1157
1179
1211
1203
1201.67
1242
1250
1240.68
1250
1252.73
1234
1227
1233.08
1228.42
1227
1211
1219
1242
1226
1222
1195
1149
1155.68
1157.88
1203
1227
1219
1195
1180
1182.04
1164
1187
1172
1174.67
1187
1211
1180
1203
1203
1211
1211
1227
1234
1180
1203
1203.75
1156
1180
1182.53
1176.81
1177.77
1195
1156
1166.44
1195
1180
1180.59
1180
1179.37
1203
1195
1219
1188
1203
1195
1192.1
1211
1226
1188
1226
1219
1172
1188.52
1190.38
1117
1094
1100.79
1195
1195.12
1189.11
1305
1250
1281
1273
1211
1219
1211
1203
1227
1234
1213.55
1234
1219
1250
1240.78
1242
1219
1234
1234
1258
1245.04
1258
1266
1257.98
1289
1274
1265
1282
1281
1274.03
1258
1264.9
1250
1211
1234
1230.14
1228.38
1231.31
1219
1223.65
1224.16
1219
1211
1203
1172
1172
1170.5
1141
1151.09
1125
1187
1180
1211
1214.13
1220.41
1223.26
1187
1198.7
1133
1164
1158.92
1180
1180.59
1250
1234
1180
1189.42
1250
1238.01
1250
1320
1297
1250
1250.35
1248.15
1234.32
1250
1219
1242
1266
1242
1250
1252
1219
1225.42
1227
1217.77
1215.75
1196
1203
1281
1211
1234
1236.7
1234
1235
1226
1149
1203
1200.79
1258
1336
1308.38
1273
1276.19
1250
1281
1281
1269.48
1263.57
1289
1258
1250
1250.91
1250
1258
1242
1242.95
1244.2
1242
1242
1219
1226.99
1227.94
1225.83
1297
1289
1289
1320
1297
1289
1328
1282
1281
1284.97
1278.86
1276.17
1242
1242
1266
1264.63
1305
1281
1281.74
1289
1234
1245.58
1250
1274
1281
1273
1273.73
1270.1
1289
1320
1289
1297
1281
1274
1312
1304.62
1289
1284.36
1285.76
1258
1234
1236.92
1235
1226
1219
1221.77
1226
1219
1203
1205.86
1206.96
1219
1250
1234
1227
1258
1242
1273
1227
1234.75
1273
1270.44
1250
1234
1242
1211
1211
1212.53
1187
1193.04
1172
1203
1195
1196
1203
1226
1219
1219.65
1180
1187
1189.23
1180
1164
1169.36
1219
1215.86
1209.29
1208.83
1188
1191.71
1188
1187
1185.55
1179
1196
1195
1195
1172
1172
1175.48
1178.23
1156
1164
1166.41
1148
1152.37
1154.54
1164
1164
1188
1195
1203
1196.24
1211
1211
1203
1203
1211
1219
1211
1206.66
1172
1164
1164
1165.41
1188
1219
1203
1211
1226
1203
1211
1188
1203
1164
1171.43
1164
1234
1219.81
1211
1212.25
1213.25
1208.77
1195
1194.34
1195
1191.67
1179
1180
1195
1193.63
1195
1191.73
1180
1156
1133
1141
1140
1172
1172
1172
1187
1180
1211
1211.35
1203.58
1219
1203
1180
1187
1180
1203
1211
1242
1242
1231.23
1250
1211
1211
1211
1195
1172
1180
1177.39
1203
1211
1172
1203
1195
1191.99
1172
1164
1125
1148
1125
1129.58
1110
1125
1125
1125
1140
1149
1153.09
1158.19
1164
1141
1164
1172
1168.71
1172
1169.87
1170.62
1211
1203
1203
1198.11
1180
1187
1180
1187
1157
1187
1172
1164
1172
1180
1195
1203
1197.29
1193.61
1192.55
1172
1172
1171.77
1156
1141
1143.18
1117
1125
1156
1133
1142.48
1146.19
1172
1169.71
1195
1192.32
1211
1205.35
1195
1194.09
1188.69
1203
1164
1170.68
1169.32
1133
1156
1133
1156
1164
1163.19
1164.52
1164
1164
1163.91
1164
1164
1156
1141
1125
1148
1149
1149.2
1152.02
1141
1133
1137.65
1133
1134.69
1172
1203
1199.15
1203
1172
1195
1180
1164
1164
1117
1141
1138.05
1172
1156
1156.67
1159.32
1172
1203
1172
1047
1000
945
891
867
844
812
805
820
825.047
805
797
805.769
774
773
758
750
742
742
719
711
703
688
703.505
710.383
703
711
711
750
758
781
792.467
852
898
875
969
967.725
984
972.134
965.686
1125
1078
1149
1127.28
1133
1141.34
1180
1185.51
1125
1203
1221.25
1221.52
1250
1250
1265
1219
1266
1320
1292.55
1281
1328
1328.37
1211
1242
1252.42
1250
1328
1313
1296.27
1344
1359
1282
1295.17
1211
1211
1214.72
1214.23
1172
1250
1305
1320
1383
1370.48
1340.27
1328
1274
1320
1375
1398
1363.94
1352
1148
1078
1082.91
953
945
938
1117
1195
1258
1271.1
1266
1281
1294.43
1296.16
1295.79
1445
1441.79
1415.13
1438
1468
1446
1414
1445
1453
1414
1421.11
1430
1391
1359
1305
1281
1291.61
1352
1348.66
1406
1281
1258
1264.09
1195
1250
1196
1218
1223.51
1234
1237.07
1241.34
1219
1225.13
1195
1201.5
1250
1226
1227
1258
1242
1281
1250
1258
1261.42
1258.84
1257.86
1257.77
1328
1297.14
1352
1343
1305
1352
1359
1305
1187
1229.59
1156
1109
1125
1149
1158.92
1171.4
1190.33
1199.43
1141
1166.9
1173.15
1140
1133
1141.84
1144.23
1141
1164
1167.46
1156
1203
1180
1179.81
1183.81
1250
1273
1219
1211
1242
1266
1312
1305
1282.32
1305
1307.01
1320
1289
1336
1305
1258
1351
1344.04
1258
1266.61
1297
1290.32
1367
1313
1328
1328.88
1351
1344
1344
1328
1327.19
1322.65
1398
1375
1344
1339.16
1359
1354.12
1343.01
1336.65
1359
1352.6
1391
1375
1361.62
1297
1328
1289
1295.55
1344
1164
1086
1101.75
1086
1117
1155.2
1141
1203
1233.01
1172
1172
1185.65
914
1043.93
891
906
914
961
992
1009.15
1024.99
1117
1172
1195
1227
1289
1288.57
1297
1289
1297
1328
1328.13
1336
1398
1391
1391
1398.24
1383
1375
1414
1383
1336
1347.01
1354.78
1258
1328
1250
1254.28
1260.26
1259.14
1321
1315.33
1383
1414
1328
1341.94
1346.81
1337.26
1375
1370
1344
1352.74
1353.88
1328
1375
1414
1367
1430
1411.53
1367
1328
1344
1328
1328
1344
1320
1344
1367
1336
1383
1406
1344
1375
1367
1336
1391
1406
1336
1360.79
1328
1320
1344
1344
1359
1305
1336
1341.25
1305
1367
1328
1328.98
1304
1250
1282
1359
1289
1336
1367
1289
1318.25
1352
1328
1329.55
1346.35
1332.52
1328
1343.39
1359
1333.72
1297
1336
1375
1312
1344
1336
1318.02
1320.31
1305
1328
1328
1320.31
1320
1352
1367
1320
1336
1344.45
1334.41
1320
1331.25
1338.52
1320
1319.83
1329.96
1320
1328
1305
1305
1310.7
1274
1286.27
1304
1304.77
1351
1282
1298.26
1301.85
1297
1300.34
1302.71
1250
1289
1320
1305
1328
1321.14
1336
1367
1305
1318.54
1336
1297
1310.79
1312.46
1266
1195
1211
1219
1320
1319.66
1314.91
1321.96
1367
1348.79
1339.46
1336
1305
1320
1297
1289
1297
1250
1266
1289
1265
1274
1281
1258
1262.34
1282
1273
1267.13
1281
1289
1297
1297
1293.42
1297
1320
1258
1274.44
1281
1274.78
1343
1282
1281
1320
1301.88
1296.97
1273
1258
1242
1246.63
1249.12
1289
1336
1328
1305
1328
1297
1289.28
1289
1284.03
1305
1320
1281
1284.55
1289.53
1305
1328
1281
1281.97
1287.42
1320
1281
1297
1299.29
1266
1289
1297
1295.13
1328
1336
1281
1287.52
1336
1305
1299.19
1328
1320.28
1305
1306.96
1312.08
1301.79
1295.45
1320
1314.55
1289
1258
1250
1281
1266
1273
1289
1274
1273.44
1283.88
1297
1258
1312
1282
1312
1313
1281
1273
1282.68
1266
1289
1292.86
1266
1344
1327.54
1281
1344
1359
1329.81
1367
1336
1326.87
1352
1336
1325.55
1343
1332.84
1297
1289
1281
1289
1290.36
1266
1277.68
1289
1273
1278.16
1284.16
1266
1304
1300.41
1265
1282
1273
1281
1274
1289
1281
1282.88
1281
1258
1289
1305
1297.68
1297
1320
1311.66
1303.89
1328
1317.72
1328
1321.83
1305
1311.33
1336
1297
1328
1321.43
1305
1343
1329.99
1250
1274.73
1219
1234
1258
1258
1203
1258
1242
1219
1235.01
1266
1195
1133
1156
1156
1219
1228.75
1320
1375
1359
1297
1344
1345.72
1289
1305
1336
1313.65
1293.73
1320
1274
1312
1274
1242
1242
1219
1217.73
1220.73
1224.39
1242
1258
1281
1258
1297
1289
1282.65
1282.1
1235
1273
1281
1274.88
1273
1282
1279.87
1266
1273
1258
1242
1266
1273
1266.21
1297
1281
1289
1266
1250
1281
1250
1255.73
1281
1305
1305
1300.62
1336
1326.99
1319.02
1317.62
1312.77
1307.28
1336
1325.15
1313
1316.22
1274
1328
1312
1306.87
1336
1304
1308.62
1312
1305.5
1274
1286.17
1304
1274
1281.56
1297
1290.47
1336
1289
1298.74
1305
1265
1297
1297
1292.19
1297
1305
1300.47
1289
1305
1300.83
1274
1281
1250
1281
1305
1250
1250
1257.9
1242
1247.44
1289
1283.38
1258
1273
1250
1242
1313
1359
1289
1383
1355.6
1344
1336
1359
1339.52
1304
1297
1266
1266.09
1297
1266
1320
1297
1266
1281
1283.71
1276.43
1281
1284.77
1242
1266
1297
1281
1250
1258
1250
1258
1359
1406
1375.95
1422
1375
1344
1367
1344
1336
1359
1349.36
1305
1336
1305
1320
1328
1297
1289
1295.21
1292.71
1290.25
1281
1285.08
1286.11
1282
1265
1266
1289
1250
1260.88
1297
1250
1281
1278.94
1219
1203
1210.57
1164
1178.71
1234
1235.88
1239.43
1297
1297
1312
1313.21
1289
1297
1281
1266.7
1289
1281
1235
1273
1250
1242.31
1289
1280.15
1305
1328
1312
1336
1305
1312
1321
1281
1289
1305
1294.12
1265
1235
1273
1227
1312
1336
1320
1352
1328
1324.77
1297
1301.41
1281
1305
1320
1289
1336
1258
1250
1273
1269.84
1272.94
1234
1266
1258
1250
1281
1273
1258
1266
1312
1297
1290.91
1289
1289
1281
1305
1298.91
1211
1238.36
1250
1247.19
1195
1258
1289
1269.36
1313
1328
1281
1336
1328.99
1281
1295.51
1297
1312
1293.21
1304
1274
1289
1291.71
1281.83
1320
1258
1289
1288.69
1250
1266
1269.84
1289
1281
1227
1273
1258
1258.24
1259.87
1258
1261.83
1263.97
1289
1281
1289
1284.84
1286.65
1258
1273
1272.03
1268.15
1328
1242
1266
1268.88
1235
1312
1276.73
1271.84
1313
1328
1328
1297
1320
1266
1274.69
1282
1276.59
1234
1256.51
1234
1239.64
1219
1164
1195
1164
1170.95
1176.41
1176.24
1188
1242
1234
1258
1259.49
1219
1242
1235
1232.61
1232.69
1250
1250
1320
1359
1305
1298.44
1336
1326.54
1336
1325.91
1312
1313.84
1313.36
1328
1321.91
1316.3
1315.48
1281
1289
1297
1292.24
1328
1289
1274
1278.45
1281.16
1328
1328
1297
1291.91
1294.83
1328
1328.29
1265
1274
1281
1292.12
1289
1266
1250
1289
1289
1242
1289
1292.02
1295.23
1286.1
1278.94
1287.51
1328
1344
1328
1344
1328
1323.28
1305
1297
1297
1320
1281
1266
1273.22
1277.69
1266
1312
1242
1261.04
1312
1300.69
1281
1297
1297.69
1281
1285.44
1250
1258.3
1242
1250
1248.94
1250.63
1242
1247.05
1289
1289
1297
1320
1313.28
1320
1313.77
1307.82
1304
1298.36
1265
1268.56
1304
1235
1281
1274.74
1258
1265.65
1266
1304
1305
1258
1289
1285.82
1281.28
1320
1282
1250
1273
1272.48
1258
1264.41
1242
1281
1281
1250
1258
1250
1250
1219
1281
1313
1296.55
1305
1320
1273
1305
1305
1273
1258
1258
1260.42
1289
1283.76
1297
1343
1282
1287.85
1297
1250
1211
1220.34
1250
1234
1241.87
1195
1180
1211
1211
1258
1268.97
1258
1312
1297
1258
1264.98
1271.15
1266
1273
1289
1279.38
1270.86
1272.53
1266
1234
1203
1207.48
1234
1196
1234
1242.63
1235
1234
1234
1227
1226.44
1297
1286.73
1289
1289
1258
1250
1251.86
1242
1239.33
1281
1277.42
1258
1312
1266
1219
1265
1261.55
1211
1258
1273
1256.01
1313
1304
1286.05
1312
1250
1297
1289
1266
1336
1315.23
1258
1320
1336
1258
1285.59
1258
1234
1281
1313
1275.66
1258
1297
1289
1313
1343
1308.01
1328
1336
1320
1297
1315.72
1289
1281
1313
1302.99
1289
1266
1281.09
1250
1211
1223.86
1289
1287.83
1278.71
1290.34
1266
1264.76
1271.3
1289
1279.22
1281.87
1304
1299.59
1328
1305
1301.35
1320
1321
1309.6
1328
1336
1325.51
1320
1321.1
1289
1265
1267.74
1281
1283.12
1297
1304.04
1320
1305
1289
1336
1297
1258
1289
1294.32
1288.51
1290.55
1274
1273
1305
1297
1312
1313
1281
1287.86
1242
1242
1219
1221.52
1289
1289
1328
1281
1305
1297
1294.47
1281
1289
1286.12
1297
1297
1293.69
1292.61
1292.5
1290.73
1336
1336
1326.96
1321.72
1289
1281
1305
1297
1328
1297
1297
1304
1227
1272.25
1234
1227
1242
1289
1280.38
1277.44
1289
1289.92
1289
1313
1312
1266
1297
1292.81
1273
1278.25
1289
1258
1281
1266
1234
1248.55
1254.01
1247.79
1251.63
1258.3
1258
1250
1256.2
1256.29
1266
1304
1295.57
1288.72
1289
1286.2
1258
1263.34
1266.03
1273
1305
1250
1281
1278.2
1250
1259.87
1266
1273
1250
1266
1265.42
1282
1304
1250
1274
1297
1312
1250
1264.43
1227
1265
1262.79
1312
1328
1344
1297
1312
1297
1294.97
1289.87
1281
1258
1250
1242
1243.59
1250
1250
1250
1252.37
1254.53
1242
1246.01
1195
1227
1250
1211
1234
1227
1195
1203
1204.85
1172
1250
1235.75
1236.59
1239.94
1239.35
1242
1297
1297
1297
1291.84
1336
1289
1291.92
1292.81
1266
1289
1282.86
1250
1263.63
1260.18
1227
1240.69
1258
1248.92
1266
1289
1258
1312
1297
1287.58
1294.21
1281
1235
1320
1301.28
1297
1303.45
1266
1297
1281
1268.25
1273
1258
1250
1263.45
1258.65
1281
1277.98
1266
1320
1289
1258
1272.92
1272.54
1305
1250
1272.91
1274.34
1211
1246.91
1188
1234
1225.83
1225.82
1320
1297
1289.64
1297
1295.24
1250
1289
1281
1235
1255.54
1289
1270.69
1305
1297.86
1227
1254.28
1265
1247.69
1273
1305
1289
1289
1250
1254.55
1242
1242
1242.91
1258
1289
1242
1289
1284.38
1266
1273.95
1276.49
1263.51
1258
1281
1227
1273
1266
1259.13
1250
1257.76
1250
1250.17
1258
1242
1250
1258
1219
1250
1242
1240.38
1243.41
1289
1211
1238.67
1243.56
1250
1289
1297
1289
1289
1289.39
1273
1242
1266
1261.2
1258.04
1258
1250
1250
1211
1203
1204.69
1226
1219
1250
1253.66
1219
1250
1273
1227
1240.02
1266
1242
1245.88
1254.44
1258
1249.6
1273
1258
1289
1227
1281
1267.43
1250
1255.49
1258
1297
1320
1300.25
1305
1301.38
1258
1289
1250
1281
1289
1235
1242
1273
1274
1250
1234
1172
1203
1227
1265
1266
1261.09
1264.71
1250
1289
1283.6
1234
1258
1262.94
1235
1273
1297
1286.38
1266
1275.69
1258
1203
1219
1219
1211
1273
1328
1297.09
1291.99
1320
1250
1250
1266
1242
1273
1283.9
1264.41
1242
1258
1281
1258
1250
1250
1245.14
1250
1242
1240.9
1281
1274.17
1219
1258
1297
1273
1297
1293.05
1242
1274
1281
1250
1289
1289
1266.77
1266
1273
1227
1218
1250
1250
1236.99
1242
1211
1195
1227
1250
1234
1243.58
1289
1275.06
1250
1281
1283.35
1219
1281
1235
1234
1266
1242
1273
1258
1211
1228.53
1238.18
1219
1281
1266
1234
1242
1242
1235
1265
1235
1265
1250
1250
1227
1242.11
1211
1223.29
1227.05
1258
1243.8
1244.18
1250
1266
1254.1
1281
1258
1273
1250
1227
1242
1250
1203
1258
1227
1203
1218.09
1219.87
1219
1221.04
1312
1219
1219
1265
1235
1226
1266
1234
1289
1269.52
1250
1258.92
1257.97
1234
1245.8
1250
1211
1234
1235
1226
1227
1237.55
1250
1234.34
1320
1266
1195
1234
1227
1203
1250
1266
1237.86
1266
1273
1219
1258
1281
1219
1242
1256.16
1231.43
1219
1266
1281
1250
1297
1287.43
1218
1241.53
1242
1219
1250
1258
1258
1265
1227
1250
1273
1251.37
1265
1267.85
1248.63
1281
1250
1248.66
1250
1273
1257.08
1242
1235
1218
1223.25
1225.92
1219
1219
1281
1273
1266
1305
1289
1281.13
1250
1255.67
1258
1281
1281
1275.92
1289
1285.96
1289
1281
1227
1250
1250.77
1242
1266
1297
1290.97
1282.75
1250
1255.46
1256.91
1252.88
1247.98
1219
1226.4
1229.75
1219
1221.89
1250
1227
1232.93
1239.72
1242
1236.95
1234
1219
1250
1250
1227
1232.53
1234
1235.52
1258
1250
1246.55
1281
1274.33
1265.11
1262.84
1266
1234
1281
1274
1263.06
1262.4
1250
1258
1320
1258
1281
1276.92
1272.94
1289
1297
1289
1235
1273
1258
1211
1231.84
1236.09
1250
1250
1235
1234
1289
1275.36
1227
1241.4
1289
1274.95
1305
1295.72
1266
1273
1219
1229.07
1289
1266
1320
1250
1203
1219.4
1235.15
1258
1273
1297
1283.68
1258
1258.71
1259.05
1265
1266
1250
1248.73
1251.9
1188
1200.81
1234
1180
1226
1226
1226.18
1219
1211
1164
1179.15
1281
1242
1232.49
1239.27
1240.25
1289
1276.52
1211
1242
1195
1199.69
1204.01
1203
1195
1227
1289
1264.45
1258
1250
1248.09
1273
1242
1235
1265
1235
1211
1218
1188
1191.16
1192.78
1195.12
1289
1242
1236.68
1241.56
1240.32
1281
1328
1289
1280.71
1289
1250
1305
1281
1275.93
1180
1216.72
1235
1230.21
1230.82
1237.59
1273
1258
1253.49
1255.49
1258
1242
1258
1234
1236.96
1250
1235
1265
1266
1219
1273
1289
1235
1251.3
1250
1211
1211
1219.62
1078
1008
953
914
883
893.78
867
883.969
828
856.586
805
825.019
797
781
774
784.092
758
742
742
750
727
745.738
750
781
786.274
797
851
852
883
945
992
1008
999.144
1109
1125
1149
1139.84
1139.23
1196
1205.06
1242
1245.04
1247.72
1265
1277.5
1284.78
1258
1304
1314.15
1297
1300.74
1306.49
1266
1351
1313
1302.73
1281
1266
1273
1272.81
1281
1276.3
1274.66
1313
1312
1360
1367
1289
1266
1273
1344
1328.29
1383
1437
1360
1312
1336
1344
1344
1406
1375
1352.77
1348.01
1352.74
1354.71
1320
1282
1281
1328
1375
1359
1383
1372.84
1367
1355.95
1336
1336
1344
1359
1352.62
1341.32
1305
1309.84
1297
1273
1258
1258.37
1305
1328.34
1338.2
1339.23
1333.67
1406
1336
1367
1336
1331.69
1336
1335.57
1351
1383
1336
1383
1336
1304
1311.31
1336
1320
1321.99
1326.68
1367
1356.54
1350.52
1348.53
1399
1378.68
1365.55
1363.34
1360
1351
1352
1349.51
1289
1303.87
1391
1359
1350.27
1406
1344
1343.68
1351
1305
1375
1364.65
1336
1343.56
1352
1320
1383
1383
1367
1422
1398
1352
1406
1389.21
1289
1322.8
1350.13
1331.76
1330.45
1234
1305
1316.64
1320
1344
1346.21
1336.97
1328
1338.6
1332.22
1297
1318.7
1320.52
1289
1297
1258
1268.76
1297
1297
1295.73
1359
1353.03
1337.92
1375
1336
1332.56
1340.12
1336
1305
1320.36
1359
1289
1300.82
1313.58
1303.43
1299.4
1328
1258
1258
1269.42
1320
1328
1336
1333.33
1318.54
1314.67
1312.35
1312
1383
1352
1320
1375
1360.34
1313
1359
1375
1344.49
1320
1333.87
1334.26
1219
1125
1234
1258
1251.31
1256.16
1279.74
1305
1336
1367
1359.64
1344
1297
1328
1344
1325.64
1328
1336.45
1332.52
1351
1345.5
1340.14
1289
1328
1336
1344
1422
1414
1391.12
1406
1336
1337.87
1335.39
1289
1297
1298.87
1375
1336
1406
1396.25
1367
1344
1281
1266
1312
1274
1289.17
1328
1325.45
1328
1336
1297
1302.19
1328
1326.02
1318.96
1320
1322.77
1289
1294.37
1297
1305
1289
1234
1251.47
1297
1344
1328
1437
1399
1377.1
1375
1375
1336
1305
1308.91
1336
1297
1336
1351
1305
1234
1235
1250
1265
1305
1314.34
1317.57
1321
1359
1320
1305
1336
1297
1292.87
1344
1320
1328
1332
1289
1320
1305
1296.81
1187
1094
1086
1117
1164
1211
1297
1309.14
1307.92
1308.88
1398
1377.33
1367
1250
1234
1235
1289
1300.94
1296.82
1383
1336
1336
1331.23
1324.91
1316.65
1309.82
1303.99
1299.08
1297
1336
1330.37
1336
1367
1344
1336
1329.82
1321.62
1265
1305
1300.84
1242
1219
1320
1352
1332.33
1383
1406
1328
1344
1350.93
1226
1180
1186.47
1189.94
1289
1320.94
1352
1343
1383
1352
1297
1309.13
1375
1355.23
1383
1375.28
1362.09
1355.46
1349.52
1274
1320
1328
1319.21
1297
1307.94
1313.37
1273
1297
1258
1259.97
1297
1242
1253.56
1282
1234
1246.44
1281
1281
1274.7
1390
1305
1250
1336
1328
1297
1406
1383
1320
1305
1328
1289
1344
1342.69
1297
1344
1345.05
1304.47
1304
1305
1284.42
1287.16
1297
1281
1266
1289
1242
1219
1258
1266.17
1336
1359
1367
1313
1375
1328
1322.12
1289
1291.03
1291.33
1288.87
1328
1266
1281.06
1285.85
1282.51
1283.6
1297
1297
1295.08
1344
1329.11
1281
1289
1305
1289
1250
1336
1289
1289.44
1294.54
1266
1276.76
1280.82
1281
1258
1281
1283.27
1313
1328
1281
1258
1336
1305
1265
1297
1328
1266
1274.01
1289
1281
1268.05
1226
1253.25
1260.76
1297
1312
1258
1297
1367
1333.14
1211
1180
1148
1110
1187
1219
1219
1320
1289
1297
1328
1289
1242
1235
1320
1297
1297
1351
1313
1294.5
1305
1312
1258
1289
1336
1319.04
1312
1344
1337.92
1281
1286.75
1344
1289
1276.81
1352
1289
1258
1294.24
1281
1266
1280.6
1299.38
1278.91
1297
1316.64
1295.16
1281
1336
1359
1310.16
1344
1344.23
1310.45
1312.72
1329.9
1311.07
1295.37
1315.47
1273
1219
1234.73
1312
1274
1274.68
1351
1328
1266
1320
1313
1287.19
1312
1344
1297
1289
1320
1297
1258
1289
1305.6
1289
1283.04
1320
1258
1297
1281
1297
1328
1305
1297.07
1305.76
1258
1242
1258
1242
1239.63
1252.74
1254.8
1227
1273
1289
1258
1274
1203
1125
1134.56
992
953
664
808.627
906
953.836
906
951.864
883
906
961
1008
1070
1133
1148.67
1141
1156
1169.96
1211
1217.57
1227
1234.46
1289
1305
1328
1333.22
1336
1328
1297
1328
1335.67
1312
1313.04
1305
1273
1277.98
1336
1325.65
1328
1281
1219
1235.35
1243.18
1351
1342.27
1328
1315.51
1367
1344
1326.69
1422
1408.53
1378.78
1344
1347.6
1383
1364.96
1343.36
1336.52
1344.71
1367
1367
1360
1348.53
1347.29
1406
1367
1305
1351
1360
1355.1
1313
1328
1289
1336
1398
1352
1375
1375
1297
1336
1367
1328
1328
1367
1313
1367
1361.08
1320
1297
1312
1274
1281
1299.92
1289
1305
1320.32
1258
1281
1291.26
1274.64
1328
1330.35
1309.87
1336
1336.65
1328
1336.64
1352
1351
1343.15
1289
1250
1297
1406
1422
1398
1390.34
1380.46
1383
1351
1258
1227
1227.27
1367
1352
1351
1258
1164
1203
1232.92
1234
1274
1258
1304
1274
1281
1320
1305
1375
1375
1383
1375
1383
1351
1344
1375
1328
1375
1328
1305
1359
1336
1297
1367
1375
1344
1346.1
1347.71
1218
1256.2
1265.47
1258.05
1265.88
1383
1313
1322.35
1305
1295.35
1305.9
1336
1289
1306.28
1319.97
1300.83
1352
1352.29
1320
1336
1338.23
1328
1336
1305
1265
1297
1336
1297
1310.33
1344
1320
1320.33
1321
1309.61
1311.18
1336
1273
1305
1281
1278.5
1289
1305
1281
1258
1273
1258
1313
1311.96
1328
1323.28
1359
1321
1281
1293.22
1320
1305
1306.1
1297
1298.9
1300.04
1297.42
1227
1273
1305
1226
1211
1227
1233.64
1211
1227
1234
1250
1266
1265.31
1267.99
1375
1383
1336
1336
1328
1317.71
1266
1281
1235
1233.4
1233.43
1234.86
1236.78
1086
1125
1117
1120.32
1195
1203
1210.4
1215.74
1289
1336
1320
1313
1312.2
1321
1343
1344
1339.33
1297
1328
1328.72
1297
1343
1336
1329.71
1329.23
1367
1297
1297
1301.08
1297
1293.13
1297
1289
1328
1320.07
1297
1336
1289
1297
1300.45
1305
1298.97
1336
1305
1309.39
1320
1311.91
1328
1445
1400.21
1429
1414
1383
1344
1375
1328
1320
1297
1258
1289
1297
1302.42
1235
1273
1266
1250
1258.47
1305
1289
1292.68
1328
1281
1305
1312
1297
1352
1347.33
1359
1336
1305
1289
1297
1312
1305
1383
1336
1297
1367
1359
1313
1367
1356.9
1338.2
1305
1318.82
1297
1328
1359
1313
1320
1336
1281
1289
1305
1281
1305
1305
1273
1258
1289
1292.66
1164
1203.25
1250
1305
1367
1367
1336
1359
1297
1305
1297
1289
1273
1313
1273
1266
1312
1274
1312
1312.88
1281
1290.25
1266
1289
1336
1289
1289
1320
1289
1291.75
1293.06
1289.19
1287.96
1292.46
1227
1234
1238.53
1242
1243.63
1266
1281
1258
1267.64
1304
1274
1278.27
1273
1242
1219
1250
1250
1266
1320
1305
1320
1344
1324.24
1383
1336
1367
1344
1336
1328
1289
1219
1234
1289
1313
1336
1375
1363.29
1375
1368.87
1336
1367
1357.67
1321
1328.06
1321.54
1313
1328
1297
1328
1328.29
1266
1281
1289.42
1266
1289
1297.73
1289
1328
1297
1297.72
1289
1289
1290.3
1320
1305
1289
1258
1289
1287.06
1286.95
1290.48
1281
1328
1313
1309.25
1344
1328
1336
1331.26
1305
1273
1279.39
1280.81
1273
1305
1297
1281
1289
1266
1269.44
1297
1250
1273
1297
1297
1258
1297
1273
1250
1263.12
1289
1289
1280.71
1258
1328
1250
1289
1281
1276.29
1270.85
1274.64
1219
1246.68
1258
1242
1234
1246.88
1266
1273
1262.23
1203
1224.31
1180
1211
1219
1320
1300.82
1281
1336
1289
1286.23
1344
1320
1328
1305
1297
1305
1295.32
1242
1258
1203
1250
1258
1250
1242
1258
1242
1242.8
1245.76
1219
1234
1258
1242
1258
1258
1258.34
1258
1261.17
1262.6
1250
1234
1241.37
1297
1283.09
1258
1261.4
1273
1321
1290.8
1305
1299.69
1293.72
1289.72
1351
1329.53
1383
1336
1336
1383
1367.65
1367
1336
1297
1351
1305
1297
1320
1315.61
1344
1320
1336
1367
1328
1344
1383
1362
1305
1328
1344
1359
1297
1317.25
1297
1302.97
1297
1320
1305
1336
1320
1328
1327.65
1281
1289
1293.29
1266
1258
1265
1227
1233.73
1237.71
1211
1242
1297
1281
1289.36
1258
1242
1219
1211
1211
1212.2
1203
1203
1188
1156
1148
1141
1156
1125
1180
1203
1195
1205.14
1212.7
1211
1203
1205.81
1187
1180
1178.91
1195
1203
1242
1219
1242
1250
1242
1227
1226.48
1226
1219
1214.85
1211
1207.88
1211
1234
1219
1242
1238.56
1226
1250
1258
1227
1250
1273
1258.55
1258
1256.68
1248.89
1244.34
1250
1273
1274
1250
1281
1266
1273
1266.93
1242
1219
1234
1227
1250
1273
1258
1281
1258
1258
1259.01
1265
1250
1227
1231.91
1242
1227
1250
1253.03
1250.28
1242
1246.84
1247.16
1242.78
1211
1242
1156
1196
1195
1219
1212.62
1214.57
1211
1216.25
1203
1203
1206.15
1195
1180
1195
1188
1187
1189.3
1203
1197.72
1200.51
1202.39
1204.2
1227
1250
1242
1238.39
1250
1247.12
1219
1223.95
1180
1172
1172.9
1174.06
1211
1242
1227
1281
1250
1242
1242
1258
1250
1227
1273
1242
1237.36
1219
1219
1195
1197.8
1195
1196
1195
1195
1203
1188
1203
1201.86
1180
1211
1219
1242
1234.75
1242
1250
1246.81
1227
1242
1250
1250
1244.23
1246.2
1246.17
1243.26
1242
1227
1226
1219
1250
1211
1218.29
1211
1234
1219
1220.69
1221.66
1164
1164
1167.01
1172
1226
1227
1227.67
1281
1276.76
1250
1242
1258
1258
1248.58
1258
1259.95
1242
1250
1242
1233.46
1281
1274.34
1281
1266
1263.05
1234
1250
1242
1211
1258
1258
1234
1235
1238.03
1234.76
1234.59
1238.68
1227
1231.96
1219
1234
1188
1212.1
1164
1183.1
1188
1184.07
1180
1203
1197.59
1201.45
1188
1195
1211
1204.7
1172
1195
1172
1177.53
1179.8
1177.97
1219
1242
1219
1211
1212.54
1226
1221.54
1258
1247.96
1241.47
1250
1235
1231.63
1273
1260.03
1305
1290.13
1273
1297
1281
1266
1289
1273
1258
1250
1250.45
1227
1273
1262.97
1235
1265
1259.79
1219
1211
1218
1216.82
1211
1219.82
1196
1226
1203
1207.17
1172
1180
1182.15
1179.85
1227
1224.47
1235
1236.01
1237.33
1242
1240.27
1242
1250
1246.79
1258
1281
1289
1284.61
1281.14
1258
1265
1266
1250
1289
1266
1250
1265
1258
1258
1255.52
1235
1265
1257.77
1227
1242
1241.46
1240.22
1250
1219
1211
1234
1231.81
1273
1274
1269.31
1270.1
1250
1289
1278.89
1250
1257.47
1242
1243.2
1250
1246.21
1245.36
1247.05
1246.91
1226
1219
1211
1203
1211
1210.55
1195
1172
1178.27
1176.64
1211
1203
1242
1244.02
1250
1226
1219
1211
1207.7
1203
1211
1195
1219
1250
1250
1245.14
1211
1211
1212.48
1218
1227
1211
1211
1213.31
1250
1242
1281
1258
1250
1244.04
1258
1265
1250
1250
1247.05
1235
1226
1133
1153.1
1125
1129.02
1219
1234
1266
1265.99
1263.29
1250
1241.74
1211
1211
1211
1219
1226
1250
1256.55
1258
1250
1250
1243.5
1235.81
1289
1250
1250
1247.83
1242.43
1235
1250
1234
1250
1258
1253.86
1250.62
1250
1248.59
1203
1225.73
1222.06
1195
1196
1197.82
1188
1226
1266
1281
1227
1234
1219
1215.83
1156
1173.11
1195
1202.57
1180
1192.72
1195
1164
1203
1164
1168.81
1164
1172
1180
1177.66
1180
1182.26
1203
1180
1203
1199.59
1196.51
1196.28
1211
1205.25
1188
1195
1193.34
1234
1258
1245.2
1240.19
1274
1267.9
1289
1281
1305
1258
1263.57
1281
1235
1273
1266
1289
1312
1266
1274.36
1273
1266
1289
1266
1268.06
1267.93
1264.82
1273
1250
1250
1219
1234
1232.03
1250
1289
1258
1242
1258
1250
1273
1268.7
1242
1274
1265
1258
1289
1274
1304
1295.44
1289
1336
1305
1301.87
1297
1266
1274.53
1289
1258
1265.05
1258
1219
1211
1214.41
1125
1149
1195
1191.5
1258
1289
1250
1219
1230.14
1258
1211
1226
1211
1164
1176.69
1226
1235
1228.15
1266
1258
1242.64
1242.88
1211
1250
1250
1344
1367
1336
1344
1320
1328
1313.66
1299.06
1293.63
1320
1305
1328
1321.35
1317.11
1351
1341.82
1180
1262.3
1133
1164
1168.06
1109
1164
1163.83
1164
1203
1172
1180
1186.86
1188.19
1164
1174.49
1176.81
1156
1164
1165.56
1187
1185.45
1211
1218
1227
1258
1255.68
1266
1264.32
1289
1266
1273
1305
1293.52
1286.82
1283.69
1297
1250
1242
1289
1289
1258
1273
1258
1257.78
1257.09
1258
1254.99
1289
1320
1289
1287.81
1266
1320
1274
1312
1336
1320.22
1320
1321
1242
1260.36
1250
1250.72
1219
1234
1237.46
1203
1203
1188
1190.08
1211
1211
1195
1203.75
1227
1234
1233.87
1237.12
1320
1320
1321
1320
1317.86
1351
1297
1297.51
1305
1298.84
1281
1305
1320
1307.4
1298.61
1301.52
1328
1344
1327.71
1319.41
1328
1320
1311.34
1336
1321
1281
1312
1309.57
1258
1276.46
1284.75
1258
1242
1252.97
1219
1218
1282
1291.9
1280.75
1289.65
1300.52
1344
1328
1325.74
1289
1289
1273
1305
1301.1
1258
1289
1293.09
1284.28
1281.07
1305
1273
1297
1305
1298.32
1289
1305
1297
1291.27
1274
1289
1328
1316.62
1307.77
1336
1359
1344.79
1320
1324.72
1297
1298.59
1359
1344
1330.04
1312
1250
1219
1219.67
1289
1273
1313
1289
1312
1344
1328
1266
1275.5
1282.95
1203
1258
1250
1281
1297
1289
1290.35
1258
1281
1250
1289
1289
1250
1266.31
1267.5
1262.7
1261.25
1266
1263.17
1242
1254.57
1110
1125
1195
1189.54
1200.1
1214.92
1215
836
805
812
789
845.716
774
773
796.253
811.032
766
773
774
797
828
841.471
852
922
992
1008
1086
1102.26
1111.93
1148
1141
1125
1125.53
1242
1244.03
1320
1274
1265
1250
1274
1281
1285.68
1290.62
1297.65
1289
1328
1333.97
1289
1293.11
1367
1348.13
1325.04
1315.31
1320
1328
1391
1406
1359
1345.03
1367
1336
1329.3
1406
1385.21
1362.48
1360
1320
1328
1327.59
1323.57
1344
1328
1328
1329.82
1328
1305
1308.44
1309.58
1297
1299.53
1300.91
1301.06
1235
1242
1242
1242.8
1246.36
1203
1225.01
1211
1195
1047
1160.48
977
968
972.239
937
899
945
953
969
1016
1031
1078
1094
1117
1164
1242
1243.43
1250
1297
1328
1305
1359
1364.12
1445
1430
1422
1429.27
1414
1305
1258
1273
1164
1180
1187
1141
1242
1180
1250
1242
1242.7
1227
1195
1250
1247.98
1281
1280.26
1391
1374.89
1373.63
1374.04
1373.79
1373.06
1289
1299.02
1299.92
1320
1315.14
1336
1305
1309.58
1367
1344.68
1390
1352
1347.23
1375
1391
1375
1429
1360
1375
1371.49
1362.4
1356.27
1383
1375
1398
1399
1351
1344
1349.84
1367
1367
1360.13
1367
1364.68
1365.55
1328
1297
1303.02
1328
1320
1344
1336
1305
1313.82
1289
1336
1406
1352
1367
1370.16
1371.42
1363.02
1355.21
1328
1329.88
1328
1328.35
1375
1297
1266
1269.36
1273
1258
1297
1303.58
1320
1375
1344
1281
1375
1360.8
1348.1
1345.75
1359
1344
1352
1367
1320
1327.31
1391
1359
1336
1344
1343.99
1383
1414
1328
1328
1336.58
1335.15
1326.9
1383
1369.41
1375
1406
1336
1383
1422
1383.04
1379.65
1406
1386.42
1313
1336
1312
1312.58
1375
1375
1305
1351
1362.3
1289
1310.03
1305
1291.47
1265
1258
1260.81
1305
1367
1361.25
1354.57
1328
1336
1344
1297
1320
1329.19
1325.08
1297
1344
1328
1336
1326.15
1367
1336
1331.43
1266
1320
1328
1266
1289
1296.15
1291.49
1375
1390
1305
1344
1359
1305
1359
1336
1305
1359
1336
1321.64
1336
1330.86
1316.2
1344
1297
1359
1391
1367
1320
1344
1336
1328
1336.42
1335.01
1297
1375
1344
1359
1344
1297
1328
1320
1315.08
1328
1351
1289
1318.88
1336
1325.98
1322.22
1336
1297
1344
1390
1365.35
1360
1406
1367
1360.96
1375
1367.84
1359.23
1362.76
1336
1340.9
1347.2
1337.34
1320
1332.89
1297
1305
1351
1313
1321.47
1320
1305
1310.91
1320
1352
1281
1289
1297
1291.62
1293.58
1305
1266
1279.08
1282.44
1258
1336
1328.9
1297
1306.58
1344
1289
1297
1336
1314.05
1312
1305
1298.51
1305
1336
1297
1281
1289
1250
1219
1289
1273
1274
1304
1258
1250
1266
1265
1258.89
1281
1283.14
1281
1352
1297
1320
1328
1297
1304.32
1367
1340.75
1336
1336.72
1327.38
1352
1367
1367
1355.05
1375
1365.49
1367
1391
1328
1336
1406
1360
1336
1342.2
1328
1336
1360
1351
1375
1367.78
1362.47
1361.73
1357.13
1343
1345.93
1359
1336
1336
1305
1289
1320
1320
1305
1328
1336
1328
1344
1345.61
1340.92
1336
1359
1297
1317.87
1375
1367
1367
1368.91
1336
1336
1340.49
1332.47
1329.17
1336
1289
1307.07
1305
1281
1292.15
1336
1281
1336
1326.51
1328
1258
1312
1306.02
1299.58
1297
1336
1328
1258
1320
1314.61
1297
1367
1328
1266
1336
1325.06
1297
1317.53
1320.43
1320
1344
1359
1326.44
1327.04
1383
1352
1329.42
1351
1345.01
1297
1320.06
1336
1281
1305
1328
1306.46
1289
1281
1289.99
1258
1281
1297
1285.4
1305
1320
1306.37
1289
1304.4
1297
1328
1325.01
1328
1323.12
1320.19
1258
1305
1299.65
1305
1351
1274
1211
1164
1167.2
1169.94
1219
1273
1227
1203
1250
1234
1219
1250
1250
1242
1289
1291.56
1328
1318.07
1360
1312
1344
1336
1320
1319.5
1316.51
1312.16
1305
1297
1297.48
1359
1313
1313.57
1336
1326.39
1312
1316.32
1352
1312
1336
1305
1273
1305
1320
1266
1328
1336
1281
1336
1297
1303.08
1156
1125
1110
1111.32
1115.18
1391
1398
1383
1399
1359
1344.21
1406
1388.64
1297
1328
1313
1265
1274
1281
1328
1367
1344
1342.73
1342.74
1375
1352
1336
1328
1344
1351
1313
1328
1336
1312
1344
1313
1328
1329.62
1328.39
1336
1328
1329.24
1359
1350.91
1305
1328
1312
1312.71
1336
1281
1303.26
1234
1252.84
1055
1031
992
961
930
965.751
906
965.425
985.171
1007.16
1021.75
828
820
805
805
797
812.316
797
805
836
859
875
885.603
953
992
1000
1086
1156
1164
1155.51
1149.75
1235
1328
1300.48
1359
1414
1344
1348.93
1367
1328
1313
1320
1334.1
1343.21
1349.25
1313
1359
1336
1344
1350.62
1352
1353.1
1274
1234
1258
1367
1359.85
1398
1414
1375
1336
1297
1305
1309.04
1289
1293.37
1297
1301.72
1352
1343
1336
1375
1372.29
1352
1359
1336
1422
1414
1389.22
1383
1359
1321
1398
1344
1328
1336
1398
1336
1335.17
1367
1375
1406
1399
1384.42
1398
1360
1351
1383
1375
1375
1414
1375
1406
1391
1359
1383
1344
1312
1336
1342.69
1320
1289
1304.1
1180
1229.3
1250
1211
1231.15
1258
1256.73
1304
1266
1320
1319.51
1336
1332.09
1383
1370.93
1365.27
1367
1364.86
1361.54
1226
1270.21
1195
1203.96
1195
1200.27
1180
1195
1289
1328
1344
1383
1367
1360.16
1354.87
1180
1214.78
1216.67
1117
1144.9
922
1001.95
1094
937
899
890
852
867
852
859
867
883
891.321
922
961
984
961
975.082
961
945
938
945
953
938
953
953
955.455
958.028
953
953
951.05
945
883
905.032
859
863.542
836
820
822.156
820.847
823.151
828
828
821
828
836
837.312
844
922
984
1024
1031
1028.6
1026.65
1028.55
977
1000
1039
1033.16
1031
1000
1016
1031
1028.42
1070
1070
1016
1015.15
1020.34
1019.38
984
982.594
1047
1042.47
1117
1086
1070.12
1063.83
1056.23
1125
1110
1156
1164
1138.94
1133
1131.58
1172
1211
1180
1218
1180
1195
1188
1133
1148
1086
1090.08
1089.94
1087.62
1164
1195
1227
1180
1203
1211
1179
1178.18
1211
1200.46
1190.44
1189.76
1203
1192.79
1266
1245.55
1274
1203
1214.11
1070
1055
1078
1099.08
1116.98
1129.38
930
980.601
914
899
937
914
914
961
969
978.792
961
961
967.522
930
938.335
940.735
899
883
891.167
859
859
852
855.245
857.084
859
906
909.694
914
945
953
944.876
943.826
942.981
1008
996.074
983.679
976.584
976.287
1039
1086
1078
1094
1109
1102.75
1024
1015
969
1000
1006.54
1003.41
997.984
1094
1125
1103.4
1075.5
1066.33
1125
1141
1164
1124.17
1104.19
1109
1125
1118.57
1164
1133
1187
1180.51
1164
1156
1152.32
1180
1141
1136.78
1138.13
1172
1195
1177.38
1164.07
1164
1141
1164
1172
1156
1151.18
1164
1180
1180
1156
1203
1180
1179
1196
1189.26
1195
1203
1141
1172
1187
1149
1195
1184.3
1157
1165.96
1015
1082.97
1055
1057.75
1133
1128.76
1180
1176.86
1180
1180.72
1203
1172
1182.66
1164
1195
1180.83
1180.94
1180.71
1219
1204.75
1250
1196
1234
1219
1195
1206.1
1172
1187
1211
1202.08
1196
1226
1217.58
1213.25
1250
1195
1227
1250
1211
1242
1219
1203
1203
1211
1211
1205.11
1210.37
1172
1195
1172
1164
1164
1125
1164
1160.9
1125
1148
1141
1133
1156
1150.69
1094
1121.76
1133
1117
1156
1172
1172
1172
1156
1161.88
1161.09
1141
1149.25
1156
1147.8
1156
1172
1159.05
1159.79
1164
1117
1141
1156
1141
1164
1164
1156
1164
1158.13
1117
1130.84
1109
1125
1125
1125
1129.94
1133
1125
1131.04
1132.9
1000
992
1008
1078
1086
1099.51
1156
1172
1211
1195
1182.35
1219
1219
1273
1266
1281
1250
1245.14
1281
1297
1285.81
1320
1321
1317.52
1328
1313
1311.55
1320
1318.63
1328
1305
1304.26
1328
1289
1289
1344
1297
1298.33
1299.66
1297
1313
1306.02
1289
1295.82
1289
1287.13
1344
1325.03
1352
1390
1305
1328
1327.33
1320
1320.42
1336
1336
1367
1328
1328
1330.71
1328.23
1336
1352
1312
1360
1346.55
1305
1336
1331.53
1336
1375
1320
1331.24
1333.23
1328
1352
1328
1312
1297
1303.56
1226
1227
1195
1227
1211
1211
1234
1203
1180
1195
1194.93
1172
1172
1175.07
1187
1186.24
1180
1185.99
1156
1175.06
1174.91
1175.62
1178.63
1181.07
1195
1196.79
1149
1164
1164
1164.05
1172
1180
1179
1180.62
1188
1156
1169.16
1171.1
1156
1162.89
1164
1141
1151.24
1187
1141
1156
1160
1149
1148
1180
1172
1166.29
1173.07
1170.49
1162.4
1195
1164
1188
1250
1258
1281
1344
1320
1311
1343
1297
1297
1305
1281
1266
1304
1298.81
1266
1312
1289
1313
1328
1312
1274
1297
1293.78
1297
1328
1289
1321
1351
1289
1298.39
1289
1297
1328
1320
1313
1328
1297
1328
1318.8
1258
1282.99
1250
1211
1211
1211
1187
1211
1211
1180
1194.88
1234
1211
1224.17
1242
1242.05
1244.48
1250
1234
1266
1273
1274
1320
1311.58
1304.82
1304.87
1312
1305
1367
1353.09
1305
1351
1321
1265
1274
1281
1274.65
1272.95
1320
1328
1383
1336
1359
1355.32
1341.12
1334.32
1336
1289
1328
1323.79
1314.07
1344
1338.71
1266
1289
1297.54
1287.44
1281
1250
1255.99
1273
1271.92
1227
1243.4
1172
1242
1219
1211
1242
1211
1225.78
1242
1250
1242
1258
1250
1255.81
1256.68
1297
1328
1375
1328
1328
1327.67
1282
1281
1281.77
1250
1250
1305
1304
1305
1336
1305
1301.1
1297
1281
1250
1313
1297
1312
1336
1258
1219
1223.36
1242
1234
1266
1282.98
1234
1258
1242
1238.67
1241.24
1242.88
1242
1281
1266
1328
1383
1360.8
1375
1366.93
1355.19
1281
1273
1219
1195
1194.26
1211
1211
1221.8
1250
1250
1336
1320
1316.68
1367
1344
1320
1318.59
1313.44
1320
1311.58
1328
1289
1297
1297
1289
1328
1297
1320
1344
1305
1328
1375
1320
1297
1297
1294.86
1336
1313
1242
1270.52
1196
1209.35
1227
1230.52
1238.26
1328
1274
1287.99
1300.71
1286.42
1391
1365.7
1367
1362.6
1359
1336
1334.92
1305
1328
1375
1352.54
1320
1324.57
1297
1367
1383
1358.94
1352.13
1328
1336
1336
1328
1322.93
1320.26
1319.64
1318.5
1273
1250
1250
1211
1214.74
1266
1287.68
1250
1219
1203
1242
1250
1242
1266
1219
1218
1102
539
712.15
836.509
901.595
922
975.663
891
890
875
894.653
891
906
899
945
962.666
961
961
974.873
1000
1008
1070
1086
1088.49
1091.92
1125
1125.76
1124.67
1124.88
1125.85
992
1016
1086
1156
1180
1140.34
1195
1219
1203
1203
1193.25
1234
1258
1211
1242
1242.74
1230.8
1219
1289
1289
1328
1328
1321
1313.97
1344
1367
1345.56
1331.92
1297
1299.49
1289
1283.36
1289
1281
1280.42
1297
1281
1283.04
1219
1242
1239.1
1237.97
1240.49
1241.82
1244
1289
1287.24
1312
1321
1320.36
1319.69
1297
1297.46
1294.26
1304
1301.77
1300.63
1312
1266
1281
1258
1258.84
1297
1289.03
1305
1328
1328
1305
1305.52
1266
1250
1281
1297
1297
1312
1336
1332.95
1297
1258
1250
1265
1235
1265
1250
1250
1253.01
1274
1273.19
1320
1318.17
1367
1383
1375
1375
1391
1351
1375
1375
1362.98
1344
1375
1352
1351.19
1352.24
1265
1227
1281
1280.75
1203
1258
1234
1236.65
1211
1188
1195
1188
1188.63
1164
1157
1148
1133
1164
1148
1154.21
1024
992
984
989.148
946
976.522
961
1000
1008
1047
1070
1086
1095.7
1109
1141
1148.78
1211
1250
1273
1269.12
1320
1328
1313
1343
1344.55
1266
1267.54
1234
1313
1203
1148
1160.62
1148
1148.08
1055
1107.59
1113.45
1133
1148
1149.54
1153.13
1250
1258
1242
1266
1271.52
1266
1312
1266
1297
1320
1310.58
1328
1327.49
1344
1343.02
1336
1336.75
1337.5
1312
1313.36
1313.85
1312
1310.56
1309.55
1297
1242
1250
1281
1250
1274
1273
1274.73
1277.78
1277.78
1234
1248.18
1250
1234
1266
1262.76
1235
1248.37
1211
1242
1238.11
1211
1242
1238.14
1234.23
1242.24
1297
1367
1375
1350.39
1359
1344
1332.06
1328
1336
1289
1312
1274
1250
1254.09
1251.88
1180
1203
1234
1188
1203
1213.01
1210.08
1212.91
1250
1227
1228.93
1312
1344
1317.28
1383
1373.76
1351
1383
1367
1313
1359
1360.24
1305
1336
1344.87
1320.69
1328
1334.12
1297
1313
1359
1305
1308.17
1359
1336.46
1289
1328
1331.91
1289
1336
1328
1242
1274
1298.98
1281.65
1282.8
1359
1313
1328
1352.05
1289
1242
1219
1234
1235.1
1211
1187
1172
1203
1211.67
1172
1164
1141
1187
1149
1153
1172
1164
1164
1164
1141
1164
1164
1164
1164
1195
1200.45
1202.04
1226
1219
1219
1226
1222.99
1219.12
1180
1180
1179.21
1211
1219
1214.25
1242
1242
1250
1281
1270.27
1250
1248.63
1281
1289
1336
1305
1292.46
1291.17
1289
1283.96
1278.09
1272.87
1211
1220.28
1219.95
1195
1211
1213.89
1188
1196.64
1198.74
1172
1195
1156
1164.52
1164
1156
1180
1242
1242
1289
1344
1320
1328
1326.96
1316.09
1328
1312
1250
1255.8
1328
1297
1290.19
1289.35
1281
1297
1292.6
1305
1299.95
1320
1320
1250
1261.92
1211
1164
1180
1242
1203
1227
1234
1203
1188
1202.61
1218
1213.98
1289
1297
1305
1359
1297
1320
1328
1305
1305
1307.6
1336
1320.23
1336
1334.08
1328
1352
1328
1336
1336
1328
1289
1320
1313.87
1297
1375
1353.65
1345.78
1367
1328
1328
1344
1336
1320
1344
1338.57
1313
1367
1328
1336
1375
1359
1305
1375
1328
1344
1336
1328
1328.6
1336
1375
1297
1414
1375
1328
1336
1344.76
1313
1336
1375
1328
1336
1346.21
1312
1258
1289
1266
1273
1281.65
1367
1305
1375
1370.18
1347.09
1352
1320
1316.35
1325.6
1274
1218
1250
1227
1258
1281
1234
1250
1227
1226.59
1281
1279.34
1367
1414
1383.42
1390
1414
1375
1313
1367
1375
1375
1383
1375
1375
1370.46
1328
1330.61
1359
1305
1367
1360.13
1344
1345.9
1344.76
1338.95
1320
1322.88
1359
1344
1289
1320
1344
1328
1367
1305
1322.4
1332.04
1359
1352
1349.06
1352.32
1375
1344
1349.03
1344
1328
1334.25
1320
1274
1289.88
1312
1258
1336
1305
1309.84
1164
1214.34
1133
1148.14
1149.49
1211
1216.92
1233.44
1367
1422
1367
1375
1391
1373.74
1370.74
1344
1342.4
1338.79
1289
1281
1336
1335.94
1359
1383
1376.52
1371.21
1336
1334.5
1344
1375
1359
1289
1336
1338.17
1328
1375
1313
1320
1289
1281
1321
1318.11
1317.9
1360
1336
1359
1354.18
1305
1328
1375
1364.58
1354.72
1349.37
1328
1305
1297
1320
1320
1317.2
1319.97
1336
1328
1323.7
1336
1344
1333.22
1359
1357.45
1313
1320.54
1297
1305
1304.2
1234
1305
1297.59
1293.71
1344
1337.16
1332.3
1344
1359
1346.51
1328
1328
1258
1242
1244.87
1219
1297
1289
1289
1328
1266
1273
1289
1235
1281
1289
1250
1273.52
1367
1335.21
1360
1359
1341.33
1320
1323
1313.95
1336
1328
1289
1300.47
1336
1312
1352
1359
1341.43
1375
1336
1344
1375
1359
1313
1359
1375
1344
1342.89
1321
1321.99
1323.74
1281
1344
1335.2
1375
1328
1360
1328
1331.13
1367
1351.37
1345.26
1348.53
1390
1297
1324.58
1352
1340.85
1352
1359
1354.01
1344
1305
1326.67
1289
1336
1325.73
1320
1336
1297
1281
1290.3
1273
1274
1328
1289
1328
1323.47
1320.87
1324.06
1359
1348.44
1343.33
1375
1359
1355.79
1357.97
1351
1297
1314.18
1312.03
1258
1305
1226
1248.54
1219
1219
1222.42
1281
1276.51
1283.11
1304
1227
1281
1289
1282.41
1312
1306.57
1320
1315.91
1316.03
1312
1321
1320
1317.63
1297
1320
1310.21
1164
1213.23
1117
1102
1125
1140
1141
1203
1164
1189.13
1172
1182.31
1164
1171.68
1173.51
1174.47
1133
1141
1143.99
1196
1192.23
1192.95
1195.41
1198.43
1336
1367
1305
1336
1328.64
1315.47
1302.3
1250
1219
1217.64
1217.13
1216.57
1217.25
1218.61
1320
1311.33
1293.88
1266
1259.56
1257.27
1251.54
1297
1289.83
1281
1271.68
1265.09
1320
1344
1323.15
1289
1297
1312
1282
1156
1203
1156
1159.19
1219
1232.23
1233.96
1258
1250
1289
1281
1274
1336
1328
1307.91
1383
1383
1349.47
1352
1281
1219
1226
1180
1172
1177.78
1211
1211
1211
1219.47
1039
1122.08
1121.85
1121.7
898
860
876.604
836
836
820
838.961
789
797
789
804.306
814.212
820
844
850.874
914
922
953
1047
1070
1102
1107.45
1187
1196
1195
1211
1281
1297
1344
1351
1354.81
1365.59
1378.29
1336
1328
1342.65
1297
1281
1291.31
1250
1255.46
1273
1336
1281
1188
1234
1242.53
1235
1312
1266
1262.73
1242
1149
1156
1159.61
1159.88
1188
1242
1180
1226
1203
1203
1234
1195
1188
1219
1203
1203
1203
1180
1203
1226
1217.78
1281
1250
1250
1258
1245.47
1243.24
1320
1288.85
1359
1325.43
1375
1359
1297
1316.45
1311.04
1250
1270.1
1289
1289
1336
1289
1250
1265.32
1164
1164
1242
1227
1351
1399
1364.14
1352
1344
1351
1391
1406
1385.6
1422
1398
1414
1391
1328
1289
1289
1289.21
1289.95
1328
1344
1344.6
1352
1336
1328
1250
1258
1256.12
1257.33
1109
641
1195
977
953
945
914
969
980.071
1000
1008
1016
1031
1038.89
1045.76
1094
1099.35
1133
1139.66
1172
1178.16
1179
1172
1164
1172
1219
1117
1055
1078
1078
1117
1102
1125
1156
1164
1164
1172
1168.02
1148
1172
1219
1266
1281
1258
1289
1289
1270.47
1258
1281
1258
1249.98
1196
1234
1211
1180
1226
1149
1179
1110
1125
1156
1133
1141
1148
1148.65
1211
1172
1203
1199.79
1195
1211
1207.68
1208.07
1209.01
1219
1187
1203
1196
1164
1195
1156
1166.95
1195
1179.75
1180.97
1181.38
1188
1179
1182.2
1180
1141
1154.19
1172
1165.94
1164
1172
1125
1117
1125
1109
1115.14
1133
1148
1148.36
1149
1153.15
1141
1156
1141
1156
1156
1110
1117
1148
1102
1164
1195
1149
1155.57
1203
1180
1195
1191.65
1180.26
1196
1203
1211
1198.78
1195
1164
1141
1195
1183.4
1178.63
1195
1180
1177.08
1182.65
1156
1180
1219
1234
1217.6
1250
1242
1227
1226.71
1250
1227
1224.25
1234
1219
1258
1258
1242
1289
1250
1242
1266
1273
1219
1234
1227
1203
1209.39
1203
1219
1250
1211
1219.46
1225.64
1222.79
1203
1180
1189.23
1156
1133
1136.09
1138.46
1140.88
1172
1195
1203.78
1172
1172
1156
1172
1173.84
1141
1156
1172
1133
1141.39
1145.97
1125
1129.8
1133.67
1135.53
1136.88
1164
1156
1180
1203
1180
1218
1235
1211
1226
1220.99
1226
1180
1191.45
1195
1172
1178.84
1211
1201.18
1194.87
1195
1133
1140
1125
1086
1086
1094
1086
1092.04
1156
1133
1143.4
1141
1139.94
1156
1125
1125
1117
1117.2
1117
1125
1086
1099.15
1172
1161.1
1180
1226
1216.28
1227
1250
1234
1211
1242
1211
1164
1203
1180
1148
1180
1172
1195
1180
1242
1229.72
1219.96
1164
1125
1156
1156
1133
1143.42
1094
1109
1133
1117
1086
1094
1070
1078
1080.35
1081.9
1084.25
1087.06
1109
1110.73
1115.05
1118.59
1122.06
1156
1180
1177.88
1171.68
1219
1242
1180
1203
1208.72
1211
1211
1207.98
1188
1203
1226
1196
1195.61
1200.6
1195
1191.73
1203
1203
1172
1211
1242
1211
1227
1250
1230.61
1242
1266
1242
1237.31
1243.68
1232.52
1227.69
1289
1271.7
1281
1281
1258
1227
1273
1264.97
1254.21
1289
1234
1241.36
1247.5
1234.65
1258
1242
1211
1234
1238.5
1228.67
1242
1211
1220.91
1250
1211
1220.95
1225.33
1219
1242
1266
1258.15
1254.65
1312
1289
1305
1336
1297
1297.5
1289
1280.09
1281
1297
1258
1281
1278.48
1305
1293.56
1258
1250
1211
1250
1245.54
1249.72
1234
1240.85
1180
1197.37
1273
1259.64
1367
1328
1324.22
1313
1314.48
1250
1258
1273
1250
1274
1273
1270.99
1258
1259.21
1260.4
1328
1359
1297
1352
1328
1314.83
1308.2
1298.31
1289
1282.57
1276.54
1313
1351
1321
1328
1328
1250
1211
1242
1211
1125
1039
1000
1000.46
1003.64
1008
1017.16
914
967.28
875
859
836
844.275
850.048
856.815
774
773
787.048
766
789
798.211
808.826
813
822.326
867
883
914
930
992
996.26
1062
1060.73
1059.47
1059.38
1195
1181
1234
1242
1235
1242
1242
1211
1211
1223.88
1172
1203
1242
1250
1244.95
1266
1289
1283.31
1250
1305
1320
1258
1289
1305
1265
1266
1297
1273
1263.96
1270.04
1211
1219.69
1227
1187
1289
1297
1297
1375
1352.52
1336
1359
1282
1291.6
1320
1305
1289
1367
1414
1369.48
1366.34
1362.87
1342.8
1305
1310.51
1308.19
1430
1422
1388.56
1367
1367
1328
1344
1336
1323.63
1317.04
1360
1360.81
1367
1336
1281
1274
1273
1203
1242
1196
1242
1242
1180
1195.04
1203
1208.2
1218
1219
1223.59
1180
1203
1172
1172
1173.76
1164
1167.7
1188
1250
1242
1211
1242
1242
1235
1230.63
1231.27
1228.05
1220.51
1216.64
1215.2
930
1056.38
930
985.388
961
970.607
961
984
953
963.993
968.071
914
899
914
914.405
916.193
867
893.287
896.643
844
851
860
898
953
1016
1047
1117
1086
1078
1078.75
969
937
939.883
875
883
914
1047
1125
1187
1160.54
1195
1185.64
1195
1219
1204.06
1195
1227
1242
1219
1234
1250
1274
1273
1281
1274
1242
1281
1258
1234
1237.7
1240.36
1250
1289
1250
1246.83
1247.92
1244.75
1273
1264.68
1260.74
1351
1383
1297
1328
1320.72
1289
1305
1299.25
1328
1281
1266
1250
1266
1226
1250
1253.93
1256.18
1203
1133
1172
1133
1148
1156
1133
1133
1142.87
1144.72
1086
1000
1026.35
977
984
1047
1070
1102
1125
1125
1133
1117
1123.2
1133
1133.55
1133.66
1156
1180
1234
1203
1203
1227
1220.93
1242
1234.78
1229.53
1250
1250
1250
1273
1258
1254.61
1258
1250
1226
1250
1227
1195
1227
1226
1172
1189.3
1195
1180
1242
1180
1195
1201.56
1164
1179.58
1141
1195
1180
1185.01
1203
1180
1203
1195
1188
1242
1221
1203
1213.58
1211
1234
1250
1227
1250
1250
1219
1230.23
1250
1233.23
1203
1219
1180
1190.31
1188
1185.23
1186.87
1172
1164
1125
1195
1188.24
1172
1195
1180
1183.8
1187.63
1195
1190.23
1211
1172
1203
1211
1203
1203.23
1219
1213.74
1211.65
1196
1203
1226
1180
1211
1234
1196
1202.79
1250
1234
1224.84
1250
1242
1219
1242
1250
1236.09
1211
1180
1195
1198.87
1227
1211
1234
1211
1208.84
1234
1180
1219
1217.41
1187
1198.01
1195
1191.52
1193.78
1203
1242
1258
1242
1250
1250
1219
1242
1250
1239.48
1227
1265
1219
1225.28
1219
1211
1226
1211
1172
1187.4
1188
1172
1211
1218.06
1180
1192.3
1149
1187
1156
1162.54
1187
1156
1180
1211
1180
1211
1226
1164
1172
1039
914
906
891
883
898
875
893.388
875
860
875
890
883
914
918.565
906
883
891.927
906
907.418
875
875
882.633
867
844
836
841.92
845.208
848.907
852.729
867
873.875
875
875
877.808
867
875
873.345
859
860.759
863.191
859
856.637
858.812
860.775
883
914
906
899.401
894.613
888.132
880.25
836
859
844
852
859
844
851
850.603
821
820
820
805
809.769
742
727
726.893
727
730.59
735.23
735
750
751.634
759.076
766
772.209
797
805
820
828
805
809.719
797
793.596
774
773.148
773.066
765
750
752.081
734
736.38
742
711
720.389
735
765
766
769.383
789
790.114
789
820
805
805
789
789
789
781
766
781
758
760.516
765
750
753.299
735
726
719
711
712.387
712.362
712.974
734
736.049
773
774
777.37
859
875
883
870.641
875
875.234
844
859
860.33
836
859
828
844
828
828
813
820
828
825.173
828
836
867
883
914
922
913.388
914
908.21
898
883
891
890
883
881.855
883
890
883
922
914
922
917.434
930
925.469
891
895.895
883
883
898
893.728
893.534
906
903.612
930
937
931.276
914
898
875
867
866.213
852
859
859
852
856.542
851
852.937
853.503
820
836
828
828.929
914
903.496
903.576
875
867
867
844
875
875
876.295
922
969
953
930
906
898.814
891
885.555
881.568
891
875
906
922
930
945
961
992
969
960.173
1047
1070
1041.75
1094
1086.68
1125
1113.19
1094
1090.84
1055
1051.51
1039
1038.65
984
989.893
930
906
910.672
867
883
922
931.76
914
953
962.348
992
1008
1011.48
1047
1039
1040.33
1078
1073.48
1125
1115.99
1109.45
1180
1170.12
1211
1203
1200.89
1047
1068.34
1085.37
961
961
976.519
938
952.464
922
922
927.13
929.002
883
898
900.627
901.148
1070
1055
1031
992
977
979.386
945
945
946.901
949.04
899
898
899.167
899
937
961
969
964.07
957.865
992
1016
1002.25
988.595
1094
1102
1125
1140
1133
1121.2
1149
1145.82
1138.26
1031
1035.99
1086
992
995.868
1000
1023
1021.88
1047
969
1015
1016.91
1014.24
1070
1055
1055
1070
1016
1029.41
976
961
977
992
984
991.794
997.079
1039
1047
1039
1047
1043.8
1054
1063
1050.06
1046.75
1041.96
1039
1008
1039
1031.38
1047
1062
1016
984
930
1000
961
984
987.275
922
947.494
875
930
923.661
906
920.057
891
898
867
852
859
836
836
813
821.156
789
805
812
813
851
860
898
945
930
931.529
953
950.105
953
961
961
930
937
922
919.608
922
922
921.364
898
903.136
906
904.085
898
900.301
922
917.537
969
960.227
953
922
906
875
860
852
851
852
867
880.963
859
852
854.636
856.037
836
844
844.513
859
875
875
879.093
883.058
891
898
875
875
876.455
875
867
875
860
859
859
858.116
852
853.733
844
846.206
867
859
883
867
891
867
891
906
875
875
859
836
844
852
853.632
906
946
945
961
922
914
906
891
890
885.995
883
867
867
875
883
886.56
883
884.617
884.249
922
945
953
942.517
992
977
1031
1016
1039
1062
1049.8
1047
1086
1084.36
1070
1078
1086
1086
1078
1078.27
1023
961
922
898
875
878.45
859
865.28
867.569
869.868
828
828
844
843.887
836
840.488
851
854.921
844
859
852
875
878.425
875
880.389
852
862.245
844
836
840.201
839.954
859
858.098
859
860
859
875
870.791
875
883
878.809
875.018
875
891
867
870.037
852
844
845.712
836
859
844
844
846.335
836
820
836
820
821
822.743
821
836
828
820
820
797
806.377
797
789
797
820
818.084
875
869.73
977
951.885
937.609
928.455
906
914
907.756
900.166
859
836
828
805
812
805
789
805
806.283
805
820
805
810.484
805
820
836
836
836.968
844
843
836
821
823.86
836
834.243
836
836
844
859
867
862.583
906
899
890.507
884.566
898
894.206
886.979
882.708
852
836
836
851
844
859
844
836
836
836
836
813
844
867
875
883
883
879.414
883
883
898
883
867
867
867.012
836
839.596
805
812
789
797
798.135
781
789
790.6
781
875
875
873.038
891
914
914
891
906
906.798
900.321
897.804
897.934
844
859
875
883
898
899
906
903.352
899
895.888
875
875
871.519
875
875
883
883
898
883
875
877.299
953
927.315
920.787
875
878.758
880.579
875
867
875
875
860
890
875
883
881.743
881.52
875
878.311
859
836
842.638
844.316
846.53
844
848.255
844
875
875
875
891
906
900.171
930
924.552
918.366
820
813
820
836
842.991
850.948
857.33
867
868.515
852
859
805
820
828
828
821
820
820
820.52
797
797
797
820
828
830.661
836
828
830.645
867
864.112
867
853.857
836
838.059
839.866
836
828
836
836
828
826.166
859
857.573
875
890
860
867
866.807
844
844
842.845
836
813
817.173
828
828
813
820
805
805.899
797
828
805
836
828
820
821
828
828
805
820
819.093
828
828
821
824.776
836
821
859
836
836
836
828
828
820
822.373
805
820
816.317
844
890
874.799
883
781
803.921
821
875
859
855.004
854.803
890
922
905.77
953
930
992
953
939.946
945
945
914
899
906
883
914
883
906
906
899
906
875
875
875
844
851
851.801
805
821.392
805
789
789
790.193
789
804
803.171
828
832.474
820
813
859
850.833
851.41
854.489
854.927
906
895.99
898
875
852
844
843.781
841.43
851
848.093
848.015
849.179
828
813
836
833.989
832.845
832.025
867
883
867
875
875
883
875
883
881.914
930
915.155
914
909.833
922
917.825
929
899
904.071
904.209
883
890
883
880.099
878.8
883
883
914
930
953
930
927.334
953
953
945
930
937
938.02
931.504
926.145
926.988
898
891
898
899
937
938
961
945
922
914
912.108
867
844
844
859
836
875
914
969
976
985
978.925
1141
945
922
914
883
867
844
828
830.482
844
867
867
883
883
888.086
922
924.736
945
930
937
930
930
937
938
937
936.423
961
969
965.709
962.512
938
945
969
961
992
969
992
988.114
1000
1016
1015
1008
977
980.267
961
945
930
929.509
961
968.439
945
945
949.945
929
933.434
883
891
890.834
976
977
1000
984
969
961
953
945.702
953
954.165
1000
1054
1043.59
1030.71
985
975.579
968.548
984
984.505
961
961
953
961
961
969
965.18
968
965.599
977
977.823
961
961
962.244
977
1000
1000
988.12
980.362
978.221
883
883
919.826
875
894.662
899.497
902.31
904.598
914
922
930
976
974.453
984
969
976
946
947.466
945.967
914
899
901.525
901.855
904.456
898
903.298
904.825
906
930
928.55
969
945
930
930.997
953
948.745
1031
1016
1008
1023
992
985
984
977
992
992
992
989.994
953
922
925.319
924.784
927.765
931.231
891
901.661
902.721
867
874.947
876.229
867
906
914
930
969
984
1024
992
1000
976
930
906
904.108
875
875
877.009
883
875
881.554
890
875
852
859.654
859.858
844
867
864.988
869.379
836
844
844.856
852
859
875
875
880.54
884.845
883
898
891
914
914
906.135
903.458
961
945
933.405
922
920.611
898
883
881.93
879.087
852
867
867
869.426
891
875
879.633
875
874.962
852
858.542
856.854
867
906
914
969
964.103
954.149
985
961
929
891
886.773
844
848.039
844
836
859
869.274
867
883
875
877.597
878.145
890
891
883
885.234
884.582
882.899
881.396
891
914
898
922
922
921.542
1008
922
914
875
875
867
852
856.059
857.519
891
914
914
914
906
902.334
891
867
844
867
867
891
901.013
937
930
922
929
891
891
875
868.22
844
805
820
821.759
820
852
859
891
906
930
945
977
970.586
1008
1023
1011.62
961
961.829
953
969
1000
1070
1125
1104.9
1148
1102
1086.42
1031
1078
1080.47
1109
1125
1086
1081.19
1086
1081.86
1117
1094
1109
1106.03
1078
1079.32
1031
1035.36
1033.83
1031
1033.07
1024
1039
1036.65
1039.1
1041.29
1043.25
977
1023
1016.17
1039
1034.67
977
999.699
984
1039
1063
1109
1102
1086
1109
1107
1098.18
1125
1125
1094
1099.18
1016
1047
1062
1094
1125
1055
1086
1140
1149
1117
1110.07
1133
1164
1125
1055
1070
1047
1164
1156
1164
1180
1133
1172
1169.59
1150.41
1023
1047
1060.16
1070.51
1094
1090.17
1172
1133
1125
1128.31
1128.44
1141
1156
1203
1211
1211
1211
1203.58
1148
1151.4
1195
1242
1188
1181.79
1219
1219
1200.4
1192.44
1047
1063
1101
1063
1073.86
1109
1102
1101
1024
1078
1086
1082.26
1016
1062
1047
1047.91
1047.48
1086
1094
1140
1102
1148
1047
1094
1125
1172
1141.34
1156
1164
1102
1078
1031
1016
1117
1109.22
1102.07
1078
1087.06
1000
961
992
1007.28
969
979.794
993.954
1039
1078
1031
1047
1094
1117
1031
1032.81
1078
1047
1047
1031
1016
1031
1035.38
1026.62
1019.85
1031
1070
1063
1117
1117
1133
1117
1102.52
1156
1133
1125
1114.29
1164
1152.47
1136.95
1071
1054
1059.17
1031
1047
1000
961
1000
1005.93
1010.84
1078
1087.2
1078
1086
1089.58
1084.73
1094
1086
1125
1120.82
1133
1127.08
1123.11
1141
1135.9
1131.28
1125
1164
1133
1117
1047
1039
1040.66
1041.55
1044.12
1008
1017.18
992
994.489
961
961
969
968.689
1023
1032.51
1149
1109
1047
1031
1016
953
914
891
906
906
912.243
917.773
976
1016
1039
1047
1055
992
1031
1034.46
1022.6
1055
1055.22
1063
1078
1078
1067.58
1078
1039
1040.56
1062
1047
1086
1094
1070
1071.23
1008
1017.62
992
985
945
952.038
1008
1047
1086
1094
1078
1073.27
1055
1043.39
1125
1141
1140
1122.72
1196
1191.16
1141
1133.67
1141
1148
1133
1133
1134.64
1132.84
1126.28
1086
969
984
938
938.515
914
917.022
914
914
875
884.769
852
867
868.408
870.866
883
875
882.431
886.915
867
844
861.021
852
859
852
862.906
844
872.692
872.68
876.084
880.464
836
836
805
828
836
837.31
875
906
922
906
903.174
883
914
908.559
937
926.525
918.75
976
969
1000
992
961
953
969
977
967.528
969
1000
996.992
992.228
988.759
930
953
961
992
961
955.063
1000
1000
1039
1039
1020.73
1070
1055
1039
1030.42
1039
1034.9
1047
1000
1102
1125
1092.34
1195
1180
1156
1145.6
1055
1047
1039
1015
977
984
988.716
991.09
1016
1021.5
1026.06
992
1023
1071
1101
1094
1125
1109
1102
1097.97
1039
1038.77
1016
1031
1033.46
1070
1125
1094
1031
1034.35
1039
1024
1039
1042.73
1031
1047
1078
1086
1133
1123.84
1133
1121.61
1172
1157.83
1078
1024
984
1016
1023
1031
1037.69
1047.64
1109
1119.48
1086
1082.9
1087.75
1039
992
1008
1023
1039
1036.2
1102
1117
1086
1094
1103.61
1088.81
1068.62
1023
1023.53
1102
1125
1101
1016
1062
1008
1078
1055
1055
1062
1039
1047
1070
1067.2
1016
1026.13
1032.61
1031
1000
1005.27
1012.16
1019.37
1164
1119.24
1195
1149
1195
1156
1133
1086
1125
1114.89
1195
1155.02
1211
1195
1186.39
1109
1031
1024
1023
1027.37
1047
1057.37
1023
1033.49
1016
1039
1047
1078
1080.26
1070
1086
1094
1096.11
1095.63
1180
1173.99
1159.59
1094
1000
1003.97
1004.51
1015.48
1055
1039
1039
1008
1013.01
984
986.258
1031
1008
1031
984
977
992
961
961
1008
1070
1071.15
1031
1030.54
1037.07
1008
977
976
1000
977
984
977
1047
1040.28
1029.98
984
969
938
953
958.063
961
969
976.836
1032
1070
1039
1000
994.239
1008
984
1008
1007.44
1047
1041.94
1055
1041.61
992
1008
1031
1016
1006.18
1003.96
1007.72
1006.35
1078
1056.84
1078
1063.44
1031
1029.14
1000
1000
997.312
997.859
1055
1125
1101.49
1141
1125
1117
1125
1086
1086
1078
1039
961
965.248
984
1008
1016
1078
1024
1054
1086
1071
1063.85
1086
1070
985
992
969
1015
1020.36
1023
985
1000
1015
1000
1000
961
971.808
975.235
1047
1041.1
1062
1047
1034.9
1030.32
1031
969
992
994.228
996.761
1078
1086
1117
1063
1054.51
1049.16
1070
1058.69
1047
1070
1063
1101
1087.62
1076.42
1023
1055
1050.53
1148
1141
1115.49
1102.45
1096.69
1092.27
1172
1142.41
1117.63
1098.05
1133
1125
1133
1078
1075.74
1081.53
1063
1066.49
1063.66
1024
1054
969
1031
1028.23
1028.43
1025.55
1026.81
1030.64
1008
1000
1008
1007.99
1000
1008
1007.02
1009.36
1012.38
1014.32
1031
1027.93
1030.71
1047
1043.97
1008
1024
1022.41
1019.64
1008
1008
992
995.522
1016
1016
1012.4
1062
1054.73
1015
1024
1031
1039
1031
1000
1000
1047
1094
1125
1086
1073.25
1070.03
1125
1086
1086
1078
1074.22
1070
1067.72
1078
1063
1058
1094
1133
1070
1016
1054
1055
1125
1101.46
1164
1195
1164
1156
1149
1148
1172
1141
1156
1109
1110
1086
1054
1094
1094.13
1133
1117
1133
1109
1102
1156
1117
1133
1127.35
1117
1117.77
1133
1172
1109
1125
1094
1103.57
1039
1060.49
1063.62
1000
977
984
986.501
984
961
969
969
976
977
979.094
1016
1039
1000
1008.33
1047
1050.92
1078
1086
1086
1101
1063
1117
1117
1125
1211
1094
1101
1071
1109
1094
1109
1125
1086
1094
1109
1086
1117
1055
1008
1062
1071
1140
1125
1118.71
1117
1114.35
1148
1133
1180
1156
1172
1211
1193.49
1180
1179.45
1148
1151.33
1211
1258
1228.46
1206.51
1196.96
1187
1186
1211
1202.2
1117
1130.32
1141
1143.94
1145.82
1125
1133
1137.61
1148
1078
1016
1020.46
1086
1125
1125
1086
1125
1117
1125
1156
1110
1148
1156
1156.76
1138.68
1164
1169.42
1163.72
1133
1164
1166.53
1155.45
1117
1047
1047
1101
1114.28
1148
1141.07
1172
1164
1149.25
1164
1195
1177.09
1164
1172
1170.04
1149
1146.73
1148
1133
1078
1087.21
1024
1024.92
1024.51
1000
1016
1086
1109
1133
1133
1125
1133
1125
1140
1180
1174.73
1133
1164
1166.7
1156.85
1141
1156
1156
1063
1070
1039
1047
1048.95
1054.39
1000
1000
1004.21
1005.37
946
953
961
984
1000
1006.42
1039
1055
1031
1036.84
977
1015
1016
1055
1054.18
1094
1133
1118.96
1148
1172
1172
1180
1187
1164
1149
1140
1125
1149
1148
1144.16
1142.24
1140
1125
1102
1070
1008
1055
1109
1141
1156
1133
1132.23
1141
1125
1140
1094
1156
1141
1148
1144.29
1117
1102
1104.56
1125
1133
1156
1151.94
1148.63
1141
1164
1156
1149
1164
1156
1151.12
1148
1141
1187
1141
1133
1117
1122.94
1094
1109
1055
1071.87
1072.87
1109
1107.89
1156
1086
1133
1125
1126.28
1133
1125
1156
1164
1125
1055
1031
1078
1094
1125
1141
1156
1187
1178.31
1179
1171.27
1156
1149
1148
1156
1180
1172
1180
1174.42
1188
1203
1195
1188
1195
1156
1172
1172
1172
1195
1164
1167.13
1166.39
1163.8
1162.61
1188
1187
1183.83
1148
1156.27
1158.6
1159.82
1055
1086
1110.65
1094
1099.39
1108.61
1110.82
1141
1140.26
1143.05
1146.23
1148.43
1125
1133.19
1133
1130.3
1101
1109.78
1109
1110.69
1125
1125
1133
1148
1144.48
1078
1098.91
1102.24
1086
1095.16
1125
1133
1187
1133
1172
1172
1172
1160.7
1133
1156
1172
1148
1144.27
1149
1148
1156
1147.15
1141
1156
1133
1172
1164
1164
1172
1125
1117
1086
1125
1141
1125
1156
1133
1156
1153.01
1101
1078
1016
1055
1062
1117
1136.2
1094
1117
1094
1094.96
1133
1133
1129.35
1117
1148
1125
1110
1125
1125
1115.49
1133
1128.62
1123.31
1148
1117
1121.43
1149
1135.4
1156
1141
1140
1138.49
1134.31
1133
1125
1117
1102
1117
1115.38
1117.14
1119.51
1148
1142.6
1094
1106.65
1109.94
1107.63
1117
1109
1110
1117
1114.78
1114.33
1133
1129.71
1133
1070
1008
1000
992
1008
1016
1078
1070
1080.6
1039
1008
1015
1016
1022.18
1078
1078
1079.71
1008
1047
1078
1077.76
1047
1043.91
1052.46
1031
1028.59
1000
992
969
976
1008
1008
1031
1038.25
1015
1016.65
1031
1008
1039
1039
1055
1086
1078.76
1039
1000
1031
1078
1072.45
1062.23
1101
1098.96
1109
1094
1109
1039
977
976
946
984
997.662
1000
1039
1053.53
1053.41
1031
1034.23
1037.75
1034.04
1026.48
1000
976
977.318
929
891
892.103
883
885.336
888.164
851
813
815.795
815.28
817.374
813
815.536
860
871.791
883.203
867
872.157
953
969
968.276
985
976
953
961
930
930
928.335
930
961
961
953
961
962.084
945
945
943.483
891
867
867.981
868.974
821
820
820.947
820.393
805
820
828
833.637
844
851.662
861.083
867
874.179
914
945
945.046
976
938
939.07
953
930
914
922
945
961
953.868
961
1000
1031
1055
1062
1047
1039
977
1000
984
1000
992
1008
1007.94
1002.5
1047
1008
1008.59
1039
1039
1027.55
1039
1070
1071
1058.67
1047
1016
1017.92
1014.54
961
938
953
958.183
1008
1018.41
1023
1025.3
1000
1003.17
992
992
988.982
987.801
969
1023
1063
1023
1039
1055
1000
1008
992
985.769
976
961
977
977.493
980.92
1031
1024
1047
1039
1125
1133
1101
1063
1062
1008
1006.21
977
1015
977
1086
1109
1095.19
1047
1047
1000
992
953
945
922
922.512
922.819
1008
1015
1008
1086
1088.56
1079.89
1055
1117
1112.36
1070
1055
1070
1065.9
1053.68
1047
1031
1030.52
977
1062
1086
1125
1133
1117
1107.68
1086
1086
1080.36
1070
1039
1000
1039
1078
1133
1180
1164
1164
1148
1149
1136.33
1109
1024
1062
1055
1117
1125
1120.53
1115.12
1133
1156
1147.96
1086
1070
1073.55
1008
1055
1039
1023
992
969
961
961
992
1000
1039
1055
1070
1074.84
1156
1133
1078
1047
1050.87
1086
1101
1094.44
1086
1083.37
1083.79
1086
1094
1055
1070
1073.25
1073.94
1023
1008
1008
1016
1019.91
1018.78
1086
1039
1008
1031
1042.39
1117
1133
1113.37
1156
1180
1164
1145.24
1164
1164.06
1148.35
1133
1164
1162.81
1047
1070
1094
1133
1115.93
1125
1156
1149
1172
1156
1148.35
1144.98
1138.45
1128.11
1120.99
1078
1117
1123.82
1125
1125
1133
1156
1133
1156
1164
1117
1149
1133
1148
1117
1055
1109
1102
1117
1078
1097.4
1093
1110
1109
1063
1083.06
1086.77
1047
1060.08
1064.26
1070
1065.46
1070
1047
1047
1016
1025.61
1000
1070
1125
1115.66
1106.78
1063
992
976
946
946.591
914
919.136
883
906
906
912.323
918.186
923.036
860
859
852
851
852.072
853.691
891
898.595
904.547
1094
1084.64
1065.73
984
969
969.098
961
961
953
950.192
1047
1031.43
1006.22
1133
1133
1117
1101
1071
1062
1055.92
1094
1083.26
1068.8
1125
1114.97
1094.36
1141
1140
1102
1098.23
1104.24
1095.66
1117
1094
1125
1109
1117
1133
1102
1125
1109
1104.66
1104.91
1078
1086
1117
1102
1117
1117
1094
1148
1102
1117
1116.31
1086
1094
1109
1086
1117
1105.49
1117
1109.64
1101
1016
1117
1095.72
1156
1133
1126.54
1156
1133
1128.66
1133
1117
1125
1102
1140
1124.82
1133
1156
1148
1143.22
1143.25
1117
1127.93
1125
1125
1125
1122.67
1094
1094
1086
1101
1086
1086
1008
1008
1047
1070
1125
1131.61
1109
1110
1109
1101.73
1109
1125
1124.84
1125
1122.9
1119.61
1125
1141
1133
1127.95
1172
1156
1195
1141
1144.12
1144.93
1063
1070
1086
1094
1095.17
1125
1094
1086
1093.06
1039
1039
1008
992
961
953
969
1000
1008
976
969
979.32
1023
1032.89
1038.12
1043.19
1164
1172
1164
1156
1149
1141.32
1129.83
1109
1125
1117
1102
1125
1109
1102
1097.6
1109
1133
1094
1093
1016
1038.59
1041.06
1042.22
1094
1094.63
1110
1101
1110
1125
1109
1133
1117
1133
1148
1133
1141
1136.99
1132.7
1070
1008
1008
1007.35
1010.55
1055
1008
1031
1008
1039
1008
1015.78
1016.69
1031
1028.6
1109
1125
1102
1103.35
1117
1110
1140
1133
1133
1132.93
1131.5
1101
1086
1086.71
1117
1110.51
1117
1111.91
1110.15
1109
1108.67
1086
1086
1109
1105.06
1078
1008
1025.22
1062
1094
1109
1110
1078
1083.21
1078
1074.4
1125
1128.31
1140
1128.01
1164
1158.36
1133
1129.51
1127.92
1156
1144.73
1141
1164
1133
1164
1159.08
1164
1180
1169.39
1164
1162.52
1159.03
1133
1195
1141
1133
1156
1156
1094
1134.34
1130.17
1039
992
998.226
953
937
938
939.715
984
1016
1047
1069.28
1133
1117
1133
1101
1125
1133
1094
1078
1082.25
1023
977
980.894
1055
1109
1125
1094
1093.1
1094.48
1085.24
1072.02
1117
1118.37
1102
1094.35
1117
1102
1117
1117
1109.11
1117
1117
1109.09
1125
1117
1117
1125
1078
1083.93
1102
1096.24
1094
1109
1105.09
1101.04
1107.83
1133
1120.6
1125
1141
1109
1114.15
1133
1117
1164
1110
1114.19
1039
1066.3
1068.93
1066.54
1086
1089.28
1110
1109
1133
1117
1125
1141
1101
1111.78
1109
1094
1133
1117
1117
1118.69
1114.65
1133
1125
1102
1117
1125
1117
1125
1141
1148
1140.77
1141
1164
1125
1129.57
1125
1133
1148
1149
1125
1129.84
1117
1118.18
1125
1117
1133
1125
1148
1086
1108.15
1031
1039
1041.62
992
1013.36
1014.82
914
883
875
914
922
953
1031
1048.87
1086
1088.04
1110
1148
1125
1125
1126.24
1117
1141
1117
1116.38
1125
1125
1125
1109
1110
1117
1114.38
1102
1086
1109
1055
1062.49
1063.77
1086
1086
1083.36
1063
1069.53
1063
1047
1062
1047
1086
1078
1086
1109
1063
1086
1085.57
1084.35
1086
1047
1109
1110
1117
1133
1124.06
1119.03
1102
1086
1109
1094
1092.97
1109
1102.1
1100.31
1086
1092.2
1102
1095.51
1092.95
977
984
1008
1010.4
1015.48
906
974.854
883
867
906
922
924.453
976
1000
1009.01
1070
1086
1084.73
1078
1078
1086
1084.73
1094
1078
1094
1070
1000
969
1031
1031.12
1063
1086
1086
1156
1143.46
1148
1156
1141
1132.18
1156
1142.56
1131.69
1127
1125
1125
1140
1149
1140
1164
1149
1125
1117
1109
1125
1125
1120.59
1117
1094
1098.19
1096.76
1141
1156
1151.52
1031
1047
1086
1148
1156
1149
1187
1183.32
1156
1133
1187
1133
1031
1038.02
946
951.834
922
924.865
929.043
844
844
828
820
823.45
797
789
794.292
758
765
766
758
758
764.263
789
781
805
789
803.693
914
916.67
917.514
916.849
968
971.623
914
906
911.811
909.23
875
852
855.643
836
820
821
812
797
789
789
797
797.872
799.665
844
847.818
867
866.945
898
898.327
906
905.653
875
836
828
820
836
820
844
891
914
945
953
942.651
931.049
920.063
908.532
930
927.371
922
961
984
969.369
922
938
953
992
974.677
1039
1033.57
1013.21
1047
1070
1055
1109
1094
1080.51
1074.61
1070.6
1195
1151.57
1195
1180
1180
1148
1180
1179.16
1169.43
1125
1070
1086
1172
1203
1168.61
1195
1187.87
1180.84
1117
1133
1134.54
1127.31
1187
1149
1172
1173.47
1109
1120.22
1023
1055
1109
1094
1078
1047
1060.98
1047
1086
1101
1102
1094
1097.22
1099.04
1086
1086
1148
1133
1039
1164
1136.24
1242
1242
1172
1170.73
1141
1180
1164
1148
1144.35
1145.63
1147.59
1102
1039
1086
1125
1119.05
1106.25
1125
1180
1141
1127.72
1149
1164
1133
1070
1078
1008
1008
1015
1021.4
1024.05
945
965.155
922
924.111
891
875
906
883
889.923
895.687
859
871.364
859
864.062
866.367
890
891
875
885.287
889.711
893.331
883
891
922
937
938.157
953
961
960.172
914
914
922
914
945
939.757
934.871
930
926.166
922.61
938
953
953
914
930
945
1000
980.692
1031
1008
1008
1023
1007.88
961
1000
1031
1012.39
998.249
1039
1039
1047
1039
992
969
984
977
992
989.02
988.405
977
984
930
961
957.649
954.834
1047
1039
1030.73
1030.07
1086
1074.14
1031
1030.56
953
961
953
953.983
969
992
922
942.329
1016
1008.01
1047
1036.83
1008
1023
1019.25
1000
984
983.376
977.851
971.713
953
969
961
962.154
922
935.867
930
969
976
973.367
906
923.299
928
931.812
929.598
867
867
883
895.243
1055
1034.54
1078
1125
1100.71
1156
1133
1116.39
1078
1094
1094.74
1078
1076.74
1149
1144.8
1125
1055
1086
1093.02
1188
1160.51
1211
1164
1164
1164
1159.36
1164
1195
1180.78
1170.53
1188
1179
1166.64
1162.39
1141
1203
1203
1242
1211
1227
1195
1164
1165.64
1172
1156
1157.62
1164
1156
1172
1180
1195
1141
1155.45
1211
1195
1185.84
1156
1164
1148
1125
1102
1078
1047
1039
1055
1067.1
1133
1164
1148
1110
1101
1094
1055
1055.92
1117
1078
1117
1133
1156
1149.34
1144.3
1094
1109
1094
1086
1086
1117
1119.6
1113.58
1086
1039
1117
1094
1156
1133
1126.03
1127.98
1122.69
1148
1110
1125
1109
1125
1116.68
1125
1125
1121.59
1141
1133
1129.95
1128.41
1126.93
1125.88
1164
1125
1172
1164
1157.9
1156
1164
1172
1195
1149
1158.14
1158.23
1172
1172
1166.58
1203
1203
1156
1164.39
1117
1127.35
1164
1172
1187
1157
1140
1094
1086
1125
1117
1086
1047
1039
1044.64
1094
1156
1133
1133
1130.1
1125
1156
1125
1141
1164
1161.85
1172
1172
1164.88
1158.9
1172
1167.56
1148
1145.58
1172
1172
1195
1164
1156
1055
1125
1119.62
1172
1156
1164
1149
1109
1141
1141.6
1140
1164
1141
1164
1133
1143.11
1164
1141
1148
1141
1125
1164
1151.4
1148
1149
1148
1149
1146.33
1148
1164
1141
1156
1063
1104.2
1000
1036.63
1038.26
1016
992
1008
1010.04
992
977
961
984
961
961
977
1023
1008
1013.62
1023
1086
1082.07
1081.36
1078
1070
1071.55
1094
1078
1109
1086
1071
1101
1047
1070
1055
1078
1063
1054
1055
1055.27
1053.24
1125
1180
1143.61
1123.53
1115.61
1078
1086
1086
1070
1109
1100.88
1133
1125
1164
1125
1156
1146.46
1125
1126.84
1121.55
1086
1117
1133
1117
1141
1148
1125
1149
1140.18
1156
1148.25
1133
1133
1133
1101
1133
1102
1125
1156
1143.85
1141
1164
1155.01
1156
1125
1086
1070
1047
1048.55
1055
1070
1133
1155.61
1125
1133.96
1134.47
1094
1086
1117
1086
1086
1094
1092.81
1091.49
1094
1094
1109
1078
1063
1067.35
1015
1032
1033.51
1086
1062
1047
1055.3
1047
1039
1039
1041.19
1041.99
1078
1055
1070
1072.45
1070.34
1078
1075.7
1070
1055
1058.45
1056.32
1039
1044.32
1039
1063
1070
1063.16
1063
1039
1023
1047
1055
1055
1101
1094
1117
1133
1148
1141
1133.58
1156
1125
1148
1133
1125
1125.5
1125
1148
1141.12
1137.47
1138.05
1093
1102
1098.5
1094.72
1094.98
1094
1095.36
1156
1148
1141
1140.95
1137.45
1164
1156.96
1172
1140
1133
1141
1139.84
1164
1141
1137.85
1156
1133
1135.56
1135.71
1172
1141
1156
1152.84
1156
1172
1164.44
1161.3
1110
1101
1133
1125
1133
1133
1125
1140
1141
1133
1148
1143.99
1117
1110
1148
1133
1117
1126.63
1094
1103.78
1164
1149.38
1141
1164
1125
1141
1140.52
1125
1133
1117
1148
1125
1128.6
1156
1141.72
1164
1156
1164
1149
1148
1149
1156
1148.4
1146.85
1148
1145.28
1156
1149
1086
1039
1054.09
1061.16
1078
1086.78
1094
1055
1069.99
1086
1087.83
1086
1086
1086
1088.44
1089.16
1089.18
1125
1094
1097.3
1078
1047
1039
1039
1078
1087.21
1088.43
1086
1055
984
891
867
866.729
906
898
946
997.467
1040.45
1053.14
1000
977
984
984
946
945
951.081
961
976
1000
992
991.063
990.779
1062
1094
1094
1063.2
1047
1047
1048.48
1039
1047
1037.26
1086
1081.75
1069.95
1086
1094
1085.87
1016
984
1055
1063.04
1055
1039
1047
1054.03
1031
1039
1043.43
1040.37
1030.99
1031
1063
1086
1148
1125
1149
1137.82
1180
1161.02
1180
1211
1195.62
1219
1234
1227
1203
1204.04
1180
1178.65
1172
1171.89
1173
1172
1172
1133
1144.05
1086
1117
1094
1109
1086
1086
1133
1101
1109.74
1113.88
1125
1164
1078
1107.48
1039
1086
1094
1125
1140
1142.02
1125
1086
1008
1017.53
1019.72
1102
1117
1164
1163.09
1150.77
1086
1086
1078
1125
1133
1164
1211
1201.4
1219
1203.72
1203
1211
1195
1180
1117
1102
1100.73
1094
1095.24
1094
1133
1109
1111.5
1102
1156
1125
1124.89
1164
1158.55
1180
1156
1156
1071
1078
1078.31
1117
1086
1095.89
1104.93
1180
1172.32
1180
1180
1172
1156
1164
1157.9
1148.59
1140
1133.97
1109
1016
1062
1032
1031
1035.43
1016
1022.8
1031
1032.31
1047
1031
1109
1094
1094.89
1164
1125
1172
1141
1164
1159.43
1164
1196
1187.21
1180
1140
1133
1141
1137.13
1164
1156
1141
1148
1110
1125
1148
1141
1117
1094
1086
1054
1016
1039
1016
984
984
985
985.928
987.799
989.589
992
977
992
1000
1001.15
1004.31
1006.82
961
1000
999.098
1055
1133
1127.52
1203
1156
1172
1141
1117
1125
1122.65
1110
1106.38
1106.64
1106.67
1105
1140
1141
1133
1148
1133
1130.39
1133
1129.3
1126.23
1031
1078.05
1072.55
1070
1078
1086
1086.07
1089.76
1055
1070.46
1094
1047
1039
1046.22
1039
1039
1023
1030.06
992
1004.71
1005.96
984
992
977
953
969
984
981.836
922
922
926.551
927.276
883
903.488
922
906
916.736
898
875
860
851
828
833.466
805
805
805.693
805
828
828
875
922
953
953
953.119
953.942
950.293
1015
1047
1031
1015.52
1008.43
1010.39
1012.19
1078
1069.29
1102
1125
1117
1112.89
1125
1094
1093
1086
1084.47
1083.65
1125
1133
1141
1125
1119.43
1119.17
1164
1164
1152.24
1125
1120.54
1156
1187
1141
1195
1185.91
1176.07
1164
1180
1125
1117
1023
1102
1148
1142.73
1164
1141
1164
1133
1156
1141
1139.72
1138.78
1133
1195
1180
1173.27
1211
1219
1219
1187
1194.23
1180
1203
1242
1188
1191
1203
1197.53
1191.65
1117
1139.3
1125
1126.36
1127.9
1172
1211
1156
1172
1180
1177.05
1167.24
1078
1094.58
1039
1094
1125
1128.16
1117
1164
1168.16
1164
1164
1168.18
1133
1140
1125
1024
1117
1115.28
1164
1141
1148
1117
1141
1138.68
1109
1121.83
1094
1097.56
1099.06
1094
1133
1148
1125
1141
1117
1172
1125
1125
1164
1117
1164
1156
1141
1142.11
1133
1131.88
1140
1110
1117
1118.92
1188
1148
1195
1180
1164
1203
1133
1102
1039
1039
1041.82
1039
1000
1031
1055
1062.6
1094
1109
1114.39
1062
1055
1109
1086
1085.48
1125
1094
1094
1102.44
1098.64
1078
1084.28
1070
1067.6
1078
1063
1054
1055
1078
1071.17
1078
1109
1063
1086
1084.41
1094
1078
1078
1082.4
1077.61
1063
1070
1008
961
965.172
985
1039
1031
1045.05
1058.16
1070
1066.91
1070
1070.56
1039
1047
1070
1065.81
1059.06
1031
977
1031
1070
1125
1094
1133
1127.69
1107.19
1117
1125
1110
1078
1031
1047
1045.39
1042.04
1086
1109
1117
1094
1125
1117
1094
1117
1086
1086
1070
1047
1086
1081.68
1086
1086
1047
1086
1081.27
1086
1070
1047
1056.47
1063
1078
1039
1078
1073.91
1047
1055
1023
1039
1041.46
1070
1086
1070
1063
1069.67
1075.06
1102
1101
1090.79
1125
1120.61
1113.55
1047
1078
1094
1125
1086
1133
1109
1125
1125
1094
1098.33
1103.22
1094
1140
1094
1141
1156
1109
1110
1113.85
1108.78
1125
1140
1130.03
1109
1125
1102
1117
1112.57
1093
1055
1066.2
1008
1008
1031
1000
992
961
969
969
970.727
973.543
975.867
1008
1011.46
1047
1078
1055
1008
1070
961
945
930
914
883
889.041
889.986
892.698
852
859
844
867
866.696
867
852
859
852
859
858.838
852
855.161
828
845.272
844.981
836
859
856.545
898
891
898
895.486
894.89
930
922
922
914
914
914.304
906
883
883
875
867
867.385
852
867
844
851.272
850.32
883
852
906
875
878.134
879.785
914
891
893.586
969
1023
1016
1000
984
1016
1014.11
1004.38
906
875
852
859
864.604
867
906
921.71
969
969.572
1031
1039
1063
1031
1039
1039
1024.84
1054
1024
1078
1039
1033.03
1078
1047
1045.16
1078
1094
1082.28
1078
1078.88
1086
1083.11
1078
1133
1156
1131.76
1188
1211
1211
1156
1117
1078
1094
899
898
947.052
875
875
922
976
1016
1039
1008
969
978.652
914
906
910.706
852
851
844
828
875
875
930
922
925.633
891
906
914
912.962
914
953
922
961
961
984
971.431
984
981.168
978.296
914
930
937
899
906
906
969
954.387
961
955.364
930
914
915.083
906
883
852
856.008
836
805
820
797
797
812
815.03
836
828
828
867
875
906
899
901.075
906.242
937
891
894.922
875
891
906
945
938.544
1031
1047
1027.94
1039
1000
992
961
945
942.945
922
922
914
914.922
875
884.208
883.008
891
898
883
875
875
883
875
906
883
891
906
867
867
875
852
864.204
865.779
891
890.731
953
961
992
980.069
1039
1028.54
1014.6
945
977
976.862
946
951
954.136
949.901
953
961
961
953
938
942.717
942.512
940.103
939.136
939.341
939.4
961
955.333
937
891
898
883
891
945
954.152
956.152
992
969
1008
1005.42
992.722
985.985
992
984.429
976.734
1047
1062
1039
1055
1039
1047
1047
1038.31
1078
1094
1117
1102
1109
1094
1101
1094
1086
1008
1031
1000
1000
969
973.755
1008
1013.64
976
953
938
961
984
977
1000
984
991.099
995.457
1008
1039
1016
1039
1039
1031
1029.23
1008
1055
1062
1050.65
1040.95
1038.63
1086
1094
1109
1086
1133
1117
1070
1063
1101
1024
1034.92
1039.42
1035.08
906
883
937
922
953
969
982.433
1016
1020.82
1047
1031
1047
1048.21
1042.71
1041.49
1040.51
1031
1030.13
1000
1008
1023
1000
977
953
958.162
922
928.686
953
949.892
1000
1015
1047
1008
1014.7
1011.58
1003.2
1047
1040.97
1037.39
992
999.605
969
953
922
923.763
945
953
945
907
906
907.673
914
917.638
906
891
890
883
883.446
852
857.318
856.837
906
922
945
938
945
930
937
937.132
933.577
929.069
938
939.454
935.989
961
961.363
953
953
961
953
938
929
899
906
902.613
859
852
859
852
856.794
883
914
922.539
928.272
891
906
883
890
888.492
875
860
863.391
864.597
867.661
871.636
937
945.079
969
914
908.618
903.111
992
985
968
969
961
951.829
945.966
938
953
914
922
930
931.509
926.193
922
953
953.97
946.561
992
984
961
946
945
953
961
949.648
937
907
945
922
924.866
926.899
914
920.103
914
875
860
867
867
867
860
865.334
868.023
867
867
869.486
844
867
844
875
891
898
961
922
992
977
984
1000
922
953
947.93
1000
1031
1047
1047
1008
992
993.379
961
945
946.2
968
964.454
977
992
989.443
1031
1020.85
1012.26
1070
1055
1047
1070
1054.89
1047
1039
1039
1008
1031
1016
1008
1015
985
1015
985
991.146
1031
1039
1032
1015
1024
1031
1023.81
1031
1016
1020.09
1020.79
1031
1024.9
992
938
961
984
1016
1015.99
1078
1055
1078
1039
1031
1029.65
1023.97
1016.05
1009.3
883
920.291
956.396
867
908.134
917.993
875
867
883
906
899
906
898
860
859
875
898
899
900.378
914
917.499
922
906
899
890
860
867
867
868.455
860
867
867
867
865.692
891
898.655
914
908.599
969
965.135
950.463
969
963.25
949.171
942.346
937.24
930.422
925.779
867
875
875
883
867
877.152
890
891
906
891
922
906
922
937
930
930
945
914
961
922
953
944.026
940.283
968
938
943.665
1000
975.345
992
981.737
979.67
978.419
992
984
969
984
1000
1008
1008
1016
1023
1000
1004.91
969
930
937
899
914
898
922
883
945
922
961
953
945
961
930
914
922
919.241
883
836
937
919.201
918.644
945
930
934.503
906
914.469
875
844
836
836
867
875.964
914
906
909.061
913.712
914
909.382
906.572
906
891
891
875
869.822
844
842.724
839.627
852
867
883
892.098
922
927.948
953
949.308
945
936.599
930
920.215
945
961
977
968.851
961.737
958.475
953.348
899
906
904.464
945
969
984
992
983.574
969
1000
1008
1031
1039
1047
1039
1028.91
1039
1008
1039
1034.03
1025.69
1093
1086
1063
1070
1047
1042.84
1039.91
1047
1041.78
1037.87
1055
1050.48
1046.03
1043.44
1031
969
976
977.787
945
930
953
953
961
971.092
946
906
914
914
914.774
917.073
930
953
969
953
891
890
883
875
876.867
867
871.54
930
922
924.057
937
942.849
945
938.571
933.251
984
961
930
931.935
891
906
953
977
964.32
952.299
1031
1016
995.862
1008
992
981.859
977
969
953
875
906
922
928.459
1000
992
930
937.395
969
953
906
930
943.303
935.612
925.402
936.316
943.553
945
935.937
942.112
946.3
906
914.507
922.495
867
878.937
859
844
844.779
852
867
867
874.368
884.019
888.68
945
945
946
942.533
891
914
875
883
906
953
945.698
946
939.548
930
906
898.897
883
875
874.675
875.787
877.912
789
823.667
820.348
844
820
829.728
820
820
782
789
788.652
787.851
774
773
781
766
773
758
742
751.41
735
742
742
742
750
758
758
758
765
766
768.099
750
750
742
742
735
737.102
738.187
727
734
711
719
717.836
711
719
734
719
742
719
734
727
742
736.355
742
735
765
758
758
781
775.835
812
766
797
789.741
797
797
805
800.996
801.717
802.274
898
930
969
941.053
924.507
1016
1023
1000.81
1016
1016
1023
1039
1031
1047
1047
1063
1109
1086
1094
1054
1053.85
1031
1039
1038.89
1086
1047
1039
1008
1031
1039
1078
1094
1087.2
1076.75
1125
1070
1094
1088.77
1081.51
1075.76
1072.7
1068.95
1180
1135.19
1211
1195
1203
1180
1175.55
1211
1211
1194.48
1188.58
1211
1164
1172
1172
1164.14
1211
1187
1188
1189.15
1180
1164
1156
1164
1164
1172
1167.49
1164
1172
1156
1164
1172
1168.97
1180
1177.38
1177.04
1177.52
1172
1173.72
1101
1146.31
1110
1156
1141
1142.5
1055
1111.9
1105.31
1103.79
1000
1016
1047
1070
1078
1086
1092.69
1078
1091.61
1078
1078
1081.09
1070
1086
1086
1085.9
1087.81
1055
1086
1062
1065.23
1031
1008
1014.43
1016.15
985
994.669
997.087
1000
969
976
992
937
958.387
960.247
1016
1016
984
984
961
938
937
922
883
875
859
859.811
860.765
863.664
867.727
872.156
876.406
898
899
898
902.57
914
945
930
914
922
914
891
906
904.847
875
881.995
844
859
844
828
831.743
805
820
813
815.104
817.19
797
797
781
797
789
792.566
781
766
773
758
766
773
766
789
789
805
812
797
828
805
828
828
813
828
828
823.149
883
898
852
850.979
853.701
852.252
821
826.615
867
867
856.683
883
898
914
914
922
922
930
937
914
930
937
930
945
922
914
883
882.758
860
867
844
846.668
859
875
879.619
898
901.786
961
945
891
906
867
867
866.845
868.213
828
820
821.854
836
852
861.526
867
906
875
891
875
868.302
851
836
836.227
836
844
848.479
922
906
922
915.882
937
930
976
969
961
992
977
992
1008
999.033
1008
1007.66
1023
1031
985
992.735
953
958.421
958.518
992
984.619
1000
997.588
969
984
977
974.511
973.76
961
969
965.662
984
979.982
981.322
984
983.986
983.83
992
992
1008
1031
1016
1047
1078
1068.64
1060.37
1000
1003.86
969
1023
1017
961
978.241
961
969
984
982.568
984.941
1008
1008.89
1008.22
1031
1031
1008
969
976
961
962.529
953
956.761
959.657
977
1000
1007.37
1000
999.954
994.688
1008
1003.99
1055
1046.2
1094
1081.16
1086
1086
1109
1100.07
1093.2
1086
1078
1078
1076.4
1094
1086
1078
1039
1047.28
1047
1043.11
1016
1031
1028.75
1028.98
1030.4
1070
1063
1070
1078
1075.11
1072.87
1102
1098.99
1141
1086
1090.11
1093.23
1090.11
977
976
977
976
969
969
992
998.916
976
977
961
984
938
976
969
961
969
992
953
945
969
961
969
969.622
977
969
992
984
969
961
953
958.416
960.076
958.546
914
934.12
922
961
969
976
1000
994.73
1047
1039
1078
1039
1039
1047
1039.03
1033.04
1039
1036.61
1071
1070
1039
1043.27
1055
1049.88
1055
1049.37
1031
1000
1000
969
973.225
970.815
971.158
1000
1000
1000
1000
977
1000
992
1008
1023
1047
1047
1047.74
1047
1047
1044.61
1039
1039
1035.97
1000
1000
1031
1026.9
1039
1034.54
969
1031
1039
1031.03
1062
1032
1070
1039
1031
1034.12
1030.61
1039
1033.77
1008
1024.93
1008
1023
977
977
992
992
977
982.646
969
992
992
1008
1016
1000
1015
969
982.774
984.264
946
976
969
961
969
984
969
953
922
914
945
946.507
937
930
936.749
953
949.18
953
930
945
953
922
891
875
877.424
852
856.686
813
828
797
812
813
820
826.098
832.849
840.311
813
812
814.809
797
802.918
804
805
808.883
828
832.015
836
859
844
844
846.868
828
844
828
828.157
828
797
812
797
796.995
781
784.697
758
766.979
758
773
758
766.514
764.683
789
781.213
789
789
782
804
797.304
799.376
781
788.834
781
805
795.789
812
891
828
828
922
836
836
835.832
831.36
789
802.06
789
781
766
766
773
758
773
777.906
780.99
765
772.899
789
789
797
836
820
815.474
820
820
805
820
805
802.634
820
820
813
836
832.146
883
875
891
898
906
898.58
914
891
891.783
906
891
906
922
914.888
938
945
992
938
940.462
944.788
953
930
932.139
922
922
920.088
916.848
922
945
939.996
945
930
906
911.547
860
867
867.984
875
875
875
875
878.191
883
898
902.918
914
914
917.159
919.877
914
938
922
921.952
921.557
918.7
916.28
922
969
992
1031
1047
1086
1086
1094
1088.08
1086
1079.25
1071.07
1117
1071
1109
1078
1047
1078
1078.7
1070
1031
1036.14
1041.37
1039.63
985
996.242
976
977.188
978.186
984
977
984
1008
1000
969
922
937
939.13
942.598
992
1008
1031
1033.39
1031
1016
1008
1031
1000
1039
1008
1047
1031
1028.12
1031
1032
1031
1027.12
1031
1027.24
1031
1008
1016
1015
1008
992
969
953
930
953
953
930
945
914
925.149
925.47
925.164
930
953
961
953
938
944.636
953
953.148
955.982
958.097
930
984
953
977
969.537
966.717
984
977
984
977.677
1000
989.983
1008
1008
1002.32
1001.61
969
1000
989.838
984.297
984.095
1000
1016
1008
1039
1031
1027.83
1016
1031
1031
1024
1022.54
1020.9
1008
1010.79
992
961
984
984.21
969
961
992
991.812
1000
1031
1000
1055
1045.69
1008
1016
1008
984
930
945
948.382
948.559
954.793
953
992
998.151
992
1008
1000
1008
1023
1013.74
1007
992
989.582
977
975.207
1024
1062
1039
1071
1078
1065.6
1102
1117
1094
1070
1047
1039
1035.94
1000
1000
999.372
1008
1008
1012.11
1063
1062
1039
1016
1039
992
1008
1000
992
1008
1000
1000
992
969
974.277
961
961
962.557
938
946.835
947.133
961
962.674
967.116
953
959.43
961
961
976
961
961
977
973.533
953
953
922
931.071
906
914
922
906
899
914
914
937
930
914
914
916.423
914
930
914
906
883
889.248
906
883
889.321
937
930
925.672
937
922
922.829
914
922
922
918.166
914.729
914
922
930
945
953
961
977
968
946
961
976
961
969
965.423
984
992
969
984
985
976
977
992
961
1000
1000
988.473
992
1008
984
986.059
988.318
961
961
965.399
938
945
922
922
922
921.029
961
945
951.846
906
891
937
934.157
976
946
953
984
969
969.658
972.151
968.963
969
967.938
929
935.743
875
914
922
992
1008
1070
1110
1093
1032
1023
1000
961
961
957.765
953
954.221
945
922
925.103
914
915.649
937
922
928.604
922
953
922
953
949.408
930
914
906
907.5
883
867
852
855.56
854.034
875
875
898
914
922
922
925.602
930
953
930
945
942.905
937.577
936.295
932.867
914
906
922
922
945
941.689
961
992
984.026
1000
993.561
969
1000
977
975.411
977
1008
1015
985
987.755
985
984
979.172
975.767
946
951.169
949.43
953
938
942.6
942.918
945
945
938
945
922
945
914
930
922
914
953
922
969
992
984.413
982.913
983.864
968
946
945
969
984
1000
1000
992
989.645
976
972.294
1031
1018.53
1078
1055
1070
1086
1078
1086
1039
1047
1031
1000
1008
961
965.592
945
930
1101
1094
1125
1117
1107.11
1094
1070
1047
1039
961
984
1000
1013.39
1008
1015.44
1000
1015
1013.14
1016
1015.69
1047
1041.29
1037.74
1055
1047
1031
1031.51
1039
1033.61
1000
1011.59
1012.41
930
929
922
922.331
914
914
906
930
929.642
922
906
899
867
872.413
883
883
887.319
922
945
930
945
952.717
954.52
930
945
914
891
875
875.694
875
867
867
869.868
891
906
910.92
945
922
938
938.512
930.292
924.506
891
898
894.952
892.53
898
875
883
875
875.781
877.887
891
898
901.094
901.8
901.452
844
864.528
852
851.045
859
852
883
867
873.503
883
883
883
867
875
875
873.093
852
862.849
820
821
812
797
805
797
789
793.264
794.542
795.991
797.511
805
805.728
843
821
836
837.389
828
836
828
830.671
820
823.306
812
797
802.144
789
781
783.153
781.97
953
938
894.547
885.498
922
953
961
947.169
953
952.591
930
924.182
945
944.176
936.327
961
984
953
953
969
969
992
961
957.201
960.036
961
984
969
992
1008
998.623
989.515
986.77
1063
1070
1055
1039
1054
1016
1031
1000
1039
1016
1047
1037.28
1024
1031
1039
1039
1030.97
1027.51
1054
1071
1060.1
1039
977
976
1000
969
992
977
1008
1031
1047
1047
1086
1070
1078
1070
1086
1078
1063
1060.61
1047
1041.67
1037.71
1109
1095.5
1087.98
1082.64
1117
1094
1086
1070
1063
1062
1063
1059.41
1047
1062
1016
1008
1023
1000
992
985
1023
1024
1039
1044.47
1070
1008
992
994.531
996.242
998.908
1008
1000
1008
992
1024
992
999.203
1031
1008
1039
1047
1039
1035.22
1062
1078
1064.16
1063
1061.21
1078
1078
1055
1086
1086
1078
1073.06
1047
1055
1054
1016
1008
1023
1000
1004.85
1008.86
1010.02
1009.96
1031
1032
1054
1016
1047
1046.13
1008
1016
1020
1016.65
1016.59
1070
1078
1065.56
1064.32
1078
1055
984
1008
1000
995.379
1031
1000
1039
1031
1027.57
1062
1000
1024
1031
1019.62
1047
1039
1078
1063
1054
1055.45
1054
1049.15
1047.59
1046.41
1045.83
1044.44
1043.8
1008
1029.44
1022.76
1021.39
1000
1000
992
1016
1000
1016
1000
953
937
938
976
969
992
985
976
992
1000
977
984.034
945
953.477
954.671
956.639
914
914
891
875
876.218
878.048
860
859
836
836
828
820
805
797
812
797
797
797
805
820
820
829.994
867
844
852.091
828
813
836
834.342
844
844.871
867
844
859
856.078
851.011
844
843.33
844
844
812
821
836
832.804
830.746
867
859.807
859
852
859
859
852
852.966
859
844
846.229
836
836
836
859
836
840.925
844
841.206
838.609
836
820
824.538
828
821
824.005
820
821.532
821.615
821.975
823.64
844
836
844
843.584
859
852
851.019
851.628
883
883
890
899
893.78
906
906
899
914
911.122
961
961
953
977
976
992
988.098
1039
1039
1028.73
1024.56
1000
961
961
961
961
959.362
1008
1031
1078
1064.31
1053.33
1039
1039
1016
1007.65
1039
1036.33
1039
1008
1047
1039
1031
961
945
969
992
977
1031
1008
1039
1016
1054
1048.31
1032
1032.8
1055
1031
1039
1039.13
1031
1000
1013.24
1032
1022.77
1071
1059.92
1055
1039
1039.23
1008
1015.25
1039
1039
1033.3
1032.27
1008
1012.54
1017.01
985
953
976
982.166
979.539
961
972.074
914
938
938.995
976
973.57
975.82
992
997.376
995.713
977
983.846
976
977
973.581
969
971.593
977
974.277
975.381
977
978.424
1031
977
992
977
980.488
979.193
977.097
961
953
954.799
953
954.633
969
976
978.934
961
992
1000
1000
1008
1039
1030.64
1022.6
985
984
982.91
961
961
961
961.617
964.103
906
934.721
922
923.982
953
922
930.056
953
961
961
984
953
960.311
938
953
953
953
930
945
969
963.449
938
945
922
945
938
953
945
953
951.449
945
947.666
914
924.347
937
935.12
930
953
961
961
968
964.939
945
961
984
969
966.047
930
939.272
922
922
898
883
883
875
914
922
930
935.53
914
914
916
914
913.979
875
883
883
906
883
889.049
891
894.701
898
860
870.872
891
906
930
922
953
945
936.765
930
922
906
922
922
916.052
914.558
883
906
875
883
883.75
867
883
880.006
898
891
914
922
937
930
929.819
928.312
922
914
913.548
914
906
883
875
852
843
843.542
828
828
829.465
828
836
837.538
841.53
820
827.344
827.685
843
836
867
873.645
844
851.591
852
867
859
844
945
922
907.46
901.855
914
906
894.808
875
890
860
859
860.742
875
883
898
883
883
906
900.75
914
836
844
849.194
851.274
898
890.904
852
875
859
844
851
844
847.656
828
833.537
835.879
839.088
840.469
820
821
820
822.856
875
859
891
884.593
805
820.958
820
821.262
797
805.667
820
805
810.331
816.705
818.988
836
828
836
837.464
833.254
844
867
828
833.961
837.881
797
797
797
795.625
796.75
820
797
804.781
807.723
804.811
807.56
859
860
851
844
840.481
859
851.167
875
844
898
885.255
883
875
898
883
880.484
878.852
922
898
892.926
892.811
906
899.307
875
875
876.709
836
847.756
846.927
845.157
846.509
852
859
852
867
865.908
890
875
877.327
875
852
867
891
906
883
898
898.74
891.889
797
805
812
797
828
841.592
820
821
828
825.722
844
843
852
859
856.881
890
852
867
852
850.803
851.029
848.539
867
852
883
875
872.912
859
828
821
820
789
797
789
789.765
797
797
812
805
797
828
828
830.138
859
891
888.687
885.282
883
930
875
859
836
835.863
844
851
836
840.036
836
836
859
854.663
844
867
863.613
859.991
836
828
836
844
836
859
863.558
836
805
812.946
797
800.492
802.003
804.638
807.964
844
875
869.8
899
906
914
900.681
892.135
914
907
929
930
922.372
919.457
953
945
961
954.718
969
970.044
984
992
987.928
992
984
969
922
898
896.503
945
1008
1003.9
1063
1062
1094
1086
1071.48
1062.43
1000
1031
1008
1023
1018.84
1016
1054
1024
1086
1062
1094
1039
1055
1031
1029.42
1015
1008
1007.55
984
977
953
922
922
945
953
969
1000
1008
1031
1031
1024
1031
1016
1015
977
984
969
969
961
976
981.54
953
961.327
969
1039
1033.03
1078
1069.7
1102
1090.4
1070
1016
1047
1041.03
1035.55
1008
992
1008
1008
992
1000
953
966.761
969.443
972.117
1008
1023
1047
1047
1039
1039
1032.81
1008
992
991.895
914
891
891.246
852
875
867
875
883
867
867
867
844
853.302
853.09
853.298
820
828
813
828
828
875
914
924.982
961
953
954.388
955.134
950.678
938
934.306
906
883
878.619
875
877.426
881.747
836
844
841.779
844
859
862
866.763
870.313
836
836
828
827.381
852
854.838
852
857.281
727
742
727
750
758.573
750
773
750
761.369
750
727
742
742
742.624
742
745.364
750
750
742
735
739.824
734
737.249
738.864
703
720.631
718.216
711
711
734
719
742
735
736.273
766
773
766
789
781
777.838
797
788.695
797
791.482
789
789.02
786.582
781
789
781
766
770.985
758
760.507
757.487
757.731
756.421
719
726
711
712.689
703
711
711
703
708.547
711
712.307
714.172
688
701.719
699.779
701.344
703.241
705.037
707.17
696
703
704.461
706.02
707.949
680
734
719.429
773
781
770.956
789
805
797.514
804
800.295
781
781
766
781
789
774
804
774
797
812
797
789
792.031
790.482
789
789
789
781
758
763.248
719
750
758
757.577
760.796
797
796.868
852
844.185
891
891
914
890
891
889.236
884.167
880.621
844
844
859
844
859
860
858.67
859.67
875
883
875
875
867
867
852
844
841.907
844
841.729
843.216
843.943
914
906
900.774
914
914
961
961
1086
1048.51
977
969
968
965.657
958.654
907
937
930
922
929
891
914
916.812
930
945
945
961
977
953
984
977.272
961
930
906
908.482
906
908.9
922
953
961
984
992
961
961
953
942.376
937.354
961
953
954.376
953.689
953
938
945
914
919.647
914
883
906
914
914
930
953
969
965.691
965.658
945
938
933.422
930
929.496
930
930
914
918.492
930
945
977
953
952.968
906
914
930
922
953
961
961
953.315
947.783
961
969
965.486
957.379
951.74
984
982.71
945
953
956.415
914
906
909.386
914
915.209
914.982
922
926.42
922
875
884.633
859
861.386
875
914
923.621
891
875
875
859
860.4
836
844
845.998
914
922
953
945
961
958.676
946.948
969
1000
992
1039
1016
984
1000
1008
998.678
1047
953
964.141
968.801
966.96
922
929.738
945
922
945
940.446
961
953
954.802
961
959.182
961
953
953
969
961
961.44
977
971.59
992
984.639
1008
1031
1022.33
985
976
978.22
953
969
964.573
930
953
930
976
977
969
992
984
977
976
976.685
973.836
1008
998.132
1008
984
977
980.16
968
938
984
969
961
969
968.073
977
972.662
1000
1000
997.222
994.503
984
961
938
940.545
922
925.13
926.794
922
906
914
922
906
891
891
898
906
907.73
912.632
916.888
953
969
969
984
977
971.91
1000
1000
961
953
961
969
962.574
985
984
1000
1000
992
1000
997.959
991.69
992
988.587
985.074
981.538
978.034
969
967.707
965.286
961
961
945
930
914
914
922
922
945
953
961
938
945.976
976
978.289
978.251
1008
1010.04
969
969
971.779
968.816
961
984
985
992
969
972.338
968
963.862
977
992
986.386
981.386
953
922
906
883
891
893.108
937
957.726
953
969
961
959.547
958.623
956.797
954.915
1008
992
961
961
938
945
969
953
952.092
945
953
952.377
945
942.885
941.488
945
946
945
945
930
961
953.485
945
946
937
899
914
929
928.467
945
938
941.787
969
969
963.007
959.093
1000
993.407
983.569
977.407
1008
1000
1016
1031
1008
1007.14
1000
1008
992
1008
1005.36
1008
1002.85
1001.31
1078
1055
1062
1000
977
976
961
961
963.012
964.615
965.664
977
1000
1039
1008
1000
1023
977
976
976.608
969
992
992
1000
1000
977
984
992
1000
1008
1004.13
1000
969
976
976.275
953
945
891
875
898
909.535
883
906
914
891
890
883
852
890
922
961
959.649
1008
1031
1031
1055
1050.37
1039.96
1101
1094
1086
1079.75
1094
1078
1075.11
1086
1055
1070
1071.56
1031
1031
1055
1047
1047
1031
1031
1008
984
988.701
992
993.251
996.975
953
968.035
1016
1014.01
1023
977
930
937
922
930
929
930
935.307
953
962.717
953
961
945
946
948.02
953
955.362
984
990.511
938
937
906
907
908.148
922
899
906
909.022
912.492
914
922
924.51
945
947.215
946.681
969
961
958.107
961
961
956.228
969
976
946
867
875
877.061
879.905
875
881.896
884.962
887.57
883
891
906
906
930
914
914
917.001
883
891.541
875
875
876.484
906
909.292
914
922
906
914
911.403
883
852
890
883
886.618
906
914
908.389
984
963.164
954.759
953.249
1016
984
977
974.631
992
969
961
945
953
947.645
961
984
969
953
922
914
914
891
914
915.066
918.888
921.878
968
1000
1000
977
976.605
969
968
961
956.622
992
969
984
982.915
978.375
953
930
945
947.768
961
945
930
934.736
936.314
935.173
933.282
844
870.212
851
844
875
875
906
891
898
905.33
908.356
909.123
909.613
836
836
836.762
828
867
891
883
886.406
875
875.111
875.091
872.698
883
852
836
839.037
805
797
781
774
766
758
758
852
851
844
836
828
828.791
820
820
818.807
817.86
797
797
805
804
813
828
831.151
867
866.554
860.184
875
883
883
898
891
898
875
871.524
836
828
836
828
844
867
867
868.8
914
914
904.915
891
906
906
906
938
953
1000
961
969
961
945
940.21
922
922
919.12
914
914.093
937
934.515
945
941.547
961
957.016
952.856
949.849
930
937
930
914
930
922
923.785
930
945
943.577
922
883
906
911.461
898
922
930
945
939.148
940.694
984
977
969
984
961
1000
992
981.842
980.721
978.785
973.201
859
852
875
881.43
907
920.898
906
883
892.296
898
891
906
953
938
934.15
914
922
919.737
915.61
930
930.166
937
938
961
953
930
968
946
961
984
984
977
1000
992
969
969
968
938
953
961
953
961
960.513
956.761
957.249
957.323
961
957.252
945
984
971.897
1016
1016
1008.55
1004.84
1070
1052.06
1016
1000
992
1023
1008
946
976
961
964.928
945
949.313
945
938
961
984
992
985
1015
1017.04
969
961
961
992
988.793
1008
1008
1005.28
1008
984
1008
1004.83
1008
1039
1039
1029.45
1023
1016
1031
1039
1029.87
1024
1047
1070
1047
1041.15
1040.71
1041.25
985
995.625
994.803
1031
1028.47
1024
1015
1019.18
1008
992
1000
992
977
978.408
1000
953
964.274
968.955
984
980.539
985.712
991.482
992.702
945
922
938
961
964.015
1000
1010.32
1001.41
992
993.248
984
977.538
961
992
1000
1000
961
969
972.707
914
924.129
891
883
890
852
844
846.782
836
839.876
842.039
844.09
844
847.12
875
867
875.366
880.348
884.64
888.441
938
961
976
969
966.4
961
984
961
961
984
981.378
977.296
961
992
969
953
955.003
930
930
984
961
992
983.955
980.419
978.53
975.162
1000
1008
1031
1000
992
996.479
961
961
962.604
953
956.183
957.706
945
938
945
961
960.039
906
898
914
916.514
918.668
953
1000
1000
1000
997.739
990.081
1063
1031
1020.04
1055
1049.03
1033.08
1028.22
1032.08
1062
1016
1016.56
1025.85
977
976
981.293
992
985.582
977
984
986.572
982.78
1000
1008
1004.06
1000.22
1000
1001.95
998.645
994.892
996.467
998.432
1008
1005.99
1000
1002.67
953
974.831
922
883
884.765
884.862
888.933
895.134
901.614
836
876.289
871.582
873.1
852
875
859
867
875
899
914
918.029
922
922
938
976
977
1031
961
962.245
969
961
922
927.399
1039
1003.55
836
836
839.745
844.622
848.886
875
851
821
828.35
805
808.583
797
798.188
798.995
758
767.372
750
758
773
774.5
781
784.383
789
805
836
843.328
846.959
906
899
896.083
930
925.214
914.765
906
898
875
844
836
836
805
820
805
820
828
836
828
828
829.849
829.138
828
827.317
826.842
820
822.221
797
797
805
802.251
797
801.484
789
789
805
812
789
801.094
797
789
792.918
793.876
792.84
789
797
797
820
805
828
823.743
828
813
816.014
828
821.774
817.465
817.869
782
794.688
789
781
789
781
783.807
781
774
777.035
789
789
781
789
788.194
797
828
823.136
820.507
859
854.956
906
899
898
891
867
875
875
869.878
866.57
828
834.063
844
843.887
841.999
860
860.049
922
907.612
930
917.201
908.544
969
946.044
929.868
1016
992
945
949.472
891
875
875
874.804
906
909.445
914
898
922
919.963
961
953
922
922.576
891
898
894.474
893.058
906
875
875
875
875
867
869.044
859
836
813
797
781
781
750
758
742
719
729.186
719
734
733.65
742
744.237
804
813
820
828.753
838.359
844.637
859
836
836
828
823.976
820
797
812
813
828
828
836
820
805
804.643
766
765
762.24
750
752.765
742
742
750
750.673
750
754.187
756.439
759.141
761.912
805
820
825.837
789
797
789
781
758
758.924
759.569
726
719
719
734
719
725.465
729.337
750
765
766
766.957
773
758
766
763.27
759.631
781
774
773
766
767.022
766.495
764.252
750
753.066
766
762.161
797
797
792.923
790.199
695
672
694.42
700.914
695
688
703
703
695
711
711
714.421
727
711
711
726
727
734
750
750
749.274
748.079
745.84
734
742
719
734
729.91
711
717.139
711
719
750
743.16
781
781
797
797
828
805
820
797
798.981
795.007
791.235
773
750
750
742
743.039
742
743.898
742
744.62
703
711
711
703
705.301
711
711
712.38
711
719
703
726
719
711
717.53
711
715.86
719
711
716.625
726
723.349
703
688
703
695
688
703
703
711
711
719
711
726
719
719.215
720.284
719
734
719
711
719
726
720.364
719
734
719
750
734
735
742
719
734
719
721.311
750
758
781
771.359
820
828
805
805
781
805
797.873
791.817
790.243
788.696
930
930
883.867
945
953
891
929
924.654
922
913.638
930
925.344
919.542
917.355
922
922
906
907.411
867
874.712
874.802
870.644
867
867
869.309
844
850.383
844
859
836
828
831.37
860
854.002
836
842.94
852
875
859
883
906
930
919.876
945
922
930
925.43
919.209
899
898
875
860
858.859
859
836
842.656
828
820
821.895
813
812
828
844
883
867
873.067
879.819
882.148
882.409
828
820
813
813.615
828
836
852
867
872.713
945
938.541
937
923.14
945
961
930
914
914
883
875.895
875
867
864.669
875
877.461
875
875
875.987
844
828
829.54
883
953
969
1101
1094
1133
1116.75
1024
992
961
953.339
952.601
952.691
836
828
830.836
797
797
789
774
804
811.981
813
851
891
914
914
906
906.004
859
836
838.075
840.464
758
773
758
761.701
781
790.068
805
805
836
851
844
842.399
875
870.849
851
836
844
841.672
805
805
804
797
789
789
782
785.168
789
805
807.377
828
830.003
805
828
826.435
821.084
805
820
805
805.666
806.261
797
820
817.446
812
813
814.616
811.131
836
829.061
825.786
875
863.353
855.706
875
866.824
860.355
859
836
836
844
867
857.644
852
875
867
863.303
875
870.831
866.88
875
906
894.626
887.416
945
922
909.948
914
914
900.767
890
875
860
859.038
820
821
851
844
836
843.566
852
898
875
860
866.181
914
914
899
891.563
893.625
896.074
836
828
797
805
812
797
797
836
836
851
852
856.873
891
890.37
877.722
891
914
905.016
906
914
911.541
922
883
914
914.295
914
961
961
948.359
945.187
938
934.575
906
908.088
836
836
828
805
859
860
875
881.693
886.668
888.926
892.337
929
899
937
922
914
953
930
928.414
953
961
969
961
961.511
930
945
940.03
953
930
953
953
922
961
898
913.09
906
914
922
938
934.446
938
1039
1117
1070.47
1000
989.363
982.283
984
978.186
971.904
922
945
922
922
906
910.081
961
1016
1062
1055
1039
1016
1001.91
989.835
930
923.073
922
914
937
946
961
992
1000
1008
1003.92
1039
1023
1016
1008.73
1039
1054
1024
1031
992
969
945
940.494
1008
1022.1
1070
1055
1044.82
1038.71
1008
998.533
991.344
983.775
1016
1039
1055
1039
1031
1047
1031
1021.85
946
952.674
1008
1029.47
1039
1026.78
1047
1023
1016
1006.8
998.049
969
969
970.068
953
955.98
969
1047
1031
1047
1042.94
1016
1000
984
930
929.695
930
922
945
945
969
982.01
1008
1014.67
1000
953
956.035
891
894.233
922
938.168
948.862
922
930
931.648
953
992
1016
1031
1008
1039
1000
990.091
983.172
906
891
922
914
921.304
1000
984
980.549
982.181
922
906
914
914
914
922
906
922
921.383
920.262
921.185
938
961
976
969
961
956.222
930
922
906
904.451
859
867.015
898
911.273
945
969
992
985.753
975.674
965.966
930
930
937
883
891.748
929
922
891
914
883
867
883
890
914
961
977
963.471
1000
992
974.318
961
930
914
953
992
979.921
976.218
1047
1047
1070
1055
1055
1050.62
1039
1030.1
1015
1008.76
1000
1008
1005.3
1001.8
1039
1000
1004.2
945
969
1015
1047
1038.16
1030
1026.72
1000
1000
984
969
970.208
969.526
971.733
937
922
906
914
916.196
921.016
898
852
883
914
976
985
981.072
981.501
1000
1004.93
1063
1070
1058.04
1062
1024
1109
1106.83
984
988.143
999.498
906
891
895.307
906
911.881
922
914
918.568
1008
1000
1008
1023
1039
1034.68
1028.7
1025.95
1022.79
953
946
947.138
992
993.816
969
953
969
945
961
957.686
961
953
953.168
1000
993.899
1000
992
1000
961
930
932.168
977
984.451
1016
1039
1031.63
1031
1039
1016
1009.1
977
976
972.136
930
961
958.673
961
969
961
963.929
914
924.259
953
953.964
957.067
984
983.677
1039
1029.51
1047
1062
1049.4
1047
1047
1039
1070
1060.74
1056.26
1056.92
1078
1031
1063
1055.38
1047
1047
1044.16
992
1006.97
953
930
953
953
945
930
922
898
903.757
902.347
906
914
930
933.933
946
954.893
961
992
1001.03
953
969
992
961
963.847
1008
984
945
955.669
961
952.203
969
953
1000
1000
992
986.08
945
961
930
922
914
914
914
916.117
906
909.893
930
1015
1016
1016
1062
1031
1020.5
1094
1070
1094
1031
1030.69
1008
977
972.593
1000
1000
1016
1031
1030.44
1047
1045.35
1054
1047
1008
1039
1034
1039
1047
1016
1062
1049.85
1047
1042.31
953
946
1000
984
1000
992
1016
1023
1020.66
1008
1039
1032.51
1000
1031
1000
985
1015
1009.98
1008
1000
1006.52
1006.61
1008
1031
1016
1023
1020.96
992
969
945
922
923.136
922
924.453
928.322
844
820
805
804.65
805.797
808.549
812.127
750
750
751.915
752.516
750
789
789
805
811.202
844
859
865.329
875
875
891
906
843
821
823.198
828
828
813
836
859
852
828
813
812
805
836
828
824.092
823.502
859
858.935
852
875
859
844
836
836
837.52
828
813
815.449
797
812
797
774
779.191
758
765
758
742
735
742
738.867
711
727
750
734
750
758
763.983
770.048
781
766
758
765
766
742
750
750
758
753.878
766
765
759.881
765
758
752.875
781
773.067
828
852
883
867.757
891
883
890
883
875.405
867
867
865.168
836
828
836
836
835.483
836
859
836
836
838.528
836
821
824.687
828
836
833.438
859
859.174
836
836
836
828
805
804
782
783.718
783.885
828
841.166
838.326
906
896.765
885.58
906
891
875
898
860
858.089
883
873.268
868.119
872.363
906
899
888.298
867
836
805
806.17
789
789
791.425
789
773
782
773
781
766
770.463
771.883
789
828
828
844
844
851
854.174
836
835.405
844
836
836.058
820
836
836
844
839.725
836
836.084
820
821
828
851
836
821
821.732
805
828
827.077
826.57
805
812
805
828
797
797
828
836
844
890
907
896.832
888.191
882.722
898
867
862.988
860
855.26
867
844
844
828
820
820
805
797
797
797
797.377
798.486
799.667
821
859
852
867
871.788
872.973
872.725
813
817.713
820
805
820
797
797
820
826.502
836
789
758
742
750
742
727
742
742
746.313
727
742
742
781
789
792.753
766
773
758
758.033
750
735
734
742
745.169
711
711
703
695
697.192
727
734
734
734.289
737.276
828
875
875
847.017
805
797
789
786.401
781
766
761.986
750
781
766
773
750
758
758
758
758
804
798.02
797
789
784.168
781.27
777.543
735
741.208
727
726
726.717
728.867
688
703.951
703
711
703
711
719
726
727
742
742
766
734
766
742
742
727
742
737.444
758
750
750
750.23
719
734
703
708.032
695
719
713.14
714.842
750
765
766
758
781
750
789
766
781
789
783.273
780.234
779.934
781
758
764.868
761.057
757.773
773
766.165
766
781
775.19
774.857
789
783.317
820
809.407
806.53
836
797
828
819.862
805
789
781
758
764.356
764.633
820
811.258
807.885
810.006
883
906
883
867.418
861.394
854.607
845.595
838.642
789
797
781
789
797
801.302
797
781
774
781
758
781
750
781
774
777.04
797
794.565
797.41
828
824.023
820
805
804
782
789
785.123
797
797
797
789
766
773
750
742
743.078
741.993
743.846
703
718.769
703
711
711
719
721.566
804
782
781
758
742
727
742
742
742
750
734
727
742
727
734
750
742
739.463
739.098
737.613
766
755.412
828
796.499
914
852
833.295
844
859
843.734
804
812.705
766
758
757.731
750
752.54
754.222
711
734
727
734
733.739
750
747.697
750
735
742
741.973
742.059
726
711
711
711
712.828
714.58
716.775
719
734
736.3
719
725.228
750
781
772.418
797
828
711
719.815
734
750
742
727
734.499
742
727
750
750
765
766
750
750
752.688
750
727
711
703
706.843
695
698.153
700.981
695
672
680
695
697.857
726
735
773
758
797
812
805
805
750
750
749.173
750
748.227
742
727
742
734
750
748.397
750
750
749.558
742
727
742
719
734
729.589
734
742
740.054
742.388
633
664
711.472
672
703
719
742
736.888
739.394
758
742
746.097
727
734
742
735
736.063
750
744.228
742
743.16
719
727.686
734
719
719
721.414
718.899
711
711
727
723.472
722.139
734
735
729.831
734
719
721.865
726
719
742
711
711
711
719
717.992
719.355
766
789
781
766
758
754.684
742
736.537
732.408
728.841
742
711
711
750
750
745.938
727
750
750.293
734
735
742
742
758
750.356
773
750
750
727
742
742
740.1
737.078
735
742
750
750
758
750
765
761.498
758
750
752.257
751.821
748.905
750
748.025
747.606
711
738.852
732.301
732.023
804
813
828
820
812.87
804.074
795.297
788.455
797
781
766
750
750
781
750
766
781
797
789
786.763
766
781
781
789
805
799.549
828
805
828
828
823.263
766
781
782.509
778.949
780.243
781
766
765
750
752.837
751.6
758
750
758
750
750
751.774
751.446
750
773
758
763.378
774
773.169
805
883
898
880.102
703
714.424
734
750.235
719
758
773
781
766
789
789
784.996
778.672
773
766
763.878
758
758.033
758
773
758
750
742
735
726
719
721.478
723.436
724.917
695
672
672
672
674.337
677.24
680.138
656
666.911
667.134
711
717.245
723.32
766
772.188
781
758
754.353
765
735
734
750
752.614
750
766
767.245
758
789
750
781
750
750.995
749.369
745.359
742
742
740.646
766
781
774
771.533
797
820
811.682
797
794.848
781
758
750
750
749.807
750
727
742
740.909
750
750
742
742
735
742
742.025
742
742.168
742
742
742.632
750
750.372
781
784.964
781
789
781
766
773
750
735
736.417
719
734
719
750
746.349
748.939
766
789
766
804
797
789
828
805
820
805
797
789
786.452
789
758
768.016
742
727
750
750
752.771
755.245
758
766
765.401
797
820
815.665
797
789
788.45
805
801.704
820
797
812
797
797
797
793.593
790.979
805
801.722
797
781
784.355
805
836
859
891
880.842
883
873.356
852
843.691
859
805
828
820
797
797
812
797
805
806.565
758
750
750
742
750
752.959
756.831
766
768.733
742
752.506
753.219
734
719
726
750
766
805
867
937
938
918.786
961
922
914
891
875
867
875
875.231
859
836
828
836
813
813.457
820
805
789
805
789
797
820
828
836
836.957
735
789.234
750
756.409
758.798
760.894
742
750
752.874
727
742
750
727
773
764.689
789
781
784.42
786.984
821
809.895
806.232
851
821
812
797
781
766
758
757.878
735
742
711
719
695
700.097
727
721.351
773
758
797
789.74
766
781
776.862
812
828
821
812
797
789
789
786.156
758
765
758
789
780.694
773
758
758
758
781
758
773
758
750
750
742
735
765
758
766
764.463
765.925
836
823.904
814.866
810.215
805.725
813
836
828
820
797
798.063
766
768.047
789
786.222
797
797
812
813
820
828
852
845.287
805
851
774
773
758
750
734
735
736.408
734
735.837
734
711
719
820
828
813
828
828
828
828
824.28
812
828
824.204
836
831.956
797
812
810.782
806.995
782
781
781
766
789
781
781.096
789
786.925
789
786.967
787.13
787.496
787.886
742
735
735.277
742
744.615
734
727
750
742
758
758
761.587
763.91
797
797
812
805
803.167
789
781
774
781
773
773.564
773.871
758
760.948
759.541
742
742
740.604
734
735.781
742
742
750
751.257
734
719
734
731.4
733.788
735.773
738.567
719
719
734
727
731.273
750
773
766.673
766
781
758
757.78
758
742
742.835
742
738.086
735.606
727
750
781
774
769.768
789
784.465
758
766
767.47
758
753.876
755.433
765
758
753.995
756.772
750
758
773
758
766
781
775.423
769.21
789
787.372
789
780.293
820
805
828
819.413
813.21
797
789
797
789
787.272
797
793.708
859
875
906
883
874.323
875
890
836
839.888
836
820
819.109
789
766
789
788.019
794.165
836
828
830.603
832.589
829.539
825.902
822.157
818.578
836
831.682
867
844
875
844
848.085
843
821
820
820
805
808.606
805
828
828
827.677
828.791
875
766
781
781
781
785.753
750
750
752.678
751.584
742
727
733.404
773
766
789
789.17
792.356
820
797
800.41
803.184
804
782
781
789
805
820
828
789
792.283
781
766
789
781
774
727
735.14
734
758
759.665
781
789
797
844
797
796.732
828
820
836
836
836
829.47
822.961
812
750
750
750
727
734
711
742
735
740.221
742
734
735
735.591
735.857
750
750
773
766
766
781
781
781
766
766
773
770.959
766
758
765
758
781
774.141
771.616
797
797
789
781
781.657
789
797
789
781
781
766
766.649
774
775.855
766
773
766
773
758
758
750
752.321
758
765
758
758
773
774
781
776.635
789
789
797
797
789
788.205
789
787.53
789
785.326
789
789
788.188
782
773
789
787.177
797
789
789
789
766
781
789
784.917
820
806.391
803.514
859
844
859
813
843
836
830.562
828
820
805
808.798
789
812
797
805
797
797
789
793.085
789
804
797
799.037
821
828
824.612
805
789
789
781
774
776.065
781
789
797
789
789
781
774
774.929
758
758
758.284
773
750
757.591
773
758
750
734
727
734
719
711
695
680
672
672
672.757
674.164
672
675.096
672
675.291
677.331
679.857
682.8
703
712.728
721.238
867
832.771
711
680
695
711
716.369
727
734
750
750
741.705
731.846
723.538
719
713.026
703
698.509
698.556
699.53
700.855
695
688
718
717.973
719.116
715.982
773
774
764.569
757.219
752.755
745.088
758
773
764.153
755.891
750
750
781
789
805
828
820
810.184
803.812
805
820
815.195
781
781
766
773
766
781
781
782
779.133
789
813
812
789
784.287
789
812
797
797
828
836
867
836
828.771
852
836
859
961
836
836.576
805
809.293
828
827.779
825.004
758
758
750
754.365
719
727.049
711
703
703
688
703
703
703.201
704.91
711
711
711
734
735
737.885
765
758
742
758
750
758
766
762.85
750
758
781
750
758
750
750
750
750
748.831
742
750
742
735
737.152
742
719
726.616
727.517
696
695
703
680
691.789
695
696
726
719
758
758
781
774.494
789
781
780.94
781
777.629
773
766
766.619
763.884
750
750
750
742
743.66
765
759.254
750
797
758
781
775.367
750
742
734
735.211
719
726.231
719
720.646
734
727
750
773
769.774
813
820
813
807.741
820
828
828
805
797
797.844
781
779.309
776.506
750
750
750
750.685
752.885
781
789
805
828
836
828
820
852
820
828
826.176
805
820
818.058
812.356
813.85
789
781
782.599
779.952
782.054
758
766.143
773
797
820
852
859
851.097
860
859
875
866.871
828
834.313
831.1
797
781
789
797
797
789
797
801.814
797
820
805
803.386
844
859
891
898
867
875
813
815.398
797
797
781
781
766
769.178
851
844
841.497
828
867
868.8
864.03
855.47
820
813
812.234
811.571
797
796.793
804
805
836
840.778
840.953
837.304
832.986
843
750
781
820
852
841.152
867
860
859
859
844
836
831.842
805
812
805
789
797
795.974
797
789
789
797
789
781
774
781
778.02
780.078
774
781
779.617
789
789
789
758
758
758.494
765
766.326
758
763.685
766.767
773
758
758
750
750
750
742
734
735
742
773
766
764.638
797
828
816.709
805.929
798.797
793.972
788.166
781.157
836
836
828
816.239
811.673
789
750
749.622
750
753.528
734
719
720.324
711
712.226
711
703
705.318
703
703
703
703
688
695
694.566
703
703
708.216
703
703
695
688
695
672
680
695
693.643
687
692.56
680
672
695
689.759
690.415
692.199
703
695
697.237
688
691.646
691.586
688.913
690.001
680
664
672
673.068
672
680
664
672
672
687
680
682.418
683.499
711
703
688
695
680
703
703
699.784
688
703
680
695
695
680
703
703
688
703
695
688
690.013
680
695
680
684.205
703
703
727
742
750
750
734
735
734
729.367
735
734
734
727
703
711
711
709.147
703
688
695
693.73
694.555
687
680
672
687
680
680
695
680
695
695
696
698.2
711
710.573
719
703
711
711
695
699.691
703
700.018
703
703
696
695
695
711
704.999
704.364
719
714.076
719
711
711
711
711
718
696
695
664
680
695
680
726
711
710.591
742
733.202
730.311
734
735
730.367
727
758
765
756.166
766
762.404
758
750
749.11
742
739.503
736.493
733.751
750
742
727
750
742
758
752.205
750
750.974
749.86
747.82
765
758
755.786
750
750
719
736.428
719
727
734
750
766
763.658
762.124
797
820
811.191
805
820
797
793.086
789.618
797
797
792.248
805
820
797
797
781
766
766
763.186
758
759.709
758
758.963
759.441
797
797
805
820
797
828
825.606
821.221
859
852
867
883
898
883
867
852
850.47
820
789
789
774
797
812
813
828
836
851
844
867
867
875
860
858.469
867
861.873
851
836
836
813
804
804.914
797
797
797
828
805
810.351
811.297
820
797
805
789
805
801.719
828
825.534
827.83
829.174
830.453
867
844
859
836
836
828
828
805
828
820
818.551
828
824.151
824.278
789
789
782
782.328
782.337
782.674
783.871
789
787.683
797
796.792
799.762
801.807
797
800.412
800.581
789
789
789
788.578
797
795.759
789
766
773
773.656
781
773
766
789
789
797
794.497
805
789
789
789
781
774
773
781
789
782
783.644
789
781
774
777.568
789
789
781
782.508
789
781
766
781
781
766
770.532
727
734
719
734
737.335
766
774.962
851
860
867
875
836
828.655
820.464
797
812
810.004
808.403
807.231
805.022
758
773
766
789
805
820
820
797
812
807.329
797
797
812
807.439
804.466
797
781
789
787.201
788.104
758
773
774.298
758
750
754.379
750
742
750
750
750
735
765
766
789
789
787.528
789.688
789
787.964
766
781
778.616
773
766
750
750
758
756.229
757.01
750
750
750
750
742
744.5
758
750
773
766
781
758
773
770.6
758
758
765
758
750
766
762.646
760.654
761.563
758
759.027
750
750
742
744.355
750
758
750
773
767.808
766.196
781
775.064
781
778.92
773
766
767.371
758
758
750
750
750
750.723
751.7
727
742
742
741.893
758
755.777
765
758
758
750
752.747
751.123
719
742
735
765
758
766
781
778.243
758
761.852
761.923
759.378
781
774
781
777.544
766
750
742
742
719
727
734
719
725.994
727.656
742
735
742
742
742.517
727
732.325
731.28
711
718.769
716.953
726
725.059
750
751.17
750
749.69
750
750
742
741.478
727
742
727
730.312
711
742
719
719
734
719
726
719
711
727
721.906
719
719
720.499
719
719
734
728.301
727
728.845
711
734
727
750
773
774
781
789
797
789
797
794.083
828
813
809.441
820
817.315
814.461
836
867
898
883
875
872.491
844
828
826.421
789
789
782
781
789
773
782
782.701
813
789
828
820
797
802.991
803.14
800.082
828
867
797
805
789
791.315
766
773
750
750
742
743.912
742
719
711
711
711
711
711
712.745
742
750
750
742
746.101
750
752.073
773
758
750
750
751.994
750
750
750
766
773
781
774
789
797
797
820
805
812
797
797
797
793.293
781
781
779.896
781
766
789
785.492
805
836
830.527
828
867
859.517
851.892
845.369
883
883
898
899
929
926.171
906
903.928
891
890
887.622
884.747
867
870.033
870.355
836
828
797
800.482
798.78
781
805
803
828
836
842.765
836
841.885
859
859.556
859
867
868.917
867
869.299
868.844
868.208
781
758
782.086
750
742
748.535
750.691
781
828
836
875
914
914
914
875
875
852
851
813
859
875
872.991
930
976
969
992
982.626
914
875
906
914
899
894.658
896.766
930
953
961
984
971.92
1008
969
960.838
953
953
945.831
922
922.971
922
922
919.959
961
961
957.672
953.383
1000
1000
977
961
969
970.008
953
969
970.381
953
977
968
977
970.493
961
961
961
945
948.601
930
933.09
932.157
984
961
992
969
971.062
971.922
914
914
922
920.995
961
961
938
953
945
938
929
931.638
930
930.545
929
914
930
922
914
961
922
914
867
888.778
860
866.072
898
922
921.987
945
914
921.127
914
875
875
852
875
883
898
883
890.085
892.249
883
886.128
885.265
914
908.785
891
906
906
900.194
906
902.444
891
922
914
953
953
938
984
973.981
953
953.965
984
953
938
937
922
922.891
891
899.321
875
879.701
860
864.467
883
875
880.81
891
892.324
891
906
914
898
899
898
898.805
938
914
922
922.433
914
930
925.639
938
931.727
929.518
929.23
906
912.139
906
902.876
906
930
929
926.782
926.33
914
906
905.755
891
890
891
906
914
899
945
945
939.579
930
953
951.356
930
931.839
930
914
883
867
867.708
875
899
945
945
939.262
953
961
930
953
955.527
922
927.259
930
976
960.8
954.815
956.049
949.835
946
961
956.765
950.021
945
942.432
906
910.778
912.018
937
953
946
984
982.071
976
930
934.393
936.082
932.722
927.961
906
930
898
904.468
906
906.021
883
875
878.302
883
875
890
899
914
898
883
875
877.722
836
846.111
828
828
836
838.204
844
836
836
844
845.961
859
875
875
844
906
930
919.434
930
922.048
914.089
922
945
930
914
915.027
914
852
859
852
859
859.774
859
863.377
865.98
859
861.021
844
859
883
898
883
922
883
885.598
891
875
883
882.361
867
883
880.432
879.037
879.311
914
914
937
924.333
883
887.71
852
828
830.805
789
781
781
758
781
758
758
750
742
750
750
750.962
752.855
727
738.887
750
750
750
750
758
759.879
774
781
789
793.189
795.948
798.409
798.678
797.444
795.872
794.199
750
758.584
750
750
751.8
727
735.4
734
735
742
750
758
765
774
781
797
789
787.912
781
773
766
763.017
766
750
758
750
742
742
740.174
719
725.51
726
726.395
729.144
729.624
703
716.857
703
688
693.059
690.83
687
672
656
641
648
644.772
633
648
664
680
689.142
742
758
781
797
797
797
792.609
789
781
775.407
758
758
742
750
750
742
750
758
756.948
755.727
750
750
750
747.17
773
789
789
774
804
789
797
797
766
772.599
805
799.141
792.688
875
906
914
890.207
914
945
930
953
945
922
921.418
906
898
883
891
890
875
860
863.269
844
859
852
843
860
858.033
859.871
867
866.19
828
842.637
840.005
838.961
840.995
789
797
805
820
823.427
828
836
840.014
836
844
859
844
844
867
867
852
853.257
857.599
847.619
883
890
883
859
836
839.474
805
820
805
789
789
758
805
843
852
867
868.922
883
875
870.726
844
836
843
813
818.796
820.402
813
828
820
805
820
805
789
789
789.134
766
750
750
750
758
759.23
765
758
764.52
750
750
751.896
752.95
836
828
859
828
828.093
813
828
828
822.786
828
805
820
805
805.273
812
797
797
789
797
794.056
792.851
820
820
805
820
797
789
774
789
787.221
797
789
812
807.302
797
820
814.242
828
828
824.82
805
809.081
809.076
797
789
812
797
798.004
828
819.001
828
813
820
820
815.971
828
820
813
820
828
828
820
805
828
836
828.626
825.661
836
875
867
867
860
859
836
828
797
781
781.731
773
777.239
758
781
766
781
781
797
789
797
798.894
820
844
851
844
875
875.566
859
844
836
844
840.846
828
836
836.841
820
823.459
822.099
828
836
820
813
815.566
805
820
817.658
797
804
774
789
787.396
789
797
797.211
800.357
803.273
805.844
789
796.764
789
789
789
790.346
789.936
789
790.948
790.638
792.356
766
781
777.011
758
773
768.918
769.413
766
768.903
758
750
773
763.56
766
773
789
784.75
766
781
780.493
758
768.266
770.03
765.474
765.64
719
734
737.588
742
739.446
758
789
773
797
805
789
788.57
765
750
735
734
730.859
742
742
750
735
740.394
740.45
737.91
750
748.009
742
745.181
744.162
750
758
750
752.22
750
758
765
766
766
781
789
787.37
783.182
781
780.252
781
766
789
784.33
766
781
779.303
781
775.25
789
758
781
766
773
750
760.431
750
742
750
766
789
805
828
828
812
821
812
805
820
789
805
797
795.201
821
851
852
845.786
883
875.111
883
874.898
869.58
866.197
861.114
860
856.031
906
899
875
898
895.333
906
922
913.125
914
867
852
851.221
852
836
836
837.593
836
837.145
836
836.925
837.331
844
859
828
836
837.067
837.916
838.6
797
797
804
813
816.475
828
836
828
813
828
820
813
820
828
828
821
825.587
828
844
833.617
844
845.039
852
844
859
836
836
837.074
797
828
812
805
809.614
805
807.048
808.839
812
810.753
812.738
813
774
804
796.991
795.818
844
844
839.451
898
891
914
945
946
953
976
972.768
953
969
961
953
961
922
925.91
927.319
923.677
920.976
953
961
961
969
976
938
943.259
930
925.797
992
969
984
978.756
969.931
969
961
914
906
907.586
904.243
922
922
945
1008
1000
1000
1031
992
977
961
922
918.862
867
869.382
867.146
867.733
871.155
984
1000
984
1000
1000
977
969.826
992
987.559
1000
1008
1000
1008
1015
1008
1004.43
1008
1031
1047
1039
1033.34
1000
1002.95
1023
1000
1000
996.888
992
992
953
967.218
961
984
983.591
961
953
961
984
984.254
984
979.854
982.7
984
985.924
982.916
961
953
930
953
958.661
962.568
959.326
961
922
875
878.358
879.781
885.883
883
888.128
891.787
961
969
966.069
1008
1000
989.809
977
984
946
984
992
982.863
977.544
1008
1002.88
992
989.774
991.16
985
980.408
992
987.885
969
969
945
945
943.168
953
961
984
988.471
961
953
956.769
929
933.312
898
899
914
937
969
961
966.383
1000
977
984
1000
1000
961
961
961
954.636
949.462
961
961.264
956.111
953
961
961
956.841
976
961
938
976
953
938
953
945
930
936.953
953
938
953
961
957.295
961
953
930
953
945
930
939.984
942.984
930
945
930
931.492
992
977.201
992
988.333
953
937
930
914
917.822
920.324
969
966.375
992
961
953
969
953
950.964
953
949.52
930
934.448
883
894.228
894.259
953
962.181
961
992
977
976
969
959.651
950.962
968
946
948.177
946.735
939.994
940.238
961
977
968
967.758
966.96
969
953
953
946
984
984
977.794
1000
992
984
961
961.541
961
945
922
914
922
953
930
936.893
969
961
953
937
941.78
922
929
922
930
930
984
983.169
992
1024
1019.47
1016
1031
992
977
984
961
992
969
972.189
1016
992
1016
1010.17
1005.31
1003.49
1039
1000
1000
984
977
977.765
977
984
980.68
992
953
969.43
968.48
966.179
1000
1000
984
1000
946
937
939.615
937
940.625
984
991.633
992.757
945
954.415
898
903.632
903.354
905.446
910.222
899
898
922
922
922
953
976
969
992
977
992
1000
992
985.32
983.641
969
976
971.841
961
962.394
961.114
969
966.803
969
969.458
976
946
976
969
961
953
969
965.636
961
961
953
938
953
953
938
968
946
984
1008
992
1000
992
969
969
992
953
1000
1000
1000
1000
997.306
1000
1008
1002.17
992
1024
1000
1023
1016
1012.55
1010.91
1024
1015
1008
1009.72
1024
1023
1000
1009.65
953
977
976
1008
961
992
989.389
969
992
985
992
984
988.46
984
969
978.696
953
961
962.49
945
938
937
922
927.543
890
875
878.131
875
891
883
898
914
899
907.642
909.877
914
916.72
919.461
906
883
890.404
875
898
891
891
906
914
883
914
937
927.971
945
939.806
953
961
951.924
961
938
939.186
936.227
961
969
1000
977
992
989.583
984.43
981.908
969
968.82
969
992
985.734
969
970.79
970.881
969.102
1000
992
1000
1008
1008
992
1008
1004.02
992
1000
976
977
969
976
975.881
969
972.756
961
964.667
969
953
976
977
961
969.596
968.932
945
930
961
957.53
976
977
953
964.89
964.864
938
953
945
941.423
945
961
952.738
955.685
945
946.869
914
883
888.368
906
938
945
992
953
956.349
959.471
969
961
992
989.476
978.655
969
968
938
961
953
953
930
945
922
924.817
926.833
976
969
969
965.632
930
898
891
891
929
930
937.511
961
953
952.3
953
945
930
945
945
930
969
953
953
969
963.422
961
1000
984
976.937
978.025
969
976
971.501
967.573
969
1000
984
992
1000
977
992
992
977
969
1000
984
981.773
983.503
980.757
946
945
930
945
947.802
950.292
953.898
976
978.692
976.966
969
968
967.429
963.875
984
982.391
978.661
1000
997.379
977
984
1008
961
992
1000
990.342
987.363
984
981.635
969
984
953
958.872
977
971.526
984
977
969
984
980.744
961
970.404
973.06
967.509
1000
969
969
992
992
985.754
1000
995.506
1016
1000
999.721
1000
998.344
995.72
1016
1007.04
985
1023
1011.81
992
1008
961
961
965.158
961
963.481
965.718
891
927.601
914
914.573
969
969
971.737
975.708
992
1000
1031
992
977
984
946
929
891
883
914
925.168
953
945
950.399
984
983.861
1000
1023
1000
1000
995.877
977
1000
984
977
992
969
961
984
979.84
975.682
992
969
984
1000
992
969
992
977
984
977
984
969
974.853
1000
984
1008
1000
997.318
1000
969
981.125
982.679
977.807
979.335
1000
1000
1008
1023
1014.88
1012.14
1012.67
969
961
992
984
961
970.857
961
953
957.622
957.203
961
992
996.237
992
994.914
969
984
981.141
961
953
992
977
984
983.107
992
992
1000
1008
992
1008
1003.03
992
994.666
991.673
977
1015
1000
996.337
992
992
991.092
1000
995.186
994.029
1008
1015
985
991.838
992
988.797
1016
1006.22
1002.16
1004.11
1000
992
996.612
1000
993.966
995.073
996.823
995.637
976
922
922
883
898
898.358
902.544
930
945
969
1000
992
969
977.583
969
966.654
969
961
961
969
1000
1015
1012.41
1000
995.442
992
969
969
965.146
969
984
977
976
973.772
984
961
1000
1008
977
1023
1000
1000
1008
992
977
984
961
953
1000
992
977
1023
977
979.481
1000
989.186
1054
1035.49
1039
1062
1047
1039
1041.68
1033.15
1029.91
1055
1042.57
1038.94
1055
1039
1015
1047
1036.09
1031.51
992
1005.03
977
982.668
1008
1001.01
1008
1023
1017.93
1008
1023
1016
1016
1031
1023
1016
1000
992
994.593
994.739
1008
1031
1008
1013.29
1017.46
1011.99
1009.49
1011.29
1007.46
1000
1001.56
1001.49
1023
1020.94
1016.79
1054
1045.85
1000
1000
1000
1000
1039
1047
1034.64
1063
1039
1023
1024.92
1008
984
987.855
1016
1023
1047
1044.72
1031
1039
1036.51
1027.62
1023.14
1031
1027.07
1000
992
977
973.956
992
999.462
1003.56
977
983.053
992
996.109
985
992
997.225
999.576
961
967.167
891
920.596
922.264
813
828
844
859
863.272
922
945
945
961
967.444
953
953.575
945
938
945
943.984
943.399
930
945
961
953
952.088
953.005
961
957.617
976
969
964.839
964.649
1000
992
1000
977
976
977
976
977
984
979.776
977
976.08
984
984
981.125
961
961
953
954.427
953
953
969
969.036
970.46
1000
999.939
1031
1025.17
1017.51
1039
1016
1062
1016
1019.98
1047
1039
1039
1055
1050.31
1039
1070
1047
1047.62
1055
1054
1047
1047.67
1078
1031
1037.79
1078
1047
1086
1078
1047
1070
1016
1030.93
1023
992
969
1000
977
984
1016
1015
1008
1019.83
1000
1005.02
1000
998.158
1000.32
977
992
990.069
992
994.098
1000
992
992
1000
997.214
999.071
1023
1016.85
992
1000
1000.39
998.359
969
978.685
961
976
961
966.665
984
981.589
985
992
984
986.837
953
969
967.294
946
953
961
958.592
961
953
938
984
953
957.364
1000
988.871
984
984.724
983.507
976
976.517
961
969
976
961
969
953
961
960.64
969
1000
1008
1000
997.941
1031
1031
1039
1029.76
1023
1016
1000
1015
1024
1019.67
1031
1047
1031
1055
1078
1066.98
1078
1078
1071.61
1062
1055
1031
1047
1042.22
1039
1039.97
1038.8
1016
1039
1039
1036.25
1039
1047
1043.32
1055
1050.37
1016
1039
1039
1016
1078
1070
1062.98
1063
1070
1061.36
1078
1063
1061.83
1070
1060.31
1047
1056.07
1052.41
1047.62
1086
1070
1047
1055
1055.3
1047
1054.01
1078
1070
1064.28
1067.69
1062
1056.02
1109
1078
1070.97
1094
1086
1102
1101
1055
1094
1109
1078
1086
1086
1070
1094
1102
1086.48
1088.38
1102
1086
1084.62
1109
1055
1075.6
1125
1091.94
1117
1070
1039
1039
1024
992
1008
937
948.703
875
901.785
883
887.886
852
875
877.305
879.762
914
922
930.5
914
914
920.006
898
860
875.765
891
922
953
957.025
945
961
945
941.032
922
916.549
914
922
922
937
934.448
961
976
966.783
922
906
903.761
938
945
961
969
992
986.499
975.472
969
1000
997.913
899
898
883
883
906
945
961
992
988.575
1000
1008
1000
992
969
958.452
922
890
852
867
875
914
922
953
961
969
992
992
984.125
961
969
961
953.198
947.481
953
961
961
959.927
959.13
957.637
954.599
930
931.525
961
953
977
970.878
977
992
1000
1000
992
992
969
969
966.238
930
937
938.076
953
969
984
969
992
945
954.819
945
930
953
953
953.622
969
961
962.437
969
965.283
963.427
969
976
961
964.256
883
883
890
922
928.133
935.158
984
983.88
985
1015
1006.99
992
1023
1015.98
1001.37
1000
1000
1016
1004.85
1000
1031
1000
1008
1009.58
976
977
992
1000
1031
1008
1007.96
1008.08
1024
984
988.532
991.027
1008
999.782
992
1016
1000
994.839
997.044
1001.21
1047
1047
1078
1039
1031
1032.21
1033.36
1008
1023
1021.96
1016
1062
1052.55
1070
1047
1046.79
1045.99
1015
1016
1016
1013.81
1008
1008
992
996.376
1039
1016
1018.6
1016
1023
1019.97
1015
1000
1016
1012.47
1016
1023
1008
1031
1026.72
961
1000
992
1000
992
1000
1008
992
969
992
993.94
990.076
988.18
985
992
992
989.312
914
898
844
836
835.76
828
836
867
883
875
930
946.143
922
930.253
922
914
922
922.989
891
922
937
922
922
922
920.77
930
914
883
867
844
851
853.017
857.37
797
797
797.997
781
758
750
742
735
735.713
719
726
719
711
711
711.753
711
726
719
719
726
719
719
711
726
711
719
711
734
719
734
766
761.543
759.618
828
828
899
873.673
891
828
797
789
758
750
742
750
752.412
756.012
726
711
703
696
703
711
711
714.694
703
703
711
711.401
703
711
703
696
703
703
707.879
711
703
703
703
705.948
705.793
703
702.469
695
697.866
672
686.224
686.183
664
664
664
664
672
671.033
711
705.662
719
718.375
718.041
719
718
703
703
696
711
695
698.798
697.602
672
681.111
680
695
711
711
709.69
706.041
820
780.731
761.598
875
824.102
859
859
852
844
859
875
875
869.748
898
898.42
922
919.918
918.563
919.576
953
951.016
946.191
914
922
914
875
880.131
844
844.97
875
914
930
961
945
984
961
969
945
937.524
945
922
953
922
953
922
945
938.56
953
961
930
939.168
953
953
977
1015
1007.91
1039
1055
1047.04
985
984
930
938.143
929
932.76
1000
1031
1086
1070.54
1070
1047
1039
1008
1000
991.333
945
945.938
945
930
933.924
934.901
992
969
992
1000.66
961
898
844
828
820
821.247
774
781
766
773
797
789
797.506
836
844
854.869
863.326
805
814.362
804
805.595
773
766
773
774
804
836
844.552
844
840.962
851
813
820
816.604
807.34
820
836
852
840.709
930
961
969
945.666
945
914
891
875
867
863.749
844
851
813
812
811.082
774
789
787.754
791.501
821
826.517
875
898
897.854
894.176
844
828
824.252
820
782
820
828
875
882.009
875
875
867
860
850.169
840.926
852
849.25
891
886.075
907
897.119
906
883
875
867.181
859.9
821
828
824.182
867
869.295
883
879.609
883
875
898
893.023
844
875
883
877.417
891
937
923.746
917.37
914
875
879.753
852
867
859
860
867
875
875
874.787
875
875
874.094
875
883
880.158
880.24
880.507
880.007
880.121
883
881.23
875
875
875.078
875
875.783
875
876.149
876.678
876.635
969
953
898.022
895.393
922
914
883
886.06
875
877.117
875
914
930
906
984
1000
1000
969
922
906
891
898
883
891
890
883
922
945
930
914
916.46
891
945
953
943.937
934.957
914
906
891
914
883
906
906
891
896.187
898
897.106
914
910.146
969
954.909
922
923.175
867
882.855
875
898
891
895.895
906
905.241
904.455
906.006
906
905.069
945
930
914
883
875
867
828
836.436
851
857.626
836
836
844
836
851
855.898
828
844
851
891
922
916.578
930
914
898
892.358
836
839.522
837.407
859
866.812
871.675
828
828
829.812
832.173
820
820
844
883
906
914
899
889.238
875
859
844
838.399
828
829.314
813
815.374
859
852
906
961
961
953
953
922
891
867
867
865.389
866.133
820
836
844
859
875
852
856.396
861.312
859
844
844
828
859
852
851.517
851.13
883
875
871.532
860
875
867
875
868.636
844
851
844
875
875
906
930
919.421
929
930
891
890
875
870.788
875
871.324
844
851.47
836
828
836
883
883
885.714
922
920.642
976
953
943.924
938.861
928.368
875
852
867
867
883
906
916.69
945
891
930
929
930
922
918.987
961
961
945
922
914
898
893.203
883
875
867
867.871
883
922
937
936.238
930.41
914
898
891
886.512
898
908.018
867
883
886.23
896.373
914
891
937
906
902.211
900.767
867
872.517
873.782
867
869.11
870.106
891
898
914
914
911.056
875
880.841
844
836
828
829.056
805
812
797
797
797
789
797
797
789
812
813
859
875
883
883
883
859
859
855.889
836
836
828
813
820
817.189
820
836
836
838.167
875
867
844
859
852
859
844
845.729
844
836
844
867
864.649
867
864.183
867
862.847
836
839.895
820
819.135
819.724
852
856.605
854.038
852
883
898
891
898
893.1
883
876.378
859
852.695
828
828
836
836
852
890
891
886.684
881.081
872.209
852
867
836
836
828
825.406
828
821
843
846.8
851.169
867
870.628
852
854.084
852.125
847.622
844
841.081
875
859
852
898
922
961
1008
992
981.64
930
945
906
883
891
891.875
898
898.797
875
875
875.991
859
844
859
844
859
859.531
844
836
839.282
844
844
867
875
880.189
859
852
855.817
859
844
867
875
872.497
844
867
869.551
828
836
841.307
883
883
961
969
944.153
984
975.775
969
992
969
984
969
963.108
922
929.201
930
984
971.511
965.268
963.839
963.081
984
961
959.361
899
906
898
896.575
906
891
883
890
875
875
883
852
890
885.678
898
899
903.068
891
897.438
897.217
852
867
864.308
863.075
865.388
945
930
925.489
922
914
906
899.746
906
891
875
879.583
859
875
860
875
875
890
891
890.628
906
891
883
884.763
891
914
914
922
930
937
934.48
930
898
867
844
843.679
867
884.168
895.15
902.895
922
925.859
938
961
945
933.079
930
937
922
914
922
914
906.783
902.376
930
914
911.329
890
891
875
875
876.526
877.647
878.64
867
870.329
859
899
898
961
984
1008
999.322
1000
1024
992
961
984
953
946
953
961
937
899
953
976
1008
1039
1047
1033.94
1109
1093.43
1073.95
1016
1039
1125
1000
961
976.149
930
935.223
943.363
984
1047
1047
1039
1035.41
1039
1030.76
1017.53
1016
1000
992
953
953.447
969
978.125
1031
1047
1031
1026.91
1047
1031
1008
961
984
988.756
969
992
1031
1027.18
1000
992
985
1015
985
988.478
1016
1016.14
1023
930
945
906
899
906
909.855
891
914
922
914
953
930
945
949.112
961
961
984
969
971.466
984
953
959.16
922
928.252
926.255
925.601
928.128
953
948.983
950.455
961
956.666
946
961
954.843
952.531
945
938
938.778
945
977
969.938
930
945
930
928.911
930.38
930
953
954.084
945
961
960.484
956.775
992
984.045
976.626
969
937
914
914.634
883
914
930
953
953
953
977
984
969
992
1000
992
985.742
1016
1008.16
998.112
1000
1000
992
987.903
953
961
953
961
961
969
1000
1000
1008
1000
976
969
953
961
962.279
964.325
967.042
961
962.078
961
953
953
951.831
953.324
984
977
976
992
977
1000
995.827
990.078
986.033
985.184
961
968
938
922
921.857
930
936.443
969
961
961
992
969
984
984.65
929
922
914
910.04
907
953
945
930
961
914
906
875
877.299
878.823
930
945.338
953
977
976
967.502
962.652
953
930
945
930
953
951.358
948.706
945
953
930
953
969
960.564
976
985
953
959.526
992
953
961
958.31
922
932.406
934.842
931.86
914
924.285
914
913.171
953
953
961
953
945
946
953
953
953
961
961
953
953
938
945
906
883
875
875.562
867
836
844
875
884.506
844
836
842.812
845.048
847.738
906
899
901.18
930
922
919.026
922
914
910.603
890
789
807.769
766
781
774
779.598
785.928
791.427
758
742
727
727.532
711
719
718.798
703
710.242
688
695
703
703.407
707.332
758
789
805
789
793.167
789
805
803.187
796.926
891
880.538
930
961
961
992
984
922
922
933.07
922
945
953
945
946
961
953
948.6
969
964.468
959.247
969
1015
1008
995.492
1016
1000
994.438
1016
1005.06
993.371
993.942
993.052
986.751
1008
1001.83
995.703
1031
1020.93
1013.91
1023
1000
961
971.376
992
987.729
987.64
977
978.542
977
976.338
969
992
992
984
930
949.166
976
1016
1031
1047
1078
1055
1062
1047
1055
1047.76
1070
1064.46
1053.56
1125
1078
1086
1084.15
1075.38
1117
1117
1125
1116.18
1112.99
1125
1118.74
1117
1113.68
1111.42
1094
1086
1125
1086
1117
1109
1094
1117
1102
1102.11
1156
1133.99
1086
1101
1103.01
1094
1086
1070
1086
1055
1070
1086
1078
1109
1108.13
1109
1149
1117
1125
1133
1125
1164
1172
1156
1156
1164
1153.96
1148
1148.26
1144.7
1141.94
1164
1141
1125
1130.68
1127.58
1039
1047
1052.36
1024
1054
1055
1057.57
1039
1032
1023
1031
1024
1023
1026.05
1008
1031
1016
1031
1039
1031
1055
1039
1046.18
1039
1016
1039
1034.08
1032.71
1016
1039
1070
1058.65
1053.89
1047
1062
1055
1078
1070
1063
1070
1067.47
1064.48
1055
1078
1086
1078
1078
1071
1072.42
1094
1125
1109
1133
1133
1126.09
1133
1128.56
1172
1156
1195
1164
1172
1180
1172
1168.63
1188
1179
1176.76
1177.14
1164
1167
1172
1195
1195
1190.02
1172
1175.09
1211
1195
1191.19
1203
1164
1195
1203
1157
1165.65
1172
1148
1154.43
1157.96
1159.76
1164
1133
1143.18
1146.51
1148.88
1195
1184.36
1125
1136.31
1141.81
1071
1109
1086
1109
1094
1102.42
1106
1086
1055
1070
1071.69
1039
1062
1063.45
1039
1050.7
1039
1047
1031
1024
1030.04
1030.62
1062
1039
1016
1008
1011.58
1008
1047
1047
1078
1086
1094
1093
1088.85
1125
1094
1101
1098.1
1055
1063.13
1055
1039
1070
1086
1047
1078
1078
1070.93
1094
1117
1094
1140
1126.42
1133
1164
1164
1149.64
1172
1160.44
1152.26
1180
1167.31
1148
1156.71
1133
1148
1141
1140
1138.83
1164
1133
1140.38
1133
1117
1133
1148
1140.93
1141.45
1156
1141
1142.85
1156
1149
1164
1160.25
1133
1143.97
1110
1164
1187
1149
1179
1164
1149
1152.41
1156
1180
1211
1199.24
1164
1164
1164.99
1234
1211
1219
1211
1195
1192.64
1195
1190.24
1172
1169.1
1167.83
1180
1156
1203
1172
1156
1203
1157
1162.04
1141
1109
1117.75
1109
1111.79
1078
1088.88
1141
1133.09
1135.25
1142.89
1140
1143.81
1146.95
1164
1141
1101
1117
1141
1125
1127.33
1135.13
1125
1125
1110
1117
1164
1133
1128.99
1132.44
1117
1125
1124.06
1109
1078
1102
1109
1094
1117
1125.01
1078
1047
961
978.495
977
981.177
945
962.523
945
985
1015
1016
1027.6
1039
1047
1039
1047
1050.81
1051.65
1055
1062
1039
1043.98
1024
1047
1031
1078
1070
1067.5
1086
1047
1039
1037.11
1039
1034.76
1023
1016
1016
1023
1021.77
1023
1000
1016
1039
1034.6
1032.4
1015
1008
1013.4
1008
1008
1023
1008
1016
1008
1023
1000
1031
1055
1050.47
1047
1043.19
1041.64
1016
1039
1047
1041.47
1036.24
1034.2
1035.94
1172
1164
1164
1134.16
1188
1172
1172
1218
1180
1172
1173.73
1172
1156
1164
1141
1117
1156
1172
1163.51
1063
1085.35
1039
1055
1056.79
1057.28
1078
1070
1032
1043.41
1023
1027.33
1027.82
1008
1039
1016
1023
1031
1031.99
1062
1047
1016
1015
1018.84
1008
1012.43
1008
1008
1039
1031
1031
1032.67
1008
1016.94
1015
977
1000
996.458
1000
1008
1005.47
1008
1008
1008
1008
992
998.243
969
953
955.964
906
875
859
844
813
820
819.706
821.762
813
851
836
836
828
844
867
869.849
914
945
969
961
1000
1000
1016
1023
1016
1015.27
1016.42
1039
1037.49
1034.4
1078
1094
1078
1075.2
1076.23
1078
1094
1089.9
1094
1125
1094
1093.6
1078
1075.73
1062
1059.12
1057.2
1023
1047
1041.97
1043.09
1045.5
1032
1039
1031
1047
1062
1047
1051.86
1052.75
1086
1117
1125
1125
1125
1122.54
1118.74
1133
1117
1109
1102
1125
1125
1120.52
1086
1089.69
1086
1088.05
1039
1039
1008
1039
1038.99
1039
1041.75
1031
1031
1016
1018.71
1031
1039
1042.64
1047
1050.9
1055
1031
1039
1000
1006.18
1023
1016
1021.32
1024.09
1026.89
1024
1015
1018.62
1020.21
1039
1047
1039
1035.22
1035.7
1035.99
1039
1047
1016
1015
1024
1039
1062
1086
1047
1063
1059.98
1061.48
1057.2
1050.05
1044.92
1047
1055
1053.21
1048.86
1078
1070
1066.18
1094
1078
1072.94
1072.14
1101
1102
1109
1086
1102
1109
1102.9
1095.48
1063
1031
1035.06
969
914
883
883.104
859
863.55
866.273
869.562
1039
1047
1078
1078
1063
1064.27
1039
1031
1024
1039
1039
1038.8
1039.08
1047
1039
1038.08
1037.45
1078
1086
1078
1072.24
1070
1070
1078
1070.8
1086
1078
1073.62
1055
1053.74
1047
1045.71
1055
1078
1077.86
1109
1107.03
1094
1086.27
1080.26
1078
1055
1070
1069.87
1031
1039
1024
1039
1041
1044.49
1086
1078
1078
1080.89
1117
1109
1110
1078
1078
1076.47
1078
1086
1078
1070
1078
1055
1059.28
1070
1039
1047
1031
1033.43
1047
1031
1047
1039
1041.77
1055
1031
1055
1050.07
1047
1070
1055
1047
1078
1109
1102
1156
1141
1136.06
1133
1127.25
1117
1125
1125
1102
1148
1063
1070
1071.87
1047
1055
1086
1054
1055
1047
1039
1042.34
1043.19
1016
1024.46
1023
1032
1023
1047
1055
1057.04
1062
1047
1053.93
1016
1028.47
1029.4
1000
1000
1000
984
989.451
984
986.077
988.121
953
914
921.06
859
867
866.564
828
828
829.951
831.322
789
797
820
797
828
813
828
831.264
844
875
883
914
918.319
906
914
916.291
961
969
992
969
967.226
970.51
970.464
1008
1008
1023
1008
1000
1008
1023
1031
1016
1010.73
1031
1016
1015
1016
1023
1018.15
1016
1013.39
1011.36
1000
999.385
1047
1078
1086
1117
1094
1125
1120.83
1109
1086
1070
1064.24
1059.98
1057.11
1055.65
1117
1063
1109
1107.25
1086
1117
1094
1090.69
1110
1117
1133
1121.03
1119.01
1141
1148
1102
1148
1137.26
1130.1
1128.86
1129.16
1126.89
1117
1102
1148
1180
1157.76
1151.91
1149.07
1172
1163.12
1187
1175.6
1180
1148
1102
1148
1125
1156
1147.36
1164
1158.88
1172
1156
1133
1139.5
1164
1149
1146.47
1164
1133
1133
1136.01
1094
1125
1121.36
1117
1125
1078
1097.58
1070
1047
1070
1086
1055
1078
1094
1091.08
1047
1047
1031
1031
1055
1055.26
1059.48
1065.07
1078
1117
1113.2
1110.79
1125
1119.87
1133
1164
1164
1156
1164
1164
1102
1117
1115.64
1117
1149
1172
1117
1117
1121.83
1078
1085.15
1086.95
1084.21
1000
1015
1017.79
969
986.392
993.935
976
938
956.658
992
992
1000
1000
1009.45
1008
1000
1005.21
1016
1023
1016
1018.67
1039
1078
1078
1078
1094
1117
1108.61
1099.3
1164
1164
1146.76
1180
1156
1150.73
1156
1164
1117
1120.44
1126.25
1141
1156
1147.76
1109
1125
1127.88
1086
1092.34
1078
1078
1125
1123.95
1125
1156
1164
1110
1140
1143.77
1102
1164
1125
1125
1141
1148
1156
1164
1156.51
1149.88
1125
1156
1141
1148
1133
1133
1134.84
1131.84
1148
1102
1117.02
1164
1141
1135.67
1137.63
953
1024.66
875
934.427
883
898.648
953
969
961
1000
1004.12
977
986.26
1008
1000
1002.09
992
996.625
1000
977
984
977
979.577
992
990.734
977
984
985.705
985
984
983.816
977
975.422
992
984
1000
995.616
992.525
993.185
994.099
990.396
989.72
984
969
969
992
984
985
987.412
906
891
935.495
867
852
875
875.74
813
851
860
906
945
946.127
949.149
984
969
992
1008
1008
1070
1070
1056.46
953
953
969
964.748
1047
1039
1055
1062
1016
1019.29
985
979.475
984
961
962.613
1000
995.875
994.724
994.251
938
961
961
961
984
985.846
1000
969
1031
1018.15
1023
1015.18
1047
1036.52
1071
1070
1061.25
1094
1101
1102
1125
1086
1117
1102
1117
1110.19
1110
1110.78
1125
1121.81
1125
1124.32
1125
1125.35
1124.37
1109
1125
1118.21
1109
1110.57
1055
1070
1024
1078
1047
1054.55
1055
1047
1052.27
1055
1055.3
1078
1063
1054
1071
1066.81
1093
1102
1109
1125
1123.56
1109
1102
1148
1125
1120.9
1149
1125
1126.22
1127.17
1122.42
1133
1127.08
1125.98
1125.77
1125
1110
1140
1086
1094
1094.76
1078
1039
1047
1048.64
1039
1055
1062
1063.97
1068.55
1071.72
1117
1070
1081.65
1084.84
1078
1109
1086
1090.9
1092.76
1088.29
1140
1122.69
1125
1110
1148
1133
1141
1133.49
1156
1133
1136.61
1164
1117
1124.59
1164
1133
1156
1146.41
1125
1109
1125
1164
1133
1172
1160.63
1078
1063
1031
1031
1055
1016
1031
1039.5
1016
1039
992
1008
992
969
1000
998.147
1000
1008
992
1000
1000
1001.19
1002.4
969
984
969
976.446
977
979.282
961
953
961
953
956.062
958.042
961
953
977
945
875
875
844
850.926
867
875
883
937
950.166
930
945
953
930
922
937
930
930
945
942.877
935.674
937
935.255
930
925.247
923.315
976
965.409
954.24
969
1015
1016
1008
1008
1002.47
1008
1000
1016
1000
996.653
994.299
992
1008
1008
1002.91
1000.45
1047
1023
1039
1031
1024
1047
1040.25
1024
1024.04
1008
1023
985
1000
1031
1020.03
1055
1078
1070.51
1066.63
1117
1104.13
1095.48
1148
1094
1096.51
1097.25
1140
1110
1148
1133
1109
1115.94
1141
1117
1113.69
1164
1133
1148
1133
1129.78
1128.95
1124.43
1120.34
1117.73
1031
1075.19
1008
1031
938
875
578
578
1008
844
820
837.773
813
812
813
820
875
914
930
984
969
969
974.587
922
953
945
930
961
959.734
984
1000
1000
985
984
982.555
992
961
960.619
969
977
984
984
980.007
1000
992
985
982.106
978.27
969
977
972.533
984
978.892
984
981.831
992
984
969
973.123
974.749
961
1000
977
968
973.472
1000
984
985
992
1000
1031
1019.92
1008
1007.31
1008.21
977
1000
994.971
991.029
989.587
990.679
1047
1078
1061.97
1078
1055
1070
1064.84
1078
1068.67
1062.18
1102
1101
1089.81
1083.21
1084.69
1101
1094
1094
1090.61
1109
1133
1123.78
1094
1086
1125
1078
1117
1109.77
1110
1125
1116.49
1133
1102
1109
1109.57
1108.84
1148
1141
1148
1164
1141
1148
1157
1148
1102
1148
1133
1117
1125
1133
1117
1125
1124.08
1039
1063
1078
1070
1047
1016
1039
1040.93
1016
992
977
984
969
974.902
969
977
1015
1019.48
1008
1017.59
1008
1013.04
1016
1023
1008
1012.68
1016
992
997.192
1047
1043.35
1035.95
1031
1016
1031
1039
1031
1026.22
1047
1043.09
1078
1063.89
1055.19
1125
1125
1094
1117
1110
1117
1133
1125
1117
1148
1139.87
1109
1114.18
1133
1117
1172
1102
1109
1094
1096
1093.69
1102
1109
1164
1133
1129.68
1128.64
1125
1102
1117
1113.12
1110.85
1111.95
1133
1128.13
1179
1149
1139.84
1156
1180
1156
1172
1165.77
1141
1203
1183.88
1156
1172
1141
1133
1164
1153.91
1125
1156
1149
1140.93
1144.67
1156
1133
1180
1187
1164
1172
1117
1102
1125
1156
1133
1150.1
1160.74
1172
1211
1164
1162.61
1156
1133
1141
1143.99
1138.76
1133
1139.56
1137.53
1125
1172
1156
1219
1196.16
1140
1149
1148
1086
1125
1102
1093
1102
1148
1141
1125
1125
1125
1086
1099.6
1141
1117
1117.16
1128.96
1133
1164
1203
1133
1133
1142.36
1133
1117
1126.18
1156
1156
1141.63
1164
1094
1102.54
1094
1078
1102
1125
1125.58
1125.52
1179
1172.68
1159.94
1180
1164
1187
1188
1172.19
1168.43
1166.7
1101
1086
1172
1164.6
1195
1188.34
1180
1180
1187
1141
1148.79
1125
1117.82
1117
1094
1097.33
1117
1078
1125
1125
1094
1125
1148
1141
1203
1125
1109
1110
1101
1055
1094
1125
1117
1164
1211
1164
1195
1196
1203
1164
1173.41
1195
1164
1172
1172
1158.06
1154.3
1155.85
1141
1117
1133
1156
1125
1133.55
1156
1133
1117
1125
1123.58
1118.63
1117
1121.43
1125
1133
1156
1172
1163.71
1195
1125
1094
1156
1180
1166.77
1149
1195
1125
1133
1138.17
1133
1141
1125
1117
1122.35
1133
1164
1086
1078
1086
1047
1062
1047
953
983.919
875
931.308
789
876.487
877.357
781
824.84
835.953
750
734
656
648
641
648
655.615
664.054
664
674.642
682.266
711
719
765
774
828
836
828
830.652
805
797
812
805
797
796.218
836
867
867
857.95
867
844
851
844
838.532
875
898
885.538
875.216
930
922
930
914.306
930
929
922
914
913.67
930
914
908.982
907
906.279
898
894.689
892.633
891.41
890.421
985
940.661
932.365
930.508
945
945
934.455
969
976
977
953
953.139
930
1008
986.156
1062
1008
1000
1016
1013.42
1047
1078
1053.68
1042.64
1101
1094
1078.05
1008
1014.77
883
875
867
899
921.513
984
1002.25
930
914
875
859
821
820.793
805
812
797
805
807.679
810.673
898
1016
930
914
921.032
859
857.744
797
797
789
766
767.903
768.489
758
759.665
760.776
750
750
750
758
750
765
766
766
773
789
797
798.15
828
829.781
805
797
789
773
766
766.007
767.352
828
824.815
711
711
711
703
719
723.493
773
766
789
797
793.842
804
800.925
781
797
781
789
785.708
766
789
781
774
781
789
789
797
789
789
797
844
820
815.091
781
784.73
805
883
890
883
862.296
867
828
797
789
788.115
790.07
758
764.256
773
780.211
781
781.746
781
783.676
758
750
750.525
751.547
742
744.887
727
750
752.961
781
805
808.902
820
805
802.192
805
801.514
805
797
794.355
791.33
797
805
820
805
844
851
860
875
867
883
867
867
863.767
789
789
797
820
813
828
828
805
820
820
805
820
805
805
807.042
797
800.932
820
814.219
836
867
883
874.206
875
891
875
869.669
866.676
883
876.944
891
906
898
896.104
895.231
828
813
781
797
789
789
793.526
789
792.096
789
797
797
820
825.68
828
828
832.198
774
773
750
727
742
734
750
756.584
766
766
774.026
766
758
773
769.388
758
750
758
755.021
789
781.831
789
758
765.655
742
746.412
719
727
734
750
751.988
750
751.937
781
781
750
797
797
789
789
797
790.233
797
792.059
781
780.61
789
781
774
776.741
776.053
836
836
859
843.741
883
906
914
953
961
992
986.139
981.207
979.094
992
1008
984
979.611
992
1008
1031
1000
1008
1023
969
953
955.855
954.084
949.802
961
945
914
930
914
953
930
934.545
930
937
930
899
898
875
877.651
836
828
844
859
875
844
859
844
859
859.925
828
838.238
841.126
843.704
797
811.124
805
807.138
836
805
851
850.734
852.114
828
836
840.061
839.94
836
836
836
828
836
828
828
836
832.564
812
805
851
821
851
844
844
859
852
859
836
844
843.839
922
891.576
883
891
887.392
852
851
849.768
846.098
828
813
820
805
820
828
836
838.515
840.697
842.763
843.769
843.434
843.049
841.295
839.289
837.721
789
766
781
758
766.259
765
769.014
735
742
742
727
733.456
734.541
736.691
739.195
741.841
774
776.069
789
794.976
820
805
828
797
781
766
773
766
767.344
773
758
761.263
773
758
758
758
781
789
797
792.608
828
836
826.924
819.131
813
836
859
875
867
855.369
850.243
859
836
834.203
859
854.24
828
813
818.567
852
906
938
910.65
961
949.009
891
875
867
875
875.42
867.928
836
840.725
867
873.801
891
881.22
852
855.046
863.873
836
852
922
915.085
914
867
867
871.702
860
859
852
906
906
891
937
891
883
945
922
902.72
953
938
913.595
875
914
914
906
899
875
880.652
875
906
938
953
969
953
922
923.732
906
875
836
844
848.082
852.196
883
883
875
879.337
884.334
914
937
930
953
951.783
906
900.903
859
854.264
850.987
906
922
922
984
987.264
922
906
914
875
869.379
883
914
914
908.043
953
969
922
914
923.223
867
844
844
847.338
846.533
836
859
844
875
875
906
875
914
916.854
875
882.503
867
852
854.371
844
846.045
836
839.222
820
825.562
828
828
830.462
859
836
836
838.561
837.936
875
867
852
859
891
922
976
963.501
969
906
906
891
914
930
945
933.95
920.016
953
938
945
940.907
953
945
939.524
914
883
898
914
917.335
916.876
945
938
937
922
918.711
883
883
883.598
885.253
867
883
914
921.821
919.872
925.816
906
922
938
931.383
922
914
883
898
860
859
859
844
875
881.629
887.45
891.206
1000
961
922
883
875
876.278
930
984
1016
1039
1031
1078
1039
1008
1000.5
1031
1023
1016
1070
1068.35
1063
1031
1039
1039
1028.86
1086
1024
1023.09
969
1015
1063
1125
1117
1089.29
1125
1125
1110
1095.89
1094
1070
1062.72
1117
1094
1141
1101
1099.25
1101.03
1070
1031
985
992
961
964.145
875
836
836.77
828
805
797
804
782
789
792.854
797
781
789
766
765
750
758
758
758
773
758
766
772.005
758
758
781
781
786.982
828
836
875
875
875
891
906
906
891
867
859
821
820
820
789
797
797
805
812
805
820
797
801.593
828
828
828
836
828
821
828
826.003
836
836
836
843
842.99
821
826.626
825.362
828
805
812
797
789
766
773
758
750
750
758
750
781
766
804
797
805
805.99
804
805
820
813
814.936
805
808.484
807.21
766
781
789
766
773
773.584
789
797
805
828
859
875
930
976
985
972.921
959.972
952.301
821
851
836
833.169
875
867
867.583
869.034
866.852
805
817.885
820
813
820
805
811.631
804
774
784.247
750
762.531
781
766
779.145
859
860
906
906
899
894.833
883
898
889.939
906
901.649
898
906
891
906
930
906
922
922
922
945
938.549
937
930
922
945
938
953
946.261
942.926
906
860
865.948
820
825.804
825.823
797
805.344
789
781
789
788.64
789
792.861
812
816.114
859
875.143
885.171
898
875
875
844
851
813
815.698
816.015
818.746
828
828
820
822.614
820
819.757
820
805
828
836
859
857.044
853.926
849.608
844.251
838.365
852
859
859
852
875
859
875
871.07
865.544
875
867
867
863.857
843
813
815.393
797
774
781
781
774
779.24
789
781
758
781
758
766
781
773
766
805
797.566
836
830.64
828
805
812
797
789
790.643
797
793.503
792.276
844
851
891
875.171
891
859
1008
906
852
855.412
805
809.332
804
804.098
804.771
797
820
821
828
820
822.153
836
828
836
836
828
836
833.884
833.57
875
864.478
820
844
820
836
832.372
843
844
852
848.228
844
844.582
843.334
836
828
829.764
844
828
832.68
834.344
828
813
812
797
789
797
797
799.154
789
820
789
789
766
781
777.681
778.601
781
766
773.33
773.304
781
778.631
781.619
797
795.54
805
804.709
789
883
844
859
836
813
815.92
812
782
788.888
797
789
789
791.549
789
781
781
782.901
758
773
769.934
758
742
750
727
734
719
711
726
711
719
719
723.02
725.46
719
724.638
711
718.192
717.79
703
688
695
688
690.542
692.142
693.828
695.644
703
703
695
711
703
711
703
688
695
672
672
672.954
680
680
687
680
687
686.315
672
672
673.402
672.573
674.441
610
625
641.219
617
617
610
625
622.557
625
628.119
633
648
641
645.652
641
640
633
625
640
625
610
617.135
625
625
626.776
628.6
630.666
640
636.301
610
625
625
622.478
625
625
633
633
648
643.342
633
635.899
641
656
645.994
640.451
642.029
680
695
680.772
669.712
680
687
672
680
676.904
680
680
696
718
706.542
711
695
703
700.78
696.61
672
703
719
726
719
711
710.882
726
719
711
707.119
726
719
703
702.954
711
711.892
781
761.592
742
719
719.913
703
688
690.044
688
691.639
694.252
680
683.836
680
687
688.856
691.261
688
703
711
703
719
734
742
734.03
766
764.693
773
774
781
797
793.53
797
795.807
795.018
794.667
794.003
828
823.571
817.867
815.547
852
846.509
1133
953
578
675.728
898
875
836
832.432
828
820
810.956
812
805
797
789
789
789
766
789
773
758
759.331
765
766
765.565
758
695
725.55
672
688.391
687.836
687.988
688.19
690.584
694.977
719
711
718.974
724.3
719
711
719
711
714.137
715.48
703
695
680
680
687
680
664
664
666.002
656
660.68
662.126
649
654.044
664
664
672
673.613
687
689.091
692.332
672
677.264
672
664
656
656
657.504
659.581
641
656
641
656
653.894
654.767
641
656
633
641
640
633
633
633
648
642.659
656
664
656
649
652.465
656
649
650.569
664
672
666.856
695
703
711
703.453
703
680
679.987
672
664
664
672
672
672
687
672
703
688
687.162
711
702.448
711
703
703
703
696
703
711
706.437
704.174
719
711
711.542
719
711
734
727
734
742
750
735
734
735.07
726
711
713.903
719
719
734
750
745.343
743.232
743.455
773
782
773
789
781
766
766
750
750
746.143
742
742
741.456
742
742
742
742.33
734
742
738.792
739.046
734
736.079
742
741.045
727
711
716.827
742
740.176
750
751.817
727
733.998
735.165
732.64
733.754
703
703
672
674.638
675.718
672
676.426
679.492
695
688
703
706.215
710.061
703
703
705.358
705.733
705.385
711
703
719
716.843
727
734
727
734
719
734
711
715.562
711
709.803
711
703
695
697.334
697.083
672
686.121
679
657
664
663.05
648
641
644.95
642.703
679
680
703
706.325
719
734
727
718
719
703
703
719
711
719
742
734
732.283
734
730.56
727
723.777
719
711
709.61
718
719
719
717.639
735
773
766
756.748
734
750
766
789
828
815.414
914
891
875.639
860.76
797
789
789
805
804.55
820
818.756
812
805
800.673
867
857.521
859
867
836
844
836
867
854.679
843.73
875
852
867
862.047
867
875
844
859
856.308
852
851
848.534
820
829.843
828
844
875
875
875
872.229
844
836
828
844
851
836
840.873
828
829.183
827.648
797
828
836
835.574
836.901
839.54
840.246
838.042
835.34
833.88
828
805
836
836
867
883
878.248
906
899
893.123
891
884.545
879.775
844
867
859
860.197
860.373
859
860
859
867
863.857
867
859
862.084
859.573
859.858
844
859
853.741
852
851
852.157
828
848.924
842.779
842.876
844
836
820
828.192
836
832.381
836
836
828
852
844.905
797
818.502
805
836
830.051
831.417
834.549
833.118
906
906
893.337
875
859
844
836
844
841.146
844
844
867
844
867
867
862.912
859.259
891
883.824
890
844
852.531
836
844
859
855.112
891
884.861
880.481
875
875
875
875
852
867
859
844
859
855.405
875
869.035
867.005
883
867
852
867
875
859
852
836
812
797
798.195
797
812
823.317
820
805
820
820.818
843
852
854.22
854.756
844
828
827.062
836
836
828
825.077
826.872
830.501
844
844
839.34
836
834.281
835.708
805
813
812.784
814.702
828
829.071
820
828
836
838.4
820
822.86
789
794.638
796.138
828
820
844
844
839.373
836.246
833.479
875
867
852
848.79
844
859
852
851
846.298
836
859
852
848.449
883
883
906
895.248
875
859
844
836
867
863.78
860.395
852
867
883
906
922
930
859
844
844.039
845.523
922
906
896.125
888.715
884.84
886.076
937
899
898
892.164
898
901.946
891
883.95
880.124
875
899
895.581
930
915.506
922
945
930
914
910.206
906.948
914
908.821
914
930
927.757
930
969
961.349
951.952
961
945
939.263
953
938
935.121
961
952.861
961
955.781
922
914
914
883
875
875.27
874.178
914
914
930
953
945
914
891
859
856.194
854.811
857.218
861.675
812
822.44
836
820
828.148
836
839.196
844.006
828
834.455
836
836
851
844
844
859
844
844
851
850.291
851.22
867
883
883
898
883
891
888.309
883.753
937
918.137
908.642
905.905
961
945
932.728
927.352
927.984
906
914
875
867
866.057
864.317
866.82
828
813
820
805
808.895
805
808.034
836
836
844.719
844
836
840.499
842.09
867
852
855.218
890
860
890
875
875.293
883
867
868.537
859
867
860
860.057
875
867
867
867
860
861.339
867
883
877.11
883
875
898
891.177
891
890
888.6
914
914
909.481
906
883
898
891
883
890
887.191
891
836
828
836
836
867
875
878.592
880.673
929
924.367
917.545
914
938
931.214
946
945
930
929.054
906
914
914
914
911.311
945
939.752
953
946.179
883
875
875.791
852
875
898
902.527
906
909.392
911.073
911.727
912.285
911.931
910.904
844
867
866.734
867
836
847.522
851
849.536
853.54
856.975
820
831.434
828
827.053
828
844
859
828
836
839.169
797
797
800.093
766
777.279
789
790.211
794.022
789
793.978
781
781
766
781
758
758
760.387
750
758
758
760.23
781
797
800.093
820
797
800.954
781
774
781
781
766
773
772.455
789
766
781
778.961
758
765.522
750
750
742
743.684
726
711
713.169
820
796.001
792.633
797
781
773
789
789
781
805
836
851
875
844
875
871.668
828
789
797
789
797
797
820
828
844
844
851
845.097
836.759
830.503
836
836
844
859
854.634
844
867
875
865.056
906
875
873.803
891
906
875
898
894.768
883
875
875.431
872.715
859
875
859
844
849.435
836
844
843.516
844.512
843
845.44
820
830.149
828.83
782
781
789
787.056
792.386
774
781
789
805
820
859
883
891
887.138
914
914
903.725
875
874.678
890
886.996
898
883
875
906
899
893.753
899
906
875
875
859
844
842.068
859
860.473
859
844
859
836
839.38
836
859
860.966
862.654
863.459
859
861.806
862.072
844
859
855.898
854.759
867
844
859
875
875
852
859
836
844.051
846.429
859
844
867
859.957
867
867
891
879.5
860
875
859
844
851.693
844
844
875
875
859
836
828
836
838.719
852
857.48
855.361
875
875.271
914
904.504
875
875
875
868.228
863.775
862.226
875
859
860.28
859
844
852
820
826.595
836
805
812
814.317
805
812
805
808.55
805
828
805
820
820
797
805
789
789
797
773
774
773
774.854
776.679
758
781
789
766
781
779.524
797
805
804
805
805.42
805.2
805
804.127
789
766
773
750
753.437
754.47
750
758
773
758
789
784.385
781
781
778.552
758
781
775.419
775.836
797
789
805
789
789
790.324
781
783.53
789
784.468
797
797
794.327
794.127
793.638
792.839
789
789
797
789
789
797
792.967
797
789
789
789
787.917
789
789.01
797
781
794.721
789
789.526
774
789
789
789
797
804
799.011
836
851
836.529
833.413
828
825.131
797
812
805
803.796
804.136
844
836
836
851
852
867
858.268
854.415
890
852
867
862.343
867
860.518
858.263
852
890
877.313
872.774
820
828
829.911
828
821
859
867
861.524
875
883
906
899
891.966
914
875
875
875
870.74
891
906
914
899
896.564
906
899.837
883
852
859
836
838.634
836
836
836.867
860
859
863.264
866.792
836
843.917
843.986
828
832.962
834.824
835.552
837.851
938
945
922
916.073
875
860
851
821
843
836
805
797
797
798.281
813
828
867
877.113
961
945
961
938
922
910.15
883
872.824
875
891
898
906
891
875
875
875
859
858.576
797
789
789.205
797
804.095
812
817.883
823.418
828
851
789
805.843
805.797
808.231
811.976
815.659
819.571
820
805
797
789
828
797
875
875
875
875
867
860.853
859
844
836
875
875
863.648
914
901.257
894.469
930
922
922
922
906
907.137
904.144
867
874.745
875
875
871.695
872.905
867
875
844
875
870.639
883
899
890
922
914
883
906
901.318
945
930
961
969
984
992
1000
998.092
977
978.805
1000
993.193
992
969
984
985
980.099
977.766
969
961
961.771
922
945
922
924.87
945
922
922
922
953
945
953
938
922
929
931.189
931.382
931.486
914
922
937
961
956.179
930
976
961
961
945
961
899
922
945
922
922
926.713
898
910.516
891
898
906
904.443
906
908.837
945
930
929.211
938
937
933.388
933.619
945
939.353
922
961
947.895
961
952.476
907
906
883
886.02
875
860
859
883
883
888.248
892.615
875
914
909.244
828
828
836
851
852
867
874.29
906
905.598
922
921.748
945
922
937
930
920.329
914
891
883
906
875
914
875
891
888.638
885.226
875
879.489
879.251
890
906
902.063
922
945
953
961
938
945
942.584
953
946.294
945
944.413
943.398
969
961
956.545
953
953.667
961
957.75
961
945
946.565
945
930
945
953
945
944.669
944.456
946
953
951.302
948.984
947.867
930
939.71
940.657
914
930
914
937
914
899
922
914
906
906
891
898
899
906
891
897.371
899.207
891
914
906
914
912.673
945
930
922
922
924.56
922
922
906
922
917.37
914.656
844
867
852
890
890.723
893.917
906
945
930
945
946
945
953
930
945
940.849
935.148
969
961
968
962.593
953
914
945
938.027
945
939.531
961
953
984
974.046
970.151
976
977
1000
961
953
955.633
922
934.989
953
961
969
945
961
953
930
953
930
934.344
930
932.157
922
926.765
925.863
922
930
922
929
914
921.423
930
914
914
852
859
836
846.576
875
898
891
914
918.081
920.488
922
922.554
907
911.962
908.252
914
930
914
917.912
922
922
945
938.568
945
941.213
922
953
953
961
961
954.745
969
961
945
922
922
922
914
914
914
914
899
914
911.977
929
914
891
898.573
899
906
906
908.162
906
914
883
898
883
875
875
867
867
860
862.262
861.972
883
881.914
914
917.22
918.35
922
922
922
918.822
915.725
913.021
945
938.254
935.154
945
942.369
922
925.429
945
961
953.086
969
964.32
960.663
958.936
956.083
992
977
984
977.152
953
955.593
922
926.787
906
883
914
930
929
930
935.481
937.903
939.535
939.617
860
859
875
867
883
891.897
891
906
907.738
922
937
907
929
922
891
899.968
914
914
914
914
913.278
937
922
930
937
929.278
930
922
921.265
930
924.516
922.082
945
946
961
945
944.914
953
938
945
930
937
922
930
914
906
908.465
908.325
906
908.025
914
914.297
916.383
945
953
950.767
953
953
930
931.642
929.029
930
945
945.451
922
937
922
922
923.377
914
937
934.14
930
945
922
925.914
937
922
930
929
922
914
891
914
913.417
913.178
914
914
922
945
939.794
930
922
914
914
922
937
933.31
922
922
922
921.756
922
945
938
933.31
929.349
927.527
945
930
928.785
937
930
929.96
937
934.617
945
961
953
949.224
961
930
933.789
906
899
898
891
906
891
859
869.359
875
891
906
906
911.361
914
914
916.436
891
883
875
898
883
883
886.371
883
885.489
883
891
890
891
891
890
891
906
902.696
930
945
930
922
914
912.984
922
898
907
906.027
904.818
914
910.316
906
907.257
883
891.327
883
875
875
875
875
875.219
875.518
883
883
875
879.851
875
877.387
877.347
867
875
875
883
875
898
883
875
883
867
883
898
883
884.134
898
891
914
902.901
914
910.008
906
914
906
906.92
905.511
914
906
899
901.55
922
930
929
922
922
922
945
930
953
945.366
942.066
945
922
906
891
875
867
867.03
868.338
906
899
904.734
906
914
914
906
899
906
906.075
891
895.377
914
922
922
945
961
977
992
985.084
961
956.504
945
938
934.112
938
945
944.176
945
930
945
942.388
930
945
922
926.423
922
922
922
921.588
922
930
922
906
912.306
922
920.492
891
906
914
912.41
914
922
921.054
937
930
914
922
937
914
907
914
906
922
914
915.693
919.884
914
930
922
929
938
945
930
937
899
911.111
883
906
902.837
904.105
906
906.837
908.362
908.702
910.266
899
905.42
903.959
903.157
891
898
891
898
844
836
836
851
849.963
867
875
883
886.679
883
867
875
875
852
890
883.024
883
906
891
922
914
914
945
930
945
930
929.019
937
914
922
914
899
914
914
909.124
922
906
914
914
899
929
899
914
910.245
908.92
914
911.574
911.239
922
906
922
922
914
930
922
937
929.193
928.394
928.857
930
953
961
961
969
953
961
961
945
953
961
955.199
953.166
938
941.891
940.692
938.631
937.569
875
908.04
906
907
909.39
945
930
961
953
945
949.458
961
952.76
945
951.655
930
953
948.41
945
945.987
945.913
922
945
939.778
934.646
930
914
945
930
930
945
939.371
930
922
929
922
899
914
915.394
883
906
905.028
906
883
875
883
875
877.59
881.445
881.853
859
869.394
859
852
867
867
844
854.758
856.815
867
859
860
890
883
878.191
880.629
875
875.616
875
859
862.72
859
844
848.555
850.88
867
883
879.376
883
914
908.392
914
906.555
937
930
930
923.725
937
930
926.279
953
946.655
945
930
932.662
945
938
933.993
932.817
937
930
945
930
953
953
949.078
953
950.648
949.533
953
938
941.549
941.55
899
926.367
923.241
883
914
909.875
906.655
910.799
911.949
930
924.817
922
922
914
914
945
934.443
961
953
951.729
961
956.964
929
938.26
922
945
938.031
953
946.877
947.11
953
949.584
948.485
969
961.941
969
964.622
953
969
964.026
969
976
971.99
946
953
953
953
945
930
961
922
953
945
944.714
976
961
959.512
961
953
945
930
935.826
946
953
961
953
984
969
961
992
984.298
979.605
968
961
962.777
961
961
961
959.239
953
961
953
930
945
945.9
945.874
961
962.674
969
965.581
984
961
969
961
968
964.816
938
953
949.728
930
930
937
930
934.412
935.873
945
943.249
922
914
917.333
914
914
906
930
928.143
930
937
930
933.814
930
930
945
914
923.837
906
914
913.744
906
922
917.772
914
922
919.686
914
930
924.029
945
922
922
937
930
945
938
937
938
945
941.021
945
930
953
953
938
945
944.369
930
936.579
953
943.364
953
930
961
945
930
953
922
930
929
928.856
922
914
891
900.097
875
859
875
875
878.647
883
886.146
860
898
883
886.751
891
906
901.815
905.605
906.35
906
891
914
922
914.863
914.01
899
906
906
891
895.272
914
899
906
914
914
891
906
904.012
875
875
880.373
828
846.208
850.223
846.62
850.747
867
883
914
914
908.563
909.271
905.256
914
922
891
906
898
891.426
914
907.857
914
937
927.016
922
945
922
922
922
917.252
914.358
911.405
930
924.154
921.629
920.944
953
953
947.524
953
950.638
946.292
929
930
914
922
930
926.928
925.908
922
923.486
938
945
941.38
953
938
937.151
953
938
938.697
961
961
984
975.05
953
961
961
961
955.483
937
922
922
922
945
930
953
961
961
956.346
957.539
922
914
922
922
923.936
926.724
929.962
932.675
945
922
945
953
930
961
961
961
961
984
969
969
984
969
976
973.24
969
953
953
953
961
945
938
961
961
957.174
968
965.255
961
961
961
958.543
961
961.28
946
968
961
938
950.299
953
969
976
961
961
963.79
953
946
945
953
945
949.341
953.669
930
945
969
976
969
961
961
984
969
969
970.797
961
969
966.699
969
992
969
984
977
984
984
980.552
992
977
984
992
986.325
969
953
953
953
953.869
930
937
938.054
961
953
953
961
930
937
938.551
937.483
938.784
899
913.295
914
906
914
899
898
867
874.648
890
899
914
918.232
922.402
925.76
930
930
937
922
924.788
923.31
919.815
917.429
899
903.05
900.066
906
891
897.161
895.366
930
929
926.236
945
930
914
922
917.67
914
914.296
922
922
922
914
906
914
922
930
906
914
883
891
906
906
891
914
913.289
914
922
922
920.624
914
914
898
899
901.213
906
891
883
906
914
908.848
914
899
906
905.524
875
898
891
875
875
878.399
875
883
875
859
852
851
844
844
836
851
836
828
831.892
844
867
883
906
883
875
883
884.999
867
869.826
891
893.478
887.849
883.149
884.647
867
863.933
844
867
869.423
851
821
827.281
828
830.397
828
830.258
833.576
835.636
875
878.976
875
883
885.605
882.009
883
880.172
876.962
828
836
828
827.385
829.342
836
836
838.284
840.331
844
844
859
836
859
854.896
836
836
836
834.572
836
835.305
859
828
839.366
820
805
809.896
813
812.075
851
844
867
844
844
844.751
836
852
851
852
851
844
844
842.448
828
828
883
883
883
890
883.76
844
859
836
813
815.817
816.766
836
842.849
867
891
906
891
898
922
914.335
901.572
929
926.418
922
922
918.893
910.809
859
844
844.102
844.826
875
859
860
867
868.872
867.448
836
813
828
830.778
828
831.515
836
828
831.688
828
830.205
831.22
851
844
875
878.092
875.589
906
891
914
906
875
891
887.693
891
884.257
884.84
860
859
836
875
875
883
875
867
867
875
871.786
867
867
867.342
875
891
914
922
930
945
945
938
945
945
922
883
883
883
898
902.671
1008
922
976
973.119
906
883
891
894.045
891
898
907.496
906.51
900.962
903.155
914
922
922
915.319
915.656
938
953
930
945
914
915.472
906
906.586
907
905.434
852
875
859
861.755
828
844
844
875
890
891
875
891
898
914
909.556
828
828
836
844
836
844
851
844
859
852
867
852
853.952
836
840.682
844
843.462
844.585
859
852
853.863
844
836
838.881
828
831.672
836
844
844.698
845.786
846.523
845.872
852
859
859
875
852
854.231
890
883
883
883
877.05
890
887.322
875
875
875
883
875
867
875
874.364
872.418
868.286
866.973
868.506
867
865.356
852
867
875
870.363
836
844
848.992
867
883
883
875
877.419
836
859
858.221
858.788
875
906
891
914
909.657
922
913.307
929
921.632
914.526
911.226
875
867
863.546
860.489
862.291
863.915
864.849
883
867
883
914
910.53
908.368
907.113
945
922
922
914
910.785
891
914
914
914
922
920.783
899
898
883
880.465
878.603
878.006
883
883.168
914
906
907.2
908.293
891
890
889.711
888.891
860
868.28
883
887.622
898
899
906
914
914
922
945
922
930
928.835
929
899
898
875
860
861.229
867
870.76
875.74
881.526
852
859
860.32
867
869.462
871.423
883
884.642
906
907.161
891
906
906
901.384
897.597
922
930
914
910.381
945
922
937
938
953
941.361
936.724
907
898
891
898
896.02
897.242
883
906
914
914
909.598
922
937
932.93
906
883
898
902.447
903.252
867
874.61
860
898
883
883
906
912.891
859
852
859.489
844
847.668
849.772
853.415
875
883
883
875
878.725
875
875
867
868.471
844
867
852
875
867
867
891
898
891
887.447
886.282
914
906.274
899
922
914
910.752
922
922
930
945
930
929
922
914
914
910.883
908.183
907.177
906
906.064
904.768
883
875
875
867
852
856.415
859
844
844
867
836
847.845
836
820
805
809.276
805
828
828
851
860
890
914
915.117
914.094
930
926.784
930
953
945
953
951.108
953
952.169
950.234
949.095
947.701
946.387
922
906
922
918.257
914.382
969
956.562
852
859
836
836
859
852
883
922
914
914
906
905.576
914
820
821
821.951
828
836
836
836
859
864.437
883
906
905.812
922
906
897.759
899
898
875
867
844
844
859
852
857.07
875
875
890
883
883
880.746
883
875
883
879.34
883
879.487
875
875
852
875
914
907.145
903.214
953
953
914
915.819
913.714
908.914
937
938
930.704
969
961
969
960.898
956.096
922
898
907
906
914
922
906
910.043
910.071
899
900.194
875
891
887.592
891
898
891
914
910.373
914
937
932.839
883
883
884.59
886.315
883
875
880.072
898
883
887.56
914
898
897.753
902.89
900.203
961
875
884.575
886.828
906
875
882.949
886.703
888.586
886.102
887.112
883
922
930
789
789
797
789
797
797
803.251
821
823.2
844
867
852
867
871.357
828
805
797
789
781
758
763.143
750
734
738.28
719
711
719
703
695
703
703
703
719
711
742
719
730.234
742
750
750
727
765
761.382
750
750
750
750.457
742
743.977
743.432
742
734
727
729.317
742
735
733.607
758
750
748.272
747.363
766
758
750.754
752.739
755.662
766
755.882
753.727
757.963
758
753.335
758
766
781
766
773
766
765.194
762.008
758
765
762.579
750
750
751.417
752.403
781
797
779.196
776.387
777.353
805
828
797
805
781
789
789
787.183
774
773
789
788.147
774
773.664
776.38
820
813
828
867
883
883
875
898
894.361
883.119
875
870.992
866.129
836
828
828.314
826.931
867
867.518
891
906
899.962
883
914
867
883
878.863
873.143
922
922
911.526
909.088
914
899
898
922
914
908.569
945
933.738
961
1000
992
982.707
977.755
961
961
956.778
930
945
914
945
938
914
914
915.656
891
914
910.25
912.148
836
875
870.716
852
860.315
875
870.223
914
906
930
926.754
937
934.467
953
922
945
938
945
930
935.076
937
899
912.304
907
902.523
903.116
930
920.464
883
937
930
953
961
961
961
953
951.915
953
969
960.318
961
960.632
984
976.164
972.739
930
941.965
922
923.387
922.2
899
883
875
875
890
914
930
945
961
964.164
962.427
922
937
891
892.819
969
984
1000
969
945
969
961
953
961
992
1008
961
930
945
1000
1008
1062
1039
1047
1036.35
1031
977
971.994
972.443
930
931.182
1039
1033.36
961
984
969
957.301
922
883
885.371
887.464
891.6
895.139
1070
1055.96
1035.04
1039
1031
1000
969
922
916.832
915.808
916.189
992
1000
1039
1016
1003.32
993.365
1032
1039
1026.48
1039
992
977
953
977
976.726
1031
1008
998.61
1039
1045.7
1039
1016
1031
1031
1008
1000
969
992
953
958.08
985
953
959.158
966.126
930
945
949.875
930
935.386
942.1
939.028
938.693
969
967.111
961.661
1008
1002.21
992.755
1078
1057.3
1055
1031
1024.88
1023
1015.6
977
953
969
976
975.446
979.898
1016
1000
992
1000
977
984
961
969
984
961
922
961
966.623
992
985.48
1039
1039
1016
1031
1032.81
1023
1008
992
1016
1009.29
1008
1031
1039
1026.19
1021.13
1039
1016
1011.68
1017.13
1000
1023
1019.91
984
1008
1008
1000
1039
1031
1039
1008
1008
1012.04
1007.58
969
985.178
977
992
984
930
953
930
961
945
961
969
953
961.356
961
969
992
987.119
984
986.207
969
984
980.395
992
977
961
953
906
922
924.882
926.347
1015
1000
996.953
1023
1008
1003.99
1023
1000
1008
1000
992.826
1039
1008
1009.18
1016
1031
1039
1016
992
992
989.541
1031
1021.4
1039
1008
1010.42
1010.7
1009.09
969
984
1000
1008
1023
1024
1000
1015
1016.95
1000
1002.67
1015
1032
1026.43
1031
1024.45
1023
1018.38
953
966.273
992
1016
1031
1026.56
1039
1078
1067.95
1055
1047
1062
1055
1031
1039
1024
1031
1070
1016
1020.24
1024
1031
1047
1023
1016
1021.66
992
1008
1000
1039
1032.41
1023
1039
1008
1016
945
930
953
976
1000
1000
1024
1031
1039
1031
1016
1047
1078
1039
1055
1031
1039
1039
